{"type":"FeatureCollection","features":[{"type":"Feature","geometry":{"type":"Point","coordinates":[-63.027961,7.9075041]},"properties":{"osm_id":12861718241,"osm_type":"node","seamark_type":"crane","display_class":"OTHER","min_zoom":12,"importance":1,"name":null,"ref":null,"common":{"type":"crane"},"children":{},"osm_tags":{"man_made":"crane","seamark:type":"crane","source:position":"Bing; Esri"}}},{"type":"Feature","geometry":{"type":"Point","coordinates":[-63.0299485,7.8406533]},"properties":{"osm_id":12862603275,"osm_type":"node","seamark_type":"rock","display_class":"OTHER","min_zoom":12,"importance":1,"name":null,"ref":null,"common":{"type":"rock"},"children":{"rock":{"water_level":"awash"}},"osm_tags":{"seamark:rock:water_level":"awash","seamark:type":"rock","source":"Bing; Esri","source:position":"Bing; Esri","survey:date":"2025"}}},{"type":"Feature","geometry":{"type":"Point","coordinates":[-63.0259198,7.8453033]},"properties":{"osm_id":12862603276,"osm_type":"node","seamark_type":"rock","display_class":"OTHER","min_zoom":12,"importance":1,"name":null,"ref":null,"common":{"type":"rock"},"children":{"rock":{"water_level":"awash"}},"osm_tags":{"seamark:rock:water_level":"awash","seamark:type":"rock","source":"Bing; Esri","source:position":"Bing; Esri","survey:date":"2025"}}},{"type":"Feature","geometry":{"type":"Point","coordinates":[-63.0278993,7.843337]},"properties":{"osm_id":12862603277,"osm_type":"node","seamark_type":"rock","display_class":"OTHER","min_zoom":12,"importance":1,"name":null,"ref":null,"common":{"type":"rock"},"children":{"rock":{"water_level":"awash"}},"osm_tags":{"seamark:rock:water_level":"awash","seamark:type":"rock","source":"Bing; Esri","source:position":"Bing; Esri","survey:date":"2025"}}},{"type":"Feature","geometry":{"type":"Point","coordinates":[-63.0311501,7.8480348]},"properties":{"osm_id":12862603278,"osm_type":"node","seamark_type":"rock","display_class":"OTHER","min_zoom":12,"importance":1,"name":null,"ref":null,"common":{"type":"rock"},"children":{"rock":{"water_level":"awash"}},"osm_tags":{"seamark:rock:water_level":"awash","seamark:type":"rock","source":"Bing; Esri","source:position":"Bing; Esri","survey:date":"2025"}}},{"type":"Feature","geometry":{"type":"Point","coordinates":[-63.0334032,7.8444317]},"properties":{"osm_id":12862603279,"osm_type":"node","seamark_type":"rock","display_class":"OTHER","min_zoom":12,"importance":1,"name":null,"ref":null,"common":{"type":"rock"},"children":{"rock":{"water_level":"awash"}},"osm_tags":{"seamark:rock:water_level":"awash","seamark:type":"rock","source":"Bing; Esri","source:position":"Bing; Esri","survey:date":"2025"}}},{"type":"Feature","geometry":{"type":"Point","coordinates":[-63.03262,7.8457497]},"properties":{"osm_id":12862603280,"osm_type":"node","seamark_type":"rock","display_class":"OTHER","min_zoom":12,"importance":1,"name":null,"ref":null,"common":{"type":"rock"},"children":{"rock":{"water_level":"awash"}},"osm_tags":{"seamark:rock:water_level":"awash","seamark:type":"rock","source":"Bing; Esri","source:position":"Bing; Esri","survey:date":"2025"}}},{"type":"Feature","geometry":{"type":"Point","coordinates":[-63.0298627,7.8535615]},"properties":{"osm_id":12862603281,"osm_type":"node","seamark_type":"rock","display_class":"OTHER","min_zoom":12,"importance":1,"name":null,"ref":null,"common":{"type":"rock"},"children":{"rock":{"water_level":"awash"}},"osm_tags":{"seamark:rock:water_level":"awash","seamark:type":"rock","source":"Bing; Esri","source:position":"Bing; Esri","survey:date":"2025"}}},{"type":"Feature","geometry":{"type":"Point","coordinates":[-63.0294764,7.8552832]},"properties":{"osm_id":12862603282,"osm_type":"node","seamark_type":"rock","display_class":"OTHER","min_zoom":12,"importance":1,"name":null,"ref":null,"common":{"type":"rock"},"children":{"rock":{"water_level":"awash"}},"osm_tags":{"seamark:rock:water_level":"awash","seamark:type":"rock","source":"Bing; Esri","source:position":"Bing; Esri","survey:date":"2025"}}},{"type":"Feature","geometry":{"type":"Point","coordinates":[-63.0319011,7.8556552]},"properties":{"osm_id":12862603283,"osm_type":"node","seamark_type":"rock","display_class":"OTHER","min_zoom":12,"importance":1,"name":null,"ref":null,"common":{"type":"rock"},"children":{"rock":{"water_level":"awash"}},"osm_tags":{"seamark:rock:water_level":"awash","seamark:type":"rock","source":"Bing; Esri","source:position":"Bing; Esri","survey:date":"2025"}}},{"type":"Feature","geometry":{"type":"Point","coordinates":[-63.0137158,7.8526049]},"properties":{"osm_id":12862603284,"osm_type":"node","seamark_type":"rock","display_class":"OTHER","min_zoom":12,"importance":1,"name":null,"ref":null,"common":{"type":"rock"},"children":{"rock":{"water_level":"awash"}},"osm_tags":{"seamark:rock:water_level":"awash","seamark:type":"rock","source":"Bing; Esri","source:position":"Bing; Esri","survey:date":"2025"}}},{"type":"Feature","geometry":{"type":"Point","coordinates":[-63.0172455,7.8506812]},"properties":{"osm_id":12862603285,"osm_type":"node","seamark_type":"rock","display_class":"OTHER","min_zoom":12,"importance":1,"name":null,"ref":null,"common":{"type":"rock"},"children":{"rock":{"water_level":"awash"}},"osm_tags":{"seamark:rock:water_level":"awash","seamark:type":"rock","source":"Bing; Esri","source:position":"Bing; Esri","survey:date":"2025"}}},{"type":"Feature","geometry":{"type":"Point","coordinates":[-63.0077612,7.8454308]},"properties":{"osm_id":12862603286,"osm_type":"node","seamark_type":"rock","display_class":"OTHER","min_zoom":12,"importance":1,"name":null,"ref":null,"common":{"type":"rock"},"children":{"rock":{"water_level":"awash"}},"osm_tags":{"seamark:rock:water_level":"awash","seamark:type":"rock","source":"Bing; Esri","source:position":"Bing; Esri","survey:date":"2025"}}},{"type":"Feature","geometry":{"type":"Point","coordinates":[-63.004843,7.8357907]},"properties":{"osm_id":12862603287,"osm_type":"node","seamark_type":"rock","display_class":"OTHER","min_zoom":12,"importance":1,"name":null,"ref":null,"common":{"type":"rock"},"children":{"rock":{"water_level":"awash"}},"osm_tags":{"seamark:rock:water_level":"awash","seamark:type":"rock","source":"Bing; Esri","source:position":"Bing; Esri","survey:date":"2025"}}},{"type":"Feature","geometry":{"type":"Point","coordinates":[-63.0043763,7.8259804]},"properties":{"osm_id":12862603289,"osm_type":"node","seamark_type":"rock","display_class":"OTHER","min_zoom":12,"importance":1,"name":null,"ref":null,"common":{"type":"rock"},"children":{"rock":{"water_level":"awash"}},"osm_tags":{"seamark:rock:water_level":"awash","seamark:type":"rock","source":"Bing; Esri","source:position":"Bing; Esri","survey:date":"2025"}}},{"type":"Feature","geometry":{"type":"Point","coordinates":[-63.0008009,7.7932261]},"properties":{"osm_id":12862603297,"osm_type":"node","seamark_type":"rock","display_class":"OTHER","min_zoom":12,"importance":1,"name":null,"ref":null,"common":{"type":"rock"},"children":{"rock":{"water_level":"awash"}},"osm_tags":{"seamark:rock:water_level":"awash","seamark:type":"rock","source":"Bing; Esri","source:position":"Bing; Esri","survey:date":"2025"}}},{"type":"Feature","geometry":{"type":"Point","coordinates":[-63.0007312,7.7935902]},"properties":{"osm_id":12862603298,"osm_type":"node","seamark_type":"rock","display_class":"OTHER","min_zoom":12,"importance":1,"name":null,"ref":null,"common":{"type":"rock"},"children":{"rock":{"water_level":"awash"}},"osm_tags":{"seamark:rock:water_level":"awash","seamark:type":"rock","source":"Bing; Esri","source:position":"Bing; Esri","survey:date":"2025"}}},{"type":"Feature","geometry":{"type":"Point","coordinates":[-63.0065328,7.8199697]},"properties":{"osm_id":12862685106,"osm_type":"node","seamark_type":"rock","display_class":"OTHER","min_zoom":12,"importance":1,"name":null,"ref":null,"common":{"type":"rock"},"children":{"rock":{"water_level":"awash"}},"osm_tags":{"seamark:rock:water_level":"awash","seamark:type":"rock","source":"Bing; Esri","source:position":"Bing; Esri","survey:date":"2025"}}},{"type":"Feature","geometry":{"type":"Point","coordinates":[-63.0040491,7.817339]},"properties":{"osm_id":12862685107,"osm_type":"node","seamark_type":"rock","display_class":"OTHER","min_zoom":12,"importance":1,"name":null,"ref":null,"common":{"type":"rock"},"children":{"rock":{"water_level":"covers"}},"osm_tags":{"seamark:rock:water_level":"covers","seamark:type":"rock","source":"Bing; Esri","source:position":"Bing; Esri","survey:date":"2025"}}},{"type":"Feature","geometry":{"type":"Point","coordinates":[-63.0151427,7.8124442]},"properties":{"osm_id":12862685108,"osm_type":"node","seamark_type":"rock","display_class":"OTHER","min_zoom":12,"importance":1,"name":null,"ref":null,"common":{"type":"rock"},"children":{"rock":{"water_level":"awash"}},"osm_tags":{"seamark:rock:water_level":"awash","seamark:type":"rock","source":"Bing; Esri","source:position":"Bing; Esri","survey:date":"2025"}}},{"type":"Feature","geometry":{"type":"Point","coordinates":[-63.0151588,7.8147348]},"properties":{"osm_id":12862685109,"osm_type":"node","seamark_type":"rock","display_class":"OTHER","min_zoom":12,"importance":1,"name":null,"ref":null,"common":{"type":"rock"},"children":{"rock":{"water_level":"awash"}},"osm_tags":{"seamark:rock:water_level":"awash","seamark:type":"rock","source":"Bing; Esri","source:position":"Bing; Esri","survey:date":"2025"}}},{"type":"Feature","geometry":{"type":"Point","coordinates":[-63.0087322,7.824758]},"properties":{"osm_id":12862685110,"osm_type":"node","seamark_type":"rock","display_class":"OTHER","min_zoom":12,"importance":1,"name":null,"ref":null,"common":{"type":"rock"},"children":{"rock":{"water_level":"awash"}},"osm_tags":{"seamark:rock:water_level":"awash","seamark:type":"rock","source":"Bing; Esri","source:position":"Bing; Esri","survey:date":"2025"}}},{"type":"Feature","geometry":{"type":"Point","coordinates":[-63.0093008,7.8270379]},"properties":{"osm_id":12862685111,"osm_type":"node","seamark_type":"rock","display_class":"OTHER","min_zoom":12,"importance":1,"name":null,"ref":null,"common":{"type":"rock"},"children":{"rock":{"water_level":"awash"}},"osm_tags":{"seamark:rock:water_level":"awash","seamark:type":"rock","source":"Bing; Esri","source:position":"Bing; Esri","survey:date":"2025"}}},{"type":"Feature","geometry":{"type":"Point","coordinates":[-63.0133429,7.8325304]},"properties":{"osm_id":12862685112,"osm_type":"node","seamark_type":"rock","display_class":"OTHER","min_zoom":12,"importance":1,"name":null,"ref":null,"common":{"type":"rock"},"children":{"rock":{"water_level":"awash"}},"osm_tags":{"seamark:rock:water_level":"awash","seamark:type":"rock","source":"Bing; Esri","source:position":"Bing; Esri","survey:date":"2025"}}},{"type":"Feature","geometry":{"type":"Point","coordinates":[-63.0169129,7.8299343]},"properties":{"osm_id":12862685113,"osm_type":"node","seamark_type":"rock","display_class":"OTHER","min_zoom":12,"importance":1,"name":null,"ref":null,"common":{"type":"rock"},"children":{"rock":{"water_level":"awash"}},"osm_tags":{"seamark:rock:water_level":"awash","seamark:type":"rock","source":"Bing; Esri","source:position":"Bing; Esri","survey:date":"2025"}}},{"type":"Feature","geometry":{"type":"Point","coordinates":[-63.0164516,7.8299396]},"properties":{"osm_id":12862685114,"osm_type":"node","seamark_type":"rock","display_class":"OTHER","min_zoom":12,"importance":1,"name":null,"ref":null,"common":{"type":"rock"},"children":{"rock":{"water_level":"awash"}},"osm_tags":{"seamark:rock:water_level":"awash","seamark:type":"rock","source":"Bing; Esri","source:position":"Bing; Esri","survey:date":"2025"}}},{"type":"Feature","geometry":{"type":"Point","coordinates":[-63.0287522,7.8356791]},"properties":{"osm_id":12862685115,"osm_type":"node","seamark_type":"rock","display_class":"OTHER","min_zoom":12,"importance":1,"name":null,"ref":null,"common":{"type":"rock"},"children":{"rock":{"water_level":"awash"}},"osm_tags":{"seamark:rock:water_level":"awash","seamark:type":"rock","source":"Bing; Esri","source:position":"Bing; Esri","survey:date":"2025"}}},{"type":"Feature","geometry":{"type":"Point","coordinates":[-63.0385208,7.8307315]},"properties":{"osm_id":12862685116,"osm_type":"node","seamark_type":"rock","display_class":"OTHER","min_zoom":12,"importance":1,"name":null,"ref":null,"common":{"type":"rock"},"children":{"rock":{"water_level":"awash"}},"osm_tags":{"seamark:rock:water_level":"awash","seamark:type":"rock","source":"Bing; Esri","source:position":"Bing; Esri","survey:date":"2025"}}},{"type":"Feature","geometry":{"type":"Point","coordinates":[-63.0440837,7.8292434]},"properties":{"osm_id":12862685117,"osm_type":"node","seamark_type":"rock","display_class":"OTHER","min_zoom":12,"importance":1,"name":null,"ref":null,"common":{"type":"rock"},"children":{"rock":{"water_level":"awash"}},"osm_tags":{"seamark:rock:water_level":"awash","seamark:type":"rock","source":"Bing; Esri","source:position":"Bing; Esri","survey:date":"2025"}}},{"type":"Feature","geometry":{"type":"Point","coordinates":[-63.0423993,7.8299821]},"properties":{"osm_id":12862685118,"osm_type":"node","seamark_type":"rock","display_class":"OTHER","min_zoom":12,"importance":1,"name":null,"ref":null,"common":{"type":"rock"},"children":{"rock":{"water_level":"awash"}},"osm_tags":{"seamark:rock:water_level":"awash","seamark:type":"rock","source":"Bing; Esri","source:position":"Bing; Esri","survey:date":"2025"}}},{"type":"Feature","geometry":{"type":"Point","coordinates":[-63.0438316,7.8308909]},"properties":{"osm_id":12862685119,"osm_type":"node","seamark_type":"rock","display_class":"OTHER","min_zoom":12,"importance":1,"name":null,"ref":null,"common":{"type":"rock"},"children":{"rock":{"water_level":"awash"}},"osm_tags":{"seamark:rock:water_level":"awash","seamark:type":"rock","source":"Bing; Esri","source:position":"Bing; Esri","survey:date":"2025"}}},{"type":"Feature","geometry":{"type":"Point","coordinates":[-63.0560088,7.8380493]},"properties":{"osm_id":12862685120,"osm_type":"node","seamark_type":"rock","display_class":"OTHER","min_zoom":12,"importance":1,"name":null,"ref":null,"common":{"type":"rock"},"children":{"rock":{"water_level":"covers"}},"osm_tags":{"seamark:rock:water_level":"covers","seamark:type":"rock","source":"Bing; Esri","source:position":"Bing; Esri","survey:date":"2025"}}},{"type":"Feature","geometry":{"type":"Point","coordinates":[-63.0561912,7.8386923]},"properties":{"osm_id":12862685121,"osm_type":"node","seamark_type":"rock","display_class":"OTHER","min_zoom":12,"importance":1,"name":null,"ref":null,"common":{"type":"rock"},"children":{"rock":{"water_level":"covers"}},"osm_tags":{"seamark:rock:water_level":"covers","seamark:type":"rock","source":"Bing; Esri","source:position":"Bing; Esri","survey:date":"2025"}}},{"type":"Feature","geometry":{"type":"Point","coordinates":[-63.056851,7.8429491]},"properties":{"osm_id":12862685122,"osm_type":"node","seamark_type":"rock","display_class":"OTHER","min_zoom":12,"importance":1,"name":null,"ref":null,"common":{"type":"rock"},"children":{"rock":{"water_level":"awash"}},"osm_tags":{"seamark:rock:water_level":"awash","seamark:type":"rock","source":"Bing; Esri","source:position":"Bing; Esri","survey:date":"2025"}}},{"type":"Feature","geometry":{"type":"Point","coordinates":[-63.0560464,7.8408659]},"properties":{"osm_id":12862685123,"osm_type":"node","seamark_type":"rock","display_class":"OTHER","min_zoom":12,"importance":1,"name":null,"ref":null,"common":{"type":"rock"},"children":{"rock":{"water_level":"covers"}},"osm_tags":{"seamark:rock:water_level":"covers","seamark:type":"rock","source":"Bing; Esri","source:position":"Bing; Esri","survey:date":"2025"}}},{"type":"Feature","geometry":{"type":"Point","coordinates":[-63.0440301,7.8441341]},"properties":{"osm_id":12862685124,"osm_type":"node","seamark_type":"rock","display_class":"OTHER","min_zoom":12,"importance":1,"name":null,"ref":null,"common":{"type":"rock"},"children":{"rock":{"water_level":"covers"}},"osm_tags":{"seamark:rock:water_level":"covers","seamark:type":"rock","source":"Bing; Esri","source:position":"Bing; Esri","survey:date":"2025"}}},{"type":"Feature","geometry":{"type":"Point","coordinates":[-63.0449688,7.8435815]},"properties":{"osm_id":12862685125,"osm_type":"node","seamark_type":"rock","display_class":"OTHER","min_zoom":12,"importance":1,"name":null,"ref":null,"common":{"type":"rock"},"children":{"rock":{"water_level":"covers"}},"osm_tags":{"seamark:rock:water_level":"covers","seamark:type":"rock","source":"Bing; Esri","source:position":"Bing; Esri","survey:date":"2025"}}},{"type":"Feature","geometry":{"type":"Point","coordinates":[-63.0460364,7.847142]},"properties":{"osm_id":12862685126,"osm_type":"node","seamark_type":"rock","display_class":"OTHER","min_zoom":12,"importance":1,"name":null,"ref":null,"common":{"type":"rock"},"children":{"rock":{"water_level":"covers"}},"osm_tags":{"seamark:rock:water_level":"covers","seamark:type":"rock","source":"Bing; Esri","source:position":"Bing; Esri","survey:date":"2025"}}},{"type":"Feature","geometry":{"type":"Point","coordinates":[-63.0455428,7.8470995]},"properties":{"osm_id":12862685127,"osm_type":"node","seamark_type":"rock","display_class":"OTHER","min_zoom":12,"importance":1,"name":null,"ref":null,"common":{"type":"rock"},"children":{"rock":{"water_level":"covers"}},"osm_tags":{"seamark:rock:water_level":"covers","seamark:type":"rock","source":"Bing; Esri","source:position":"Bing; Esri","survey:date":"2025"}}},{"type":"Feature","geometry":{"type":"Point","coordinates":[-63.0472595,7.8480294]},"properties":{"osm_id":12862685128,"osm_type":"node","seamark_type":"rock","display_class":"OTHER","min_zoom":12,"importance":1,"name":null,"ref":null,"common":{"type":"rock"},"children":{"rock":{"water_level":"awash"}},"osm_tags":{"seamark:rock:water_level":"awash","seamark:type":"rock","source":"Bing; Esri","source:position":"Bing; Esri","survey:date":"2025"}}},{"type":"Feature","geometry":{"type":"Point","coordinates":[-63.0474418,7.8482845]},"properties":{"osm_id":12862685129,"osm_type":"node","seamark_type":"rock","display_class":"OTHER","min_zoom":12,"importance":1,"name":null,"ref":null,"common":{"type":"rock"},"children":{"rock":{"water_level":"awash"}},"osm_tags":{"seamark:rock:water_level":"awash","seamark:type":"rock","source":"Bing; Esri","source:position":"Bing; Esri","survey:date":"2025"}}},{"type":"Feature","geometry":{"type":"Point","coordinates":[-63.046546,7.8507237]},"properties":{"osm_id":12862685130,"osm_type":"node","seamark_type":"rock","display_class":"OTHER","min_zoom":12,"importance":1,"name":null,"ref":null,"common":{"type":"rock"},"children":{"rock":{"water_level":"covers"}},"osm_tags":{"seamark:rock:water_level":"covers","seamark:type":"rock","source":"Bing; Esri","source:position":"Bing; Esri","survey:date":"2025"}}},{"type":"Feature","geometry":{"type":"Point","coordinates":[-63.0490565,7.8499904]},"properties":{"osm_id":12862685131,"osm_type":"node","seamark_type":"rock","display_class":"OTHER","min_zoom":12,"importance":1,"name":null,"ref":null,"common":{"type":"rock"},"children":{"rock":{"water_level":"awash"}},"osm_tags":{"seamark:rock:water_level":"awash","seamark:type":"rock","source":"Bing; Esri","source:position":"Bing; Esri","survey:date":"2025"}}},{"type":"Feature","geometry":{"type":"Point","coordinates":[-63.0461061,7.8527803]},"properties":{"osm_id":12862685132,"osm_type":"node","seamark_type":"rock","display_class":"OTHER","min_zoom":12,"importance":1,"name":null,"ref":null,"common":{"type":"rock"},"children":{"rock":{"water_level":"awash"}},"osm_tags":{"seamark:rock:water_level":"awash","seamark:type":"rock","source":"Bing; Esri","source:position":"Bing; Esri","survey:date":"2025"}}},{"type":"Feature","geometry":{"type":"Point","coordinates":[-63.0454302,7.8517334]},"properties":{"osm_id":12862685133,"osm_type":"node","seamark_type":"rock","display_class":"OTHER","min_zoom":12,"importance":1,"name":null,"ref":null,"common":{"type":"rock"},"children":{"rock":{"water_level":"awash"}},"osm_tags":{"seamark:rock:water_level":"awash","seamark:type":"rock","source":"Bing; Esri","source:position":"Bing; Esri","survey:date":"2025"}}},{"type":"Feature","geometry":{"type":"Point","coordinates":[-63.0490565,7.8521692]},"properties":{"osm_id":12862685134,"osm_type":"node","seamark_type":"rock","display_class":"OTHER","min_zoom":12,"importance":1,"name":null,"ref":null,"common":{"type":"rock"},"children":{"rock":{"water_level":"covers"}},"osm_tags":{"seamark:rock:water_level":"covers","seamark:type":"rock","source":"Bing; Esri","source:position":"Bing; Esri","survey:date":"2025"}}},{"type":"Feature","geometry":{"type":"Point","coordinates":[-63.0505076,7.8526607]},"properties":{"osm_id":12862685135,"osm_type":"node","seamark_type":"rock","display_class":"OTHER","min_zoom":12,"importance":1,"name":null,"ref":null,"common":{"type":"rock"},"children":{"rock":{"water_level":"awash"}},"osm_tags":{"seamark:rock:water_level":"awash","seamark:type":"rock","source":"Bing; Esri","source:position":"Bing; Esri","survey:date":"2025"}}},{"type":"Feature","geometry":{"type":"Point","coordinates":[-63.0493167,7.8530858]},"properties":{"osm_id":12862685136,"osm_type":"node","seamark_type":"rock","display_class":"OTHER","min_zoom":12,"importance":1,"name":null,"ref":null,"common":{"type":"rock"},"children":{"rock":{"water_level":"covers"}},"osm_tags":{"seamark:rock:water_level":"covers","seamark:type":"rock","source":"Bing; Esri","source:position":"Bing; Esri","survey:date":"2025"}}},{"type":"Feature","geometry":{"type":"Point","coordinates":[-63.0492067,7.8532825]},"properties":{"osm_id":12862685137,"osm_type":"node","seamark_type":"rock","display_class":"OTHER","min_zoom":12,"importance":1,"name":null,"ref":null,"common":{"type":"rock"},"children":{"rock":{"water_level":"awash"}},"osm_tags":{"seamark:rock:water_level":"awash","seamark:type":"rock","source":"Bing; Esri","source:position":"Bing; Esri","survey:date":"2025"}}},{"type":"Feature","geometry":{"type":"Point","coordinates":[-63.0493543,7.8533595]},"properties":{"osm_id":12862685138,"osm_type":"node","seamark_type":"rock","display_class":"OTHER","min_zoom":12,"importance":1,"name":null,"ref":null,"common":{"type":"rock"},"children":{"rock":{"water_level":"awash"}},"osm_tags":{"seamark:rock:water_level":"awash","seamark:type":"rock","source":"Bing; Esri","source:position":"Bing; Esri","survey:date":"2025"}}},{"type":"Feature","geometry":{"type":"Point","coordinates":[-63.0488312,7.8529158]},"properties":{"osm_id":12862685139,"osm_type":"node","seamark_type":"rock","display_class":"OTHER","min_zoom":12,"importance":1,"name":null,"ref":null,"common":{"type":"rock"},"children":{"rock":{"water_level":"awash"}},"osm_tags":{"seamark:rock:water_level":"awash","seamark:type":"rock","source":"Bing; Esri","source:position":"Bing; Esri","survey:date":"2025"}}},{"type":"Feature","geometry":{"type":"Point","coordinates":[-63.0491075,7.8529503]},"properties":{"osm_id":12862685140,"osm_type":"node","seamark_type":"rock","display_class":"OTHER","min_zoom":12,"importance":1,"name":null,"ref":null,"common":{"type":"rock"},"children":{"rock":{"water_level":"awash"}},"osm_tags":{"seamark:rock:water_level":"awash","seamark:type":"rock","source":"Bing; Esri","source:position":"Bing; Esri","survey:date":"2025"}}},{"type":"Feature","geometry":{"type":"Point","coordinates":[-63.04896,7.8520204]},"properties":{"osm_id":12862685141,"osm_type":"node","seamark_type":"rock","display_class":"OTHER","min_zoom":12,"importance":1,"name":null,"ref":null,"common":{"type":"rock"},"children":{"rock":{"water_level":"awash"}},"osm_tags":{"seamark:rock:water_level":"awash","seamark:type":"rock","source":"Bing; Esri","source:position":"Bing; Esri","survey:date":"2025"}}},{"type":"Feature","geometry":{"type":"Point","coordinates":[-63.0531871,7.8537793]},"properties":{"osm_id":12862685142,"osm_type":"node","seamark_type":"rock","display_class":"OTHER","min_zoom":12,"importance":1,"name":null,"ref":null,"common":{"type":"rock"},"children":{"rock":{"water_level":"covers"}},"osm_tags":{"seamark:rock:water_level":"covers","seamark:type":"rock","source":"Bing; Esri","source:position":"Bing; Esri","survey:date":"2025"}}},{"type":"Feature","geometry":{"type":"Point","coordinates":[-63.052994,7.85379]},"properties":{"osm_id":12862685143,"osm_type":"node","seamark_type":"rock","display_class":"OTHER","min_zoom":12,"importance":1,"name":null,"ref":null,"common":{"type":"rock"},"children":{"rock":{"water_level":"covers"}},"osm_tags":{"seamark:rock:water_level":"covers","seamark:type":"rock","source":"Bing; Esri","source:position":"Bing; Esri","survey:date":"2025"}}},{"type":"Feature","geometry":{"type":"Point","coordinates":[-63.0666465,7.8516378]},"properties":{"osm_id":12862685144,"osm_type":"node","seamark_type":"rock","display_class":"OTHER","min_zoom":12,"importance":1,"name":null,"ref":null,"common":{"type":"rock"},"children":{"rock":{"water_level":"covers"}},"osm_tags":{"seamark:rock:water_level":"covers","seamark:type":"rock","source":"Bing; Esri","source:position":"Bing; Esri","survey:date":"2025"}}},{"type":"Feature","geometry":{"type":"Point","coordinates":[-63.0676067,7.851752]},"properties":{"osm_id":12862685145,"osm_type":"node","seamark_type":"rock","display_class":"OTHER","min_zoom":12,"importance":1,"name":null,"ref":null,"common":{"type":"rock"},"children":{"rock":{"water_level":"covers"}},"osm_tags":{"seamark:rock:water_level":"covers","seamark:type":"rock","source":"Bing; Esri","source:position":"Bing; Esri","survey:date":"2025"}}},{"type":"Feature","geometry":{"type":"Point","coordinates":[-63.0698973,7.8510984]},"properties":{"osm_id":12862685146,"osm_type":"node","seamark_type":"rock","display_class":"OTHER","min_zoom":12,"importance":1,"name":null,"ref":null,"common":{"type":"rock"},"children":{"rock":{"water_level":"covers"}},"osm_tags":{"seamark:rock:water_level":"covers","seamark:type":"rock","source":"Bing; Esri","source:position":"Bing; Esri","survey:date":"2025"}}},{"type":"Feature","geometry":{"type":"Point","coordinates":[-63.0703265,7.8560538]},"properties":{"osm_id":12862685147,"osm_type":"node","seamark_type":"rock","display_class":"OTHER","min_zoom":12,"importance":1,"name":null,"ref":null,"common":{"type":"rock"},"children":{"rock":{"water_level":"covers"}},"osm_tags":{"seamark:rock:water_level":"covers","seamark:type":"rock","source":"Bing; Esri","source:position":"Bing; Esri","survey:date":"2025"}}},{"type":"Feature","geometry":{"type":"Point","coordinates":[-63.0647153,7.8643224]},"properties":{"osm_id":12862685148,"osm_type":"node","seamark_type":"rock","display_class":"OTHER","min_zoom":12,"importance":1,"name":null,"ref":null,"common":{"type":"rock"},"children":{"rock":{"water_level":"submerged"}},"osm_tags":{"seamark:rock:water_level":"submerged","seamark:type":"rock","source":"Bing; Esri","source:position":"Bing; Esri","survey:date":"2025"}}},{"type":"Feature","geometry":{"type":"Point","coordinates":[-63.070187,7.8657997]},"properties":{"osm_id":12862685149,"osm_type":"node","seamark_type":"rock","display_class":"OTHER","min_zoom":12,"importance":1,"name":null,"ref":null,"common":{"type":"rock"},"children":{"rock":{"water_level":"covers"}},"osm_tags":{"seamark:rock:water_level":"covers","seamark:type":"rock","source":"Bing; Esri","source:position":"Bing; Esri","survey:date":"2025"}}},{"type":"Feature","geometry":{"type":"Point","coordinates":[-63.0645973,7.8671069]},"properties":{"osm_id":12862685150,"osm_type":"node","seamark_type":"rock","display_class":"OTHER","min_zoom":12,"importance":1,"name":null,"ref":null,"common":{"type":"rock"},"children":{"rock":{"water_level":"submerged"}},"osm_tags":{"seamark:rock:water_level":"submerged","seamark:type":"rock","source":"Bing; Esri","source:position":"Bing; Esri","survey:date":"2025"}}},{"type":"Feature","geometry":{"type":"Point","coordinates":[-63.0649406,7.8705609]},"properties":{"osm_id":12862685151,"osm_type":"node","seamark_type":"rock","display_class":"OTHER","min_zoom":12,"importance":1,"name":null,"ref":null,"common":{"type":"rock"},"children":{"rock":{"water_level":"awash"}},"osm_tags":{"seamark:rock:water_level":"awash","seamark:type":"rock","source":"Bing; Esri","source:position":"Bing; Esri","survey:date":"2025"}}},{"type":"Feature","geometry":{"type":"Point","coordinates":[-63.0678481,7.8696151]},"properties":{"osm_id":12862685152,"osm_type":"node","seamark_type":"rock","display_class":"OTHER","min_zoom":12,"importance":1,"name":null,"ref":null,"common":{"type":"rock"},"children":{"rock":{"water_level":"awash"}},"osm_tags":{"seamark:rock:water_level":"awash","seamark:type":"rock","source":"Bing; Esri","source:position":"Bing; Esri","survey:date":"2025"}}},{"type":"Feature","geometry":{"type":"Point","coordinates":[-63.0709085,7.8825356]},"properties":{"osm_id":12862685153,"osm_type":"node","seamark_type":"rock","display_class":"OTHER","min_zoom":12,"importance":1,"name":null,"ref":null,"common":{"type":"rock"},"children":{"rock":{"water_level":"covers"}},"osm_tags":{"seamark:rock:water_level":"covers","seamark:type":"rock","source":"Bing; Esri","source:position":"Bing; Esri","survey:date":"2025"}}},{"type":"Feature","geometry":{"type":"Point","coordinates":[-63.070659,7.8826977]},"properties":{"osm_id":12862685154,"osm_type":"node","seamark_type":"rock","display_class":"OTHER","min_zoom":12,"importance":1,"name":null,"ref":null,"common":{"type":"rock"},"children":{"rock":{"water_level":"awash"}},"osm_tags":{"seamark:rock:water_level":"awash","seamark:type":"rock","source":"Bing; Esri","source:position":"Bing; Esri","survey:date":"2025"}}},{"type":"Feature","geometry":{"type":"Point","coordinates":[-63.0704364,7.8826817]},"properties":{"osm_id":12862685155,"osm_type":"node","seamark_type":"rock","display_class":"OTHER","min_zoom":12,"importance":1,"name":null,"ref":null,"common":{"type":"rock"},"children":{"rock":{"water_level":"awash"}},"osm_tags":{"seamark:rock:water_level":"awash","seamark:type":"rock","source":"Bing; Esri","source:position":"Bing; Esri","survey:date":"2025"}}},{"type":"Feature","geometry":{"type":"Point","coordinates":[-63.0702701,7.882703]},"properties":{"osm_id":12862685156,"osm_type":"node","seamark_type":"rock","display_class":"OTHER","min_zoom":12,"importance":1,"name":null,"ref":null,"common":{"type":"rock"},"children":{"rock":{"water_level":"awash"}},"osm_tags":{"seamark:rock:water_level":"awash","seamark:type":"rock","source":"Bing; Esri","source:position":"Bing; Esri","survey:date":"2025"}}},{"type":"Feature","geometry":{"type":"Point","coordinates":[-63.068803,7.8829155]},"properties":{"osm_id":12862685157,"osm_type":"node","seamark_type":"rock","display_class":"OTHER","min_zoom":12,"importance":1,"name":null,"ref":null,"common":{"type":"rock"},"children":{"rock":{"water_level":"awash"}},"osm_tags":{"seamark:rock:water_level":"awash","seamark:type":"rock","source":"Bing; Esri","source:position":"Bing; Esri","survey:date":"2025"}}},{"type":"Feature","geometry":{"type":"Point","coordinates":[-63.0723891,7.8858514]},"properties":{"osm_id":12862685158,"osm_type":"node","seamark_type":"rock","display_class":"OTHER","min_zoom":12,"importance":1,"name":null,"ref":null,"common":{"type":"rock"},"children":{"rock":{"water_level":"covers"}},"osm_tags":{"seamark:rock:water_level":"covers","seamark:type":"rock","source":"Bing; Esri","source:position":"Bing; Esri","survey:date":"2025"}}},{"type":"Feature","geometry":{"type":"Point","coordinates":[-63.0719116,7.8905725]},"properties":{"osm_id":12862685159,"osm_type":"node","seamark_type":"rock","display_class":"OTHER","min_zoom":12,"importance":1,"name":null,"ref":null,"common":{"type":"rock"},"children":{"rock":{"water_level":"covers"}},"osm_tags":{"seamark:rock:water_level":"covers","seamark:type":"rock","source":"Bing; Esri","source:position":"Bing; Esri","survey:date":"2025"}}},{"type":"Feature","geometry":{"type":"Point","coordinates":[-63.063975,7.8946534]},"properties":{"osm_id":12862685160,"osm_type":"node","seamark_type":"rock","display_class":"OTHER","min_zoom":12,"importance":1,"name":null,"ref":null,"common":{"type":"rock"},"children":{"rock":{"water_level":"covers"}},"osm_tags":{"seamark:rock:water_level":"covers","seamark:type":"rock","source":"Bing; Esri","source:position":"Bing; Esri","survey:date":"2025"}}},{"type":"Feature","geometry":{"type":"Point","coordinates":[-63.0660564,7.8975971]},"properties":{"osm_id":12862685161,"osm_type":"node","seamark_type":"rock","display_class":"OTHER","min_zoom":12,"importance":1,"name":null,"ref":null,"common":{"type":"rock"},"children":{"rock":{"water_level":"covers"}},"osm_tags":{"seamark:rock:water_level":"covers","seamark:type":"rock","source":"Bing; Esri","source:position":"Bing; Esri","survey:date":"2025"}}},{"type":"Feature","geometry":{"type":"Point","coordinates":[-63.0639294,7.8979]},"properties":{"osm_id":12862685162,"osm_type":"node","seamark_type":"rock","display_class":"OTHER","min_zoom":12,"importance":1,"name":null,"ref":null,"common":{"type":"rock"},"children":{"rock":{"water_level":"covers"}},"osm_tags":{"seamark:rock:water_level":"covers","seamark:type":"rock","source":"Bing; Esri","source:position":"Bing; Esri","survey:date":"2025"}}},{"type":"Feature","geometry":{"type":"Point","coordinates":[-63.0596834,7.9004664]},"properties":{"osm_id":12862685163,"osm_type":"node","seamark_type":"rock","display_class":"OTHER","min_zoom":12,"importance":1,"name":null,"ref":null,"common":{"type":"rock"},"children":{"rock":{"water_level":"covers"}},"osm_tags":{"seamark:rock:water_level":"covers","seamark:type":"rock","source":"Bing; Esri","source:position":"Bing; Esri","survey:date":"2025"}}},{"type":"Feature","geometry":{"type":"Point","coordinates":[-63.0598229,7.8994728]},"properties":{"osm_id":12862685164,"osm_type":"node","seamark_type":"rock","display_class":"OTHER","min_zoom":12,"importance":1,"name":null,"ref":null,"common":{"type":"rock"},"children":{"rock":{"water_level":"covers"}},"osm_tags":{"seamark:rock:water_level":"covers","seamark:type":"rock","source":"Bing; Esri","source:position":"Bing; Esri","survey:date":"2025"}}},{"type":"Feature","geometry":{"type":"Point","coordinates":[-63.0601341,7.8994037]},"properties":{"osm_id":12862685165,"osm_type":"node","seamark_type":"rock","display_class":"OTHER","min_zoom":12,"importance":1,"name":null,"ref":null,"common":{"type":"rock"},"children":{"rock":{"water_level":"covers"}},"osm_tags":{"seamark:rock:water_level":"covers","seamark:type":"rock","source":"Bing; Esri","source:position":"Bing; Esri","survey:date":"2025"}}},{"type":"Feature","geometry":{"type":"Point","coordinates":[-63.0385959,7.9004823]},"properties":{"osm_id":12862685166,"osm_type":"node","seamark_type":"rock","display_class":"OTHER","min_zoom":12,"importance":1,"name":null,"ref":null,"common":{"type":"rock"},"children":{"rock":{"water_level":"awash"}},"osm_tags":{"seamark:rock:water_level":"awash","seamark:type":"rock","source":"Bing; Esri","source:position":"Bing; Esri","survey:date":"2025"}}},{"type":"Feature","geometry":{"type":"Point","coordinates":[-63.0368498,7.8995046]},"properties":{"osm_id":12862685167,"osm_type":"node","seamark_type":"rock","display_class":"OTHER","min_zoom":12,"importance":1,"name":null,"ref":null,"common":{"type":"rock"},"children":{"rock":{"water_level":"covers"}},"osm_tags":{"seamark:rock:water_level":"covers","seamark:type":"rock","source":"Bing; Esri","source:position":"Bing; Esri","survey:date":"2025"}}},{"type":"Feature","geometry":{"type":"Point","coordinates":[-63.0371046,7.8993638]},"properties":{"osm_id":12862685168,"osm_type":"node","seamark_type":"rock","display_class":"OTHER","min_zoom":12,"importance":1,"name":null,"ref":null,"common":{"type":"rock"},"children":{"rock":{"water_level":"awash"}},"osm_tags":{"seamark:rock:water_level":"awash","seamark:type":"rock","source":"Bing; Esri","source:position":"Bing; Esri","survey:date":"2025"}}},{"type":"Feature","geometry":{"type":"Point","coordinates":[-63.0286449,7.9045365]},"properties":{"osm_id":12862685169,"osm_type":"node","seamark_type":"rock","display_class":"OTHER","min_zoom":12,"importance":1,"name":null,"ref":null,"common":{"type":"rock"},"children":{"rock":{"water_level":"covers"}},"osm_tags":{"seamark:rock:water_level":"covers","seamark:type":"rock","source":"Bing; Esri","source:position":"Bing; Esri","survey:date":"2025"}}},{"type":"Feature","geometry":{"type":"Point","coordinates":[-63.0114158,7.8865169]},"properties":{"osm_id":12862693816,"osm_type":"node","seamark_type":"rock","display_class":"OTHER","min_zoom":12,"importance":1,"name":null,"ref":null,"common":{"type":"rock"},"children":{"rock":{"water_level":"awash"}},"osm_tags":{"seamark:rock:water_level":"awash","seamark:type":"rock","source":"Bing; Esri","source:position":"Bing; Esri","survey:date":"2025"}}},{"type":"Feature","geometry":{"type":"Point","coordinates":[-63.0116571,7.8868636]},"properties":{"osm_id":12862693817,"osm_type":"node","seamark_type":"rock","display_class":"OTHER","min_zoom":12,"importance":1,"name":null,"ref":null,"common":{"type":"rock"},"children":{"rock":{"water_level":"awash"}},"osm_tags":{"seamark:rock:water_level":"awash","seamark:type":"rock","source":"Bing; Esri","source:position":"Bing; Esri","survey:date":"2025"}}},{"type":"Feature","geometry":{"type":"Point","coordinates":[-63.0117081,7.8866271]},"properties":{"osm_id":12862693818,"osm_type":"node","seamark_type":"rock","display_class":"OTHER","min_zoom":12,"importance":1,"name":null,"ref":null,"common":{"type":"rock"},"children":{"rock":{"water_level":"awash"}},"osm_tags":{"seamark:rock:water_level":"awash","seamark:type":"rock","source":"Bing; Esri","source:position":"Bing; Esri","survey:date":"2025"}}},{"type":"Feature","geometry":{"type":"Point","coordinates":[-63.0118436,7.8866896]},"properties":{"osm_id":12862693819,"osm_type":"node","seamark_type":"rock","display_class":"OTHER","min_zoom":12,"importance":1,"name":null,"ref":null,"common":{"type":"rock"},"children":{"rock":{"water_level":"awash"}},"osm_tags":{"seamark:rock:water_level":"awash","seamark:type":"rock","source":"Bing; Esri","source:position":"Bing; Esri","survey:date":"2025"}}},{"type":"Feature","geometry":{"type":"Point","coordinates":[-63.0120742,7.8866112]},"properties":{"osm_id":12862693820,"osm_type":"node","seamark_type":"rock","display_class":"OTHER","min_zoom":12,"importance":1,"name":null,"ref":null,"common":{"type":"rock"},"children":{"rock":{"water_level":"awash"}},"osm_tags":{"seamark:rock:water_level":"awash","seamark:type":"rock","source":"Bing; Esri","source:position":"Bing; Esri","survey:date":"2025"}}},{"type":"Feature","geometry":{"type":"Point","coordinates":[-63.0112052,7.8864438]},"properties":{"osm_id":12862693821,"osm_type":"node","seamark_type":"rock","display_class":"OTHER","min_zoom":12,"importance":1,"name":null,"ref":null,"common":{"type":"rock"},"children":{"rock":{"water_level":"submerged"}},"osm_tags":{"seamark:rock:water_level":"submerged","seamark:type":"rock","source":"Bing; Esri","source:position":"Bing; Esri","survey:date":"2025"}}},{"type":"Feature","geometry":{"type":"Point","coordinates":[-63.0099928,7.8848285]},"properties":{"osm_id":12862693822,"osm_type":"node","seamark_type":"rock","display_class":"OTHER","min_zoom":12,"importance":1,"name":null,"ref":null,"common":{"type":"rock"},"children":{"rock":{"water_level":"submerged"}},"osm_tags":{"seamark:rock:water_level":"submerged","seamark:type":"rock","source":"Bing; Esri","source:position":"Bing; Esri","survey:date":"2025"}}},{"type":"Feature","geometry":{"type":"Point","coordinates":[-63.0097139,7.8857956]},"properties":{"osm_id":12862693823,"osm_type":"node","seamark_type":"rock","display_class":"OTHER","min_zoom":12,"importance":1,"name":null,"ref":null,"common":{"type":"rock"},"children":{"rock":{"water_level":"submerged"}},"osm_tags":{"seamark:rock:water_level":"submerged","seamark:type":"rock","source":"Bing; Esri","source:position":"Bing; Esri","survey:date":"2025"}}},{"type":"Feature","geometry":{"type":"Point","coordinates":[-63.0120635,7.885684]},"properties":{"osm_id":12862693824,"osm_type":"node","seamark_type":"rock","display_class":"OTHER","min_zoom":12,"importance":1,"name":null,"ref":null,"common":{"type":"rock"},"children":{"rock":{"water_level":"submerged"}},"osm_tags":{"seamark:rock:water_level":"submerged","seamark:type":"rock","source":"Bing; Esri","source:position":"Bing; Esri","survey:date":"2025"}}},{"type":"Feature","geometry":{"type":"Point","coordinates":[-63.0141825,7.8859922]},"properties":{"osm_id":12862693825,"osm_type":"node","seamark_type":"rock","display_class":"OTHER","min_zoom":12,"importance":1,"name":null,"ref":null,"common":{"type":"rock"},"children":{"rock":{"water_level":"submerged"}},"osm_tags":{"seamark:rock:water_level":"submerged","seamark:type":"rock","source":"Bing; Esri","source:position":"Bing; Esri","survey:date":"2025"}}},{"type":"Feature","geometry":{"type":"Point","coordinates":[-63.0015278,7.8850729]},"properties":{"osm_id":12862693826,"osm_type":"node","seamark_type":"rock","display_class":"OTHER","min_zoom":12,"importance":1,"name":null,"ref":null,"common":{"type":"rock"},"children":{"rock":{"water_level":"covers"}},"osm_tags":{"seamark:rock:water_level":"covers","seamark:type":"rock","source":"Bing; Esri","source:position":"Bing; Esri","survey:date":"2025"}}},{"type":"Feature","geometry":{"type":"Point","coordinates":[-63.0113447,7.8641736]},"properties":{"osm_id":12862693827,"osm_type":"node","seamark_type":"rock","display_class":"OTHER","min_zoom":12,"importance":1,"name":null,"ref":null,"common":{"type":"rock"},"children":{"rock":{"water_level":"submerged"}},"osm_tags":{"seamark:rock:water_level":"submerged","seamark:type":"rock","source":"Bing; Esri","source:position":"Bing; Esri","survey:date":"2025"}}},{"type":"Feature","geometry":{"type":"Point","coordinates":[-63.0164087,7.8688339]},"properties":{"osm_id":12862693828,"osm_type":"node","seamark_type":"rock","display_class":"OTHER","min_zoom":12,"importance":1,"name":null,"ref":null,"common":{"type":"rock"},"children":{"rock":{"water_level":"submerged"}},"osm_tags":{"seamark:rock:water_level":"submerged","seamark:type":"rock","source":"Bing; Esri","source:position":"Bing; Esri","survey:date":"2025"}}},{"type":"Feature","geometry":{"type":"Point","coordinates":[-63.0239591,7.8902803]},"properties":{"osm_id":12862693829,"osm_type":"node","seamark_type":"rock","display_class":"OTHER","min_zoom":12,"importance":1,"name":null,"ref":null,"common":{"type":"rock"},"children":{"rock":{"water_level":"submerged"}},"osm_tags":{"seamark:rock:water_level":"submerged","seamark:type":"rock","source":"Bing; Esri","source:position":"Bing; Esri","survey:date":"2025"}}},{"type":"Feature","geometry":{"type":"Point","coordinates":[-63.0255175,7.8763743]},"properties":{"osm_id":12862693830,"osm_type":"node","seamark_type":"rock","display_class":"OTHER","min_zoom":12,"importance":1,"name":null,"ref":null,"common":{"type":"rock"},"children":{"rock":{"water_level":"awash"}},"osm_tags":{"seamark:rock:water_level":"awash","seamark:type":"rock","source":"Bing; Esri","source:position":"Bing; Esri","survey:date":"2025"}}},{"type":"Feature","geometry":{"type":"Point","coordinates":[-63.0361176,7.8592794]},"properties":{"osm_id":12862693831,"osm_type":"node","seamark_type":"rock","display_class":"OTHER","min_zoom":12,"importance":1,"name":null,"ref":null,"common":{"type":"rock"},"children":{"rock":{"water_level":"submerged"}},"osm_tags":{"seamark:rock:water_level":"submerged","seamark:type":"rock","source":"Bing; Esri","source:position":"Bing; Esri","survey:date":"2025"}}},{"type":"Feature","geometry":{"type":"Point","coordinates":[-63.038671,7.8595664]},"properties":{"osm_id":12862693832,"osm_type":"node","seamark_type":"rock","display_class":"OTHER","min_zoom":12,"importance":1,"name":null,"ref":null,"common":{"type":"rock"},"children":{"rock":{"water_level":"submerged"}},"osm_tags":{"seamark:rock:water_level":"submerged","seamark:type":"rock","source":"Bing; Esri","source:position":"Bing; Esri","survey:date":"2025"}}},{"type":"Feature","geometry":{"type":"Point","coordinates":[-63.0009323,7.8646837]},"properties":{"osm_id":12862693865,"osm_type":"node","seamark_type":"rock","display_class":"OTHER","min_zoom":12,"importance":1,"name":null,"ref":null,"common":{"type":"rock"},"children":{"rock":{"water_level":"covers"}},"osm_tags":{"seamark:rock:water_level":"covers","seamark:type":"rock","source":"Bing; Esri","source:position":"Bing; Esri","survey:date":"2025"}}},{"type":"Feature","geometry":{"type":"Point","coordinates":[-63.0005407,7.8642958]},"properties":{"osm_id":12862693866,"osm_type":"node","seamark_type":"rock","display_class":"OTHER","min_zoom":12,"importance":1,"name":null,"ref":null,"common":{"type":"rock"},"children":{"rock":{"water_level":"covers"}},"osm_tags":{"seamark:rock:water_level":"covers","seamark:type":"rock","source":"Bing; Esri","source:position":"Bing; Esri","survey:date":"2025"}}},{"type":"Feature","geometry":{"type":"Point","coordinates":[-63.0000633,7.8642161]},"properties":{"osm_id":12862693867,"osm_type":"node","seamark_type":"rock","display_class":"OTHER","min_zoom":12,"importance":1,"name":null,"ref":null,"common":{"type":"rock"},"children":{"rock":{"water_level":"awash"}},"osm_tags":{"seamark:rock:water_level":"awash","seamark:type":"rock","source":"Bing; Esri","source:position":"Bing; Esri","survey:date":"2025"}}},{"type":"Feature","geometry":{"type":"Point","coordinates":[-63.0022359,7.8645456]},"properties":{"osm_id":12862693869,"osm_type":"node","seamark_type":"rock","display_class":"OTHER","min_zoom":12,"importance":1,"name":null,"ref":null,"common":{"type":"rock"},"children":{"rock":{"water_level":"covers"}},"osm_tags":{"seamark:rock:water_level":"covers","seamark:type":"rock","source":"Bing; Esri","source:position":"Bing; Esri","survey:date":"2025"}}},{"type":"Feature","geometry":{"type":"Point","coordinates":[-63.0019462,7.8646306]},"properties":{"osm_id":12862693870,"osm_type":"node","seamark_type":"rock","display_class":"OTHER","min_zoom":12,"importance":1,"name":null,"ref":null,"common":{"type":"rock"},"children":{"rock":{"water_level":"awash"}},"osm_tags":{"seamark:rock:water_level":"awash","seamark:type":"rock","source":"Bing; Esri","source:position":"Bing; Esri","survey:date":"2025"}}},{"type":"Feature","geometry":{"type":"Point","coordinates":[-63.0037701,7.8634084]},"properties":{"osm_id":12862693871,"osm_type":"node","seamark_type":"rock","display_class":"OTHER","min_zoom":12,"importance":1,"name":null,"ref":null,"common":{"type":"rock"},"children":{"rock":{"water_level":"awash"}},"osm_tags":{"seamark:rock:water_level":"awash","seamark:type":"rock","source":"Bing; Esri","source:position":"Bing; Esri","survey:date":"2025"}}},{"type":"Feature","geometry":{"type":"Point","coordinates":[-63.0037969,7.8629301]},"properties":{"osm_id":12862693872,"osm_type":"node","seamark_type":"rock","display_class":"OTHER","min_zoom":12,"importance":1,"name":null,"ref":null,"common":{"type":"rock"},"children":{"rock":{"water_level":"awash"}},"osm_tags":{"seamark:rock:water_level":"awash","seamark:type":"rock","source":"Bing; Esri","source:position":"Bing; Esri","survey:date":"2025"}}},{"type":"Feature","geometry":{"type":"Point","coordinates":[-63.0025095,7.8611393]},"properties":{"osm_id":12862693873,"osm_type":"node","seamark_type":"rock","display_class":"OTHER","min_zoom":12,"importance":1,"name":null,"ref":null,"common":{"type":"rock"},"children":{"rock":{"water_level":"awash"}},"osm_tags":{"seamark:rock:water_level":"awash","seamark:type":"rock","source":"Bing; Esri","source:position":"Bing; Esri","survey:date":"2025"}}},{"type":"Feature","geometry":{"type":"Point","coordinates":[-63.0001545,7.8604697]},"properties":{"osm_id":12862693874,"osm_type":"node","seamark_type":"rock","display_class":"OTHER","min_zoom":12,"importance":1,"name":null,"ref":null,"common":{"type":"rock"},"children":{"rock":{"water_level":"awash"}},"osm_tags":{"seamark:rock:water_level":"awash","seamark:type":"rock","source":"Bing; Esri","source:position":"Bing; Esri","survey:date":"2025"}}},{"type":"Feature","geometry":{"type":"Point","coordinates":[-63.0317348,7.9072171]},"properties":{"osm_id":12874101434,"osm_type":"node","seamark_type":"crane","display_class":"OTHER","min_zoom":12,"importance":1,"name":null,"ref":null,"common":{"type":"crane"},"children":{},"osm_tags":{"man_made":"crane","seamark:type":"crane","source:position":"Bing; Esri"}}},{"type":"Feature","geometry":{"type":"Point","coordinates":[-63.0105293,7.9813459]},"properties":{"osm_id":12875296697,"osm_type":"node","seamark_type":"rock","display_class":"OTHER","min_zoom":12,"importance":1,"name":null,"ref":null,"common":{"type":"rock"},"children":{"rock":{"water_level":"awash"}},"osm_tags":{"seamark:rock:water_level":"awash","seamark:type":"rock","source":"Bing; Esri","source:position":"Bing; Esri","survey:date":"2025"}}},{"type":"Feature","geometry":{"type":"Point","coordinates":[-63.0050576,7.9781584]},"properties":{"osm_id":12875296699,"osm_type":"node","seamark_type":"rock","display_class":"OTHER","min_zoom":12,"importance":1,"name":null,"ref":null,"common":{"type":"rock"},"children":{"rock":{"water_level":"covers"}},"osm_tags":{"seamark:rock:water_level":"covers","seamark:type":"rock","source":"Bing; Esri","source:position":"Bing; Esri","survey:date":"2025"}}},{"type":"Feature","geometry":{"type":"Point","coordinates":[-63.0047035,7.9777546]},"properties":{"osm_id":12875296700,"osm_type":"node","seamark_type":"rock","display_class":"OTHER","min_zoom":12,"importance":1,"name":null,"ref":null,"common":{"type":"rock"},"children":{"rock":{"water_level":"awash"}},"osm_tags":{"seamark:rock:water_level":"awash","seamark:type":"rock","source":"Bing; Esri","source:position":"Bing; Esri","survey:date":"2025"}}},{"type":"Feature","geometry":{"type":"Point","coordinates":[-63.0203569,7.914074]},"properties":{"osm_id":12875325045,"osm_type":"node","seamark_type":"rock","display_class":"OTHER","min_zoom":12,"importance":1,"name":null,"ref":null,"common":{"type":"rock"},"children":{"rock":{"water_level":"awash"}},"osm_tags":{"seamark:rock:water_level":"awash","seamark:type":"rock","source":"Bing; Esri","source:position":"Bing; Esri","survey:date":"2025"}}},{"type":"Feature","geometry":{"type":"Point","coordinates":[-63.0202174,7.9149561]},"properties":{"osm_id":12875325046,"osm_type":"node","seamark_type":"rock","display_class":"OTHER","min_zoom":12,"importance":1,"name":null,"ref":null,"common":{"type":"rock"},"children":{"rock":{"water_level":"awash"}},"osm_tags":{"seamark:rock:water_level":"awash","seamark:type":"rock","source":"Bing; Esri","source:position":"Bing; Esri","survey:date":"2025"}}},{"type":"Feature","geometry":{"type":"Point","coordinates":[-63.0202228,7.9147116]},"properties":{"osm_id":12875325047,"osm_type":"node","seamark_type":"rock","display_class":"OTHER","min_zoom":12,"importance":1,"name":null,"ref":null,"common":{"type":"rock"},"children":{"rock":{"water_level":"awash"}},"osm_tags":{"seamark:rock:water_level":"awash","seamark:type":"rock","source":"Bing; Esri","source:position":"Bing; Esri","survey:date":"2025"}}},{"type":"Feature","geometry":{"type":"Point","coordinates":[-63.0216122,7.9141059]},"properties":{"osm_id":12875325048,"osm_type":"node","seamark_type":"rock","display_class":"OTHER","min_zoom":12,"importance":1,"name":null,"ref":null,"common":{"type":"rock"},"children":{"rock":{"water_level":"awash"}},"osm_tags":{"seamark:rock:water_level":"awash","seamark:type":"rock","source":"Bing; Esri","source:position":"Bing; Esri","survey:date":"2025"}}},{"type":"Feature","geometry":{"type":"Point","coordinates":[-63.0210596,7.913208]},"properties":{"osm_id":12875325049,"osm_type":"node","seamark_type":"rock","display_class":"OTHER","min_zoom":12,"importance":1,"name":null,"ref":null,"common":{"type":"rock"},"children":{"rock":{"water_level":"covers"}},"osm_tags":{"seamark:rock:water_level":"covers","seamark:type":"rock","source":"Bing; Esri","source:position":"Bing; Esri","survey:date":"2025"}}},{"type":"Feature","geometry":{"type":"Point","coordinates":[-63.0211401,7.9130911]},"properties":{"osm_id":12875325050,"osm_type":"node","seamark_type":"rock","display_class":"OTHER","min_zoom":12,"importance":1,"name":null,"ref":null,"common":{"type":"rock"},"children":{"rock":{"water_level":"covers"}},"osm_tags":{"seamark:rock:water_level":"covers","seamark:type":"rock","source":"Bing; Esri","source:position":"Bing; Esri","survey:date":"2025"}}},{"type":"Feature","geometry":{"type":"Point","coordinates":[-63.021242,7.9130114]},"properties":{"osm_id":12875325051,"osm_type":"node","seamark_type":"rock","display_class":"OTHER","min_zoom":12,"importance":1,"name":null,"ref":null,"common":{"type":"rock"},"children":{"rock":{"water_level":"covers"}},"osm_tags":{"seamark:rock:water_level":"covers","seamark:type":"rock","source":"Bing; Esri","source:position":"Bing; Esri","survey:date":"2025"}}},{"type":"Feature","geometry":{"type":"Point","coordinates":[-63.0210596,7.9126554]},"properties":{"osm_id":12875325052,"osm_type":"node","seamark_type":"rock","display_class":"OTHER","min_zoom":12,"importance":1,"name":null,"ref":null,"common":{"type":"rock"},"children":{"rock":{"water_level":"awash"}},"osm_tags":{"seamark:rock:water_level":"awash","seamark:type":"rock","source":"Bing; Esri","source:position":"Bing; Esri","survey:date":"2025"}}},{"type":"Feature","geometry":{"type":"Point","coordinates":[-63.0208826,7.9078893]},"properties":{"osm_id":12875325053,"osm_type":"node","seamark_type":"rock","display_class":"OTHER","min_zoom":12,"importance":1,"name":null,"ref":null,"common":{"type":"rock"},"children":{"rock":{"water_level":"awash"}},"osm_tags":{"seamark:rock:water_level":"awash","seamark:type":"rock","source":"Bing; Esri","source:position":"Bing; Esri","survey:date":"2025"}}},{"type":"Feature","geometry":{"type":"Point","coordinates":[-63.0223417,7.9088723]},"properties":{"osm_id":12875325054,"osm_type":"node","seamark_type":"rock","display_class":"OTHER","min_zoom":12,"importance":1,"name":null,"ref":null,"common":{"type":"rock"},"children":{"rock":{"water_level":"awash"}},"osm_tags":{"seamark:rock:water_level":"awash","seamark:type":"rock","source":"Bing; Esri","source:position":"Bing; Esri","survey:date":"2025"}}},{"type":"Feature","geometry":{"type":"Point","coordinates":[-63.0227011,7.9090317]},"properties":{"osm_id":12875325055,"osm_type":"node","seamark_type":"rock","display_class":"OTHER","min_zoom":12,"importance":1,"name":null,"ref":null,"common":{"type":"rock"},"children":{"rock":{"water_level":"awash"}},"osm_tags":{"seamark:rock:water_level":"awash","seamark:type":"rock","source":"Bing; Esri","source:position":"Bing; Esri","survey:date":"2025"}}},{"type":"Feature","geometry":{"type":"Point","coordinates":[-63.0232859,7.9086757]},"properties":{"osm_id":12875325056,"osm_type":"node","seamark_type":"rock","display_class":"OTHER","min_zoom":12,"importance":1,"name":null,"ref":null,"common":{"type":"rock"},"children":{"rock":{"water_level":"awash"}},"osm_tags":{"seamark:rock:water_level":"awash","seamark:type":"rock","source":"Bing; Esri","source:position":"Bing; Esri","survey:date":"2025"}}},{"type":"Feature","geometry":{"type":"Point","coordinates":[-63.0274165,7.9203331]},"properties":{"osm_id":12875325057,"osm_type":"node","seamark_type":"rock","display_class":"OTHER","min_zoom":12,"importance":1,"name":null,"ref":null,"common":{"type":"rock"},"children":{"rock":{"water_level":"covers"}},"osm_tags":{"seamark:rock:water_level":"covers","seamark:type":"rock","source":"Bing; Esri","source:position":"Bing; Esri","survey:date":"2025"}}},{"type":"Feature","geometry":{"type":"Point","coordinates":[-63.0284357,7.9184522]},"properties":{"osm_id":12875325058,"osm_type":"node","seamark_type":"rock","display_class":"OTHER","min_zoom":12,"importance":1,"name":null,"ref":null,"common":{"type":"rock"},"children":{"rock":{"water_level":"awash"}},"osm_tags":{"seamark:rock:water_level":"awash","seamark:type":"rock","source":"Bing; Esri","source:position":"Bing; Esri","survey:date":"2025"}}},{"type":"Feature","geometry":{"type":"Point","coordinates":[-63.0274487,7.9224478]},"properties":{"osm_id":12875325059,"osm_type":"node","seamark_type":"rock","display_class":"OTHER","min_zoom":12,"importance":1,"name":null,"ref":null,"common":{"type":"rock"},"children":{"rock":{"water_level":"awash"}},"osm_tags":{"seamark:rock:water_level":"awash","seamark:type":"rock","source":"Bing; Esri","source:position":"Bing; Esri","survey:date":"2025"}}},{"type":"Feature","geometry":{"type":"Point","coordinates":[-63.0208075,7.9195839]},"properties":{"osm_id":12875325060,"osm_type":"node","seamark_type":"rock","display_class":"OTHER","min_zoom":12,"importance":1,"name":null,"ref":null,"common":{"type":"rock"},"children":{"rock":{"water_level":"awash"}},"osm_tags":{"seamark:rock:water_level":"awash","seamark:type":"rock","source":"Bing; Esri","source:position":"Bing; Esri","survey:date":"2025"}}},{"type":"Feature","geometry":{"type":"Point","coordinates":[-63.0210704,7.9195839]},"properties":{"osm_id":12875325061,"osm_type":"node","seamark_type":"rock","display_class":"OTHER","min_zoom":12,"importance":1,"name":null,"ref":null,"common":{"type":"rock"},"children":{"rock":{"water_level":"awash"}},"osm_tags":{"seamark:rock:water_level":"awash","seamark:type":"rock","source":"Bing; Esri","source:position":"Bing; Esri","survey:date":"2025"}}},{"type":"Feature","geometry":{"type":"Point","coordinates":[-63.0222881,7.9175915]},"properties":{"osm_id":12875325062,"osm_type":"node","seamark_type":"rock","display_class":"OTHER","min_zoom":12,"importance":1,"name":null,"ref":null,"common":{"type":"rock"},"children":{"rock":{"water_level":"awash"}},"osm_tags":{"seamark:rock:water_level":"awash","seamark:type":"rock","source":"Bing; Esri","source:position":"Bing; Esri","survey:date":"2025"}}},{"type":"Feature","geometry":{"type":"Point","coordinates":[-63.0229372,7.9170495]},"properties":{"osm_id":12875325063,"osm_type":"node","seamark_type":"rock","display_class":"OTHER","min_zoom":12,"importance":1,"name":null,"ref":null,"common":{"type":"rock"},"children":{"rock":{"water_level":"awash"}},"osm_tags":{"seamark:rock:water_level":"awash","seamark:type":"rock","source":"Bing; Esri","source:position":"Bing; Esri","survey:date":"2025"}}},{"type":"Feature","geometry":{"type":"Point","coordinates":[-63.0238116,7.9186913]},"properties":{"osm_id":12875325064,"osm_type":"node","seamark_type":"rock","display_class":"OTHER","min_zoom":12,"importance":1,"name":null,"ref":null,"common":{"type":"rock"},"children":{"rock":{"water_level":"awash"}},"osm_tags":{"seamark:rock:water_level":"awash","seamark:type":"rock","source":"Bing; Esri","source:position":"Bing; Esri","survey:date":"2025"}}},{"type":"Feature","geometry":{"type":"Point","coordinates":[-63.023538,7.9178146]},"properties":{"osm_id":12875325065,"osm_type":"node","seamark_type":"rock","display_class":"OTHER","min_zoom":12,"importance":1,"name":null,"ref":null,"common":{"type":"rock"},"children":{"rock":{"water_level":"awash"}},"osm_tags":{"seamark:rock:water_level":"awash","seamark:type":"rock","source":"Bing; Esri","source:position":"Bing; Esri","survey:date":"2025"}}},{"type":"Feature","geometry":{"type":"Point","coordinates":[-63.023935,7.9170123]},"properties":{"osm_id":12875325066,"osm_type":"node","seamark_type":"rock","display_class":"OTHER","min_zoom":12,"importance":1,"name":null,"ref":null,"common":{"type":"rock"},"children":{"rock":{"water_level":"awash"}},"osm_tags":{"seamark:rock:water_level":"awash","seamark:type":"rock","source":"Bing; Esri","source:position":"Bing; Esri","survey:date":"2025"}}},{"type":"Feature","geometry":{"type":"Point","coordinates":[-63.0236292,7.9157849]},"properties":{"osm_id":12875325067,"osm_type":"node","seamark_type":"rock","display_class":"OTHER","min_zoom":12,"importance":1,"name":null,"ref":null,"common":{"type":"rock"},"children":{"rock":{"water_level":"awash"}},"osm_tags":{"seamark:rock:water_level":"awash","seamark:type":"rock","source":"Bing; Esri","source:position":"Bing; Esri","survey:date":"2025"}}},{"type":"Feature","geometry":{"type":"Point","coordinates":[-63.0233449,7.9158593]},"properties":{"osm_id":12875325068,"osm_type":"node","seamark_type":"rock","display_class":"OTHER","min_zoom":12,"importance":1,"name":null,"ref":null,"common":{"type":"rock"},"children":{"rock":{"water_level":"awash"}},"osm_tags":{"seamark:rock:water_level":"awash","seamark:type":"rock","source":"Bing; Esri","source:position":"Bing; Esri","survey:date":"2025"}}},{"type":"Feature","geometry":{"type":"Point","coordinates":[-63.0203247,7.9157371]},"properties":{"osm_id":12875325069,"osm_type":"node","seamark_type":"rock","display_class":"OTHER","min_zoom":12,"importance":1,"name":null,"ref":null,"common":{"type":"rock"},"children":{"rock":{"water_level":"covers"}},"osm_tags":{"seamark:rock:water_level":"covers","seamark:type":"rock","source":"Bing; Esri","source:position":"Bing; Esri","survey:date":"2025"}}},{"type":"Feature","geometry":{"type":"Point","coordinates":[-63.0205715,7.9152855]},"properties":{"osm_id":12875325070,"osm_type":"node","seamark_type":"rock","display_class":"OTHER","min_zoom":12,"importance":1,"name":null,"ref":null,"common":{"type":"rock"},"children":{"rock":{"water_level":"covers"}},"osm_tags":{"seamark:rock:water_level":"covers","seamark:type":"rock","source":"Bing; Esri","source:position":"Bing; Esri","survey:date":"2025"}}},{"type":"Feature","geometry":{"type":"Point","coordinates":[-63.0215049,7.9155033]},"properties":{"osm_id":12875325071,"osm_type":"node","seamark_type":"rock","display_class":"OTHER","min_zoom":12,"importance":1,"name":null,"ref":null,"common":{"type":"rock"},"children":{"rock":{"water_level":"awash"}},"osm_tags":{"seamark:rock:water_level":"awash","seamark:type":"rock","source":"Bing; Esri","source:position":"Bing; Esri","survey:date":"2025"}}},{"type":"Feature","geometry":{"type":"Point","coordinates":[-63.021403,7.9158274]},"properties":{"osm_id":12875325072,"osm_type":"node","seamark_type":"rock","display_class":"OTHER","min_zoom":12,"importance":1,"name":null,"ref":null,"common":{"type":"rock"},"children":{"rock":{"water_level":"awash"}},"osm_tags":{"seamark:rock:water_level":"awash","seamark:type":"rock","source":"Bing; Esri","source:position":"Bing; Esri","survey:date":"2025"}}},{"type":"Feature","geometry":{"type":"Point","coordinates":[-63.0223793,7.9157531]},"properties":{"osm_id":12875325073,"osm_type":"node","seamark_type":"rock","display_class":"OTHER","min_zoom":12,"importance":1,"name":null,"ref":null,"common":{"type":"rock"},"children":{"rock":{"water_level":"awash"}},"osm_tags":{"seamark:rock:water_level":"awash","seamark:type":"rock","source":"Bing; Esri","source:position":"Bing; Esri","survey:date":"2025"}}},{"type":"Feature","geometry":{"type":"Point","coordinates":[-63.0221325,7.9163481]},"properties":{"osm_id":12875325074,"osm_type":"node","seamark_type":"rock","display_class":"OTHER","min_zoom":12,"importance":1,"name":null,"ref":null,"common":{"type":"rock"},"children":{"rock":{"water_level":"awash"}},"osm_tags":{"seamark:rock:water_level":"awash","seamark:type":"rock","source":"Bing; Esri","source:position":"Bing; Esri","survey:date":"2025"}}},{"type":"Feature","geometry":{"type":"Point","coordinates":[-63.0213654,7.9172886]},"properties":{"osm_id":12875325075,"osm_type":"node","seamark_type":"rock","display_class":"OTHER","min_zoom":12,"importance":1,"name":null,"ref":null,"common":{"type":"rock"},"children":{"rock":{"water_level":"awash"}},"osm_tags":{"seamark:rock:water_level":"awash","seamark:type":"rock","source":"Bing; Esri","source:position":"Bing; Esri","survey:date":"2025"}}},{"type":"Feature","geometry":{"type":"Point","coordinates":[-63.0208343,7.9184363]},"properties":{"osm_id":12875325076,"osm_type":"node","seamark_type":"rock","display_class":"OTHER","min_zoom":12,"importance":1,"name":null,"ref":null,"common":{"type":"rock"},"children":{"rock":{"water_level":"awash"}},"osm_tags":{"seamark:rock:water_level":"awash","seamark:type":"rock","source":"Bing; Esri","source:position":"Bing; Esri","survey:date":"2025"}}},{"type":"Feature","geometry":{"type":"Point","coordinates":[-63.0196434,7.9191854]},"properties":{"osm_id":12875325077,"osm_type":"node","seamark_type":"rock","display_class":"OTHER","min_zoom":12,"importance":1,"name":null,"ref":null,"common":{"type":"rock"},"children":{"rock":{"water_level":"covers"}},"osm_tags":{"seamark:rock:water_level":"covers","seamark:type":"rock","source":"Bing; Esri","source:position":"Bing; Esri","survey:date":"2025"}}},{"type":"Feature","geometry":{"type":"Point","coordinates":[-63.0191982,7.9200781]},"properties":{"osm_id":12875325078,"osm_type":"node","seamark_type":"rock","display_class":"OTHER","min_zoom":12,"importance":1,"name":null,"ref":null,"common":{"type":"rock"},"children":{"rock":{"water_level":"covers"}},"osm_tags":{"seamark:rock:water_level":"covers","seamark:type":"rock","source":"Bing; Esri","source:position":"Bing; Esri","survey:date":"2025"}}},{"type":"Feature","geometry":{"type":"Point","coordinates":[-63.0188468,7.9205642]},"properties":{"osm_id":12875325079,"osm_type":"node","seamark_type":"rock","display_class":"OTHER","min_zoom":12,"importance":1,"name":null,"ref":null,"common":{"type":"rock"},"children":{"rock":{"water_level":"awash"}},"osm_tags":{"seamark:rock:water_level":"awash","seamark:type":"rock","source":"Bing; Esri","source:position":"Bing; Esri","survey:date":"2025"}}},{"type":"Feature","geometry":{"type":"Point","coordinates":[-63.0189005,7.9210584]},"properties":{"osm_id":12875325080,"osm_type":"node","seamark_type":"rock","display_class":"OTHER","min_zoom":12,"importance":1,"name":null,"ref":null,"common":{"type":"rock"},"children":{"rock":{"water_level":"awash"}},"osm_tags":{"seamark:rock:water_level":"awash","seamark:type":"rock","source":"Bing; Esri","source:position":"Bing; Esri","survey:date":"2025"}}},{"type":"Feature","geometry":{"type":"Point","coordinates":[-63.018761,7.9207608]},"properties":{"osm_id":12875325081,"osm_type":"node","seamark_type":"rock","display_class":"OTHER","min_zoom":12,"importance":1,"name":null,"ref":null,"common":{"type":"rock"},"children":{"rock":{"water_level":"awash"}},"osm_tags":{"seamark:rock:water_level":"awash","seamark:type":"rock","source":"Bing; Esri","source:position":"Bing; Esri","survey:date":"2025"}}},{"type":"Feature","geometry":{"type":"Point","coordinates":[-63.0186081,7.9207396]},"properties":{"osm_id":12875325082,"osm_type":"node","seamark_type":"rock","display_class":"OTHER","min_zoom":12,"importance":1,"name":null,"ref":null,"common":{"type":"rock"},"children":{"rock":{"water_level":"awash"}},"osm_tags":{"seamark:rock:water_level":"awash","seamark:type":"rock","source":"Bing; Esri","source:position":"Bing; Esri","survey:date":"2025"}}},{"type":"Feature","geometry":{"type":"Point","coordinates":[-63.0178732,7.9210982]},"properties":{"osm_id":12875325083,"osm_type":"node","seamark_type":"rock","display_class":"OTHER","min_zoom":12,"importance":1,"name":null,"ref":null,"common":{"type":"rock"},"children":{"rock":{"water_level":"covers"}},"osm_tags":{"seamark:rock:water_level":"covers","seamark:type":"rock","source":"Bing; Esri","source:position":"Bing; Esri","survey:date":"2025"}}},{"type":"Feature","geometry":{"type":"Point","coordinates":[-63.0154055,7.9196796]},"properties":{"osm_id":12875325084,"osm_type":"node","seamark_type":"rock","display_class":"OTHER","min_zoom":12,"importance":1,"name":null,"ref":null,"common":{"type":"rock"},"children":{"rock":{"water_level":"awash"}},"osm_tags":{"seamark:rock:water_level":"awash","seamark:type":"rock","source":"Bing; Esri","source:position":"Bing; Esri","survey:date":"2025"}}},{"type":"Feature","geometry":{"type":"Point","coordinates":[-63.0164033,7.9195733]},"properties":{"osm_id":12875325085,"osm_type":"node","seamark_type":"rock","display_class":"OTHER","min_zoom":12,"importance":1,"name":null,"ref":null,"common":{"type":"rock"},"children":{"rock":{"water_level":"awash"}},"osm_tags":{"seamark:rock:water_level":"awash","seamark:type":"rock","source":"Bing; Esri","source:position":"Bing; Esri","survey:date":"2025"}}},{"type":"Feature","geometry":{"type":"Point","coordinates":[-63.0159044,7.9200568]},"properties":{"osm_id":12875325086,"osm_type":"node","seamark_type":"rock","display_class":"OTHER","min_zoom":12,"importance":1,"name":null,"ref":null,"common":{"type":"rock"},"children":{"rock":{"water_level":"awash"}},"osm_tags":{"seamark:rock:water_level":"awash","seamark:type":"rock","source":"Bing; Esri","source:position":"Bing; Esri","survey:date":"2025"}}},{"type":"Feature","geometry":{"type":"Point","coordinates":[-63.0160815,7.920721]},"properties":{"osm_id":12875325087,"osm_type":"node","seamark_type":"rock","display_class":"OTHER","min_zoom":12,"importance":1,"name":null,"ref":null,"common":{"type":"rock"},"children":{"rock":{"water_level":"awash"}},"osm_tags":{"seamark:rock:water_level":"awash","seamark:type":"rock","source":"Bing; Esri","source:position":"Bing; Esri","survey:date":"2025"}}},{"type":"Feature","geometry":{"type":"Point","coordinates":[-63.0163711,7.9203278]},"properties":{"osm_id":12875325088,"osm_type":"node","seamark_type":"rock","display_class":"OTHER","min_zoom":12,"importance":1,"name":null,"ref":null,"common":{"type":"rock"},"children":{"rock":{"water_level":"awash"}},"osm_tags":{"seamark:rock:water_level":"awash","seamark:type":"rock","source":"Bing; Esri","source:position":"Bing; Esri","survey:date":"2025"}}},{"type":"Feature","geometry":{"type":"Point","coordinates":[-63.0165696,7.9199293]},"properties":{"osm_id":12875325089,"osm_type":"node","seamark_type":"rock","display_class":"OTHER","min_zoom":12,"importance":1,"name":null,"ref":null,"common":{"type":"rock"},"children":{"rock":{"water_level":"awash"}},"osm_tags":{"seamark:rock:water_level":"awash","seamark:type":"rock","source":"Bing; Esri","source:position":"Bing; Esri","survey:date":"2025"}}},{"type":"Feature","geometry":{"type":"Point","coordinates":[-63.0174923,7.9188241]},"properties":{"osm_id":12875325090,"osm_type":"node","seamark_type":"rock","display_class":"OTHER","min_zoom":12,"importance":1,"name":null,"ref":null,"common":{"type":"rock"},"children":{"rock":{"water_level":"covers"}},"osm_tags":{"seamark:rock:water_level":"covers","seamark:type":"rock","source":"Bing; Esri","source:position":"Bing; Esri","survey:date":"2025"}}},{"type":"Feature","geometry":{"type":"Point","coordinates":[-63.0178732,7.9181281]},"properties":{"osm_id":12875325091,"osm_type":"node","seamark_type":"rock","display_class":"OTHER","min_zoom":12,"importance":1,"name":null,"ref":null,"common":{"type":"rock"},"children":{"rock":{"water_level":"covers"}},"osm_tags":{"seamark:rock:water_level":"covers","seamark:type":"rock","source":"Bing; Esri","source:position":"Bing; Esri","survey:date":"2025"}}},{"type":"Feature","geometry":{"type":"Point","coordinates":[-63.0183023,7.9173789]},"properties":{"osm_id":12875325092,"osm_type":"node","seamark_type":"rock","display_class":"OTHER","min_zoom":12,"importance":1,"name":null,"ref":null,"common":{"type":"rock"},"children":{"rock":{"water_level":"submerged"}},"osm_tags":{"seamark:rock:water_level":"submerged","seamark:type":"rock","source":"Bing; Esri","source:position":"Bing; Esri","survey:date":"2025"}}},{"type":"Feature","geometry":{"type":"Point","coordinates":[-63.0182862,7.9175861]},"properties":{"osm_id":12875325093,"osm_type":"node","seamark_type":"rock","display_class":"OTHER","min_zoom":12,"importance":1,"name":null,"ref":null,"common":{"type":"rock"},"children":{"rock":{"water_level":"submerged"}},"osm_tags":{"seamark:rock:water_level":"submerged","seamark:type":"rock","source":"Bing; Esri","source:position":"Bing; Esri","survey:date":"2025"}}},{"type":"Feature","geometry":{"type":"Point","coordinates":[-63.0190668,7.9169299]},"properties":{"osm_id":12875325094,"osm_type":"node","seamark_type":"rock","display_class":"OTHER","min_zoom":12,"importance":1,"name":null,"ref":null,"common":{"type":"rock"},"children":{"rock":{"water_level":"covers"}},"osm_tags":{"seamark:rock:water_level":"covers","seamark:type":"rock","source":"Bing; Esri","source:position":"Bing; Esri","survey:date":"2025"}}},{"type":"Feature","geometry":{"type":"Point","coordinates":[-63.0189326,7.9160426]},"properties":{"osm_id":12875325095,"osm_type":"node","seamark_type":"rock","display_class":"OTHER","min_zoom":12,"importance":1,"name":null,"ref":null,"common":{"type":"rock"},"children":{"rock":{"water_level":"covers"}},"osm_tags":{"seamark:rock:water_level":"covers","seamark:type":"rock","source":"Bing; Esri","source:position":"Bing; Esri","survey:date":"2025"}}},{"type":"Feature","geometry":{"type":"Point","coordinates":[-63.0190748,7.9162631]},"properties":{"osm_id":12875325096,"osm_type":"node","seamark_type":"rock","display_class":"OTHER","min_zoom":12,"importance":1,"name":null,"ref":null,"common":{"type":"rock"},"children":{"rock":{"water_level":"covers"}},"osm_tags":{"seamark:rock:water_level":"covers","seamark:type":"rock","source":"Bing; Esri","source:position":"Bing; Esri","survey:date":"2025"}}},{"type":"Feature","geometry":{"type":"Point","coordinates":[-63.0188066,7.9163455]},"properties":{"osm_id":12875325097,"osm_type":"node","seamark_type":"rock","display_class":"OTHER","min_zoom":12,"importance":1,"name":null,"ref":null,"common":{"type":"rock"},"children":{"rock":{"water_level":"covers"}},"osm_tags":{"seamark:rock:water_level":"covers","seamark:type":"rock","source":"Bing; Esri","source:position":"Bing; Esri","survey:date":"2025"}}},{"type":"Feature","geometry":{"type":"Point","coordinates":[-63.0186108,7.916659]},"properties":{"osm_id":12875325098,"osm_type":"node","seamark_type":"rock","display_class":"OTHER","min_zoom":12,"importance":1,"name":null,"ref":null,"common":{"type":"rock"},"children":{"rock":{"water_level":"covers"}},"osm_tags":{"seamark:rock:water_level":"covers","seamark:type":"rock","source":"Bing; Esri","source:position":"Bing; Esri","survey:date":"2025"}}},{"type":"Feature","geometry":{"type":"Point","coordinates":[-63.0183479,7.9171186]},"properties":{"osm_id":12875325099,"osm_type":"node","seamark_type":"rock","display_class":"OTHER","min_zoom":12,"importance":1,"name":null,"ref":null,"common":{"type":"rock"},"children":{"rock":{"water_level":"covers"}},"osm_tags":{"seamark:rock:water_level":"covers","seamark:type":"rock","source":"Bing; Esri","source:position":"Bing; Esri","survey:date":"2025"}}},{"type":"Feature","geometry":{"type":"Point","coordinates":[-63.0173475,7.9169592]},"properties":{"osm_id":12875325100,"osm_type":"node","seamark_type":"rock","display_class":"OTHER","min_zoom":12,"importance":1,"name":null,"ref":null,"common":{"type":"rock"},"children":{"rock":{"water_level":"awash"}},"osm_tags":{"seamark:rock:water_level":"awash","seamark:type":"rock","source":"Bing; Esri","source:position":"Bing; Esri","survey:date":"2025"}}},{"type":"Feature","geometry":{"type":"Point","coordinates":[-63.0430269,7.9745193]},"properties":{"osm_id":12875355844,"osm_type":"node","seamark_type":"rock","display_class":"OTHER","min_zoom":12,"importance":1,"name":null,"ref":null,"common":{"type":"rock"},"children":{"rock":{"water_level":"awash"}},"osm_tags":{"seamark:rock:water_level":"awash","seamark:type":"rock","source":"Bing; Esri","source:position":"Bing; Esri","survey:date":"2025"}}},{"type":"Feature","geometry":{"type":"Point","coordinates":[-63.0213171,7.9659288]},"properties":{"osm_id":12875355845,"osm_type":"node","seamark_type":"rock","display_class":"OTHER","min_zoom":12,"importance":1,"name":null,"ref":null,"common":{"type":"rock"},"children":{"rock":{"water_level":"awash"}},"osm_tags":{"seamark:rock:water_level":"awash","seamark:type":"rock","source":"Bing; Esri","source:position":"Bing; Esri","survey:date":"2025"}}},{"type":"Feature","geometry":{"type":"Point","coordinates":[-63.0204159,7.9649991]},"properties":{"osm_id":12875355846,"osm_type":"node","seamark_type":"rock","display_class":"OTHER","min_zoom":12,"importance":1,"name":null,"ref":null,"common":{"type":"rock"},"children":{"rock":{"water_level":"awash"}},"osm_tags":{"seamark:rock:water_level":"awash","seamark:type":"rock","source":"Bing; Esri","source:position":"Bing; Esri","survey:date":"2025"}}},{"type":"Feature","geometry":{"type":"Point","coordinates":[-63.0356562,7.9782646]},"properties":{"osm_id":12875355847,"osm_type":"node","seamark_type":"rock","display_class":"OTHER","min_zoom":12,"importance":1,"name":null,"ref":null,"common":{"type":"rock"},"children":{"rock":{"water_level":"submerged"}},"osm_tags":{"seamark:rock:water_level":"submerged","seamark:type":"rock","source":"Bing; Esri","source:position":"Bing; Esri","survey:date":"2025"}}},{"type":"Feature","geometry":{"type":"Point","coordinates":[-63.0482948,7.9995087]},"properties":{"osm_id":12875355893,"osm_type":"node","seamark_type":"rock","display_class":"OTHER","min_zoom":12,"importance":1,"name":null,"ref":null,"common":{"type":"rock"},"children":{"rock":{"water_level":"covers"}},"osm_tags":{"seamark:rock:water_level":"covers","seamark:type":"rock","source":"Bing; Esri","source:position":"Bing; Esri","survey:date":"2025"}}},{"type":"Feature","geometry":{"type":"Point","coordinates":[-63.0487883,7.9995034]},"properties":{"osm_id":12875355894,"osm_type":"node","seamark_type":"rock","display_class":"OTHER","min_zoom":12,"importance":1,"name":null,"ref":null,"common":{"type":"rock"},"children":{"rock":{"water_level":"covers"}},"osm_tags":{"seamark:rock:water_level":"covers","seamark:type":"rock","source":"Bing; Esri","source:position":"Bing; Esri","survey:date":"2025"}}},{"type":"Feature","geometry":{"type":"Point","coordinates":[-63.0492497,7.9995566]},"properties":{"osm_id":12875355895,"osm_type":"node","seamark_type":"rock","display_class":"OTHER","min_zoom":12,"importance":1,"name":null,"ref":null,"common":{"type":"rock"},"children":{"rock":{"water_level":"covers"}},"osm_tags":{"seamark:rock:water_level":"covers","seamark:type":"rock","source":"Bing; Esri","source:position":"Bing; Esri","survey:date":"2025"}}},{"type":"Feature","geometry":{"type":"Point","coordinates":[-63.0435634,7.9944674]},"properties":{"osm_id":12875355896,"osm_type":"node","seamark_type":"rock","display_class":"OTHER","min_zoom":12,"importance":1,"name":null,"ref":null,"common":{"type":"rock"},"children":{"rock":{"water_level":"covers"}},"osm_tags":{"seamark:rock:water_level":"covers","seamark:type":"rock","source":"Bing; Esri","source:position":"Bing; Esri","survey:date":"2025"}}},{"type":"Feature","geometry":{"type":"Point","coordinates":[-63.0417877,7.994749]},"properties":{"osm_id":12875355897,"osm_type":"node","seamark_type":"rock","display_class":"OTHER","min_zoom":12,"importance":1,"name":null,"ref":null,"common":{"type":"rock"},"children":{"rock":{"water_level":"awash"}},"osm_tags":{"seamark:rock:water_level":"awash","seamark:type":"rock","source":"Bing; Esri","source:position":"Bing; Esri","survey:date":"2025"}}},{"type":"Feature","geometry":{"type":"Point","coordinates":[-63.0434936,7.991976]},"properties":{"osm_id":12875355898,"osm_type":"node","seamark_type":"rock","display_class":"OTHER","min_zoom":12,"importance":1,"name":null,"ref":null,"common":{"type":"rock"},"children":{"rock":{"water_level":"awash"}},"osm_tags":{"seamark:rock:water_level":"awash","seamark:type":"rock","source":"Bing; Esri","source:position":"Bing; Esri","survey:date":"2025"}}},{"type":"Feature","geometry":{"type":"Point","coordinates":[-63.0434185,7.9924434]},"properties":{"osm_id":12875355899,"osm_type":"node","seamark_type":"rock","display_class":"OTHER","min_zoom":12,"importance":1,"name":null,"ref":null,"common":{"type":"rock"},"children":{"rock":{"water_level":"awash"}},"osm_tags":{"seamark:rock:water_level":"awash","seamark:type":"rock","source":"Bing; Esri","source:position":"Bing; Esri","survey:date":"2025"}}},{"type":"Feature","geometry":{"type":"Point","coordinates":[-63.0432683,7.9920238]},"properties":{"osm_id":12875355900,"osm_type":"node","seamark_type":"rock","display_class":"OTHER","min_zoom":12,"importance":1,"name":null,"ref":null,"common":{"type":"rock"},"children":{"rock":{"water_level":"covers"}},"osm_tags":{"seamark:rock:water_level":"covers","seamark:type":"rock","source":"Bing; Esri","source:position":"Bing; Esri","survey:date":"2025"}}},{"type":"Feature","geometry":{"type":"Point","coordinates":[-63.0027241,7.9580023]},"properties":{"osm_id":12875357283,"osm_type":"node","seamark_type":"rock","display_class":"OTHER","min_zoom":12,"importance":1,"name":null,"ref":null,"common":{"type":"rock"},"children":{"rock":{"water_level":"awash"}},"osm_tags":{"seamark:rock:water_level":"awash","seamark:type":"rock","source":"Bing; Esri","source:position":"Bing; Esri","survey:date":"2025"}}},{"type":"Feature","geometry":{"type":"Point","coordinates":[-63.0035287,7.9576091]},"properties":{"osm_id":12875357284,"osm_type":"node","seamark_type":"rock","display_class":"OTHER","min_zoom":12,"importance":1,"name":null,"ref":null,"common":{"type":"rock"},"children":{"rock":{"water_level":"awash"}},"osm_tags":{"seamark:rock:water_level":"awash","seamark:type":"rock","source":"Bing; Esri","source:position":"Bing; Esri","survey:date":"2025"}}},{"type":"Feature","geometry":{"type":"Point","coordinates":[-63.0031478,7.95703]},"properties":{"osm_id":12875357285,"osm_type":"node","seamark_type":"rock","display_class":"OTHER","min_zoom":12,"importance":1,"name":null,"ref":null,"common":{"type":"rock"},"children":{"rock":{"water_level":"awash"}},"osm_tags":{"seamark:rock:water_level":"awash","seamark:type":"rock","source":"Bing; Esri","source:position":"Bing; Esri","survey:date":"2025"}}},{"type":"Feature","geometry":{"type":"Point","coordinates":[-63.0035394,7.9562809]},"properties":{"osm_id":12875357286,"osm_type":"node","seamark_type":"rock","display_class":"OTHER","min_zoom":12,"importance":1,"name":null,"ref":null,"common":{"type":"rock"},"children":{"rock":{"water_level":"awash"}},"osm_tags":{"seamark:rock:water_level":"awash","seamark:type":"rock","source":"Bing; Esri","source:position":"Bing; Esri","survey:date":"2025"}}},{"type":"Feature","geometry":{"type":"Point","coordinates":[-63.0048376,7.9562809]},"properties":{"osm_id":12875357287,"osm_type":"node","seamark_type":"rock","display_class":"OTHER","min_zoom":12,"importance":1,"name":null,"ref":null,"common":{"type":"rock"},"children":{"rock":{"water_level":"awash"}},"osm_tags":{"seamark:rock:water_level":"awash","seamark:type":"rock","source":"Bing; Esri","source:position":"Bing; Esri","survey:date":"2025"}}},{"type":"Feature","geometry":{"type":"Point","coordinates":[-63.0039901,7.955585]},"properties":{"osm_id":12875357288,"osm_type":"node","seamark_type":"rock","display_class":"OTHER","min_zoom":12,"importance":1,"name":null,"ref":null,"common":{"type":"rock"},"children":{"rock":{"water_level":"awash"}},"osm_tags":{"seamark:rock:water_level":"awash","seamark:type":"rock","source":"Bing; Esri","source:position":"Bing; Esri","survey:date":"2025"}}},{"type":"Feature","geometry":{"type":"Point","coordinates":[-63.0040759,7.9566156]},"properties":{"osm_id":12875357289,"osm_type":"node","seamark_type":"rock","display_class":"OTHER","min_zoom":12,"importance":1,"name":null,"ref":null,"common":{"type":"rock"},"children":{"rock":{"water_level":"awash"}},"osm_tags":{"seamark:rock:water_level":"awash","seamark:type":"rock","source":"Bing; Esri","source:position":"Bing; Esri","survey:date":"2025"}}},{"type":"Feature","geometry":{"type":"Point","coordinates":[-63.005122,7.9563872]},"properties":{"osm_id":12875357290,"osm_type":"node","seamark_type":"rock","display_class":"OTHER","min_zoom":12,"importance":1,"name":null,"ref":null,"common":{"type":"rock"},"children":{"rock":{"water_level":"awash"}},"osm_tags":{"seamark:rock:water_level":"awash","seamark:type":"rock","source":"Bing; Esri","source:position":"Bing; Esri","survey:date":"2025"}}},{"type":"Feature","geometry":{"type":"Point","coordinates":[-63.005712,7.9577366]},"properties":{"osm_id":12875357291,"osm_type":"node","seamark_type":"rock","display_class":"OTHER","min_zoom":12,"importance":1,"name":null,"ref":null,"common":{"type":"rock"},"children":{"rock":{"water_level":"covers"}},"osm_tags":{"seamark:rock:water_level":"covers","seamark:type":"rock","source":"Bing; Esri","source:position":"Bing; Esri","survey:date":"2025"}}},{"type":"Feature","geometry":{"type":"Point","coordinates":[-63.0053634,7.957216]},"properties":{"osm_id":12875357292,"osm_type":"node","seamark_type":"rock","display_class":"OTHER","min_zoom":12,"importance":1,"name":null,"ref":null,"common":{"type":"rock"},"children":{"rock":{"water_level":"awash"}},"osm_tags":{"seamark:rock:water_level":"awash","seamark:type":"rock","source":"Bing; Esri","source:position":"Bing; Esri","survey:date":"2025"}}},{"type":"Feature","geometry":{"type":"Point","coordinates":[-63.0061251,7.9581032]},"properties":{"osm_id":12875357293,"osm_type":"node","seamark_type":"rock","display_class":"OTHER","min_zoom":12,"importance":1,"name":null,"ref":null,"common":{"type":"rock"},"children":{"rock":{"water_level":"awash"}},"osm_tags":{"seamark:rock:water_level":"awash","seamark:type":"rock","source":"Bing; Esri","source:position":"Bing; Esri","survey:date":"2025"}}},{"type":"Feature","geometry":{"type":"Point","coordinates":[-63.0069405,7.9580501]},"properties":{"osm_id":12875357294,"osm_type":"node","seamark_type":"rock","display_class":"OTHER","min_zoom":12,"importance":1,"name":null,"ref":null,"common":{"type":"rock"},"children":{"rock":{"water_level":"awash"}},"osm_tags":{"seamark:rock:water_level":"awash","seamark:type":"rock","source":"Bing; Esri","source:position":"Bing; Esri","survey:date":"2025"}}},{"type":"Feature","geometry":{"type":"Point","coordinates":[-63.0062807,7.9573701]},"properties":{"osm_id":12875357295,"osm_type":"node","seamark_type":"rock","display_class":"OTHER","min_zoom":12,"importance":1,"name":null,"ref":null,"common":{"type":"rock"},"children":{"rock":{"water_level":"awash"}},"osm_tags":{"seamark:rock:water_level":"awash","seamark:type":"rock","source":"Bing; Esri","source:position":"Bing; Esri","survey:date":"2025"}}},{"type":"Feature","geometry":{"type":"Point","coordinates":[-63.0066508,7.9580713]},"properties":{"osm_id":12875357296,"osm_type":"node","seamark_type":"rock","display_class":"OTHER","min_zoom":12,"importance":1,"name":null,"ref":null,"common":{"type":"rock"},"children":{"rock":{"water_level":"awash"}},"osm_tags":{"seamark:rock:water_level":"awash","seamark:type":"rock","source":"Bing; Esri","source:position":"Bing; Esri","survey:date":"2025"}}},{"type":"Feature","geometry":{"type":"Point","coordinates":[-63.0076593,7.9584804]},"properties":{"osm_id":12875357297,"osm_type":"node","seamark_type":"rock","display_class":"OTHER","min_zoom":12,"importance":1,"name":null,"ref":null,"common":{"type":"rock"},"children":{"rock":{"water_level":"covers"}},"osm_tags":{"seamark:rock:water_level":"covers","seamark:type":"rock","source":"Bing; Esri","source:position":"Bing; Esri","survey:date":"2025"}}},{"type":"Feature","geometry":{"type":"Point","coordinates":[-63.0091077,7.9580554]},"properties":{"osm_id":12875357298,"osm_type":"node","seamark_type":"rock","display_class":"OTHER","min_zoom":12,"importance":1,"name":null,"ref":null,"common":{"type":"rock"},"children":{"rock":{"water_level":"awash"}},"osm_tags":{"seamark:rock:water_level":"awash","seamark:type":"rock","source":"Bing; Esri","source:position":"Bing; Esri","survey:date":"2025"}}},{"type":"Feature","geometry":{"type":"Point","coordinates":[-63.0082494,7.9570779]},"properties":{"osm_id":12875357299,"osm_type":"node","seamark_type":"rock","display_class":"OTHER","min_zoom":12,"importance":1,"name":null,"ref":null,"common":{"type":"rock"},"children":{"rock":{"water_level":"awash"}},"osm_tags":{"seamark:rock:water_level":"awash","seamark:type":"rock","source":"Bing; Esri","source:position":"Bing; Esri","survey:date":"2025"}}},{"type":"Feature","geometry":{"type":"Point","coordinates":[-63.0087322,7.9573222]},"properties":{"osm_id":12875357300,"osm_type":"node","seamark_type":"rock","display_class":"OTHER","min_zoom":12,"importance":1,"name":null,"ref":null,"common":{"type":"rock"},"children":{"rock":{"water_level":"awash"}},"osm_tags":{"seamark:rock:water_level":"awash","seamark:type":"rock","source":"Bing; Esri","source:position":"Bing; Esri","survey:date":"2025"}}},{"type":"Feature","geometry":{"type":"Point","coordinates":[-63.0176961,7.9166802]},"properties":{"osm_id":12875357801,"osm_type":"node","seamark_type":"rock","display_class":"OTHER","min_zoom":12,"importance":1,"name":null,"ref":null,"common":{"type":"rock"},"children":{"rock":{"water_level":"awash"}},"osm_tags":{"seamark:rock:water_level":"awash","seamark:type":"rock","source":"Bing; Esri","source:position":"Bing; Esri","survey:date":"2025"}}},{"type":"Feature","geometry":{"type":"Point","coordinates":[-63.0176666,7.9169406]},"properties":{"osm_id":12875357802,"osm_type":"node","seamark_type":"rock","display_class":"OTHER","min_zoom":12,"importance":1,"name":null,"ref":null,"common":{"type":"rock"},"children":{"rock":{"water_level":"awash"}},"osm_tags":{"seamark:rock:water_level":"awash","seamark:type":"rock","source":"Bing; Esri","source:position":"Bing; Esri","survey:date":"2025"}}},{"type":"Feature","geometry":{"type":"Point","coordinates":[-63.0175674,7.9170176]},"properties":{"osm_id":12875357803,"osm_type":"node","seamark_type":"rock","display_class":"OTHER","min_zoom":12,"importance":1,"name":null,"ref":null,"common":{"type":"rock"},"children":{"rock":{"water_level":"awash"}},"osm_tags":{"seamark:rock:water_level":"awash","seamark:type":"rock","source":"Bing; Esri","source:position":"Bing; Esri","survey:date":"2025"}}},{"type":"Feature","geometry":{"type":"Point","coordinates":[-63.0166072,7.9168051]},"properties":{"osm_id":12875357804,"osm_type":"node","seamark_type":"rock","display_class":"OTHER","min_zoom":12,"importance":1,"name":null,"ref":null,"common":{"type":"rock"},"children":{"rock":{"water_level":"awash"}},"osm_tags":{"seamark:rock:water_level":"awash","seamark:type":"rock","source":"Bing; Esri","source:position":"Bing; Esri","survey:date":"2025"}}},{"type":"Feature","geometry":{"type":"Point","coordinates":[-63.0171517,7.9157823]},"properties":{"osm_id":12875357805,"osm_type":"node","seamark_type":"rock","display_class":"OTHER","min_zoom":12,"importance":1,"name":null,"ref":null,"common":{"type":"rock"},"children":{"rock":{"water_level":"awash"}},"osm_tags":{"seamark:rock:water_level":"awash","seamark:type":"rock","source":"Bing; Esri","source:position":"Bing; Esri","survey:date":"2025"}}},{"type":"Feature","geometry":{"type":"Point","coordinates":[-63.0169049,7.9163322]},"properties":{"osm_id":12875357806,"osm_type":"node","seamark_type":"rock","display_class":"OTHER","min_zoom":12,"importance":1,"name":null,"ref":null,"common":{"type":"rock"},"children":{"rock":{"water_level":"awash"}},"osm_tags":{"seamark:rock:water_level":"awash","seamark:type":"rock","source":"Bing; Esri","source:position":"Bing; Esri","survey:date":"2025"}}},{"type":"Feature","geometry":{"type":"Point","coordinates":[-63.0172804,7.9160825]},"properties":{"osm_id":12875357807,"osm_type":"node","seamark_type":"rock","display_class":"OTHER","min_zoom":12,"importance":1,"name":null,"ref":null,"common":{"type":"rock"},"children":{"rock":{"water_level":"awash"}},"osm_tags":{"seamark:rock:water_level":"awash","seamark:type":"rock","source":"Bing; Esri","source:position":"Bing; Esri","survey:date":"2025"}}},{"type":"Feature","geometry":{"type":"Point","coordinates":[-63.0172643,7.916202]},"properties":{"osm_id":12875357808,"osm_type":"node","seamark_type":"rock","display_class":"OTHER","min_zoom":12,"importance":1,"name":null,"ref":null,"common":{"type":"rock"},"children":{"rock":{"water_level":"awash"}},"osm_tags":{"seamark:rock:water_level":"awash","seamark:type":"rock","source":"Bing; Esri","source:position":"Bing; Esri","survey:date":"2025"}}},{"type":"Feature","geometry":{"type":"Point","coordinates":[-63.0171919,7.9163774]},"properties":{"osm_id":12875357809,"osm_type":"node","seamark_type":"rock","display_class":"OTHER","min_zoom":12,"importance":1,"name":null,"ref":null,"common":{"type":"rock"},"children":{"rock":{"water_level":"awash"}},"osm_tags":{"seamark:rock:water_level":"awash","seamark:type":"rock","source":"Bing; Esri","source:position":"Bing; Esri","survey:date":"2025"}}},{"type":"Feature","geometry":{"type":"Point","coordinates":[-63.0177283,7.9155193]},"properties":{"osm_id":12875357810,"osm_type":"node","seamark_type":"rock","display_class":"OTHER","min_zoom":12,"importance":1,"name":null,"ref":null,"common":{"type":"rock"},"children":{"rock":{"water_level":"covers"}},"osm_tags":{"seamark:rock:water_level":"covers","seamark:type":"rock","source":"Bing; Esri","source:position":"Bing; Esri","survey:date":"2025"}}},{"type":"Feature","geometry":{"type":"Point","coordinates":[-63.0178303,7.9162366]},"properties":{"osm_id":12875357811,"osm_type":"node","seamark_type":"rock","display_class":"OTHER","min_zoom":12,"importance":1,"name":null,"ref":null,"common":{"type":"rock"},"children":{"rock":{"water_level":"covers"}},"osm_tags":{"seamark:rock:water_level":"covers","seamark:type":"rock","source":"Bing; Esri","source:position":"Bing; Esri","survey:date":"2025"}}},{"type":"Feature","geometry":{"type":"Point","coordinates":[-63.0176613,7.9158354]},"properties":{"osm_id":12875357812,"osm_type":"node","seamark_type":"rock","display_class":"OTHER","min_zoom":12,"importance":1,"name":null,"ref":null,"common":{"type":"rock"},"children":{"rock":{"water_level":"covers"}},"osm_tags":{"seamark:rock:water_level":"covers","seamark:type":"rock","source":"Bing; Esri","source:position":"Bing; Esri","survey:date":"2025"}}},{"type":"Feature","geometry":{"type":"Point","coordinates":[-63.0176237,7.9156813]},"properties":{"osm_id":12875357813,"osm_type":"node","seamark_type":"rock","display_class":"OTHER","min_zoom":12,"importance":1,"name":null,"ref":null,"common":{"type":"rock"},"children":{"rock":{"water_level":"covers"}},"osm_tags":{"seamark:rock:water_level":"covers","seamark:type":"rock","source":"Bing; Esri","source:position":"Bing; Esri","survey:date":"2025"}}},{"type":"Feature","geometry":{"type":"Point","coordinates":[-63.0175915,7.9155697]},"properties":{"osm_id":12875357814,"osm_type":"node","seamark_type":"rock","display_class":"OTHER","min_zoom":12,"importance":1,"name":null,"ref":null,"common":{"type":"rock"},"children":{"rock":{"water_level":"covers"}},"osm_tags":{"seamark:rock:water_level":"covers","seamark:type":"rock","source":"Bing; Esri","source:position":"Bing; Esri","survey:date":"2025"}}},{"type":"Feature","geometry":{"type":"Point","coordinates":[-63.0169559,7.9153439]},"properties":{"osm_id":12875357815,"osm_type":"node","seamark_type":"rock","display_class":"OTHER","min_zoom":12,"importance":1,"name":null,"ref":null,"common":{"type":"rock"},"children":{"rock":{"water_level":"awash"}},"osm_tags":{"seamark:rock:water_level":"awash","seamark:type":"rock","source":"Bing; Esri","source:position":"Bing; Esri","survey:date":"2025"}}},{"type":"Feature","geometry":{"type":"Point","coordinates":[-63.0169264,7.9149747]},"properties":{"osm_id":12875357816,"osm_type":"node","seamark_type":"rock","display_class":"OTHER","min_zoom":12,"importance":1,"name":null,"ref":null,"common":{"type":"rock"},"children":{"rock":{"water_level":"awash"}},"osm_tags":{"seamark:rock:water_level":"awash","seamark:type":"rock","source":"Bing; Esri","source:position":"Bing; Esri","survey:date":"2025"}}},{"type":"Feature","geometry":{"type":"Point","coordinates":[-63.0170471,7.9150703]},"properties":{"osm_id":12875357817,"osm_type":"node","seamark_type":"rock","display_class":"OTHER","min_zoom":12,"importance":1,"name":null,"ref":null,"common":{"type":"rock"},"children":{"rock":{"water_level":"awash"}},"osm_tags":{"seamark:rock:water_level":"awash","seamark:type":"rock","source":"Bing; Esri","source:position":"Bing; Esri","survey:date":"2025"}}},{"type":"Feature","geometry":{"type":"Point","coordinates":[-63.0168915,7.9151447]},"properties":{"osm_id":12875357818,"osm_type":"node","seamark_type":"rock","display_class":"OTHER","min_zoom":12,"importance":1,"name":null,"ref":null,"common":{"type":"rock"},"children":{"rock":{"water_level":"awash"}},"osm_tags":{"seamark:rock:water_level":"awash","seamark:type":"rock","source":"Bing; Esri","source:position":"Bing; Esri","survey:date":"2025"}}},{"type":"Feature","geometry":{"type":"Point","coordinates":[-63.0182594,7.9154183]},"properties":{"osm_id":12875357819,"osm_type":"node","seamark_type":"rock","display_class":"OTHER","min_zoom":12,"importance":1,"name":null,"ref":null,"common":{"type":"rock"},"children":{"rock":{"water_level":"awash"}},"osm_tags":{"seamark:rock:water_level":"awash","seamark:type":"rock","source":"Bing; Esri","source:position":"Bing; Esri","survey:date":"2025"}}},{"type":"Feature","geometry":{"type":"Point","coordinates":[-63.0179402,7.9146904]},"properties":{"osm_id":12875357820,"osm_type":"node","seamark_type":"rock","display_class":"OTHER","min_zoom":12,"importance":1,"name":null,"ref":null,"common":{"type":"rock"},"children":{"rock":{"water_level":"awash"}},"osm_tags":{"seamark:rock:water_level":"awash","seamark:type":"rock","source":"Bing; Esri","source:position":"Bing; Esri","survey:date":"2025"}}},{"type":"Feature","geometry":{"type":"Point","coordinates":[-63.0175701,7.9144672]},"properties":{"osm_id":12875357821,"osm_type":"node","seamark_type":"rock","display_class":"OTHER","min_zoom":12,"importance":1,"name":null,"ref":null,"common":{"type":"rock"},"children":{"rock":{"water_level":"awash"}},"osm_tags":{"seamark:rock:water_level":"awash","seamark:type":"rock","source":"Bing; Esri","source:position":"Bing; Esri","survey:date":"2025"}}},{"type":"Feature","geometry":{"type":"Point","coordinates":[-63.0175862,7.9146293]},"properties":{"osm_id":12875357822,"osm_type":"node","seamark_type":"rock","display_class":"OTHER","min_zoom":12,"importance":1,"name":null,"ref":null,"common":{"type":"rock"},"children":{"rock":{"water_level":"awash"}},"osm_tags":{"seamark:rock:water_level":"awash","seamark:type":"rock","source":"Bing; Esri","source:position":"Bing; Esri","survey:date":"2025"}}},{"type":"Feature","geometry":{"type":"Point","coordinates":[-63.0175835,7.914786]},"properties":{"osm_id":12875357823,"osm_type":"node","seamark_type":"rock","display_class":"OTHER","min_zoom":12,"importance":1,"name":null,"ref":null,"common":{"type":"rock"},"children":{"rock":{"water_level":"awash"}},"osm_tags":{"seamark:rock:water_level":"awash","seamark:type":"rock","source":"Bing; Esri","source:position":"Bing; Esri","survey:date":"2025"}}},{"type":"Feature","geometry":{"type":"Point","coordinates":[-63.0172938,7.914693]},"properties":{"osm_id":12875357824,"osm_type":"node","seamark_type":"rock","display_class":"OTHER","min_zoom":12,"importance":1,"name":null,"ref":null,"common":{"type":"rock"},"children":{"rock":{"water_level":"awash"}},"osm_tags":{"seamark:rock:water_level":"awash","seamark:type":"rock","source":"Bing; Esri","source:position":"Bing; Esri","survey:date":"2025"}}},{"type":"Feature","geometry":{"type":"Point","coordinates":[-63.0168271,7.9148312]},"properties":{"osm_id":12875357825,"osm_type":"node","seamark_type":"rock","display_class":"OTHER","min_zoom":12,"importance":1,"name":null,"ref":null,"common":{"type":"rock"},"children":{"rock":{"water_level":"awash"}},"osm_tags":{"seamark:rock:water_level":"awash","seamark:type":"rock","source":"Bing; Esri","source:position":"Bing; Esri","survey:date":"2025"}}},{"type":"Feature","geometry":{"type":"Point","coordinates":[-63.0168593,7.9143955]},"properties":{"osm_id":12875357826,"osm_type":"node","seamark_type":"rock","display_class":"OTHER","min_zoom":12,"importance":1,"name":null,"ref":null,"common":{"type":"rock"},"children":{"rock":{"water_level":"awash"}},"osm_tags":{"seamark:rock:water_level":"awash","seamark:type":"rock","source":"Bing; Esri","source:position":"Bing; Esri","survey:date":"2025"}}},{"type":"Feature","geometry":{"type":"Point","coordinates":[-63.0155611,7.9133913]},"properties":{"osm_id":12875357827,"osm_type":"node","seamark_type":"rock","display_class":"OTHER","min_zoom":12,"importance":1,"name":null,"ref":null,"common":{"type":"rock"},"children":{"rock":{"water_level":"awash"}},"osm_tags":{"seamark:rock:water_level":"awash","seamark:type":"rock","source":"Bing; Esri","source:position":"Bing; Esri","survey:date":"2025"}}},{"type":"Feature","geometry":{"type":"Point","coordinates":[-63.0159259,7.9139598]},"properties":{"osm_id":12875357828,"osm_type":"node","seamark_type":"rock","display_class":"OTHER","min_zoom":12,"importance":1,"name":null,"ref":null,"common":{"type":"rock"},"children":{"rock":{"water_level":"covers"}},"osm_tags":{"seamark:rock:water_level":"covers","seamark:type":"rock","source":"Bing; Esri","source:position":"Bing; Esri","survey:date":"2025"}}},{"type":"Feature","geometry":{"type":"Point","coordinates":[-63.016288,7.9135533]},"properties":{"osm_id":12875357829,"osm_type":"node","seamark_type":"rock","display_class":"OTHER","min_zoom":12,"importance":1,"name":null,"ref":null,"common":{"type":"rock"},"children":{"rock":{"water_level":"covers"}},"osm_tags":{"seamark:rock:water_level":"covers","seamark:type":"rock","source":"Bing; Esri","source:position":"Bing; Esri","survey:date":"2025"}}},{"type":"Feature","geometry":{"type":"Point","coordinates":[-63.0162692,7.9137021]},"properties":{"osm_id":12875357830,"osm_type":"node","seamark_type":"rock","display_class":"OTHER","min_zoom":12,"importance":1,"name":null,"ref":null,"common":{"type":"rock"},"children":{"rock":{"water_level":"covers"}},"osm_tags":{"seamark:rock:water_level":"covers","seamark:type":"rock","source":"Bing; Esri","source:position":"Bing; Esri","survey:date":"2025"}}},{"type":"Feature","geometry":{"type":"Point","coordinates":[-63.0160144,7.9136543]},"properties":{"osm_id":12875357831,"osm_type":"node","seamark_type":"rock","display_class":"OTHER","min_zoom":12,"importance":1,"name":null,"ref":null,"common":{"type":"rock"},"children":{"rock":{"water_level":"covers"}},"osm_tags":{"seamark:rock:water_level":"covers","seamark:type":"rock","source":"Bing; Esri","source:position":"Bing; Esri","survey:date":"2025"}}},{"type":"Feature","geometry":{"type":"Point","coordinates":[-63.0156121,7.9131548]},"properties":{"osm_id":12875357832,"osm_type":"node","seamark_type":"rock","display_class":"OTHER","min_zoom":12,"importance":1,"name":null,"ref":null,"common":{"type":"rock"},"children":{"rock":{"water_level":"covers"}},"osm_tags":{"seamark:rock:water_level":"covers","seamark:type":"rock","source":"Bing; Esri","source:position":"Bing; Esri","survey:date":"2025"}}},{"type":"Feature","geometry":{"type":"Point","coordinates":[-63.0157194,7.913014]},"properties":{"osm_id":12875357833,"osm_type":"node","seamark_type":"rock","display_class":"OTHER","min_zoom":12,"importance":1,"name":null,"ref":null,"common":{"type":"rock"},"children":{"rock":{"water_level":"covers"}},"osm_tags":{"seamark:rock:water_level":"covers","seamark:type":"rock","source":"Bing; Esri","source:position":"Bing; Esri","survey:date":"2025"}}},{"type":"Feature","geometry":{"type":"Point","coordinates":[-63.015663,7.913115]},"properties":{"osm_id":12875357834,"osm_type":"node","seamark_type":"rock","display_class":"OTHER","min_zoom":12,"importance":1,"name":null,"ref":null,"common":{"type":"rock"},"children":{"rock":{"water_level":"covers"}},"osm_tags":{"seamark:rock:water_level":"covers","seamark:type":"rock","source":"Bing; Esri","source:position":"Bing; Esri","survey:date":"2025"}}},{"type":"Feature","geometry":{"type":"Point","coordinates":[-63.0173314,7.9114493]},"properties":{"osm_id":12875357835,"osm_type":"node","seamark_type":"rock","display_class":"OTHER","min_zoom":12,"importance":1,"name":null,"ref":null,"common":{"type":"rock"},"children":{"rock":{"water_level":"covers"}},"osm_tags":{"seamark:rock:water_level":"covers","seamark:type":"rock","source":"Bing; Esri","source:position":"Bing; Esri","survey:date":"2025"}}},{"type":"Feature","geometry":{"type":"Point","coordinates":[-63.0203193,7.9115555]},"properties":{"osm_id":12875357836,"osm_type":"node","seamark_type":"rock","display_class":"OTHER","min_zoom":12,"importance":1,"name":null,"ref":null,"common":{"type":"rock"},"children":{"rock":{"water_level":"covers"}},"osm_tags":{"seamark:rock:water_level":"covers","seamark:type":"rock","source":"Bing; Esri","source:position":"Bing; Esri","survey:date":"2025"}}},{"type":"Feature","geometry":{"type":"Point","coordinates":[-63.0194557,7.9111411]},"properties":{"osm_id":12875357837,"osm_type":"node","seamark_type":"rock","display_class":"OTHER","min_zoom":12,"importance":1,"name":null,"ref":null,"common":{"type":"rock"},"children":{"rock":{"water_level":"covers"}},"osm_tags":{"seamark:rock:water_level":"covers","seamark:type":"rock","source":"Bing; Esri","source:position":"Bing; Esri","survey:date":"2025"}}},{"type":"Feature","geometry":{"type":"Point","coordinates":[-63.0183211,7.9109206]},"properties":{"osm_id":12875357838,"osm_type":"node","seamark_type":"rock","display_class":"OTHER","min_zoom":12,"importance":1,"name":null,"ref":null,"common":{"type":"rock"},"children":{"rock":{"water_level":"awash"}},"osm_tags":{"seamark:rock:water_level":"awash","seamark:type":"rock","source":"Bing; Esri","source:position":"Bing; Esri","survey:date":"2025"}}},{"type":"Feature","geometry":{"type":"Point","coordinates":[-63.0181924,7.911072]},"properties":{"osm_id":12875357839,"osm_type":"node","seamark_type":"rock","display_class":"OTHER","min_zoom":12,"importance":1,"name":null,"ref":null,"common":{"type":"rock"},"children":{"rock":{"water_level":"covers"}},"osm_tags":{"seamark:rock:water_level":"covers","seamark:type":"rock","source":"Bing; Esri","source:position":"Bing; Esri","survey:date":"2025"}}},{"type":"Feature","geometry":{"type":"Point","coordinates":[-63.0185652,7.9123578]},"properties":{"osm_id":12875357840,"osm_type":"node","seamark_type":"rock","display_class":"OTHER","min_zoom":12,"importance":1,"name":null,"ref":null,"common":{"type":"rock"},"children":{"rock":{"water_level":"awash"}},"osm_tags":{"seamark:rock:water_level":"awash","seamark:type":"rock","source":"Bing; Esri","source:position":"Bing; Esri","survey:date":"2025"}}},{"type":"Feature","geometry":{"type":"Point","coordinates":[-63.0187583,7.912055]},"properties":{"osm_id":12875357841,"osm_type":"node","seamark_type":"rock","display_class":"OTHER","min_zoom":12,"importance":1,"name":null,"ref":null,"common":{"type":"rock"},"children":{"rock":{"water_level":"awash"}},"osm_tags":{"seamark:rock:water_level":"awash","seamark:type":"rock","source":"Bing; Esri","source:position":"Bing; Esri","survey:date":"2025"}}},{"type":"Feature","geometry":{"type":"Point","coordinates":[-63.0179027,7.9116591]},"properties":{"osm_id":12875357842,"osm_type":"node","seamark_type":"rock","display_class":"OTHER","min_zoom":12,"importance":1,"name":null,"ref":null,"common":{"type":"rock"},"children":{"rock":{"water_level":"awash"}},"osm_tags":{"seamark:rock:water_level":"awash","seamark:type":"rock","source":"Bing; Esri","source:position":"Bing; Esri","survey:date":"2025"}}},{"type":"Feature","geometry":{"type":"Point","coordinates":[-63.0181387,7.9115476]},"properties":{"osm_id":12875357843,"osm_type":"node","seamark_type":"rock","display_class":"OTHER","min_zoom":12,"importance":1,"name":null,"ref":null,"common":{"type":"rock"},"children":{"rock":{"water_level":"awash"}},"osm_tags":{"seamark:rock:water_level":"awash","seamark:type":"rock","source":"Bing; Esri","source:position":"Bing; Esri","survey:date":"2025"}}},{"type":"Feature","geometry":{"type":"Point","coordinates":[-63.0177873,7.9112952]},"properties":{"osm_id":12875357844,"osm_type":"node","seamark_type":"rock","display_class":"OTHER","min_zoom":12,"importance":1,"name":null,"ref":null,"common":{"type":"rock"},"children":{"rock":{"water_level":"awash"}},"osm_tags":{"seamark:rock:water_level":"awash","seamark:type":"rock","source":"Bing; Esri","source:position":"Bing; Esri","survey:date":"2025"}}},{"type":"Feature","geometry":{"type":"Point","coordinates":[-63.0180046,7.9109232]},"properties":{"osm_id":12875357845,"osm_type":"node","seamark_type":"rock","display_class":"OTHER","min_zoom":12,"importance":1,"name":null,"ref":null,"common":{"type":"rock"},"children":{"rock":{"water_level":"awash"}},"osm_tags":{"seamark:rock:water_level":"awash","seamark:type":"rock","source":"Bing; Esri","source:position":"Bing; Esri","survey:date":"2025"}}},{"type":"Feature","geometry":{"type":"Point","coordinates":[-63.0180448,7.9107452]},"properties":{"osm_id":12875357846,"osm_type":"node","seamark_type":"rock","display_class":"OTHER","min_zoom":12,"importance":1,"name":null,"ref":null,"common":{"type":"rock"},"children":{"rock":{"water_level":"awash"}},"osm_tags":{"seamark:rock:water_level":"awash","seamark:type":"rock","source":"Bing; Esri","source:position":"Bing; Esri","survey:date":"2025"}}},{"type":"Feature","geometry":{"type":"Point","coordinates":[-63.0179456,7.910554]},"properties":{"osm_id":12875357847,"osm_type":"node","seamark_type":"rock","display_class":"OTHER","min_zoom":12,"importance":1,"name":null,"ref":null,"common":{"type":"rock"},"children":{"rock":{"water_level":"awash"}},"osm_tags":{"seamark:rock:water_level":"awash","seamark:type":"rock","source":"Bing; Esri","source:position":"Bing; Esri","survey:date":"2025"}}},{"type":"Feature","geometry":{"type":"Point","coordinates":[-63.0182406,7.9100545]},"properties":{"osm_id":12875357848,"osm_type":"node","seamark_type":"rock","display_class":"OTHER","min_zoom":12,"importance":1,"name":null,"ref":null,"common":{"type":"rock"},"children":{"rock":{"water_level":"awash"}},"osm_tags":{"seamark:rock:water_level":"awash","seamark:type":"rock","source":"Bing; Esri","source:position":"Bing; Esri","survey:date":"2025"}}},{"type":"Feature","geometry":{"type":"Point","coordinates":[-63.0179268,7.9096932]},"properties":{"osm_id":12875357849,"osm_type":"node","seamark_type":"rock","display_class":"OTHER","min_zoom":12,"importance":1,"name":null,"ref":null,"common":{"type":"rock"},"children":{"rock":{"water_level":"awash"}},"osm_tags":{"seamark:rock:water_level":"awash","seamark:type":"rock","source":"Bing; Esri","source:position":"Bing; Esri","survey:date":"2025"}}},{"type":"Feature","geometry":{"type":"Point","coordinates":[-63.0156201,7.9082665]},"properties":{"osm_id":12875357850,"osm_type":"node","seamark_type":"rock","display_class":"OTHER","min_zoom":12,"importance":1,"name":null,"ref":null,"common":{"type":"rock"},"children":{"rock":{"water_level":"awash"}},"osm_tags":{"seamark:rock:water_level":"awash","seamark:type":"rock","source":"Bing; Esri","source:position":"Bing; Esri","survey:date":"2025"}}},{"type":"Feature","geometry":{"type":"Point","coordinates":[-63.0122137,7.9083834]},"properties":{"osm_id":12875357851,"osm_type":"node","seamark_type":"rock","display_class":"OTHER","min_zoom":12,"importance":1,"name":null,"ref":null,"common":{"type":"rock"},"children":{"rock":{"water_level":"submerged"}},"osm_tags":{"seamark:rock:water_level":"submerged","seamark:type":"rock","source":"Bing; Esri","source:position":"Bing; Esri","survey:date":"2025"}}},{"type":"Feature","geometry":{"type":"Point","coordinates":[-63.0128467,7.9078415]},"properties":{"osm_id":12875357852,"osm_type":"node","seamark_type":"rock","display_class":"OTHER","min_zoom":12,"importance":1,"name":null,"ref":null,"common":{"type":"rock"},"children":{"rock":{"water_level":"submerged"}},"osm_tags":{"seamark:rock:water_level":"submerged","seamark:type":"rock","source":"Bing; Esri","source:position":"Bing; Esri","survey:date":"2025"}}},{"type":"Feature","geometry":{"type":"Point","coordinates":[-63.0130774,7.9084259]},"properties":{"osm_id":12875357853,"osm_type":"node","seamark_type":"rock","display_class":"OTHER","min_zoom":12,"importance":1,"name":null,"ref":null,"common":{"type":"rock"},"children":{"rock":{"water_level":"awash"}},"osm_tags":{"seamark:rock:water_level":"awash","seamark:type":"rock","source":"Bing; Esri","source:position":"Bing; Esri","survey:date":"2025"}}},{"type":"Feature","geometry":{"type":"Point","coordinates":[-63.0143327,7.9096586]},"properties":{"osm_id":12875357854,"osm_type":"node","seamark_type":"rock","display_class":"OTHER","min_zoom":12,"importance":1,"name":null,"ref":null,"common":{"type":"rock"},"children":{"rock":{"water_level":"covers"}},"osm_tags":{"seamark:rock:water_level":"covers","seamark:type":"rock","source":"Bing; Esri","source:position":"Bing; Esri","survey:date":"2025"}}},{"type":"Feature","geometry":{"type":"Point","coordinates":[-63.0138713,7.9089041]},"properties":{"osm_id":12875357855,"osm_type":"node","seamark_type":"rock","display_class":"OTHER","min_zoom":12,"importance":1,"name":null,"ref":null,"common":{"type":"rock"},"children":{"rock":{"water_level":"covers"}},"osm_tags":{"seamark:rock:water_level":"covers","seamark:type":"rock","source":"Bing; Esri","source:position":"Bing; Esri","survey:date":"2025"}}},{"type":"Feature","geometry":{"type":"Point","coordinates":[-63.0139706,7.909045]},"properties":{"osm_id":12875357856,"osm_type":"node","seamark_type":"rock","display_class":"OTHER","min_zoom":12,"importance":1,"name":null,"ref":null,"common":{"type":"rock"},"children":{"rock":{"water_level":"covers"}},"osm_tags":{"seamark:rock:water_level":"covers","seamark:type":"rock","source":"Bing; Esri","source:position":"Bing; Esri","survey:date":"2025"}}},{"type":"Feature","geometry":{"type":"Point","coordinates":[-63.0141234,7.9093159]},"properties":{"osm_id":12875357857,"osm_type":"node","seamark_type":"rock","display_class":"OTHER","min_zoom":12,"importance":1,"name":null,"ref":null,"common":{"type":"rock"},"children":{"rock":{"water_level":"covers"}},"osm_tags":{"seamark:rock:water_level":"covers","seamark:type":"rock","source":"Bing; Esri","source:position":"Bing; Esri","survey:date":"2025"}}},{"type":"Feature","geometry":{"type":"Point","coordinates":[-63.0168217,7.9087076]},"properties":{"osm_id":12875357858,"osm_type":"node","seamark_type":"rock","display_class":"OTHER","min_zoom":12,"importance":1,"name":null,"ref":null,"common":{"type":"rock"},"children":{"rock":{"water_level":"covers"}},"osm_tags":{"seamark:rock:water_level":"covers","seamark:type":"rock","source":"Bing; Esri","source:position":"Bing; Esri","survey:date":"2025"}}},{"type":"Feature","geometry":{"type":"Point","coordinates":[-63.0163524,7.9090104]},"properties":{"osm_id":12875357859,"osm_type":"node","seamark_type":"rock","display_class":"OTHER","min_zoom":12,"importance":1,"name":null,"ref":null,"common":{"type":"rock"},"children":{"rock":{"water_level":"awash"}},"osm_tags":{"seamark:rock:water_level":"awash","seamark:type":"rock","source":"Bing; Esri","source:position":"Bing; Esri","survey:date":"2025"}}},{"type":"Feature","geometry":{"type":"Point","coordinates":[-63.0153894,7.9092044]},"properties":{"osm_id":12875357860,"osm_type":"node","seamark_type":"rock","display_class":"OTHER","min_zoom":12,"importance":1,"name":null,"ref":null,"common":{"type":"rock"},"children":{"rock":{"water_level":"covers"}},"osm_tags":{"seamark:rock:water_level":"covers","seamark:type":"rock","source":"Bing; Esri","source:position":"Bing; Esri","survey:date":"2025"}}},{"type":"Feature","geometry":{"type":"Point","coordinates":[-63.0157328,7.9080381]},"properties":{"osm_id":12875357861,"osm_type":"node","seamark_type":"rock","display_class":"OTHER","min_zoom":12,"importance":1,"name":null,"ref":null,"common":{"type":"rock"},"children":{"rock":{"water_level":"covers"}},"osm_tags":{"seamark:rock:water_level":"covers","seamark:type":"rock","source":"Bing; Esri","source:position":"Bing; Esri","survey:date":"2025"}}},{"type":"Feature","geometry":{"type":"Point","coordinates":[-63.0142254,7.9065237]},"properties":{"osm_id":12875357862,"osm_type":"node","seamark_type":"rock","display_class":"OTHER","min_zoom":12,"importance":1,"name":null,"ref":null,"common":{"type":"rock"},"children":{"rock":{"water_level":"covers"}},"osm_tags":{"seamark:rock:water_level":"covers","seamark:type":"rock","source":"Bing; Esri","source:position":"Bing; Esri","survey:date":"2025"}}},{"type":"Feature","geometry":{"type":"Point","coordinates":[-63.0146679,7.9071428]},"properties":{"osm_id":12875357863,"osm_type":"node","seamark_type":"rock","display_class":"OTHER","min_zoom":12,"importance":1,"name":null,"ref":null,"common":{"type":"rock"},"children":{"rock":{"water_level":"covers"}},"osm_tags":{"seamark:rock:water_level":"covers","seamark:type":"rock","source":"Bing; Esri","source:position":"Bing; Esri","survey:date":"2025"}}},{"type":"Feature","geometry":{"type":"Point","coordinates":[-63.0149522,7.9073819]},"properties":{"osm_id":12875357864,"osm_type":"node","seamark_type":"rock","display_class":"OTHER","min_zoom":12,"importance":1,"name":null,"ref":null,"common":{"type":"rock"},"children":{"rock":{"water_level":"covers"}},"osm_tags":{"seamark:rock:water_level":"covers","seamark:type":"rock","source":"Bing; Esri","source:position":"Bing; Esri","survey:date":"2025"}}},{"type":"Feature","geometry":{"type":"Point","coordinates":[-63.0154082,7.907597]},"properties":{"osm_id":12875357865,"osm_type":"node","seamark_type":"rock","display_class":"OTHER","min_zoom":12,"importance":1,"name":null,"ref":null,"common":{"type":"rock"},"children":{"rock":{"water_level":"covers"}},"osm_tags":{"seamark:rock:water_level":"covers","seamark:type":"rock","source":"Bing; Esri","source:position":"Bing; Esri","survey:date":"2025"}}},{"type":"Feature","geometry":{"type":"Point","coordinates":[-63.0160573,7.9076502]},"properties":{"osm_id":12875357866,"osm_type":"node","seamark_type":"rock","display_class":"OTHER","min_zoom":12,"importance":1,"name":null,"ref":null,"common":{"type":"rock"},"children":{"rock":{"water_level":"covers"}},"osm_tags":{"seamark:rock:water_level":"covers","seamark:type":"rock","source":"Bing; Esri","source:position":"Bing; Esri","survey:date":"2025"}}},{"type":"Feature","geometry":{"type":"Point","coordinates":[-63.0168003,7.9060216]},"properties":{"osm_id":12875357867,"osm_type":"node","seamark_type":"rock","display_class":"OTHER","min_zoom":12,"importance":1,"name":null,"ref":null,"common":{"type":"rock"},"children":{"rock":{"water_level":"awash"}},"osm_tags":{"seamark:rock:water_level":"awash","seamark:type":"rock","source":"Bing; Esri","source:position":"Bing; Esri","survey:date":"2025"}}},{"type":"Feature","geometry":{"type":"Point","coordinates":[-63.0167305,7.9061412]},"properties":{"osm_id":12875357868,"osm_type":"node","seamark_type":"rock","display_class":"OTHER","min_zoom":12,"importance":1,"name":null,"ref":null,"common":{"type":"rock"},"children":{"rock":{"water_level":"awash"}},"osm_tags":{"seamark:rock:water_level":"awash","seamark:type":"rock","source":"Bing; Esri","source:position":"Bing; Esri","survey:date":"2025"}}},{"type":"Feature","geometry":{"type":"Point","coordinates":[-63.0149871,7.9046826]},"properties":{"osm_id":12875357869,"osm_type":"node","seamark_type":"rock","display_class":"OTHER","min_zoom":12,"importance":1,"name":null,"ref":null,"common":{"type":"rock"},"children":{"rock":{"water_level":"covers"}},"osm_tags":{"seamark:rock:water_level":"covers","seamark:type":"rock","source":"Bing; Esri","source:position":"Bing; Esri","survey:date":"2025"}}},{"type":"Feature","geometry":{"type":"Point","coordinates":[-63.0148423,7.9045764]},"properties":{"osm_id":12875357870,"osm_type":"node","seamark_type":"rock","display_class":"OTHER","min_zoom":12,"importance":1,"name":null,"ref":null,"common":{"type":"rock"},"children":{"rock":{"water_level":"covers"}},"osm_tags":{"seamark:rock:water_level":"covers","seamark:type":"rock","source":"Bing; Esri","source:position":"Bing; Esri","survey:date":"2025"}}},{"type":"Feature","geometry":{"type":"Point","coordinates":[-63.0153841,7.9049138]},"properties":{"osm_id":12875357871,"osm_type":"node","seamark_type":"rock","display_class":"OTHER","min_zoom":12,"importance":1,"name":null,"ref":null,"common":{"type":"rock"},"children":{"rock":{"water_level":"awash"}},"osm_tags":{"seamark:rock:water_level":"awash","seamark:type":"rock","source":"Bing; Esri","source:position":"Bing; Esri","survey:date":"2025"}}},{"type":"Feature","geometry":{"type":"Point","coordinates":[-63.013882,7.9060827]},"properties":{"osm_id":12875357872,"osm_type":"node","seamark_type":"rock","display_class":"OTHER","min_zoom":12,"importance":1,"name":null,"ref":null,"common":{"type":"rock"},"children":{"rock":{"water_level":"awash"}},"osm_tags":{"seamark:rock:water_level":"awash","seamark:type":"rock","source":"Bing; Esri","source:position":"Bing; Esri","survey:date":"2025"}}},{"type":"Feature","geometry":{"type":"Point","coordinates":[-63.0153774,7.9079212]},"properties":{"osm_id":12875357873,"osm_type":"node","seamark_type":"rock","display_class":"OTHER","min_zoom":12,"importance":1,"name":null,"ref":null,"common":{"type":"rock"},"children":{"rock":{"water_level":"awash"}},"osm_tags":{"seamark:rock:water_level":"awash","seamark:type":"rock","source":"Bing; Esri","source:position":"Bing; Esri","survey:date":"2025"}}},{"type":"Feature","geometry":{"type":"Point","coordinates":[-63.010878,7.9574179]},"properties":{"osm_id":12875370401,"osm_type":"node","seamark_type":"rock","display_class":"OTHER","min_zoom":12,"importance":1,"name":null,"ref":null,"common":{"type":"rock"},"children":{"rock":{"water_level":"covers"}},"osm_tags":{"seamark:rock:water_level":"covers","seamark:type":"rock","source":"Bing; Esri","source:position":"Bing; Esri","survey:date":"2025"}}},{"type":"Feature","geometry":{"type":"Point","coordinates":[-63.0105507,7.9573169]},"properties":{"osm_id":12875370402,"osm_type":"node","seamark_type":"rock","display_class":"OTHER","min_zoom":12,"importance":1,"name":null,"ref":null,"common":{"type":"rock"},"children":{"rock":{"water_level":"covers"}},"osm_tags":{"seamark:rock:water_level":"covers","seamark:type":"rock","source":"Bing; Esri","source:position":"Bing; Esri","survey:date":"2025"}}},{"type":"Feature","geometry":{"type":"Point","coordinates":[-63.0135495,7.9564828]},"properties":{"osm_id":12875370403,"osm_type":"node","seamark_type":"rock","display_class":"OTHER","min_zoom":12,"importance":1,"name":null,"ref":null,"common":{"type":"rock"},"children":{"rock":{"water_level":"covers"}},"osm_tags":{"seamark:rock:water_level":"covers","seamark:type":"rock","source":"Bing; Esri","source:position":"Bing; Esri","survey:date":"2025"}}},{"type":"Feature","geometry":{"type":"Point","coordinates":[-63.0110389,7.9552928]},"properties":{"osm_id":12875370404,"osm_type":"node","seamark_type":"rock","display_class":"OTHER","min_zoom":12,"importance":1,"name":null,"ref":null,"common":{"type":"rock"},"children":{"rock":{"water_level":"covers"}},"osm_tags":{"seamark:rock:water_level":"covers","seamark:type":"rock","source":"Bing; Esri","source:position":"Bing; Esri","survey:date":"2025"}}},{"type":"Feature","geometry":{"type":"Point","coordinates":[-63.0143273,7.9537467]},"properties":{"osm_id":12875370405,"osm_type":"node","seamark_type":"rock","display_class":"OTHER","min_zoom":12,"importance":1,"name":null,"ref":null,"common":{"type":"rock"},"children":{"rock":{"water_level":"awash"}},"osm_tags":{"seamark:rock:water_level":"awash","seamark:type":"rock","source":"Bing; Esri","source:position":"Bing; Esri","survey:date":"2025"}}},{"type":"Feature","geometry":{"type":"Point","coordinates":[-63.0135763,7.9542727]},"properties":{"osm_id":12875370406,"osm_type":"node","seamark_type":"rock","display_class":"OTHER","min_zoom":12,"importance":1,"name":null,"ref":null,"common":{"type":"rock"},"children":{"rock":{"water_level":"covers"}},"osm_tags":{"seamark:rock:water_level":"covers","seamark:type":"rock","source":"Bing; Esri","source:position":"Bing; Esri","survey:date":"2025"}}},{"type":"Feature","geometry":{"type":"Point","coordinates":[-63.0150408,7.9502509]},"properties":{"osm_id":12875370407,"osm_type":"node","seamark_type":"rock","display_class":"OTHER","min_zoom":12,"importance":1,"name":null,"ref":null,"common":{"type":"rock"},"children":{"rock":{"water_level":"awash"}},"osm_tags":{"seamark:rock:water_level":"awash","seamark:type":"rock","source":"Bing; Esri","source:position":"Bing; Esri","survey:date":"2025"}}},{"type":"Feature","geometry":{"type":"Point","coordinates":[-63.016929,7.9486145]},"properties":{"osm_id":12875370408,"osm_type":"node","seamark_type":"rock","display_class":"OTHER","min_zoom":12,"importance":1,"name":null,"ref":null,"common":{"type":"rock"},"children":{"rock":{"water_level":"awash"}},"osm_tags":{"seamark:rock:water_level":"awash","seamark:type":"rock","source":"Bing; Esri","source:position":"Bing; Esri","survey:date":"2025"}}},{"type":"Feature","geometry":{"type":"Point","coordinates":[-63.0164623,7.9493318]},"properties":{"osm_id":12875370409,"osm_type":"node","seamark_type":"rock","display_class":"OTHER","min_zoom":12,"importance":1,"name":null,"ref":null,"common":{"type":"rock"},"children":{"rock":{"water_level":"awash"}},"osm_tags":{"seamark:rock:water_level":"awash","seamark:type":"rock","source":"Bing; Esri","source:position":"Bing; Esri","survey:date":"2025"}}},{"type":"Feature","geometry":{"type":"Point","coordinates":[-63.0186778,7.9515632]},"properties":{"osm_id":12875370410,"osm_type":"node","seamark_type":"rock","display_class":"OTHER","min_zoom":12,"importance":1,"name":null,"ref":null,"common":{"type":"rock"},"children":{"rock":{"water_level":"covers"}},"osm_tags":{"seamark:rock:water_level":"covers","seamark:type":"rock","source":"Bing; Esri","source:position":"Bing; Esri","survey:date":"2025"}}},{"type":"Feature","geometry":{"type":"Point","coordinates":[-63.0168271,7.9520148]},"properties":{"osm_id":12875370411,"osm_type":"node","seamark_type":"rock","display_class":"OTHER","min_zoom":12,"importance":1,"name":null,"ref":null,"common":{"type":"rock"},"children":{"rock":{"water_level":"awash"}},"osm_tags":{"seamark:rock:water_level":"awash","seamark:type":"rock","source":"Bing; Esri","source:position":"Bing; Esri","survey:date":"2025"}}},{"type":"Feature","geometry":{"type":"Point","coordinates":[-63.0268049,7.9458359]},"properties":{"osm_id":12875370412,"osm_type":"node","seamark_type":"rock","display_class":"OTHER","min_zoom":12,"importance":1,"name":null,"ref":null,"common":{"type":"rock"},"children":{"rock":{"water_level":"awash"}},"osm_tags":{"seamark:rock:water_level":"awash","seamark:type":"rock","source":"Bing; Esri","source:position":"Bing; Esri","survey:date":"2025"}}},{"type":"Feature","geometry":{"type":"Point","coordinates":[-63.0237258,7.954634]},"properties":{"osm_id":12875370413,"osm_type":"node","seamark_type":"rock","display_class":"OTHER","min_zoom":12,"importance":1,"name":null,"ref":null,"common":{"type":"rock"},"children":{"rock":{"water_level":"submerged"}},"osm_tags":{"seamark:rock:water_level":"submerged","seamark:type":"rock","source":"Bing; Esri","source:position":"Bing; Esri","survey:date":"2025"}}},{"type":"Feature","geometry":{"type":"Point","coordinates":[-63.0259627,7.9528489]},"properties":{"osm_id":12875370414,"osm_type":"node","seamark_type":"rock","display_class":"OTHER","min_zoom":12,"importance":1,"name":null,"ref":null,"common":{"type":"rock"},"children":{"rock":{"water_level":"awash"}},"osm_tags":{"seamark:rock:water_level":"awash","seamark:type":"rock","source":"Bing; Esri","source:position":"Bing; Esri","survey:date":"2025"}}},{"type":"Feature","geometry":{"type":"Point","coordinates":[-63.0262819,7.9528515]},"properties":{"osm_id":12875370415,"osm_type":"node","seamark_type":"rock","display_class":"OTHER","min_zoom":12,"importance":1,"name":null,"ref":null,"common":{"type":"rock"},"children":{"rock":{"water_level":"awash"}},"osm_tags":{"seamark:rock:water_level":"awash","seamark:type":"rock","source":"Bing; Esri","source:position":"Bing; Esri","survey:date":"2025"}}},{"type":"Feature","geometry":{"type":"Point","coordinates":[-63.0290955,7.9532606]},"properties":{"osm_id":12875370416,"osm_type":"node","seamark_type":"rock","display_class":"OTHER","min_zoom":12,"importance":1,"name":null,"ref":null,"common":{"type":"rock"},"children":{"rock":{"water_level":"covers"}},"osm_tags":{"seamark:rock:water_level":"covers","seamark:type":"rock","source":"Bing; Esri","source:position":"Bing; Esri","survey:date":"2025"}}},{"type":"Feature","geometry":{"type":"Point","coordinates":[-63.0295596,7.9537866]},"properties":{"osm_id":12875370417,"osm_type":"node","seamark_type":"rock","display_class":"OTHER","min_zoom":12,"importance":1,"name":null,"ref":null,"common":{"type":"rock"},"children":{"rock":{"water_level":"covers"}},"osm_tags":{"seamark:rock:water_level":"covers","seamark:type":"rock","source":"Bing; Esri","source:position":"Bing; Esri","survey:date":"2025"}}},{"type":"Feature","geometry":{"type":"Point","coordinates":[-63.0296481,7.9533164]},"properties":{"osm_id":12875370418,"osm_type":"node","seamark_type":"rock","display_class":"OTHER","min_zoom":12,"importance":1,"name":null,"ref":null,"common":{"type":"rock"},"children":{"rock":{"water_level":"awash"}},"osm_tags":{"seamark:rock:water_level":"awash","seamark:type":"rock","source":"Bing; Esri","source:position":"Bing; Esri","survey:date":"2025"}}},{"type":"Feature","geometry":{"type":"Point","coordinates":[-63.0293369,7.9533058]},"properties":{"osm_id":12875370419,"osm_type":"node","seamark_type":"rock","display_class":"OTHER","min_zoom":12,"importance":1,"name":null,"ref":null,"common":{"type":"rock"},"children":{"rock":{"water_level":"awash"}},"osm_tags":{"seamark:rock:water_level":"awash","seamark:type":"rock","source":"Bing; Esri","source:position":"Bing; Esri","survey:date":"2025"}}},{"type":"Feature","geometry":{"type":"Point","coordinates":[-63.0292833,7.9534094]},"properties":{"osm_id":12875370420,"osm_type":"node","seamark_type":"rock","display_class":"OTHER","min_zoom":12,"importance":1,"name":null,"ref":null,"common":{"type":"rock"},"children":{"rock":{"water_level":"awash"}},"osm_tags":{"seamark:rock:water_level":"awash","seamark:type":"rock","source":"Bing; Esri","source:position":"Bing; Esri","survey:date":"2025"}}},{"type":"Feature","geometry":{"type":"Point","coordinates":[-63.0319709,7.959543]},"properties":{"osm_id":12875370421,"osm_type":"node","seamark_type":"rock","display_class":"OTHER","min_zoom":12,"importance":1,"name":null,"ref":null,"common":{"type":"rock"},"children":{"rock":{"water_level":"awash"}},"osm_tags":{"seamark:rock:water_level":"awash","seamark:type":"rock","source":"Bing; Esri","source:position":"Bing; Esri","survey:date":"2025"}}},{"type":"Feature","geometry":{"type":"Point","coordinates":[-63.0314076,7.9587036]},"properties":{"osm_id":12875370422,"osm_type":"node","seamark_type":"rock","display_class":"OTHER","min_zoom":12,"importance":1,"name":null,"ref":null,"common":{"type":"rock"},"children":{"rock":{"water_level":"covers"}},"osm_tags":{"seamark:rock:water_level":"covers","seamark:type":"rock","source":"Bing; Esri","source:position":"Bing; Esri","survey:date":"2025"}}},{"type":"Feature","geometry":{"type":"Point","coordinates":[-63.0295515,7.9569663]},"properties":{"osm_id":12875370423,"osm_type":"node","seamark_type":"rock","display_class":"OTHER","min_zoom":12,"importance":1,"name":null,"ref":null,"common":{"type":"rock"},"children":{"rock":{"water_level":"covers"}},"osm_tags":{"seamark:rock:water_level":"covers","seamark:type":"rock","source":"Bing; Esri","source:position":"Bing; Esri","survey:date":"2025"}}},{"type":"Feature","geometry":{"type":"Point","coordinates":[-63.0296427,7.9573807]},"properties":{"osm_id":12875370424,"osm_type":"node","seamark_type":"rock","display_class":"OTHER","min_zoom":12,"importance":1,"name":null,"ref":null,"common":{"type":"rock"},"children":{"rock":{"water_level":"covers"}},"osm_tags":{"seamark:rock:water_level":"covers","seamark:type":"rock","source":"Bing; Esri","source:position":"Bing; Esri","survey:date":"2025"}}},{"type":"Feature","geometry":{"type":"Point","coordinates":[-63.0360586,7.9539858]},"properties":{"osm_id":12875370425,"osm_type":"node","seamark_type":"rock","display_class":"OTHER","min_zoom":12,"importance":1,"name":null,"ref":null,"common":{"type":"rock"},"children":{"rock":{"water_level":"submerged"}},"osm_tags":{"seamark:rock:water_level":"submerged","seamark:type":"rock","source":"Bing; Esri","source:position":"Bing; Esri","survey:date":"2025"}}},{"type":"Feature","geometry":{"type":"Point","coordinates":[-63.034755,7.9552556]},"properties":{"osm_id":12875370426,"osm_type":"node","seamark_type":"rock","display_class":"OTHER","min_zoom":12,"importance":1,"name":null,"ref":null,"common":{"type":"rock"},"children":{"rock":{"water_level":"awash"}},"osm_tags":{"seamark:rock:water_level":"awash","seamark:type":"rock","source":"Bing; Esri","source:position":"Bing; Esri","survey:date":"2025"}}},{"type":"Feature","geometry":{"type":"Point","coordinates":[-63.0376518,7.954549]},"properties":{"osm_id":12875370427,"osm_type":"node","seamark_type":"rock","display_class":"OTHER","min_zoom":12,"importance":1,"name":null,"ref":null,"common":{"type":"rock"},"children":{"rock":{"water_level":"awash"}},"osm_tags":{"seamark:rock:water_level":"awash","seamark:type":"rock","source":"Bing; Esri","source:position":"Bing; Esri","survey:date":"2025"}}},{"type":"Feature","geometry":{"type":"Point","coordinates":[-63.0370402,7.9552184]},"properties":{"osm_id":12875370428,"osm_type":"node","seamark_type":"rock","display_class":"OTHER","min_zoom":12,"importance":1,"name":null,"ref":null,"common":{"type":"rock"},"children":{"rock":{"water_level":"awash"}},"osm_tags":{"seamark:rock:water_level":"awash","seamark:type":"rock","source":"Bing; Esri","source:position":"Bing; Esri","survey:date":"2025"}}},{"type":"Feature","geometry":{"type":"Point","coordinates":[-63.0381668,7.9553193]},"properties":{"osm_id":12875370429,"osm_type":"node","seamark_type":"rock","display_class":"OTHER","min_zoom":12,"importance":1,"name":null,"ref":null,"common":{"type":"rock"},"children":{"rock":{"water_level":"awash"}},"osm_tags":{"seamark:rock:water_level":"awash","seamark:type":"rock","source":"Bing; Esri","source:position":"Bing; Esri","survey:date":"2025"}}},{"type":"Feature","geometry":{"type":"Point","coordinates":[-63.0379307,7.9557709]},"properties":{"osm_id":12875370430,"osm_type":"node","seamark_type":"rock","display_class":"OTHER","min_zoom":12,"importance":1,"name":null,"ref":null,"common":{"type":"rock"},"children":{"rock":{"water_level":"awash"}},"osm_tags":{"seamark:rock:water_level":"awash","seamark:type":"rock","source":"Bing; Esri","source:position":"Bing; Esri","survey:date":"2025"}}},{"type":"Feature","geometry":{"type":"Point","coordinates":[-63.0373567,7.9556965]},"properties":{"osm_id":12875370431,"osm_type":"node","seamark_type":"rock","display_class":"OTHER","min_zoom":12,"importance":1,"name":null,"ref":null,"common":{"type":"rock"},"children":{"rock":{"water_level":"awash"}},"osm_tags":{"seamark:rock:water_level":"awash","seamark:type":"rock","source":"Bing; Esri","source:position":"Bing; Esri","survey:date":"2025"}}},{"type":"Feature","geometry":{"type":"Point","coordinates":[-63.0366164,7.9558665]},"properties":{"osm_id":12875370432,"osm_type":"node","seamark_type":"rock","display_class":"OTHER","min_zoom":12,"importance":1,"name":null,"ref":null,"common":{"type":"rock"},"children":{"rock":{"water_level":"awash"}},"osm_tags":{"seamark:rock:water_level":"awash","seamark:type":"rock","source":"Bing; Esri","source:position":"Bing; Esri","survey:date":"2025"}}},{"type":"Feature","geometry":{"type":"Point","coordinates":[-63.0367774,7.9563925]},"properties":{"osm_id":12875370433,"osm_type":"node","seamark_type":"rock","display_class":"OTHER","min_zoom":12,"importance":1,"name":null,"ref":null,"common":{"type":"rock"},"children":{"rock":{"water_level":"awash"}},"osm_tags":{"seamark:rock:water_level":"awash","seamark:type":"rock","source":"Bing; Esri","source:position":"Bing; Esri","survey:date":"2025"}}},{"type":"Feature","geometry":{"type":"Point","coordinates":[-63.0356616,7.9569185]},"properties":{"osm_id":12875370434,"osm_type":"node","seamark_type":"rock","display_class":"OTHER","min_zoom":12,"importance":1,"name":null,"ref":null,"common":{"type":"rock"},"children":{"rock":{"water_level":"awash"}},"osm_tags":{"seamark:rock:water_level":"awash","seamark:type":"rock","source":"Bing; Esri","source:position":"Bing; Esri","survey:date":"2025"}}},{"type":"Feature","geometry":{"type":"Point","coordinates":[-63.0352324,7.9571788]},"properties":{"osm_id":12875370435,"osm_type":"node","seamark_type":"rock","display_class":"OTHER","min_zoom":12,"importance":1,"name":null,"ref":null,"common":{"type":"rock"},"children":{"rock":{"water_level":"awash"}},"osm_tags":{"seamark:rock:water_level":"awash","seamark:type":"rock","source":"Bing; Esri","source:position":"Bing; Esri","survey:date":"2025"}}},{"type":"Feature","geometry":{"type":"Point","coordinates":[-63.035962,7.9580076]},"properties":{"osm_id":12875370436,"osm_type":"node","seamark_type":"rock","display_class":"OTHER","min_zoom":12,"importance":1,"name":null,"ref":null,"common":{"type":"rock"},"children":{"rock":{"water_level":"awash"}},"osm_tags":{"seamark:rock:water_level":"awash","seamark:type":"rock","source":"Bing; Esri","source:position":"Bing; Esri","survey:date":"2025"}}},{"type":"Feature","geometry":{"type":"Point","coordinates":[-63.0361176,7.9578216]},"properties":{"osm_id":12875370437,"osm_type":"node","seamark_type":"rock","display_class":"OTHER","min_zoom":12,"importance":1,"name":null,"ref":null,"common":{"type":"rock"},"children":{"rock":{"water_level":"awash"}},"osm_tags":{"seamark:rock:water_level":"awash","seamark:type":"rock","source":"Bing; Esri","source:position":"Bing; Esri","survey:date":"2025"}}},{"type":"Feature","geometry":{"type":"Point","coordinates":[-63.0365896,7.9574126]},"properties":{"osm_id":12875370438,"osm_type":"node","seamark_type":"rock","display_class":"OTHER","min_zoom":12,"importance":1,"name":null,"ref":null,"common":{"type":"rock"},"children":{"rock":{"water_level":"awash"}},"osm_tags":{"seamark:rock:water_level":"awash","seamark:type":"rock","source":"Bing; Esri","source:position":"Bing; Esri","survey:date":"2025"}}},{"type":"Feature","geometry":{"type":"Point","coordinates":[-63.0367506,7.9571841]},"properties":{"osm_id":12875370439,"osm_type":"node","seamark_type":"rock","display_class":"OTHER","min_zoom":12,"importance":1,"name":null,"ref":null,"common":{"type":"rock"},"children":{"rock":{"water_level":"awash"}},"osm_tags":{"seamark:rock:water_level":"awash","seamark:type":"rock","source":"Bing; Esri","source:position":"Bing; Esri","survey:date":"2025"}}},{"type":"Feature","geometry":{"type":"Point","coordinates":[-63.0370027,7.9569769]},"properties":{"osm_id":12875370440,"osm_type":"node","seamark_type":"rock","display_class":"OTHER","min_zoom":12,"importance":1,"name":null,"ref":null,"common":{"type":"rock"},"children":{"rock":{"water_level":"awash"}},"osm_tags":{"seamark:rock:water_level":"awash","seamark:type":"rock","source":"Bing; Esri","source:position":"Bing; Esri","survey:date":"2025"}}},{"type":"Feature","geometry":{"type":"Point","coordinates":[-63.0405003,7.955399]},"properties":{"osm_id":12875370441,"osm_type":"node","seamark_type":"rock","display_class":"OTHER","min_zoom":12,"importance":1,"name":null,"ref":null,"common":{"type":"rock"},"children":{"rock":{"water_level":"awash"}},"osm_tags":{"seamark:rock:water_level":"awash","seamark:type":"rock","source":"Bing; Esri","source:position":"Bing; Esri","survey:date":"2025"}}},{"type":"Feature","geometry":{"type":"Point","coordinates":[-63.0398136,7.9555425]},"properties":{"osm_id":12875370442,"osm_type":"node","seamark_type":"rock","display_class":"OTHER","min_zoom":12,"importance":1,"name":null,"ref":null,"common":{"type":"rock"},"children":{"rock":{"water_level":"awash"}},"osm_tags":{"seamark:rock:water_level":"awash","seamark:type":"rock","source":"Bing; Esri","source:position":"Bing; Esri","survey:date":"2025"}}},{"type":"Feature","geometry":{"type":"Point","coordinates":[-63.0401033,7.9554256]},"properties":{"osm_id":12875370443,"osm_type":"node","seamark_type":"rock","display_class":"OTHER","min_zoom":12,"importance":1,"name":null,"ref":null,"common":{"type":"rock"},"children":{"rock":{"water_level":"awash"}},"osm_tags":{"seamark:rock:water_level":"awash","seamark:type":"rock","source":"Bing; Esri","source:position":"Bing; Esri","survey:date":"2025"}}},{"type":"Feature","geometry":{"type":"Point","coordinates":[-63.0403125,7.9554096]},"properties":{"osm_id":12875370444,"osm_type":"node","seamark_type":"rock","display_class":"OTHER","min_zoom":12,"importance":1,"name":null,"ref":null,"common":{"type":"rock"},"children":{"rock":{"water_level":"awash"}},"osm_tags":{"seamark:rock:water_level":"awash","seamark:type":"rock","source":"Bing; Esri","source:position":"Bing; Esri","survey:date":"2025"}}},{"type":"Feature","geometry":{"type":"Point","coordinates":[-63.0401999,7.9551015]},"properties":{"osm_id":12875370445,"osm_type":"node","seamark_type":"rock","display_class":"OTHER","min_zoom":12,"importance":1,"name":null,"ref":null,"common":{"type":"rock"},"children":{"rock":{"water_level":"awash"}},"osm_tags":{"seamark:rock:water_level":"awash","seamark:type":"rock","source":"Bing; Esri","source:position":"Bing; Esri","survey:date":"2025"}}},{"type":"Feature","geometry":{"type":"Point","coordinates":[-63.0404842,7.9551759]},"properties":{"osm_id":12875370446,"osm_type":"node","seamark_type":"rock","display_class":"OTHER","min_zoom":12,"importance":1,"name":null,"ref":null,"common":{"type":"rock"},"children":{"rock":{"water_level":"awash"}},"osm_tags":{"seamark:rock:water_level":"awash","seamark:type":"rock","source":"Bing; Esri","source:position":"Bing; Esri","survey:date":"2025"}}},{"type":"Feature","geometry":{"type":"Point","coordinates":[-63.0408061,7.9546074]},"properties":{"osm_id":12875370447,"osm_type":"node","seamark_type":"rock","display_class":"OTHER","min_zoom":12,"importance":1,"name":null,"ref":null,"common":{"type":"rock"},"children":{"rock":{"water_level":"awash"}},"osm_tags":{"seamark:rock:water_level":"awash","seamark:type":"rock","source":"Bing; Esri","source:position":"Bing; Esri","survey:date":"2025"}}},{"type":"Feature","geometry":{"type":"Point","coordinates":[-63.0390197,7.9540761]},"properties":{"osm_id":12875370448,"osm_type":"node","seamark_type":"rock","display_class":"OTHER","min_zoom":12,"importance":1,"name":null,"ref":null,"common":{"type":"rock"},"children":{"rock":{"water_level":"covers"}},"osm_tags":{"seamark:rock:water_level":"covers","seamark:type":"rock","source":"Bing; Esri","source:position":"Bing; Esri","survey:date":"2025"}}},{"type":"Feature","geometry":{"type":"Point","coordinates":[-63.0383384,7.9537414]},"properties":{"osm_id":12875370449,"osm_type":"node","seamark_type":"rock","display_class":"OTHER","min_zoom":12,"importance":1,"name":null,"ref":null,"common":{"type":"rock"},"children":{"rock":{"water_level":"covers"}},"osm_tags":{"seamark:rock:water_level":"covers","seamark:type":"rock","source":"Bing; Esri","source:position":"Bing; Esri","survey:date":"2025"}}},{"type":"Feature","geometry":{"type":"Point","coordinates":[-63.0413693,7.9511488]},"properties":{"osm_id":12875370450,"osm_type":"node","seamark_type":"rock","display_class":"OTHER","min_zoom":12,"importance":1,"name":null,"ref":null,"common":{"type":"rock"},"children":{"rock":{"water_level":"covers"}},"osm_tags":{"seamark:rock:water_level":"covers","seamark:type":"rock","source":"Bing; Esri","source:position":"Bing; Esri","survey:date":"2025"}}},{"type":"Feature","geometry":{"type":"Point","coordinates":[-63.0409241,7.9518766]},"properties":{"osm_id":12875370451,"osm_type":"node","seamark_type":"rock","display_class":"OTHER","min_zoom":12,"importance":1,"name":null,"ref":null,"common":{"type":"rock"},"children":{"rock":{"water_level":"covers"}},"osm_tags":{"seamark:rock:water_level":"covers","seamark:type":"rock","source":"Bing; Esri","source:position":"Bing; Esri","survey:date":"2025"}}},{"type":"Feature","geometry":{"type":"Point","coordinates":[-63.0407149,7.9517544]},"properties":{"osm_id":12875370452,"osm_type":"node","seamark_type":"rock","display_class":"OTHER","min_zoom":12,"importance":1,"name":null,"ref":null,"common":{"type":"rock"},"children":{"rock":{"water_level":"covers"}},"osm_tags":{"seamark:rock:water_level":"covers","seamark:type":"rock","source":"Bing; Esri","source:position":"Bing; Esri","survey:date":"2025"}}},{"type":"Feature","geometry":{"type":"Point","coordinates":[-63.0378985,7.9513241]},"properties":{"osm_id":12875370453,"osm_type":"node","seamark_type":"rock","display_class":"OTHER","min_zoom":12,"importance":1,"name":null,"ref":null,"common":{"type":"rock"},"children":{"rock":{"water_level":"covers"}},"osm_tags":{"seamark:rock:water_level":"covers","seamark:type":"rock","source":"Bing; Esri","source:position":"Bing; Esri","survey:date":"2025"}}},{"type":"Feature","geometry":{"type":"Point","coordinates":[-63.0387515,7.9505218]},"properties":{"osm_id":12875370454,"osm_type":"node","seamark_type":"rock","display_class":"OTHER","min_zoom":12,"importance":1,"name":null,"ref":null,"common":{"type":"rock"},"children":{"rock":{"water_level":"covers"}},"osm_tags":{"seamark:rock:water_level":"covers","seamark:type":"rock","source":"Bing; Esri","source:position":"Bing; Esri","survey:date":"2025"}}},{"type":"Feature","geometry":{"type":"Point","coordinates":[-63.0395132,7.9493902]},"properties":{"osm_id":12875370455,"osm_type":"node","seamark_type":"rock","display_class":"OTHER","min_zoom":12,"importance":1,"name":null,"ref":null,"common":{"type":"rock"},"children":{"rock":{"water_level":"covers"}},"osm_tags":{"seamark:rock:water_level":"covers","seamark:type":"rock","source":"Bing; Esri","source:position":"Bing; Esri","survey:date":"2025"}}},{"type":"Feature","geometry":{"type":"Point","coordinates":[-63.0375284,7.9464628]},"properties":{"osm_id":12875370456,"osm_type":"node","seamark_type":"rock","display_class":"OTHER","min_zoom":12,"importance":1,"name":null,"ref":null,"common":{"type":"rock"},"children":{"rock":{"water_level":"covers"}},"osm_tags":{"seamark:rock:water_level":"covers","seamark:type":"rock","source":"Bing; Esri","source:position":"Bing; Esri","survey:date":"2025"}}},{"type":"Feature","geometry":{"type":"Point","coordinates":[-63.0393684,7.9428288]},"properties":{"osm_id":12875370457,"osm_type":"node","seamark_type":"rock","display_class":"OTHER","min_zoom":12,"importance":1,"name":null,"ref":null,"common":{"type":"rock"},"children":{"rock":{"water_level":"covers"}},"osm_tags":{"seamark:rock:water_level":"covers","seamark:type":"rock","source":"Bing; Esri","source:position":"Bing; Esri","survey:date":"2025"}}},{"type":"Feature","geometry":{"type":"Point","coordinates":[-63.0395722,7.9438701]},"properties":{"osm_id":12875370458,"osm_type":"node","seamark_type":"rock","display_class":"OTHER","min_zoom":12,"importance":1,"name":null,"ref":null,"common":{"type":"rock"},"children":{"rock":{"water_level":"covers"}},"osm_tags":{"seamark:rock:water_level":"covers","seamark:type":"rock","source":"Bing; Esri","source:position":"Bing; Esri","survey:date":"2025"}}},{"type":"Feature","geometry":{"type":"Point","coordinates":[-63.0386844,7.9415776]},"properties":{"osm_id":12875370459,"osm_type":"node","seamark_type":"rock","display_class":"OTHER","min_zoom":12,"importance":1,"name":null,"ref":null,"common":{"type":"rock"},"children":{"rock":{"water_level":"covers"}},"osm_tags":{"seamark:rock:water_level":"covers","seamark:type":"rock","source":"Bing; Esri","source:position":"Bing; Esri","survey:date":"2025"}}},{"type":"Feature","geometry":{"type":"Point","coordinates":[-63.0385718,7.9416466]},"properties":{"osm_id":12875370460,"osm_type":"node","seamark_type":"rock","display_class":"OTHER","min_zoom":12,"importance":1,"name":null,"ref":null,"common":{"type":"rock"},"children":{"rock":{"water_level":"covers"}},"osm_tags":{"seamark:rock:water_level":"covers","seamark:type":"rock","source":"Bing; Esri","source:position":"Bing; Esri","survey:date":"2025"}}},{"type":"Feature","geometry":{"type":"Point","coordinates":[-63.0383948,7.941721]},"properties":{"osm_id":12875370461,"osm_type":"node","seamark_type":"rock","display_class":"OTHER","min_zoom":12,"importance":1,"name":null,"ref":null,"common":{"type":"rock"},"children":{"rock":{"water_level":"covers"}},"osm_tags":{"seamark:rock:water_level":"covers","seamark:type":"rock","source":"Bing; Esri","source:position":"Bing; Esri","survey:date":"2025"}}},{"type":"Feature","geometry":{"type":"Point","coordinates":[-63.0381909,7.9425711]},"properties":{"osm_id":12875370462,"osm_type":"node","seamark_type":"rock","display_class":"OTHER","min_zoom":12,"importance":1,"name":null,"ref":null,"common":{"type":"rock"},"children":{"rock":{"water_level":"awash"}},"osm_tags":{"seamark:rock:water_level":"awash","seamark:type":"rock","source":"Bing; Esri","source:position":"Bing; Esri","survey:date":"2025"}}},{"type":"Feature","geometry":{"type":"Point","coordinates":[-63.0380863,7.9423426]},"properties":{"osm_id":12875370463,"osm_type":"node","seamark_type":"rock","display_class":"OTHER","min_zoom":12,"importance":1,"name":null,"ref":null,"common":{"type":"rock"},"children":{"rock":{"water_level":"awash"}},"osm_tags":{"seamark:rock:water_level":"awash","seamark:type":"rock","source":"Bing; Esri","source:position":"Bing; Esri","survey:date":"2025"}}},{"type":"Feature","geometry":{"type":"Point","coordinates":[-63.0383518,7.9422417]},"properties":{"osm_id":12875370464,"osm_type":"node","seamark_type":"rock","display_class":"OTHER","min_zoom":12,"importance":1,"name":null,"ref":null,"common":{"type":"rock"},"children":{"rock":{"water_level":"awash"}},"osm_tags":{"seamark:rock:water_level":"awash","seamark:type":"rock","source":"Bing; Esri","source:position":"Bing; Esri","survey:date":"2025"}}},{"type":"Feature","geometry":{"type":"Point","coordinates":[-63.0383062,7.9422762]},"properties":{"osm_id":12875370465,"osm_type":"node","seamark_type":"rock","display_class":"OTHER","min_zoom":12,"importance":1,"name":null,"ref":null,"common":{"type":"rock"},"children":{"rock":{"water_level":"awash"}},"osm_tags":{"seamark:rock:water_level":"awash","seamark:type":"rock","source":"Bing; Esri","source:position":"Bing; Esri","survey:date":"2025"}}},{"type":"Feature","geometry":{"type":"Point","coordinates":[-63.0382928,7.9423214]},"properties":{"osm_id":12875370466,"osm_type":"node","seamark_type":"rock","display_class":"OTHER","min_zoom":12,"importance":1,"name":null,"ref":null,"common":{"type":"rock"},"children":{"rock":{"water_level":"awash"}},"osm_tags":{"seamark:rock:water_level":"awash","seamark:type":"rock","source":"Bing; Esri","source:position":"Bing; Esri","survey:date":"2025"}}},{"type":"Feature","geometry":{"type":"Point","coordinates":[-63.0380192,7.9422071]},"properties":{"osm_id":12875370467,"osm_type":"node","seamark_type":"rock","display_class":"OTHER","min_zoom":12,"importance":1,"name":null,"ref":null,"common":{"type":"rock"},"children":{"rock":{"water_level":"awash"}},"osm_tags":{"seamark:rock:water_level":"awash","seamark:type":"rock","source":"Bing; Esri","source:position":"Bing; Esri","survey:date":"2025"}}},{"type":"Feature","geometry":{"type":"Point","coordinates":[-63.0376893,7.9426508]},"properties":{"osm_id":12875370468,"osm_type":"node","seamark_type":"rock","display_class":"OTHER","min_zoom":12,"importance":1,"name":null,"ref":null,"common":{"type":"rock"},"children":{"rock":{"water_level":"awash"}},"osm_tags":{"seamark:rock:water_level":"awash","seamark:type":"rock","source":"Bing; Esri","source:position":"Bing; Esri","survey:date":"2025"}}},{"type":"Feature","geometry":{"type":"Point","coordinates":[-63.0332422,7.9435566]},"properties":{"osm_id":12875370469,"osm_type":"node","seamark_type":"rock","display_class":"OTHER","min_zoom":12,"importance":1,"name":null,"ref":null,"common":{"type":"rock"},"children":{"rock":{"water_level":"covers"}},"osm_tags":{"seamark:rock:water_level":"covers","seamark:type":"rock","source":"Bing; Esri","source:position":"Bing; Esri","survey:date":"2025"}}},{"type":"Feature","geometry":{"type":"Point","coordinates":[-63.0343902,7.9429031]},"properties":{"osm_id":12875370470,"osm_type":"node","seamark_type":"rock","display_class":"OTHER","min_zoom":12,"importance":1,"name":null,"ref":null,"common":{"type":"rock"},"children":{"rock":{"water_level":"covers"}},"osm_tags":{"seamark:rock:water_level":"covers","seamark:type":"rock","source":"Bing; Esri","source:position":"Bing; Esri","survey:date":"2025"}}},{"type":"Feature","geometry":{"type":"Point","coordinates":[-63.0343419,7.943105]},"properties":{"osm_id":12875370471,"osm_type":"node","seamark_type":"rock","display_class":"OTHER","min_zoom":12,"importance":1,"name":null,"ref":null,"common":{"type":"rock"},"children":{"rock":{"water_level":"covers"}},"osm_tags":{"seamark:rock:water_level":"covers","seamark:type":"rock","source":"Bing; Esri","source:position":"Bing; Esri","survey:date":"2025"}}},{"type":"Feature","geometry":{"type":"Point","coordinates":[-63.0336982,7.9429403]},"properties":{"osm_id":12875370472,"osm_type":"node","seamark_type":"rock","display_class":"OTHER","min_zoom":12,"importance":1,"name":null,"ref":null,"common":{"type":"rock"},"children":{"rock":{"water_level":"covers"}},"osm_tags":{"seamark:rock:water_level":"covers","seamark:type":"rock","source":"Bing; Esri","source:position":"Bing; Esri","survey:date":"2025"}}},{"type":"Feature","geometry":{"type":"Point","coordinates":[-63.0337197,7.9440667]},"properties":{"osm_id":12875370473,"osm_type":"node","seamark_type":"rock","display_class":"OTHER","min_zoom":12,"importance":1,"name":null,"ref":null,"common":{"type":"rock"},"children":{"rock":{"water_level":"covers"}},"osm_tags":{"seamark:rock:water_level":"covers","seamark:type":"rock","source":"Bing; Esri","source:position":"Bing; Esri","survey:date":"2025"}}},{"type":"Feature","geometry":{"type":"Point","coordinates":[-63.0331054,7.9426375]},"properties":{"osm_id":12875370474,"osm_type":"node","seamark_type":"rock","display_class":"OTHER","min_zoom":12,"importance":1,"name":null,"ref":null,"common":{"type":"rock"},"children":{"rock":{"water_level":"covers"}},"osm_tags":{"seamark:rock:water_level":"covers","seamark:type":"rock","source":"Bing; Esri","source:position":"Bing; Esri","survey:date":"2025"}}},{"type":"Feature","geometry":{"type":"Point","coordinates":[-63.033438,7.941559]},"properties":{"osm_id":12875370475,"osm_type":"node","seamark_type":"rock","display_class":"OTHER","min_zoom":12,"importance":1,"name":null,"ref":null,"common":{"type":"rock"},"children":{"rock":{"water_level":"awash"}},"osm_tags":{"seamark:rock:water_level":"awash","seamark:type":"rock","source":"Bing; Esri","source:position":"Bing; Esri","survey:date":"2025"}}},{"type":"Feature","geometry":{"type":"Point","coordinates":[-63.0336151,7.9422868]},"properties":{"osm_id":12875370476,"osm_type":"node","seamark_type":"rock","display_class":"OTHER","min_zoom":12,"importance":1,"name":null,"ref":null,"common":{"type":"rock"},"children":{"rock":{"water_level":"awash"}},"osm_tags":{"seamark:rock:water_level":"awash","seamark:type":"rock","source":"Bing; Esri","source:position":"Bing; Esri","survey:date":"2025"}}},{"type":"Feature","geometry":{"type":"Point","coordinates":[-63.0335909,7.9425472]},"properties":{"osm_id":12875370477,"osm_type":"node","seamark_type":"rock","display_class":"OTHER","min_zoom":12,"importance":1,"name":null,"ref":null,"common":{"type":"rock"},"children":{"rock":{"water_level":"awash"}},"osm_tags":{"seamark:rock:water_level":"awash","seamark:type":"rock","source":"Bing; Esri","source:position":"Bing; Esri","survey:date":"2025"}}},{"type":"Feature","geometry":{"type":"Point","coordinates":[-63.0286074,7.9451904]},"properties":{"osm_id":12875370478,"osm_type":"node","seamark_type":"rock","display_class":"OTHER","min_zoom":12,"importance":1,"name":null,"ref":null,"common":{"type":"rock"},"children":{"rock":{"water_level":"awash"}},"osm_tags":{"seamark:rock:water_level":"awash","seamark:type":"rock","source":"Bing; Esri","source:position":"Bing; Esri","survey:date":"2025"}}},{"type":"Feature","geometry":{"type":"Point","coordinates":[-63.0281621,7.9448291]},"properties":{"osm_id":12875370479,"osm_type":"node","seamark_type":"rock","display_class":"OTHER","min_zoom":12,"importance":1,"name":null,"ref":null,"common":{"type":"rock"},"children":{"rock":{"water_level":"awash"}},"osm_tags":{"seamark:rock:water_level":"awash","seamark:type":"rock","source":"Bing; Esri","source:position":"Bing; Esri","survey:date":"2025"}}},{"type":"Feature","geometry":{"type":"Point","coordinates":[-63.028594,7.9444572]},"properties":{"osm_id":12875370480,"osm_type":"node","seamark_type":"rock","display_class":"OTHER","min_zoom":12,"importance":1,"name":null,"ref":null,"common":{"type":"rock"},"children":{"rock":{"water_level":"awash"}},"osm_tags":{"seamark:rock:water_level":"awash","seamark:type":"rock","source":"Bing; Esri","source:position":"Bing; Esri","survey:date":"2025"}}},{"type":"Feature","geometry":{"type":"Point","coordinates":[-63.0291331,7.9449194]},"properties":{"osm_id":12875370481,"osm_type":"node","seamark_type":"rock","display_class":"OTHER","min_zoom":12,"importance":1,"name":null,"ref":null,"common":{"type":"rock"},"children":{"rock":{"water_level":"awash"}},"osm_tags":{"seamark:rock:water_level":"awash","seamark:type":"rock","source":"Bing; Esri","source:position":"Bing; Esri","survey:date":"2025"}}},{"type":"Feature","geometry":{"type":"Point","coordinates":[-63.0271965,7.9383977]},"properties":{"osm_id":12875370482,"osm_type":"node","seamark_type":"rock","display_class":"OTHER","min_zoom":12,"importance":1,"name":null,"ref":null,"common":{"type":"rock"},"children":{"rock":{"water_level":"awash"}},"osm_tags":{"seamark:rock:water_level":"awash","seamark:type":"rock","source":"Bing; Esri","source:position":"Bing; Esri","survey:date":"2025"}}},{"type":"Feature","geometry":{"type":"Point","coordinates":[-63.0312681,7.9316076]},"properties":{"osm_id":12875370483,"osm_type":"node","seamark_type":"rock","display_class":"OTHER","min_zoom":12,"importance":1,"name":null,"ref":null,"common":{"type":"rock"},"children":{"rock":{"water_level":"covers"}},"osm_tags":{"seamark:rock:water_level":"covers","seamark:type":"rock","source":"Bing; Esri","source:position":"Bing; Esri","survey:date":"2025"}}},{"type":"Feature","geometry":{"type":"Point","coordinates":[-63.0343044,7.9297587]},"properties":{"osm_id":12875370484,"osm_type":"node","seamark_type":"rock","display_class":"OTHER","min_zoom":12,"importance":1,"name":null,"ref":null,"common":{"type":"rock"},"children":{"rock":{"water_level":"covers"}},"osm_tags":{"seamark:rock:water_level":"covers","seamark:type":"rock","source":"Bing; Esri","source:position":"Bing; Esri","survey:date":"2025"}}},{"type":"Feature","geometry":{"type":"Point","coordinates":[-63.016988,7.9328297]},"properties":{"osm_id":12875370485,"osm_type":"node","seamark_type":"rock","display_class":"OTHER","min_zoom":12,"importance":1,"name":null,"ref":null,"common":{"type":"rock"},"children":{"rock":{"water_level":"covers"}},"osm_tags":{"seamark:rock:water_level":"covers","seamark:type":"rock","source":"Bing; Esri","source:position":"Bing; Esri","survey:date":"2025"}}},{"type":"Feature","geometry":{"type":"Point","coordinates":[-63.0161566,7.9298968]},"properties":{"osm_id":12875370486,"osm_type":"node","seamark_type":"rock","display_class":"OTHER","min_zoom":12,"importance":1,"name":null,"ref":null,"common":{"type":"rock"},"children":{"rock":{"water_level":"covers"}},"osm_tags":{"seamark:rock:water_level":"covers","seamark:type":"rock","source":"Bing; Esri","source:position":"Bing; Esri","survey:date":"2025"}}},{"type":"Feature","geometry":{"type":"Point","coordinates":[-63.0165535,7.9293974]},"properties":{"osm_id":12875370487,"osm_type":"node","seamark_type":"rock","display_class":"OTHER","min_zoom":12,"importance":1,"name":null,"ref":null,"common":{"type":"rock"},"children":{"rock":{"water_level":"covers"}},"osm_tags":{"seamark:rock:water_level":"covers","seamark:type":"rock","source":"Bing; Esri","source:position":"Bing; Esri","survey:date":"2025"}}},{"type":"Feature","geometry":{"type":"Point","coordinates":[-63.0167413,7.9293974]},"properties":{"osm_id":12875370488,"osm_type":"node","seamark_type":"rock","display_class":"OTHER","min_zoom":12,"importance":1,"name":null,"ref":null,"common":{"type":"rock"},"children":{"rock":{"water_level":"covers"}},"osm_tags":{"seamark:rock:water_level":"covers","seamark:type":"rock","source":"Bing; Esri","source:position":"Bing; Esri","survey:date":"2025"}}},{"type":"Feature","geometry":{"type":"Point","coordinates":[-63.0178571,7.927846]},"properties":{"osm_id":12875370489,"osm_type":"node","seamark_type":"rock","display_class":"OTHER","min_zoom":12,"importance":1,"name":null,"ref":null,"common":{"type":"rock"},"children":{"rock":{"water_level":"covers"}},"osm_tags":{"seamark:rock:water_level":"covers","seamark:type":"rock","source":"Bing; Esri","source:position":"Bing; Esri","survey:date":"2025"}}},{"type":"Feature","geometry":{"type":"Point","coordinates":[-63.0175996,7.9282073]},"properties":{"osm_id":12875370490,"osm_type":"node","seamark_type":"rock","display_class":"OTHER","min_zoom":12,"importance":1,"name":null,"ref":null,"common":{"type":"rock"},"children":{"rock":{"water_level":"covers"}},"osm_tags":{"seamark:rock:water_level":"covers","seamark:type":"rock","source":"Bing; Esri","source:position":"Bing; Esri","survey:date":"2025"}}},{"type":"Feature","geometry":{"type":"Point","coordinates":[-63.0171168,7.9277131]},"properties":{"osm_id":12875370491,"osm_type":"node","seamark_type":"rock","display_class":"OTHER","min_zoom":12,"importance":1,"name":null,"ref":null,"common":{"type":"rock"},"children":{"rock":{"water_level":"covers"}},"osm_tags":{"seamark:rock:water_level":"covers","seamark:type":"rock","source":"Bing; Esri","source:position":"Bing; Esri","survey:date":"2025"}}},{"type":"Feature","geometry":{"type":"Point","coordinates":[-63.0200511,7.9267196]},"properties":{"osm_id":12875370492,"osm_type":"node","seamark_type":"rock","display_class":"OTHER","min_zoom":12,"importance":1,"name":null,"ref":null,"common":{"type":"rock"},"children":{"rock":{"water_level":"submerged"}},"osm_tags":{"seamark:rock:water_level":"submerged","seamark:type":"rock","source":"Bing; Esri","source:position":"Bing; Esri","survey:date":"2025"}}},{"type":"Feature","geometry":{"type":"Point","coordinates":[-63.0204803,7.9260342]},"properties":{"osm_id":12875370493,"osm_type":"node","seamark_type":"rock","display_class":"OTHER","min_zoom":12,"importance":1,"name":null,"ref":null,"common":{"type":"rock"},"children":{"rock":{"water_level":"submerged"}},"osm_tags":{"seamark:rock:water_level":"submerged","seamark:type":"rock","source":"Bing; Esri","source:position":"Bing; Esri","survey:date":"2025"}}},{"type":"Feature","geometry":{"type":"Point","coordinates":[-63.0216175,7.9256941]},"properties":{"osm_id":12875370494,"osm_type":"node","seamark_type":"rock","display_class":"OTHER","min_zoom":12,"importance":1,"name":null,"ref":null,"common":{"type":"rock"},"children":{"rock":{"water_level":"submerged"}},"osm_tags":{"seamark:rock:water_level":"submerged","seamark:type":"rock","source":"Bing; Esri","source:position":"Bing; Esri","survey:date":"2025"}}},{"type":"Feature","geometry":{"type":"Point","coordinates":[-63.0241388,7.9235742]},"properties":{"osm_id":12875370495,"osm_type":"node","seamark_type":"rock","display_class":"OTHER","min_zoom":12,"importance":1,"name":null,"ref":null,"common":{"type":"rock"},"children":{"rock":{"water_level":"covers"}},"osm_tags":{"seamark:rock:water_level":"covers","seamark:type":"rock","source":"Bing; Esri","source:position":"Bing; Esri","survey:date":"2025"}}},{"type":"Feature","geometry":{"type":"Point","coordinates":[-63.0231732,7.9237282]},"properties":{"osm_id":12875370496,"osm_type":"node","seamark_type":"rock","display_class":"OTHER","min_zoom":12,"importance":1,"name":null,"ref":null,"common":{"type":"rock"},"children":{"rock":{"water_level":"covers"}},"osm_tags":{"seamark:rock:water_level":"covers","seamark:type":"rock","source":"Bing; Esri","source:position":"Bing; Esri","survey:date":"2025"}}},{"type":"Feature","geometry":{"type":"Point","coordinates":[-63.0227172,7.9234945]},"properties":{"osm_id":12875370497,"osm_type":"node","seamark_type":"rock","display_class":"OTHER","min_zoom":12,"importance":1,"name":null,"ref":null,"common":{"type":"rock"},"children":{"rock":{"water_level":"covers"}},"osm_tags":{"seamark:rock:water_level":"covers","seamark:type":"rock","source":"Bing; Esri","source:position":"Bing; Esri","survey:date":"2025"}}},{"type":"Feature","geometry":{"type":"Point","coordinates":[-63.0222344,7.9231757]},"properties":{"osm_id":12875370498,"osm_type":"node","seamark_type":"rock","display_class":"OTHER","min_zoom":12,"importance":1,"name":null,"ref":null,"common":{"type":"rock"},"children":{"rock":{"water_level":"covers"}},"osm_tags":{"seamark:rock:water_level":"covers","seamark:type":"rock","source":"Bing; Esri","source:position":"Bing; Esri","survey:date":"2025"}}},{"type":"Feature","geometry":{"type":"Point","coordinates":[-63.0190909,7.923011]},"properties":{"osm_id":12875370499,"osm_type":"node","seamark_type":"rock","display_class":"OTHER","min_zoom":12,"importance":1,"name":null,"ref":null,"common":{"type":"rock"},"children":{"rock":{"water_level":"covers"}},"osm_tags":{"seamark:rock:water_level":"covers","seamark:type":"rock","source":"Bing; Esri","source:position":"Bing; Esri","survey:date":"2025"}}},{"type":"Feature","geometry":{"type":"Point","coordinates":[-63.0192787,7.9226231]},"properties":{"osm_id":12875370500,"osm_type":"node","seamark_type":"rock","display_class":"OTHER","min_zoom":12,"importance":1,"name":null,"ref":null,"common":{"type":"rock"},"children":{"rock":{"water_level":"covers"}},"osm_tags":{"seamark:rock:water_level":"covers","seamark:type":"rock","source":"Bing; Esri","source:position":"Bing; Esri","survey:date":"2025"}}},{"type":"Feature","geometry":{"type":"Point","coordinates":[-63.0180609,7.923537]},"properties":{"osm_id":12875370501,"osm_type":"node","seamark_type":"rock","display_class":"OTHER","min_zoom":12,"importance":1,"name":null,"ref":null,"common":{"type":"rock"},"children":{"rock":{"water_level":"awash"}},"osm_tags":{"seamark:rock:water_level":"awash","seamark:type":"rock","source":"Bing; Esri","source:position":"Bing; Esri","survey:date":"2025"}}},{"type":"Feature","geometry":{"type":"Point","coordinates":[-63.0188495,7.9238983]},"properties":{"osm_id":12875370502,"osm_type":"node","seamark_type":"rock","display_class":"OTHER","min_zoom":12,"importance":1,"name":null,"ref":null,"common":{"type":"rock"},"children":{"rock":{"water_level":"awash"}},"osm_tags":{"seamark:rock:water_level":"awash","seamark:type":"rock","source":"Bing; Esri","source:position":"Bing; Esri","survey:date":"2025"}}},{"type":"Feature","geometry":{"type":"Point","coordinates":[-63.0190748,7.923792]},"properties":{"osm_id":12875370503,"osm_type":"node","seamark_type":"rock","display_class":"OTHER","min_zoom":12,"importance":1,"name":null,"ref":null,"common":{"type":"rock"},"children":{"rock":{"water_level":"awash"}},"osm_tags":{"seamark:rock:water_level":"awash","seamark:type":"rock","source":"Bing; Esri","source:position":"Bing; Esri","survey:date":"2025"}}},{"type":"Feature","geometry":{"type":"Point","coordinates":[-63.01893,7.9243286]},"properties":{"osm_id":12875370504,"osm_type":"node","seamark_type":"rock","display_class":"OTHER","min_zoom":12,"importance":1,"name":null,"ref":null,"common":{"type":"rock"},"children":{"rock":{"water_level":"awash"}},"osm_tags":{"seamark:rock:water_level":"awash","seamark:type":"rock","source":"Bing; Esri","source:position":"Bing; Esri","survey:date":"2025"}}},{"type":"Feature","geometry":{"type":"Point","coordinates":[-63.0204535,7.9225912]},"properties":{"osm_id":12875370505,"osm_type":"node","seamark_type":"rock","display_class":"OTHER","min_zoom":12,"importance":1,"name":null,"ref":null,"common":{"type":"rock"},"children":{"rock":{"water_level":"awash"}},"osm_tags":{"seamark:rock:water_level":"awash","seamark:type":"rock","source":"Bing; Esri","source:position":"Bing; Esri","survey:date":"2025"}}},{"type":"Feature","geometry":{"type":"Point","coordinates":[-63.0210704,7.9227825]},"properties":{"osm_id":12875370506,"osm_type":"node","seamark_type":"rock","display_class":"OTHER","min_zoom":12,"importance":1,"name":null,"ref":null,"common":{"type":"rock"},"children":{"rock":{"water_level":"awash"}},"osm_tags":{"seamark:rock:water_level":"awash","seamark:type":"rock","source":"Bing; Esri","source:position":"Bing; Esri","survey:date":"2025"}}},{"type":"Feature","geometry":{"type":"Point","coordinates":[-63.022036,7.9226656]},"properties":{"osm_id":12875370507,"osm_type":"node","seamark_type":"rock","display_class":"OTHER","min_zoom":12,"importance":1,"name":null,"ref":null,"common":{"type":"rock"},"children":{"rock":{"water_level":"awash"}},"osm_tags":{"seamark:rock:water_level":"awash","seamark:type":"rock","source":"Bing; Esri","source:position":"Bing; Esri","survey:date":"2025"}}},{"type":"Feature","geometry":{"type":"Point","coordinates":[-63.021639,7.9231013]},"properties":{"osm_id":12875370508,"osm_type":"node","seamark_type":"rock","display_class":"OTHER","min_zoom":12,"importance":1,"name":null,"ref":null,"common":{"type":"rock"},"children":{"rock":{"water_level":"awash"}},"osm_tags":{"seamark:rock:water_level":"awash","seamark:type":"rock","source":"Bing; Esri","source:position":"Bing; Esri","survey:date":"2025"}}},{"type":"Feature","geometry":{"type":"Point","coordinates":[-63.0203301,7.9208485]},"properties":{"osm_id":12875370509,"osm_type":"node","seamark_type":"rock","display_class":"OTHER","min_zoom":12,"importance":1,"name":null,"ref":null,"common":{"type":"rock"},"children":{"rock":{"water_level":"awash"}},"osm_tags":{"seamark:rock:water_level":"awash","seamark:type":"rock","source":"Bing; Esri","source:position":"Bing; Esri","survey:date":"2025"}}},{"type":"Feature","geometry":{"type":"Point","coordinates":[-63.0202711,7.9213479]},"properties":{"osm_id":12875370510,"osm_type":"node","seamark_type":"rock","display_class":"OTHER","min_zoom":12,"importance":1,"name":null,"ref":null,"common":{"type":"rock"},"children":{"rock":{"water_level":"awash"}},"osm_tags":{"seamark:rock:water_level":"awash","seamark:type":"rock","source":"Bing; Esri","source:position":"Bing; Esri","survey:date":"2025"}}},{"type":"Feature","geometry":{"type":"Point","coordinates":[-63.0199868,7.9211035]},"properties":{"osm_id":12875370511,"osm_type":"node","seamark_type":"rock","display_class":"OTHER","min_zoom":12,"importance":1,"name":null,"ref":null,"common":{"type":"rock"},"children":{"rock":{"water_level":"awash"}},"osm_tags":{"seamark:rock:water_level":"awash","seamark:type":"rock","source":"Bing; Esri","source:position":"Bing; Esri","survey:date":"2025"}}},{"type":"Feature","geometry":{"type":"Point","coordinates":[-63.0189943,7.9401617]},"properties":{"osm_id":12875370512,"osm_type":"node","seamark_type":"rock","display_class":"OTHER","min_zoom":12,"importance":1,"name":null,"ref":null,"common":{"type":"rock"},"children":{"rock":{"water_level":"submerged"}},"osm_tags":{"seamark:rock:water_level":"submerged","seamark:type":"rock","source":"Bing; Esri","source:position":"Bing; Esri","survey:date":"2025"}}},{"type":"Feature","geometry":{"type":"Point","coordinates":[-63.0234683,7.9395241]},"properties":{"osm_id":12875370513,"osm_type":"node","seamark_type":"rock","display_class":"OTHER","min_zoom":12,"importance":1,"name":null,"ref":null,"common":{"type":"rock"},"children":{"rock":{"water_level":"submerged"}},"osm_tags":{"seamark:rock:water_level":"submerged","seamark:type":"rock","source":"Bing; Esri","source:position":"Bing; Esri","survey:date":"2025"}}},{"type":"Feature","geometry":{"type":"Point","coordinates":[-63.0156362,7.9407567]},"properties":{"osm_id":12875370514,"osm_type":"node","seamark_type":"rock","display_class":"OTHER","min_zoom":12,"importance":1,"name":null,"ref":null,"common":{"type":"rock"},"children":{"rock":{"water_level":"covers"}},"osm_tags":{"seamark:rock:water_level":"covers","seamark:type":"rock","source":"Bing; Esri","source:position":"Bing; Esri","survey:date":"2025"}}},{"type":"Feature","geometry":{"type":"Point","coordinates":[-63.0160761,7.9387803]},"properties":{"osm_id":12875370515,"osm_type":"node","seamark_type":"rock","display_class":"OTHER","min_zoom":12,"importance":1,"name":null,"ref":null,"common":{"type":"rock"},"children":{"rock":{"water_level":"awash"}},"osm_tags":{"seamark:rock:water_level":"awash","seamark:type":"rock","source":"Bing; Esri","source:position":"Bing; Esri","survey:date":"2025"}}},{"type":"Feature","geometry":{"type":"Point","coordinates":[-63.0155289,7.9359165]},"properties":{"osm_id":12875370516,"osm_type":"node","seamark_type":"rock","display_class":"OTHER","min_zoom":12,"importance":1,"name":null,"ref":null,"common":{"type":"rock"},"children":{"rock":{"water_level":"covers"}},"osm_tags":{"seamark:rock:water_level":"covers","seamark:type":"rock","source":"Bing; Esri","source:position":"Bing; Esri","survey:date":"2025"}}},{"type":"Feature","geometry":{"type":"Point","coordinates":[-63.0172509,7.9353587]},"properties":{"osm_id":12875370517,"osm_type":"node","seamark_type":"rock","display_class":"OTHER","min_zoom":12,"importance":1,"name":null,"ref":null,"common":{"type":"rock"},"children":{"rock":{"water_level":"covers"}},"osm_tags":{"seamark:rock:water_level":"covers","seamark:type":"rock","source":"Bing; Esri","source:position":"Bing; Esri","survey:date":"2025"}}},{"type":"Feature","geometry":{"type":"Point","coordinates":[-63.0255175,7.9333131]},"properties":{"osm_id":12875370518,"osm_type":"node","seamark_type":"rock","display_class":"OTHER","min_zoom":12,"importance":1,"name":null,"ref":null,"common":{"type":"rock"},"children":{"rock":{"water_level":"awash"}},"osm_tags":{"seamark:rock:water_level":"awash","seamark:type":"rock","source":"Bing; Esri","source:position":"Bing; Esri","survey:date":"2025"}}},{"type":"Feature","geometry":{"type":"Point","coordinates":[-63.0257589,7.9325959]},"properties":{"osm_id":12875370519,"osm_type":"node","seamark_type":"rock","display_class":"OTHER","min_zoom":12,"importance":1,"name":null,"ref":null,"common":{"type":"rock"},"children":{"rock":{"water_level":"covers"}},"osm_tags":{"seamark:rock:water_level":"covers","seamark:type":"rock","source":"Bing; Esri","source:position":"Bing; Esri","survey:date":"2025"}}},{"type":"Feature","geometry":{"type":"Point","coordinates":[-63.0260164,7.9318521]},"properties":{"osm_id":12875370520,"osm_type":"node","seamark_type":"rock","display_class":"OTHER","min_zoom":12,"importance":1,"name":null,"ref":null,"common":{"type":"rock"},"children":{"rock":{"water_level":"covers"}},"osm_tags":{"seamark:rock:water_level":"covers","seamark:type":"rock","source":"Bing; Esri","source:position":"Bing; Esri","survey:date":"2025"}}},{"type":"Feature","geometry":{"type":"Point","coordinates":[-63.0201262,7.9306725]},"properties":{"osm_id":12875370521,"osm_type":"node","seamark_type":"rock","display_class":"OTHER","min_zoom":12,"importance":1,"name":null,"ref":null,"common":{"type":"rock"},"children":{"rock":{"water_level":"covers"}},"osm_tags":{"seamark:rock:water_level":"covers","seamark:type":"rock","source":"Bing; Esri","source:position":"Bing; Esri","survey:date":"2025"}}},{"type":"Feature","geometry":{"type":"Point","coordinates":[-63.0214191,7.9287279]},"properties":{"osm_id":12875370522,"osm_type":"node","seamark_type":"rock","display_class":"OTHER","min_zoom":12,"importance":1,"name":null,"ref":null,"common":{"type":"rock"},"children":{"rock":{"water_level":"awash"}},"osm_tags":{"seamark:rock:water_level":"awash","seamark:type":"rock","source":"Bing; Esri","source:position":"Bing; Esri","survey:date":"2025"}}},{"type":"Feature","geometry":{"type":"Point","coordinates":[-63.0250883,7.929068]},"properties":{"osm_id":12875370523,"osm_type":"node","seamark_type":"rock","display_class":"OTHER","min_zoom":12,"importance":1,"name":null,"ref":null,"common":{"type":"rock"},"children":{"rock":{"water_level":"awash"}},"osm_tags":{"seamark:rock:water_level":"awash","seamark:type":"rock","source":"Bing; Esri","source:position":"Bing; Esri","survey:date":"2025"}}},{"type":"Feature","geometry":{"type":"Point","coordinates":[-63.02688,7.9266239]},"properties":{"osm_id":12875370524,"osm_type":"node","seamark_type":"rock","display_class":"OTHER","min_zoom":12,"importance":1,"name":null,"ref":null,"common":{"type":"rock"},"children":{"rock":{"water_level":"awash"}},"osm_tags":{"seamark:rock:water_level":"awash","seamark:type":"rock","source":"Bing; Esri","source:position":"Bing; Esri","survey:date":"2025"}}},{"type":"Feature","geometry":{"type":"Point","coordinates":[-63.0031264,7.977489]},"properties":{"osm_id":12875379101,"osm_type":"node","seamark_type":"rock","display_class":"OTHER","min_zoom":12,"importance":1,"name":null,"ref":null,"common":{"type":"rock"},"children":{"rock":{"water_level":"awash"}},"osm_tags":{"seamark:rock:water_level":"awash","seamark:type":"rock","source":"Bing; Esri","source:position":"Bing; Esri","survey:date":"2025"}}},{"type":"Feature","geometry":{"type":"Point","coordinates":[-63.0018497,7.9812184]},"properties":{"osm_id":12875379107,"osm_type":"node","seamark_type":"rock","display_class":"OTHER","min_zoom":12,"importance":1,"name":null,"ref":null,"common":{"type":"rock"},"children":{"rock":{"water_level":"covers"}},"osm_tags":{"seamark:rock:water_level":"covers","seamark:type":"rock","source":"Bing; Esri","source:position":"Bing; Esri","survey:date":"2025"}}},{"type":"Feature","geometry":{"type":"Point","coordinates":[-63.0000579,7.9822384]},"properties":{"osm_id":12875379108,"osm_type":"node","seamark_type":"rock","display_class":"OTHER","min_zoom":12,"importance":1,"name":null,"ref":null,"common":{"type":"rock"},"children":{"rock":{"water_level":"awash"}},"osm_tags":{"seamark:rock:water_level":"awash","seamark:type":"rock","source":"Bing; Esri","source:position":"Bing; Esri","survey:date":"2025"}}},{"type":"Feature","geometry":{"type":"Point","coordinates":[-63.0008519,7.9693821]},"properties":{"osm_id":12875379116,"osm_type":"node","seamark_type":"rock","display_class":"OTHER","min_zoom":12,"importance":1,"name":null,"ref":null,"common":{"type":"rock"},"children":{"rock":{"water_level":"covers"}},"osm_tags":{"seamark:rock:water_level":"covers","seamark:type":"rock","source":"Bing; Esri","source:position":"Bing; Esri","survey:date":"2025"}}},{"type":"Feature","geometry":{"type":"Point","coordinates":[-63.0024505,7.9697858]},"properties":{"osm_id":12875379117,"osm_type":"node","seamark_type":"rock","display_class":"OTHER","min_zoom":12,"importance":1,"name":null,"ref":null,"common":{"type":"rock"},"children":{"rock":{"water_level":"covers"}},"osm_tags":{"seamark:rock:water_level":"covers","seamark:type":"rock","source":"Bing; Esri","source:position":"Bing; Esri","survey:date":"2025"}}},{"type":"Feature","geometry":{"type":"Point","coordinates":[-63.001957,7.9739296]},"properties":{"osm_id":12875379118,"osm_type":"node","seamark_type":"rock","display_class":"OTHER","min_zoom":12,"importance":1,"name":null,"ref":null,"common":{"type":"rock"},"children":{"rock":{"water_level":"covers"}},"osm_tags":{"seamark:rock:water_level":"covers","seamark:type":"rock","source":"Bing; Esri","source:position":"Bing; Esri","survey:date":"2025"}}},{"type":"Feature","geometry":{"type":"Point","coordinates":[-63.0015171,7.9737277]},"properties":{"osm_id":12875379119,"osm_type":"node","seamark_type":"rock","display_class":"OTHER","min_zoom":12,"importance":1,"name":null,"ref":null,"common":{"type":"rock"},"children":{"rock":{"water_level":"awash"}},"osm_tags":{"seamark:rock:water_level":"awash","seamark:type":"rock","source":"Bing; Esri","source:position":"Bing; Esri","survey:date":"2025"}}},{"type":"Feature","geometry":{"type":"Point","coordinates":[-63.0032551,7.9703596]},"properties":{"osm_id":12875379120,"osm_type":"node","seamark_type":"rock","display_class":"OTHER","min_zoom":12,"importance":1,"name":null,"ref":null,"common":{"type":"rock"},"children":{"rock":{"water_level":"awash"}},"osm_tags":{"seamark:rock:water_level":"awash","seamark:type":"rock","source":"Bing; Esri","source:position":"Bing; Esri","survey:date":"2025"}}},{"type":"Feature","geometry":{"type":"Point","coordinates":[-63.0039525,7.9704446]},"properties":{"osm_id":12875379121,"osm_type":"node","seamark_type":"rock","display_class":"OTHER","min_zoom":12,"importance":1,"name":null,"ref":null,"common":{"type":"rock"},"children":{"rock":{"water_level":"awash"}},"osm_tags":{"seamark:rock:water_level":"awash","seamark:type":"rock","source":"Bing; Esri","source:position":"Bing; Esri","survey:date":"2025"}}},{"type":"Feature","geometry":{"type":"Point","coordinates":[-63.0046821,7.9687977]},"properties":{"osm_id":12875379122,"osm_type":"node","seamark_type":"rock","display_class":"OTHER","min_zoom":12,"importance":1,"name":null,"ref":null,"common":{"type":"rock"},"children":{"rock":{"water_level":"awash"}},"osm_tags":{"seamark:rock:water_level":"awash","seamark:type":"rock","source":"Bing; Esri","source:position":"Bing; Esri","survey:date":"2025"}}},{"type":"Feature","geometry":{"type":"Point","coordinates":[-63.0049396,7.9733346]},"properties":{"osm_id":12875379123,"osm_type":"node","seamark_type":"rock","display_class":"OTHER","min_zoom":12,"importance":1,"name":null,"ref":null,"common":{"type":"rock"},"children":{"rock":{"water_level":"awash"}},"osm_tags":{"seamark:rock:water_level":"awash","seamark:type":"rock","source":"Bing; Esri","source:position":"Bing; Esri","survey:date":"2025"}}},{"type":"Feature","geometry":{"type":"Point","coordinates":[-63.008759,7.9643032]},"properties":{"osm_id":12875379124,"osm_type":"node","seamark_type":"rock","display_class":"OTHER","min_zoom":12,"importance":1,"name":null,"ref":null,"common":{"type":"rock"},"children":{"rock":{"water_level":"awash"}},"osm_tags":{"seamark:rock:water_level":"awash","seamark:type":"rock","source":"Bing; Esri","source:position":"Bing; Esri","survey:date":"2025"}}},{"type":"Feature","geometry":{"type":"Point","coordinates":[-63.0223417,7.9597661]},"properties":{"osm_id":12875379125,"osm_type":"node","seamark_type":"rock","display_class":"OTHER","min_zoom":12,"importance":1,"name":null,"ref":null,"common":{"type":"rock"},"children":{"rock":{"water_level":"covers"}},"osm_tags":{"seamark:rock:water_level":"covers","seamark:type":"rock","source":"Bing; Esri","source:position":"Bing; Esri","survey:date":"2025"}}},{"type":"Feature","geometry":{"type":"Point","coordinates":[-63.0201423,7.9584007]},"properties":{"osm_id":12875379126,"osm_type":"node","seamark_type":"rock","display_class":"OTHER","min_zoom":12,"importance":1,"name":null,"ref":null,"common":{"type":"rock"},"children":{"rock":{"water_level":"covers"}},"osm_tags":{"seamark:rock:water_level":"covers","seamark:type":"rock","source":"Bing; Esri","source:position":"Bing; Esri","survey:date":"2025"}}},{"type":"Feature","geometry":{"type":"Point","coordinates":[-63.0384135,7.9577685]},"properties":{"osm_id":12875379127,"osm_type":"node","seamark_type":"rock","display_class":"OTHER","min_zoom":12,"importance":1,"name":null,"ref":null,"common":{"type":"rock"},"children":{"rock":{"water_level":"covers"}},"osm_tags":{"seamark:rock:water_level":"covers","seamark:type":"rock","source":"Bing; Esri","source:position":"Bing; Esri","survey:date":"2025"}}},{"type":"Feature","geometry":{"type":"Point","coordinates":[-63.0428767,7.952392]},"properties":{"osm_id":12875379128,"osm_type":"node","seamark_type":"rock","display_class":"OTHER","min_zoom":12,"importance":1,"name":null,"ref":null,"common":{"type":"rock"},"children":{"rock":{"water_level":"submerged"}},"osm_tags":{"seamark:rock:water_level":"submerged","seamark:type":"rock","source":"Bing; Esri","source:position":"Bing; Esri","survey:date":"2025"}}},{"type":"Feature","geometry":{"type":"Point","coordinates":[-63.0400389,7.9448902]},"properties":{"osm_id":12875379129,"osm_type":"node","seamark_type":"rock","display_class":"OTHER","min_zoom":12,"importance":1,"name":null,"ref":null,"common":{"type":"rock"},"children":{"rock":{"water_level":"covers"}},"osm_tags":{"seamark:rock:water_level":"covers","seamark:type":"rock","source":"Bing; Esri","source:position":"Bing; Esri","survey:date":"2025"}}},{"type":"Feature","geometry":{"type":"Point","coordinates":[-63.0402696,7.9451665]},"properties":{"osm_id":12875379130,"osm_type":"node","seamark_type":"rock","display_class":"OTHER","min_zoom":12,"importance":1,"name":null,"ref":null,"common":{"type":"rock"},"children":{"rock":{"water_level":"covers"}},"osm_tags":{"seamark:rock:water_level":"covers","seamark:type":"rock","source":"Bing; Esri","source:position":"Bing; Esri","survey:date":"2025"}}},{"type":"Feature","geometry":{"type":"Point","coordinates":[-63.0395615,7.9487473]},"properties":{"osm_id":12875379131,"osm_type":"node","seamark_type":"rock","display_class":"OTHER","min_zoom":12,"importance":1,"name":null,"ref":null,"common":{"type":"rock"},"children":{"rock":{"water_level":"awash"}},"osm_tags":{"seamark:rock:water_level":"awash","seamark:type":"rock","source":"Bing; Esri","source:position":"Bing; Esri","survey:date":"2025"}}},{"type":"Feature","geometry":{"type":"Point","coordinates":[-63.0398083,7.9486039]},"properties":{"osm_id":12875379132,"osm_type":"node","seamark_type":"rock","display_class":"OTHER","min_zoom":12,"importance":1,"name":null,"ref":null,"common":{"type":"rock"},"children":{"rock":{"water_level":"awash"}},"osm_tags":{"seamark:rock:water_level":"awash","seamark:type":"rock","source":"Bing; Esri","source:position":"Bing; Esri","survey:date":"2025"}}},{"type":"Feature","geometry":{"type":"Point","coordinates":[-63.0403984,7.9473926]},"properties":{"osm_id":12875379133,"osm_type":"node","seamark_type":"rock","display_class":"OTHER","min_zoom":12,"importance":1,"name":null,"ref":null,"common":{"type":"rock"},"children":{"rock":{"water_level":"awash"}},"osm_tags":{"seamark:rock:water_level":"awash","seamark:type":"rock","source":"Bing; Esri","source:position":"Bing; Esri","survey:date":"2025"}}},{"type":"Feature","geometry":{"type":"Point","coordinates":[-63.0406183,7.9477326]},"properties":{"osm_id":12875379134,"osm_type":"node","seamark_type":"rock","display_class":"OTHER","min_zoom":12,"importance":1,"name":null,"ref":null,"common":{"type":"rock"},"children":{"rock":{"water_level":"awash"}},"osm_tags":{"seamark:rock:water_level":"awash","seamark:type":"rock","source":"Bing; Esri","source:position":"Bing; Esri","survey:date":"2025"}}},{"type":"Feature","geometry":{"type":"Point","coordinates":[-63.0428606,7.9509947]},"properties":{"osm_id":12875379135,"osm_type":"node","seamark_type":"rock","display_class":"OTHER","min_zoom":12,"importance":1,"name":null,"ref":null,"common":{"type":"rock"},"children":{"rock":{"water_level":"covers"}},"osm_tags":{"seamark:rock:water_level":"covers","seamark:type":"rock","source":"Bing; Esri","source:position":"Bing; Esri","survey:date":"2025"}}},{"type":"Feature","geometry":{"type":"Point","coordinates":[-63.0451834,7.9549634]},"properties":{"osm_id":12875379136,"osm_type":"node","seamark_type":"rock","display_class":"OTHER","min_zoom":12,"importance":1,"name":null,"ref":null,"common":{"type":"rock"},"children":{"rock":{"water_level":"awash"}},"osm_tags":{"seamark:rock:water_level":"awash","seamark:type":"rock","source":"Bing; Esri","source:position":"Bing; Esri","survey:date":"2025"}}},{"type":"Feature","geometry":{"type":"Point","coordinates":[-63.0441052,7.9577738]},"properties":{"osm_id":12875379137,"osm_type":"node","seamark_type":"rock","display_class":"OTHER","min_zoom":12,"importance":1,"name":null,"ref":null,"common":{"type":"rock"},"children":{"rock":{"water_level":"awash"}},"osm_tags":{"seamark:rock:water_level":"awash","seamark:type":"rock","source":"Bing; Esri","source:position":"Bing; Esri","survey:date":"2025"}}},{"type":"Feature","geometry":{"type":"Point","coordinates":[-63.0443412,7.9591392]},"properties":{"osm_id":12875379138,"osm_type":"node","seamark_type":"rock","display_class":"OTHER","min_zoom":12,"importance":1,"name":null,"ref":null,"common":{"type":"rock"},"children":{"rock":{"water_level":"awash"}},"osm_tags":{"seamark:rock:water_level":"awash","seamark:type":"rock","source":"Bing; Esri","source:position":"Bing; Esri","survey:date":"2025"}}},{"type":"Feature","geometry":{"type":"Point","coordinates":[-63.0411923,7.9627253]},"properties":{"osm_id":12875379139,"osm_type":"node","seamark_type":"rock","display_class":"OTHER","min_zoom":12,"importance":1,"name":null,"ref":null,"common":{"type":"rock"},"children":{"rock":{"water_level":"awash"}},"osm_tags":{"seamark:rock:water_level":"awash","seamark:type":"rock","source":"Bing; Esri","source:position":"Bing; Esri","survey:date":"2025"}}},{"type":"Feature","geometry":{"type":"Point","coordinates":[-63.041482,7.9627944]},"properties":{"osm_id":12875379140,"osm_type":"node","seamark_type":"rock","display_class":"OTHER","min_zoom":12,"importance":1,"name":null,"ref":null,"common":{"type":"rock"},"children":{"rock":{"water_level":"awash"}},"osm_tags":{"seamark:rock:water_level":"awash","seamark:type":"rock","source":"Bing; Esri","source:position":"Bing; Esri","survey:date":"2025"}}},{"type":"Feature","geometry":{"type":"Point","coordinates":[-63.0410904,7.9628262]},"properties":{"osm_id":12875379141,"osm_type":"node","seamark_type":"rock","display_class":"OTHER","min_zoom":12,"importance":1,"name":null,"ref":null,"common":{"type":"rock"},"children":{"rock":{"water_level":"awash"}},"osm_tags":{"seamark:rock:water_level":"awash","seamark:type":"rock","source":"Bing; Esri","source:position":"Bing; Esri","survey:date":"2025"}}},{"type":"Feature","geometry":{"type":"Point","coordinates":[-63.0488098,7.971964]},"properties":{"osm_id":12875379142,"osm_type":"node","seamark_type":"rock","display_class":"OTHER","min_zoom":12,"importance":1,"name":null,"ref":null,"common":{"type":"rock"},"children":{"rock":{"water_level":"covers"}},"osm_tags":{"seamark:rock:water_level":"covers","seamark:type":"rock","source":"Bing; Esri","source:position":"Bing; Esri","survey:date":"2025"}}},{"type":"Feature","geometry":{"type":"Point","coordinates":[-63.0302703,7.964165]},"properties":{"osm_id":12875379143,"osm_type":"node","seamark_type":"rock","display_class":"OTHER","min_zoom":12,"importance":1,"name":null,"ref":null,"common":{"type":"rock"},"children":{"rock":{"water_level":"covers"}},"osm_tags":{"seamark:rock:water_level":"covers","seamark:type":"rock","source":"Bing; Esri","source:position":"Bing; Esri","survey:date":"2025"}}},{"type":"Feature","geometry":{"type":"Point","coordinates":[-63.0162799,7.9739615]},"properties":{"osm_id":12875379144,"osm_type":"node","seamark_type":"rock","display_class":"OTHER","min_zoom":12,"importance":1,"name":null,"ref":null,"common":{"type":"rock"},"children":{"rock":{"water_level":"covers"}},"osm_tags":{"seamark:rock:water_level":"covers","seamark:type":"rock","source":"Bing; Esri","source:position":"Bing; Esri","survey:date":"2025"}}},{"type":"Feature","geometry":{"type":"Point","coordinates":[-63.0184579,7.9701471]},"properties":{"osm_id":12875379145,"osm_type":"node","seamark_type":"rock","display_class":"OTHER","min_zoom":12,"importance":1,"name":null,"ref":null,"common":{"type":"rock"},"children":{"rock":{"water_level":"awash"}},"osm_tags":{"seamark:rock:water_level":"awash","seamark:type":"rock","source":"Bing; Esri","source:position":"Bing; Esri","survey:date":"2025"}}},{"type":"Feature","geometry":{"type":"Point","coordinates":[-63.0186403,7.9609137]},"properties":{"osm_id":12875379146,"osm_type":"node","seamark_type":"rock","display_class":"OTHER","min_zoom":12,"importance":1,"name":null,"ref":null,"common":{"type":"rock"},"children":{"rock":{"water_level":"covers"}},"osm_tags":{"seamark:rock:water_level":"covers","seamark:type":"rock","source":"Bing; Esri","source:position":"Bing; Esri","survey:date":"2025"}}},{"type":"Feature","geometry":{"type":"Point","coordinates":[-63.0197239,7.9610784]},"properties":{"osm_id":12875379147,"osm_type":"node","seamark_type":"rock","display_class":"OTHER","min_zoom":12,"importance":1,"name":null,"ref":null,"common":{"type":"rock"},"children":{"rock":{"water_level":"covers"}},"osm_tags":{"seamark:rock:water_level":"covers","seamark:type":"rock","source":"Bing; Esri","source:position":"Bing; Esri","survey:date":"2025"}}},{"type":"Feature","geometry":{"type":"Point","coordinates":[-63.0190051,7.955314]},"properties":{"osm_id":12875379148,"osm_type":"node","seamark_type":"rock","display_class":"OTHER","min_zoom":12,"importance":1,"name":null,"ref":null,"common":{"type":"rock"},"children":{"rock":{"water_level":"covers"}},"osm_tags":{"seamark:rock:water_level":"covers","seamark:type":"rock","source":"Bing; Esri","source:position":"Bing; Esri","survey:date":"2025"}}},{"type":"Feature","geometry":{"type":"Point","coordinates":[-63.0292618,7.9593411]},"properties":{"osm_id":12875379149,"osm_type":"node","seamark_type":"rock","display_class":"OTHER","min_zoom":12,"importance":1,"name":null,"ref":null,"common":{"type":"rock"},"children":{"rock":{"water_level":"covers"}},"osm_tags":{"seamark:rock:water_level":"covers","seamark:type":"rock","source":"Bing; Esri","source:position":"Bing; Esri","survey:date":"2025"}}},{"type":"Feature","geometry":{"type":"Point","coordinates":[-63.0333281,7.9622312]},"properties":{"osm_id":12875379150,"osm_type":"node","seamark_type":"rock","display_class":"OTHER","min_zoom":12,"importance":1,"name":null,"ref":null,"common":{"type":"rock"},"children":{"rock":{"water_level":"covers"}},"osm_tags":{"seamark:rock:water_level":"covers","seamark:type":"rock","source":"Bing; Esri","source:position":"Bing; Esri","survey:date":"2025"}}},{"type":"Feature","geometry":{"type":"Point","coordinates":[-63.029809,7.9603293]},"properties":{"osm_id":12875379151,"osm_type":"node","seamark_type":"rock","display_class":"OTHER","min_zoom":12,"importance":1,"name":null,"ref":null,"common":{"type":"rock"},"children":{"rock":{"water_level":"awash"}},"osm_tags":{"seamark:rock:water_level":"awash","seamark:type":"rock","source":"Bing; Esri","source:position":"Bing; Esri","survey:date":"2025"}}},{"type":"Feature","geometry":{"type":"Point","coordinates":[-63.0301631,7.9604249]},"properties":{"osm_id":12875379152,"osm_type":"node","seamark_type":"rock","display_class":"OTHER","min_zoom":12,"importance":1,"name":null,"ref":null,"common":{"type":"rock"},"children":{"rock":{"water_level":"awash"}},"osm_tags":{"seamark:rock:water_level":"awash","seamark:type":"rock","source":"Bing; Esri","source:position":"Bing; Esri","survey:date":"2025"}}},{"type":"Feature","geometry":{"type":"Point","coordinates":[-63.0251902,7.9584167]},"properties":{"osm_id":12875379153,"osm_type":"node","seamark_type":"rock","display_class":"OTHER","min_zoom":12,"importance":1,"name":null,"ref":null,"common":{"type":"rock"},"children":{"rock":{"water_level":"covers"}},"osm_tags":{"seamark:rock:water_level":"covers","seamark:type":"rock","source":"Bing; Esri","source:position":"Bing; Esri","survey:date":"2025"}}},{"type":"Feature","geometry":{"type":"Point","coordinates":[-63.0256569,7.957726]},"properties":{"osm_id":12875379154,"osm_type":"node","seamark_type":"rock","display_class":"OTHER","min_zoom":12,"importance":1,"name":null,"ref":null,"common":{"type":"rock"},"children":{"rock":{"water_level":"awash"}},"osm_tags":{"seamark:rock:water_level":"awash","seamark:type":"rock","source":"Bing; Esri","source:position":"Bing; Esri","survey:date":"2025"}}},{"type":"Feature","geometry":{"type":"Point","coordinates":[-63.0218697,7.9594473]},"properties":{"osm_id":12875379155,"osm_type":"node","seamark_type":"rock","display_class":"OTHER","min_zoom":12,"importance":1,"name":null,"ref":null,"common":{"type":"rock"},"children":{"rock":{"water_level":"awash"}},"osm_tags":{"seamark:rock:water_level":"awash","seamark:type":"rock","source":"Bing; Esri","source:position":"Bing; Esri","survey:date":"2025"}}},{"type":"Feature","geometry":{"type":"Point","coordinates":[-63.0218589,7.9633256]},"properties":{"osm_id":12875379156,"osm_type":"node","seamark_type":"rock","display_class":"OTHER","min_zoom":12,"importance":1,"name":null,"ref":null,"common":{"type":"rock"},"children":{"rock":{"water_level":"awash"}},"osm_tags":{"seamark:rock:water_level":"awash","seamark:type":"rock","source":"Bing; Esri","source:position":"Bing; Esri","survey:date":"2025"}}},{"type":"Feature","geometry":{"type":"Point","coordinates":[-63.0242407,7.9632937]},"properties":{"osm_id":12875379157,"osm_type":"node","seamark_type":"rock","display_class":"OTHER","min_zoom":12,"importance":1,"name":null,"ref":null,"common":{"type":"rock"},"children":{"rock":{"water_level":"awash"}},"osm_tags":{"seamark:rock:water_level":"awash","seamark:type":"rock","source":"Bing; Esri","source:position":"Bing; Esri","survey:date":"2025"}}},{"type":"Feature","geometry":{"type":"Point","coordinates":[-63.0249918,7.9645582]},"properties":{"osm_id":12875379158,"osm_type":"node","seamark_type":"rock","display_class":"OTHER","min_zoom":12,"importance":1,"name":null,"ref":null,"common":{"type":"rock"},"children":{"rock":{"water_level":"awash"}},"osm_tags":{"seamark:rock:water_level":"awash","seamark:type":"rock","source":"Bing; Esri","source:position":"Bing; Esri","survey:date":"2025"}}},{"type":"Feature","geometry":{"type":"Point","coordinates":[-63.0263329,7.9649832]},"properties":{"osm_id":12875379159,"osm_type":"node","seamark_type":"rock","display_class":"OTHER","min_zoom":12,"importance":1,"name":null,"ref":null,"common":{"type":"rock"},"children":{"rock":{"water_level":"awash"}},"osm_tags":{"seamark:rock:water_level":"awash","seamark:type":"rock","source":"Bing; Esri","source:position":"Bing; Esri","survey:date":"2025"}}},{"type":"Feature","geometry":{"type":"Point","coordinates":[-63.0065918,7.9401616]},"properties":{"osm_id":12875379160,"osm_type":"node","seamark_type":"rock","display_class":"OTHER","min_zoom":12,"importance":1,"name":null,"ref":null,"common":{"type":"rock"},"children":{"rock":{"water_level":"covers"}},"osm_tags":{"seamark:rock:water_level":"covers","seamark:type":"rock","source":"Bing; Esri","source:position":"Bing; Esri","survey:date":"2025"}}},{"type":"Feature","geometry":{"type":"Point","coordinates":[-63.0135495,7.952206]},"properties":{"osm_id":12875379161,"osm_type":"node","seamark_type":"rock","display_class":"OTHER","min_zoom":12,"importance":1,"name":null,"ref":null,"common":{"type":"rock"},"children":{"rock":{"water_level":"awash"}},"osm_tags":{"seamark:rock:water_level":"awash","seamark:type":"rock","source":"Bing; Esri","source:position":"Bing; Esri","survey:date":"2025"}}},{"type":"Feature","geometry":{"type":"Point","coordinates":[-63.0121923,7.9506759]},"properties":{"osm_id":12875379162,"osm_type":"node","seamark_type":"rock","display_class":"OTHER","min_zoom":12,"importance":1,"name":null,"ref":null,"common":{"type":"rock"},"children":{"rock":{"water_level":"awash"}},"osm_tags":{"seamark:rock:water_level":"awash","seamark:type":"rock","source":"Bing; Esri","source:position":"Bing; Esri","survey:date":"2025"}}},{"type":"Feature","geometry":{"type":"Point","coordinates":[-63.0130023,7.9489599]},"properties":{"osm_id":12875379163,"osm_type":"node","seamark_type":"rock","display_class":"OTHER","min_zoom":12,"importance":1,"name":null,"ref":null,"common":{"type":"rock"},"children":{"rock":{"water_level":"awash"}},"osm_tags":{"seamark:rock:water_level":"awash","seamark:type":"rock","source":"Bing; Esri","source:position":"Bing; Esri","survey:date":"2025"}}},{"type":"Feature","geometry":{"type":"Point","coordinates":[-63.0126751,7.9498365]},"properties":{"osm_id":12875379164,"osm_type":"node","seamark_type":"rock","display_class":"OTHER","min_zoom":12,"importance":1,"name":null,"ref":null,"common":{"type":"rock"},"children":{"rock":{"water_level":"awash"}},"osm_tags":{"seamark:rock:water_level":"awash","seamark:type":"rock","source":"Bing; Esri","source:position":"Bing; Esri","survey:date":"2025"}}},{"type":"Feature","geometry":{"type":"Point","coordinates":[-63.0067581,7.9560844]},"properties":{"osm_id":12875379165,"osm_type":"node","seamark_type":"rock","display_class":"OTHER","min_zoom":12,"importance":1,"name":null,"ref":null,"common":{"type":"rock"},"children":{"rock":{"water_level":"awash"}},"osm_tags":{"seamark:rock:water_level":"awash","seamark:type":"rock","source":"Bing; Esri","source:position":"Bing; Esri","survey:date":"2025"}}},{"type":"Feature","geometry":{"type":"Point","coordinates":[-63.0081207,7.9560631]},"properties":{"osm_id":12875379166,"osm_type":"node","seamark_type":"rock","display_class":"OTHER","min_zoom":12,"importance":1,"name":null,"ref":null,"common":{"type":"rock"},"children":{"rock":{"water_level":"awash"}},"osm_tags":{"seamark:rock:water_level":"awash","seamark:type":"rock","source":"Bing; Esri","source:position":"Bing; Esri","survey:date":"2025"}}},{"type":"Feature","geometry":{"type":"Point","coordinates":[-63.009215,7.955399]},"properties":{"osm_id":12875379167,"osm_type":"node","seamark_type":"rock","display_class":"OTHER","min_zoom":12,"importance":1,"name":null,"ref":null,"common":{"type":"rock"},"children":{"rock":{"water_level":"awash"}},"osm_tags":{"seamark:rock:water_level":"awash","seamark:type":"rock","source":"Bing; Esri","source:position":"Bing; Esri","survey:date":"2025"}}},{"type":"Feature","geometry":{"type":"Point","coordinates":[-63.0062914,7.952647]},"properties":{"osm_id":12875379168,"osm_type":"node","seamark_type":"rock","display_class":"OTHER","min_zoom":12,"importance":1,"name":null,"ref":null,"common":{"type":"rock"},"children":{"rock":{"water_level":"covers"}},"osm_tags":{"seamark:rock:water_level":"covers","seamark:type":"rock","source":"Bing; Esri","source:position":"Bing; Esri","survey:date":"2025"}}},{"type":"Feature","geometry":{"type":"Point","coordinates":[-63.0037057,7.950389]},"properties":{"osm_id":12875379169,"osm_type":"node","seamark_type":"rock","display_class":"OTHER","min_zoom":12,"importance":1,"name":null,"ref":null,"common":{"type":"rock"},"children":{"rock":{"water_level":"covers"}},"osm_tags":{"seamark:rock:water_level":"covers","seamark:type":"rock","source":"Bing; Esri","source:position":"Bing; Esri","survey:date":"2025"}}},{"type":"Feature","geometry":{"type":"Point","coordinates":[-63.000766,7.9515738]},"properties":{"osm_id":12875379170,"osm_type":"node","seamark_type":"rock","display_class":"OTHER","min_zoom":12,"importance":1,"name":null,"ref":null,"common":{"type":"rock"},"children":{"rock":{"water_level":"covers"}},"osm_tags":{"seamark:rock:water_level":"covers","seamark:type":"rock","source":"Bing; Esri","source:position":"Bing; Esri","survey:date":"2025"}}},{"type":"Feature","geometry":{"type":"Point","coordinates":[-63.0015224,7.9520944]},"properties":{"osm_id":12875379171,"osm_type":"node","seamark_type":"rock","display_class":"OTHER","min_zoom":12,"importance":1,"name":null,"ref":null,"common":{"type":"rock"},"children":{"rock":{"water_level":"covers"}},"osm_tags":{"seamark:rock:water_level":"covers","seamark:type":"rock","source":"Bing; Esri","source:position":"Bing; Esri","survey:date":"2025"}}},{"type":"Feature","geometry":{"type":"Point","coordinates":[-63.0015117,7.9513188]},"properties":{"osm_id":12875379172,"osm_type":"node","seamark_type":"rock","display_class":"OTHER","min_zoom":12,"importance":1,"name":null,"ref":null,"common":{"type":"rock"},"children":{"rock":{"water_level":"covers"}},"osm_tags":{"seamark:rock:water_level":"covers","seamark:type":"rock","source":"Bing; Esri","source:position":"Bing; Esri","survey:date":"2025"}}},{"type":"Feature","geometry":{"type":"Point","coordinates":[-63.0028635,7.9546127]},"properties":{"osm_id":12875379173,"osm_type":"node","seamark_type":"rock","display_class":"OTHER","min_zoom":12,"importance":1,"name":null,"ref":null,"common":{"type":"rock"},"children":{"rock":{"water_level":"awash"}},"osm_tags":{"seamark:rock:water_level":"awash","seamark:type":"rock","source":"Bing; Esri","source:position":"Bing; Esri","survey:date":"2025"}}},{"type":"Feature","geometry":{"type":"Point","coordinates":[-63.0383545,7.9897926]},"properties":{"osm_id":12875386701,"osm_type":"node","seamark_type":"rock","display_class":"OTHER","min_zoom":12,"importance":1,"name":null,"ref":null,"common":{"type":"rock"},"children":{"rock":{"water_level":"awash"}},"osm_tags":{"seamark:rock:water_level":"awash","seamark:type":"rock","source":"Bing; Esri","source:position":"Bing; Esri","survey:date":"2025"}}},{"type":"Feature","geometry":{"type":"Point","coordinates":[-63.0388212,7.9899998]},"properties":{"osm_id":12875386702,"osm_type":"node","seamark_type":"rock","display_class":"OTHER","min_zoom":12,"importance":1,"name":null,"ref":null,"common":{"type":"rock"},"children":{"rock":{"water_level":"awash"}},"osm_tags":{"seamark:rock:water_level":"awash","seamark:type":"rock","source":"Bing; Esri","source:position":"Bing; Esri","survey:date":"2025"}}},{"type":"Feature","geometry":{"type":"Point","coordinates":[-63.0386174,7.9899732]},"properties":{"osm_id":12875386703,"osm_type":"node","seamark_type":"rock","display_class":"OTHER","min_zoom":12,"importance":1,"name":null,"ref":null,"common":{"type":"rock"},"children":{"rock":{"water_level":"awash"}},"osm_tags":{"seamark:rock:water_level":"awash","seamark:type":"rock","source":"Bing; Esri","source:position":"Bing; Esri","survey:date":"2025"}}},{"type":"Feature","geometry":{"type":"Point","coordinates":[-63.0363375,7.9900316]},"properties":{"osm_id":12875386704,"osm_type":"node","seamark_type":"rock","display_class":"OTHER","min_zoom":12,"importance":1,"name":null,"ref":null,"common":{"type":"rock"},"children":{"rock":{"water_level":"awash"}},"osm_tags":{"seamark:rock:water_level":"awash","seamark:type":"rock","source":"Bing; Esri","source:position":"Bing; Esri","survey:date":"2025"}}},{"type":"Feature","geometry":{"type":"Point","coordinates":[-63.0355382,7.9894898]},"properties":{"osm_id":12875386705,"osm_type":"node","seamark_type":"rock","display_class":"OTHER","min_zoom":12,"importance":1,"name":null,"ref":null,"common":{"type":"rock"},"children":{"rock":{"water_level":"awash"}},"osm_tags":{"seamark:rock:water_level":"awash","seamark:type":"rock","source":"Bing; Esri","source:position":"Bing; Esri","survey:date":"2025"}}},{"type":"Feature","geometry":{"type":"Point","coordinates":[-63.0385423,7.9875455]},"properties":{"osm_id":12875386706,"osm_type":"node","seamark_type":"rock","display_class":"OTHER","min_zoom":12,"importance":1,"name":null,"ref":null,"common":{"type":"rock"},"children":{"rock":{"water_level":"awash"}},"osm_tags":{"seamark:rock:water_level":"awash","seamark:type":"rock","source":"Bing; Esri","source:position":"Bing; Esri","survey:date":"2025"}}},{"type":"Feature","geometry":{"type":"Point","coordinates":[-63.039465,7.9876783]},"properties":{"osm_id":12875386707,"osm_type":"node","seamark_type":"rock","display_class":"OTHER","min_zoom":12,"importance":1,"name":null,"ref":null,"common":{"type":"rock"},"children":{"rock":{"water_level":"awash"}},"osm_tags":{"seamark:rock:water_level":"awash","seamark:type":"rock","source":"Bing; Esri","source:position":"Bing; Esri","survey:date":"2025"}}},{"type":"Feature","geometry":{"type":"Point","coordinates":[-63.03608,7.9876889]},"properties":{"osm_id":12875386708,"osm_type":"node","seamark_type":"rock","display_class":"OTHER","min_zoom":12,"importance":1,"name":null,"ref":null,"common":{"type":"rock"},"children":{"rock":{"water_level":"awash"}},"osm_tags":{"seamark:rock:water_level":"awash","seamark:type":"rock","source":"Bing; Esri","source:position":"Bing; Esri","survey:date":"2025"}}},{"type":"Feature","geometry":{"type":"Point","coordinates":[-63.0349374,7.987402]},"properties":{"osm_id":12875386709,"osm_type":"node","seamark_type":"rock","display_class":"OTHER","min_zoom":12,"importance":1,"name":null,"ref":null,"common":{"type":"rock"},"children":{"rock":{"water_level":"awash"}},"osm_tags":{"seamark:rock:water_level":"awash","seamark:type":"rock","source":"Bing; Esri","source:position":"Bing; Esri","survey:date":"2025"}}},{"type":"Feature","geometry":{"type":"Point","coordinates":[-63.0382901,7.9903557]},"properties":{"osm_id":12875386710,"osm_type":"node","seamark_type":"rock","display_class":"OTHER","min_zoom":12,"importance":1,"name":null,"ref":null,"common":{"type":"rock"},"children":{"rock":{"water_level":"covers"}},"osm_tags":{"seamark:rock:water_level":"covers","seamark:type":"rock","source":"Bing; Esri","source:position":"Bing; Esri","survey:date":"2025"}}},{"type":"Feature","geometry":{"type":"Point","coordinates":[-63.0346745,7.9888045]},"properties":{"osm_id":12875386711,"osm_type":"node","seamark_type":"rock","display_class":"OTHER","min_zoom":12,"importance":1,"name":null,"ref":null,"common":{"type":"rock"},"children":{"rock":{"water_level":"covers"}},"osm_tags":{"seamark:rock:water_level":"covers","seamark:type":"rock","source":"Bing; Esri","source:position":"Bing; Esri","survey:date":"2025"}}},{"type":"Feature","geometry":{"type":"Point","coordinates":[-63.0348086,7.9891339]},"properties":{"osm_id":12875386712,"osm_type":"node","seamark_type":"rock","display_class":"OTHER","min_zoom":12,"importance":1,"name":null,"ref":null,"common":{"type":"rock"},"children":{"rock":{"water_level":"covers"}},"osm_tags":{"seamark:rock:water_level":"covers","seamark:type":"rock","source":"Bing; Esri","source:position":"Bing; Esri","survey:date":"2025"}}},{"type":"Feature","geometry":{"type":"Point","coordinates":[-63.035624,7.9903982]},"properties":{"osm_id":12875386713,"osm_type":"node","seamark_type":"rock","display_class":"OTHER","min_zoom":12,"importance":1,"name":null,"ref":null,"common":{"type":"rock"},"children":{"rock":{"water_level":"covers"}},"osm_tags":{"seamark:rock:water_level":"covers","seamark:type":"rock","source":"Bing; Esri","source:position":"Bing; Esri","survey:date":"2025"}}},{"type":"Feature","geometry":{"type":"Point","coordinates":[-63.0352432,7.9903291]},"properties":{"osm_id":12875386714,"osm_type":"node","seamark_type":"rock","display_class":"OTHER","min_zoom":12,"importance":1,"name":null,"ref":null,"common":{"type":"rock"},"children":{"rock":{"water_level":"covers"}},"osm_tags":{"seamark:rock:water_level":"covers","seamark:type":"rock","source":"Bing; Esri","source:position":"Bing; Esri","survey:date":"2025"}}},{"type":"Feature","geometry":{"type":"Point","coordinates":[-63.0392611,7.9864245]},"properties":{"osm_id":12875386715,"osm_type":"node","seamark_type":"rock","display_class":"OTHER","min_zoom":12,"importance":1,"name":null,"ref":null,"common":{"type":"rock"},"children":{"rock":{"water_level":"covers"}},"osm_tags":{"seamark:rock:water_level":"covers","seamark:type":"rock","source":"Bing; Esri","source:position":"Bing; Esri","survey:date":"2025"}}},{"type":"Feature","geometry":{"type":"Point","coordinates":[-63.0435473,7.9872798]},"properties":{"osm_id":12875386716,"osm_type":"node","seamark_type":"rock","display_class":"OTHER","min_zoom":12,"importance":1,"name":null,"ref":null,"common":{"type":"rock"},"children":{"rock":{"water_level":"covers"}},"osm_tags":{"seamark:rock:water_level":"covers","seamark:type":"rock","source":"Bing; Esri","source:position":"Bing; Esri","survey:date":"2025"}}},{"type":"Feature","geometry":{"type":"Point","coordinates":[-63.0488956,7.9863502]},"properties":{"osm_id":12875386717,"osm_type":"node","seamark_type":"rock","display_class":"OTHER","min_zoom":12,"importance":1,"name":null,"ref":null,"common":{"type":"rock"},"children":{"rock":{"water_level":"covers"}},"osm_tags":{"seamark:rock:water_level":"covers","seamark:type":"rock","source":"Bing; Esri","source:position":"Bing; Esri","survey:date":"2025"}}},{"type":"Feature","geometry":{"type":"Point","coordinates":[-63.0453819,7.9868814]},"properties":{"osm_id":12875386718,"osm_type":"node","seamark_type":"rock","display_class":"OTHER","min_zoom":12,"importance":1,"name":null,"ref":null,"common":{"type":"rock"},"children":{"rock":{"water_level":"awash"}},"osm_tags":{"seamark:rock:water_level":"awash","seamark:type":"rock","source":"Bing; Esri","source:position":"Bing; Esri","survey:date":"2025"}}},{"type":"Feature","geometry":{"type":"Point","coordinates":[-63.0452853,7.9871364]},"properties":{"osm_id":12875386719,"osm_type":"node","seamark_type":"rock","display_class":"OTHER","min_zoom":12,"importance":1,"name":null,"ref":null,"common":{"type":"rock"},"children":{"rock":{"water_level":"awash"}},"osm_tags":{"seamark:rock:water_level":"awash","seamark:type":"rock","source":"Bing; Esri","source:position":"Bing; Esri","survey:date":"2025"}}},{"type":"Feature","geometry":{"type":"Point","coordinates":[-63.0469537,7.9871098]},"properties":{"osm_id":12875386720,"osm_type":"node","seamark_type":"rock","display_class":"OTHER","min_zoom":12,"importance":1,"name":null,"ref":null,"common":{"type":"rock"},"children":{"rock":{"water_level":"awash"}},"osm_tags":{"seamark:rock:water_level":"awash","seamark:type":"rock","source":"Bing; Esri","source:position":"Bing; Esri","survey:date":"2025"}}},{"type":"Feature","geometry":{"type":"Point","coordinates":[-63.0475277,7.9866424]},"properties":{"osm_id":12875386721,"osm_type":"node","seamark_type":"rock","display_class":"OTHER","min_zoom":12,"importance":1,"name":null,"ref":null,"common":{"type":"rock"},"children":{"rock":{"water_level":"awash"}},"osm_tags":{"seamark:rock:water_level":"awash","seamark:type":"rock","source":"Bing; Esri","source:position":"Bing; Esri","survey:date":"2025"}}},{"type":"Feature","geometry":{"type":"Point","coordinates":[-63.0480266,7.9870302]},"properties":{"osm_id":12875386722,"osm_type":"node","seamark_type":"rock","display_class":"OTHER","min_zoom":12,"importance":1,"name":null,"ref":null,"common":{"type":"rock"},"children":{"rock":{"water_level":"awash"}},"osm_tags":{"seamark:rock:water_level":"awash","seamark:type":"rock","source":"Bing; Esri","source:position":"Bing; Esri","survey:date":"2025"}}},{"type":"Feature","geometry":{"type":"Point","coordinates":[-63.0555046,7.986297]},"properties":{"osm_id":12875386723,"osm_type":"node","seamark_type":"rock","display_class":"OTHER","min_zoom":12,"importance":1,"name":null,"ref":null,"common":{"type":"rock"},"children":{"rock":{"water_level":"covers"}},"osm_tags":{"seamark:rock:water_level":"covers","seamark:type":"rock","source":"Bing; Esri","source:position":"Bing; Esri","survey:date":"2025"}}},{"type":"Feature","geometry":{"type":"Point","coordinates":[-63.0528867,7.987062]},"properties":{"osm_id":12875386724,"osm_type":"node","seamark_type":"rock","display_class":"OTHER","min_zoom":12,"importance":1,"name":null,"ref":null,"common":{"type":"rock"},"children":{"rock":{"water_level":"awash"}},"osm_tags":{"seamark:rock:water_level":"awash","seamark:type":"rock","source":"Bing; Esri","source:position":"Bing; Esri","survey:date":"2025"}}},{"type":"Feature","geometry":{"type":"Point","coordinates":[-63.0520499,7.9862333]},"properties":{"osm_id":12875386725,"osm_type":"node","seamark_type":"rock","display_class":"OTHER","min_zoom":12,"importance":1,"name":null,"ref":null,"common":{"type":"rock"},"children":{"rock":{"water_level":"awash"}},"osm_tags":{"seamark:rock:water_level":"awash","seamark:type":"rock","source":"Bing; Esri","source:position":"Bing; Esri","survey:date":"2025"}}},{"type":"Feature","geometry":{"type":"Point","coordinates":[-63.0192357,7.9744396]},"properties":{"osm_id":12875395545,"osm_type":"node","seamark_type":"rock","display_class":"OTHER","min_zoom":12,"importance":1,"name":null,"ref":null,"common":{"type":"rock"},"children":{"rock":{"water_level":"awash"}},"osm_tags":{"seamark:rock:water_level":"awash","seamark:type":"rock","source":"Bing; Esri","source:position":"Bing; Esri","survey:date":"2025"}}},{"type":"Feature","geometry":{"type":"Point","coordinates":[-63.0199868,7.9738818]},"properties":{"osm_id":12875395546,"osm_type":"node","seamark_type":"rock","display_class":"OTHER","min_zoom":12,"importance":1,"name":null,"ref":null,"common":{"type":"rock"},"children":{"rock":{"water_level":"awash"}},"osm_tags":{"seamark:rock:water_level":"awash","seamark:type":"rock","source":"Bing; Esri","source:position":"Bing; Esri","survey:date":"2025"}}},{"type":"Feature","geometry":{"type":"Point","coordinates":[-63.0170417,7.9729202]},"properties":{"osm_id":12875395547,"osm_type":"node","seamark_type":"rock","display_class":"OTHER","min_zoom":12,"importance":1,"name":null,"ref":null,"common":{"type":"rock"},"children":{"rock":{"water_level":"awash"}},"osm_tags":{"seamark:rock:water_level":"awash","seamark:type":"rock","source":"Bing; Esri","source:position":"Bing; Esri","survey:date":"2025"}}},{"type":"Feature","geometry":{"type":"Point","coordinates":[-63.021301,7.961328]},"properties":{"osm_id":12875395548,"osm_type":"node","seamark_type":"rock","display_class":"OTHER","min_zoom":12,"importance":1,"name":null,"ref":null,"common":{"type":"rock"},"children":{"rock":{"water_level":"awash"}},"osm_tags":{"seamark:rock:water_level":"awash","seamark:type":"rock","source":"Bing; Esri","source:position":"Bing; Esri","survey:date":"2025"}}},{"type":"Feature","geometry":{"type":"Point","coordinates":[-63.0236131,7.9617212]},"properties":{"osm_id":12875395549,"osm_type":"node","seamark_type":"rock","display_class":"OTHER","min_zoom":12,"importance":1,"name":null,"ref":null,"common":{"type":"rock"},"children":{"rock":{"water_level":"awash"}},"osm_tags":{"seamark:rock:water_level":"awash","seamark:type":"rock","source":"Bing; Esri","source:position":"Bing; Esri","survey:date":"2025"}}},{"type":"Feature","geometry":{"type":"Point","coordinates":[-63.0201262,7.9599521]},"properties":{"osm_id":12875395550,"osm_type":"node","seamark_type":"rock","display_class":"OTHER","min_zoom":12,"importance":1,"name":null,"ref":null,"common":{"type":"rock"},"children":{"rock":{"water_level":"awash"}},"osm_tags":{"seamark:rock:water_level":"awash","seamark:type":"rock","source":"Bing; Esri","source:position":"Bing; Esri","survey:date":"2025"}}},{"type":"Feature","geometry":{"type":"Point","coordinates":[-63.0214834,7.99213]},"properties":{"osm_id":12875446173,"osm_type":"node","seamark_type":"rock","display_class":"OTHER","min_zoom":12,"importance":1,"name":null,"ref":null,"common":{"type":"rock"},"children":{"rock":{"water_level":"submerged"}},"osm_tags":{"seamark:rock:water_level":"submerged","seamark:type":"rock","source":"Bing; Esri","source:position":"Bing; Esri","survey:date":"2025"}}},{"type":"Feature","geometry":{"type":"Point","coordinates":[-63.0107975,7.9824402]},"properties":{"osm_id":12875446174,"osm_type":"node","seamark_type":"rock","display_class":"OTHER","min_zoom":12,"importance":1,"name":null,"ref":null,"common":{"type":"rock"},"children":{"rock":{"water_level":"submerged"}},"osm_tags":{"seamark:rock:water_level":"submerged","seamark:type":"rock","source":"Bing; Esri","source:position":"Bing; Esri","survey:date":"2025"}}},{"type":"Feature","geometry":{"type":"Point","coordinates":[-63.0183721,7.9832902]},"properties":{"osm_id":12875446175,"osm_type":"node","seamark_type":"rock","display_class":"OTHER","min_zoom":12,"importance":1,"name":null,"ref":null,"common":{"type":"rock"},"children":{"rock":{"water_level":"submerged"}},"osm_tags":{"seamark:rock:water_level":"submerged","seamark:type":"rock","source":"Bing; Esri","source:position":"Bing; Esri","survey:date":"2025"}}},{"type":"Feature","geometry":{"type":"Point","coordinates":[-63.0182862,7.9855215]},"properties":{"osm_id":12875446176,"osm_type":"node","seamark_type":"rock","display_class":"OTHER","min_zoom":12,"importance":1,"name":null,"ref":null,"common":{"type":"rock"},"children":{"rock":{"water_level":"submerged"}},"osm_tags":{"seamark:rock:water_level":"submerged","seamark:type":"rock","source":"Bing; Esri","source:position":"Bing; Esri","survey:date":"2025"}}},{"type":"Feature","geometry":{"type":"Point","coordinates":[-63.0191875,7.983354]},"properties":{"osm_id":12875446177,"osm_type":"node","seamark_type":"rock","display_class":"OTHER","min_zoom":12,"importance":1,"name":null,"ref":null,"common":{"type":"rock"},"children":{"rock":{"water_level":"submerged"}},"osm_tags":{"seamark:rock:water_level":"submerged","seamark:type":"rock","source":"Bing; Esri","source:position":"Bing; Esri","survey:date":"2025"}}},{"type":"Feature","geometry":{"type":"Point","coordinates":[-63.0170202,7.9831627]},"properties":{"osm_id":12875446178,"osm_type":"node","seamark_type":"rock","display_class":"OTHER","min_zoom":12,"importance":1,"name":null,"ref":null,"common":{"type":"rock"},"children":{"rock":{"water_level":"submerged"}},"osm_tags":{"seamark:rock:water_level":"submerged","seamark:type":"rock","source":"Bing; Esri","source:position":"Bing; Esri","survey:date":"2025"}}},{"type":"Feature","geometry":{"type":"Point","coordinates":[-63.0154538,7.983269]},"properties":{"osm_id":12875446179,"osm_type":"node","seamark_type":"rock","display_class":"OTHER","min_zoom":12,"importance":1,"name":null,"ref":null,"common":{"type":"rock"},"children":{"rock":{"water_level":"submerged"}},"osm_tags":{"seamark:rock:water_level":"submerged","seamark:type":"rock","source":"Bing; Esri","source:position":"Bing; Esri","survey:date":"2025"}}},{"type":"Feature","geometry":{"type":"Point","coordinates":[-63.0132652,7.9825677]},"properties":{"osm_id":12875446180,"osm_type":"node","seamark_type":"rock","display_class":"OTHER","min_zoom":12,"importance":1,"name":null,"ref":null,"common":{"type":"rock"},"children":{"rock":{"water_level":"submerged"}},"osm_tags":{"seamark:rock:water_level":"submerged","seamark:type":"rock","source":"Bing; Esri","source:position":"Bing; Esri","survey:date":"2025"}}},{"type":"Feature","geometry":{"type":"Point","coordinates":[-63.0162263,7.9858189]},"properties":{"osm_id":12875446181,"osm_type":"node","seamark_type":"rock","display_class":"OTHER","min_zoom":12,"importance":1,"name":null,"ref":null,"common":{"type":"rock"},"children":{"rock":{"water_level":"submerged"}},"osm_tags":{"seamark:rock:water_level":"submerged","seamark:type":"rock","source":"Bing; Esri","source:position":"Bing; Esri","survey:date":"2025"}}},{"type":"Feature","geometry":{"type":"Point","coordinates":[-63.0210328,7.9841615]},"properties":{"osm_id":12875446182,"osm_type":"node","seamark_type":"rock","display_class":"OTHER","min_zoom":12,"importance":1,"name":null,"ref":null,"common":{"type":"rock"},"children":{"rock":{"water_level":"submerged"}},"osm_tags":{"seamark:rock:water_level":"submerged","seamark:type":"rock","source":"Bing; Esri","source:position":"Bing; Esri","survey:date":"2025"}}},{"type":"Feature","geometry":{"type":"Point","coordinates":[-63.0205178,7.9850965]},"properties":{"osm_id":12875446183,"osm_type":"node","seamark_type":"rock","display_class":"OTHER","min_zoom":12,"importance":1,"name":null,"ref":null,"common":{"type":"rock"},"children":{"rock":{"water_level":"submerged"}},"osm_tags":{"seamark:rock:water_level":"submerged","seamark:type":"rock","source":"Bing; Esri","source:position":"Bing; Esri","survey:date":"2025"}}},{"type":"Feature","geometry":{"type":"Point","coordinates":[-63.0229211,7.9845652]},"properties":{"osm_id":12875446184,"osm_type":"node","seamark_type":"rock","display_class":"OTHER","min_zoom":12,"importance":1,"name":null,"ref":null,"common":{"type":"rock"},"children":{"rock":{"water_level":"submerged"}},"osm_tags":{"seamark:rock:water_level":"submerged","seamark:type":"rock","source":"Bing; Esri","source:position":"Bing; Esri","survey:date":"2025"}}},{"type":"Feature","geometry":{"type":"Point","coordinates":[-63.0190158,7.9894526]},"properties":{"osm_id":12875446185,"osm_type":"node","seamark_type":"rock","display_class":"OTHER","min_zoom":12,"importance":1,"name":null,"ref":null,"common":{"type":"rock"},"children":{"rock":{"water_level":"submerged"}},"osm_tags":{"seamark:rock:water_level":"submerged","seamark:type":"rock","source":"Bing; Esri","source:position":"Bing; Esri","survey:date":"2025"}}},{"type":"Feature","geometry":{"type":"Point","coordinates":[-63.0289078,7.9891126]},"properties":{"osm_id":12875446186,"osm_type":"node","seamark_type":"rock","display_class":"OTHER","min_zoom":12,"importance":1,"name":null,"ref":null,"common":{"type":"rock"},"children":{"rock":{"water_level":"submerged"}},"osm_tags":{"seamark:rock:water_level":"submerged","seamark:type":"rock","source":"Bing; Esri","source:position":"Bing; Esri","survey:date":"2025"}}},{"type":"Feature","geometry":{"type":"Point","coordinates":[-63.0286718,7.9829927]},"properties":{"osm_id":12875446187,"osm_type":"node","seamark_type":"rock","display_class":"OTHER","min_zoom":12,"importance":1,"name":null,"ref":null,"common":{"type":"rock"},"children":{"rock":{"water_level":"submerged"}},"osm_tags":{"seamark:rock:water_level":"submerged","seamark:type":"rock","source":"Bing; Esri","source:position":"Bing; Esri","survey:date":"2025"}}},{"type":"Feature","geometry":{"type":"Point","coordinates":[-63.0298734,7.9841615]},"properties":{"osm_id":12875446188,"osm_type":"node","seamark_type":"rock","display_class":"OTHER","min_zoom":12,"importance":1,"name":null,"ref":null,"common":{"type":"rock"},"children":{"rock":{"water_level":"submerged"}},"osm_tags":{"seamark:rock:water_level":"submerged","seamark:type":"rock","source":"Bing; Esri","source:position":"Bing; Esri","survey:date":"2025"}}},{"type":"Feature","geometry":{"type":"Point","coordinates":[-63.0299163,7.984714]},"properties":{"osm_id":12875446189,"osm_type":"node","seamark_type":"rock","display_class":"OTHER","min_zoom":12,"importance":1,"name":null,"ref":null,"common":{"type":"rock"},"children":{"rock":{"water_level":"submerged"}},"osm_tags":{"seamark:rock:water_level":"submerged","seamark:type":"rock","source":"Bing; Esri","source:position":"Bing; Esri","survey:date":"2025"}}},{"type":"Feature","geometry":{"type":"Point","coordinates":[-63.0298519,7.9860739]},"properties":{"osm_id":12875446190,"osm_type":"node","seamark_type":"rock","display_class":"OTHER","min_zoom":12,"importance":1,"name":null,"ref":null,"common":{"type":"rock"},"children":{"rock":{"water_level":"submerged"}},"osm_tags":{"seamark:rock:water_level":"submerged","seamark:type":"rock","source":"Bing; Esri","source:position":"Bing; Esri","survey:date":"2025"}}},{"type":"Feature","geometry":{"type":"Point","coordinates":[-63.0292511,7.9871577]},"properties":{"osm_id":12875446191,"osm_type":"node","seamark_type":"rock","display_class":"OTHER","min_zoom":12,"importance":1,"name":null,"ref":null,"common":{"type":"rock"},"children":{"rock":{"water_level":"submerged"}},"osm_tags":{"seamark:rock:water_level":"submerged","seamark:type":"rock","source":"Bing; Esri","source:position":"Bing; Esri","survey:date":"2025"}}},{"type":"Feature","geometry":{"type":"Point","coordinates":[-63.0301309,7.9815053]},"properties":{"osm_id":12875446192,"osm_type":"node","seamark_type":"rock","display_class":"OTHER","min_zoom":12,"importance":1,"name":null,"ref":null,"common":{"type":"rock"},"children":{"rock":{"water_level":"submerged"}},"osm_tags":{"seamark:rock:water_level":"submerged","seamark:type":"rock","source":"Bing; Esri","source:position":"Bing; Esri","survey:date":"2025"}}},{"type":"Feature","geometry":{"type":"Point","coordinates":[-63.0364394,7.977489]},"properties":{"osm_id":12875446193,"osm_type":"node","seamark_type":"rock","display_class":"OTHER","min_zoom":12,"importance":1,"name":null,"ref":null,"common":{"type":"rock"},"children":{"rock":{"water_level":"submerged"}},"osm_tags":{"seamark:rock:water_level":"submerged","seamark:type":"rock","source":"Bing; Esri","source:position":"Bing; Esri","survey:date":"2025"}}},{"type":"Feature","geometry":{"type":"Point","coordinates":[-63.034637,7.9801453]},"properties":{"osm_id":12875446194,"osm_type":"node","seamark_type":"rock","display_class":"OTHER","min_zoom":12,"importance":1,"name":null,"ref":null,"common":{"type":"rock"},"children":{"rock":{"water_level":"submerged"}},"osm_tags":{"seamark:rock:water_level":"submerged","seamark:type":"rock","source":"Bing; Esri","source:position":"Bing; Esri","survey:date":"2025"}}},{"type":"Feature","geometry":{"type":"Point","coordinates":[-63.0339289,7.9790615]},"properties":{"osm_id":12875446195,"osm_type":"node","seamark_type":"rock","display_class":"OTHER","min_zoom":12,"importance":1,"name":null,"ref":null,"common":{"type":"rock"},"children":{"rock":{"water_level":"submerged"}},"osm_tags":{"seamark:rock:water_level":"submerged","seamark:type":"rock","source":"Bing; Esri","source:position":"Bing; Esri","survey:date":"2025"}}},{"type":"Feature","geometry":{"type":"Point","coordinates":[-63.0322552,7.9793803]},"properties":{"osm_id":12875446196,"osm_type":"node","seamark_type":"rock","display_class":"OTHER","min_zoom":12,"importance":1,"name":null,"ref":null,"common":{"type":"rock"},"children":{"rock":{"water_level":"submerged"}},"osm_tags":{"seamark:rock:water_level":"submerged","seamark:type":"rock","source":"Bing; Esri","source:position":"Bing; Esri","survey:date":"2025"}}},{"type":"Feature","geometry":{"type":"Point","coordinates":[-63.0426407,7.9708802]},"properties":{"osm_id":12875446197,"osm_type":"node","seamark_type":"rock","display_class":"OTHER","min_zoom":12,"importance":1,"name":null,"ref":null,"common":{"type":"rock"},"children":{"rock":{"water_level":"submerged"}},"osm_tags":{"seamark:rock:water_level":"submerged","seamark:type":"rock","source":"Bing; Esri","source:position":"Bing; Esri","survey:date":"2025"}}},{"type":"Feature","geometry":{"type":"Point","coordinates":[-63.0390573,7.970264]},"properties":{"osm_id":12875446198,"osm_type":"node","seamark_type":"rock","display_class":"OTHER","min_zoom":12,"importance":1,"name":null,"ref":null,"common":{"type":"rock"},"children":{"rock":{"water_level":"submerged"}},"osm_tags":{"seamark:rock:water_level":"submerged","seamark:type":"rock","source":"Bing; Esri","source:position":"Bing; Esri","survey:date":"2025"}}},{"type":"Feature","geometry":{"type":"Point","coordinates":[-63.0401516,7.9731115]},"properties":{"osm_id":12875446199,"osm_type":"node","seamark_type":"rock","display_class":"OTHER","min_zoom":12,"importance":1,"name":null,"ref":null,"common":{"type":"rock"},"children":{"rock":{"water_level":"submerged"}},"osm_tags":{"seamark:rock:water_level":"submerged","seamark:type":"rock","source":"Bing; Esri","source:position":"Bing; Esri","survey:date":"2025"}}},{"type":"Feature","geometry":{"type":"Point","coordinates":[-63.0394435,7.970944]},"properties":{"osm_id":12875446200,"osm_type":"node","seamark_type":"rock","display_class":"OTHER","min_zoom":12,"importance":1,"name":null,"ref":null,"common":{"type":"rock"},"children":{"rock":{"water_level":"submerged"}},"osm_tags":{"seamark:rock:water_level":"submerged","seamark:type":"rock","source":"Bing; Esri","source:position":"Bing; Esri","survey:date":"2025"}}},{"type":"Feature","geometry":{"type":"Point","coordinates":[-63.0415249,7.9712415]},"properties":{"osm_id":12875446201,"osm_type":"node","seamark_type":"rock","display_class":"OTHER","min_zoom":12,"importance":1,"name":null,"ref":null,"common":{"type":"rock"},"children":{"rock":{"water_level":"submerged"}},"osm_tags":{"seamark:rock:water_level":"submerged","seamark:type":"rock","source":"Bing; Esri","source:position":"Bing; Esri","survey:date":"2025"}}},{"type":"Feature","geometry":{"type":"Point","coordinates":[-63.0418897,7.972219]},"properties":{"osm_id":12875446202,"osm_type":"node","seamark_type":"rock","display_class":"OTHER","min_zoom":12,"importance":1,"name":null,"ref":null,"common":{"type":"rock"},"children":{"rock":{"water_level":"submerged"}},"osm_tags":{"seamark:rock:water_level":"submerged","seamark:type":"rock","source":"Bing; Esri","source:position":"Bing; Esri","survey:date":"2025"}}},{"type":"Feature","geometry":{"type":"Point","coordinates":[-63.0355382,7.9715177]},"properties":{"osm_id":12875446203,"osm_type":"node","seamark_type":"rock","display_class":"OTHER","min_zoom":12,"importance":1,"name":null,"ref":null,"common":{"type":"rock"},"children":{"rock":{"water_level":"submerged"}},"osm_tags":{"seamark:rock:water_level":"submerged","seamark:type":"rock","source":"Bing; Esri","source:position":"Bing; Esri","survey:date":"2025"}}},{"type":"Feature","geometry":{"type":"Point","coordinates":[-63.0367184,7.972474]},"properties":{"osm_id":12875446204,"osm_type":"node","seamark_type":"rock","display_class":"OTHER","min_zoom":12,"importance":1,"name":null,"ref":null,"common":{"type":"rock"},"children":{"rock":{"water_level":"submerged"}},"osm_tags":{"seamark:rock:water_level":"submerged","seamark:type":"rock","source":"Bing; Esri","source:position":"Bing; Esri","survey:date":"2025"}}},{"type":"Feature","geometry":{"type":"Point","coordinates":[-63.036418,7.9728777]},"properties":{"osm_id":12875446205,"osm_type":"node","seamark_type":"rock","display_class":"OTHER","min_zoom":12,"importance":1,"name":null,"ref":null,"common":{"type":"rock"},"children":{"rock":{"water_level":"submerged"}},"osm_tags":{"seamark:rock:water_level":"submerged","seamark:type":"rock","source":"Bing; Esri","source:position":"Bing; Esri","survey:date":"2025"}}},{"type":"Feature","geometry":{"type":"Point","coordinates":[-63.0325341,7.9701152]},"properties":{"osm_id":12875446206,"osm_type":"node","seamark_type":"rock","display_class":"OTHER","min_zoom":12,"importance":1,"name":null,"ref":null,"common":{"type":"rock"},"children":{"rock":{"water_level":"submerged"}},"osm_tags":{"seamark:rock:water_level":"submerged","seamark:type":"rock","source":"Bing; Esri","source:position":"Bing; Esri","survey:date":"2025"}}},{"type":"Feature","geometry":{"type":"Point","coordinates":[-63.0323196,7.9723252]},"properties":{"osm_id":12875446207,"osm_type":"node","seamark_type":"rock","display_class":"OTHER","min_zoom":12,"importance":1,"name":null,"ref":null,"common":{"type":"rock"},"children":{"rock":{"water_level":"submerged"}},"osm_tags":{"seamark:rock:water_level":"submerged","seamark:type":"rock","source":"Bing; Esri","source:position":"Bing; Esri","survey:date":"2025"}}},{"type":"Feature","geometry":{"type":"Point","coordinates":[-63.0368042,7.9624225]},"properties":{"osm_id":12875446208,"osm_type":"node","seamark_type":"rock","display_class":"OTHER","min_zoom":12,"importance":1,"name":null,"ref":null,"common":{"type":"rock"},"children":{"rock":{"water_level":"submerged"}},"osm_tags":{"seamark:rock:water_level":"submerged","seamark:type":"rock","source":"Bing; Esri","source:position":"Bing; Esri","survey:date":"2025"}}},{"type":"Feature","geometry":{"type":"Point","coordinates":[-63.0365038,7.9645901]},"properties":{"osm_id":12875446209,"osm_type":"node","seamark_type":"rock","display_class":"OTHER","min_zoom":12,"importance":1,"name":null,"ref":null,"common":{"type":"rock"},"children":{"rock":{"water_level":"submerged"}},"osm_tags":{"seamark:rock:water_level":"submerged","seamark:type":"rock","source":"Bing; Esri","source:position":"Bing; Esri","survey:date":"2025"}}},{"type":"Feature","geometry":{"type":"Point","coordinates":[-63.0230069,7.9577685]},"properties":{"osm_id":12875446210,"osm_type":"node","seamark_type":"rock","display_class":"OTHER","min_zoom":12,"importance":1,"name":null,"ref":null,"common":{"type":"rock"},"children":{"rock":{"water_level":"submerged"}},"osm_tags":{"seamark:rock:water_level":"submerged","seamark:type":"rock","source":"Bing; Esri","source:position":"Bing; Esri","survey:date":"2025"}}},{"type":"Feature","geometry":{"type":"Point","coordinates":[-63.0288649,7.9504369]},"properties":{"osm_id":12875446211,"osm_type":"node","seamark_type":"rock","display_class":"OTHER","min_zoom":12,"importance":1,"name":null,"ref":null,"common":{"type":"rock"},"children":{"rock":{"water_level":"submerged"}},"osm_tags":{"seamark:rock:water_level":"submerged","seamark:type":"rock","source":"Bing; Esri","source:position":"Bing; Esri","survey:date":"2025"}}},{"type":"Feature","geometry":{"type":"Point","coordinates":[-63.0287791,7.9512657]},"properties":{"osm_id":12875446212,"osm_type":"node","seamark_type":"rock","display_class":"OTHER","min_zoom":12,"importance":1,"name":null,"ref":null,"common":{"type":"rock"},"children":{"rock":{"water_level":"submerged"}},"osm_tags":{"seamark:rock:water_level":"submerged","seamark:type":"rock","source":"Bing; Esri","source:position":"Bing; Esri","survey:date":"2025"}}},{"type":"Feature","geometry":{"type":"Point","coordinates":[-63.0286718,7.9521582]},"properties":{"osm_id":12875446213,"osm_type":"node","seamark_type":"rock","display_class":"OTHER","min_zoom":12,"importance":1,"name":null,"ref":null,"common":{"type":"rock"},"children":{"rock":{"water_level":"submerged"}},"osm_tags":{"seamark:rock:water_level":"submerged","seamark:type":"rock","source":"Bing; Esri","source:position":"Bing; Esri","survey:date":"2025"}}},{"type":"Feature","geometry":{"type":"Point","coordinates":[-63.0305171,7.9516269]},"properties":{"osm_id":12875446214,"osm_type":"node","seamark_type":"rock","display_class":"OTHER","min_zoom":12,"importance":1,"name":null,"ref":null,"common":{"type":"rock"},"children":{"rock":{"water_level":"submerged"}},"osm_tags":{"seamark:rock:water_level":"submerged","seamark:type":"rock","source":"Bing; Esri","source:position":"Bing; Esri","survey:date":"2025"}}},{"type":"Feature","geometry":{"type":"Point","coordinates":[-63.0212903,7.9417449]},"properties":{"osm_id":12875446215,"osm_type":"node","seamark_type":"rock","display_class":"OTHER","min_zoom":12,"importance":1,"name":null,"ref":null,"common":{"type":"rock"},"children":{"rock":{"water_level":"submerged"}},"osm_tags":{"seamark:rock:water_level":"submerged","seamark:type":"rock","source":"Bing; Esri","source:position":"Bing; Esri","survey:date":"2025"}}},{"type":"Feature","geometry":{"type":"Point","coordinates":[-63.0227709,7.9390459]},"properties":{"osm_id":12875446216,"osm_type":"node","seamark_type":"rock","display_class":"OTHER","min_zoom":12,"importance":1,"name":null,"ref":null,"common":{"type":"rock"},"children":{"rock":{"water_level":"submerged"}},"osm_tags":{"seamark:rock:water_level":"submerged","seamark:type":"rock","source":"Bing; Esri","source:position":"Bing; Esri","survey:date":"2025"}}},{"type":"Feature","geometry":{"type":"Point","coordinates":[-63.0189729,7.9353481]},"properties":{"osm_id":12875446217,"osm_type":"node","seamark_type":"rock","display_class":"OTHER","min_zoom":12,"importance":1,"name":null,"ref":null,"common":{"type":"rock"},"children":{"rock":{"water_level":"submerged"}},"osm_tags":{"seamark:rock:water_level":"submerged","seamark:type":"rock","source":"Bing; Esri","source:position":"Bing; Esri","survey:date":"2025"}}},{"type":"Feature","geometry":{"type":"Point","coordinates":[-63.0168057,7.9271021]},"properties":{"osm_id":12875446218,"osm_type":"node","seamark_type":"rock","display_class":"OTHER","min_zoom":12,"importance":1,"name":null,"ref":null,"common":{"type":"rock"},"children":{"rock":{"water_level":"submerged"}},"osm_tags":{"seamark:rock:water_level":"submerged","seamark:type":"rock","source":"Bing; Esri","source:position":"Bing; Esri","survey:date":"2025"}}},{"type":"Feature","geometry":{"type":"Point","coordinates":[-63.0173421,7.9245731]},"properties":{"osm_id":12875446219,"osm_type":"node","seamark_type":"rock","display_class":"OTHER","min_zoom":12,"importance":1,"name":null,"ref":null,"common":{"type":"rock"},"children":{"rock":{"water_level":"submerged"}},"osm_tags":{"seamark:rock:water_level":"submerged","seamark:type":"rock","source":"Bing; Esri","source:position":"Bing; Esri","survey:date":"2025"}}},{"type":"Feature","geometry":{"type":"Point","coordinates":[-63.0128789,7.9237442]},"properties":{"osm_id":12875446220,"osm_type":"node","seamark_type":"rock","display_class":"OTHER","min_zoom":12,"importance":1,"name":null,"ref":null,"common":{"type":"rock"},"children":{"rock":{"water_level":"submerged"}},"osm_tags":{"seamark:rock:water_level":"submerged","seamark:type":"rock","source":"Bing; Esri","source:position":"Bing; Esri","survey:date":"2025"}}},{"type":"Feature","geometry":{"type":"Point","coordinates":[-63.0102825,7.9186222]},"properties":{"osm_id":12875446221,"osm_type":"node","seamark_type":"rock","display_class":"OTHER","min_zoom":12,"importance":1,"name":null,"ref":null,"common":{"type":"rock"},"children":{"rock":{"water_level":"submerged"}},"osm_tags":{"seamark:rock:water_level":"submerged","seamark:type":"rock","source":"Bing; Esri","source:position":"Bing; Esri","survey:date":"2025"}}},{"type":"Feature","geometry":{"type":"Point","coordinates":[-63.0106044,7.9179847]},"properties":{"osm_id":12875446222,"osm_type":"node","seamark_type":"rock","display_class":"OTHER","min_zoom":12,"importance":1,"name":null,"ref":null,"common":{"type":"rock"},"children":{"rock":{"water_level":"submerged"}},"osm_tags":{"seamark:rock:water_level":"submerged","seamark:type":"rock","source":"Bing; Esri","source:position":"Bing; Esri","survey:date":"2025"}}},{"type":"Feature","geometry":{"type":"Point","coordinates":[-63.0264616,7.9118637]},"properties":{"osm_id":12875446223,"osm_type":"node","seamark_type":"rock","display_class":"OTHER","min_zoom":12,"importance":1,"name":null,"ref":null,"common":{"type":"rock"},"children":{"rock":{"water_level":"submerged"}},"osm_tags":{"seamark:rock:water_level":"submerged","seamark:type":"rock","source":"Bing; Esri","source:position":"Bing; Esri","survey:date":"2025"}}},{"type":"Feature","geometry":{"type":"Point","coordinates":[-63.0295086,7.9343917]},"properties":{"osm_id":12875446224,"osm_type":"node","seamark_type":"rock","display_class":"OTHER","min_zoom":12,"importance":1,"name":null,"ref":null,"common":{"type":"rock"},"children":{"rock":{"water_level":"submerged"}},"osm_tags":{"seamark:rock:water_level":"submerged","seamark:type":"rock","source":"Bing; Esri","source:position":"Bing; Esri","survey:date":"2025"}}},{"type":"Feature","geometry":{"type":"Point","coordinates":[-63.0252815,7.9360069]},"properties":{"osm_id":12875446225,"osm_type":"node","seamark_type":"rock","display_class":"OTHER","min_zoom":12,"importance":1,"name":null,"ref":null,"common":{"type":"rock"},"children":{"rock":{"water_level":"submerged"}},"osm_tags":{"seamark:rock:water_level":"submerged","seamark:type":"rock","source":"Bing; Esri","source:position":"Bing; Esri","survey:date":"2025"}}},{"type":"Feature","geometry":{"type":"Point","coordinates":[-63.0343151,7.9608712]},"properties":{"osm_id":12875446226,"osm_type":"node","seamark_type":"rock","display_class":"OTHER","min_zoom":12,"importance":1,"name":null,"ref":null,"common":{"type":"rock"},"children":{"rock":{"water_level":"submerged"}},"osm_tags":{"seamark:rock:water_level":"submerged","seamark:type":"rock","source":"Bing; Esri","source:position":"Bing; Esri","survey:date":"2025"}}},{"type":"Feature","geometry":{"type":"Point","coordinates":[-63.0313111,7.9611687]},"properties":{"osm_id":12875446227,"osm_type":"node","seamark_type":"rock","display_class":"OTHER","min_zoom":12,"importance":1,"name":null,"ref":null,"common":{"type":"rock"},"children":{"rock":{"water_level":"submerged"}},"osm_tags":{"seamark:rock:water_level":"submerged","seamark:type":"rock","source":"Bing; Esri","source:position":"Bing; Esri","survey:date":"2025"}}},{"type":"Feature","geometry":{"type":"Point","coordinates":[-63.0314613,7.9571523]},"properties":{"osm_id":12875446228,"osm_type":"node","seamark_type":"rock","display_class":"OTHER","min_zoom":12,"importance":1,"name":null,"ref":null,"common":{"type":"rock"},"children":{"rock":{"water_level":"submerged"}},"osm_tags":{"seamark:rock:water_level":"submerged","seamark:type":"rock","source":"Bing; Esri","source:position":"Bing; Esri","survey:date":"2025"}}},{"type":"Feature","geometry":{"type":"Point","coordinates":[-63.001442,7.9535821]},"properties":{"osm_id":12875446229,"osm_type":"node","seamark_type":"rock","display_class":"OTHER","min_zoom":12,"importance":1,"name":null,"ref":null,"common":{"type":"rock"},"children":{"rock":{"water_level":"submerged"}},"osm_tags":{"seamark:rock:water_level":"submerged","seamark:type":"rock","source":"Bing; Esri","source:position":"Bing; Esri","survey:date":"2025"}}},{"type":"Feature","geometry":{"type":"Point","coordinates":[-63.0054116,7.9592349]},"properties":{"osm_id":12875446230,"osm_type":"node","seamark_type":"rock","display_class":"OTHER","min_zoom":12,"importance":1,"name":null,"ref":null,"common":{"type":"rock"},"children":{"rock":{"water_level":"submerged"}},"osm_tags":{"seamark:rock:water_level":"submerged","seamark:type":"rock","source":"Bing; Esri","source:position":"Bing; Esri","survey:date":"2025"}}},{"type":"Feature","geometry":{"type":"Point","coordinates":[-63.0173636,7.9561109]},"properties":{"osm_id":12875446231,"osm_type":"node","seamark_type":"rock","display_class":"OTHER","min_zoom":12,"importance":1,"name":null,"ref":null,"common":{"type":"rock"},"children":{"rock":{"water_level":"submerged"}},"osm_tags":{"seamark:rock:water_level":"submerged","seamark:type":"rock","source":"Bing; Esri","source:position":"Bing; Esri","survey:date":"2025"}}},{"type":"Feature","geometry":{"type":"Point","coordinates":[-63.0145526,7.9570885]},"properties":{"osm_id":12875446232,"osm_type":"node","seamark_type":"rock","display_class":"OTHER","min_zoom":12,"importance":1,"name":null,"ref":null,"common":{"type":"rock"},"children":{"rock":{"water_level":"submerged"}},"osm_tags":{"seamark:rock:water_level":"submerged","seamark:type":"rock","source":"Bing; Esri","source:position":"Bing; Esri","survey:date":"2025"}}},{"type":"Feature","geometry":{"type":"Point","coordinates":[-63.0119777,7.9582573]},"properties":{"osm_id":12875446233,"osm_type":"node","seamark_type":"rock","display_class":"OTHER","min_zoom":12,"importance":1,"name":null,"ref":null,"common":{"type":"rock"},"children":{"rock":{"water_level":"submerged"}},"osm_tags":{"seamark:rock:water_level":"submerged","seamark:type":"rock","source":"Bing; Esri","source:position":"Bing; Esri","survey:date":"2025"}}},{"type":"Feature","geometry":{"type":"Point","coordinates":[-63.012321,7.9577048]},"properties":{"osm_id":12875446234,"osm_type":"node","seamark_type":"rock","display_class":"OTHER","min_zoom":12,"importance":1,"name":null,"ref":null,"common":{"type":"rock"},"children":{"rock":{"water_level":"submerged"}},"osm_tags":{"seamark:rock:water_level":"submerged","seamark:type":"rock","source":"Bing; Esri","source:position":"Bing; Esri","survey:date":"2025"}}},{"type":"Feature","geometry":{"type":"Point","coordinates":[-63.0148959,7.9589586]},"properties":{"osm_id":12875446235,"osm_type":"node","seamark_type":"rock","display_class":"OTHER","min_zoom":12,"importance":1,"name":null,"ref":null,"common":{"type":"rock"},"children":{"rock":{"water_level":"submerged"}},"osm_tags":{"seamark:rock:water_level":"submerged","seamark:type":"rock","source":"Bing; Esri","source:position":"Bing; Esri","survey:date":"2025"}}},{"type":"Feature","geometry":{"type":"Point","coordinates":[-63.0162263,7.9587886]},"properties":{"osm_id":12875446236,"osm_type":"node","seamark_type":"rock","display_class":"OTHER","min_zoom":12,"importance":1,"name":null,"ref":null,"common":{"type":"rock"},"children":{"rock":{"water_level":"submerged"}},"osm_tags":{"seamark:rock:water_level":"submerged","seamark:type":"rock","source":"Bing; Esri","source:position":"Bing; Esri","survey:date":"2025"}}},{"type":"Feature","geometry":{"type":"Point","coordinates":[-63.0190802,7.957471]},"properties":{"osm_id":12875446237,"osm_type":"node","seamark_type":"rock","display_class":"OTHER","min_zoom":12,"importance":1,"name":null,"ref":null,"common":{"type":"rock"},"children":{"rock":{"water_level":"submerged"}},"osm_tags":{"seamark:rock:water_level":"submerged","seamark:type":"rock","source":"Bing; Esri","source:position":"Bing; Esri","survey:date":"2025"}}},{"type":"Feature","geometry":{"type":"Point","coordinates":[-63.0192089,7.9596811]},"properties":{"osm_id":12875446238,"osm_type":"node","seamark_type":"rock","display_class":"OTHER","min_zoom":12,"importance":1,"name":null,"ref":null,"common":{"type":"rock"},"children":{"rock":{"water_level":"submerged"}},"osm_tags":{"seamark:rock:water_level":"submerged","seamark:type":"rock","source":"Bing; Esri","source:position":"Bing; Esri","survey:date":"2025"}}},{"type":"Feature","geometry":{"type":"Point","coordinates":[-63.0110336,7.9606587]},"properties":{"osm_id":12875446239,"osm_type":"node","seamark_type":"rock","display_class":"OTHER","min_zoom":12,"importance":1,"name":null,"ref":null,"common":{"type":"rock"},"children":{"rock":{"water_level":"submerged"}},"osm_tags":{"seamark:rock:water_level":"submerged","seamark:type":"rock","source":"Bing; Esri","source:position":"Bing; Esri","survey:date":"2025"}}},{"type":"Feature","geometry":{"type":"Point","coordinates":[-63.0096388,7.9604887]},"properties":{"osm_id":12875446240,"osm_type":"node","seamark_type":"rock","display_class":"OTHER","min_zoom":12,"importance":1,"name":null,"ref":null,"common":{"type":"rock"},"children":{"rock":{"water_level":"submerged"}},"osm_tags":{"seamark:rock:water_level":"submerged","seamark:type":"rock","source":"Bing; Esri","source:position":"Bing; Esri","survey:date":"2025"}}},{"type":"Feature","geometry":{"type":"Point","coordinates":[-63.0100465,7.9596599]},"properties":{"osm_id":12875446241,"osm_type":"node","seamark_type":"rock","display_class":"OTHER","min_zoom":12,"importance":1,"name":null,"ref":null,"common":{"type":"rock"},"children":{"rock":{"water_level":"submerged"}},"osm_tags":{"seamark:rock:water_level":"submerged","seamark:type":"rock","source":"Bing; Esri","source:position":"Bing; Esri","survey:date":"2025"}}},{"type":"Feature","geometry":{"type":"Point","coordinates":[-63.0124927,7.9604462]},"properties":{"osm_id":12875446242,"osm_type":"node","seamark_type":"rock","display_class":"OTHER","min_zoom":12,"importance":1,"name":null,"ref":null,"common":{"type":"rock"},"children":{"rock":{"water_level":"submerged"}},"osm_tags":{"seamark:rock:water_level":"submerged","seamark:type":"rock","source":"Bing; Esri","source:position":"Bing; Esri","survey:date":"2025"}}},{"type":"Feature","geometry":{"type":"Point","coordinates":[-63.0124283,7.9611049]},"properties":{"osm_id":12875446243,"osm_type":"node","seamark_type":"rock","display_class":"OTHER","min_zoom":12,"importance":1,"name":null,"ref":null,"common":{"type":"rock"},"children":{"rock":{"water_level":"submerged"}},"osm_tags":{"seamark:rock:water_level":"submerged","seamark:type":"rock","source":"Bing; Esri","source:position":"Bing; Esri","survey:date":"2025"}}},{"type":"Feature","geometry":{"type":"Point","coordinates":[-63.0144453,7.9610199]},"properties":{"osm_id":12875446244,"osm_type":"node","seamark_type":"rock","display_class":"OTHER","min_zoom":12,"importance":1,"name":null,"ref":null,"common":{"type":"rock"},"children":{"rock":{"water_level":"submerged"}},"osm_tags":{"seamark:rock:water_level":"submerged","seamark:type":"rock","source":"Bing; Esri","source:position":"Bing; Esri","survey:date":"2025"}}},{"type":"Feature","geometry":{"type":"Point","coordinates":[-63.0135441,7.961785]},"properties":{"osm_id":12875446245,"osm_type":"node","seamark_type":"rock","display_class":"OTHER","min_zoom":12,"importance":1,"name":null,"ref":null,"common":{"type":"rock"},"children":{"rock":{"water_level":"submerged"}},"osm_tags":{"seamark:rock:water_level":"submerged","seamark:type":"rock","source":"Bing; Esri","source:position":"Bing; Esri","survey:date":"2025"}}},{"type":"Feature","geometry":{"type":"Point","coordinates":[-63.015647,7.9623162]},"properties":{"osm_id":12875446246,"osm_type":"node","seamark_type":"rock","display_class":"OTHER","min_zoom":12,"importance":1,"name":null,"ref":null,"common":{"type":"rock"},"children":{"rock":{"water_level":"submerged"}},"osm_tags":{"seamark:rock:water_level":"submerged","seamark:type":"rock","source":"Bing; Esri","source:position":"Bing; Esri","survey:date":"2025"}}},{"type":"Feature","geometry":{"type":"Point","coordinates":[-63.0181575,7.9629113]},"properties":{"osm_id":12875446247,"osm_type":"node","seamark_type":"rock","display_class":"OTHER","min_zoom":12,"importance":1,"name":null,"ref":null,"common":{"type":"rock"},"children":{"rock":{"water_level":"submerged"}},"osm_tags":{"seamark:rock:water_level":"submerged","seamark:type":"rock","source":"Bing; Esri","source:position":"Bing; Esri","survey:date":"2025"}}},{"type":"Feature","geometry":{"type":"Point","coordinates":[-63.023243,7.9648238]},"properties":{"osm_id":12875446248,"osm_type":"node","seamark_type":"rock","display_class":"OTHER","min_zoom":12,"importance":1,"name":null,"ref":null,"common":{"type":"rock"},"children":{"rock":{"water_level":"submerged"}},"osm_tags":{"seamark:rock:water_level":"submerged","seamark:type":"rock","source":"Bing; Esri","source:position":"Bing; Esri","survey:date":"2025"}}},{"type":"Feature","geometry":{"type":"Point","coordinates":[-63.0213332,7.9642713]},"properties":{"osm_id":12875446249,"osm_type":"node","seamark_type":"rock","display_class":"OTHER","min_zoom":12,"importance":1,"name":null,"ref":null,"common":{"type":"rock"},"children":{"rock":{"water_level":"submerged"}},"osm_tags":{"seamark:rock:water_level":"submerged","seamark:type":"rock","source":"Bing; Esri","source:position":"Bing; Esri","survey:date":"2025"}}},{"type":"Feature","geometry":{"type":"Point","coordinates":[-63.0168057,7.9656526]},"properties":{"osm_id":12875446250,"osm_type":"node","seamark_type":"rock","display_class":"OTHER","min_zoom":12,"importance":1,"name":null,"ref":null,"common":{"type":"rock"},"children":{"rock":{"water_level":"submerged"}},"osm_tags":{"seamark:rock:water_level":"submerged","seamark:type":"rock","source":"Bing; Esri","source:position":"Bing; Esri","survey:date":"2025"}}},{"type":"Feature","geometry":{"type":"Point","coordinates":[-63.0163336,7.9668001]},"properties":{"osm_id":12875446251,"osm_type":"node","seamark_type":"rock","display_class":"OTHER","min_zoom":12,"importance":1,"name":null,"ref":null,"common":{"type":"rock"},"children":{"rock":{"water_level":"submerged"}},"osm_tags":{"seamark:rock:water_level":"submerged","seamark:type":"rock","source":"Bing; Esri","source:position":"Bing; Esri","survey:date":"2025"}}},{"type":"Feature","geometry":{"type":"Point","coordinates":[-63.0130935,7.9690527]},"properties":{"osm_id":12875446252,"osm_type":"node","seamark_type":"rock","display_class":"OTHER","min_zoom":12,"importance":1,"name":null,"ref":null,"common":{"type":"rock"},"children":{"rock":{"water_level":"submerged"}},"osm_tags":{"seamark:rock:water_level":"submerged","seamark:type":"rock","source":"Bing; Esri","source:position":"Bing; Esri","survey:date":"2025"}}},{"type":"Feature","geometry":{"type":"Point","coordinates":[-63.0174065,7.9703277]},"properties":{"osm_id":12875446253,"osm_type":"node","seamark_type":"rock","display_class":"OTHER","min_zoom":12,"importance":1,"name":null,"ref":null,"common":{"type":"rock"},"children":{"rock":{"water_level":"submerged"}},"osm_tags":{"seamark:rock:water_level":"submerged","seamark:type":"rock","source":"Bing; Esri","source:position":"Bing; Esri","survey:date":"2025"}}},{"type":"Feature","geometry":{"type":"Point","coordinates":[-63.0156684,7.9703702]},"properties":{"osm_id":12875446254,"osm_type":"node","seamark_type":"rock","display_class":"OTHER","min_zoom":12,"importance":1,"name":null,"ref":null,"common":{"type":"rock"},"children":{"rock":{"water_level":"submerged"}},"osm_tags":{"seamark:rock:water_level":"submerged","seamark:type":"rock","source":"Bing; Esri","source:position":"Bing; Esri","survey:date":"2025"}}},{"type":"Feature","geometry":{"type":"Point","coordinates":[-63.0147886,7.9714752]},"properties":{"osm_id":12875446255,"osm_type":"node","seamark_type":"rock","display_class":"OTHER","min_zoom":12,"importance":1,"name":null,"ref":null,"common":{"type":"rock"},"children":{"rock":{"water_level":"submerged"}},"osm_tags":{"seamark:rock:water_level":"submerged","seamark:type":"rock","source":"Bing; Esri","source:position":"Bing; Esri","survey:date":"2025"}}},{"type":"Feature","geometry":{"type":"Point","coordinates":[-63.0165267,7.9714752]},"properties":{"osm_id":12875446256,"osm_type":"node","seamark_type":"rock","display_class":"OTHER","min_zoom":12,"importance":1,"name":null,"ref":null,"common":{"type":"rock"},"children":{"rock":{"water_level":"submerged"}},"osm_tags":{"seamark:rock:water_level":"submerged","seamark:type":"rock","source":"Bing; Esri","source:position":"Bing; Esri","survey:date":"2025"}}},{"type":"Feature","geometry":{"type":"Point","coordinates":[-63.0140591,7.9703915]},"properties":{"osm_id":12875446257,"osm_type":"node","seamark_type":"rock","display_class":"OTHER","min_zoom":12,"importance":1,"name":null,"ref":null,"common":{"type":"rock"},"children":{"rock":{"water_level":"submerged"}},"osm_tags":{"seamark:rock:water_level":"submerged","seamark:type":"rock","source":"Bing; Esri","source:position":"Bing; Esri","survey:date":"2025"}}},{"type":"Feature","geometry":{"type":"Point","coordinates":[-63.0116344,7.9689252]},"properties":{"osm_id":12875446258,"osm_type":"node","seamark_type":"rock","display_class":"OTHER","min_zoom":12,"importance":1,"name":null,"ref":null,"common":{"type":"rock"},"children":{"rock":{"water_level":"submerged"}},"osm_tags":{"seamark:rock:water_level":"submerged","seamark:type":"rock","source":"Bing; Esri","source:position":"Bing; Esri","survey:date":"2025"}}},{"type":"Feature","geometry":{"type":"Point","coordinates":[-63.0107546,7.9686064]},"properties":{"osm_id":12875446259,"osm_type":"node","seamark_type":"rock","display_class":"OTHER","min_zoom":12,"importance":1,"name":null,"ref":null,"common":{"type":"rock"},"children":{"rock":{"water_level":"submerged"}},"osm_tags":{"seamark:rock:water_level":"submerged","seamark:type":"rock","source":"Bing; Esri","source:position":"Bing; Esri","survey:date":"2025"}}},{"type":"Feature","geometry":{"type":"Point","coordinates":[-63.0098105,7.9694777]},"properties":{"osm_id":12875446260,"osm_type":"node","seamark_type":"rock","display_class":"OTHER","min_zoom":12,"importance":1,"name":null,"ref":null,"common":{"type":"rock"},"children":{"rock":{"water_level":"submerged"}},"osm_tags":{"seamark:rock:water_level":"submerged","seamark:type":"rock","source":"Bing; Esri","source:position":"Bing; Esri","survey:date":"2025"}}},{"type":"Feature","geometry":{"type":"Point","coordinates":[-63.0224061,7.980464]},"properties":{"osm_id":12875446261,"osm_type":"node","seamark_type":"rock","display_class":"OTHER","min_zoom":12,"importance":1,"name":null,"ref":null,"common":{"type":"rock"},"children":{"rock":{"water_level":"submerged"}},"osm_tags":{"seamark:rock:water_level":"submerged","seamark:type":"rock","source":"Bing; Esri","source:position":"Bing; Esri","survey:date":"2025"}}},{"type":"Feature","geometry":{"type":"Point","coordinates":[-63.0206466,7.9816115]},"properties":{"osm_id":12875446262,"osm_type":"node","seamark_type":"rock","display_class":"OTHER","min_zoom":12,"importance":1,"name":null,"ref":null,"common":{"type":"rock"},"children":{"rock":{"water_level":"submerged"}},"osm_tags":{"seamark:rock:water_level":"submerged","seamark:type":"rock","source":"Bing; Esri","source:position":"Bing; Esri","survey:date":"2025"}}},{"type":"Feature","geometry":{"type":"Point","coordinates":[-63.0168486,7.978679]},"properties":{"osm_id":12875446263,"osm_type":"node","seamark_type":"rock","display_class":"OTHER","min_zoom":12,"importance":1,"name":null,"ref":null,"common":{"type":"rock"},"children":{"rock":{"water_level":"submerged"}},"osm_tags":{"seamark:rock:water_level":"submerged","seamark:type":"rock","source":"Bing; Esri","source:position":"Bing; Esri","survey:date":"2025"}}},{"type":"Feature","geometry":{"type":"Point","coordinates":[-63.016634,7.9783815]},"properties":{"osm_id":12875446264,"osm_type":"node","seamark_type":"rock","display_class":"OTHER","min_zoom":12,"importance":1,"name":null,"ref":null,"common":{"type":"rock"},"children":{"rock":{"water_level":"submerged"}},"osm_tags":{"seamark:rock:water_level":"submerged","seamark:type":"rock","source":"Bing; Esri","source:position":"Bing; Esri","survey:date":"2025"}}},{"type":"Feature","geometry":{"type":"Point","coordinates":[-63.0156255,7.9782115]},"properties":{"osm_id":12875446265,"osm_type":"node","seamark_type":"rock","display_class":"OTHER","min_zoom":12,"importance":1,"name":null,"ref":null,"common":{"type":"rock"},"children":{"rock":{"water_level":"submerged"}},"osm_tags":{"seamark:rock:water_level":"submerged","seamark:type":"rock","source":"Bing; Esri","source:position":"Bing; Esri","survey:date":"2025"}}},{"type":"Feature","geometry":{"type":"Point","coordinates":[-63.0128145,7.9758953]},"properties":{"osm_id":12875446266,"osm_type":"node","seamark_type":"rock","display_class":"OTHER","min_zoom":12,"importance":1,"name":null,"ref":null,"common":{"type":"rock"},"children":{"rock":{"water_level":"submerged"}},"osm_tags":{"seamark:rock:water_level":"submerged","seamark:type":"rock","source":"Bing; Esri","source:position":"Bing; Esri","survey:date":"2025"}}},{"type":"Feature","geometry":{"type":"Point","coordinates":[-63.0133939,7.9731327]},"properties":{"osm_id":12875446267,"osm_type":"node","seamark_type":"rock","display_class":"OTHER","min_zoom":12,"importance":1,"name":null,"ref":null,"common":{"type":"rock"},"children":{"rock":{"water_level":"submerged"}},"osm_tags":{"seamark:rock:water_level":"submerged","seamark:type":"rock","source":"Bing; Esri","source:position":"Bing; Esri","survey:date":"2025"}}},{"type":"Feature","geometry":{"type":"Point","coordinates":[-63.0140162,7.9766815]},"properties":{"osm_id":12875446268,"osm_type":"node","seamark_type":"rock","display_class":"OTHER","min_zoom":12,"importance":1,"name":null,"ref":null,"common":{"type":"rock"},"children":{"rock":{"water_level":"submerged"}},"osm_tags":{"seamark:rock:water_level":"submerged","seamark:type":"rock","source":"Bing; Esri","source:position":"Bing; Esri","survey:date":"2025"}}},{"type":"Feature","geometry":{"type":"Point","coordinates":[-63.0181575,7.979784]},"properties":{"osm_id":12875446269,"osm_type":"node","seamark_type":"rock","display_class":"OTHER","min_zoom":12,"importance":1,"name":null,"ref":null,"common":{"type":"rock"},"children":{"rock":{"water_level":"submerged"}},"osm_tags":{"seamark:rock:water_level":"submerged","seamark:type":"rock","source":"Bing; Esri","source:position":"Bing; Esri","survey:date":"2025"}}},{"type":"Feature","geometry":{"type":"Point","coordinates":[-63.0174709,7.9759803]},"properties":{"osm_id":12875446270,"osm_type":"node","seamark_type":"rock","display_class":"OTHER","min_zoom":12,"importance":1,"name":null,"ref":null,"common":{"type":"rock"},"children":{"rock":{"water_level":"submerged"}},"osm_tags":{"seamark:rock:water_level":"submerged","seamark:type":"rock","source":"Bing; Esri","source:position":"Bing; Esri","survey:date":"2025"}}},{"type":"Feature","geometry":{"type":"Point","coordinates":[-63.0186081,7.978254]},"properties":{"osm_id":12875446271,"osm_type":"node","seamark_type":"rock","display_class":"OTHER","min_zoom":12,"importance":1,"name":null,"ref":null,"common":{"type":"rock"},"children":{"rock":{"water_level":"submerged"}},"osm_tags":{"seamark:rock:water_level":"submerged","seamark:type":"rock","source":"Bing; Esri","source:position":"Bing; Esri","survey:date":"2025"}}},{"type":"Feature","geometry":{"type":"Point","coordinates":[-63.027792,7.9772978]},"properties":{"osm_id":12875446272,"osm_type":"node","seamark_type":"rock","display_class":"OTHER","min_zoom":12,"importance":1,"name":null,"ref":null,"common":{"type":"rock"},"children":{"rock":{"water_level":"submerged"}},"osm_tags":{"seamark:rock:water_level":"submerged","seamark:type":"rock","source":"Bing; Esri","source:position":"Bing; Esri","survey:date":"2025"}}},{"type":"Feature","geometry":{"type":"Point","coordinates":[-63.0251098,7.9781053]},"properties":{"osm_id":12875446273,"osm_type":"node","seamark_type":"rock","display_class":"OTHER","min_zoom":12,"importance":1,"name":null,"ref":null,"common":{"type":"rock"},"children":{"rock":{"water_level":"submerged"}},"osm_tags":{"seamark:rock:water_level":"submerged","seamark:type":"rock","source":"Bing; Esri","source:position":"Bing; Esri","survey:date":"2025"}}},{"type":"Feature","geometry":{"type":"Point","coordinates":[-63.0248523,7.9790828]},"properties":{"osm_id":12875446274,"osm_type":"node","seamark_type":"rock","display_class":"OTHER","min_zoom":12,"importance":1,"name":null,"ref":null,"common":{"type":"rock"},"children":{"rock":{"water_level":"submerged"}},"osm_tags":{"seamark:rock:water_level":"submerged","seamark:type":"rock","source":"Bing; Esri","source:position":"Bing; Esri","survey:date":"2025"}}},{"type":"Feature","geometry":{"type":"Point","coordinates":[-63.0240154,7.9785515]},"properties":{"osm_id":12875446275,"osm_type":"node","seamark_type":"rock","display_class":"OTHER","min_zoom":12,"importance":1,"name":null,"ref":null,"common":{"type":"rock"},"children":{"rock":{"water_level":"submerged"}},"osm_tags":{"seamark:rock:water_level":"submerged","seamark:type":"rock","source":"Bing; Esri","source:position":"Bing; Esri","survey:date":"2025"}}},{"type":"Feature","geometry":{"type":"Point","coordinates":[-63.0219341,7.9760653]},"properties":{"osm_id":12875446276,"osm_type":"node","seamark_type":"rock","display_class":"OTHER","min_zoom":12,"importance":1,"name":null,"ref":null,"common":{"type":"rock"},"children":{"rock":{"water_level":"submerged"}},"osm_tags":{"seamark:rock:water_level":"submerged","seamark:type":"rock","source":"Bing; Esri","source:position":"Bing; Esri","survey:date":"2025"}}},{"type":"Feature","geometry":{"type":"Polygon","coordinates":[[[-63.0110389,7.8644685],[-63.0109906,7.8644419],[-63.010945,7.8643941],[-63.0109128,7.8643543],[-63.0108458,7.864256],[-63.0108324,7.8642028],[-63.0108297,7.864147],[-63.0108404,7.8640833],[-63.0108565,7.8640301],[-63.0108833,7.8639796],[-63.0109209,7.8639291],[-63.0109718,7.8638919],[-63.0110228,7.8638601],[-63.0111274,7.8638069],[-63.0111891,7.8637804],[-63.0113098,7.8637591],[-63.0113661,7.8637618],[-63.0114225,7.8637697],[-63.0115378,7.8638096],[-63.0115914,7.8638415],[-63.011637,7.8638734],[-63.0116853,7.8639105],[-63.0117255,7.8639504],[-63.0117577,7.8639956],[-63.0117846,7.8640487],[-63.0118275,7.8641098],[-63.0118489,7.8641736],[-63.0118623,7.8642347],[-63.011865,7.8642905],[-63.011857,7.8643436],[-63.0118409,7.8644047],[-63.0118033,7.8644499],[-63.0117577,7.8644845],[-63.0116531,7.8645429],[-63.0115405,7.8645801],[-63.0114868,7.8645881],[-63.0113179,7.8645881],[-63.0112159,7.8645482],[-63.0110389,7.8644685]]]},"properties":{"osm_id":1389414589,"osm_type":"way","seamark_type":"obstruction","display_class":"OTHER","min_zoom":12,"importance":1,"name":null,"ref":null,"common":{"type":"obstruction"},"children":{"obstruction":{"category":"stump"},"sea_area":{"category":"shoal"}},"osm_tags":{"natural":"shoal","seamark:obstruction:category":"stump","seamark:sea_area:category":"shoal","seamark:type":"obstruction","source":"Bing; Esri","source:geometry":"Bing; Esri","surface":"gravel"}}},{"type":"Feature","geometry":{"type":"Polygon","coordinates":[[[-63.020373,7.8665011],[-63.0203435,7.8664453],[-63.0203247,7.8663789],[-63.0203193,7.8663178],[-63.0203193,7.8662646],[-63.0203247,7.8662115],[-63.0203542,7.8661557],[-63.0203864,7.8661079],[-63.020424,7.8660574],[-63.0204722,7.8660175],[-63.0205312,7.865983],[-63.020601,7.8659538],[-63.0206734,7.8659325],[-63.0207378,7.8659219],[-63.0208719,7.8659458],[-63.0209309,7.8659644],[-63.0209926,7.8659777],[-63.021057,7.8659963],[-63.0212098,7.8660893],[-63.0212393,7.8661344],[-63.0213037,7.8662407],[-63.0213198,7.8662992],[-63.0213037,7.8663656],[-63.0212688,7.8664134],[-63.0212232,7.8664586],[-63.021175,7.8664958],[-63.0211321,7.866525],[-63.0210248,7.8665755],[-63.0209041,7.8666047],[-63.0208504,7.86661],[-63.0207887,7.8666074],[-63.0207297,7.8665994],[-63.02066,7.8665861],[-63.0205473,7.8665542],[-63.0204883,7.866541],[-63.020373,7.8665011]]]},"properties":{"osm_id":1389414590,"osm_type":"way","seamark_type":"obstruction","display_class":"OTHER","min_zoom":12,"importance":1,"name":null,"ref":null,"common":{"type":"obstruction"},"children":{"obstruction":{"category":"stump"},"sea_area":{"category":"shoal"}},"osm_tags":{"natural":"shoal","seamark:obstruction:category":"stump","seamark:sea_area:category":"shoal","seamark:type":"obstruction","source":"Bing; Esri","source:geometry":"Bing; Esri","surface":"gravel"}}},{"type":"Feature","geometry":{"type":"Polygon","coordinates":[[[-63.0169585,7.8666765],[-63.016929,7.8666313],[-63.0169237,7.8665782],[-63.016921,7.866525],[-63.0169076,7.8664745],[-63.0168888,7.8664187],[-63.016862,7.8663656],[-63.0168432,7.8663125],[-63.0168378,7.8662513],[-63.0168378,7.8661955],[-63.0168486,7.8661424],[-63.0168808,7.8660946],[-63.0169237,7.8660547],[-63.0169746,7.8660149],[-63.0170283,7.8659963],[-63.0170953,7.8659803],[-63.0171704,7.8659724],[-63.0172348,7.8659724],[-63.0172938,7.865975],[-63.0173582,7.8659936],[-63.0174065,7.8660228],[-63.0175057,7.8660946],[-63.017562,7.8661238],[-63.0176935,7.8661238],[-63.0177578,7.8661105],[-63.0178785,7.8660786],[-63.017951,7.8660627],[-63.0180126,7.86606],[-63.018077,7.86606],[-63.0181843,7.8660813],[-63.018246,7.8660972],[-63.0183023,7.8661158],[-63.0183587,7.8661424],[-63.0184123,7.8661743],[-63.0184606,7.8662062],[-63.0184981,7.8662487],[-63.0185008,7.8663045],[-63.0185008,7.8663629],[-63.0184633,7.8664772],[-63.0183962,7.8665728],[-63.0183587,7.8666127],[-63.0183184,7.8666499],[-63.0182219,7.8667216],[-63.018128,7.8667801],[-63.0180743,7.8668013],[-63.0179644,7.8668253],[-63.0178946,7.8668306],[-63.0178383,7.8668332],[-63.0177122,7.8668332],[-63.0176559,7.8668279],[-63.0175969,7.866812],[-63.0175459,7.8668013],[-63.0174896,7.8667827],[-63.017436,7.8667801],[-63.0173796,7.8667801],[-63.0173206,7.8667854],[-63.0172107,7.8667854],[-63.0171597,7.8667748],[-63.0169934,7.8667243],[-63.0169585,7.8666765]]]},"properties":{"osm_id":1389414591,"osm_type":"way","seamark_type":"obstruction","display_class":"OTHER","min_zoom":12,"importance":1,"name":null,"ref":null,"common":{"type":"obstruction"},"children":{"obstruction":{"category":"stump"},"sea_area":{"category":"shoal"}},"osm_tags":{"natural":"shoal","seamark:obstruction:category":"stump","seamark:sea_area:category":"shoal","seamark:type":"obstruction","source":"Bing; Esri","source:geometry":"Bing; Esri","surface":"gravel"}}},{"type":"Feature","geometry":{"type":"Polygon","coordinates":[[[-63.0148503,7.8681989],[-63.0149093,7.8681776],[-63.0149576,7.8681511],[-63.0150086,7.8681298],[-63.0150649,7.8681378],[-63.0151641,7.868183],[-63.0152258,7.8682042],[-63.0152848,7.8682095],[-63.0153438,7.8682095],[-63.0154672,7.8682042],[-63.0155236,7.8681936],[-63.0155799,7.8681883],[-63.0156443,7.8681883],[-63.0157033,7.8681909],[-63.0157596,7.8682016],[-63.0158186,7.8682148],[-63.0158776,7.8682255],[-63.0160761,7.8682334],[-63.0161995,7.8682334],[-63.0163309,7.86826],[-63.0164543,7.8682919],[-63.0165079,7.8683185],[-63.0167064,7.8684646],[-63.0168057,7.8685337],[-63.0168673,7.8685735],[-63.0169344,7.8686107],[-63.0170631,7.8686479],[-63.0171222,7.8686612],[-63.0171865,7.8686878],[-63.0172348,7.8687143],[-63.0172777,7.8687515],[-63.0173045,7.8688047],[-63.0173099,7.8688605],[-63.0173126,7.8689216],[-63.0173287,7.8689774],[-63.0173689,7.8690199],[-63.0174145,7.8690544],[-63.0175164,7.8691182],[-63.017562,7.8691527],[-63.0176023,7.8691953],[-63.017613,7.8692564],[-63.0176023,7.8693122],[-63.0175781,7.8693653],[-63.0175406,7.8694131],[-63.0174977,7.8694424],[-63.0174494,7.8694689],[-63.0173448,7.8694875],[-63.0172294,7.869538],[-63.0171275,7.8696018],[-63.0170792,7.8696496],[-63.017039,7.869708],[-63.0170068,7.8697506],[-63.0169612,7.8697798],[-63.0169129,7.8698064],[-63.0167896,7.8698409],[-63.0167332,7.8698436],[-63.0166796,7.869825],[-63.0166367,7.8697957],[-63.0165911,7.8697452],[-63.0165589,7.8696974],[-63.0165294,7.8696363],[-63.0165106,7.8695832],[-63.0164918,7.8695167],[-63.0164704,7.8694689],[-63.0164006,7.8693626],[-63.0163604,7.8693228],[-63.0163068,7.8693122],[-63.0162478,7.8693228],[-63.0161914,7.8693467],[-63.0161458,7.8693759],[-63.0161217,7.8694238],[-63.0160895,7.8695353],[-63.016068,7.8695938],[-63.0160359,7.8696443],[-63.0159983,7.8696841],[-63.0159527,7.8697134],[-63.0158937,7.8697266],[-63.0158427,7.8697293],[-63.015781,7.869716],[-63.0157113,7.8696948],[-63.0156577,7.8696762],[-63.0155692,7.8696576],[-63.0155289,7.8696204],[-63.0154941,7.8695725],[-63.0154619,7.8695141],[-63.0154055,7.8694211],[-63.0153573,7.8693812],[-63.0153036,7.8693573],[-63.0152446,7.8693626],[-63.0151856,7.8693919],[-63.015132,7.8694264],[-63.015081,7.8694556],[-63.01503,7.8694689],[-63.0149764,7.8694663],[-63.0149308,7.8694238],[-63.0148986,7.8693759],[-63.0148691,7.8692006],[-63.014861,7.8690757],[-63.0148423,7.8690093],[-63.0148155,7.8689561],[-63.0147806,7.8689057],[-63.0147457,7.8688605],[-63.0146733,7.8687595],[-63.0146304,7.868717],[-63.0145821,7.8686825],[-63.0145043,7.8685868],[-63.0144399,7.8684805],[-63.0144238,7.8684221],[-63.0144426,7.8683689],[-63.0144936,7.8683211],[-63.0145526,7.8682839],[-63.0146036,7.8682574],[-63.0147162,7.8682175],[-63.0148503,7.8681989]]]},"properties":{"osm_id":1389414592,"osm_type":"way","seamark_type":"obstruction","display_class":"OTHER","min_zoom":12,"importance":1,"name":null,"ref":null,"common":{"type":"obstruction"},"children":{"obstruction":{"category":"stump"},"sea_area":{"category":"shoal"}},"osm_tags":{"natural":"shoal","seamark:obstruction:category":"stump","seamark:sea_area:category":"shoal","seamark:type":"obstruction","source":"Bing; Esri","source:geometry":"Bing; Esri","surface":"gravel"}}},{"type":"Feature","geometry":{"type":"Polygon","coordinates":[[[-63.0594742,7.9006311],[-63.0593669,7.9006364],[-63.0592597,7.9006205],[-63.0591631,7.9005567],[-63.0590773,7.9004823],[-63.0589324,7.9002911],[-63.0589056,7.9001795],[-63.0589002,7.9000679],[-63.0589271,7.899951],[-63.0589861,7.8998341],[-63.0590451,7.8997331],[-63.0591202,7.8996428],[-63.0592221,7.8995472],[-63.0593133,7.8994728],[-63.0594152,7.8994037],[-63.0595279,7.8993559],[-63.0597693,7.8992921],[-63.0598873,7.8992655],[-63.0600107,7.8992655],[-63.0601502,7.8992709],[-63.0602682,7.8992974],[-63.0603755,7.8993665],[-63.0605096,7.899579],[-63.0605418,7.8996959],[-63.0605578,7.8998288],[-63.0605578,7.8999404],[-63.0605471,7.9000732],[-63.0604935,7.9001795],[-63.0604345,7.9002804],[-63.0603325,7.9003654],[-63.0602306,7.9004398],[-63.0601448,7.9004983],[-63.0599409,7.9006099],[-63.0598337,7.9006364],[-63.0594742,7.9006311]]]},"properties":{"osm_id":1389417081,"osm_type":"way","seamark_type":"obstruction","display_class":"OTHER","min_zoom":12,"importance":1,"name":null,"ref":null,"common":{"type":"obstruction"},"children":{"obstruction":{"category":"stump"},"sea_area":{"category":"shoal"}},"osm_tags":{"natural":"shoal","seamark:obstruction:category":"stump","seamark:sea_area:category":"shoal","seamark:type":"obstruction","source":"Bing; Esri","source:geometry":"Bing; Esri","surface":"gravel"}}},{"type":"Feature","geometry":{"type":"Polygon","coordinates":[[[-63.0380622,7.9007586],[-63.0380648,7.9007055],[-63.038089,7.9006471],[-63.0381292,7.9005939],[-63.0381694,7.9005514],[-63.0382204,7.9005062],[-63.0383357,7.9004159],[-63.0384377,7.9003468],[-63.0385128,7.9003017],[-63.0385718,7.9002618],[-63.0386844,7.9002007],[-63.0388722,7.9001476],[-63.0389312,7.9001423],[-63.0389875,7.9001423],[-63.0390465,7.9001476],[-63.0390841,7.9001927],[-63.0390975,7.9002459],[-63.0390921,7.900299],[-63.0390492,7.9003362],[-63.0389982,7.9003681],[-63.0389446,7.9003973],[-63.0387193,7.9005062],[-63.0386737,7.9005328],[-63.0384296,7.9006949],[-63.0383813,7.9007214],[-63.0382875,7.9007852],[-63.0382258,7.9008011],[-63.0381748,7.9008091],[-63.0381212,7.9008065],[-63.0380836,7.9007932],[-63.0380622,7.9007586]]]},"properties":{"osm_id":1389417082,"osm_type":"way","seamark_type":"obstruction","display_class":"OTHER","min_zoom":12,"importance":1,"name":null,"ref":null,"common":{"type":"obstruction"},"children":{"obstruction":{"category":"stump"},"sea_area":{"category":"shoal"}},"osm_tags":{"natural":"shoal","seamark:obstruction:category":"stump","seamark:sea_area:category":"shoal","seamark:type":"obstruction","source":"Bing; Esri","source:geometry":"Bing; Esri","surface":"gravel"}}},{"type":"Feature","geometry":{"type":"Polygon","coordinates":[[[-63.0358493,7.9000785],[-63.0358172,7.8999722],[-63.0358172,7.899866],[-63.0358279,7.8997491],[-63.0358976,7.8996322],[-63.0359781,7.8995259],[-63.0361497,7.8993346],[-63.0363429,7.8991858],[-63.0364394,7.8991221],[-63.0366379,7.8990264],[-63.0369866,7.8989361],[-63.0370992,7.8989361],[-63.0373246,7.8989999],[-63.0374265,7.8990636],[-63.0375123,7.8991327],[-63.037566,7.8992283],[-63.0375928,7.8993346],[-63.037582,7.8994462],[-63.0374587,7.8996322],[-63.0373836,7.8997172],[-63.0372763,7.8998022],[-63.0370832,7.8999191],[-63.0369651,7.8999776],[-63.0368686,7.9000147],[-63.036654,7.9001051],[-63.0364394,7.9001635],[-63.0363268,7.9001795],[-63.0362088,7.9002113],[-63.0361015,7.9002167],[-63.0359888,7.9001848],[-63.0358493,7.9000785]]]},"properties":{"osm_id":1389417083,"osm_type":"way","seamark_type":"obstruction","display_class":"OTHER","min_zoom":12,"importance":1,"name":null,"ref":null,"common":{"type":"obstruction"},"children":{"obstruction":{"category":"stump"},"sea_area":{"category":"shoal"}},"osm_tags":{"natural":"shoal","seamark:obstruction:category":"stump","seamark:sea_area:category":"shoal","seamark:type":"obstruction","source":"Bing; Esri","source:geometry":"Bing; Esri","surface":"gravel"}}},{"type":"Feature","geometry":{"type":"Polygon","coordinates":[[[-63.0040491,7.8273329],[-63.0040142,7.8272824],[-63.0040196,7.8272213],[-63.0040678,7.8271814],[-63.0041751,7.8271203],[-63.0042368,7.8270937],[-63.0043736,7.8270592],[-63.0044353,7.8270539],[-63.0044997,7.8270539],[-63.0047572,7.8270432],[-63.0048859,7.8270432],[-63.0049422,7.8270512],[-63.0050495,7.8270725],[-63.0051139,7.8270884],[-63.0051729,7.8271203],[-63.0052185,7.8271655],[-63.0052587,7.8272213],[-63.0052775,7.8272797],[-63.0052775,7.8273382],[-63.00524,7.8273834],[-63.0051944,7.8274179],[-63.004953,7.8274843],[-63.0048966,7.8274976],[-63.0048269,7.8275056],[-63.0047035,7.8275056],[-63.0046445,7.8275083],[-63.0045855,7.8274976],[-63.0044514,7.8274551],[-63.0042851,7.8274099],[-63.0042341,7.8273993],[-63.0040491,7.8273329]]]},"properties":{"osm_id":1389417441,"osm_type":"way","seamark_type":"obstruction","display_class":"OTHER","min_zoom":12,"importance":1,"name":null,"ref":null,"common":{"type":"obstruction"},"children":{"obstruction":{"category":"stump"},"sea_area":{"category":"shoal"}},"osm_tags":{"natural":"shoal","seamark:obstruction:category":"stump","seamark:sea_area:category":"shoal","seamark:type":"obstruction","source":"Bing; Esri","source:geometry":"Bing; Esri","surface":"gravel"}}},{"type":"Feature","geometry":{"type":"Polygon","coordinates":[[[-63.0016726,7.8266234],[-63.0018121,7.8264932],[-63.0018497,7.826448],[-63.0018845,7.8263922],[-63.001906,7.8263364],[-63.0019382,7.8262195],[-63.001965,7.8261717],[-63.0020133,7.8261398],[-63.0020723,7.8261185],[-63.0021286,7.8261079],[-63.0021903,7.8261079],[-63.0022413,7.8261318],[-63.0023325,7.8262036],[-63.0023941,7.8262939],[-63.0024236,7.8263444],[-63.0024478,7.8263975],[-63.0024532,7.8264613],[-63.0024532,7.8265251],[-63.0023834,7.8266978],[-63.0023512,7.8267483],[-63.0023244,7.8268094],[-63.0023056,7.8268679],[-63.0022493,7.8271017],[-63.0022278,7.8271548],[-63.0021957,7.8272],[-63.0021527,7.8272505],[-63.0021098,7.8272877],[-63.0020535,7.8273169],[-63.0019891,7.8273329],[-63.0019248,7.8273382],[-63.0018631,7.8273355],[-63.0017558,7.827293],[-63.0016109,7.827192],[-63.001568,7.8271495],[-63.0015036,7.8270539],[-63.0014876,7.8269954],[-63.0014795,7.826937],[-63.0014795,7.8268812],[-63.001509,7.8268307],[-63.0015439,7.8267802],[-63.0016726,7.8266234]]]},"properties":{"osm_id":1389417442,"osm_type":"way","seamark_type":"obstruction","display_class":"OTHER","min_zoom":12,"importance":1,"name":null,"ref":null,"common":{"type":"obstruction"},"children":{"obstruction":{"category":"stump"},"sea_area":{"category":"shoal"}},"osm_tags":{"natural":"shoal","seamark:obstruction:category":"stump","seamark:sea_area:category":"shoal","seamark:type":"obstruction","source":"Bing; Esri","source:geometry":"Bing; Esri","surface":"gravel"}}},{"type":"Feature","geometry":{"type":"Polygon","coordinates":[[[-63.0448884,7.859306],[-63.0447757,7.8592422],[-63.0446845,7.8591519],[-63.0445987,7.8590562],[-63.0445397,7.8589499],[-63.0444592,7.8586789],[-63.0444485,7.8585461],[-63.0444592,7.8584398],[-63.0445129,7.8583441],[-63.0446041,7.8582325],[-63.0446792,7.8581156],[-63.044765,7.8580253],[-63.0449581,7.8578818],[-63.0450815,7.8578446],[-63.0452102,7.8577915],[-63.0453229,7.857749],[-63.0454356,7.8577224],[-63.0455643,7.8576799],[-63.0456823,7.8576746],[-63.0458325,7.8577171],[-63.0459559,7.8577383],[-63.0460686,7.8577649],[-63.0461919,7.8577968],[-63.0463153,7.857834],[-63.0464119,7.8578924],[-63.0465138,7.8579721],[-63.0466211,7.8580465],[-63.0467284,7.8581475],[-63.0468142,7.8582378],[-63.0468786,7.8583335],[-63.0469483,7.8584451],[-63.047002,7.8585407],[-63.047061,7.8587958],[-63.0470341,7.858918],[-63.0469966,7.8590296],[-63.0469322,7.8591359],[-63.0468464,7.8592156],[-63.0467445,7.8592794],[-63.0466533,7.8593272],[-63.0465514,7.8593644],[-63.0464333,7.859391],[-63.0461866,7.8594335],[-63.0460471,7.8594654],[-63.0459452,7.8594707],[-63.0458325,7.8594707],[-63.0457145,7.8594654],[-63.0454838,7.8594123],[-63.0453765,7.8593963],[-63.0448884,7.859306]]]},"properties":{"osm_id":1389418417,"osm_type":"way","seamark_type":"obstruction","display_class":"OTHER","min_zoom":12,"importance":1,"name":null,"ref":null,"common":{"type":"obstruction"},"children":{"obstruction":{"category":"stump"},"sea_area":{"category":"shoal"}},"osm_tags":{"natural":"shoal","seamark:obstruction:category":"stump","seamark:sea_area:category":"shoal","seamark:type":"obstruction","source":"Bing; Esri","source:geometry":"Bing; Esri","surface":"gravel"}}},{"type":"Feature","geometry":{"type":"Polygon","coordinates":[[[-63.0392611,7.8579721],[-63.0392021,7.8578818],[-63.0391485,7.8577702],[-63.0391163,7.8576639],[-63.0390948,7.8575258],[-63.0390894,7.8574035],[-63.0390894,7.857276],[-63.039127,7.8571644],[-63.039186,7.8570688],[-63.0392879,7.8569837],[-63.0393952,7.8569306],[-63.0395025,7.8569093],[-63.0396152,7.8568775],[-63.0397224,7.8568562],[-63.0398405,7.8568509],[-63.0399478,7.8568721],[-63.0400443,7.8569306],[-63.0401248,7.8570156],[-63.0401945,7.8571378],[-63.0403125,7.8573717],[-63.0403554,7.8575151],[-63.0404252,7.8578765],[-63.040452,7.8579934],[-63.0404627,7.8581156],[-63.0404627,7.8582272],[-63.0404359,7.8583441],[-63.0403608,7.8584345],[-63.040275,7.8585036],[-63.0401623,7.8585195],[-63.040055,7.8585036],[-63.039937,7.8584717],[-63.039819,7.8584292],[-63.0396313,7.8583016],[-63.0395615,7.8582166],[-63.0394864,7.8581316],[-63.0392611,7.8579721]]]},"properties":{"osm_id":1389418418,"osm_type":"way","seamark_type":"obstruction","display_class":"OTHER","min_zoom":12,"importance":1,"name":null,"ref":null,"common":{"type":"obstruction"},"children":{"obstruction":{"category":"stump"},"sea_area":{"category":"shoal"}},"osm_tags":{"natural":"shoal","seamark:obstruction:category":"stump","seamark:sea_area:category":"shoal","seamark:type":"obstruction","source":"Bing; Esri","source:geometry":"Bing; Esri","surface":"gravel"}}},{"type":"Feature","geometry":{"type":"Polygon","coordinates":[[[-63.0384243,7.8600234],[-63.0383599,7.8599277],[-63.038317,7.8597949],[-63.0383009,7.8596886],[-63.0382794,7.859577],[-63.0382848,7.8594654],[-63.0383492,7.8593591],[-63.038435,7.85929],[-63.038553,7.8592475],[-63.0387944,7.8591837],[-63.0390412,7.8591253],[-63.0391645,7.85912],[-63.0392826,7.8591412],[-63.0393791,7.8592156],[-63.0394435,7.8593272],[-63.0394757,7.8594335],[-63.0395079,7.8595717],[-63.0395132,7.8597152],[-63.0394918,7.8598267],[-63.0394381,7.859933],[-63.0393577,7.8600446],[-63.0391699,7.8601775],[-63.0390734,7.8602306],[-63.0389661,7.8602572],[-63.038848,7.8602625],[-63.03873,7.8602466],[-63.0386174,7.8602094],[-63.0385369,7.8601456],[-63.0384243,7.8600234]]]},"properties":{"osm_id":1389418419,"osm_type":"way","seamark_type":"obstruction","display_class":"OTHER","min_zoom":12,"importance":1,"name":null,"ref":null,"common":{"type":"obstruction"},"children":{"obstruction":{"category":"stump"},"sea_area":{"category":"shoal"}},"osm_tags":{"natural":"shoal","seamark:obstruction:category":"stump","seamark:sea_area:category":"shoal","seamark:type":"obstruction","source":"Bing; Esri","source:geometry":"Bing; Esri","surface":"gravel"}}},{"type":"Feature","geometry":{"type":"Polygon","coordinates":[[[-63.034578,7.860018],[-63.0345297,7.8599065],[-63.0344975,7.8597949],[-63.0344546,7.8595717],[-63.0344546,7.8593166],[-63.0344707,7.8591891],[-63.0344975,7.8590722],[-63.0345351,7.8589499],[-63.0346423,7.8587533],[-63.0346745,7.8586311],[-63.034696,7.8585089],[-63.034696,7.8581316],[-63.0346853,7.8580147],[-63.0346799,7.8578978],[-63.0346745,7.857547],[-63.0347014,7.8574301],[-63.0347711,7.8573291],[-63.0348837,7.8572654],[-63.0350179,7.8572229],[-63.0351305,7.8572122],[-63.0352646,7.8572122],[-63.0353773,7.8572654],[-63.0354846,7.8573557],[-63.0356616,7.8576161],[-63.035742,7.8577596],[-63.035903,7.8580093],[-63.0360693,7.8582219],[-63.0361605,7.8583069],[-63.0363482,7.8584504],[-63.0364502,7.8585354],[-63.0366218,7.8586949],[-63.0367506,7.8589234],[-63.0367935,7.8590456],[-63.0368042,7.8591625],[-63.0367988,7.85929],[-63.0367667,7.8593963],[-63.036713,7.8594973],[-63.0366594,7.8595876],[-63.0366004,7.8597152],[-63.0365682,7.8598267],[-63.0364877,7.8601243],[-63.0364662,7.8602625],[-63.0364126,7.8604963],[-63.0363858,7.8606398],[-63.0363429,7.8609055],[-63.036316,7.861033],[-63.0362624,7.8611499],[-63.0362034,7.8612509],[-63.0361283,7.8613572],[-63.0360425,7.8614156],[-63.0359459,7.8614688],[-63.0358386,7.8615007],[-63.0357099,7.8615166],[-63.035565,7.8615113],[-63.0354095,7.8614741],[-63.0352861,7.8614369],[-63.0351895,7.8613891],[-63.035093,7.8613306],[-63.0350018,7.8612562],[-63.0349267,7.8611712],[-63.0348462,7.8610543],[-63.0347872,7.8609533],[-63.0347389,7.860863],[-63.0347014,7.8606345],[-63.0346745,7.8605176],[-63.034578,7.860018]]]},"properties":{"osm_id":1389418420,"osm_type":"way","seamark_type":"obstruction","display_class":"OTHER","min_zoom":12,"importance":1,"name":null,"ref":null,"common":{"type":"obstruction"},"children":{"obstruction":{"category":"stump"},"sea_area":{"category":"shoal"}},"osm_tags":{"natural":"shoal","seamark:obstruction:category":"stump","seamark:sea_area:category":"shoal","seamark:type":"obstruction","source":"Bing; Esri","source:geometry":"Bing; Esri","surface":"gravel"}}},{"type":"Feature","geometry":{"type":"Polygon","coordinates":[[[-63.000868,7.8522834],[-63.0008626,7.8521532],[-63.0008706,7.8520948],[-63.0008921,7.852031],[-63.0009297,7.8519779],[-63.0009699,7.8519327],[-63.0010262,7.8518822],[-63.0011201,7.8518078],[-63.0011684,7.8517839],[-63.0012301,7.8517706],[-63.0012891,7.8517812],[-63.00134,7.8518105],[-63.00145,7.8518556],[-63.0015492,7.8519194],[-63.0016753,7.8520071],[-63.001737,7.8520443],[-63.0019221,7.8521027],[-63.0019704,7.8521293],[-63.0020133,7.8521639],[-63.0020401,7.852217],[-63.0020562,7.8522781],[-63.0020615,7.8523472],[-63.0020615,7.8524641],[-63.0019972,7.8525598],[-63.0019516,7.8526129],[-63.001906,7.8526501],[-63.0018389,7.8526846],[-63.0016592,7.8527325],[-63.0015868,7.8527457],[-63.0015332,7.8527484],[-63.0014795,7.8527564],[-63.0012488,7.8527697],[-63.0011764,7.8527803],[-63.0011147,7.8527803],[-63.0010584,7.852767],[-63.0010101,7.8527271],[-63.0009779,7.852682],[-63.0009457,7.8526288],[-63.0009109,7.8525199],[-63.0008975,7.8524614],[-63.000868,7.8522834]]]},"properties":{"osm_id":1389418598,"osm_type":"way","seamark_type":"obstruction","display_class":"OTHER","min_zoom":12,"importance":1,"name":null,"ref":null,"common":{"type":"obstruction"},"children":{"obstruction":{"category":"stump","surface":"silt"},"sea_area":{"category":"shoal"}},"osm_tags":{"natural":"shoal","seamark:obstruction:category":"stump","seamark:obstruction:surface":"silt","seamark:sea_area:category":"shoal","seamark:type":"obstruction","source":"Bing; Esri","source:geometry":"Bing; Esri","surface":"gravel"}}},{"type":"Feature","geometry":{"type":"Polygon","coordinates":[[[-63.0066133,7.8527962],[-63.0065918,7.8526421],[-63.0066401,7.8524189],[-63.0066723,7.8523126],[-63.0066937,7.8522011],[-63.0067474,7.8521001],[-63.0068117,7.8520044],[-63.0069029,7.8519247],[-63.007037,7.8519088],[-63.0071497,7.8519088],[-63.0073804,7.8519513],[-63.0074716,7.8520257],[-63.0075789,7.8522383],[-63.0076647,7.8523286],[-63.0077666,7.8523817],[-63.0078685,7.8524508],[-63.0079705,7.8525093],[-63.0080563,7.8525996],[-63.008126,7.8527006],[-63.0081797,7.8528122],[-63.0082494,7.853147],[-63.0082709,7.8532692],[-63.0083406,7.853519],[-63.0083728,7.8536465],[-63.0083782,7.8537634],[-63.0083567,7.8538803],[-63.0082923,7.8539707],[-63.0081689,7.8540238],[-63.0080295,7.8540557],[-63.0077612,7.8540557],[-63.0076379,7.8540291],[-63.0075091,7.8539919],[-63.0073911,7.8539335],[-63.0071712,7.8537953],[-63.0070639,7.8537103],[-63.0069727,7.8536518],[-63.0067903,7.8534924],[-63.0067313,7.853402],[-63.0066669,7.8531948],[-63.0066401,7.8530832],[-63.0066133,7.8527962]]]},"properties":{"osm_id":1389418600,"osm_type":"way","seamark_type":"obstruction","display_class":"OTHER","min_zoom":12,"importance":1,"name":null,"ref":null,"common":{"type":"obstruction"},"children":{"obstruction":{"category":"stump","surface":"silt"},"sea_area":{"category":"shoal"}},"osm_tags":{"natural":"shoal","seamark:obstruction:category":"stump","seamark:obstruction:surface":"silt","seamark:sea_area:category":"shoal","seamark:type":"obstruction","source":"Bing; Esri","source:geometry":"Bing; Esri","surface":"gravel"}}},{"type":"Feature","geometry":{"type":"LineString","coordinates":[[-63.0557299,7.8647422],[-63.0380917,7.8668253]]},"properties":{"osm_id":1389424294,"osm_type":"way","seamark_type":"recommended_track","display_class":"OTHER","min_zoom":12,"importance":1,"name":null,"ref":null,"common":{"type":"recommended_track"},"children":{"navigation_line":{"category":"clearing"},"recommended_track":{"category":"no_fixed_marks","minimum_depth":"30","orientation":"328.27"}},"osm_tags":{"seamark:navigation_line:category":"clearing","seamark:recommended_track:category":"no_fixed_marks","seamark:recommended_track:minimum_depth":"30","seamark:recommended_track:orientation":"328.27","seamark:type":"recommended_track"}}},{"type":"Feature","geometry":{"type":"LineString","coordinates":[[-63.0380917,7.8668253],[-63.0213332,7.8591094]]},"properties":{"osm_id":1389424476,"osm_type":"way","seamark_type":"recommended_track","display_class":"OTHER","min_zoom":12,"importance":1,"name":null,"ref":null,"common":{"type":"recommended_track"},"children":{"navigation_line":{"category":"clearing"},"recommended_track":{"category":"no_fixed_marks","minimum_depth":"30","orientation":"15.53"}},"osm_tags":{"seamark:navigation_line:category":"clearing","seamark:recommended_track:category":"no_fixed_marks","seamark:recommended_track:minimum_depth":"30","seamark:recommended_track:orientation":"15.53","seamark:type":"recommended_track"}}},{"type":"Feature","geometry":{"type":"LineString","coordinates":[[-63.0213332,7.8591094],[-63.0064202,7.8566649]]},"properties":{"osm_id":1389424477,"osm_type":"way","seamark_type":"recommended_track","display_class":"OTHER","min_zoom":12,"importance":1,"name":null,"ref":null,"common":{"type":"recommended_track"},"children":{"navigation_line":{"category":"clearing"},"recommended_track":{"category":"no_fixed_marks","minimum_depth":"30","orientation":"279.40"}},"osm_tags":{"seamark:navigation_line:category":"clearing","seamark:recommended_track:category":"no_fixed_marks","seamark:recommended_track:minimum_depth":"30","seamark:recommended_track:orientation":"279.40","seamark:type":"recommended_track"}}},{"type":"Feature","geometry":{"type":"LineString","coordinates":[[-63.0064202,7.8566649],[-62.9996932,7.8529982]]},"properties":{"osm_id":1389424478,"osm_type":"way","seamark_type":"recommended_track","display_class":"OTHER","min_zoom":12,"importance":1,"name":null,"ref":null,"common":{"type":"recommended_track"},"children":{"navigation_line":{"category":"clearing"},"recommended_track":{"category":"no_fixed_marks","minimum_depth":"30","orientation":"298.82"}},"osm_tags":{"seamark:navigation_line:category":"clearing","seamark:recommended_track:category":"no_fixed_marks","seamark:recommended_track:minimum_depth":"30","seamark:recommended_track:orientation":"298.82","seamark:type":"recommended_track"}}},{"type":"Feature","geometry":{"type":"Point","coordinates":[-63.0204535,7.8475459]},"properties":{"osm_id":12861756339,"osm_type":"node","seamark_type":"sea_area","display_class":"OTHER","min_zoom":12,"importance":1,"name":"Silla del Merey","ref":null,"common":{"name":"Silla del Merey","type":"sea_area"},"children":{"sea_area":{"category":"valley"}},"osm_tags":{"seamark:name":"Silla del Merey","seamark:sea_area:category":"valley","seamark:type":"sea_area"}}},{"type":"Feature","geometry":{"type":"Polygon","coordinates":[[[-63.0318915,7.9072991],[-63.0319179,7.9075856],[-63.0285046,7.9078935],[-63.0284783,7.9076069],[-63.0318915,7.9072991]]]},"properties":{"osm_id":791395086,"osm_type":"way","seamark_type":"building","display_class":"OTHER","min_zoom":12,"importance":1,"name":"Tocoma","ref":null,"common":{"type":"building"},"children":{"building":{"function":"power_station"}},"osm_tags":{"building":"industrial","construction":"yes","name":"Tocoma","operator":"EDELCA","plant:method":"water-storage","plant:output:electricity":"2300 MW","plant:source":"hydro","power":"plant","seamark:building:function":"power_station","seamark:type":"building","source":"Bing; Esri","source:geometry":"Bing; Esri"}}},{"type":"Feature","geometry":{"type":"Point","coordinates":[-63.0380917,7.8668253]},"properties":{"osm_id":12861756287,"osm_type":"node","seamark_type":"sea_area","display_class":"OTHER","min_zoom":12,"importance":1,"name":"Tocomal","ref":null,"common":{"name":"Tocomal","type":"sea_area"},"children":{},"osm_tags":{"seamark:name":"Tocomal","seamark:type":"sea_area"}}}],"type":"FeatureCollection"}