{"type":"FeatureCollection","features":[{"type":"Feature","geometry":{"type":"Point","coordinates":[120.6036546,13.8462385]},"properties":{"osm_id":12000288262,"osm_type":"node","seamark_type":"light_minor","display_class":"LIGHTHOUSE","min_zoom":7,"importance":5,"name":"Balitoc","ref":null,"common":{"name":"Balitoc","type":"light_minor"},"children":{"light":{"character":"Fl","colour":"white","period":"5"}},"osm_tags":{"addr:province":"Batangas","addr:town":"Calatagan","building:material":"concrete","man_made":"lighthouse","name":"Balitoc Lighthouse","operator":"Batangas Station, Philippine Coast Guard","ref:pcg":"STL-013","seamark:light:character":"Fl","seamark:light:colour":"white","seamark:light:period":"5","seamark:name":"Balitoc","seamark:type":"light_minor","source":"Philippine Coast Guard, 2019 lighthouse masterlist"}}},{"type":"Feature","geometry":{"type":"Point","coordinates":[120.6278672,13.8227991]},"properties":{"osm_id":12000258709,"osm_type":"node","seamark_type":"light_minor","display_class":"LIGHTHOUSE","min_zoom":7,"importance":5,"name":"Balumbato","ref":null,"common":{"name":"Balumbato","type":"light_minor"},"children":{"light":{"character":"Fl","colour":"red","period":"4"}},"osm_tags":{"addr:province":"Batangas","addr:town":"Calatagan","building:material":"steel","man_made":"beacon","name":"Balumbato Lighthouse","not:man_made":"lighthouse","operator":"Batangas Station, Philippine Coast Guard","ref:pcg":"STL-015","seamark:light:character":"Fl","seamark:light:colour":"red","seamark:light:period":"4","seamark:name":"Balumbato","seamark:type":"light_minor","source":"Philippine Coast Guard, 2019 lighthouse masterlist"}}},{"type":"Feature","geometry":{"type":"Point","coordinates":[120.0232174,13.88838]},"properties":{"osm_id":7106478542,"osm_type":"node","seamark_type":"light_minor","display_class":"LIGHTHOUSE","min_zoom":7,"importance":5,"name":"Cabra","ref":null,"common":{"name":"Cabra","type":"light_minor"},"children":{"light":{"character":"Fl","colour":"white","group":"2","period":"10"}},"osm_tags":{"addr:city":"Lubang","addr:place":"Cabra Island","addr:village":"Cabra","building:material":"aluminum;glass_reinforced_plastic","man_made":"lighthouse","name":"Cabra Lighthouse","operator":"San Jose Station, Philippine Coast Guard","ref:pcg":"STL-054","seamark:light:character":"Fl","seamark:light:colour":"white","seamark:light:group":"2","seamark:light:period":"10","seamark:name":"Cabra","seamark:type":"light_minor","source":"Philippine Coast Guard, 2019 lighthouse masterlist","start_date":"2003-02-15"}}},{"type":"Feature","geometry":{"type":"Point","coordinates":[120.2996941,13.4455793]},"properties":{"osm_id":1909266815,"osm_type":"node","seamark_type":"light_major","display_class":"LIGHTHOUSE","min_zoom":7,"importance":5,"name":"Cape Calavite","ref":null,"common":{"name":"Cape Calavite","type":"light_major"},"children":{"light":{"1:character":"Fl","1:colour":"white","1:height":"42","1:period":"5","1:range":"18","1:sector_end":"203","1:sector_start":"349","character":"Fl","colour":"white","period":"5","reference":"F 2568"}},"osm_tags":{"addr:municipality":"Paluan","addr:place":"Cape Calavite","addr:province":"Occidental Mindoro","building:material":"glass_reinforced_plastic","ele":"42","height":"19","man_made":"lighthouse","name":"Cape Calavite Lighthouse","operator":"San Jose Station, Philippine Coast Guard","ref:pcg":"STL-055","seamark:light:1:character":"Fl","seamark:light:1:colour":"white","seamark:light:1:height":"42","seamark:light:1:period":"5","seamark:light:1:range":"18","seamark:light:1:sector_end":"203","seamark:light:1:sector_start":"349","seamark:light:character":"Fl","seamark:light:colour":"white","seamark:light:period":"5","seamark:light:reference":"F 2568","seamark:name":"Cape Calavite","seamark:type":"light_major","source":"Philippine Coast Guard, 2019 lighthouse masterlist"}}},{"type":"Feature","geometry":{"type":"Point","coordinates":[120.6530833,13.7719167]},"properties":{"osm_id":311481583,"osm_type":"node","seamark_type":"light_major","display_class":"LIGHTHOUSE","min_zoom":7,"importance":5,"name":"Cape Santiago","ref":null,"common":{"name":"Cape Santiago","type":"light_major"},"children":{"landmark":{"height":"17"},"light":{"1:character":"Fl","1:colour":"white","1:group":"2","1:height":"27","1:period":"10","1:range":"15","1:sector_end":"150","1:sector_start":"252","character":"Fl","colour":"white","group":"2","period":"0","reference":"F 2614"}},"osm_tags":{"addr:municipality":"Calatagan","addr:province":"Batangas","building:material":"masonry","check_date":"2025-01-05","historic":"yes","man_made":"lighthouse","name":"Cape Santiago Lighthouse","operator":"Batangas Station, Philippine Coast Guard","ref:pcg":"STL-003","seamark:landmark:height":"17","seamark:light:1:character":"Fl","seamark:light:1:colour":"white","seamark:light:1:group":"2","seamark:light:1:height":"27","seamark:light:1:period":"10","seamark:light:1:range":"15","seamark:light:1:sector_end":"150","seamark:light:1:sector_start":"252","seamark:light:character":"Fl","seamark:light:colour":"white","seamark:light:group":"2","seamark:light:period":"0","seamark:light:reference":"F 2614","seamark:name":"Cape Santiago","seamark:type":"light_major","source":"Philippine Coast Guard, 2019 lighthouse masterlist","source:url":"http://waypoints.ph/detail_gen.php?wpt=cltgnl","tourism":"yes","wikidata":"Q24882616","wikimedia_commons":"Category:Cape Santiago Lighthouse (Philippines)","wikipedia":"en:Cape Santiago Lighthouse, Philippines"}}},{"type":"Feature","geometry":{"type":"Point","coordinates":[120.9921426,13.5213996]},"properties":{"osm_id":206258158,"osm_type":"node","seamark_type":"light_major","display_class":"LIGHTHOUSE","min_zoom":7,"importance":5,"name":"Escarceo Point;Escarceo","ref":null,"common":{"name":"Escarceo Point;Escarceo","type":"light_major"},"children":{"light":{"1:character":"Fl","1:colour":"white","1:height":"41","1:period":"10","1:range":"18","1:sector_end":"20","1:sector_start":"112","character":"Fl","colour":"white","period":"10","reference":"F 2560"}},"osm_tags":{"addr:municipality":"Puerto Galera","addr:province":"Oriental Mindoro","alt_name":"Escarceo Lighthouse","building:material":"aluminum","man_made":"lighthouse","name":"Escarceo Point Lighthouse","operator":"Calapan Station, Philippine Coast Guard","ref:pcg":"STL-041","seamark:light:1:character":"Fl","seamark:light:1:colour":"white","seamark:light:1:height":"41","seamark:light:1:period":"10","seamark:light:1:range":"18","seamark:light:1:sector_end":"20","seamark:light:1:sector_start":"112","seamark:light:character":"Fl","seamark:light:colour":"white","seamark:light:period":"10","seamark:light:reference":"F 2560","seamark:name":"Escarceo Point;Escarceo","seamark:type":"light_major","source":"US NGA Pub. 112. 2009-11-12.;Philippine Coast Guard, 2019 lighthouse masterlist","start_date":"1994-04-25"}}},{"type":"Feature","geometry":{"type":"Point","coordinates":[120.4193044,13.6268479]},"properties":{"osm_id":8148018236,"osm_type":"node","seamark_type":"light_major","display_class":"LIGHTHOUSE","min_zoom":7,"importance":5,"name":"Golo","ref":null,"common":{"name":"Golo","type":"light_major"},"children":{"light":{"character":"Fl","colour":"white","period":"7"}},"osm_tags":{"addr:island":"Golo Island","addr:municipality":"Looc","addr:province":"Occidental Mindoro","building:material":"aluminum","man_made":"lighthouse","name":"Golo Lighthouse","operator":"San Jose Station, Philippine Coast Guard","ref:pcg":"STL-057","seamark:light:character":"Fl","seamark:light:colour":"white","seamark:light:period":"7","seamark:name":"Golo","seamark:type":"light_major","source":"Philippine Coast Guard, 2019 lighthouse masterlist","start_date":"1994-05-14"}}},{"type":"Feature","geometry":{"type":"Point","coordinates":[120.9268107,13.7604317]},"properties":{"osm_id":12000186655,"osm_type":"node","seamark_type":"light_minor","display_class":"LIGHTHOUSE","min_zoom":7,"importance":5,"name":"Mabini","ref":null,"common":{"name":"Mabini","type":"light_minor"},"children":{"light":{"character":"Fl","colour":"white","period":"5"}},"osm_tags":{"addr:province":"Batangas","addr:town":"Mabini","building:material":"glass_reinforced_plastic","man_made":"lighthouse","name":"Mabini Lighthouse","operator":"Batangas Station, Philippine Coast Guard","ref:pcg":"STL-007","seamark:light:character":"Fl","seamark:light:colour":"white","seamark:light:period":"5","seamark:name":"Mabini","seamark:type":"light_minor","source":"Philippine Coast Guard, 2019 lighthouse masterlist","wikidata":"Q28375924","wikimedia_commons":"File:Anilaojf9172 23.JPG"}}},{"type":"Feature","geometry":{"type":"Point","coordinates":[120.9652669,13.6272173]},"properties":{"osm_id":11536106833,"osm_type":"node","seamark_type":"light_minor","display_class":"LIGHTHOUSE","min_zoom":7,"importance":5,"name":"Malajibomanoc","ref":null,"common":{"name":"Malajibomanoc","type":"light_minor"},"children":{"light":{"character":"Fl","colour":"white","period":"5"}},"osm_tags":{"addr:city":"Batangas","addr:place":"Balahibongmanoc Island","building:material":"aluminum","man_made":"lighthouse","name":"Malajibomanoc Lighthouse","operator":"Batangas Station, Philippine Coast Guard","ref:admiralty":"F2607","ref:nga":"14224","ref:pcg":"STL-010","seamark:light:character":"Fl","seamark:light:colour":"white","seamark:light:period":"5","seamark:name":"Malajibomanoc","seamark:type":"light_minor","source":"Philippine Coast Guard, 2019 lighthouse masterlist","start_date":"1994-04-23"}}},{"type":"Feature","geometry":{"type":"Point","coordinates":[120.9610538,13.5127654]},"properties":{"osm_id":11536106181,"osm_type":"node","seamark_type":"light_minor","display_class":"LIGHTHOUSE","min_zoom":7,"importance":5,"name":"Port Galera","ref":null,"common":{"name":"Port Galera","type":"light_minor"},"children":{"light":{"character":"Fl","colour":"red","period":"3"}},"osm_tags":{"addr:province":"Oriental Mindoro","addr:town":"Puerto Galera","building:material":"concrete","man_made":"lighthouse","name":"Port Galera Lighthouse","operator":"Calapan Station, Philippine Coast Guard","ref:admiralty":"F2562","ref:nga":"14456","ref:pcg":"STL-047","seamark:light:character":"Fl","seamark:light:colour":"red","seamark:light:period":"3","seamark:name":"Port Galera","seamark:type":"light_minor","source":"Philippine Coast Guard, 2019 lighthouse masterlist"}}},{"type":"Feature","geometry":{"type":"Point","coordinates":[120.2022428,13.8184781]},"properties":{"osm_id":12000282598,"osm_type":"node","seamark_type":"light_minor","display_class":"LIGHTHOUSE","min_zoom":7,"importance":5,"name":"Tilik","ref":null,"common":{"name":"Tilik","type":"light_minor"},"children":{"light":{"character":"Fl","colour":"white","period":"5"}},"osm_tags":{"addr:province":"Occidental Mindoro","addr:town":"Lubang","building:material":"steel","man_made":"beacon","name":"Tilik Lighthouse","operator":"San Jose Station, Philippine Coast Guard","ref:pcg":"STL-059","seamark:light:character":"Fl","seamark:light:colour":"white","seamark:light:period":"5","seamark:name":"Tilik","seamark:type":"light_minor","source":"Philippine Coast Guard, 2019 lighthouse masterlist"}}},{"type":"Feature","geometry":{"type":"Point","coordinates":[120.9550764,13.5022254]},"properties":{"osm_id":11536113317,"osm_type":"node","seamark_type":"light_minor","display_class":"LIGHTHOUSE","min_zoom":7,"importance":5,"name":"Varadero","ref":null,"common":{"name":"Varadero","type":"light_minor"},"children":{"light":{"character":"Fl","colour":"green","period":"5"}},"osm_tags":{"addr:province":"Oriental Mindoro","addr:town":"Puerto Galera","building:material":"concrete","man_made":"lighthouse","name":"Varadero Lighthouse","operator":"Calapan Station, Philippine Coast Guard","ref:admiralty":"F2564","ref:nga":"14460","ref:pcg":"STL-050","seamark:light:character":"Fl","seamark:light:colour":"green","seamark:light:period":"5","seamark:name":"Varadero","seamark:type":"light_minor","source":"Philippine Coast Guard, 2019 lighthouse masterlist"}}},{"type":"Feature","geometry":{"type":"Point","coordinates":[120.7717529,13.4666892]},"properties":{"osm_id":11536094319,"osm_type":"node","seamark_type":"light_minor","display_class":"LIGHTHOUSE","min_zoom":7,"importance":5,"name":"Wawa","ref":null,"common":{"name":"Wawa","type":"light_minor"},"children":{"light":{"character":"Fl","colour":"white","period":"5"}},"osm_tags":{"addr:province":"Oriental Mindoro","addr:town":"Abra de Ilog","addr:village":"Lumangbayan","alt_name":"Abra de Ilog","building:material":"concrete","man_made":"lighthouse","name":"Wawa Lighthouse","operator":"San Jose Station, Philippine Coast Guard","ref:admiralty":"F2566","ref:nga":"14465","ref:pcg":"STL-061","seamark:light:character":"Fl","seamark:light:colour":"white","seamark:light:period":"5","seamark:name":"Wawa","seamark:type":"light_minor","source":"Philippine Coast Guard, 2019 lighthouse masterlist"}}},{"type":"Feature","geometry":{"type":"Point","coordinates":[120.8792739,13.6330146]},"properties":{"osm_id":4059582210,"osm_type":"node","seamark_type":"rock","display_class":"OTHER","min_zoom":12,"importance":1,"name":null,"ref":null,"common":{"type":"rock"},"children":{"rock":{"water_level":"covers"}},"osm_tags":{"seamark:rock:water_level":"covers","seamark:type":"rock"}}},{"type":"Feature","geometry":{"type":"Point","coordinates":[120.8783244,13.6332544]},"properties":{"osm_id":4059582212,"osm_type":"node","seamark_type":"rock","display_class":"OTHER","min_zoom":12,"importance":1,"name":null,"ref":null,"common":{"type":"rock"},"children":{"rock":{"water_level":"covers"}},"osm_tags":{"seamark:rock:water_level":"covers","seamark:type":"rock"}}},{"type":"Feature","geometry":{"type":"Point","coordinates":[120.8773615,13.6334186]},"properties":{"osm_id":4059582214,"osm_type":"node","seamark_type":"rock","display_class":"OTHER","min_zoom":12,"importance":1,"name":null,"ref":null,"common":{"type":"rock"},"children":{"rock":{"water_level":"covers"}},"osm_tags":{"seamark:rock:water_level":"covers","seamark:type":"rock"}}},{"type":"Feature","geometry":{"type":"Point","coordinates":[120.9465196,13.6398491]},"properties":{"osm_id":4059582223,"osm_type":"node","seamark_type":"rock","display_class":"OTHER","min_zoom":12,"importance":1,"name":null,"ref":null,"common":{"type":"rock"},"children":{"rock":{"water_level":"covers"}},"osm_tags":{"seamark:rock:water_level":"covers","seamark:type":"rock"}}},{"type":"Feature","geometry":{"type":"Point","coordinates":[120.8564338,13.6450623]},"properties":{"osm_id":4059582259,"osm_type":"node","seamark_type":"rock","display_class":"OTHER","min_zoom":12,"importance":1,"name":null,"ref":null,"common":{"type":"rock"},"children":{"rock":{"water_level":"covers"}},"osm_tags":{"seamark:rock:water_level":"covers","seamark:type":"rock"}}},{"type":"Feature","geometry":{"type":"Point","coordinates":[120.8562327,13.6451613]},"properties":{"osm_id":4059582261,"osm_type":"node","seamark_type":"rock","display_class":"OTHER","min_zoom":12,"importance":1,"name":null,"ref":null,"common":{"type":"rock"},"children":{"rock":{"water_level":"covers"}},"osm_tags":{"seamark:rock:water_level":"covers","seamark:type":"rock"}}},{"type":"Feature","geometry":{"type":"Point","coordinates":[120.85531,13.6465845]},"properties":{"osm_id":4059582265,"osm_type":"node","seamark_type":"rock","display_class":"OTHER","min_zoom":12,"importance":1,"name":null,"ref":null,"common":{"type":"rock"},"children":{"rock":{"water_level":"covers"}},"osm_tags":{"seamark:rock:water_level":"covers","seamark:type":"rock"}}},{"type":"Feature","geometry":{"type":"Point","coordinates":[120.8420223,13.6507776]},"properties":{"osm_id":4059582277,"osm_type":"node","seamark_type":"rock","display_class":"OTHER","min_zoom":12,"importance":1,"name":null,"ref":null,"common":{"type":"rock"},"children":{"rock":{"water_level":"covers"}},"osm_tags":{"seamark:rock:water_level":"covers","seamark:type":"rock"}}},{"type":"Feature","geometry":{"type":"Point","coordinates":[120.8422235,13.6512781]},"properties":{"osm_id":4059582280,"osm_type":"node","seamark_type":"rock","display_class":"OTHER","min_zoom":12,"importance":1,"name":null,"ref":null,"common":{"type":"rock"},"children":{"rock":{"water_level":"covers"}},"osm_tags":{"seamark:rock:water_level":"covers","seamark:type":"rock"}}},{"type":"Feature","geometry":{"type":"Point","coordinates":[120.8380567,13.6668692]},"properties":{"osm_id":4059582325,"osm_type":"node","seamark_type":"rock","display_class":"OTHER","min_zoom":12,"importance":1,"name":null,"ref":null,"common":{"type":"rock"},"children":{"rock":{"water_level":"covers"}},"osm_tags":{"seamark:rock:water_level":"covers","seamark:type":"rock"}}},{"type":"Feature","geometry":{"type":"Point","coordinates":[120.8379937,13.6669826]},"properties":{"osm_id":4059582326,"osm_type":"node","seamark_type":"rock","display_class":"OTHER","min_zoom":12,"importance":1,"name":null,"ref":null,"common":{"type":"rock"},"children":{"rock":{"water_level":"covers"}},"osm_tags":{"seamark:rock:water_level":"covers","seamark:type":"rock"}}},{"type":"Feature","geometry":{"type":"Point","coordinates":[120.8378123,13.6687503]},"properties":{"osm_id":4059582330,"osm_type":"node","seamark_type":"rock","display_class":"OTHER","min_zoom":12,"importance":1,"name":null,"ref":null,"common":{"type":"rock"},"children":{"rock":{"water_level":"covers"}},"osm_tags":{"seamark:rock:water_level":"covers","seamark:type":"rock"}}},{"type":"Feature","geometry":{"type":"Point","coordinates":[120.8375789,13.6688767]},"properties":{"osm_id":4059582331,"osm_type":"node","seamark_type":"rock","display_class":"OTHER","min_zoom":12,"importance":1,"name":null,"ref":null,"common":{"type":"rock"},"children":{"rock":{"water_level":"covers"}},"osm_tags":{"seamark:rock:water_level":"covers","seamark:type":"rock"}}},{"type":"Feature","geometry":{"type":"Point","coordinates":[120.8361825,13.6733366]},"properties":{"osm_id":4059582345,"osm_type":"node","seamark_type":"rock","display_class":"OTHER","min_zoom":12,"importance":1,"name":null,"ref":null,"common":{"type":"rock"},"children":{"rock":{"water_level":"covers"}},"osm_tags":{"seamark:rock:water_level":"covers","seamark:type":"rock"}}},{"type":"Feature","geometry":{"type":"Point","coordinates":[120.8361282,13.6735503]},"properties":{"osm_id":4059582347,"osm_type":"node","seamark_type":"rock","display_class":"OTHER","min_zoom":12,"importance":1,"name":null,"ref":null,"common":{"type":"rock"},"children":{"rock":{"water_level":"covers"}},"osm_tags":{"seamark:rock:water_level":"covers","seamark:type":"rock"}}},{"type":"Feature","geometry":{"type":"Point","coordinates":[120.8358975,13.6743361]},"properties":{"osm_id":4059582349,"osm_type":"node","seamark_type":"rock","display_class":"OTHER","min_zoom":12,"importance":1,"name":null,"ref":null,"common":{"type":"rock"},"children":{"rock":{"water_level":"covers"}},"osm_tags":{"seamark:rock:water_level":"covers","seamark:type":"rock"}}},{"type":"Feature","geometry":{"type":"Point","coordinates":[120.8357393,13.6743895]},"properties":{"osm_id":4059582351,"osm_type":"node","seamark_type":"rock","display_class":"OTHER","min_zoom":12,"importance":1,"name":null,"ref":null,"common":{"type":"rock"},"children":{"rock":{"water_level":"covers"}},"osm_tags":{"seamark:rock:water_level":"covers","seamark:type":"rock"}}},{"type":"Feature","geometry":{"type":"Point","coordinates":[120.8356642,13.6753916]},"properties":{"osm_id":4059582358,"osm_type":"node","seamark_type":"rock","display_class":"OTHER","min_zoom":12,"importance":1,"name":null,"ref":null,"common":{"type":"rock"},"children":{"rock":{"water_level":"covers"}},"osm_tags":{"seamark:rock:water_level":"covers","seamark:type":"rock"}}},{"type":"Feature","geometry":{"type":"Point","coordinates":[120.8355958,13.6753968]},"properties":{"osm_id":4059582359,"osm_type":"node","seamark_type":"rock","display_class":"OTHER","min_zoom":12,"importance":1,"name":null,"ref":null,"common":{"type":"rock"},"children":{"rock":{"water_level":"covers"}},"osm_tags":{"seamark:rock:water_level":"covers","seamark:type":"rock"}}},{"type":"Feature","geometry":{"type":"Point","coordinates":[120.8312234,13.6772413]},"properties":{"osm_id":4059582367,"osm_type":"node","seamark_type":"rock","display_class":"OTHER","min_zoom":12,"importance":1,"name":null,"ref":null,"common":{"type":"rock"},"children":{"rock":{"water_level":"covers"}},"osm_tags":{"seamark:rock:water_level":"covers","seamark:type":"rock"}}},{"type":"Feature","geometry":{"type":"Point","coordinates":[120.8307735,13.68401]},"properties":{"osm_id":4059582393,"osm_type":"node","seamark_type":"rock","display_class":"OTHER","min_zoom":12,"importance":1,"name":null,"ref":null,"common":{"type":"rock"},"children":{"rock":{"water_level":"covers"}},"osm_tags":{"seamark:rock:water_level":"covers","seamark:type":"rock"}}},{"type":"Feature","geometry":{"type":"Point","coordinates":[120.827345,13.6858909]},"properties":{"osm_id":4059582400,"osm_type":"node","seamark_type":"rock","display_class":"OTHER","min_zoom":12,"importance":1,"name":null,"ref":null,"common":{"type":"rock"},"children":{"rock":{"water_level":"covers"}},"osm_tags":{"seamark:rock:water_level":"covers","seamark:type":"rock"}}},{"type":"Feature","geometry":{"type":"Point","coordinates":[120.827066,13.6858961]},"properties":{"osm_id":4059582401,"osm_type":"node","seamark_type":"rock","display_class":"OTHER","min_zoom":12,"importance":1,"name":null,"ref":null,"common":{"type":"rock"},"children":{"rock":{"water_level":"covers"}},"osm_tags":{"seamark:rock:water_level":"covers","seamark:type":"rock"}}},{"type":"Feature","geometry":{"type":"Point","coordinates":[120.8265376,13.6860733]},"properties":{"osm_id":4059582402,"osm_type":"node","seamark_type":"rock","display_class":"OTHER","min_zoom":12,"importance":1,"name":null,"ref":null,"common":{"type":"rock"},"children":{"rock":{"water_level":"covers"}},"osm_tags":{"seamark:rock:water_level":"covers","seamark:type":"rock"}}},{"type":"Feature","geometry":{"type":"Point","coordinates":[120.8279458,13.6874884]},"properties":{"osm_id":4059582424,"osm_type":"node","seamark_type":"rock","display_class":"OTHER","min_zoom":12,"importance":1,"name":null,"ref":null,"common":{"type":"rock"},"children":{"rock":{"water_level":"covers"}},"osm_tags":{"seamark:rock:water_level":"covers","seamark:type":"rock"}}},{"type":"Feature","geometry":{"type":"Point","coordinates":[120.8310384,13.6879913]},"properties":{"osm_id":4059582427,"osm_type":"node","seamark_type":"rock","display_class":"OTHER","min_zoom":12,"importance":1,"name":null,"ref":null,"common":{"type":"rock"},"children":{"rock":{"water_level":"covers"}},"osm_tags":{"seamark:rock:water_level":"covers","seamark:type":"rock"}}},{"type":"Feature","geometry":{"type":"Point","coordinates":[120.8291018,13.6881112]},"properties":{"osm_id":4059582428,"osm_type":"node","seamark_type":"rock","display_class":"OTHER","min_zoom":12,"importance":1,"name":null,"ref":null,"common":{"type":"rock"},"children":{"rock":{"water_level":"covers"}},"osm_tags":{"seamark:rock:water_level":"covers","seamark:type":"rock"}}},{"type":"Feature","geometry":{"type":"Point","coordinates":[120.8294291,13.6881295]},"properties":{"osm_id":4059582429,"osm_type":"node","seamark_type":"rock","display_class":"OTHER","min_zoom":12,"importance":1,"name":null,"ref":null,"common":{"type":"rock"},"children":{"rock":{"water_level":"covers"}},"osm_tags":{"seamark:rock:water_level":"covers","seamark:type":"rock"}}},{"type":"Feature","geometry":{"type":"Point","coordinates":[120.829126,13.6885464]},"properties":{"osm_id":4059582431,"osm_type":"node","seamark_type":"rock","display_class":"OTHER","min_zoom":12,"importance":1,"name":null,"ref":null,"common":{"type":"rock"},"children":{"rock":{"water_level":"covers"}},"osm_tags":{"seamark:rock:water_level":"covers","seamark:type":"rock"}}},{"type":"Feature","geometry":{"type":"Point","coordinates":[120.8300245,13.6886168]},"properties":{"osm_id":4059582432,"osm_type":"node","seamark_type":"rock","display_class":"OTHER","min_zoom":12,"importance":1,"name":null,"ref":null,"common":{"type":"rock"},"children":{"rock":{"water_level":"covers"}},"osm_tags":{"seamark:rock:water_level":"covers","seamark:type":"rock"}}},{"type":"Feature","geometry":{"type":"Point","coordinates":[120.8415897,13.6918664]},"properties":{"osm_id":4059582443,"osm_type":"node","seamark_type":"rock","display_class":"OTHER","min_zoom":12,"importance":1,"name":null,"ref":null,"common":{"type":"rock"},"children":{"rock":{"water_level":"covers"}},"osm_tags":{"seamark:rock:water_level":"covers","seamark:type":"rock"}}},{"type":"Feature","geometry":{"type":"Point","coordinates":[120.8415468,13.6920019]},"properties":{"osm_id":4059582444,"osm_type":"node","seamark_type":"rock","display_class":"OTHER","min_zoom":12,"importance":1,"name":null,"ref":null,"common":{"type":"rock"},"children":{"rock":{"water_level":"covers"}},"osm_tags":{"seamark:rock:water_level":"covers","seamark:type":"rock"}}},{"type":"Feature","geometry":{"type":"Point","coordinates":[120.9731385,13.5037969]},"properties":{"osm_id":4062885037,"osm_type":"node","seamark_type":"rock","display_class":"OTHER","min_zoom":12,"importance":1,"name":null,"ref":null,"common":{"type":"rock"},"children":{"rock":{"water_level":"covers"}},"osm_tags":{"seamark:rock:water_level":"covers","seamark:type":"rock"}}},{"type":"Feature","geometry":{"type":"Point","coordinates":[120.972645,13.5044959]},"properties":{"osm_id":4062885057,"osm_type":"node","seamark_type":"rock","display_class":"OTHER","min_zoom":12,"importance":1,"name":null,"ref":null,"common":{"type":"rock"},"children":{"rock":{"water_level":"covers"}},"osm_tags":{"seamark:rock:water_level":"covers","seamark:type":"rock"}}},{"type":"Feature","geometry":{"type":"Point","coordinates":[120.9390195,13.5076516]},"properties":{"osm_id":4062885062,"osm_type":"node","seamark_type":"rock","display_class":"OTHER","min_zoom":12,"importance":1,"name":null,"ref":null,"common":{"type":"rock"},"children":{"rock":{"water_level":"covers"}},"osm_tags":{"seamark:rock:water_level":"covers","seamark:type":"rock"}}},{"type":"Feature","geometry":{"type":"Point","coordinates":[120.9400602,13.5083558]},"properties":{"osm_id":4062885065,"osm_type":"node","seamark_type":"rock","display_class":"OTHER","min_zoom":12,"importance":1,"name":null,"ref":null,"common":{"type":"rock"},"children":{"rock":{"water_level":"covers"}},"osm_tags":{"seamark:rock:water_level":"covers","seamark:type":"rock"}}},{"type":"Feature","geometry":{"type":"Point","coordinates":[120.9938103,13.5221987]},"properties":{"osm_id":4062885097,"osm_type":"node","seamark_type":"rock","display_class":"OTHER","min_zoom":12,"importance":1,"name":null,"ref":null,"common":{"type":"rock"},"children":{"rock":{"water_level":"covers"}},"osm_tags":{"seamark:rock:water_level":"covers","seamark:type":"rock"}}},{"type":"Feature","geometry":{"type":"Point","coordinates":[120.9926033,13.5229002]},"properties":{"osm_id":4062885098,"osm_type":"node","seamark_type":"rock","display_class":"OTHER","min_zoom":12,"importance":1,"name":null,"ref":null,"common":{"type":"rock"},"children":{"rock":{"water_level":"covers"}},"osm_tags":{"seamark:rock:water_level":"covers","seamark:type":"rock"}}},{"type":"Feature","geometry":{"type":"Point","coordinates":[120.9477715,13.5238834]},"properties":{"osm_id":4062885099,"osm_type":"node","seamark_type":"rock","display_class":"OTHER","min_zoom":12,"importance":1,"name":null,"ref":null,"common":{"type":"rock"},"children":{"rock":{"water_level":"covers"}},"osm_tags":{"seamark:rock:water_level":"covers","seamark:type":"rock"}}},{"type":"Feature","geometry":{"type":"Point","coordinates":[120.9477769,13.5244414]},"properties":{"osm_id":4062885101,"osm_type":"node","seamark_type":"rock","display_class":"OTHER","min_zoom":12,"importance":1,"name":null,"ref":null,"common":{"type":"rock"},"children":{"rock":{"water_level":"covers"}},"osm_tags":{"seamark:rock:water_level":"covers","seamark:type":"rock"}}},{"type":"Feature","geometry":{"type":"Point","coordinates":[120.9577829,13.5248209]},"properties":{"osm_id":4062885103,"osm_type":"node","seamark_type":"rock","display_class":"OTHER","min_zoom":12,"importance":1,"name":null,"ref":null,"common":{"type":"rock"},"children":{"rock":{"water_level":"covers"}},"osm_tags":{"seamark:rock:water_level":"covers","seamark:type":"rock"}}},{"type":"Feature","geometry":{"type":"Point","coordinates":[120.9694854,13.5256436]},"properties":{"osm_id":4062885104,"osm_type":"node","seamark_type":"rock","display_class":"OTHER","min_zoom":12,"importance":1,"name":null,"ref":null,"common":{"type":"rock"},"children":{"rock":{"water_level":"covers"}},"osm_tags":{"seamark:rock:water_level":"covers","seamark:type":"rock"}}},{"type":"Feature","geometry":{"type":"Point","coordinates":[120.9665537,13.5266503]},"properties":{"osm_id":4062885105,"osm_type":"node","seamark_type":"rock","display_class":"OTHER","min_zoom":12,"importance":1,"name":null,"ref":null,"common":{"type":"rock"},"children":{"rock":{"water_level":"covers"}},"osm_tags":{"seamark:rock:water_level":"covers","seamark:type":"rock"}}},{"type":"Feature","geometry":{"type":"Point","coordinates":[120.955216,13.5287274]},"properties":{"osm_id":4062885106,"osm_type":"node","seamark_type":"rock","display_class":"OTHER","min_zoom":12,"importance":1,"name":null,"ref":null,"common":{"type":"rock"},"children":{"rock":{"water_level":"covers"}},"osm_tags":{"seamark:rock:water_level":"covers","seamark:type":"rock"}}},{"type":"Feature","geometry":{"type":"Point","coordinates":[120.977175,13.5220183]},"properties":{"osm_id":12528016294,"osm_type":"node","seamark_type":"wreck","display_class":"OTHER","min_zoom":12,"importance":1,"name":null,"ref":null,"common":{"type":"wreck"},"children":{},"osm_tags":{"historic":"wreck","seamark:type":"wreck"}}},{"type":"Feature","geometry":{"type":"Point","coordinates":[120.9703941,13.5264479]},"properties":{"osm_id":12528016295,"osm_type":"node","seamark_type":"wreck","display_class":"OTHER","min_zoom":12,"importance":1,"name":null,"ref":null,"common":{"type":"wreck"},"children":{},"osm_tags":{"historic":"wreck","seamark:type":"wreck"}}},{"type":"Feature","geometry":{"type":"Polygon","coordinates":[[[120.963259,13.9755221],[120.9632556,13.9754987],[120.9632444,13.9754776],[120.9632267,13.9754613],[120.9632044,13.9754515],[120.96318,13.9754495],[120.9631564,13.9754553],[120.963136,13.9754684],[120.9631212,13.9754872],[120.9631136,13.9755098],[120.9631141,13.9755335],[120.9631227,13.9755557],[120.9631374,13.9755732],[120.963157,13.9755853],[120.9631795,13.9755908],[120.9632027,13.9755892],[120.9632242,13.9755805],[120.9632418,13.9755658],[120.9632542,13.9755454],[120.963259,13.9755221]]]},"properties":{"osm_id":1212639956,"osm_type":"way","seamark_type":"marine_farm","display_class":"OTHER","min_zoom":12,"importance":1,"name":null,"ref":null,"common":{"type":"marine_farm"},"children":{},"osm_tags":{"landuse":"aquaculture","produce":"fish","seamark:type":"marine_farm"}}},{"type":"Feature","geometry":{"type":"Polygon","coordinates":[[[120.963591,13.975251],[120.9635876,13.9752275],[120.9635764,13.9752064],[120.9635587,13.9751901],[120.9635364,13.9751803],[120.9635121,13.9751783],[120.9634884,13.9751841],[120.9634681,13.9751972],[120.9634533,13.975216],[120.9634457,13.9752386],[120.9634462,13.9752623],[120.9634547,13.9752845],[120.9634694,13.975302],[120.963489,13.9753141],[120.9635116,13.9753196],[120.9635348,13.975318],[120.9635563,13.9753094],[120.9635739,13.9752946],[120.9635863,13.9752742],[120.963591,13.975251]]]},"properties":{"osm_id":1212639957,"osm_type":"way","seamark_type":"marine_farm","display_class":"OTHER","min_zoom":12,"importance":1,"name":null,"ref":null,"common":{"type":"marine_farm"},"children":{},"osm_tags":{"landuse":"aquaculture","produce":"fish","seamark:type":"marine_farm"}}},{"type":"Feature","geometry":{"type":"Polygon","coordinates":[[[120.9643971,13.9747371],[120.9643937,13.9747136],[120.9643825,13.9746925],[120.9643648,13.9746762],[120.9643425,13.9746665],[120.9643182,13.9746644],[120.9642945,13.9746702],[120.9642741,13.9746833],[120.9642593,13.9747022],[120.9642518,13.9747247],[120.9642523,13.9747484],[120.9642608,13.9747706],[120.9642755,13.9747881],[120.9642951,13.9748002],[120.9643177,13.9748057],[120.9643409,13.9748041],[120.9643623,13.9747955],[120.96438,13.9747808],[120.9643923,13.9747603],[120.9643971,13.9747371]]]},"properties":{"osm_id":1212639958,"osm_type":"way","seamark_type":"marine_farm","display_class":"OTHER","min_zoom":12,"importance":1,"name":null,"ref":null,"common":{"type":"marine_farm"},"children":{},"osm_tags":{"landuse":"aquaculture","produce":"fish","seamark:type":"marine_farm"}}},{"type":"Feature","geometry":{"type":"Polygon","coordinates":[[[120.9649678,13.975585],[120.9649644,13.9755615],[120.9649532,13.9755404],[120.9649355,13.9755241],[120.9649133,13.9755144],[120.9648889,13.9755123],[120.9648652,13.9755181],[120.9648449,13.9755312],[120.9648301,13.9755501],[120.9648225,13.9755726],[120.964823,13.9755963],[120.9648315,13.9756185],[120.9648462,13.975636],[120.9648659,13.9756481],[120.9648884,13.9756536],[120.9649116,13.975652],[120.9649331,13.9756434],[120.9649507,13.9756287],[120.9649631,13.9756082],[120.9649678,13.975585]]]},"properties":{"osm_id":1212639959,"osm_type":"way","seamark_type":"marine_farm","display_class":"OTHER","min_zoom":12,"importance":1,"name":null,"ref":null,"common":{"type":"marine_farm"},"children":{},"osm_tags":{"landuse":"aquaculture","produce":"fish","seamark:type":"marine_farm"}}},{"type":"Feature","geometry":{"type":"Polygon","coordinates":[[[120.9652283,13.9762857],[120.9652249,13.9762623],[120.9652137,13.9762412],[120.965196,13.9762249],[120.9651737,13.9762151],[120.9651494,13.976213],[120.9651257,13.9762189],[120.9651053,13.976232],[120.9650905,13.9762508],[120.9650829,13.9762734],[120.9650835,13.9762971],[120.965092,13.9763193],[120.9651067,13.9763367],[120.9651263,13.9763489],[120.9651488,13.9763544],[120.965172,13.9763527],[120.9651935,13.9763441],[120.9652111,13.9763294],[120.9652235,13.976309],[120.9652283,13.9762857]]]},"properties":{"osm_id":1212639960,"osm_type":"way","seamark_type":"marine_farm","display_class":"OTHER","min_zoom":12,"importance":1,"name":null,"ref":null,"common":{"type":"marine_farm"},"children":{},"osm_tags":{"landuse":"aquaculture","produce":"fish","seamark:type":"marine_farm"}}},{"type":"Feature","geometry":{"type":"Polygon","coordinates":[[[120.9650189,13.9763702],[120.9650155,13.9763467],[120.9650043,13.9763256],[120.9649866,13.9763093],[120.9649643,13.9762996],[120.96494,13.9762975],[120.9649163,13.9763033],[120.9648959,13.9763164],[120.9648811,13.9763352],[120.9648735,13.9763578],[120.9648741,13.9763815],[120.9648826,13.9764037],[120.9648973,13.9764212],[120.9649169,13.9764333],[120.9649394,13.9764388],[120.9649626,13.9764372],[120.9649841,13.9764286],[120.9650017,13.9764138],[120.9650141,13.9763934],[120.9650189,13.9763702]]]},"properties":{"osm_id":1212639961,"osm_type":"way","seamark_type":"marine_farm","display_class":"OTHER","min_zoom":12,"importance":1,"name":null,"ref":null,"common":{"type":"marine_farm"},"children":{},"osm_tags":{"landuse":"aquaculture","produce":"fish","seamark:type":"marine_farm"}}},{"type":"Feature","geometry":{"type":"Polygon","coordinates":[[[120.9648531,13.97649],[120.9648497,13.9764665],[120.9648385,13.9764454],[120.9648208,13.9764291],[120.9647985,13.9764193],[120.9647742,13.9764173],[120.9647505,13.9764231],[120.9647301,13.9764362],[120.9647153,13.976455],[120.9647078,13.9764776],[120.9647083,13.9765013],[120.9647168,13.9765235],[120.9647315,13.976541],[120.9647511,13.9765531],[120.9647737,13.9765586],[120.9647969,13.976557],[120.9648183,13.9765484],[120.964836,13.9765336],[120.9648483,13.9765132],[120.9648531,13.97649]]]},"properties":{"osm_id":1212639962,"osm_type":"way","seamark_type":"marine_farm","display_class":"OTHER","min_zoom":12,"importance":1,"name":null,"ref":null,"common":{"type":"marine_farm"},"children":{},"osm_tags":{"landuse":"aquaculture","produce":"fish","seamark:type":"marine_farm"}}},{"type":"Feature","geometry":{"type":"Polygon","coordinates":[[[120.9647384,13.9767155],[120.964735,13.976692],[120.9647238,13.9766709],[120.9647061,13.9766546],[120.9646838,13.9766449],[120.9646595,13.9766428],[120.9646358,13.9766486],[120.9646154,13.9766617],[120.9646006,13.9766806],[120.964593,13.9767031],[120.9645935,13.9767268],[120.9646021,13.976749],[120.9646168,13.9767665],[120.9646364,13.9767786],[120.9646589,13.9767841],[120.9646821,13.9767825],[120.9647036,13.9767739],[120.9647212,13.9767592],[120.9647336,13.9767387],[120.9647384,13.9767155]]]},"properties":{"osm_id":1212639963,"osm_type":"way","seamark_type":"marine_farm","display_class":"OTHER","min_zoom":12,"importance":1,"name":null,"ref":null,"common":{"type":"marine_farm"},"children":{},"osm_tags":{"landuse":"aquaculture","produce":"fish","seamark:type":"marine_farm"}}},{"type":"Feature","geometry":{"type":"Polygon","coordinates":[[[120.9645506,13.9768601],[120.9645472,13.9768366],[120.964536,13.9768155],[120.9645183,13.9767992],[120.964496,13.9767895],[120.9644717,13.9767874],[120.964448,13.9767932],[120.9644276,13.9768063],[120.9644128,13.9768251],[120.9644052,13.9768477],[120.9644057,13.9768714],[120.9644143,13.9768936],[120.964429,13.9769111],[120.9644486,13.9769232],[120.9644711,13.9769287],[120.9644943,13.9769271],[120.9645158,13.9769185],[120.9645334,13.9769037],[120.9645458,13.9768833],[120.9645506,13.9768601]]]},"properties":{"osm_id":1212639964,"osm_type":"way","seamark_type":"marine_farm","display_class":"OTHER","min_zoom":12,"importance":1,"name":null,"ref":null,"common":{"type":"marine_farm"},"children":{},"osm_tags":{"landuse":"aquaculture","produce":"fish","seamark:type":"marine_farm"}}},{"type":"Feature","geometry":{"type":"Polygon","coordinates":[[[120.9639558,13.976627],[120.9639524,13.9766035],[120.9639412,13.9765824],[120.9639235,13.9765661],[120.9639012,13.9765564],[120.9638769,13.9765543],[120.9638532,13.9765601],[120.9638328,13.9765732],[120.963818,13.9765921],[120.9638105,13.9766146],[120.963811,13.9766383],[120.9638195,13.9766605],[120.9638342,13.976678],[120.9638538,13.9766901],[120.9638764,13.9766956],[120.9638996,13.976694],[120.9639211,13.9766854],[120.9639387,13.9766707],[120.9639511,13.9766502],[120.9639558,13.976627]]]},"properties":{"osm_id":1212639965,"osm_type":"way","seamark_type":"marine_farm","display_class":"OTHER","min_zoom":12,"importance":1,"name":null,"ref":null,"common":{"type":"marine_farm"},"children":{},"osm_tags":{"landuse":"aquaculture","produce":"fish","seamark:type":"marine_farm"}}},{"type":"Feature","geometry":{"type":"Polygon","coordinates":[[[120.9640735,13.9765185],[120.9640701,13.976495],[120.9640589,13.976474],[120.9640412,13.9764576],[120.9640189,13.9764479],[120.9639946,13.9764458],[120.9639709,13.9764516],[120.9639505,13.9764647],[120.9639357,13.9764836],[120.9639282,13.9765061],[120.9639287,13.9765298],[120.9639372,13.976552],[120.9639519,13.9765695],[120.9639715,13.9765816],[120.9639941,13.9765871],[120.9640172,13.9765855],[120.9640387,13.9765769],[120.9640563,13.9765622],[120.9640687,13.9765417],[120.9640735,13.9765185]]]},"properties":{"osm_id":1212639966,"osm_type":"way","seamark_type":"marine_farm","display_class":"OTHER","min_zoom":12,"importance":1,"name":null,"ref":null,"common":{"type":"marine_farm"},"children":{},"osm_tags":{"landuse":"aquaculture","produce":"fish","seamark:type":"marine_farm"}}},{"type":"Feature","geometry":{"type":"Polygon","coordinates":[[[120.9642265,13.9763329],[120.9642231,13.9763095],[120.9642119,13.9762884],[120.9641942,13.9762721],[120.9641719,13.9762623],[120.9641476,13.9762603],[120.9641239,13.9762661],[120.9641035,13.9762792],[120.9640887,13.976298],[120.9640811,13.9763206],[120.9640817,13.9763443],[120.9640902,13.9763665],[120.9641049,13.9763839],[120.9641245,13.9763961],[120.964147,13.9764016],[120.9641702,13.9764],[120.9641917,13.9763913],[120.9642093,13.9763766],[120.9642217,13.9763562],[120.9642265,13.9763329]]]},"properties":{"osm_id":1212639967,"osm_type":"way","seamark_type":"marine_farm","display_class":"OTHER","min_zoom":12,"importance":1,"name":null,"ref":null,"common":{"type":"marine_farm"},"children":{},"osm_tags":{"landuse":"aquaculture","produce":"fish","seamark:type":"marine_farm"}}},{"type":"Feature","geometry":{"type":"Polygon","coordinates":[[[120.9643736,13.9761788],[120.9643702,13.9761553],[120.964359,13.9761342],[120.9643413,13.9761179],[120.964319,13.9761082],[120.9642947,13.9761061],[120.964271,13.9761119],[120.9642506,13.976125],[120.9642358,13.9761439],[120.9642282,13.9761664],[120.9642287,13.9761901],[120.9642373,13.9762123],[120.964252,13.9762298],[120.9642716,13.9762419],[120.9642941,13.9762474],[120.9643173,13.9762458],[120.9643388,13.9762372],[120.9643564,13.9762225],[120.9643688,13.976202],[120.9643736,13.9761788]]]},"properties":{"osm_id":1212639968,"osm_type":"way","seamark_type":"marine_farm","display_class":"OTHER","min_zoom":12,"importance":1,"name":null,"ref":null,"common":{"type":"marine_farm"},"children":{},"osm_tags":{"landuse":"aquaculture","produce":"fish","seamark:type":"marine_farm"}}},{"type":"Feature","geometry":{"type":"Polygon","coordinates":[[[120.9641676,13.9757934],[120.9641642,13.9757699],[120.964153,13.9757488],[120.9641353,13.9757325],[120.9641131,13.9757228],[120.9640887,13.9757207],[120.964065,13.9757265],[120.9640447,13.9757396],[120.9640299,13.9757585],[120.9640223,13.975781],[120.9640228,13.9758047],[120.9640313,13.9758269],[120.964046,13.9758444],[120.9640657,13.9758565],[120.9640882,13.975862],[120.9641114,13.9758604],[120.9641329,13.9758518],[120.9641505,13.9758371],[120.9641629,13.9758166],[120.9641676,13.9757934]]]},"properties":{"osm_id":1212639969,"osm_type":"way","seamark_type":"marine_farm","display_class":"OTHER","min_zoom":12,"importance":1,"name":null,"ref":null,"common":{"type":"marine_farm"},"children":{},"osm_tags":{"landuse":"aquaculture","produce":"fish","seamark:type":"marine_farm"}}},{"type":"Feature","geometry":{"type":"Polygon","coordinates":[[[120.9417571,13.9603104],[120.9418547,13.9603172],[120.9418526,13.9602225],[120.9417557,13.9602178],[120.9417571,13.9603104]]]},"properties":{"osm_id":1212925918,"osm_type":"way","seamark_type":"marine_farm","display_class":"OTHER","min_zoom":12,"importance":1,"name":null,"ref":null,"common":{"type":"marine_farm"},"children":{},"osm_tags":{"aquaculture":"fish","landuse":"aquaculture","seamark:type":"marine_farm"}}},{"type":"Feature","geometry":{"type":"Polygon","coordinates":[[[120.9428314,13.9604663],[120.9428985,13.9604673],[120.9428993,13.9604204],[120.9428322,13.9604194],[120.9428314,13.9604663]]]},"properties":{"osm_id":1212925919,"osm_type":"way","seamark_type":"marine_farm","display_class":"OTHER","min_zoom":12,"importance":1,"name":null,"ref":null,"common":{"type":"marine_farm"},"children":{},"osm_tags":{"aquaculture":"fish","landuse":"aquaculture","seamark:type":"marine_farm"}}},{"type":"Feature","geometry":{"type":"Polygon","coordinates":[[[120.9426704,13.9604687],[120.9427362,13.9604685],[120.9427361,13.9604234],[120.9426702,13.9604235],[120.9426704,13.9604687]]]},"properties":{"osm_id":1212925920,"osm_type":"way","seamark_type":"marine_farm","display_class":"OTHER","min_zoom":12,"importance":1,"name":null,"ref":null,"common":{"type":"marine_farm"},"children":{},"osm_tags":{"aquaculture":"fish","landuse":"aquaculture","seamark:type":"marine_farm"}}},{"type":"Feature","geometry":{"type":"Polygon","coordinates":[[[120.9427604,13.9604654],[120.9428276,13.9604664],[120.9428283,13.9604195],[120.9427612,13.9604185],[120.9427604,13.9604654]]]},"properties":{"osm_id":1212925921,"osm_type":"way","seamark_type":"marine_farm","display_class":"OTHER","min_zoom":12,"importance":1,"name":null,"ref":null,"common":{"type":"marine_farm"},"children":{},"osm_tags":{"aquaculture":"fish","landuse":"aquaculture","seamark:type":"marine_farm"}}},{"type":"Feature","geometry":{"type":"Polygon","coordinates":[[[120.9426844,13.9607098],[120.942758,13.9607183],[120.9427626,13.9606806],[120.9426891,13.9606721],[120.9426844,13.9607098]]]},"properties":{"osm_id":1212925922,"osm_type":"way","seamark_type":"marine_farm","display_class":"OTHER","min_zoom":12,"importance":1,"name":null,"ref":null,"common":{"type":"marine_farm"},"children":{},"osm_tags":{"aquaculture":"fish","landuse":"aquaculture","seamark:type":"marine_farm"}}},{"type":"Feature","geometry":{"type":"Polygon","coordinates":[[[120.9427603,13.9607202],[120.9428313,13.9607295],[120.9428366,13.9606915],[120.9427655,13.9606823],[120.9427603,13.9607202]]]},"properties":{"osm_id":1212925923,"osm_type":"way","seamark_type":"marine_farm","display_class":"OTHER","min_zoom":12,"importance":1,"name":null,"ref":null,"common":{"type":"marine_farm"},"children":{},"osm_tags":{"aquaculture":"fish","landuse":"aquaculture","seamark:type":"marine_farm"}}},{"type":"Feature","geometry":{"type":"Polygon","coordinates":[[[120.9426901,13.9606685],[120.9427765,13.9606793],[120.9427823,13.960636],[120.9426958,13.9606253],[120.9426901,13.9606685]]]},"properties":{"osm_id":1212925924,"osm_type":"way","seamark_type":"marine_farm","display_class":"OTHER","min_zoom":12,"importance":1,"name":null,"ref":null,"common":{"type":"marine_farm"},"children":{},"osm_tags":{"aquaculture":"fish","landuse":"aquaculture","seamark:type":"marine_farm"}}},{"type":"Feature","geometry":{"type":"Polygon","coordinates":[[[120.9425963,13.9607033],[120.9426803,13.9607115],[120.9426846,13.9606694],[120.9426006,13.9606613],[120.9425963,13.9607033]]]},"properties":{"osm_id":1212925925,"osm_type":"way","seamark_type":"marine_farm","display_class":"OTHER","min_zoom":12,"importance":1,"name":null,"ref":null,"common":{"type":"marine_farm"},"children":{},"osm_tags":{"aquaculture":"fish","landuse":"aquaculture","seamark:type":"marine_farm"}}},{"type":"Feature","geometry":{"type":"Polygon","coordinates":[[[120.9426049,13.960658],[120.942688,13.9606656],[120.9426923,13.9606215],[120.9426092,13.9606139],[120.9426049,13.960658]]]},"properties":{"osm_id":1212925926,"osm_type":"way","seamark_type":"marine_farm","display_class":"OTHER","min_zoom":12,"importance":1,"name":null,"ref":null,"common":{"type":"marine_farm"},"children":{},"osm_tags":{"aquaculture":"fish","landuse":"aquaculture","seamark:type":"marine_farm"}}},{"type":"Feature","geometry":{"type":"Polygon","coordinates":[[[120.9425116,13.9606994],[120.9425944,13.9607069],[120.9425987,13.960662],[120.9425159,13.9606545],[120.9425116,13.9606994]]]},"properties":{"osm_id":1212925927,"osm_type":"way","seamark_type":"marine_farm","display_class":"OTHER","min_zoom":12,"importance":1,"name":null,"ref":null,"common":{"type":"marine_farm"},"children":{},"osm_tags":{"aquaculture":"fish","landuse":"aquaculture","seamark:type":"marine_farm"}}},{"type":"Feature","geometry":{"type":"Polygon","coordinates":[[[120.9425222,13.9606494],[120.942602,13.9606557],[120.9426056,13.9606128],[120.9425257,13.9606065],[120.9425222,13.9606494]]]},"properties":{"osm_id":1212925928,"osm_type":"way","seamark_type":"marine_farm","display_class":"OTHER","min_zoom":12,"importance":1,"name":null,"ref":null,"common":{"type":"marine_farm"},"children":{},"osm_tags":{"aquaculture":"fish","landuse":"aquaculture","seamark:type":"marine_farm"}}},{"type":"Feature","geometry":{"type":"Polygon","coordinates":[[[120.9427282,13.959874],[120.9427993,13.9598734],[120.9427989,13.9598285],[120.9427278,13.959829],[120.9427282,13.959874]]]},"properties":{"osm_id":1212925929,"osm_type":"way","seamark_type":"marine_farm","display_class":"OTHER","min_zoom":12,"importance":1,"name":null,"ref":null,"common":{"type":"marine_farm"},"children":{},"osm_tags":{"aquaculture":"fish","landuse":"aquaculture","seamark:type":"marine_farm"}}},{"type":"Feature","geometry":{"type":"Polygon","coordinates":[[[120.942646,13.9598148],[120.9427136,13.9598147],[120.9427135,13.9597689],[120.9426459,13.959769],[120.942646,13.9598148]]]},"properties":{"osm_id":1212925930,"osm_type":"way","seamark_type":"marine_farm","display_class":"OTHER","min_zoom":12,"importance":1,"name":null,"ref":null,"common":{"type":"marine_farm"},"children":{},"osm_tags":{"aquaculture":"fish","landuse":"aquaculture","seamark:type":"marine_farm"}}},{"type":"Feature","geometry":{"type":"Polygon","coordinates":[[[120.9425745,13.959817],[120.9426441,13.9598169],[120.942644,13.9597707],[120.9425744,13.9597708],[120.9425745,13.959817]]]},"properties":{"osm_id":1212925931,"osm_type":"way","seamark_type":"marine_farm","display_class":"OTHER","min_zoom":12,"importance":1,"name":null,"ref":null,"common":{"type":"marine_farm"},"children":{},"osm_tags":{"aquaculture":"fish","landuse":"aquaculture","seamark:type":"marine_farm"}}},{"type":"Feature","geometry":{"type":"Polygon","coordinates":[[[120.9426854,13.9596428],[120.9427699,13.9596197],[120.9427574,13.9595766],[120.9426729,13.9595997],[120.9426854,13.9596428]]]},"properties":{"osm_id":1212925932,"osm_type":"way","seamark_type":"marine_farm","display_class":"OTHER","min_zoom":12,"importance":1,"name":null,"ref":null,"common":{"type":"marine_farm"},"children":{},"osm_tags":{"aquaculture":"fish","landuse":"aquaculture","seamark:type":"marine_farm"}}},{"type":"Feature","geometry":{"type":"Polygon","coordinates":[[[120.9427743,13.9596183],[120.9428506,13.9595974],[120.9428376,13.9595529],[120.9427613,13.9595738],[120.9427743,13.9596183]]]},"properties":{"osm_id":1212925933,"osm_type":"way","seamark_type":"marine_farm","display_class":"OTHER","min_zoom":12,"importance":1,"name":null,"ref":null,"common":{"type":"marine_farm"},"children":{},"osm_tags":{"aquaculture":"fish","landuse":"aquaculture","seamark:type":"marine_farm"}}},{"type":"Feature","geometry":{"type":"Polygon","coordinates":[[[120.9427045,13.9595817],[120.9427878,13.9595617],[120.9427775,13.9595215],[120.9426942,13.9595414],[120.9427045,13.9595817]]]},"properties":{"osm_id":1212925934,"osm_type":"way","seamark_type":"marine_farm","display_class":"OTHER","min_zoom":12,"importance":1,"name":null,"ref":null,"common":{"type":"marine_farm"},"children":{},"osm_tags":{"aquaculture":"fish","landuse":"aquaculture","seamark:type":"marine_farm"}}},{"type":"Feature","geometry":{"type":"Polygon","coordinates":[[[120.9423437,13.9583008],[120.9424444,13.9583222],[120.9424661,13.9582266],[120.9423654,13.9582051],[120.9423437,13.9583008]]]},"properties":{"osm_id":1212925935,"osm_type":"way","seamark_type":"marine_farm","display_class":"OTHER","min_zoom":12,"importance":1,"name":null,"ref":null,"common":{"type":"marine_farm"},"children":{},"osm_tags":{"aquaculture":"fish","landuse":"aquaculture","seamark:type":"marine_farm"}}},{"type":"Feature","geometry":{"type":"Polygon","coordinates":[[[120.9421066,13.9581864],[120.9421833,13.9581866],[120.9421835,13.9581467],[120.9421068,13.9581465],[120.9421066,13.9581864]]]},"properties":{"osm_id":1212925936,"osm_type":"way","seamark_type":"marine_farm","display_class":"OTHER","min_zoom":12,"importance":1,"name":null,"ref":null,"common":{"type":"marine_farm"},"children":{},"osm_tags":{"aquaculture":"fish","landuse":"aquaculture","seamark:type":"marine_farm"}}},{"type":"Feature","geometry":{"type":"Polygon","coordinates":[[[120.9420343,13.9581824],[120.9421023,13.9581841],[120.9421033,13.9581472],[120.9420354,13.9581454],[120.9420343,13.9581824]]]},"properties":{"osm_id":1212925937,"osm_type":"way","seamark_type":"marine_farm","display_class":"OTHER","min_zoom":12,"importance":1,"name":null,"ref":null,"common":{"type":"marine_farm"},"children":{},"osm_tags":{"aquaculture":"fish","landuse":"aquaculture","seamark:type":"marine_farm"}}},{"type":"Feature","geometry":{"type":"Polygon","coordinates":[[[120.9419648,13.9578804],[120.9420317,13.9578784],[120.9420302,13.9578311],[120.9419634,13.957833],[120.9419648,13.9578804]]]},"properties":{"osm_id":1212925938,"osm_type":"way","seamark_type":"marine_farm","display_class":"OTHER","min_zoom":12,"importance":1,"name":null,"ref":null,"common":{"type":"marine_farm"},"children":{},"osm_tags":{"aquaculture":"fish","landuse":"aquaculture","seamark:type":"marine_farm"}}},{"type":"Feature","geometry":{"type":"Polygon","coordinates":[[[120.9420504,13.9578762],[120.9421261,13.9578712],[120.9421231,13.9578289],[120.9420475,13.9578339],[120.9420504,13.9578762]]]},"properties":{"osm_id":1212925939,"osm_type":"way","seamark_type":"marine_farm","display_class":"OTHER","min_zoom":12,"importance":1,"name":null,"ref":null,"common":{"type":"marine_farm"},"children":{},"osm_tags":{"aquaculture":"fish","landuse":"aquaculture","seamark:type":"marine_farm"}}},{"type":"Feature","geometry":{"type":"Polygon","coordinates":[[[120.9423711,13.9598449],[120.9424411,13.9598489],[120.9424434,13.9598102],[120.9423734,13.9598062],[120.9423711,13.9598449]]]},"properties":{"osm_id":1212925940,"osm_type":"way","seamark_type":"marine_farm","display_class":"OTHER","min_zoom":12,"importance":1,"name":null,"ref":null,"common":{"type":"marine_farm"},"children":{},"osm_tags":{"aquaculture":"fish","landuse":"aquaculture","seamark:type":"marine_farm"}}},{"type":"Feature","geometry":{"type":"Polygon","coordinates":[[[120.942285,13.9598134],[120.9423547,13.9598114],[120.9423534,13.9597686],[120.9422837,13.9597706],[120.942285,13.9598134]]]},"properties":{"osm_id":1212925941,"osm_type":"way","seamark_type":"marine_farm","display_class":"OTHER","min_zoom":12,"importance":1,"name":null,"ref":null,"common":{"type":"marine_farm"},"children":{},"osm_tags":{"aquaculture":"fish","landuse":"aquaculture","seamark:type":"marine_farm"}}},{"type":"Feature","geometry":{"type":"Polygon","coordinates":[[[120.9455173,13.9691247],[120.9455367,13.9691586],[120.9455778,13.9691364],[120.9455583,13.9691025],[120.9455173,13.9691247]]]},"properties":{"osm_id":1213743072,"osm_type":"way","seamark_type":"marine_farm","display_class":"OTHER","min_zoom":12,"importance":1,"name":null,"ref":null,"common":{"type":"marine_farm"},"children":{},"osm_tags":{"landuse":"aquaculture","produce":"fish","seamark:type":"marine_farm"}}},{"type":"Feature","geometry":{"type":"Polygon","coordinates":[[[120.9453764,13.9687358],[120.9454052,13.9687472],[120.9454163,13.9687207],[120.9453875,13.9687093],[120.9453764,13.9687358]]]},"properties":{"osm_id":1213743073,"osm_type":"way","seamark_type":"marine_farm","display_class":"OTHER","min_zoom":12,"importance":1,"name":null,"ref":null,"common":{"type":"marine_farm"},"children":{},"osm_tags":{"landuse":"aquaculture","produce":"fish","seamark:type":"marine_farm"}}},{"type":"Feature","geometry":{"type":"Polygon","coordinates":[[[120.9449984,13.9685588],[120.9450712,13.9685525],[120.9450663,13.968499],[120.9449935,13.9685053],[120.9449984,13.9685588]]]},"properties":{"osm_id":1213743074,"osm_type":"way","seamark_type":"marine_farm","display_class":"OTHER","min_zoom":12,"importance":1,"name":null,"ref":null,"common":{"type":"marine_farm"},"children":{},"osm_tags":{"landuse":"aquaculture","produce":"fish","seamark:type":"marine_farm"}}},{"type":"Feature","geometry":{"type":"Polygon","coordinates":[[[120.9439659,13.952287],[120.9439951,13.9522537],[120.9439659,13.952223],[120.943938,13.9522562],[120.9439659,13.952287]]]},"properties":{"osm_id":1233828235,"osm_type":"way","seamark_type":"marine_farm","display_class":"OTHER","min_zoom":12,"importance":1,"name":null,"ref":null,"common":{"type":"marine_farm"},"children":{},"osm_tags":{"aquaculture":"fish","landuse":"aquaculture","seamark:type":"marine_farm"}}},{"type":"Feature","geometry":{"type":"Polygon","coordinates":[[[120.9437911,13.9522401],[120.943792,13.9522087],[120.9437619,13.9522052],[120.9437619,13.952237],[120.9437911,13.9522401]]]},"properties":{"osm_id":1233828236,"osm_type":"way","seamark_type":"marine_farm","display_class":"OTHER","min_zoom":12,"importance":1,"name":null,"ref":null,"common":{"type":"marine_farm"},"children":{},"osm_tags":{"aquaculture":"fish","landuse":"aquaculture","seamark:type":"marine_farm"}}},{"type":"Feature","geometry":{"type":"Polygon","coordinates":[[[120.9436209,13.9523008],[120.9436214,13.952267],[120.9435911,13.9522688],[120.9435916,13.9523005],[120.9436209,13.9523008]]]},"properties":{"osm_id":1233828237,"osm_type":"way","seamark_type":"marine_farm","display_class":"OTHER","min_zoom":12,"importance":1,"name":null,"ref":null,"common":{"type":"marine_farm"},"children":{},"osm_tags":{"aquaculture":"fish","landuse":"aquaculture","seamark:type":"marine_farm"}}},{"type":"Feature","geometry":{"type":"Polygon","coordinates":[[[120.9436972,13.9523281],[120.9437014,13.9522982],[120.9436758,13.9522955],[120.9436713,13.9523259],[120.9436972,13.9523281]]]},"properties":{"osm_id":1233828238,"osm_type":"way","seamark_type":"marine_farm","display_class":"OTHER","min_zoom":12,"importance":1,"name":null,"ref":null,"common":{"type":"marine_farm"},"children":{},"osm_tags":{"aquaculture":"fish","landuse":"aquaculture","seamark:type":"marine_farm"}}},{"type":"Feature","geometry":{"type":"Polygon","coordinates":[[[120.9436617,13.9521861],[120.9437441,13.9520692],[120.9435983,13.952052],[120.9435691,13.9521184],[120.9436617,13.9521861]]]},"properties":{"osm_id":1233828239,"osm_type":"way","seamark_type":"marine_farm","display_class":"OTHER","min_zoom":12,"importance":1,"name":null,"ref":null,"common":{"type":"marine_farm"},"children":{},"osm_tags":{"aquaculture":"fish","landuse":"aquaculture","seamark:type":"marine_farm"}}},{"type":"Feature","geometry":{"type":"Polygon","coordinates":[[[120.9439119,13.9515648],[120.9439399,13.951445],[120.9437739,13.951406],[120.943746,13.9515222],[120.9439119,13.9515648]]]},"properties":{"osm_id":1233828240,"osm_type":"way","seamark_type":"marine_farm","display_class":"OTHER","min_zoom":12,"importance":1,"name":null,"ref":null,"common":{"type":"marine_farm"},"children":{},"osm_tags":{"aquaculture":"fish","landuse":"aquaculture","seamark:type":"marine_farm"}}},{"type":"Feature","geometry":{"type":"Polygon","coordinates":[[[120.943929,13.9516312],[120.9439582,13.951598],[120.943929,13.9515672],[120.9439011,13.9516005],[120.943929,13.9516312]]]},"properties":{"osm_id":1233828241,"osm_type":"way","seamark_type":"marine_farm","display_class":"OTHER","min_zoom":12,"importance":1,"name":null,"ref":null,"common":{"type":"marine_farm"},"children":{},"osm_tags":{"aquaculture":"fish","landuse":"aquaculture","seamark:type":"marine_farm"}}},{"type":"Feature","geometry":{"type":"Polygon","coordinates":[[[120.9458246,13.9523055],[120.9458489,13.952211],[120.9457436,13.9521959],[120.9457271,13.9522857],[120.9458246,13.9523055]]]},"properties":{"osm_id":1233828755,"osm_type":"way","seamark_type":"marine_farm","display_class":"OTHER","min_zoom":12,"importance":1,"name":null,"ref":null,"common":{"type":"marine_farm"},"children":{},"osm_tags":{"aquaculture":"fish","landuse":"aquaculture","seamark:type":"marine_farm"}}},{"type":"Feature","geometry":{"type":"Polygon","coordinates":[[[120.94597,13.9523673],[120.9459921,13.9522729],[120.945896,13.9522469],[120.9458707,13.9523356],[120.94597,13.9523673]]]},"properties":{"osm_id":1233828756,"osm_type":"way","seamark_type":"marine_farm","display_class":"OTHER","min_zoom":12,"importance":1,"name":null,"ref":null,"common":{"type":"marine_farm"},"children":{},"osm_tags":{"aquaculture":"fish","landuse":"aquaculture","seamark:type":"marine_farm"}}},{"type":"Feature","geometry":{"type":"Polygon","coordinates":[[[120.9462506,13.9524092],[120.9462749,13.9523147],[120.9461696,13.9522997],[120.9461531,13.9523895],[120.9462506,13.9524092]]]},"properties":{"osm_id":1233828757,"osm_type":"way","seamark_type":"marine_farm","display_class":"OTHER","min_zoom":12,"importance":1,"name":null,"ref":null,"common":{"type":"marine_farm"},"children":{},"osm_tags":{"aquaculture":"fish","landuse":"aquaculture","seamark:type":"marine_farm"}}},{"type":"Feature","geometry":{"type":"Polygon","coordinates":[[[120.9464272,13.9524844],[120.9464757,13.9523991],[120.9463779,13.9523583],[120.9463381,13.952441],[120.9464272,13.9524844]]]},"properties":{"osm_id":1233828758,"osm_type":"way","seamark_type":"marine_farm","display_class":"OTHER","min_zoom":12,"importance":1,"name":null,"ref":null,"common":{"type":"marine_farm"},"children":{},"osm_tags":{"aquaculture":"fish","landuse":"aquaculture","seamark:type":"marine_farm"}}},{"type":"Feature","geometry":{"type":"Polygon","coordinates":[[[120.946586,13.9525661],[120.9466344,13.9524808],[120.9465365,13.9524401],[120.9464969,13.9525228],[120.946586,13.9525661]]]},"properties":{"osm_id":1233828759,"osm_type":"way","seamark_type":"marine_farm","display_class":"OTHER","min_zoom":12,"importance":1,"name":null,"ref":null,"common":{"type":"marine_farm"},"children":{},"osm_tags":{"aquaculture":"fish","landuse":"aquaculture","seamark:type":"marine_farm"}}},{"type":"Feature","geometry":{"type":"Polygon","coordinates":[[[120.9467188,13.9526274],[120.9467672,13.9525421],[120.9466694,13.9525014],[120.9466297,13.9525841],[120.9467188,13.9526274]]]},"properties":{"osm_id":1233828760,"osm_type":"way","seamark_type":"marine_farm","display_class":"OTHER","min_zoom":12,"importance":1,"name":null,"ref":null,"common":{"type":"marine_farm"},"children":{},"osm_tags":{"aquaculture":"fish","landuse":"aquaculture","seamark:type":"marine_farm"}}},{"type":"Feature","geometry":{"type":"Polygon","coordinates":[[[120.9469132,13.9527249],[120.9469616,13.9526395],[120.9468637,13.9525988],[120.9468241,13.9526816],[120.9469132,13.9527249]]]},"properties":{"osm_id":1233828761,"osm_type":"way","seamark_type":"marine_farm","display_class":"OTHER","min_zoom":12,"importance":1,"name":null,"ref":null,"common":{"type":"marine_farm"},"children":{},"osm_tags":{"aquaculture":"fish","landuse":"aquaculture","seamark:type":"marine_farm"}}},{"type":"Feature","geometry":{"type":"Polygon","coordinates":[[[120.9462194,13.9520254],[120.9462471,13.9519318],[120.9461424,13.9519131],[120.9461226,13.9520023],[120.9462194,13.9520254]]]},"properties":{"osm_id":1233828762,"osm_type":"way","seamark_type":"marine_farm","display_class":"OTHER","min_zoom":12,"importance":1,"name":null,"ref":null,"common":{"type":"marine_farm"},"children":{},"osm_tags":{"aquaculture":"fish","landuse":"aquaculture","seamark:type":"marine_farm"}}},{"type":"Feature","geometry":{"type":"Polygon","coordinates":[[[120.9463673,13.9521244],[120.9464157,13.952039],[120.9463179,13.9519984],[120.9462782,13.9520811],[120.9463673,13.9521244]]]},"properties":{"osm_id":1233828763,"osm_type":"way","seamark_type":"marine_farm","display_class":"OTHER","min_zoom":12,"importance":1,"name":null,"ref":null,"common":{"type":"marine_farm"},"children":{},"osm_tags":{"aquaculture":"fish","landuse":"aquaculture","seamark:type":"marine_farm"}}},{"type":"Feature","geometry":{"type":"Polygon","coordinates":[[[120.9465277,13.9521998],[120.9465761,13.9521145],[120.9464782,13.9520738],[120.9464386,13.9521565],[120.9465277,13.9521998]]]},"properties":{"osm_id":1233828764,"osm_type":"way","seamark_type":"marine_farm","display_class":"OTHER","min_zoom":12,"importance":1,"name":null,"ref":null,"common":{"type":"marine_farm"},"children":{},"osm_tags":{"aquaculture":"fish","landuse":"aquaculture","seamark:type":"marine_farm"}}},{"type":"Feature","geometry":{"type":"Polygon","coordinates":[[[120.9466751,13.9522596],[120.9467235,13.9521742],[120.9466256,13.9521336],[120.946586,13.9522163],[120.9466751,13.9522596]]]},"properties":{"osm_id":1233828765,"osm_type":"way","seamark_type":"marine_farm","display_class":"OTHER","min_zoom":12,"importance":1,"name":null,"ref":null,"common":{"type":"marine_farm"},"children":{},"osm_tags":{"aquaculture":"fish","landuse":"aquaculture","seamark:type":"marine_farm"}}},{"type":"Feature","geometry":{"type":"Polygon","coordinates":[[[120.9468046,13.9523067],[120.946853,13.9522214],[120.9467552,13.9521807],[120.9467155,13.9522634],[120.9468046,13.9523067]]]},"properties":{"osm_id":1233828766,"osm_type":"way","seamark_type":"marine_farm","display_class":"OTHER","min_zoom":12,"importance":1,"name":null,"ref":null,"common":{"type":"marine_farm"},"children":{},"osm_tags":{"aquaculture":"fish","landuse":"aquaculture","seamark:type":"marine_farm"}}},{"type":"Feature","geometry":{"type":"Polygon","coordinates":[[[120.9469995,13.9523803],[120.9470307,13.9522877],[120.9469268,13.9522654],[120.9469037,13.9523538],[120.9469995,13.9523803]]]},"properties":{"osm_id":1233828767,"osm_type":"way","seamark_type":"marine_farm","display_class":"OTHER","min_zoom":12,"importance":1,"name":null,"ref":null,"common":{"type":"marine_farm"},"children":{},"osm_tags":{"aquaculture":"fish","landuse":"aquaculture","seamark:type":"marine_farm"}}},{"type":"Feature","geometry":{"type":"Polygon","coordinates":[[[120.9471647,13.9523944],[120.9471959,13.9523018],[120.947092,13.9522795],[120.9470689,13.952368],[120.9471647,13.9523944]]]},"properties":{"osm_id":1233828768,"osm_type":"way","seamark_type":"marine_farm","display_class":"OTHER","min_zoom":12,"importance":1,"name":null,"ref":null,"common":{"type":"marine_farm"},"children":{},"osm_tags":{"aquaculture":"fish","landuse":"aquaculture","seamark:type":"marine_farm"}}},{"type":"Feature","geometry":{"type":"Polygon","coordinates":[[[120.9473364,13.9524086],[120.9473676,13.952316],[120.9472637,13.9522937],[120.9472406,13.9523821],[120.9473364,13.9524086]]]},"properties":{"osm_id":1233828769,"osm_type":"way","seamark_type":"marine_farm","display_class":"OTHER","min_zoom":12,"importance":1,"name":null,"ref":null,"common":{"type":"marine_farm"},"children":{},"osm_tags":{"aquaculture":"fish","landuse":"aquaculture","seamark:type":"marine_farm"}}},{"type":"Feature","geometry":{"type":"Polygon","coordinates":[[[120.9475146,13.9524479],[120.9475458,13.9523553],[120.9474419,13.952333],[120.9474188,13.9524214],[120.9475146,13.9524479]]]},"properties":{"osm_id":1233828770,"osm_type":"way","seamark_type":"marine_farm","display_class":"OTHER","min_zoom":12,"importance":1,"name":null,"ref":null,"common":{"type":"marine_farm"},"children":{},"osm_tags":{"aquaculture":"fish","landuse":"aquaculture","seamark:type":"marine_farm"}}},{"type":"Feature","geometry":{"type":"Polygon","coordinates":[[[120.9479127,13.9526466],[120.9479219,13.9525496],[120.9478155,13.9525503],[120.9478132,13.9526415],[120.9479127,13.9526466]]]},"properties":{"osm_id":1233828771,"osm_type":"way","seamark_type":"marine_farm","display_class":"OTHER","min_zoom":12,"importance":1,"name":null,"ref":null,"common":{"type":"marine_farm"},"children":{},"osm_tags":{"aquaculture":"fish","landuse":"aquaculture","seamark:type":"marine_farm"}}},{"type":"Feature","geometry":{"type":"Polygon","coordinates":[[[120.9480407,13.9526403],[120.9480499,13.9525433],[120.9479435,13.952544],[120.9479412,13.9526352],[120.9480407,13.9526403]]]},"properties":{"osm_id":1233828772,"osm_type":"way","seamark_type":"marine_farm","display_class":"OTHER","min_zoom":12,"importance":1,"name":null,"ref":null,"common":{"type":"marine_farm"},"children":{},"osm_tags":{"aquaculture":"fish","landuse":"aquaculture","seamark:type":"marine_farm"}}},{"type":"Feature","geometry":{"type":"Polygon","coordinates":[[[120.9481693,13.9526812],[120.9482074,13.9525911],[120.9481055,13.9525614],[120.9480757,13.952648],[120.9481693,13.9526812]]]},"properties":{"osm_id":1233828773,"osm_type":"way","seamark_type":"marine_farm","display_class":"OTHER","min_zoom":12,"importance":1,"name":null,"ref":null,"common":{"type":"marine_farm"},"children":{},"osm_tags":{"aquaculture":"fish","landuse":"aquaculture","seamark:type":"marine_farm"}}},{"type":"Feature","geometry":{"type":"Polygon","coordinates":[[[120.9483167,13.9527032],[120.9483548,13.9526131],[120.9482529,13.9525834],[120.9482231,13.95267],[120.9483167,13.9527032]]]},"properties":{"osm_id":1233828774,"osm_type":"way","seamark_type":"marine_farm","display_class":"OTHER","min_zoom":12,"importance":1,"name":null,"ref":null,"common":{"type":"marine_farm"},"children":{},"osm_tags":{"aquaculture":"fish","landuse":"aquaculture","seamark:type":"marine_farm"}}},{"type":"Feature","geometry":{"type":"Polygon","coordinates":[[[120.9485143,13.9527991],[120.9485524,13.952709],[120.9484505,13.9526793],[120.9484207,13.9527659],[120.9485143,13.9527991]]]},"properties":{"osm_id":1233828775,"osm_type":"way","seamark_type":"marine_farm","display_class":"OTHER","min_zoom":12,"importance":1,"name":null,"ref":null,"common":{"type":"marine_farm"},"children":{},"osm_tags":{"aquaculture":"fish","landuse":"aquaculture","seamark:type":"marine_farm"}}},{"type":"Feature","geometry":{"type":"Polygon","coordinates":[[[120.9464896,13.9518999],[120.9465277,13.9518098],[120.9464258,13.9517802],[120.9463961,13.9518667],[120.9464896,13.9518999]]]},"properties":{"osm_id":1233828776,"osm_type":"way","seamark_type":"marine_farm","display_class":"OTHER","min_zoom":12,"importance":1,"name":null,"ref":null,"common":{"type":"marine_farm"},"children":{},"osm_tags":{"aquaculture":"fish","landuse":"aquaculture","seamark:type":"marine_farm"}}},{"type":"Feature","geometry":{"type":"Polygon","coordinates":[[[120.946652,13.9519278],[120.9466795,13.9518342],[120.9465748,13.9518157],[120.9465552,13.9519049],[120.946652,13.9519278]]]},"properties":{"osm_id":1233828777,"osm_type":"way","seamark_type":"marine_farm","display_class":"OTHER","min_zoom":12,"importance":1,"name":null,"ref":null,"common":{"type":"marine_farm"},"children":{},"osm_tags":{"aquaculture":"fish","landuse":"aquaculture","seamark:type":"marine_farm"}}},{"type":"Feature","geometry":{"type":"Polygon","coordinates":[[[120.9468206,13.9519676],[120.9468451,13.9518731],[120.9467399,13.9518578],[120.9467231,13.9519476],[120.9468206,13.9519676]]]},"properties":{"osm_id":1233828778,"osm_type":"way","seamark_type":"marine_farm","display_class":"OTHER","min_zoom":12,"importance":1,"name":null,"ref":null,"common":{"type":"marine_farm"},"children":{},"osm_tags":{"aquaculture":"fish","landuse":"aquaculture","seamark:type":"marine_farm"}}},{"type":"Feature","geometry":{"type":"Polygon","coordinates":[[[120.947468,13.9521452],[120.9475061,13.952055],[120.9474041,13.9520254],[120.9473744,13.9521119],[120.947468,13.9521452]]]},"properties":{"osm_id":1233828779,"osm_type":"way","seamark_type":"marine_farm","display_class":"OTHER","min_zoom":12,"importance":1,"name":null,"ref":null,"common":{"type":"marine_farm"},"children":{},"osm_tags":{"aquaculture":"fish","landuse":"aquaculture","seamark:type":"marine_farm"}}},{"type":"Feature","geometry":{"type":"Polygon","coordinates":[[[120.9476121,13.9522049],[120.9476502,13.9521148],[120.9475483,13.9520851],[120.9475185,13.9521717],[120.9476121,13.9522049]]]},"properties":{"osm_id":1233828780,"osm_type":"way","seamark_type":"marine_farm","display_class":"OTHER","min_zoom":12,"importance":1,"name":null,"ref":null,"common":{"type":"marine_farm"},"children":{},"osm_tags":{"aquaculture":"fish","landuse":"aquaculture","seamark:type":"marine_farm"}}},{"type":"Feature","geometry":{"type":"Polygon","coordinates":[[[120.9478844,13.9523005],[120.9479122,13.9522069],[120.9478076,13.9521881],[120.9477877,13.9522773],[120.9478844,13.9523005]]]},"properties":{"osm_id":1233828781,"osm_type":"way","seamark_type":"marine_farm","display_class":"OTHER","min_zoom":12,"importance":1,"name":null,"ref":null,"common":{"type":"marine_farm"},"children":{},"osm_tags":{"aquaculture":"fish","landuse":"aquaculture","seamark:type":"marine_farm"}}},{"type":"Feature","geometry":{"type":"Polygon","coordinates":[[[120.9476396,13.9517703],[120.9476933,13.951688],[120.9475982,13.9516416],[120.9475534,13.9517218],[120.9476396,13.9517703]]]},"properties":{"osm_id":1233828782,"osm_type":"way","seamark_type":"marine_farm","display_class":"OTHER","min_zoom":12,"importance":1,"name":null,"ref":null,"common":{"type":"marine_farm"},"children":{},"osm_tags":{"aquaculture":"fish","landuse":"aquaculture","seamark:type":"marine_farm"}}},{"type":"Feature","geometry":{"type":"Polygon","coordinates":[[[120.947754,13.9518387],[120.9478043,13.9517544],[120.9477074,13.9517117],[120.9476659,13.9517936],[120.947754,13.9518387]]]},"properties":{"osm_id":1233828783,"osm_type":"way","seamark_type":"marine_farm","display_class":"OTHER","min_zoom":12,"importance":1,"name":null,"ref":null,"common":{"type":"marine_farm"},"children":{},"osm_tags":{"aquaculture":"fish","landuse":"aquaculture","seamark:type":"marine_farm"}}},{"type":"Feature","geometry":{"type":"Polygon","coordinates":[[[120.9473627,13.9520335],[120.947383,13.9519906],[120.9473312,13.9519641],[120.9473145,13.9520098],[120.9473627,13.9520335]]]},"properties":{"osm_id":1233828784,"osm_type":"way","seamark_type":"marine_farm","display_class":"OTHER","min_zoom":12,"importance":1,"name":null,"ref":null,"common":{"type":"marine_farm"},"children":{},"osm_tags":{"aquaculture":"fish","landuse":"aquaculture","seamark:type":"marine_farm"}}},{"type":"Feature","geometry":{"type":"Polygon","coordinates":[[[120.948039,13.952333],[120.9480573,13.9522372],[120.9479513,13.9522284],[120.9479404,13.952319],[120.948039,13.952333]]]},"properties":{"osm_id":1233828785,"osm_type":"way","seamark_type":"marine_farm","display_class":"OTHER","min_zoom":12,"importance":1,"name":null,"ref":null,"common":{"type":"marine_farm"},"children":{},"osm_tags":{"aquaculture":"fish","landuse":"aquaculture","seamark:type":"marine_farm"}}},{"type":"Feature","geometry":{"type":"Polygon","coordinates":[[[120.9482568,13.9523407],[120.9482644,13.9522474],[120.9481646,13.9522398],[120.9481577,13.9523308],[120.9482568,13.9523407]]]},"properties":{"osm_id":1233828786,"osm_type":"way","seamark_type":"marine_farm","display_class":"OTHER","min_zoom":12,"importance":1,"name":null,"ref":null,"common":{"type":"marine_farm"},"children":{},"osm_tags":{"aquaculture":"fish","landuse":"aquaculture","seamark:type":"marine_farm"}}},{"type":"Feature","geometry":{"type":"Polygon","coordinates":[[[120.9484058,13.9523548],[120.9484134,13.9522615],[120.9483136,13.952254],[120.9483067,13.952345],[120.9484058,13.9523548]]]},"properties":{"osm_id":1233828787,"osm_type":"way","seamark_type":"marine_farm","display_class":"OTHER","min_zoom":12,"importance":1,"name":null,"ref":null,"common":{"type":"marine_farm"},"children":{},"osm_tags":{"aquaculture":"fish","landuse":"aquaculture","seamark:type":"marine_farm"}}},{"type":"Feature","geometry":{"type":"Polygon","coordinates":[[[120.9485451,13.9523595],[120.9485527,13.9522662],[120.9484529,13.9522587],[120.948446,13.9523497],[120.9485451,13.9523595]]]},"properties":{"osm_id":1233828788,"osm_type":"way","seamark_type":"marine_farm","display_class":"OTHER","min_zoom":12,"importance":1,"name":null,"ref":null,"common":{"type":"marine_farm"},"children":{},"osm_tags":{"aquaculture":"fish","landuse":"aquaculture","seamark:type":"marine_farm"}}},{"type":"Feature","geometry":{"type":"Polygon","coordinates":[[[120.9481887,13.9518031],[120.9481964,13.9517098],[120.9480965,13.9517022],[120.9480896,13.9517932],[120.9481887,13.9518031]]]},"properties":{"osm_id":1233828789,"osm_type":"way","seamark_type":"marine_farm","display_class":"OTHER","min_zoom":12,"importance":1,"name":null,"ref":null,"common":{"type":"marine_farm"},"children":{},"osm_tags":{"aquaculture":"fish","landuse":"aquaculture","seamark:type":"marine_farm"}}},{"type":"Feature","geometry":{"type":"Polygon","coordinates":[[[120.9483507,13.9518329],[120.9483584,13.9517396],[120.9482585,13.9517321],[120.9482516,13.9518231],[120.9483507,13.9518329]]]},"properties":{"osm_id":1233828790,"osm_type":"way","seamark_type":"marine_farm","display_class":"OTHER","min_zoom":12,"importance":1,"name":null,"ref":null,"common":{"type":"marine_farm"},"children":{},"osm_tags":{"aquaculture":"fish","landuse":"aquaculture","seamark:type":"marine_farm"}}},{"type":"Feature","geometry":{"type":"Polygon","coordinates":[[[120.9484997,13.9518424],[120.9485074,13.9517491],[120.9484075,13.9517415],[120.9484006,13.9518325],[120.9484997,13.9518424]]]},"properties":{"osm_id":1233828791,"osm_type":"way","seamark_type":"marine_farm","display_class":"OTHER","min_zoom":12,"importance":1,"name":null,"ref":null,"common":{"type":"marine_farm"},"children":{},"osm_tags":{"aquaculture":"fish","landuse":"aquaculture","seamark:type":"marine_farm"}}},{"type":"Feature","geometry":{"type":"Polygon","coordinates":[[[120.9486829,13.9523749],[120.9487027,13.9522833],[120.9486046,13.9522635],[120.9485859,13.9523529],[120.9486829,13.9523749]]]},"properties":{"osm_id":1233829245,"osm_type":"way","seamark_type":"marine_farm","display_class":"OTHER","min_zoom":12,"importance":1,"name":null,"ref":null,"common":{"type":"marine_farm"},"children":{},"osm_tags":{"aquaculture":"fish","landuse":"aquaculture","seamark:type":"marine_farm"}}},{"type":"Feature","geometry":{"type":"Polygon","coordinates":[[[120.9488351,13.9523809],[120.9488427,13.9522876],[120.9487429,13.9522801],[120.948736,13.9523711],[120.9488351,13.9523809]]]},"properties":{"osm_id":1233829246,"osm_type":"way","seamark_type":"marine_farm","display_class":"OTHER","min_zoom":12,"importance":1,"name":null,"ref":null,"common":{"type":"marine_farm"},"children":{},"osm_tags":{"aquaculture":"fish","landuse":"aquaculture","seamark:type":"marine_farm"}}},{"type":"Feature","geometry":{"type":"Polygon","coordinates":[[[120.9486497,13.9518699],[120.9486573,13.9517765],[120.9485574,13.951769],[120.9485505,13.95186],[120.9486497,13.9518699]]]},"properties":{"osm_id":1233829247,"osm_type":"way","seamark_type":"marine_farm","display_class":"OTHER","min_zoom":12,"importance":1,"name":null,"ref":null,"common":{"type":"marine_farm"},"children":{},"osm_tags":{"aquaculture":"fish","landuse":"aquaculture","seamark:type":"marine_farm"}}},{"type":"Feature","geometry":{"type":"Polygon","coordinates":[[[120.9488001,13.9518766],[120.9488078,13.9517833],[120.9487079,13.9517758],[120.948701,13.9518668],[120.9488001,13.9518766]]]},"properties":{"osm_id":1233829248,"osm_type":"way","seamark_type":"marine_farm","display_class":"OTHER","min_zoom":12,"importance":1,"name":null,"ref":null,"common":{"type":"marine_farm"},"children":{},"osm_tags":{"aquaculture":"fish","landuse":"aquaculture","seamark:type":"marine_farm"}}},{"type":"Feature","geometry":{"type":"Polygon","coordinates":[[[120.9492567,13.9524726],[120.9492644,13.9523793],[120.9491645,13.9523718],[120.9491576,13.9524627],[120.9492567,13.9524726]]]},"properties":{"osm_id":1233829249,"osm_type":"way","seamark_type":"marine_farm","display_class":"OTHER","min_zoom":12,"importance":1,"name":null,"ref":null,"common":{"type":"marine_farm"},"children":{},"osm_tags":{"aquaculture":"fish","landuse":"aquaculture","seamark:type":"marine_farm"}}},{"type":"Feature","geometry":{"type":"Polygon","coordinates":[[[120.9490048,13.9523894],[120.9490212,13.9523504],[120.9489686,13.9523344],[120.9489582,13.9523727],[120.9490048,13.9523894]]]},"properties":{"osm_id":1233829250,"osm_type":"way","seamark_type":"marine_farm","display_class":"OTHER","min_zoom":12,"importance":1,"name":null,"ref":null,"common":{"type":"marine_farm"},"children":{},"osm_tags":{"aquaculture":"fish","landuse":"aquaculture","seamark:type":"marine_farm"}}},{"type":"Feature","geometry":{"type":"Polygon","coordinates":[[[120.9494492,13.9524896],[120.9494568,13.9523963],[120.949357,13.9523887],[120.9493501,13.9524797],[120.9494492,13.9524896]]]},"properties":{"osm_id":1233829251,"osm_type":"way","seamark_type":"marine_farm","display_class":"OTHER","min_zoom":12,"importance":1,"name":null,"ref":null,"common":{"type":"marine_farm"},"children":{},"osm_tags":{"aquaculture":"fish","landuse":"aquaculture","seamark:type":"marine_farm"}}},{"type":"Feature","geometry":{"type":"Polygon","coordinates":[[[120.9495997,13.9525015],[120.9496073,13.9524082],[120.9495074,13.9524006],[120.9495005,13.9524916],[120.9495997,13.9525015]]]},"properties":{"osm_id":1233829252,"osm_type":"way","seamark_type":"marine_farm","display_class":"OTHER","min_zoom":12,"importance":1,"name":null,"ref":null,"common":{"type":"marine_farm"},"children":{},"osm_tags":{"aquaculture":"fish","landuse":"aquaculture","seamark:type":"marine_farm"}}},{"type":"Feature","geometry":{"type":"Polygon","coordinates":[[[120.9499282,13.9526424],[120.9499618,13.9525546],[120.9498678,13.9525209],[120.9498357,13.9526067],[120.9499282,13.9526424]]]},"properties":{"osm_id":1233829253,"osm_type":"way","seamark_type":"marine_farm","display_class":"OTHER","min_zoom":12,"importance":1,"name":null,"ref":null,"common":{"type":"marine_farm"},"children":{},"osm_tags":{"aquaculture":"fish","landuse":"aquaculture","seamark:type":"marine_farm"}}},{"type":"Feature","geometry":{"type":"Polygon","coordinates":[[[120.9500663,13.9526934],[120.950095,13.952604],[120.9499993,13.9525753],[120.9499719,13.9526625],[120.9500663,13.9526934]]]},"properties":{"osm_id":1233829254,"osm_type":"way","seamark_type":"marine_farm","display_class":"OTHER","min_zoom":12,"importance":1,"name":null,"ref":null,"common":{"type":"marine_farm"},"children":{},"osm_tags":{"aquaculture":"fish","landuse":"aquaculture","seamark:type":"marine_farm"}}},{"type":"Feature","geometry":{"type":"Polygon","coordinates":[[[120.9502988,13.9525577],[120.9502781,13.9524663],[120.9501803,13.9524872],[120.950201,13.9525762],[120.9502988,13.9525577]]]},"properties":{"osm_id":1233829255,"osm_type":"way","seamark_type":"marine_farm","display_class":"OTHER","min_zoom":12,"importance":1,"name":null,"ref":null,"common":{"type":"marine_farm"},"children":{},"osm_tags":{"aquaculture":"fish","landuse":"aquaculture","seamark:type":"marine_farm"}}},{"type":"Feature","geometry":{"type":"Polygon","coordinates":[[[120.9504965,13.9524921],[120.9504953,13.9523985],[120.9503952,13.9523999],[120.9503969,13.9524911],[120.9504965,13.9524921]]]},"properties":{"osm_id":1233829256,"osm_type":"way","seamark_type":"marine_farm","display_class":"OTHER","min_zoom":12,"importance":1,"name":null,"ref":null,"common":{"type":"marine_farm"},"children":{},"osm_tags":{"aquaculture":"fish","landuse":"aquaculture","seamark:type":"marine_farm"}}},{"type":"Feature","geometry":{"type":"Polygon","coordinates":[[[120.9506452,13.9524938],[120.950644,13.9524002],[120.9505439,13.9524016],[120.9505456,13.9524928],[120.9506452,13.9524938]]]},"properties":{"osm_id":1233829257,"osm_type":"way","seamark_type":"marine_farm","display_class":"OTHER","min_zoom":12,"importance":1,"name":null,"ref":null,"common":{"type":"marine_farm"},"children":{},"osm_tags":{"aquaculture":"fish","landuse":"aquaculture","seamark:type":"marine_farm"}}},{"type":"Feature","geometry":{"type":"Polygon","coordinates":[[[120.9507011,13.9523107],[120.9507327,13.9522222],[120.9506381,13.9521905],[120.9506078,13.9522769],[120.9507011,13.9523107]]]},"properties":{"osm_id":1233829258,"osm_type":"way","seamark_type":"marine_farm","display_class":"OTHER","min_zoom":12,"importance":1,"name":null,"ref":null,"common":{"type":"marine_farm"},"children":{},"osm_tags":{"aquaculture":"fish","landuse":"aquaculture","seamark:type":"marine_farm"}}},{"type":"Feature","geometry":{"type":"Polygon","coordinates":[[[120.9505437,13.9522852],[120.9505753,13.9521968],[120.9504806,13.952165],[120.9504503,13.9522514],[120.9505437,13.9522852]]]},"properties":{"osm_id":1233829259,"osm_type":"way","seamark_type":"marine_farm","display_class":"OTHER","min_zoom":12,"importance":1,"name":null,"ref":null,"common":{"type":"marine_farm"},"children":{},"osm_tags":{"aquaculture":"fish","landuse":"aquaculture","seamark:type":"marine_farm"}}},{"type":"Feature","geometry":{"type":"Polygon","coordinates":[[[120.9428486,13.9551514],[120.9428631,13.9550834],[120.9427553,13.9550581],[120.9427368,13.9551329],[120.9428486,13.9551514]]]},"properties":{"osm_id":1233829706,"osm_type":"way","seamark_type":"marine_farm","display_class":"OTHER","min_zoom":12,"importance":1,"name":null,"ref":null,"common":{"type":"marine_farm"},"children":{},"osm_tags":{"aquaculture":"fish","landuse":"aquaculture","seamark:type":"marine_farm"}}},{"type":"Feature","geometry":{"type":"Polygon","coordinates":[[[120.9429317,13.9544148],[120.9429435,13.9543584],[120.9428884,13.9543484],[120.9428765,13.9544028],[120.9429317,13.9544148]]]},"properties":{"osm_id":1233829707,"osm_type":"way","seamark_type":"marine_farm","display_class":"OTHER","min_zoom":12,"importance":1,"name":null,"ref":null,"common":{"type":"marine_farm"},"children":{},"osm_tags":{"aquaculture":"fish","landuse":"aquaculture","seamark:type":"marine_farm"}}},{"type":"Feature","geometry":{"type":"Polygon","coordinates":[[[120.9430239,13.9544276],[120.9430371,13.9543878],[120.9429608,13.9543663],[120.9429516,13.9544079],[120.9430239,13.9544276]]]},"properties":{"osm_id":1233829708,"osm_type":"way","seamark_type":"marine_farm","display_class":"OTHER","min_zoom":12,"importance":1,"name":null,"ref":null,"common":{"type":"marine_farm"},"children":{},"osm_tags":{"aquaculture":"fish","landuse":"aquaculture","seamark:type":"marine_farm"}}},{"type":"Feature","geometry":{"type":"Polygon","coordinates":[[[120.9425535,13.9543164],[120.9425706,13.9542714],[120.9425102,13.954255],[120.9424931,13.9543005],[120.9425535,13.9543164]]]},"properties":{"osm_id":1233829709,"osm_type":"way","seamark_type":"marine_farm","display_class":"OTHER","min_zoom":12,"importance":1,"name":null,"ref":null,"common":{"type":"marine_farm"},"children":{},"osm_tags":{"aquaculture":"fish","landuse":"aquaculture","seamark:type":"marine_farm"}}},{"type":"Feature","geometry":{"type":"Polygon","coordinates":[[[120.9426379,13.954321],[120.9426444,13.9542919],[120.9425794,13.9542782],[120.9425729,13.9543073],[120.9426379,13.954321]]]},"properties":{"osm_id":1233829710,"osm_type":"way","seamark_type":"marine_farm","display_class":"OTHER","min_zoom":12,"importance":1,"name":null,"ref":null,"common":{"type":"marine_farm"},"children":{},"osm_tags":{"aquaculture":"fish","landuse":"aquaculture","seamark:type":"marine_farm"}}},{"type":"Feature","geometry":{"type":"Polygon","coordinates":[[[120.9425422,13.9542509],[120.942554,13.9542123],[120.9424822,13.9541916],[120.9424704,13.9542302],[120.9425422,13.9542509]]]},"properties":{"osm_id":1233829711,"osm_type":"way","seamark_type":"marine_farm","display_class":"OTHER","min_zoom":12,"importance":1,"name":null,"ref":null,"common":{"type":"marine_farm"},"children":{},"osm_tags":{"aquaculture":"fish","landuse":"aquaculture","seamark:type":"marine_farm"}}},{"type":"Feature","geometry":{"type":"Polygon","coordinates":[[[120.9429237,13.953732],[120.9429232,13.9537002],[120.9428787,13.9537009],[120.9428792,13.9537327],[120.9429237,13.953732]]]},"properties":{"osm_id":1233829712,"osm_type":"way","seamark_type":"marine_farm","display_class":"OTHER","min_zoom":12,"importance":1,"name":null,"ref":null,"common":{"type":"marine_farm"},"children":{},"osm_tags":{"aquaculture":"fish","landuse":"aquaculture","seamark:type":"marine_farm"}}},{"type":"Feature","geometry":{"type":"Polygon","coordinates":[[[120.9428264,13.9566721],[120.942858,13.9565836],[120.9427634,13.9565519],[120.942733,13.9566383],[120.9428264,13.9566721]]]},"properties":{"osm_id":1233830126,"osm_type":"way","seamark_type":"marine_farm","display_class":"OTHER","min_zoom":12,"importance":1,"name":null,"ref":null,"common":{"type":"marine_farm"},"children":{},"osm_tags":{"aquaculture":"fish","landuse":"aquaculture","seamark:type":"marine_farm"}}},{"type":"Feature","geometry":{"type":"Polygon","coordinates":[[[120.944541,13.9552768],[120.944578,13.9551832],[120.944478,13.9551567],[120.9444476,13.955243],[120.944541,13.9552768]]]},"properties":{"osm_id":1233832704,"osm_type":"way","seamark_type":"marine_farm","display_class":"OTHER","min_zoom":12,"importance":1,"name":null,"ref":null,"common":{"type":"marine_farm"},"children":{},"osm_tags":{"aquaculture":"fish","landuse":"aquaculture","seamark:type":"marine_farm"}}},{"type":"Feature","geometry":{"type":"Polygon","coordinates":[[[120.9447344,13.9552406],[120.9447869,13.9551621],[120.9447028,13.9551093],[120.9446521,13.9551861],[120.9447344,13.9552406]]]},"properties":{"osm_id":1233832705,"osm_type":"way","seamark_type":"marine_farm","display_class":"OTHER","min_zoom":12,"importance":1,"name":null,"ref":null,"common":{"type":"marine_farm"},"children":{},"osm_tags":{"aquaculture":"fish","landuse":"aquaculture","seamark:type":"marine_farm"}}},{"type":"Feature","geometry":{"type":"Polygon","coordinates":[[[120.9448301,13.9553094],[120.9448897,13.9552358],[120.9448109,13.9551758],[120.9447532,13.9552479],[120.9448301,13.9553094]]]},"properties":{"osm_id":1233832706,"osm_type":"way","seamark_type":"marine_farm","display_class":"OTHER","min_zoom":12,"importance":1,"name":null,"ref":null,"common":{"type":"marine_farm"},"children":{},"osm_tags":{"aquaculture":"fish","landuse":"aquaculture","seamark:type":"marine_farm"}}},{"type":"Feature","geometry":{"type":"Polygon","coordinates":[[[120.9451096,13.9549384],[120.9451412,13.95485],[120.9450466,13.9548183],[120.9450163,13.9549046],[120.9451096,13.9549384]]]},"properties":{"osm_id":1233832707,"osm_type":"way","seamark_type":"marine_farm","display_class":"OTHER","min_zoom":12,"importance":1,"name":null,"ref":null,"common":{"type":"marine_farm"},"children":{},"osm_tags":{"aquaculture":"fish","landuse":"aquaculture","seamark:type":"marine_farm"}}},{"type":"Feature","geometry":{"type":"Polygon","coordinates":[[[120.9447878,13.9549228],[120.9448194,13.9548344],[120.9447247,13.9548027],[120.9446944,13.954889],[120.9447878,13.9549228]]]},"properties":{"osm_id":1233832708,"osm_type":"way","seamark_type":"marine_farm","display_class":"OTHER","min_zoom":12,"importance":1,"name":null,"ref":null,"common":{"type":"marine_farm"},"children":{},"osm_tags":{"aquaculture":"fish","landuse":"aquaculture","seamark:type":"marine_farm"}}},{"type":"Feature","geometry":{"type":"Polygon","coordinates":[[[120.9456938,13.9546366],[120.9456999,13.9545432],[120.9456,13.9545372],[120.9455946,13.9546283],[120.9456938,13.9546366]]]},"properties":{"osm_id":1233832709,"osm_type":"way","seamark_type":"marine_farm","display_class":"OTHER","min_zoom":12,"importance":1,"name":null,"ref":null,"common":{"type":"marine_farm"},"children":{},"osm_tags":{"aquaculture":"fish","landuse":"aquaculture","seamark:type":"marine_farm"}}},{"type":"Feature","geometry":{"type":"Polygon","coordinates":[[[120.9457512,13.9542715],[120.9457743,13.9541806],[120.945677,13.9541575],[120.945655,13.9542462],[120.9457512,13.9542715]]]},"properties":{"osm_id":1233832710,"osm_type":"way","seamark_type":"marine_farm","display_class":"OTHER","min_zoom":12,"importance":1,"name":null,"ref":null,"common":{"type":"marine_farm"},"children":{},"osm_tags":{"aquaculture":"fish","landuse":"aquaculture","seamark:type":"marine_farm"}}},{"type":"Feature","geometry":{"type":"Polygon","coordinates":[[[120.9456032,13.9542357],[120.9456348,13.9541473],[120.9455401,13.9541155],[120.9455098,13.9542019],[120.9456032,13.9542357]]]},"properties":{"osm_id":1233832711,"osm_type":"way","seamark_type":"marine_farm","display_class":"OTHER","min_zoom":12,"importance":1,"name":null,"ref":null,"common":{"type":"marine_farm"},"children":{},"osm_tags":{"aquaculture":"fish","landuse":"aquaculture","seamark:type":"marine_farm"}}},{"type":"Feature","geometry":{"type":"Polygon","coordinates":[[[120.9454612,13.9541669],[120.9454758,13.9540743],[120.9453768,13.9540598],[120.9453631,13.95415],[120.9454612,13.9541669]]]},"properties":{"osm_id":1233832712,"osm_type":"way","seamark_type":"marine_farm","display_class":"OTHER","min_zoom":12,"importance":1,"name":null,"ref":null,"common":{"type":"marine_farm"},"children":{},"osm_tags":{"aquaculture":"fish","landuse":"aquaculture","seamark:type":"marine_farm"}}},{"type":"Feature","geometry":{"type":"Polygon","coordinates":[[[120.9443265,13.9542099],[120.9443792,13.9541315],[120.9443092,13.9540683],[120.9442443,13.9541551],[120.9443265,13.9542099]]]},"properties":{"osm_id":1233832713,"osm_type":"way","seamark_type":"marine_farm","display_class":"OTHER","min_zoom":12,"importance":1,"name":null,"ref":null,"common":{"type":"marine_farm"},"children":{},"osm_tags":{"aquaculture":"fish","landuse":"aquaculture","seamark:type":"marine_farm"}}},{"type":"Feature","geometry":{"type":"Polygon","coordinates":[[[120.9454511,13.9536715],[120.9454775,13.9535815],[120.9453811,13.9535551],[120.9453559,13.953643],[120.9454511,13.9536715]]]},"properties":{"osm_id":1233832714,"osm_type":"way","seamark_type":"marine_farm","display_class":"OTHER","min_zoom":12,"importance":1,"name":null,"ref":null,"common":{"type":"marine_farm"},"children":{},"osm_tags":{"aquaculture":"fish","landuse":"aquaculture","seamark:type":"marine_farm"}}},{"type":"Feature","geometry":{"type":"Polygon","coordinates":[[[120.9453324,13.9531385],[120.9452992,13.9530456],[120.9451838,13.9530836],[120.9452118,13.9531689],[120.9453324,13.9531385]]]},"properties":{"osm_id":1233832715,"osm_type":"way","seamark_type":"marine_farm","display_class":"OTHER","min_zoom":12,"importance":1,"name":null,"ref":null,"common":{"type":"marine_farm"},"children":{},"osm_tags":{"aquaculture":"fish","landuse":"aquaculture","seamark:type":"marine_farm"}}},{"type":"Feature","geometry":{"type":"Polygon","coordinates":[[[120.9450989,13.9532412],[120.9451802,13.9531816],[120.9450872,13.9531129],[120.9450216,13.9531814],[120.9450989,13.9532412]]]},"properties":{"osm_id":1233832716,"osm_type":"way","seamark_type":"marine_farm","display_class":"OTHER","min_zoom":12,"importance":1,"name":null,"ref":null,"common":{"type":"marine_farm"},"children":{},"osm_tags":{"aquaculture":"fish","landuse":"aquaculture","seamark:type":"marine_farm"}}},{"type":"Feature","geometry":{"type":"Polygon","coordinates":[[[120.9443634,13.9531509],[120.9443789,13.9531092],[120.9443325,13.953093],[120.9443122,13.9531307],[120.9443634,13.9531509]]]},"properties":{"osm_id":1233832717,"osm_type":"way","seamark_type":"marine_farm","display_class":"OTHER","min_zoom":12,"importance":1,"name":null,"ref":null,"common":{"type":"marine_farm"},"children":{},"osm_tags":{"aquaculture":"fish","landuse":"aquaculture","seamark:type":"marine_farm"}}},{"type":"Feature","geometry":{"type":"Polygon","coordinates":[[[120.9442675,13.9531125],[120.9442911,13.9530709],[120.9442145,13.9530333],[120.9441942,13.9530826],[120.9442675,13.9531125]]]},"properties":{"osm_id":1233832718,"osm_type":"way","seamark_type":"marine_farm","display_class":"OTHER","min_zoom":12,"importance":1,"name":null,"ref":null,"common":{"type":"marine_farm"},"children":{},"osm_tags":{"aquaculture":"fish","landuse":"aquaculture","seamark:type":"marine_farm"}}},{"type":"Feature","geometry":{"type":"Polygon","coordinates":[[[120.9438499,13.9528592],[120.9438614,13.9528117],[120.9437929,13.9527917],[120.9437766,13.952841],[120.9438499,13.9528592]]]},"properties":{"osm_id":1233832719,"osm_type":"way","seamark_type":"marine_farm","display_class":"OTHER","min_zoom":12,"importance":1,"name":null,"ref":null,"common":{"type":"marine_farm"},"children":{},"osm_tags":{"aquaculture":"fish","landuse":"aquaculture","seamark:type":"marine_farm"}}},{"type":"Feature","geometry":{"type":"Polygon","coordinates":[[[120.9435588,13.9530346],[120.9435362,13.9529988],[120.9435098,13.9530138],[120.9435236,13.9530476],[120.9435588,13.9530346]]]},"properties":{"osm_id":1233832720,"osm_type":"way","seamark_type":"marine_farm","display_class":"OTHER","min_zoom":12,"importance":1,"name":null,"ref":null,"common":{"type":"marine_farm"},"children":{},"osm_tags":{"aquaculture":"fish","landuse":"aquaculture","seamark:type":"marine_farm"}}},{"type":"Feature","geometry":{"type":"Polygon","coordinates":[[[120.9435929,13.953208],[120.9435551,13.9531933],[120.9435437,13.9532267],[120.9435768,13.9532379],[120.9435929,13.953208]]]},"properties":{"osm_id":1233832721,"osm_type":"way","seamark_type":"marine_farm","display_class":"OTHER","min_zoom":12,"importance":1,"name":null,"ref":null,"common":{"type":"marine_farm"},"children":{},"osm_tags":{"aquaculture":"fish","landuse":"aquaculture","seamark:type":"marine_farm"}}},{"type":"Feature","geometry":{"type":"Polygon","coordinates":[[[120.9434966,13.9531228],[120.9434545,13.9531129],[120.9434468,13.9531416],[120.9434811,13.9531561],[120.9434966,13.9531228]]]},"properties":{"osm_id":1233832722,"osm_type":"way","seamark_type":"marine_farm","display_class":"OTHER","min_zoom":12,"importance":1,"name":null,"ref":null,"common":{"type":"marine_farm"},"children":{},"osm_tags":{"aquaculture":"fish","landuse":"aquaculture","seamark:type":"marine_farm"}}},{"type":"Feature","geometry":{"type":"Polygon","coordinates":[[[120.9435257,13.9534168],[120.9434829,13.9534105],[120.9434777,13.9534398],[120.9435132,13.9534513],[120.9435257,13.9534168]]]},"properties":{"osm_id":1233832723,"osm_type":"way","seamark_type":"marine_farm","display_class":"OTHER","min_zoom":12,"importance":1,"name":null,"ref":null,"common":{"type":"marine_farm"},"children":{},"osm_tags":{"aquaculture":"fish","landuse":"aquaculture","seamark:type":"marine_farm"}}},{"type":"Feature","geometry":{"type":"Polygon","coordinates":[[[120.9437013,13.9533074],[120.9436305,13.9533027],[120.9436242,13.9533392],[120.9436943,13.9533398],[120.9437013,13.9533074]]]},"properties":{"osm_id":1233832724,"osm_type":"way","seamark_type":"marine_farm","display_class":"OTHER","min_zoom":12,"importance":1,"name":null,"ref":null,"common":{"type":"marine_farm"},"children":{},"osm_tags":{"aquaculture":"fish","landuse":"aquaculture","seamark:type":"marine_farm"}}},{"type":"Feature","geometry":{"type":"Polygon","coordinates":[[[120.9432746,13.9536603],[120.9432934,13.9534987],[120.9431711,13.9535138],[120.9431513,13.9536079],[120.9432746,13.9536603]]]},"properties":{"osm_id":1233832725,"osm_type":"way","seamark_type":"marine_farm","display_class":"OTHER","min_zoom":12,"importance":1,"name":null,"ref":null,"common":{"type":"marine_farm"},"children":{},"osm_tags":{"aquaculture":"fish","landuse":"aquaculture","seamark:type":"marine_farm"}}},{"type":"Feature","geometry":{"type":"Polygon","coordinates":[[[120.9433316,13.9532253],[120.9432442,13.9531919],[120.943223,13.9532749],[120.9433172,13.9532986],[120.9433316,13.9532253]]]},"properties":{"osm_id":1233832726,"osm_type":"way","seamark_type":"marine_farm","display_class":"OTHER","min_zoom":12,"importance":1,"name":null,"ref":null,"common":{"type":"marine_farm"},"children":{},"osm_tags":{"aquaculture":"fish","landuse":"aquaculture","seamark:type":"marine_farm"}}},{"type":"Feature","geometry":{"type":"Polygon","coordinates":[[[120.9433471,13.9530643],[120.9433556,13.9530159],[120.9432541,13.9529957],[120.9432446,13.9530597],[120.9433471,13.9530643]]]},"properties":{"osm_id":1233832727,"osm_type":"way","seamark_type":"marine_farm","display_class":"OTHER","min_zoom":12,"importance":1,"name":null,"ref":null,"common":{"type":"marine_farm"},"children":{},"osm_tags":{"aquaculture":"fish","landuse":"aquaculture","seamark:type":"marine_farm"}}},{"type":"Feature","geometry":{"type":"Polygon","coordinates":[[[120.9432195,13.9533664],[120.9431956,13.9533454],[120.9431743,13.9533668],[120.943197,13.9533956],[120.9432195,13.9533664]]]},"properties":{"osm_id":1233832728,"osm_type":"way","seamark_type":"marine_farm","display_class":"OTHER","min_zoom":12,"importance":1,"name":null,"ref":null,"common":{"type":"marine_farm"},"children":{},"osm_tags":{"aquaculture":"fish","landuse":"aquaculture","seamark:type":"marine_farm"}}},{"type":"Feature","geometry":{"type":"Polygon","coordinates":[[[120.9431004,13.9533473],[120.9430687,13.9533288],[120.9430547,13.9533552],[120.943085,13.9533725],[120.9431004,13.9533473]]]},"properties":{"osm_id":1233832729,"osm_type":"way","seamark_type":"marine_farm","display_class":"OTHER","min_zoom":12,"importance":1,"name":null,"ref":null,"common":{"type":"marine_farm"},"children":{},"osm_tags":{"aquaculture":"fish","landuse":"aquaculture","seamark:type":"marine_farm"}}},{"type":"Feature","geometry":{"type":"Polygon","coordinates":[[[120.9440589,13.952936],[120.9439994,13.9529074],[120.9439865,13.9529325],[120.944046,13.9529612],[120.9440589,13.952936]]]},"properties":{"osm_id":1233832730,"osm_type":"way","seamark_type":"marine_farm","display_class":"OTHER","min_zoom":12,"importance":1,"name":null,"ref":null,"common":{"type":"marine_farm"},"children":{},"osm_tags":{"aquaculture":"fish","landuse":"aquaculture","seamark:type":"marine_farm"}}},{"type":"Feature","geometry":{"type":"Polygon","coordinates":[[[120.945848,13.9529374],[120.9457668,13.9528884],[120.9457111,13.952956],[120.9457925,13.953016],[120.945848,13.9529374]]]},"properties":{"osm_id":1233832731,"osm_type":"way","seamark_type":"marine_farm","display_class":"OTHER","min_zoom":12,"importance":1,"name":null,"ref":null,"common":{"type":"marine_farm"},"children":{},"osm_tags":{"aquaculture":"fish","landuse":"aquaculture","seamark:type":"marine_farm"}}},{"type":"Feature","geometry":{"type":"Polygon","coordinates":[[[120.9456875,13.9548049],[120.9456649,13.9547691],[120.9456385,13.9547841],[120.9456638,13.9548223],[120.9456875,13.9548049]]]},"properties":{"osm_id":1233832732,"osm_type":"way","seamark_type":"marine_farm","display_class":"OTHER","min_zoom":12,"importance":1,"name":null,"ref":null,"common":{"type":"marine_farm"},"children":{},"osm_tags":{"aquaculture":"fish","landuse":"aquaculture","seamark:type":"marine_farm"}}},{"type":"Feature","geometry":{"type":"Polygon","coordinates":[[[120.9458543,13.9548426],[120.9457609,13.9547913],[120.9457208,13.9548795],[120.9458078,13.9549221],[120.9458543,13.9548426]]]},"properties":{"osm_id":1233832733,"osm_type":"way","seamark_type":"marine_farm","display_class":"OTHER","min_zoom":12,"importance":1,"name":null,"ref":null,"common":{"type":"marine_farm"},"children":{},"osm_tags":{"aquaculture":"fish","landuse":"aquaculture","seamark:type":"marine_farm"}}},{"type":"Feature","geometry":{"type":"Polygon","coordinates":[[[120.9435787,13.9545393],[120.943509,13.9545183],[120.9434963,13.9545578],[120.943566,13.9545789],[120.9435787,13.9545393]]]},"properties":{"osm_id":1233832734,"osm_type":"way","seamark_type":"marine_farm","display_class":"OTHER","min_zoom":12,"importance":1,"name":null,"ref":null,"common":{"type":"marine_farm"},"children":{},"osm_tags":{"aquaculture":"fish","landuse":"aquaculture","seamark:type":"marine_farm"}}},{"type":"Feature","geometry":{"type":"Polygon","coordinates":[[[120.9435622,13.9552001],[120.9435141,13.9551588],[120.9434906,13.9551848],[120.9435327,13.9552295],[120.9435622,13.9552001]]]},"properties":{"osm_id":1233832735,"osm_type":"way","seamark_type":"marine_farm","display_class":"OTHER","min_zoom":12,"importance":1,"name":null,"ref":null,"common":{"type":"marine_farm"},"children":{},"osm_tags":{"aquaculture":"fish","landuse":"aquaculture","seamark:type":"marine_farm"}}},{"type":"Feature","geometry":{"type":"Polygon","coordinates":[[[120.94363,13.9552577],[120.9435848,13.9552191],[120.9435612,13.9552369],[120.9436005,13.9552899],[120.94363,13.9552577]]]},"properties":{"osm_id":1233832736,"osm_type":"way","seamark_type":"marine_farm","display_class":"OTHER","min_zoom":12,"importance":1,"name":null,"ref":null,"common":{"type":"marine_farm"},"children":{},"osm_tags":{"aquaculture":"fish","landuse":"aquaculture","seamark:type":"marine_farm"}}},{"type":"Feature","geometry":{"type":"Polygon","coordinates":[[[120.9431386,13.9556015],[120.9431848,13.9555193],[120.9430969,13.9554728],[120.9430523,13.9555532],[120.9431386,13.9556015]]]},"properties":{"osm_id":1234611885,"osm_type":"way","seamark_type":"marine_farm","display_class":"OTHER","min_zoom":12,"importance":1,"name":null,"ref":null,"common":{"type":"marine_farm"},"children":{},"osm_tags":{"aquaculture":"fish","landuse":"aquaculture","seamark:type":"marine_farm"}}},{"type":"Feature","geometry":{"type":"Polygon","coordinates":[[[120.9439637,13.9558004],[120.943995,13.9557119],[120.9439003,13.9556803],[120.9438702,13.9557668],[120.9439637,13.9558004]]]},"properties":{"osm_id":1234611886,"osm_type":"way","seamark_type":"marine_farm","display_class":"OTHER","min_zoom":12,"importance":1,"name":null,"ref":null,"common":{"type":"marine_farm"},"children":{},"osm_tags":{"aquaculture":"fish","landuse":"aquaculture","seamark:type":"marine_farm"}}},{"type":"Feature","geometry":{"type":"Polygon","coordinates":[[[120.9442462,13.9557931],[120.9442499,13.9556996],[120.9441498,13.955696],[120.9441467,13.9557872],[120.9442462,13.9557931]]]},"properties":{"osm_id":1234611887,"osm_type":"way","seamark_type":"marine_farm","display_class":"OTHER","min_zoom":12,"importance":1,"name":null,"ref":null,"common":{"type":"marine_farm"},"children":{},"osm_tags":{"aquaculture":"fish","landuse":"aquaculture","seamark:type":"marine_farm"}}},{"type":"Feature","geometry":{"type":"Polygon","coordinates":[[[120.9440705,13.9558388],[120.9440852,13.9557524],[120.9439946,13.9557335],[120.9439808,13.9558238],[120.9440705,13.9558388]]]},"properties":{"osm_id":1234611888,"osm_type":"way","seamark_type":"marine_farm","display_class":"OTHER","min_zoom":12,"importance":1,"name":null,"ref":null,"common":{"type":"marine_farm"},"children":{},"osm_tags":{"aquaculture":"fish","landuse":"aquaculture","seamark:type":"marine_farm"}}},{"type":"Feature","geometry":{"type":"Polygon","coordinates":[[[120.9440922,13.9563452],[120.9441518,13.9562716],[120.944073,13.9562116],[120.9440153,13.9562837],[120.9440922,13.9563452]]]},"properties":{"osm_id":1234611889,"osm_type":"way","seamark_type":"marine_farm","display_class":"OTHER","min_zoom":12,"importance":1,"name":null,"ref":null,"common":{"type":"marine_farm"},"children":{},"osm_tags":{"aquaculture":"fish","landuse":"aquaculture","seamark:type":"marine_farm"}}},{"type":"Feature","geometry":{"type":"Polygon","coordinates":[[[120.9447358,13.9563013],[120.9447467,13.9562083],[120.9446471,13.9561974],[120.9446371,13.9562882],[120.9447358,13.9563013]]]},"properties":{"osm_id":1234611890,"osm_type":"way","seamark_type":"marine_farm","display_class":"OTHER","min_zoom":12,"importance":1,"name":null,"ref":null,"common":{"type":"marine_farm"},"children":{},"osm_tags":{"aquaculture":"fish","landuse":"aquaculture","seamark:type":"marine_farm"}}},{"type":"Feature","geometry":{"type":"Polygon","coordinates":[[[120.9444946,13.9563571],[120.9445207,13.956267],[120.9444243,13.9562408],[120.9443993,13.9563288],[120.9444946,13.9563571]]]},"properties":{"osm_id":1234611891,"osm_type":"way","seamark_type":"marine_farm","display_class":"OTHER","min_zoom":12,"importance":1,"name":null,"ref":null,"common":{"type":"marine_farm"},"children":{},"osm_tags":{"aquaculture":"fish","landuse":"aquaculture","seamark:type":"marine_farm"}}},{"type":"Feature","geometry":{"type":"Polygon","coordinates":[[[120.9431088,13.9576046],[120.9431062,13.9575111],[120.9430061,13.9575137],[120.9430091,13.957605],[120.9431088,13.9576046]]]},"properties":{"osm_id":1234611892,"osm_type":"way","seamark_type":"marine_farm","display_class":"OTHER","min_zoom":12,"importance":1,"name":null,"ref":null,"common":{"type":"marine_farm"},"children":{},"osm_tags":{"aquaculture":"fish","landuse":"aquaculture","seamark:type":"marine_farm"}}},{"type":"Feature","geometry":{"type":"Polygon","coordinates":[[[120.9450478,13.9556376],[120.9451074,13.955564],[120.9450286,13.955504],[120.9449709,13.9555761],[120.9450478,13.9556376]]]},"properties":{"osm_id":1234611893,"osm_type":"way","seamark_type":"marine_farm","display_class":"OTHER","min_zoom":12,"importance":1,"name":null,"ref":null,"common":{"type":"marine_farm"},"children":{},"osm_tags":{"aquaculture":"fish","landuse":"aquaculture","seamark:type":"marine_farm"}}},{"type":"Feature","geometry":{"type":"Polygon","coordinates":[[[120.9452989,13.9558121],[120.9453315,13.955724],[120.9452373,13.9556912],[120.945206,13.9557773],[120.9452989,13.9558121]]]},"properties":{"osm_id":1234611894,"osm_type":"way","seamark_type":"marine_farm","display_class":"OTHER","min_zoom":12,"importance":1,"name":null,"ref":null,"common":{"type":"marine_farm"},"children":{},"osm_tags":{"aquaculture":"fish","landuse":"aquaculture","seamark:type":"marine_farm"}}},{"type":"Feature","geometry":{"type":"Polygon","coordinates":[[[120.9456232,13.955559],[120.9456486,13.9554687],[120.9455519,13.9554431],[120.9455277,13.9555313],[120.9456232,13.955559]]]},"properties":{"osm_id":1234611895,"osm_type":"way","seamark_type":"marine_farm","display_class":"OTHER","min_zoom":12,"importance":1,"name":null,"ref":null,"common":{"type":"marine_farm"},"children":{},"osm_tags":{"aquaculture":"fish","landuse":"aquaculture","seamark:type":"marine_farm"}}},{"type":"Feature","geometry":{"type":"Polygon","coordinates":[[[120.9449084,13.9559701],[120.9449473,13.9558845],[120.9448557,13.9558453],[120.9448182,13.955929],[120.9449084,13.9559701]]]},"properties":{"osm_id":1234611896,"osm_type":"way","seamark_type":"marine_farm","display_class":"OTHER","min_zoom":12,"importance":1,"name":null,"ref":null,"common":{"type":"marine_farm"},"children":{},"osm_tags":{"aquaculture":"fish","landuse":"aquaculture","seamark:type":"marine_farm"}}},{"type":"Feature","geometry":{"type":"Polygon","coordinates":[[[120.9450613,13.956012],[120.9450819,13.9559205],[120.944984,13.9558999],[120.9449645,13.9559892],[120.9450613,13.956012]]]},"properties":{"osm_id":1234611897,"osm_type":"way","seamark_type":"marine_farm","display_class":"OTHER","min_zoom":12,"importance":1,"name":null,"ref":null,"common":{"type":"marine_farm"},"children":{},"osm_tags":{"aquaculture":"fish","landuse":"aquaculture","seamark:type":"marine_farm"}}},{"type":"Feature","geometry":{"type":"Polygon","coordinates":[[[120.9450226,13.956351],[120.9450292,13.9562576],[120.9449292,13.9562511],[120.9449234,13.9563422],[120.9450226,13.956351]]]},"properties":{"osm_id":1234611898,"osm_type":"way","seamark_type":"marine_farm","display_class":"OTHER","min_zoom":12,"importance":1,"name":null,"ref":null,"common":{"type":"marine_farm"},"children":{},"osm_tags":{"aquaculture":"fish","landuse":"aquaculture","seamark:type":"marine_farm"}}},{"type":"Feature","geometry":{"type":"Polygon","coordinates":[[[120.9452437,13.956403],[120.9452589,13.9563105],[120.94516,13.9562953],[120.9451457,13.9563855],[120.9452437,13.956403]]]},"properties":{"osm_id":1234611899,"osm_type":"way","seamark_type":"marine_farm","display_class":"OTHER","min_zoom":12,"importance":1,"name":null,"ref":null,"common":{"type":"marine_farm"},"children":{},"osm_tags":{"aquaculture":"fish","landuse":"aquaculture","seamark:type":"marine_farm"}}},{"type":"Feature","geometry":{"type":"Polygon","coordinates":[[[120.9455875,13.9563906],[120.9456286,13.9563059],[120.9455379,13.9562646],[120.9454984,13.9563474],[120.9455875,13.9563906]]]},"properties":{"osm_id":1234611900,"osm_type":"way","seamark_type":"marine_farm","display_class":"OTHER","min_zoom":12,"importance":1,"name":null,"ref":null,"common":{"type":"marine_farm"},"children":{},"osm_tags":{"aquaculture":"fish","landuse":"aquaculture","seamark:type":"marine_farm"}}},{"type":"Feature","geometry":{"type":"Polygon","coordinates":[[[120.9456378,13.9563039],[120.9457066,13.9562382],[120.9456362,13.956169],[120.9455696,13.9562334],[120.9456378,13.9563039]]]},"properties":{"osm_id":1234611901,"osm_type":"way","seamark_type":"marine_farm","display_class":"OTHER","min_zoom":12,"importance":1,"name":null,"ref":null,"common":{"type":"marine_farm"},"children":{},"osm_tags":{"aquaculture":"fish","landuse":"aquaculture","seamark:type":"marine_farm"}}},{"type":"Feature","geometry":{"type":"Polygon","coordinates":[[[120.9456373,13.9568593],[120.9457163,13.9568056],[120.9456588,13.956726],[120.945582,13.9567788],[120.9456373,13.9568593]]]},"properties":{"osm_id":1234611902,"osm_type":"way","seamark_type":"marine_farm","display_class":"OTHER","min_zoom":12,"importance":1,"name":null,"ref":null,"common":{"type":"marine_farm"},"children":{},"osm_tags":{"aquaculture":"fish","landuse":"aquaculture","seamark:type":"marine_farm"}}},{"type":"Feature","geometry":{"type":"Polygon","coordinates":[[[120.9452057,13.9567767],[120.9451909,13.9566817],[120.9450983,13.9566645],[120.9450847,13.9567419],[120.9452057,13.9567767]]]},"properties":{"osm_id":1234611903,"osm_type":"way","seamark_type":"marine_farm","display_class":"OTHER","min_zoom":12,"importance":1,"name":null,"ref":null,"common":{"type":"marine_farm"},"children":{},"osm_tags":{"aquaculture":"fish","landuse":"aquaculture","seamark:type":"marine_farm"}}},{"type":"Feature","geometry":{"type":"Polygon","coordinates":[[[120.9442053,13.9568034],[120.9442401,13.9567807],[120.9441916,13.9567046],[120.944156,13.9567393],[120.9442053,13.9568034]]]},"properties":{"osm_id":1234611904,"osm_type":"way","seamark_type":"marine_farm","display_class":"OTHER","min_zoom":12,"importance":1,"name":null,"ref":null,"common":{"type":"marine_farm"},"children":{},"osm_tags":{"aquaculture":"fish","landuse":"aquaculture","seamark:type":"marine_farm"}}},{"type":"Feature","geometry":{"type":"Polygon","coordinates":[[[120.9457485,13.9575615],[120.9457769,13.9574721],[120.9456811,13.9574435],[120.9456539,13.9575309],[120.9457485,13.9575615]]]},"properties":{"osm_id":1234611905,"osm_type":"way","seamark_type":"marine_farm","display_class":"OTHER","min_zoom":12,"importance":1,"name":null,"ref":null,"common":{"type":"marine_farm"},"children":{},"osm_tags":{"aquaculture":"fish","landuse":"aquaculture","seamark:type":"marine_farm"}}},{"type":"Feature","geometry":{"type":"Polygon","coordinates":[[[120.9455956,13.9575007],[120.9456327,13.9574142],[120.9455402,13.9573769],[120.9455046,13.9574614],[120.9455956,13.9575007]]]},"properties":{"osm_id":1234611906,"osm_type":"way","seamark_type":"marine_farm","display_class":"OTHER","min_zoom":12,"importance":1,"name":null,"ref":null,"common":{"type":"marine_farm"},"children":{},"osm_tags":{"aquaculture":"fish","landuse":"aquaculture","seamark:type":"marine_farm"}}},{"type":"Feature","geometry":{"type":"Polygon","coordinates":[[[120.9455602,13.9580924],[120.9455893,13.9580031],[120.9455006,13.9579695],[120.9454659,13.9580611],[120.9455602,13.9580924]]]},"properties":{"osm_id":1234611907,"osm_type":"way","seamark_type":"marine_farm","display_class":"OTHER","min_zoom":12,"importance":1,"name":null,"ref":null,"common":{"type":"marine_farm"},"children":{},"osm_tags":{"aquaculture":"fish","landuse":"aquaculture","seamark:type":"marine_farm"}}},{"type":"Feature","geometry":{"type":"Polygon","coordinates":[[[120.9453819,13.9580272],[120.9454306,13.9579464],[120.9453441,13.9578974],[120.9452971,13.9579765],[120.9453819,13.9580272]]]},"properties":{"osm_id":1234611908,"osm_type":"way","seamark_type":"marine_farm","display_class":"OTHER","min_zoom":12,"importance":1,"name":null,"ref":null,"common":{"type":"marine_farm"},"children":{},"osm_tags":{"aquaculture":"fish","landuse":"aquaculture","seamark:type":"marine_farm"}}},{"type":"Feature","geometry":{"type":"Polygon","coordinates":[[[120.9456617,13.957965],[120.9457167,13.9579223],[120.9456903,13.9578888],[120.9456417,13.9579278],[120.9456617,13.957965]]]},"properties":{"osm_id":1234611909,"osm_type":"way","seamark_type":"marine_farm","display_class":"OTHER","min_zoom":12,"importance":1,"name":null,"ref":null,"common":{"type":"marine_farm"},"children":{},"osm_tags":{"aquaculture":"fish","landuse":"aquaculture","seamark:type":"marine_farm"}}},{"type":"Feature","geometry":{"type":"Polygon","coordinates":[[[120.9450115,13.957989],[120.94503,13.9578971],[120.9449317,13.9578786],[120.9449142,13.9579683],[120.9450115,13.957989]]]},"properties":{"osm_id":1234611910,"osm_type":"way","seamark_type":"marine_farm","display_class":"OTHER","min_zoom":12,"importance":1,"name":null,"ref":null,"common":{"type":"marine_farm"},"children":{},"osm_tags":{"aquaculture":"fish","landuse":"aquaculture","seamark:type":"marine_farm"}}},{"type":"Feature","geometry":{"type":"Polygon","coordinates":[[[120.9448849,13.9579563],[120.9448941,13.9578631],[120.9447944,13.9578539],[120.9447859,13.9579448],[120.9448849,13.9579563]]]},"properties":{"osm_id":1234611911,"osm_type":"way","seamark_type":"marine_farm","display_class":"OTHER","min_zoom":12,"importance":1,"name":null,"ref":null,"common":{"type":"marine_farm"},"children":{},"osm_tags":{"aquaculture":"fish","landuse":"aquaculture","seamark:type":"marine_farm"}}},{"type":"Feature","geometry":{"type":"Polygon","coordinates":[[[120.9446432,13.9579084],[120.9446846,13.9578238],[120.9445941,13.9577822],[120.9445542,13.9578649],[120.9446432,13.9579084]]]},"properties":{"osm_id":1234611912,"osm_type":"way","seamark_type":"marine_farm","display_class":"OTHER","min_zoom":12,"importance":1,"name":null,"ref":null,"common":{"type":"marine_farm"},"children":{},"osm_tags":{"aquaculture":"fish","landuse":"aquaculture","seamark:type":"marine_farm"}}},{"type":"Feature","geometry":{"type":"Polygon","coordinates":[[[120.9445365,13.957861],[120.9445611,13.9577705],[120.9444642,13.9577458],[120.9444407,13.9578342],[120.9445365,13.957861]]]},"properties":{"osm_id":1234611913,"osm_type":"way","seamark_type":"marine_farm","display_class":"OTHER","min_zoom":12,"importance":1,"name":null,"ref":null,"common":{"type":"marine_farm"},"children":{},"osm_tags":{"aquaculture":"fish","landuse":"aquaculture","seamark:type":"marine_farm"}}},{"type":"Feature","geometry":{"type":"Polygon","coordinates":[[[120.9448103,13.9575319],[120.944813,13.9574716],[120.9447592,13.9574646],[120.944763,13.9575213],[120.9448103,13.9575319]]]},"properties":{"osm_id":1234611914,"osm_type":"way","seamark_type":"marine_farm","display_class":"OTHER","min_zoom":12,"importance":1,"name":null,"ref":null,"common":{"type":"marine_farm"},"children":{},"osm_tags":{"aquaculture":"fish","landuse":"aquaculture","seamark:type":"marine_farm"}}},{"type":"Feature","geometry":{"type":"Polygon","coordinates":[[[120.9459839,13.9549962],[120.9460191,13.9549091],[120.9459258,13.9548737],[120.945892,13.9549588],[120.9459839,13.9549962]]]},"properties":{"osm_id":1234613906,"osm_type":"way","seamark_type":"marine_farm","display_class":"OTHER","min_zoom":12,"importance":1,"name":null,"ref":null,"common":{"type":"marine_farm"},"children":{},"osm_tags":{"aquaculture":"fish","landuse":"aquaculture","seamark:type":"marine_farm"}}},{"type":"Feature","geometry":{"type":"Polygon","coordinates":[[[120.9461395,13.9550691],[120.9461747,13.954982],[120.9460814,13.9549465],[120.9460476,13.9550317],[120.9461395,13.9550691]]]},"properties":{"osm_id":1234613907,"osm_type":"way","seamark_type":"marine_farm","display_class":"OTHER","min_zoom":12,"importance":1,"name":null,"ref":null,"common":{"type":"marine_farm"},"children":{},"osm_tags":{"aquaculture":"fish","landuse":"aquaculture","seamark:type":"marine_farm"}}},{"type":"Feature","geometry":{"type":"Polygon","coordinates":[[[120.9461287,13.9547776],[120.946164,13.9546904],[120.9460707,13.954655],[120.9460368,13.9547402],[120.9461287,13.9547776]]]},"properties":{"osm_id":1234613908,"osm_type":"way","seamark_type":"marine_farm","display_class":"OTHER","min_zoom":12,"importance":1,"name":null,"ref":null,"common":{"type":"marine_farm"},"children":{},"osm_tags":{"aquaculture":"fish","landuse":"aquaculture","seamark:type":"marine_farm"}}},{"type":"Feature","geometry":{"type":"Polygon","coordinates":[[[120.9463862,13.9548713],[120.9464214,13.9547841],[120.9463282,13.9547487],[120.9462943,13.9548339],[120.9463862,13.9548713]]]},"properties":{"osm_id":1234613909,"osm_type":"way","seamark_type":"marine_farm","display_class":"OTHER","min_zoom":12,"importance":1,"name":null,"ref":null,"common":{"type":"marine_farm"},"children":{},"osm_tags":{"aquaculture":"fish","landuse":"aquaculture","seamark:type":"marine_farm"}}},{"type":"Feature","geometry":{"type":"Polygon","coordinates":[[[120.9462682,13.9551264],[120.9463034,13.9550392],[120.9462102,13.9550038],[120.9461763,13.955089],[120.9462682,13.9551264]]]},"properties":{"osm_id":1234613910,"osm_type":"way","seamark_type":"marine_farm","display_class":"OTHER","min_zoom":12,"importance":1,"name":null,"ref":null,"common":{"type":"marine_farm"},"children":{},"osm_tags":{"aquaculture":"fish","landuse":"aquaculture","seamark:type":"marine_farm"}}},{"type":"Feature","geometry":{"type":"Polygon","coordinates":[[[120.9464667,13.9551472],[120.9465019,13.95506],[120.9464086,13.9550246],[120.9463748,13.9551098],[120.9464667,13.9551472]]]},"properties":{"osm_id":1234613911,"osm_type":"way","seamark_type":"marine_farm","display_class":"OTHER","min_zoom":12,"importance":1,"name":null,"ref":null,"common":{"type":"marine_farm"},"children":{},"osm_tags":{"aquaculture":"fish","landuse":"aquaculture","seamark:type":"marine_farm"}}},{"type":"Feature","geometry":{"type":"Polygon","coordinates":[[[120.9459624,13.9546526],[120.9459977,13.9545655],[120.9459044,13.95453],[120.9458705,13.9546152],[120.9459624,13.9546526]]]},"properties":{"osm_id":1234613912,"osm_type":"way","seamark_type":"marine_farm","display_class":"OTHER","min_zoom":12,"importance":1,"name":null,"ref":null,"common":{"type":"marine_farm"},"children":{},"osm_tags":{"aquaculture":"fish","landuse":"aquaculture","seamark:type":"marine_farm"}}},{"type":"Feature","geometry":{"type":"Polygon","coordinates":[[[120.946011,13.9543202],[120.9460047,13.9542058],[120.9459045,13.9542068],[120.9459006,13.9543137],[120.946011,13.9543202]]]},"properties":{"osm_id":1234613913,"osm_type":"way","seamark_type":"marine_farm","display_class":"OTHER","min_zoom":12,"importance":1,"name":null,"ref":null,"common":{"type":"marine_farm"},"children":{},"osm_tags":{"aquaculture":"fish","landuse":"aquaculture","seamark:type":"marine_farm"}}},{"type":"Feature","geometry":{"type":"Polygon","coordinates":[[[120.9462146,13.9543142],[120.9462391,13.9542219],[120.9461297,13.9541969],[120.9461119,13.9542924],[120.9462146,13.9543142]]]},"properties":{"osm_id":1234613914,"osm_type":"way","seamark_type":"marine_farm","display_class":"OTHER","min_zoom":12,"importance":1,"name":null,"ref":null,"common":{"type":"marine_farm"},"children":{},"osm_tags":{"aquaculture":"fish","landuse":"aquaculture","seamark:type":"marine_farm"}}},{"type":"Feature","geometry":{"type":"Polygon","coordinates":[[[120.9463527,13.95438],[120.9463821,13.9542908],[120.9462867,13.9542613],[120.9462585,13.9543484],[120.9463527,13.95438]]]},"properties":{"osm_id":1234613915,"osm_type":"way","seamark_type":"marine_farm","display_class":"OTHER","min_zoom":12,"importance":1,"name":null,"ref":null,"common":{"type":"marine_farm"},"children":{},"osm_tags":{"aquaculture":"fish","landuse":"aquaculture","seamark:type":"marine_farm"}}},{"type":"Feature","geometry":{"type":"Polygon","coordinates":[[[120.9465464,13.9537779],[120.9465666,13.9536655],[120.9464686,13.9536453],[120.9464441,13.9537555],[120.9465464,13.9537779]]]},"properties":{"osm_id":1234613916,"osm_type":"way","seamark_type":"marine_farm","display_class":"OTHER","min_zoom":12,"importance":1,"name":null,"ref":null,"common":{"type":"marine_farm"},"children":{},"osm_tags":{"aquaculture":"fish","landuse":"aquaculture","seamark:type":"marine_farm"}}},{"type":"Feature","geometry":{"type":"Polygon","coordinates":[[[120.9466901,13.9537838],[120.9467121,13.9536927],[120.9466145,13.9536706],[120.9465936,13.9537596],[120.9466901,13.9537838]]]},"properties":{"osm_id":1234613917,"osm_type":"way","seamark_type":"marine_farm","display_class":"OTHER","min_zoom":12,"importance":1,"name":null,"ref":null,"common":{"type":"marine_farm"},"children":{},"osm_tags":{"aquaculture":"fish","landuse":"aquaculture","seamark:type":"marine_farm"}}},{"type":"Feature","geometry":{"type":"Polygon","coordinates":[[[120.946894,13.9538065],[120.9468863,13.9537132],[120.9467865,13.953721],[120.9467945,13.953812],[120.946894,13.9538065]]]},"properties":{"osm_id":1234613918,"osm_type":"way","seamark_type":"marine_farm","display_class":"OTHER","min_zoom":12,"importance":1,"name":null,"ref":null,"common":{"type":"marine_farm"},"children":{},"osm_tags":{"aquaculture":"fish","landuse":"aquaculture","seamark:type":"marine_farm"}}},{"type":"Feature","geometry":{"type":"Polygon","coordinates":[[[120.9470943,13.9538613],[120.9471295,13.9537741],[120.9470363,13.9537387],[120.9470024,13.9538239],[120.9470943,13.9538613]]]},"properties":{"osm_id":1234613919,"osm_type":"way","seamark_type":"marine_farm","display_class":"OTHER","min_zoom":12,"importance":1,"name":null,"ref":null,"common":{"type":"marine_farm"},"children":{},"osm_tags":{"aquaculture":"fish","landuse":"aquaculture","seamark:type":"marine_farm"}}},{"type":"Feature","geometry":{"type":"Polygon","coordinates":[[[120.947332,13.9538814],[120.9473387,13.953788],[120.9472388,13.9537814],[120.9472328,13.9538725],[120.947332,13.9538814]]]},"properties":{"osm_id":1234613920,"osm_type":"way","seamark_type":"marine_farm","display_class":"OTHER","min_zoom":12,"importance":1,"name":null,"ref":null,"common":{"type":"marine_farm"},"children":{},"osm_tags":{"aquaculture":"fish","landuse":"aquaculture","seamark:type":"marine_farm"}}},{"type":"Feature","geometry":{"type":"Polygon","coordinates":[[[120.9473052,13.9545061],[120.9473119,13.9544127],[120.9472119,13.9544061],[120.947206,13.9544972],[120.9473052,13.9545061]]]},"properties":{"osm_id":1234613921,"osm_type":"way","seamark_type":"marine_farm","display_class":"OTHER","min_zoom":12,"importance":1,"name":null,"ref":null,"common":{"type":"marine_farm"},"children":{},"osm_tags":{"aquaculture":"fish","landuse":"aquaculture","seamark:type":"marine_farm"}}},{"type":"Feature","geometry":{"type":"Polygon","coordinates":[[[120.9475305,13.9545321],[120.9475372,13.9544388],[120.9474373,13.9544321],[120.9474313,13.9545233],[120.9475305,13.9545321]]]},"properties":{"osm_id":1234613922,"osm_type":"way","seamark_type":"marine_farm","display_class":"OTHER","min_zoom":12,"importance":1,"name":null,"ref":null,"common":{"type":"marine_farm"},"children":{},"osm_tags":{"aquaculture":"fish","landuse":"aquaculture","seamark:type":"marine_farm"}}},{"type":"Feature","geometry":{"type":"Polygon","coordinates":[[[120.9470638,13.9545009],[120.9470705,13.9544023],[120.9469705,13.9544269],[120.9469646,13.954518],[120.9470638,13.9545009]]]},"properties":{"osm_id":1234613923,"osm_type":"way","seamark_type":"marine_farm","display_class":"OTHER","min_zoom":12,"importance":1,"name":null,"ref":null,"common":{"type":"marine_farm"},"children":{},"osm_tags":{"aquaculture":"fish","landuse":"aquaculture","seamark:type":"marine_farm"}}},{"type":"Feature","geometry":{"type":"Polygon","coordinates":[[[120.9466746,13.9548992],[120.9466658,13.954806],[120.9465661,13.9548149],[120.9465752,13.9549058],[120.9466746,13.9548992]]]},"properties":{"osm_id":1234613924,"osm_type":"way","seamark_type":"marine_farm","display_class":"OTHER","min_zoom":12,"importance":1,"name":null,"ref":null,"common":{"type":"marine_farm"},"children":{},"osm_tags":{"aquaculture":"fish","landuse":"aquaculture","seamark:type":"marine_farm"}}},{"type":"Feature","geometry":{"type":"Polygon","coordinates":[[[120.9467741,13.9551829],[120.9467808,13.9550895],[120.9466809,13.9550829],[120.9466749,13.955174],[120.9467741,13.9551829]]]},"properties":{"osm_id":1234613925,"osm_type":"way","seamark_type":"marine_farm","display_class":"OTHER","min_zoom":12,"importance":1,"name":null,"ref":null,"common":{"type":"marine_farm"},"children":{},"osm_tags":{"aquaculture":"fish","landuse":"aquaculture","seamark:type":"marine_farm"}}},{"type":"Feature","geometry":{"type":"Polygon","coordinates":[[[120.9469441,13.9552096],[120.9469578,13.9551172],[120.9468595,13.9550981],[120.9468416,13.9551877],[120.9469441,13.9552096]]]},"properties":{"osm_id":1234613926,"osm_type":"way","seamark_type":"marine_farm","display_class":"OTHER","min_zoom":12,"importance":1,"name":null,"ref":null,"common":{"type":"marine_farm"},"children":{},"osm_tags":{"aquaculture":"fish","landuse":"aquaculture","seamark:type":"marine_farm"}}},{"type":"Feature","geometry":{"type":"Polygon","coordinates":[[[120.9471872,13.9552402],[120.9471939,13.9551468],[120.9470939,13.9551402],[120.947088,13.9552313],[120.9471872,13.9552402]]]},"properties":{"osm_id":1234613927,"osm_type":"way","seamark_type":"marine_farm","display_class":"OTHER","min_zoom":12,"importance":1,"name":null,"ref":null,"common":{"type":"marine_farm"},"children":{},"osm_tags":{"aquaculture":"fish","landuse":"aquaculture","seamark:type":"marine_farm"}}},{"type":"Feature","geometry":{"type":"Polygon","coordinates":[[[120.9474501,13.9552506],[120.9474567,13.9551572],[120.9473568,13.9551506],[120.9473508,13.9552417],[120.9474501,13.9552506]]]},"properties":{"osm_id":1234613928,"osm_type":"way","seamark_type":"marine_farm","display_class":"OTHER","min_zoom":12,"importance":1,"name":null,"ref":null,"common":{"type":"marine_farm"},"children":{},"osm_tags":{"aquaculture":"fish","landuse":"aquaculture","seamark:type":"marine_farm"}}},{"type":"Feature","geometry":{"type":"Polygon","coordinates":[[[120.9477666,13.9550707],[120.9477913,13.9549803],[120.9476945,13.9549658],[120.9476709,13.9550542],[120.9477666,13.9550707]]]},"properties":{"osm_id":1234613929,"osm_type":"way","seamark_type":"marine_farm","display_class":"OTHER","min_zoom":12,"importance":1,"name":null,"ref":null,"common":{"type":"marine_farm"},"children":{},"osm_tags":{"aquaculture":"fish","landuse":"aquaculture","seamark:type":"marine_farm"}}},{"type":"Feature","geometry":{"type":"Polygon","coordinates":[[[120.9479098,13.9551185],[120.947937,13.9550287],[120.9478409,13.9550014],[120.9478149,13.9550891],[120.9479098,13.9551185]]]},"properties":{"osm_id":1234613930,"osm_type":"way","seamark_type":"marine_farm","display_class":"OTHER","min_zoom":12,"importance":1,"name":null,"ref":null,"common":{"type":"marine_farm"},"children":{},"osm_tags":{"aquaculture":"fish","landuse":"aquaculture","seamark:type":"marine_farm"}}},{"type":"Feature","geometry":{"type":"Polygon","coordinates":[[[120.9482333,13.9552246],[120.9482399,13.9551312],[120.94814,13.9551246],[120.948134,13.9552157],[120.9482333,13.9552246]]]},"properties":{"osm_id":1234613931,"osm_type":"way","seamark_type":"marine_farm","display_class":"OTHER","min_zoom":12,"importance":1,"name":null,"ref":null,"common":{"type":"marine_farm"},"children":{},"osm_tags":{"aquaculture":"fish","landuse":"aquaculture","seamark:type":"marine_farm"}}},{"type":"Feature","geometry":{"type":"Polygon","coordinates":[[[120.9482976,13.955058],[120.9483043,13.9549646],[120.9482044,13.954958],[120.9481984,13.9550491],[120.9482976,13.955058]]]},"properties":{"osm_id":1234613932,"osm_type":"way","seamark_type":"marine_farm","display_class":"OTHER","min_zoom":12,"importance":1,"name":null,"ref":null,"common":{"type":"marine_farm"},"children":{},"osm_tags":{"aquaculture":"fish","landuse":"aquaculture","seamark:type":"marine_farm"}}},{"type":"Feature","geometry":{"type":"Polygon","coordinates":[[[120.948539,13.9544541],[120.9485457,13.9543607],[120.9484458,13.9543541],[120.9484398,13.9544452],[120.948539,13.9544541]]]},"properties":{"osm_id":1234613933,"osm_type":"way","seamark_type":"marine_farm","display_class":"OTHER","min_zoom":12,"importance":1,"name":null,"ref":null,"common":{"type":"marine_farm"},"children":{},"osm_tags":{"aquaculture":"fish","landuse":"aquaculture","seamark:type":"marine_farm"}}},{"type":"Feature","geometry":{"type":"Polygon","coordinates":[[[120.9483757,13.9544767],[120.9483656,13.9543836],[120.948266,13.954394],[120.9482764,13.9544847],[120.9483757,13.9544767]]]},"properties":{"osm_id":1234613934,"osm_type":"way","seamark_type":"marine_farm","display_class":"OTHER","min_zoom":12,"importance":1,"name":null,"ref":null,"common":{"type":"marine_farm"},"children":{},"osm_tags":{"aquaculture":"fish","landuse":"aquaculture","seamark:type":"marine_farm"}}},{"type":"Feature","geometry":{"type":"Polygon","coordinates":[[[120.9480348,13.9544488],[120.9480414,13.9543555],[120.9479415,13.9543488],[120.9479356,13.95444],[120.9480348,13.9544488]]]},"properties":{"osm_id":1234613935,"osm_type":"way","seamark_type":"marine_farm","display_class":"OTHER","min_zoom":12,"importance":1,"name":null,"ref":null,"common":{"type":"marine_farm"},"children":{},"osm_tags":{"aquaculture":"fish","landuse":"aquaculture","seamark:type":"marine_farm"}}},{"type":"Feature","geometry":{"type":"Polygon","coordinates":[[[120.9483727,13.9541261],[120.9483794,13.9540327],[120.9482795,13.9540261],[120.9482735,13.9541172],[120.9483727,13.9541261]]]},"properties":{"osm_id":1234613936,"osm_type":"way","seamark_type":"marine_farm","display_class":"OTHER","min_zoom":12,"importance":1,"name":null,"ref":null,"common":{"type":"marine_farm"},"children":{},"osm_tags":{"aquaculture":"fish","landuse":"aquaculture","seamark:type":"marine_farm"}}},{"type":"Feature","geometry":{"type":"Polygon","coordinates":[[[120.94848,13.9537721],[120.9484867,13.9536787],[120.9483868,13.953672],[120.9483808,13.9537632],[120.94848,13.9537721]]]},"properties":{"osm_id":1234613937,"osm_type":"way","seamark_type":"marine_farm","display_class":"OTHER","min_zoom":12,"importance":1,"name":null,"ref":null,"common":{"type":"marine_farm"},"children":{},"osm_tags":{"aquaculture":"fish","landuse":"aquaculture","seamark:type":"marine_farm"}}},{"type":"Feature","geometry":{"type":"Polygon","coordinates":[[[120.9478299,13.954006],[120.9478477,13.953914],[120.9477492,13.9538962],[120.9477325,13.953986],[120.9478299,13.954006]]]},"properties":{"osm_id":1234613938,"osm_type":"way","seamark_type":"marine_farm","display_class":"OTHER","min_zoom":12,"importance":1,"name":null,"ref":null,"common":{"type":"marine_farm"},"children":{},"osm_tags":{"aquaculture":"fish","landuse":"aquaculture","seamark:type":"marine_farm"}}},{"type":"Feature","geometry":{"type":"Polygon","coordinates":[[[120.9481474,13.9537721],[120.9481541,13.9536787],[120.9480542,13.953672],[120.9480482,13.9537632],[120.9481474,13.9537721]]]},"properties":{"osm_id":1234613939,"osm_type":"way","seamark_type":"marine_farm","display_class":"OTHER","min_zoom":12,"importance":1,"name":null,"ref":null,"common":{"type":"marine_farm"},"children":{},"osm_tags":{"aquaculture":"fish","landuse":"aquaculture","seamark:type":"marine_farm"}}},{"type":"Feature","geometry":{"type":"Polygon","coordinates":[[[120.9477666,13.9537304],[120.9477732,13.953637],[120.9476733,13.9536304],[120.9476673,13.9537215],[120.9477666,13.9537304]]]},"properties":{"osm_id":1234613940,"osm_type":"way","seamark_type":"marine_farm","display_class":"OTHER","min_zoom":12,"importance":1,"name":null,"ref":null,"common":{"type":"marine_farm"},"children":{},"osm_tags":{"aquaculture":"fish","landuse":"aquaculture","seamark:type":"marine_farm"}}},{"type":"Feature","geometry":{"type":"Polygon","coordinates":[[[120.9478631,13.9533087],[120.9478698,13.9532153],[120.9477698,13.9532087],[120.9477639,13.9532998],[120.9478631,13.9533087]]]},"properties":{"osm_id":1234613941,"osm_type":"way","seamark_type":"marine_farm","display_class":"OTHER","min_zoom":12,"importance":1,"name":null,"ref":null,"common":{"type":"marine_farm"},"children":{},"osm_tags":{"aquaculture":"fish","landuse":"aquaculture","seamark:type":"marine_farm"}}},{"type":"Feature","geometry":{"type":"Polygon","coordinates":[[[120.9482118,13.9533608],[120.9482185,13.9532674],[120.9481185,13.9532608],[120.9481126,13.9533519],[120.9482118,13.9533608]]]},"properties":{"osm_id":1234613942,"osm_type":"way","seamark_type":"marine_farm","display_class":"OTHER","min_zoom":12,"importance":1,"name":null,"ref":null,"common":{"type":"marine_farm"},"children":{},"osm_tags":{"aquaculture":"fish","landuse":"aquaculture","seamark:type":"marine_farm"}}},{"type":"Feature","geometry":{"type":"Polygon","coordinates":[[[120.9475395,13.9532858],[120.9475683,13.9531965],[120.9474727,13.9531675],[120.9474451,13.9532548],[120.9475395,13.9532858]]]},"properties":{"osm_id":1234613943,"osm_type":"way","seamark_type":"marine_farm","display_class":"OTHER","min_zoom":12,"importance":1,"name":null,"ref":null,"common":{"type":"marine_farm"},"children":{},"osm_tags":{"aquaculture":"fish","landuse":"aquaculture","seamark:type":"marine_farm"}}},{"type":"Feature","geometry":{"type":"Polygon","coordinates":[[[120.9473901,13.9534727],[120.947424,13.953385],[120.9473302,13.9533509],[120.9472976,13.9534366],[120.9473901,13.9534727]]]},"properties":{"osm_id":1234613944,"osm_type":"way","seamark_type":"marine_farm","display_class":"OTHER","min_zoom":12,"importance":1,"name":null,"ref":null,"common":{"type":"marine_farm"},"children":{},"osm_tags":{"aquaculture":"fish","landuse":"aquaculture","seamark:type":"marine_farm"}}},{"type":"Feature","geometry":{"type":"Polygon","coordinates":[[[120.9470434,13.9534092],[120.947067,13.9533184],[120.9469698,13.9532947],[120.9469474,13.9533834],[120.9470434,13.9534092]]]},"properties":{"osm_id":1234613945,"osm_type":"way","seamark_type":"marine_farm","display_class":"OTHER","min_zoom":12,"importance":1,"name":null,"ref":null,"common":{"type":"marine_farm"},"children":{},"osm_tags":{"aquaculture":"fish","landuse":"aquaculture","seamark:type":"marine_farm"}}},{"type":"Feature","geometry":{"type":"Polygon","coordinates":[[[120.9472115,13.9531151],[120.9472686,13.9530354],[120.9471607,13.9529895],[120.947122,13.9530727],[120.9472115,13.9531151]]]},"properties":{"osm_id":1234613946,"osm_type":"way","seamark_type":"marine_farm","display_class":"OTHER","min_zoom":12,"importance":1,"name":null,"ref":null,"common":{"type":"marine_farm"},"children":{},"osm_tags":{"aquaculture":"fish","landuse":"aquaculture","seamark:type":"marine_farm"}}},{"type":"Feature","geometry":{"type":"Polygon","coordinates":[[[120.9467267,13.9529333],[120.9467452,13.9528414],[120.9466468,13.9528229],[120.9466293,13.9529126],[120.9467267,13.9529333]]]},"properties":{"osm_id":1234613947,"osm_type":"way","seamark_type":"marine_farm","display_class":"OTHER","min_zoom":12,"importance":1,"name":null,"ref":null,"common":{"type":"marine_farm"},"children":{},"osm_tags":{"aquaculture":"fish","landuse":"aquaculture","seamark:type":"marine_farm"}}},{"type":"Feature","geometry":{"type":"Polygon","coordinates":[[[120.9472794,13.9528035],[120.9473454,13.9527353],[120.9472723,13.9526688],[120.9472083,13.9527357],[120.9472794,13.9528035]]]},"properties":{"osm_id":1234613948,"osm_type":"way","seamark_type":"marine_farm","display_class":"OTHER","min_zoom":12,"importance":1,"name":null,"ref":null,"common":{"type":"marine_farm"},"children":{},"osm_tags":{"aquaculture":"fish","landuse":"aquaculture","seamark:type":"marine_farm"}}},{"type":"Feature","geometry":{"type":"Polygon","coordinates":[[[120.9474444,13.9528743],[120.9474808,13.9527876],[120.9473881,13.952751],[120.9473531,13.9528357],[120.9474444,13.9528743]]]},"properties":{"osm_id":1234613949,"osm_type":"way","seamark_type":"marine_farm","display_class":"OTHER","min_zoom":12,"importance":1,"name":null,"ref":null,"common":{"type":"marine_farm"},"children":{},"osm_tags":{"aquaculture":"fish","landuse":"aquaculture","seamark:type":"marine_farm"}}},{"type":"Feature","geometry":{"type":"Polygon","coordinates":[[[120.9476513,13.9529941],[120.9476721,13.9529027],[120.9475742,13.9528819],[120.9475545,13.9529711],[120.9476513,13.9529941]]]},"properties":{"osm_id":1234613950,"osm_type":"way","seamark_type":"marine_farm","display_class":"OTHER","min_zoom":12,"importance":1,"name":null,"ref":null,"common":{"type":"marine_farm"},"children":{},"osm_tags":{"aquaculture":"fish","landuse":"aquaculture","seamark:type":"marine_farm"}}},{"type":"Feature","geometry":{"type":"Polygon","coordinates":[[[120.9478014,13.9529812],[120.947805,13.9528876],[120.9477049,13.9528841],[120.947702,13.9529753],[120.9478014,13.9529812]]]},"properties":{"osm_id":1234613951,"osm_type":"way","seamark_type":"marine_farm","display_class":"OTHER","min_zoom":12,"importance":1,"name":null,"ref":null,"common":{"type":"marine_farm"},"children":{},"osm_tags":{"aquaculture":"fish","landuse":"aquaculture","seamark:type":"marine_farm"}}},{"type":"Feature","geometry":{"type":"Polygon","coordinates":[[[120.947985,13.9530262],[120.9479917,13.9529328],[120.9478917,13.9529262],[120.9478858,13.9530173],[120.947985,13.9530262]]]},"properties":{"osm_id":1234613952,"osm_type":"way","seamark_type":"marine_farm","display_class":"OTHER","min_zoom":12,"importance":1,"name":null,"ref":null,"common":{"type":"marine_farm"},"children":{},"osm_tags":{"aquaculture":"fish","landuse":"aquaculture","seamark:type":"marine_farm"}}},{"type":"Feature","geometry":{"type":"Polygon","coordinates":[[[120.9481702,13.9530861],[120.9481713,13.9529873],[120.9480657,13.9529643],[120.9480598,13.9530554],[120.9481702,13.9530861]]]},"properties":{"osm_id":1234613953,"osm_type":"way","seamark_type":"marine_farm","display_class":"OTHER","min_zoom":12,"importance":1,"name":null,"ref":null,"common":{"type":"marine_farm"},"children":{},"osm_tags":{"aquaculture":"fish","landuse":"aquaculture","seamark:type":"marine_farm"}}},{"type":"Feature","geometry":{"type":"Polygon","coordinates":[[[120.9483498,13.9530861],[120.9483508,13.9529873],[120.9482453,13.9529643],[120.9482394,13.9530554],[120.9483498,13.9530861]]]},"properties":{"osm_id":1234613954,"osm_type":"way","seamark_type":"marine_farm","display_class":"OTHER","min_zoom":12,"importance":1,"name":null,"ref":null,"common":{"type":"marine_farm"},"children":{},"osm_tags":{"aquaculture":"fish","landuse":"aquaculture","seamark:type":"marine_farm"}}},{"type":"Feature","geometry":{"type":"Polygon","coordinates":[[[120.9477375,13.9547384],[120.9477444,13.9546876],[120.9476097,13.954659],[120.9475979,13.9547134],[120.9477375,13.9547384]]]},"properties":{"osm_id":1234613955,"osm_type":"way","seamark_type":"marine_farm","display_class":"OTHER","min_zoom":12,"importance":1,"name":null,"ref":null,"common":{"type":"marine_farm"},"children":{},"osm_tags":{"aquaculture":"fish","landuse":"aquaculture","seamark:type":"marine_farm"}}},{"type":"Feature","geometry":{"type":"Polygon","coordinates":[[[120.9485123,13.9552792],[120.9485348,13.9551882],[120.9484374,13.9551655],[120.948416,13.9552544],[120.9485123,13.9552792]]]},"properties":{"osm_id":1234615622,"osm_type":"way","seamark_type":"marine_farm","display_class":"OTHER","min_zoom":12,"importance":1,"name":null,"ref":null,"common":{"type":"marine_farm"},"children":{},"osm_tags":{"aquaculture":"fish","landuse":"aquaculture","seamark:type":"marine_farm"}}},{"type":"Feature","geometry":{"type":"Polygon","coordinates":[[[120.9486685,13.9548936],[120.9486323,13.9548069],[120.9485395,13.9548434],[120.9485753,13.9549278],[120.9486685,13.9548936]]]},"properties":{"osm_id":1234615623,"osm_type":"way","seamark_type":"marine_farm","display_class":"OTHER","min_zoom":12,"importance":1,"name":null,"ref":null,"common":{"type":"marine_farm"},"children":{},"osm_tags":{"aquaculture":"fish","landuse":"aquaculture","seamark:type":"marine_farm"}}},{"type":"Feature","geometry":{"type":"Polygon","coordinates":[[[120.9487748,13.9544696],[120.9487688,13.9543761],[120.9486688,13.9543823],[120.9486752,13.9544734],[120.9487748,13.9544696]]]},"properties":{"osm_id":1234615624,"osm_type":"way","seamark_type":"marine_farm","display_class":"OTHER","min_zoom":12,"importance":1,"name":null,"ref":null,"common":{"type":"marine_farm"},"children":{},"osm_tags":{"aquaculture":"fish","landuse":"aquaculture","seamark:type":"marine_farm"}}},{"type":"Feature","geometry":{"type":"Polygon","coordinates":[[[120.9490634,13.9545956],[120.9490701,13.9545023],[120.9489701,13.9544956],[120.9489642,13.9545867],[120.9490634,13.9545956]]]},"properties":{"osm_id":1234615625,"osm_type":"way","seamark_type":"marine_farm","display_class":"OTHER","min_zoom":12,"importance":1,"name":null,"ref":null,"common":{"type":"marine_farm"},"children":{},"osm_tags":{"aquaculture":"fish","landuse":"aquaculture","seamark:type":"marine_farm"}}},{"type":"Feature","geometry":{"type":"Polygon","coordinates":[[[120.9491187,13.9549285],[120.9491705,13.9548496],[120.949086,13.9547974],[120.9490359,13.9548747],[120.9491187,13.9549285]]]},"properties":{"osm_id":1234615626,"osm_type":"way","seamark_type":"marine_farm","display_class":"OTHER","min_zoom":12,"importance":1,"name":null,"ref":null,"common":{"type":"marine_farm"},"children":{},"osm_tags":{"aquaculture":"fish","landuse":"aquaculture","seamark:type":"marine_farm"}}},{"type":"Feature","geometry":{"type":"Polygon","coordinates":[[[120.9494094,13.9550368],[120.9494383,13.9549475],[120.9493427,13.9549185],[120.949315,13.9550057],[120.9494094,13.9550368]]]},"properties":{"osm_id":1234615627,"osm_type":"way","seamark_type":"marine_farm","display_class":"OTHER","min_zoom":12,"importance":1,"name":null,"ref":null,"common":{"type":"marine_farm"},"children":{},"osm_tags":{"aquaculture":"fish","landuse":"aquaculture","seamark:type":"marine_farm"}}},{"type":"Feature","geometry":{"type":"Polygon","coordinates":[[[120.9496853,13.9551776],[120.949733,13.9550963],[120.949646,13.9550482],[120.9495999,13.9551278],[120.9496853,13.9551776]]]},"properties":{"osm_id":1234615628,"osm_type":"way","seamark_type":"marine_farm","display_class":"OTHER","min_zoom":12,"importance":1,"name":null,"ref":null,"common":{"type":"marine_farm"},"children":{},"osm_tags":{"aquaculture":"fish","landuse":"aquaculture","seamark:type":"marine_farm"}}},{"type":"Feature","geometry":{"type":"Polygon","coordinates":[[[120.9499593,13.9553609],[120.9499659,13.9552676],[120.949866,13.9552609],[120.94986,13.955352],[120.9499593,13.9553609]]]},"properties":{"osm_id":1234615629,"osm_type":"way","seamark_type":"marine_farm","display_class":"OTHER","min_zoom":12,"importance":1,"name":null,"ref":null,"common":{"type":"marine_farm"},"children":{},"osm_tags":{"aquaculture":"fish","landuse":"aquaculture","seamark:type":"marine_farm"}}},{"type":"Feature","geometry":{"type":"Polygon","coordinates":[[[120.9500076,13.9549236],[120.9500142,13.9548302],[120.9499143,13.9548236],[120.9499083,13.9549147],[120.9500076,13.9549236]]]},"properties":{"osm_id":1234615630,"osm_type":"way","seamark_type":"marine_farm","display_class":"OTHER","min_zoom":12,"importance":1,"name":null,"ref":null,"common":{"type":"marine_farm"},"children":{},"osm_tags":{"aquaculture":"fish","landuse":"aquaculture","seamark:type":"marine_farm"}}},{"type":"Feature","geometry":{"type":"Polygon","coordinates":[[[120.9497876,13.954731],[120.9497943,13.9546376],[120.9496943,13.954631],[120.9496884,13.9547221],[120.9497876,13.954731]]]},"properties":{"osm_id":1234615631,"osm_type":"way","seamark_type":"marine_farm","display_class":"OTHER","min_zoom":12,"importance":1,"name":null,"ref":null,"common":{"type":"marine_farm"},"children":{},"osm_tags":{"aquaculture":"fish","landuse":"aquaculture","seamark:type":"marine_farm"}}},{"type":"Feature","geometry":{"type":"Polygon","coordinates":[[[120.9495408,13.954705],[120.9495475,13.9546116],[120.9494476,13.954605],[120.9494416,13.9546961],[120.9495408,13.954705]]]},"properties":{"osm_id":1234615632,"osm_type":"way","seamark_type":"marine_farm","display_class":"OTHER","min_zoom":12,"importance":1,"name":null,"ref":null,"common":{"type":"marine_farm"},"children":{},"osm_tags":{"aquaculture":"fish","landuse":"aquaculture","seamark:type":"marine_farm"}}},{"type":"Feature","geometry":{"type":"Polygon","coordinates":[[[120.9486933,13.9541948],[120.9486999,13.9541014],[120.9486,13.9540948],[120.948594,13.9541859],[120.9486933,13.9541948]]]},"properties":{"osm_id":1234615633,"osm_type":"way","seamark_type":"marine_farm","display_class":"OTHER","min_zoom":12,"importance":1,"name":null,"ref":null,"common":{"type":"marine_farm"},"children":{},"osm_tags":{"aquaculture":"fish","landuse":"aquaculture","seamark:type":"marine_farm"}}},{"type":"Feature","geometry":{"type":"Polygon","coordinates":[[[120.9488473,13.9542104],[120.9488659,13.9541185],[120.9487676,13.9540999],[120.94875,13.9541895],[120.9488473,13.9542104]]]},"properties":{"osm_id":1234615634,"osm_type":"way","seamark_type":"marine_farm","display_class":"OTHER","min_zoom":12,"importance":1,"name":null,"ref":null,"common":{"type":"marine_farm"},"children":{},"osm_tags":{"aquaculture":"fish","landuse":"aquaculture","seamark:type":"marine_farm"}}},{"type":"Feature","geometry":{"type":"Polygon","coordinates":[[[120.9491405,13.954222],[120.9491621,13.9541308],[120.9490645,13.9541091],[120.949044,13.9541982],[120.9491405,13.954222]]]},"properties":{"osm_id":1234615635,"osm_type":"way","seamark_type":"marine_farm","display_class":"OTHER","min_zoom":12,"importance":1,"name":null,"ref":null,"common":{"type":"marine_farm"},"children":{},"osm_tags":{"aquaculture":"fish","landuse":"aquaculture","seamark:type":"marine_farm"}}},{"type":"Feature","geometry":{"type":"Polygon","coordinates":[[[120.9494817,13.9543458],[120.9495147,13.9542578],[120.9494205,13.9542247],[120.9493889,13.9543106],[120.9494817,13.9543458]]]},"properties":{"osm_id":1234615636,"osm_type":"way","seamark_type":"marine_farm","display_class":"OTHER","min_zoom":12,"importance":1,"name":null,"ref":null,"common":{"type":"marine_farm"},"children":{},"osm_tags":{"aquaculture":"fish","landuse":"aquaculture","seamark:type":"marine_farm"}}},{"type":"Feature","geometry":{"type":"Polygon","coordinates":[[[120.9498433,13.9543536],[120.9498559,13.9542608],[120.9497566,13.9542482],[120.9497449,13.9543388],[120.9498433,13.9543536]]]},"properties":{"osm_id":1234615637,"osm_type":"way","seamark_type":"marine_farm","display_class":"OTHER","min_zoom":12,"importance":1,"name":null,"ref":null,"common":{"type":"marine_farm"},"children":{},"osm_tags":{"aquaculture":"fish","landuse":"aquaculture","seamark:type":"marine_farm"}}},{"type":"Feature","geometry":{"type":"Polygon","coordinates":[[[120.9489009,13.9538981],[120.9489196,13.9538063],[120.9488214,13.9537875],[120.9488036,13.9538771],[120.9489009,13.9538981]]]},"properties":{"osm_id":1234615638,"osm_type":"way","seamark_type":"marine_farm","display_class":"OTHER","min_zoom":12,"importance":1,"name":null,"ref":null,"common":{"type":"marine_farm"},"children":{},"osm_tags":{"aquaculture":"fish","landuse":"aquaculture","seamark:type":"marine_farm"}}},{"type":"Feature","geometry":{"type":"Polygon","coordinates":[[[120.9494443,13.9538824],[120.9494509,13.953789],[120.949351,13.9537824],[120.9493451,13.9538735],[120.9494443,13.9538824]]]},"properties":{"osm_id":1234615639,"osm_type":"way","seamark_type":"marine_farm","display_class":"OTHER","min_zoom":12,"importance":1,"name":null,"ref":null,"common":{"type":"marine_farm"},"children":{},"osm_tags":{"aquaculture":"fish","landuse":"aquaculture","seamark:type":"marine_farm"}}},{"type":"Feature","geometry":{"type":"Polygon","coordinates":[[[120.949793,13.9538928],[120.9497996,13.9537994],[120.9496997,13.9537928],[120.9496937,13.9538839],[120.949793,13.9538928]]]},"properties":{"osm_id":1234615640,"osm_type":"way","seamark_type":"marine_farm","display_class":"OTHER","min_zoom":12,"importance":1,"name":null,"ref":null,"common":{"type":"marine_farm"},"children":{},"osm_tags":{"aquaculture":"fish","landuse":"aquaculture","seamark:type":"marine_farm"}}},{"type":"Feature","geometry":{"type":"Polygon","coordinates":[[[120.9486772,13.9534527],[120.948702,13.9533622],[120.9486051,13.9533373],[120.9485815,13.9534257],[120.9486772,13.9534527]]]},"properties":{"osm_id":1234615641,"osm_type":"way","seamark_type":"marine_farm","display_class":"OTHER","min_zoom":12,"importance":1,"name":null,"ref":null,"common":{"type":"marine_farm"},"children":{},"osm_tags":{"aquaculture":"fish","landuse":"aquaculture","seamark:type":"marine_farm"}}},{"type":"Feature","geometry":{"type":"Polygon","coordinates":[[[120.9493436,13.9535434],[120.9493746,13.9534547],[120.9492797,13.9534236],[120.94925,13.9535102],[120.9493436,13.9535434]]]},"properties":{"osm_id":1234615642,"osm_type":"way","seamark_type":"marine_farm","display_class":"OTHER","min_zoom":12,"importance":1,"name":null,"ref":null,"common":{"type":"marine_farm"},"children":{},"osm_tags":{"aquaculture":"fish","landuse":"aquaculture","seamark:type":"marine_farm"}}},{"type":"Feature","geometry":{"type":"Polygon","coordinates":[[[120.9498627,13.9535284],[120.9498694,13.953435],[120.9497694,13.9534284],[120.9497635,13.9535195],[120.9498627,13.9535284]]]},"properties":{"osm_id":1234615643,"osm_type":"way","seamark_type":"marine_farm","display_class":"OTHER","min_zoom":12,"importance":1,"name":null,"ref":null,"common":{"type":"marine_farm"},"children":{},"osm_tags":{"aquaculture":"fish","landuse":"aquaculture","seamark:type":"marine_farm"}}},{"type":"Feature","geometry":{"type":"Polygon","coordinates":[[[120.9486929,13.952857],[120.9486995,13.9527636],[120.9485996,13.952757],[120.9485937,13.9528481],[120.9486929,13.952857]]]},"properties":{"osm_id":1234615644,"osm_type":"way","seamark_type":"marine_farm","display_class":"OTHER","min_zoom":12,"importance":1,"name":null,"ref":null,"common":{"type":"marine_farm"},"children":{},"osm_tags":{"aquaculture":"fish","landuse":"aquaculture","seamark:type":"marine_farm"}}},{"type":"Feature","geometry":{"type":"Polygon","coordinates":[[[120.9488887,13.9529032],[120.9488953,13.9528098],[120.9487954,13.9528032],[120.9487894,13.9528943],[120.9488887,13.9529032]]]},"properties":{"osm_id":1234615645,"osm_type":"way","seamark_type":"marine_farm","display_class":"OTHER","min_zoom":12,"importance":1,"name":null,"ref":null,"common":{"type":"marine_farm"},"children":{},"osm_tags":{"aquaculture":"fish","landuse":"aquaculture","seamark:type":"marine_farm"}}},{"type":"Feature","geometry":{"type":"Polygon","coordinates":[[[120.9491585,13.9528621],[120.9491651,13.9527687],[120.9490652,13.9527621],[120.9490593,13.9528532],[120.9491585,13.9528621]]]},"properties":{"osm_id":1234615646,"osm_type":"way","seamark_type":"marine_farm","display_class":"OTHER","min_zoom":12,"importance":1,"name":null,"ref":null,"common":{"type":"marine_farm"},"children":{},"osm_tags":{"aquaculture":"fish","landuse":"aquaculture","seamark:type":"marine_farm"}}},{"type":"Feature","geometry":{"type":"Polygon","coordinates":[[[120.9495659,13.9528724],[120.9495725,13.952779],[120.9494726,13.9527724],[120.9494667,13.9528635],[120.9495659,13.9528724]]]},"properties":{"osm_id":1234615647,"osm_type":"way","seamark_type":"marine_farm","display_class":"OTHER","min_zoom":12,"importance":1,"name":null,"ref":null,"common":{"type":"marine_farm"},"children":{},"osm_tags":{"aquaculture":"fish","landuse":"aquaculture","seamark:type":"marine_farm"}}},{"type":"Feature","geometry":{"type":"Polygon","coordinates":[[[120.9497881,13.9528724],[120.9497947,13.952779],[120.9496948,13.9527724],[120.9496889,13.9528635],[120.9497881,13.9528724]]]},"properties":{"osm_id":1234615648,"osm_type":"way","seamark_type":"marine_farm","display_class":"OTHER","min_zoom":12,"importance":1,"name":null,"ref":null,"common":{"type":"marine_farm"},"children":{},"osm_tags":{"aquaculture":"fish","landuse":"aquaculture","seamark:type":"marine_farm"}}},{"type":"Feature","geometry":{"type":"Polygon","coordinates":[[[120.949423,13.9531856],[120.9494297,13.9530922],[120.9493298,13.9530856],[120.9493238,13.9531767],[120.949423,13.9531856]]]},"properties":{"osm_id":1234615649,"osm_type":"way","seamark_type":"marine_farm","display_class":"OTHER","min_zoom":12,"importance":1,"name":null,"ref":null,"common":{"type":"marine_farm"},"children":{},"osm_tags":{"aquaculture":"fish","landuse":"aquaculture","seamark:type":"marine_farm"}}},{"type":"Feature","geometry":{"type":"Polygon","coordinates":[[[120.9496049,13.953168],[120.9495971,13.9530747],[120.9494972,13.9530827],[120.9495054,13.9531737],[120.9496049,13.953168]]]},"properties":{"osm_id":1234615650,"osm_type":"way","seamark_type":"marine_farm","display_class":"OTHER","min_zoom":12,"importance":1,"name":null,"ref":null,"common":{"type":"marine_farm"},"children":{},"osm_tags":{"aquaculture":"fish","landuse":"aquaculture","seamark:type":"marine_farm"}}},{"type":"Feature","geometry":{"type":"Polygon","coordinates":[[[120.9498643,13.9532051],[120.9498937,13.9531159],[120.9497982,13.9530864],[120.9497701,13.9531736],[120.9498643,13.9532051]]]},"properties":{"osm_id":1234615651,"osm_type":"way","seamark_type":"marine_farm","display_class":"OTHER","min_zoom":12,"importance":1,"name":null,"ref":null,"common":{"type":"marine_farm"},"children":{},"osm_tags":{"aquaculture":"fish","landuse":"aquaculture","seamark:type":"marine_farm"}}},{"type":"Feature","geometry":{"type":"Polygon","coordinates":[[[120.9500543,13.9532516],[120.9500844,13.9531626],[120.9499892,13.9531324],[120.9499603,13.9532192],[120.9500543,13.9532516]]]},"properties":{"osm_id":1234615652,"osm_type":"way","seamark_type":"marine_farm","display_class":"OTHER","min_zoom":12,"importance":1,"name":null,"ref":null,"common":{"type":"marine_farm"},"children":{},"osm_tags":{"aquaculture":"fish","landuse":"aquaculture","seamark:type":"marine_farm"}}},{"type":"Feature","geometry":{"type":"Polygon","coordinates":[[[120.950296,13.9535707],[120.9503027,13.9534773],[120.9502027,13.9534707],[120.9501968,13.9535618],[120.950296,13.9535707]]]},"properties":{"osm_id":1234615653,"osm_type":"way","seamark_type":"marine_farm","display_class":"OTHER","min_zoom":12,"importance":1,"name":null,"ref":null,"common":{"type":"marine_farm"},"children":{},"osm_tags":{"aquaculture":"fish","landuse":"aquaculture","seamark:type":"marine_farm"}}},{"type":"Feature","geometry":{"type":"Polygon","coordinates":[[[120.9502484,13.9528724],[120.9502551,13.952779],[120.9501551,13.9527724],[120.9501492,13.9528635],[120.9502484,13.9528724]]]},"properties":{"osm_id":1234615654,"osm_type":"way","seamark_type":"marine_farm","display_class":"OTHER","min_zoom":12,"importance":1,"name":null,"ref":null,"common":{"type":"marine_farm"},"children":{},"osm_tags":{"aquaculture":"fish","landuse":"aquaculture","seamark:type":"marine_farm"}}},{"type":"Feature","geometry":{"type":"Polygon","coordinates":[[[120.9504706,13.952857],[120.9504773,13.9527636],[120.9503773,13.952757],[120.9503714,13.9528481],[120.9504706,13.952857]]]},"properties":{"osm_id":1234615655,"osm_type":"way","seamark_type":"marine_farm","display_class":"OTHER","min_zoom":12,"importance":1,"name":null,"ref":null,"common":{"type":"marine_farm"},"children":{},"osm_tags":{"aquaculture":"fish","landuse":"aquaculture","seamark:type":"marine_farm"}}},{"type":"Feature","geometry":{"type":"Polygon","coordinates":[[[120.9507828,13.9529597],[120.9507894,13.9528663],[120.9506895,13.9528597],[120.9506836,13.9529508],[120.9507828,13.9529597]]]},"properties":{"osm_id":1234615656,"osm_type":"way","seamark_type":"marine_farm","display_class":"OTHER","min_zoom":12,"importance":1,"name":null,"ref":null,"common":{"type":"marine_farm"},"children":{},"osm_tags":{"aquaculture":"fish","landuse":"aquaculture","seamark:type":"marine_farm"}}},{"type":"Feature","geometry":{"type":"Polygon","coordinates":[[[120.9512219,13.9529135],[120.9512286,13.9528201],[120.9511287,13.9528134],[120.9511227,13.9529046],[120.9512219,13.9529135]]]},"properties":{"osm_id":1234615657,"osm_type":"way","seamark_type":"marine_farm","display_class":"OTHER","min_zoom":12,"importance":1,"name":null,"ref":null,"common":{"type":"marine_farm"},"children":{},"osm_tags":{"aquaculture":"fish","landuse":"aquaculture","seamark:type":"marine_farm"}}},{"type":"Feature","geometry":{"type":"Polygon","coordinates":[[[120.9509151,13.9532934],[120.9509217,13.9532],[120.9508218,13.9531934],[120.9508158,13.9532845],[120.9509151,13.9532934]]]},"properties":{"osm_id":1234615658,"osm_type":"way","seamark_type":"marine_farm","display_class":"OTHER","min_zoom":12,"importance":1,"name":null,"ref":null,"common":{"type":"marine_farm"},"children":{},"osm_tags":{"aquaculture":"fish","landuse":"aquaculture","seamark:type":"marine_farm"}}},{"type":"Feature","geometry":{"type":"Polygon","coordinates":[[[120.9505235,13.9532832],[120.9505302,13.9531898],[120.9504303,13.9531831],[120.9504243,13.9532743],[120.9505235,13.9532832]]]},"properties":{"osm_id":1234615659,"osm_type":"way","seamark_type":"marine_farm","display_class":"OTHER","min_zoom":12,"importance":1,"name":null,"ref":null,"common":{"type":"marine_farm"},"children":{},"osm_tags":{"aquaculture":"fish","landuse":"aquaculture","seamark:type":"marine_farm"}}},{"type":"Feature","geometry":{"type":"Polygon","coordinates":[[[120.9502959,13.9538797],[120.9502673,13.9537903],[120.9501716,13.9538192],[120.9502001,13.9539062],[120.9502959,13.9538797]]]},"properties":{"osm_id":1234615660,"osm_type":"way","seamark_type":"marine_farm","display_class":"OTHER","min_zoom":12,"importance":1,"name":null,"ref":null,"common":{"type":"marine_farm"},"children":{},"osm_tags":{"aquaculture":"fish","landuse":"aquaculture","seamark:type":"marine_farm"}}},{"type":"Feature","geometry":{"type":"Polygon","coordinates":[[[120.9507087,13.9539558],[120.9507154,13.9538624],[120.9506154,13.9538558],[120.9506095,13.9539469],[120.9507087,13.9539558]]]},"properties":{"osm_id":1234615661,"osm_type":"way","seamark_type":"marine_farm","display_class":"OTHER","min_zoom":12,"importance":1,"name":null,"ref":null,"common":{"type":"marine_farm"},"children":{},"osm_tags":{"aquaculture":"fish","landuse":"aquaculture","seamark:type":"marine_farm"}}},{"type":"Feature","geometry":{"type":"Polygon","coordinates":[[[120.9501161,13.9544025],[120.9501228,13.9543091],[120.9500229,13.9543025],[120.9500169,13.9543936],[120.9501161,13.9544025]]]},"properties":{"osm_id":1234615662,"osm_type":"way","seamark_type":"marine_farm","display_class":"OTHER","min_zoom":12,"importance":1,"name":null,"ref":null,"common":{"type":"marine_farm"},"children":{},"osm_tags":{"aquaculture":"fish","landuse":"aquaculture","seamark:type":"marine_farm"}}},{"type":"Feature","geometry":{"type":"Polygon","coordinates":[[[120.9504283,13.954459],[120.9504349,13.9543656],[120.950335,13.954359],[120.9503291,13.9544501],[120.9504283,13.954459]]]},"properties":{"osm_id":1234615663,"osm_type":"way","seamark_type":"marine_farm","display_class":"OTHER","min_zoom":12,"importance":1,"name":null,"ref":null,"common":{"type":"marine_farm"},"children":{},"osm_tags":{"aquaculture":"fish","landuse":"aquaculture","seamark:type":"marine_farm"}}},{"type":"Feature","geometry":{"type":"Polygon","coordinates":[[[120.9510014,13.9543996],[120.9510024,13.9544227],[120.9510114,13.9544442],[120.9510274,13.9544613],[120.9510485,13.9544722],[120.9510721,13.9544754],[120.9510954,13.9544707],[120.9511157,13.9544586],[120.9511295,13.9544422],[120.9511374,13.9544226],[120.9511386,13.9544015],[120.951133,13.9543811],[120.9511211,13.9543634],[120.9511041,13.9543502],[120.9510838,13.9543427],[120.951062,13.9543418],[120.9510411,13.9543475],[120.951023,13.9543592],[120.9510085,13.9543776],[120.9510014,13.9543996]]]},"properties":{"osm_id":1234615664,"osm_type":"way","seamark_type":"marine_farm","display_class":"OTHER","min_zoom":12,"importance":1,"name":null,"ref":null,"common":{"type":"marine_farm"},"children":{},"osm_tags":{"aquaculture":"fish","landuse":"aquaculture","seamark:type":"marine_farm"}}},{"type":"Feature","geometry":{"type":"Polygon","coordinates":[[[120.9511654,13.9539478],[120.9511664,13.9539709],[120.9511754,13.9539923],[120.9511914,13.9540095],[120.9512125,13.9540203],[120.9512361,13.9540236],[120.9512594,13.9540188],[120.9512797,13.9540067],[120.9512935,13.9539904],[120.9513014,13.9539707],[120.9513026,13.9539496],[120.951297,13.9539292],[120.9512851,13.9539116],[120.9512681,13.9538983],[120.9512478,13.9538909],[120.9512261,13.9538899],[120.9512051,13.9538956],[120.951187,13.9539073],[120.9511725,13.9539257],[120.9511654,13.9539478]]]},"properties":{"osm_id":1234615665,"osm_type":"way","seamark_type":"marine_farm","display_class":"OTHER","min_zoom":12,"importance":1,"name":null,"ref":null,"common":{"type":"marine_farm"},"children":{},"osm_tags":{"aquaculture":"fish","landuse":"aquaculture","seamark:type":"marine_farm"}}},{"type":"Feature","geometry":{"type":"Polygon","coordinates":[[[120.9504812,13.9550392],[120.9504879,13.9549459],[120.9503879,13.9549392],[120.950382,13.9550303],[120.9504812,13.9550392]]]},"properties":{"osm_id":1234615666,"osm_type":"way","seamark_type":"marine_farm","display_class":"OTHER","min_zoom":12,"importance":1,"name":null,"ref":null,"common":{"type":"marine_farm"},"children":{},"osm_tags":{"aquaculture":"fish","landuse":"aquaculture","seamark:type":"marine_farm"}}},{"type":"Feature","geometry":{"type":"Polygon","coordinates":[[[120.9507299,13.9551009],[120.9507365,13.9550075],[120.9506366,13.9550008],[120.9506307,13.955092],[120.9507299,13.9551009]]]},"properties":{"osm_id":1234615667,"osm_type":"way","seamark_type":"marine_farm","display_class":"OTHER","min_zoom":12,"importance":1,"name":null,"ref":null,"common":{"type":"marine_farm"},"children":{},"osm_tags":{"aquaculture":"fish","landuse":"aquaculture","seamark:type":"marine_farm"}}},{"type":"Feature","geometry":{"type":"Polygon","coordinates":[[[120.9502272,13.9550084],[120.9502339,13.954915],[120.950134,13.9549084],[120.950128,13.9549995],[120.9502272,13.9550084]]]},"properties":{"osm_id":1234615668,"osm_type":"way","seamark_type":"marine_farm","display_class":"OTHER","min_zoom":12,"importance":1,"name":null,"ref":null,"common":{"type":"marine_farm"},"children":{},"osm_tags":{"aquaculture":"fish","landuse":"aquaculture","seamark:type":"marine_farm"}}},{"type":"Feature","geometry":{"type":"Polygon","coordinates":[[[120.9501466,13.9553453],[120.9501731,13.9552552],[120.9500768,13.9552287],[120.9500515,13.9553166],[120.9501466,13.9553453]]]},"properties":{"osm_id":1234615669,"osm_type":"way","seamark_type":"marine_farm","display_class":"OTHER","min_zoom":12,"importance":1,"name":null,"ref":null,"common":{"type":"marine_farm"},"children":{},"osm_tags":{"aquaculture":"fish","landuse":"aquaculture","seamark:type":"marine_farm"}}},{"type":"Feature","geometry":{"type":"Polygon","coordinates":[[[120.9509785,13.9551727],[120.9509852,13.9550794],[120.9508853,13.9550727],[120.9508793,13.9551638],[120.9509785,13.9551727]]]},"properties":{"osm_id":1234615670,"osm_type":"way","seamark_type":"marine_farm","display_class":"OTHER","min_zoom":12,"importance":1,"name":null,"ref":null,"common":{"type":"marine_farm"},"children":{},"osm_tags":{"aquaculture":"fish","landuse":"aquaculture","seamark:type":"marine_farm"}}},{"type":"Feature","geometry":{"type":"Polygon","coordinates":[[[120.9512748,13.9551881],[120.9512815,13.9550948],[120.9511816,13.9550881],[120.9511756,13.9551792],[120.9512748,13.9551881]]]},"properties":{"osm_id":1234615671,"osm_type":"way","seamark_type":"marine_farm","display_class":"OTHER","min_zoom":12,"importance":1,"name":null,"ref":null,"common":{"type":"marine_farm"},"children":{},"osm_tags":{"aquaculture":"fish","landuse":"aquaculture","seamark:type":"marine_farm"}}},{"type":"Feature","geometry":{"type":"Polygon","coordinates":[[[120.9505394,13.9554449],[120.9505461,13.9553669],[120.9504567,13.9553449],[120.9504508,13.9554308],[120.9505394,13.9554449]]]},"properties":{"osm_id":1234615672,"osm_type":"way","seamark_type":"marine_farm","display_class":"OTHER","min_zoom":12,"importance":1,"name":null,"ref":null,"common":{"type":"marine_farm"},"children":{},"osm_tags":{"aquaculture":"fish","landuse":"aquaculture","seamark:type":"marine_farm"}}},{"type":"Feature","geometry":{"type":"Polygon","coordinates":[[[120.9504391,13.9538083],[120.95045,13.9537738],[120.9504002,13.953757],[120.9503901,13.9537913],[120.9504391,13.9538083]]]},"properties":{"osm_id":1234615673,"osm_type":"way","seamark_type":"marine_farm","display_class":"OTHER","min_zoom":12,"importance":1,"name":null,"ref":null,"common":{"type":"marine_farm"},"children":{},"osm_tags":{"aquaculture":"fish","landuse":"aquaculture","seamark:type":"marine_farm"}}},{"type":"Feature","geometry":{"type":"Polygon","coordinates":[[[120.9516544,13.9552985],[120.9516611,13.9552051],[120.9515611,13.9551985],[120.9515552,13.9552896],[120.9516544,13.9552985]]]},"properties":{"osm_id":1234616266,"osm_type":"way","seamark_type":"marine_farm","display_class":"OTHER","min_zoom":12,"importance":1,"name":null,"ref":null,"common":{"type":"marine_farm"},"children":{},"osm_tags":{"aquaculture":"fish","landuse":"aquaculture","seamark:type":"marine_farm"}}},{"type":"Feature","geometry":{"type":"Polygon","coordinates":[[[120.9520836,13.9553297],[120.9520902,13.9552363],[120.9519903,13.9552297],[120.9519844,13.9553208],[120.9520836,13.9553297]]]},"properties":{"osm_id":1234616267,"osm_type":"way","seamark_type":"marine_farm","display_class":"OTHER","min_zoom":12,"importance":1,"name":null,"ref":null,"common":{"type":"marine_farm"},"children":{},"osm_tags":{"aquaculture":"fish","landuse":"aquaculture","seamark:type":"marine_farm"}}},{"type":"Feature","geometry":{"type":"Polygon","coordinates":[[[120.9528239,13.9552672],[120.9528305,13.9551738],[120.9527306,13.9551672],[120.9527246,13.9552583],[120.9528239,13.9552672]]]},"properties":{"osm_id":1234616268,"osm_type":"way","seamark_type":"marine_farm","display_class":"OTHER","min_zoom":12,"importance":1,"name":null,"ref":null,"common":{"type":"marine_farm"},"children":{},"osm_tags":{"aquaculture":"fish","landuse":"aquaculture","seamark:type":"marine_farm"}}},{"type":"Feature","geometry":{"type":"Polygon","coordinates":[[[120.9529741,13.9554026],[120.9529807,13.9553092],[120.9528808,13.9553026],[120.9528748,13.9553937],[120.9529741,13.9554026]]]},"properties":{"osm_id":1234616269,"osm_type":"way","seamark_type":"marine_farm","display_class":"OTHER","min_zoom":12,"importance":1,"name":null,"ref":null,"common":{"type":"marine_farm"},"children":{},"osm_tags":{"aquaculture":"fish","landuse":"aquaculture","seamark:type":"marine_farm"}}},{"type":"Feature","geometry":{"type":"Polygon","coordinates":[[[120.9529552,13.9549327],[120.9529842,13.9548435],[120.9528887,13.9548143],[120.9528609,13.9549015],[120.9529552,13.9549327]]]},"properties":{"osm_id":1234616270,"osm_type":"way","seamark_type":"marine_farm","display_class":"OTHER","min_zoom":12,"importance":1,"name":null,"ref":null,"common":{"type":"marine_farm"},"children":{},"osm_tags":{"aquaculture":"fish","landuse":"aquaculture","seamark:type":"marine_farm"}}},{"type":"Feature","geometry":{"type":"Polygon","coordinates":[[[120.9524913,13.9546894],[120.9524979,13.954596],[120.952398,13.9545893],[120.9523921,13.9546805],[120.9524913,13.9546894]]]},"properties":{"osm_id":1234616271,"osm_type":"way","seamark_type":"marine_farm","display_class":"OTHER","min_zoom":12,"importance":1,"name":null,"ref":null,"common":{"type":"marine_farm"},"children":{},"osm_tags":{"aquaculture":"fish","landuse":"aquaculture","seamark:type":"marine_farm"}}},{"type":"Feature","geometry":{"type":"Polygon","coordinates":[[[120.9519334,13.9541531],[120.95194,13.9540597],[120.9518401,13.9540531],[120.9518342,13.9541442],[120.9519334,13.9541531]]]},"properties":{"osm_id":1234616272,"osm_type":"way","seamark_type":"marine_farm","display_class":"OTHER","min_zoom":12,"importance":1,"name":null,"ref":null,"common":{"type":"marine_farm"},"children":{},"osm_tags":{"aquaculture":"fish","landuse":"aquaculture","seamark:type":"marine_farm"}}},{"type":"Feature","geometry":{"type":"Polygon","coordinates":[[[120.9515969,13.9544777],[120.9515979,13.9545008],[120.9516069,13.9545223],[120.9516229,13.9545394],[120.951644,13.9545503],[120.9516676,13.9545535],[120.9516909,13.9545488],[120.9517112,13.9545367],[120.951725,13.9545203],[120.9517329,13.9545007],[120.9517341,13.9544796],[120.9517285,13.9544592],[120.9517166,13.9544415],[120.9516996,13.9544283],[120.9516793,13.9544208],[120.9516575,13.9544199],[120.9516366,13.9544256],[120.9516185,13.9544373],[120.951604,13.9544557],[120.9515969,13.9544777]]]},"properties":{"osm_id":1234616273,"osm_type":"way","seamark_type":"marine_farm","display_class":"OTHER","min_zoom":12,"importance":1,"name":null,"ref":null,"common":{"type":"marine_farm"},"children":{},"osm_tags":{"aquaculture":"fish","landuse":"aquaculture","seamark:type":"marine_farm"}}},{"type":"Feature","geometry":{"type":"Polygon","coordinates":[[[120.9537693,13.9549381],[120.9537735,13.9548446],[120.9536735,13.9548404],[120.9536699,13.9549316],[120.9537693,13.9549381]]]},"properties":{"osm_id":1234616274,"osm_type":"way","seamark_type":"marine_farm","display_class":"OTHER","min_zoom":12,"importance":1,"name":null,"ref":null,"common":{"type":"marine_farm"},"children":{},"osm_tags":{"aquaculture":"fish","landuse":"aquaculture","seamark:type":"marine_farm"}}},{"type":"Feature","geometry":{"type":"Polygon","coordinates":[[[120.9534574,13.9553865],[120.953463,13.955293],[120.9533631,13.9552875],[120.9533581,13.9553786],[120.9534574,13.9553865]]]},"properties":{"osm_id":1234616275,"osm_type":"way","seamark_type":"marine_farm","display_class":"OTHER","min_zoom":12,"importance":1,"name":null,"ref":null,"common":{"type":"marine_farm"},"children":{},"osm_tags":{"aquaculture":"fish","landuse":"aquaculture","seamark:type":"marine_farm"}}},{"type":"Feature","geometry":{"type":"Polygon","coordinates":[[[120.9554265,13.9565471],[120.9554315,13.9564536],[120.9553314,13.9564487],[120.9553272,13.9565399],[120.9554265,13.9565471]]]},"properties":{"osm_id":1234617211,"osm_type":"way","seamark_type":"marine_farm","display_class":"OTHER","min_zoom":12,"importance":1,"name":null,"ref":null,"common":{"type":"marine_farm"},"children":{},"osm_tags":{"aquaculture":"fish","landuse":"aquaculture","seamark:type":"marine_farm"}}},{"type":"Feature","geometry":{"type":"Polygon","coordinates":[[[120.9546112,13.9562816],[120.9546107,13.9561933],[120.954516,13.9561832],[120.9545118,13.9562744],[120.9546112,13.9562816]]]},"properties":{"osm_id":1234617212,"osm_type":"way","seamark_type":"marine_farm","display_class":"OTHER","min_zoom":12,"importance":1,"name":null,"ref":null,"common":{"type":"marine_farm"},"children":{},"osm_tags":{"aquaculture":"fish","landuse":"aquaculture","seamark:type":"marine_farm"}}},{"type":"Feature","geometry":{"type":"Polygon","coordinates":[[[120.9541112,13.9566043],[120.9541275,13.956512],[120.9540288,13.9564956],[120.9540134,13.9565857],[120.9541112,13.9566043]]]},"properties":{"osm_id":1234617213,"osm_type":"way","seamark_type":"marine_farm","display_class":"OTHER","min_zoom":12,"importance":1,"name":null,"ref":null,"common":{"type":"marine_farm"},"children":{},"osm_tags":{"aquaculture":"fish","landuse":"aquaculture","seamark:type":"marine_farm"}}},{"type":"Feature","geometry":{"type":"Polygon","coordinates":[[[120.9540854,13.9572864],[120.9540904,13.9571929],[120.9539903,13.957188],[120.9539861,13.9572792],[120.9540854,13.9572864]]]},"properties":{"osm_id":1234617214,"osm_type":"way","seamark_type":"marine_farm","display_class":"OTHER","min_zoom":12,"importance":1,"name":null,"ref":null,"common":{"type":"marine_farm"},"children":{},"osm_tags":{"aquaculture":"fish","landuse":"aquaculture","seamark:type":"marine_farm"}}},{"type":"Feature","geometry":{"type":"Polygon","coordinates":[[[120.9540689,13.9573908],[120.954064,13.9572973],[120.953964,13.9573023],[120.9539693,13.9573935],[120.9540689,13.9573908]]]},"properties":{"osm_id":1234617215,"osm_type":"way","seamark_type":"marine_farm","display_class":"OTHER","min_zoom":12,"importance":1,"name":null,"ref":null,"common":{"type":"marine_farm"},"children":{},"osm_tags":{"aquaculture":"fish","landuse":"aquaculture","seamark:type":"marine_farm"}}},{"type":"Feature","geometry":{"type":"Polygon","coordinates":[[[120.9540332,13.9560601],[120.9540316,13.956019],[120.9539119,13.9560379],[120.9539207,13.956072],[120.9540332,13.9560601]]]},"properties":{"osm_id":1234617216,"osm_type":"way","seamark_type":"marine_farm","display_class":"OTHER","min_zoom":12,"importance":1,"name":null,"ref":null,"common":{"type":"marine_farm"},"children":{},"osm_tags":{"aquaculture":"fish","landuse":"aquaculture","seamark:type":"marine_farm"}}},{"type":"Feature","geometry":{"type":"Polygon","coordinates":[[[120.9567623,13.9591762],[120.9567672,13.9590827],[120.9566672,13.9590778],[120.9566629,13.959169],[120.9567623,13.9591762]]]},"properties":{"osm_id":1234617247,"osm_type":"way","seamark_type":"marine_farm","display_class":"OTHER","min_zoom":12,"importance":1,"name":null,"ref":null,"common":{"type":"marine_farm"},"children":{},"osm_tags":{"aquaculture":"fish","landuse":"aquaculture","seamark:type":"marine_farm"}}},{"type":"Feature","geometry":{"type":"Polygon","coordinates":[[[120.9711708,13.9780235],[120.9711873,13.9780474],[120.9711953,13.9780751],[120.9711938,13.9781039],[120.971183,13.9781307],[120.971164,13.9781529],[120.9711388,13.9781681],[120.9711099,13.9781748],[120.9710804,13.9781723],[120.9710531,13.9781608],[120.9710296,13.9781399],[120.9710147,13.9781124],[120.9710104,13.9780816],[120.9710171,13.9780512],[120.971034,13.9780249],[120.9710592,13.9780057],[120.9710896,13.977996],[120.9711192,13.9779964],[120.9711473,13.9780059],[120.9711708,13.9780235]]]},"properties":{"osm_id":1234886740,"osm_type":"way","seamark_type":"marine_farm","display_class":"OTHER","min_zoom":12,"importance":1,"name":null,"ref":null,"common":{"type":"marine_farm"},"children":{},"osm_tags":{"aquaculture":"fish","landuse":"aquaculture","seamark:type":"marine_farm"}}},{"type":"Feature","geometry":{"type":"Polygon","coordinates":[[[120.9711202,13.978223],[120.9711386,13.9782421],[120.9711489,13.9782646],[120.9711513,13.978289],[120.9711456,13.978313],[120.9711324,13.978334],[120.9711131,13.9783498],[120.9710895,13.9783589],[120.9710642,13.9783603],[120.9710397,13.9783538],[120.9710187,13.9783401],[120.9710032,13.9783206],[120.9709948,13.9782974],[120.9709947,13.9782713],[120.9710037,13.9782467],[120.9710206,13.9782265],[120.9710435,13.9782129],[120.9710698,13.9782075],[120.9710964,13.9782111],[120.9711202,13.978223]]]},"properties":{"osm_id":1234886741,"osm_type":"way","seamark_type":"marine_farm","display_class":"OTHER","min_zoom":12,"importance":1,"name":null,"ref":null,"common":{"type":"marine_farm"},"children":{},"osm_tags":{"aquaculture":"fish","landuse":"aquaculture","seamark:type":"marine_farm"}}},{"type":"Feature","geometry":{"type":"Polygon","coordinates":[[[120.9711792,13.9783792],[120.9711976,13.9783983],[120.9712079,13.9784207],[120.9712103,13.9784452],[120.9712047,13.9784692],[120.9711914,13.9784902],[120.9711721,13.978506],[120.9711485,13.9785151],[120.9711232,13.9785164],[120.9710987,13.9785099],[120.9710777,13.9784962],[120.9710622,13.9784768],[120.9710538,13.9784536],[120.9710537,13.9784275],[120.9710627,13.9784029],[120.9710796,13.9783826],[120.9711025,13.9783691],[120.9711288,13.9783637],[120.9711554,13.9783672],[120.9711792,13.9783792]]]},"properties":{"osm_id":1234886742,"osm_type":"way","seamark_type":"marine_farm","display_class":"OTHER","min_zoom":12,"importance":1,"name":null,"ref":null,"common":{"type":"marine_farm"},"children":{},"osm_tags":{"aquaculture":"fish","landuse":"aquaculture","seamark:type":"marine_farm"}}},{"type":"Feature","geometry":{"type":"Polygon","coordinates":[[[120.9712597,13.9786135],[120.971278,13.9786325],[120.9712884,13.978655],[120.9712908,13.9786795],[120.9712851,13.9787034],[120.9712719,13.9787244],[120.9712525,13.9787403],[120.971229,13.9787493],[120.9712037,13.9787507],[120.9711792,13.9787442],[120.9711582,13.9787305],[120.9711427,13.978711],[120.9711343,13.9786878],[120.9711342,13.9786617],[120.9711431,13.9786372],[120.97116,13.9786169],[120.9711829,13.9786033],[120.9712092,13.978598],[120.9712359,13.9786015],[120.9712597,13.9786135]]]},"properties":{"osm_id":1234886743,"osm_type":"way","seamark_type":"marine_farm","display_class":"OTHER","min_zoom":12,"importance":1,"name":null,"ref":null,"common":{"type":"marine_farm"},"children":{},"osm_tags":{"aquaculture":"fish","landuse":"aquaculture","seamark:type":"marine_farm"}}},{"type":"Feature","geometry":{"type":"Polygon","coordinates":[[[120.9713563,13.9788061],[120.9713746,13.9788251],[120.9713849,13.9788476],[120.9713874,13.9788721],[120.9713817,13.978896],[120.9713685,13.978917],[120.9713491,13.9789329],[120.9713255,13.9789419],[120.9713002,13.9789433],[120.9712758,13.9789368],[120.9712547,13.9789231],[120.9712392,13.9789036],[120.9712309,13.9788804],[120.9712308,13.9788543],[120.9712397,13.9788298],[120.9712566,13.9788095],[120.9712795,13.9787959],[120.9713058,13.9787906],[120.9713324,13.9787941],[120.9713563,13.9788061]]]},"properties":{"osm_id":1234886744,"osm_type":"way","seamark_type":"marine_farm","display_class":"OTHER","min_zoom":12,"importance":1,"name":null,"ref":null,"common":{"type":"marine_farm"},"children":{},"osm_tags":{"aquaculture":"fish","landuse":"aquaculture","seamark:type":"marine_farm"}}},{"type":"Feature","geometry":{"type":"Polygon","coordinates":[[[120.9709184,13.9785382],[120.9710225,13.9785249],[120.9710069,13.97841],[120.9709027,13.9784234],[120.9709184,13.9785382]]]},"properties":{"osm_id":1234886745,"osm_type":"way","seamark_type":"marine_farm","display_class":"OTHER","min_zoom":12,"importance":1,"name":null,"ref":null,"common":{"type":"marine_farm"},"children":{},"osm_tags":{"aquaculture":"fish","landuse":"aquaculture","seamark:type":"marine_farm"}}},{"type":"Feature","geometry":{"type":"Polygon","coordinates":[[[120.9711529,13.9789334],[120.9712046,13.9788447],[120.9711007,13.9787876],[120.971049,13.9788764],[120.9711529,13.9789334]]]},"properties":{"osm_id":1234886746,"osm_type":"way","seamark_type":"marine_farm","display_class":"OTHER","min_zoom":12,"importance":1,"name":null,"ref":null,"common":{"type":"marine_farm"},"children":{},"osm_tags":{"aquaculture":"fish","landuse":"aquaculture","seamark:type":"marine_farm"}}},{"type":"Feature","geometry":{"type":"Polygon","coordinates":[[[120.9565048,13.9595614],[120.9565097,13.9594679],[120.9564097,13.959463],[120.9564054,13.9595542],[120.9565048,13.9595614]]]},"properties":{"osm_id":1234887673,"osm_type":"way","seamark_type":"marine_farm","display_class":"OTHER","min_zoom":12,"importance":1,"name":null,"ref":null,"common":{"type":"marine_farm"},"children":{},"osm_tags":{"aquaculture":"fish","landuse":"aquaculture","seamark:type":"marine_farm"}}},{"type":"Feature","geometry":{"type":"Polygon","coordinates":[[[120.956258,13.9593011],[120.9562629,13.9592076],[120.9561629,13.9592027],[120.9561586,13.9592939],[120.956258,13.9593011]]]},"properties":{"osm_id":1234887674,"osm_type":"way","seamark_type":"marine_farm","display_class":"OTHER","min_zoom":12,"importance":1,"name":null,"ref":null,"common":{"type":"marine_farm"},"children":{},"osm_tags":{"aquaculture":"fish","landuse":"aquaculture","seamark:type":"marine_farm"}}},{"type":"Feature","geometry":{"type":"Polygon","coordinates":[[[120.9562957,13.9585715],[120.9563416,13.9584892],[120.9562535,13.958443],[120.9562092,13.9585235],[120.9562957,13.9585715]]]},"properties":{"osm_id":1234887675,"osm_type":"way","seamark_type":"marine_farm","display_class":"OTHER","min_zoom":12,"importance":1,"name":null,"ref":null,"common":{"type":"marine_farm"},"children":{},"osm_tags":{"aquaculture":"fish","landuse":"aquaculture","seamark:type":"marine_farm"}}},{"type":"Feature","geometry":{"type":"Polygon","coordinates":[[[120.9554158,13.9596343],[120.9554207,13.9595408],[120.9553207,13.9595359],[120.9553164,13.9596271],[120.9554158,13.9596343]]]},"properties":{"osm_id":1234887676,"osm_type":"way","seamark_type":"marine_farm","display_class":"OTHER","min_zoom":12,"importance":1,"name":null,"ref":null,"common":{"type":"marine_farm"},"children":{},"osm_tags":{"aquaculture":"fish","landuse":"aquaculture","seamark:type":"marine_farm"}}},{"type":"Feature","geometry":{"type":"Polygon","coordinates":[[[120.9556467,13.9588579],[120.9556925,13.9587755],[120.9556044,13.9587293],[120.9555601,13.9588099],[120.9556467,13.9588579]]]},"properties":{"osm_id":1234887677,"osm_type":"way","seamark_type":"marine_farm","display_class":"OTHER","min_zoom":12,"importance":1,"name":null,"ref":null,"common":{"type":"marine_farm"},"children":{},"osm_tags":{"aquaculture":"fish","landuse":"aquaculture","seamark:type":"marine_farm"}}},{"type":"Feature","geometry":{"type":"Polygon","coordinates":[[[120.955149,13.959043],[120.9551861,13.9589566],[120.9550937,13.9589192],[120.9550579,13.9590036],[120.955149,13.959043]]]},"properties":{"osm_id":1234887678,"osm_type":"way","seamark_type":"marine_farm","display_class":"OTHER","min_zoom":12,"importance":1,"name":null,"ref":null,"common":{"type":"marine_farm"},"children":{},"osm_tags":{"aquaculture":"fish","landuse":"aquaculture","seamark:type":"marine_farm"}}},{"type":"Feature","geometry":{"type":"Polygon","coordinates":[[[120.9555326,13.9585705],[120.9555578,13.9584801],[120.9554719,13.9584547],[120.9554478,13.958543],[120.9555326,13.9585705]]]},"properties":{"osm_id":1234887679,"osm_type":"way","seamark_type":"marine_farm","display_class":"OTHER","min_zoom":12,"importance":1,"name":null,"ref":null,"common":{"type":"marine_farm"},"children":{},"osm_tags":{"aquaculture":"fish","landuse":"aquaculture","seamark:type":"marine_farm"}}},{"type":"Feature","geometry":{"type":"Polygon","coordinates":[[[120.9552644,13.9585392],[120.9552896,13.9584489],[120.9552037,13.9584235],[120.9551796,13.9585117],[120.9552644,13.9585392]]]},"properties":{"osm_id":1234887680,"osm_type":"way","seamark_type":"marine_farm","display_class":"OTHER","min_zoom":12,"importance":1,"name":null,"ref":null,"common":{"type":"marine_farm"},"children":{},"osm_tags":{"aquaculture":"fish","landuse":"aquaculture","seamark:type":"marine_farm"}}},{"type":"Feature","geometry":{"type":"Polygon","coordinates":[[[120.9551939,13.9596119],[120.9551927,13.9595183],[120.9551029,13.9595167],[120.9551045,13.959608],[120.9551939,13.9596119]]]},"properties":{"osm_id":1234887681,"osm_type":"way","seamark_type":"marine_farm","display_class":"OTHER","min_zoom":12,"importance":1,"name":null,"ref":null,"common":{"type":"marine_farm"},"children":{},"osm_tags":{"aquaculture":"fish","landuse":"aquaculture","seamark:type":"marine_farm"}}},{"type":"Feature","geometry":{"type":"Polygon","coordinates":[[[120.9547218,13.9593516],[120.9547206,13.959258],[120.9546308,13.9592564],[120.9546325,13.9593477],[120.9547218,13.9593516]]]},"properties":{"osm_id":1234887682,"osm_type":"way","seamark_type":"marine_farm","display_class":"OTHER","min_zoom":12,"importance":1,"name":null,"ref":null,"common":{"type":"marine_farm"},"children":{},"osm_tags":{"aquaculture":"fish","landuse":"aquaculture","seamark:type":"marine_farm"}}},{"type":"Feature","geometry":{"type":"Polygon","coordinates":[[[120.9548023,13.9588467],[120.9548011,13.958753],[120.9547113,13.9587514],[120.9547129,13.9588427],[120.9548023,13.9588467]]]},"properties":{"osm_id":1234887683,"osm_type":"way","seamark_type":"marine_farm","display_class":"OTHER","min_zoom":12,"importance":1,"name":null,"ref":null,"common":{"type":"marine_farm"},"children":{},"osm_tags":{"aquaculture":"fish","landuse":"aquaculture","seamark:type":"marine_farm"}}},{"type":"Feature","geometry":{"type":"Polygon","coordinates":[[[120.9543731,13.9583313],[120.9543719,13.9582376],[120.9542821,13.958236],[120.9542838,13.9583273],[120.9543731,13.9583313]]]},"properties":{"osm_id":1234887684,"osm_type":"way","seamark_type":"marine_farm","display_class":"OTHER","min_zoom":12,"importance":1,"name":null,"ref":null,"common":{"type":"marine_farm"},"children":{},"osm_tags":{"aquaculture":"fish","landuse":"aquaculture","seamark:type":"marine_farm"}}},{"type":"Feature","geometry":{"type":"Polygon","coordinates":[[[120.9544536,13.9588571],[120.9544524,13.9587635],[120.9543626,13.9587618],[120.9543642,13.9588531],[120.9544536,13.9588571]]]},"properties":{"osm_id":1234887685,"osm_type":"way","seamark_type":"marine_farm","display_class":"OTHER","min_zoom":12,"importance":1,"name":null,"ref":null,"common":{"type":"marine_farm"},"children":{},"osm_tags":{"aquaculture":"fish","landuse":"aquaculture","seamark:type":"marine_farm"}}},{"type":"Feature","geometry":{"type":"Polygon","coordinates":[[[120.9542015,13.9589091],[120.9542003,13.9588155],[120.9541105,13.9588139],[120.9541121,13.9589052],[120.9542015,13.9589091]]]},"properties":{"osm_id":1234887686,"osm_type":"way","seamark_type":"marine_farm","display_class":"OTHER","min_zoom":12,"importance":1,"name":null,"ref":null,"common":{"type":"marine_farm"},"children":{},"osm_tags":{"aquaculture":"fish","landuse":"aquaculture","seamark:type":"marine_farm"}}},{"type":"Feature","geometry":{"type":"Polygon","coordinates":[[[120.9540352,13.9588987],[120.954034,13.9588051],[120.9539442,13.9588035],[120.9539458,13.9588948],[120.9540352,13.9588987]]]},"properties":{"osm_id":1234887687,"osm_type":"way","seamark_type":"marine_farm","display_class":"OTHER","min_zoom":12,"importance":1,"name":null,"ref":null,"common":{"type":"marine_farm"},"children":{},"osm_tags":{"aquaculture":"fish","landuse":"aquaculture","seamark:type":"marine_farm"}}},{"type":"Feature","geometry":{"type":"Polygon","coordinates":[[[120.9540512,13.9583261],[120.9540501,13.9582324],[120.9539603,13.9582308],[120.9539619,13.9583221],[120.9540512,13.9583261]]]},"properties":{"osm_id":1234887688,"osm_type":"way","seamark_type":"marine_farm","display_class":"OTHER","min_zoom":12,"importance":1,"name":null,"ref":null,"common":{"type":"marine_farm"},"children":{},"osm_tags":{"aquaculture":"fish","landuse":"aquaculture","seamark:type":"marine_farm"}}},{"type":"Feature","geometry":{"type":"Polygon","coordinates":[[[120.9547768,13.958182],[120.9547925,13.9580896],[120.9547043,13.9580728],[120.9546895,13.958163],[120.9547768,13.958182]]]},"properties":{"osm_id":1234887689,"osm_type":"way","seamark_type":"marine_farm","display_class":"OTHER","min_zoom":12,"importance":1,"name":null,"ref":null,"common":{"type":"marine_farm"},"children":{},"osm_tags":{"aquaculture":"fish","landuse":"aquaculture","seamark:type":"marine_farm"}}},{"type":"Feature","geometry":{"type":"Polygon","coordinates":[[[120.9546598,13.9598351],[120.9547457,13.9598777],[120.9547891,13.9598014],[120.9547051,13.9597602],[120.9546598,13.9598351]]]},"properties":{"osm_id":1234887690,"osm_type":"way","seamark_type":"marine_farm","display_class":"OTHER","min_zoom":12,"importance":1,"name":null,"ref":null,"common":{"type":"marine_farm"},"children":{},"osm_tags":{"aquaculture":"fish","landuse":"aquaculture","seamark:type":"marine_farm"}}},{"type":"Feature","geometry":{"type":"Polygon","coordinates":[[[120.9544943,13.9597895],[120.9545069,13.9596967],[120.9544183,13.9596826],[120.9544064,13.9597732],[120.9544943,13.9597895]]]},"properties":{"osm_id":1234887691,"osm_type":"way","seamark_type":"marine_farm","display_class":"OTHER","min_zoom":12,"importance":1,"name":null,"ref":null,"common":{"type":"marine_farm"},"children":{},"osm_tags":{"aquaculture":"fish","landuse":"aquaculture","seamark:type":"marine_farm"}}},{"type":"Feature","geometry":{"type":"Polygon","coordinates":[[[120.9543087,13.9597733],[120.9543076,13.9596797],[120.9542178,13.9596781],[120.9542194,13.9597694],[120.9543087,13.9597733]]]},"properties":{"osm_id":1234887692,"osm_type":"way","seamark_type":"marine_farm","display_class":"OTHER","min_zoom":12,"importance":1,"name":null,"ref":null,"common":{"type":"marine_farm"},"children":{},"osm_tags":{"aquaculture":"fish","landuse":"aquaculture","seamark:type":"marine_farm"}}},{"type":"Feature","geometry":{"type":"Polygon","coordinates":[[[120.9526136,13.9555356],[120.9526178,13.9554472],[120.9525172,13.9554404],[120.9525028,13.9555369],[120.9526136,13.9555356]]]},"properties":{"osm_id":1234888655,"osm_type":"way","seamark_type":"marine_farm","display_class":"OTHER","min_zoom":12,"importance":1,"name":null,"ref":null,"common":{"type":"marine_farm"},"children":{},"osm_tags":{"aquaculture":"fish","landuse":"aquaculture","seamark:type":"marine_farm"}}},{"type":"Feature","geometry":{"type":"Polygon","coordinates":[[[120.9532339,13.9559453],[120.9532347,13.9558478],[120.9531351,13.9558471],[120.9531343,13.9559446],[120.9532339,13.9559453]]]},"properties":{"osm_id":1234888656,"osm_type":"way","seamark_type":"marine_farm","display_class":"OTHER","min_zoom":12,"importance":1,"name":null,"ref":null,"common":{"type":"marine_farm"},"children":{},"osm_tags":{"aquaculture":"fish","landuse":"aquaculture","seamark:type":"marine_farm"}}},{"type":"Feature","geometry":{"type":"Polygon","coordinates":[[[120.9530086,13.9559245],[120.9530094,13.9558269],[120.9529098,13.9558262],[120.952909,13.9559238],[120.9530086,13.9559245]]]},"properties":{"osm_id":1234888657,"osm_type":"way","seamark_type":"marine_farm","display_class":"OTHER","min_zoom":12,"importance":1,"name":null,"ref":null,"common":{"type":"marine_farm"},"children":{},"osm_tags":{"aquaculture":"fish","landuse":"aquaculture","seamark:type":"marine_farm"}}},{"type":"Feature","geometry":{"type":"Polygon","coordinates":[[[120.9526653,13.955961],[120.952666,13.9558634],[120.9525664,13.9558627],[120.9525657,13.9559602],[120.9526653,13.955961]]]},"properties":{"osm_id":1234888658,"osm_type":"way","seamark_type":"marine_farm","display_class":"OTHER","min_zoom":12,"importance":1,"name":null,"ref":null,"common":{"type":"marine_farm"},"children":{},"osm_tags":{"aquaculture":"fish","landuse":"aquaculture","seamark:type":"marine_farm"}}},{"type":"Feature","geometry":{"type":"Polygon","coordinates":[[[120.9522424,13.9558886],[120.9522698,13.9557947],[120.9521739,13.9557684],[120.9521466,13.9558623],[120.9522424,13.9558886]]]},"properties":{"osm_id":1234888659,"osm_type":"way","seamark_type":"marine_farm","display_class":"OTHER","min_zoom":12,"importance":1,"name":null,"ref":null,"common":{"type":"marine_farm"},"children":{},"osm_tags":{"aquaculture":"fish","landuse":"aquaculture","seamark:type":"marine_farm"}}},{"type":"Feature","geometry":{"type":"Polygon","coordinates":[[[120.952837,13.9564243],[120.9528377,13.9563267],[120.9527381,13.956326],[120.9527374,13.9564236],[120.952837,13.9564243]]]},"properties":{"osm_id":1234888660,"osm_type":"way","seamark_type":"marine_farm","display_class":"OTHER","min_zoom":12,"importance":1,"name":null,"ref":null,"common":{"type":"marine_farm"},"children":{},"osm_tags":{"aquaculture":"fish","landuse":"aquaculture","seamark:type":"marine_farm"}}},{"type":"Feature","geometry":{"type":"Polygon","coordinates":[[[120.9533286,13.956478],[120.9533222,13.9563807],[120.9532228,13.9563868],[120.9532292,13.9564842],[120.9533286,13.956478]]]},"properties":{"osm_id":1234888661,"osm_type":"way","seamark_type":"marine_farm","display_class":"OTHER","min_zoom":12,"importance":1,"name":null,"ref":null,"common":{"type":"marine_farm"},"children":{},"osm_tags":{"aquaculture":"fish","landuse":"aquaculture","seamark:type":"marine_farm"}}},{"type":"Feature","geometry":{"type":"Polygon","coordinates":[[[120.9536076,13.9570819],[120.9536011,13.9569846],[120.9535017,13.9569907],[120.9535081,13.9570881],[120.9536076,13.9570819]]]},"properties":{"osm_id":1234888662,"osm_type":"way","seamark_type":"marine_farm","display_class":"OTHER","min_zoom":12,"importance":1,"name":null,"ref":null,"common":{"type":"marine_farm"},"children":{},"osm_tags":{"aquaculture":"fish","landuse":"aquaculture","seamark:type":"marine_farm"}}},{"type":"Feature","geometry":{"type":"Polygon","coordinates":[[[120.9519635,13.955847],[120.9519908,13.9557531],[120.951895,13.9557268],[120.9518676,13.9558207],[120.9519635,13.955847]]]},"properties":{"osm_id":1234888663,"osm_type":"way","seamark_type":"marine_farm","display_class":"OTHER","min_zoom":12,"importance":1,"name":null,"ref":null,"common":{"type":"marine_farm"},"children":{},"osm_tags":{"aquaculture":"fish","landuse":"aquaculture","seamark:type":"marine_farm"}}},{"type":"Feature","geometry":{"type":"Polygon","coordinates":[[[120.9538089,13.9563936],[120.9538362,13.9562997],[120.9537403,13.9562734],[120.953713,13.9563673],[120.9538089,13.9563936]]]},"properties":{"osm_id":1234888664,"osm_type":"way","seamark_type":"marine_farm","display_class":"OTHER","min_zoom":12,"importance":1,"name":null,"ref":null,"common":{"type":"marine_farm"},"children":{},"osm_tags":{"aquaculture":"fish","landuse":"aquaculture","seamark:type":"marine_farm"}}},{"type":"Feature","geometry":{"type":"Polygon","coordinates":[[[120.9524678,13.9562478],[120.9524951,13.9561539],[120.9523992,13.9561277],[120.9523719,13.9562215],[120.9524678,13.9562478]]]},"properties":{"osm_id":1234888665,"osm_type":"way","seamark_type":"marine_farm","display_class":"OTHER","min_zoom":12,"importance":1,"name":null,"ref":null,"common":{"type":"marine_farm"},"children":{},"osm_tags":{"aquaculture":"fish","landuse":"aquaculture","seamark:type":"marine_farm"}}},{"type":"Feature","geometry":{"type":"Polygon","coordinates":[[[120.9517114,13.9562478],[120.9517226,13.9561591],[120.9516267,13.9561277],[120.9516155,13.9562215],[120.9517114,13.9562478]]]},"properties":{"osm_id":1234888666,"osm_type":"way","seamark_type":"marine_farm","display_class":"OTHER","min_zoom":12,"importance":1,"name":null,"ref":null,"common":{"type":"marine_farm"},"children":{},"osm_tags":{"aquaculture":"fish","landuse":"aquaculture","seamark:type":"marine_farm"}}},{"type":"Feature","geometry":{"type":"Polygon","coordinates":[[[120.951397,13.9556975],[120.9514022,13.9556001],[120.9513027,13.9555951],[120.9512975,13.9556925],[120.951397,13.9556975]]]},"properties":{"osm_id":1234888667,"osm_type":"way","seamark_type":"marine_farm","display_class":"OTHER","min_zoom":12,"importance":1,"name":null,"ref":null,"common":{"type":"marine_farm"},"children":{},"osm_tags":{"aquaculture":"fish","landuse":"aquaculture","seamark:type":"marine_farm"}}},{"type":"Feature","geometry":{"type":"Polygon","coordinates":[[[120.9514882,13.9565513],[120.9514934,13.9564539],[120.9513939,13.9564489],[120.9513887,13.9565463],[120.9514882,13.9565513]]]},"properties":{"osm_id":1234888668,"osm_type":"way","seamark_type":"marine_farm","display_class":"OTHER","min_zoom":12,"importance":1,"name":null,"ref":null,"common":{"type":"marine_farm"},"children":{},"osm_tags":{"aquaculture":"fish","landuse":"aquaculture","seamark:type":"marine_farm"}}},{"type":"Feature","geometry":{"type":"Polygon","coordinates":[[[120.9525128,13.9569053],[120.952518,13.9568079],[120.9524185,13.9568029],[120.9524133,13.9569004],[120.9525128,13.9569053]]]},"properties":{"osm_id":1234888669,"osm_type":"way","seamark_type":"marine_farm","display_class":"OTHER","min_zoom":12,"importance":1,"name":null,"ref":null,"common":{"type":"marine_farm"},"children":{},"osm_tags":{"aquaculture":"fish","landuse":"aquaculture","seamark:type":"marine_farm"}}},{"type":"Feature","geometry":{"type":"Polygon","coordinates":[[[120.9529366,13.9568897],[120.9529418,13.9567923],[120.9528423,13.9567873],[120.9528371,13.9568847],[120.9529366,13.9568897]]]},"properties":{"osm_id":1234888670,"osm_type":"way","seamark_type":"marine_farm","display_class":"OTHER","min_zoom":12,"importance":1,"name":null,"ref":null,"common":{"type":"marine_farm"},"children":{},"osm_tags":{"aquaculture":"fish","landuse":"aquaculture","seamark:type":"marine_farm"}}},{"type":"Feature","geometry":{"type":"Polygon","coordinates":[[[120.9518316,13.9569366],[120.9518367,13.9568391],[120.9517372,13.9568342],[120.9517321,13.9569316],[120.9518316,13.9569366]]]},"properties":{"osm_id":1234888671,"osm_type":"way","seamark_type":"marine_farm","display_class":"OTHER","min_zoom":12,"importance":1,"name":null,"ref":null,"common":{"type":"marine_farm"},"children":{},"osm_tags":{"aquaculture":"fish","landuse":"aquaculture","seamark:type":"marine_farm"}}},{"type":"Feature","geometry":{"type":"Polygon","coordinates":[[[120.9527542,13.9574988],[120.9527594,13.9574014],[120.9526599,13.9573964],[120.9526547,13.9574938],[120.9527542,13.9574988]]]},"properties":{"osm_id":1234888672,"osm_type":"way","seamark_type":"marine_farm","display_class":"OTHER","min_zoom":12,"importance":1,"name":null,"ref":null,"common":{"type":"marine_farm"},"children":{},"osm_tags":{"aquaculture":"fish","landuse":"aquaculture","seamark:type":"marine_farm"}}},{"type":"Feature","geometry":{"type":"Polygon","coordinates":[[[120.9518369,13.9575248],[120.9518421,13.9574274],[120.9517426,13.9574224],[120.9517374,13.9575199],[120.9518369,13.9575248]]]},"properties":{"osm_id":1234888673,"osm_type":"way","seamark_type":"marine_farm","display_class":"OTHER","min_zoom":12,"importance":1,"name":null,"ref":null,"common":{"type":"marine_farm"},"children":{},"osm_tags":{"aquaculture":"fish","landuse":"aquaculture","seamark:type":"marine_farm"}}},{"type":"Feature","geometry":{"type":"Polygon","coordinates":[[[120.9515258,13.9578632],[120.9515309,13.9577658],[120.9514315,13.9577608],[120.9514263,13.9578583],[120.9515258,13.9578632]]]},"properties":{"osm_id":1234888674,"osm_type":"way","seamark_type":"marine_farm","display_class":"OTHER","min_zoom":12,"importance":1,"name":null,"ref":null,"common":{"type":"marine_farm"},"children":{},"osm_tags":{"aquaculture":"fish","landuse":"aquaculture","seamark:type":"marine_farm"}}},{"type":"Feature","geometry":{"type":"Polygon","coordinates":[[[120.951735,13.9578945],[120.9517402,13.957797],[120.9516407,13.9577921],[120.9516355,13.9578895],[120.951735,13.9578945]]]},"properties":{"osm_id":1234888675,"osm_type":"way","seamark_type":"marine_farm","display_class":"OTHER","min_zoom":12,"importance":1,"name":null,"ref":null,"common":{"type":"marine_farm"},"children":{},"osm_tags":{"aquaculture":"fish","landuse":"aquaculture","seamark:type":"marine_farm"}}},{"type":"Feature","geometry":{"type":"Polygon","coordinates":[[[120.9522017,13.958035],[120.9522069,13.9579376],[120.9521074,13.9579326],[120.9521022,13.9580301],[120.9522017,13.958035]]]},"properties":{"osm_id":1234888676,"osm_type":"way","seamark_type":"marine_farm","display_class":"OTHER","min_zoom":12,"importance":1,"name":null,"ref":null,"common":{"type":"marine_farm"},"children":{},"osm_tags":{"aquaculture":"fish","landuse":"aquaculture","seamark:type":"marine_farm"}}},{"type":"Feature","geometry":{"type":"Polygon","coordinates":[[[120.9524485,13.9580611],[120.9524536,13.9579636],[120.9523541,13.9579587],[120.952349,13.9580561],[120.9524485,13.9580611]]]},"properties":{"osm_id":1234888677,"osm_type":"way","seamark_type":"marine_farm","display_class":"OTHER","min_zoom":12,"importance":1,"name":null,"ref":null,"common":{"type":"marine_farm"},"children":{},"osm_tags":{"aquaculture":"fish","landuse":"aquaculture","seamark:type":"marine_farm"}}},{"type":"Feature","geometry":{"type":"Polygon","coordinates":[[[120.9530386,13.9570719],[120.9530437,13.9569745],[120.9529442,13.9569695],[120.9529391,13.9570669],[120.9530386,13.9570719]]]},"properties":{"osm_id":1234888678,"osm_type":"way","seamark_type":"marine_farm","display_class":"OTHER","min_zoom":12,"importance":1,"name":null,"ref":null,"common":{"type":"marine_farm"},"children":{},"osm_tags":{"aquaculture":"fish","landuse":"aquaculture","seamark:type":"marine_farm"}}},{"type":"Feature","geometry":{"type":"Polygon","coordinates":[[[120.951364,13.9562043],[120.9514313,13.956137],[120.9513626,13.9560619],[120.9512953,13.9561344],[120.951364,13.9562043]]]},"properties":{"osm_id":1234888679,"osm_type":"way","seamark_type":"marine_farm","display_class":"OTHER","min_zoom":12,"importance":1,"name":null,"ref":null,"common":{"type":"marine_farm"},"children":{},"osm_tags":{"aquaculture":"fish","landuse":"aquaculture","seamark:type":"marine_farm"}}},{"type":"Feature","geometry":{"type":"Polygon","coordinates":[[[120.9514896,13.9569568],[120.9515198,13.9568637],[120.9514247,13.9568347],[120.9513946,13.9569278],[120.9514896,13.9569568]]]},"properties":{"osm_id":1234888680,"osm_type":"way","seamark_type":"marine_farm","display_class":"OTHER","min_zoom":12,"importance":1,"name":null,"ref":null,"common":{"type":"marine_farm"},"children":{},"osm_tags":{"aquaculture":"fish","landuse":"aquaculture","seamark:type":"marine_farm"}}},{"type":"Feature","geometry":{"type":"Polygon","coordinates":[[[120.9512991,13.9572971],[120.9512532,13.9572103],[120.9511646,13.9572545],[120.9512105,13.9573413],[120.9512991,13.9572971]]]},"properties":{"osm_id":1234888681,"osm_type":"way","seamark_type":"marine_farm","display_class":"OTHER","min_zoom":12,"importance":1,"name":null,"ref":null,"common":{"type":"marine_farm"},"children":{},"osm_tags":{"aquaculture":"fish","landuse":"aquaculture","seamark:type":"marine_farm"}}},{"type":"Feature","geometry":{"type":"Polygon","coordinates":[[[120.9516816,13.9573424],[120.9516755,13.957245],[120.9515761,13.9572508],[120.9515821,13.9573482],[120.9516816,13.9573424]]]},"properties":{"osm_id":1234888682,"osm_type":"way","seamark_type":"marine_farm","display_class":"OTHER","min_zoom":12,"importance":1,"name":null,"ref":null,"common":{"type":"marine_farm"},"children":{},"osm_tags":{"aquaculture":"fish","landuse":"aquaculture","seamark:type":"marine_farm"}}},{"type":"Feature","geometry":{"type":"Polygon","coordinates":[[[120.9521749,13.9575925],[120.95218,13.9574951],[120.9520806,13.9574901],[120.9520754,13.9575876],[120.9521749,13.9575925]]]},"properties":{"osm_id":1234888683,"osm_type":"way","seamark_type":"marine_farm","display_class":"OTHER","min_zoom":12,"importance":1,"name":null,"ref":null,"common":{"type":"marine_farm"},"children":{},"osm_tags":{"aquaculture":"fish","landuse":"aquaculture","seamark:type":"marine_farm"}}},{"type":"Feature","geometry":{"type":"Polygon","coordinates":[[[120.9519313,13.9561208],[120.9519187,13.956024],[120.9518199,13.9560361],[120.9518324,13.9561329],[120.9519313,13.9561208]]]},"properties":{"osm_id":1234888684,"osm_type":"way","seamark_type":"marine_farm","display_class":"OTHER","min_zoom":12,"importance":1,"name":null,"ref":null,"common":{"type":"marine_farm"},"children":{},"osm_tags":{"aquaculture":"fish","landuse":"aquaculture","seamark:type":"marine_farm"}}},{"type":"Feature","geometry":{"type":"Polygon","coordinates":[[[120.9519516,13.9562262],[120.9519416,13.9561291],[120.9518424,13.9561388],[120.9518525,13.9562359],[120.9519516,13.9562262]]]},"properties":{"osm_id":1234888685,"osm_type":"way","seamark_type":"marine_farm","display_class":"OTHER","min_zoom":12,"importance":1,"name":null,"ref":null,"common":{"type":"marine_farm"},"children":{},"osm_tags":{"aquaculture":"fish","landuse":"aquaculture","seamark:type":"marine_farm"}}},{"type":"Feature","geometry":{"type":"Polygon","coordinates":[[[120.9507518,13.9555182],[120.9507939,13.9554297],[120.9507035,13.9553891],[120.9506613,13.9554777],[120.9507518,13.9555182]]]},"properties":{"osm_id":1234890287,"osm_type":"way","seamark_type":"marine_farm","display_class":"OTHER","min_zoom":12,"importance":1,"name":null,"ref":null,"common":{"type":"marine_farm"},"children":{},"osm_tags":{"aquaculture":"fish","landuse":"aquaculture","seamark:type":"marine_farm"}}},{"type":"Feature","geometry":{"type":"Polygon","coordinates":[[[120.9510376,13.9555986],[120.9510428,13.9555012],[120.9509433,13.9554962],[120.9509381,13.9555936],[120.9510376,13.9555986]]]},"properties":{"osm_id":1234890288,"osm_type":"way","seamark_type":"marine_farm","display_class":"OTHER","min_zoom":12,"importance":1,"name":null,"ref":null,"common":{"type":"marine_farm"},"children":{},"osm_tags":{"aquaculture":"fish","landuse":"aquaculture","seamark:type":"marine_farm"}}},{"type":"Feature","geometry":{"type":"Polygon","coordinates":[[[120.9508391,13.9565461],[120.9508443,13.9564487],[120.9507448,13.9564437],[120.9507396,13.9565411],[120.9508391,13.9565461]]]},"properties":{"osm_id":1234890289,"osm_type":"way","seamark_type":"marine_farm","display_class":"OTHER","min_zoom":12,"importance":1,"name":null,"ref":null,"common":{"type":"marine_farm"},"children":{},"osm_tags":{"aquaculture":"fish","landuse":"aquaculture","seamark:type":"marine_farm"}}},{"type":"Feature","geometry":{"type":"Polygon","coordinates":[[[120.9506606,13.955992],[120.9507027,13.9559034],[120.9506123,13.9558629],[120.9505701,13.9559515],[120.9506606,13.955992]]]},"properties":{"osm_id":1234890290,"osm_type":"way","seamark_type":"marine_farm","display_class":"OTHER","min_zoom":12,"importance":1,"name":null,"ref":null,"common":{"type":"marine_farm"},"children":{},"osm_tags":{"aquaculture":"fish","landuse":"aquaculture","seamark:type":"marine_farm"}}},{"type":"Feature","geometry":{"type":"Polygon","coordinates":[[[120.9510522,13.9559295],[120.9510943,13.9558409],[120.9510039,13.9558004],[120.9509617,13.955889],[120.9510522,13.9559295]]]},"properties":{"osm_id":1234890291,"osm_type":"way","seamark_type":"marine_farm","display_class":"OTHER","min_zoom":12,"importance":1,"name":null,"ref":null,"common":{"type":"marine_farm"},"children":{},"osm_tags":{"aquaculture":"fish","landuse":"aquaculture","seamark:type":"marine_farm"}}},{"type":"Feature","geometry":{"type":"Polygon","coordinates":[[[120.9500812,13.9559503],[120.9501233,13.9558618],[120.9500329,13.9558212],[120.9499908,13.9559098],[120.9500812,13.9559503]]]},"properties":{"osm_id":1234890292,"osm_type":"way","seamark_type":"marine_farm","display_class":"OTHER","min_zoom":12,"importance":1,"name":null,"ref":null,"common":{"type":"marine_farm"},"children":{},"osm_tags":{"aquaculture":"fish","landuse":"aquaculture","seamark:type":"marine_farm"}}},{"type":"Feature","geometry":{"type":"Polygon","coordinates":[[[120.9497969,13.9558202],[120.949839,13.9557316],[120.9497486,13.9556911],[120.9497064,13.9557797],[120.9497969,13.9558202]]]},"properties":{"osm_id":1234890293,"osm_type":"way","seamark_type":"marine_farm","display_class":"OTHER","min_zoom":12,"importance":1,"name":null,"ref":null,"common":{"type":"marine_farm"},"children":{},"osm_tags":{"aquaculture":"fish","landuse":"aquaculture","seamark:type":"marine_farm"}}},{"type":"Feature","geometry":{"type":"Polygon","coordinates":[[[120.9499525,13.9563148],[120.9499946,13.9562262],[120.9499042,13.9561857],[120.949862,13.9562742],[120.9499525,13.9563148]]]},"properties":{"osm_id":1234890294,"osm_type":"way","seamark_type":"marine_farm","display_class":"OTHER","min_zoom":12,"importance":1,"name":null,"ref":null,"common":{"type":"marine_farm"},"children":{},"osm_tags":{"aquaculture":"fish","landuse":"aquaculture","seamark:type":"marine_farm"}}},{"type":"Feature","geometry":{"type":"Polygon","coordinates":[[[120.949285,13.9561081],[120.9493149,13.956015],[120.9492198,13.9559862],[120.9491899,13.9560794],[120.949285,13.9561081]]]},"properties":{"osm_id":1234890295,"osm_type":"way","seamark_type":"marine_farm","display_class":"OTHER","min_zoom":12,"importance":1,"name":null,"ref":null,"common":{"type":"marine_farm"},"children":{},"osm_tags":{"aquaculture":"fish","landuse":"aquaculture","seamark:type":"marine_farm"}}},{"type":"Feature","geometry":{"type":"Polygon","coordinates":[[[120.949019,13.9559608],[120.9490612,13.9558722],[120.9489708,13.9558316],[120.9489286,13.9559202],[120.949019,13.9559608]]]},"properties":{"osm_id":1234890296,"osm_type":"way","seamark_type":"marine_farm","display_class":"OTHER","min_zoom":12,"importance":1,"name":null,"ref":null,"common":{"type":"marine_farm"},"children":{},"osm_tags":{"aquaculture":"fish","landuse":"aquaculture","seamark:type":"marine_farm"}}},{"type":"Feature","geometry":{"type":"Polygon","coordinates":[[[120.9487776,13.9558098],[120.9488198,13.9557212],[120.9487294,13.9556807],[120.9486872,13.9557692],[120.9487776,13.9558098]]]},"properties":{"osm_id":1234890297,"osm_type":"way","seamark_type":"marine_farm","display_class":"OTHER","min_zoom":12,"importance":1,"name":null,"ref":null,"common":{"type":"marine_farm"},"children":{},"osm_tags":{"aquaculture":"fish","landuse":"aquaculture","seamark:type":"marine_farm"}}},{"type":"Feature","geometry":{"type":"Polygon","coordinates":[[[120.949511,13.9563837],[120.9495398,13.9562903],[120.9494444,13.9562625],[120.9494155,13.9563559],[120.949511,13.9563837]]]},"properties":{"osm_id":1234890298,"osm_type":"way","seamark_type":"marine_farm","display_class":"OTHER","min_zoom":12,"importance":1,"name":null,"ref":null,"common":{"type":"marine_farm"},"children":{},"osm_tags":{"aquaculture":"fish","landuse":"aquaculture","seamark:type":"marine_farm"}}},{"type":"Feature","geometry":{"type":"Polygon","coordinates":[[[120.9495893,13.9560414],[120.949557,13.955949],[120.9494627,13.9559801],[120.9494949,13.9560725],[120.9495893,13.9560414]]]},"properties":{"osm_id":1234890299,"osm_type":"way","seamark_type":"marine_farm","display_class":"OTHER","min_zoom":12,"importance":1,"name":null,"ref":null,"common":{"type":"marine_farm"},"children":{},"osm_tags":{"aquaculture":"fish","landuse":"aquaculture","seamark:type":"marine_farm"}}},{"type":"Feature","geometry":{"type":"Polygon","coordinates":[[[120.9486033,13.9556599],[120.9485953,13.9555626],[120.948496,13.9555703],[120.948504,13.9556675],[120.9486033,13.9556599]]]},"properties":{"osm_id":1234890300,"osm_type":"way","seamark_type":"marine_farm","display_class":"OTHER","min_zoom":12,"importance":1,"name":null,"ref":null,"common":{"type":"marine_farm"},"children":{},"osm_tags":{"aquaculture":"fish","landuse":"aquaculture","seamark:type":"marine_farm"}}},{"type":"Feature","geometry":{"type":"Polygon","coordinates":[[[120.9511158,13.9568005],[120.9510902,13.9567061],[120.9509939,13.9567308],[120.9510195,13.9568251],[120.9511158,13.9568005]]]},"properties":{"osm_id":1234890301,"osm_type":"way","seamark_type":"marine_farm","display_class":"OTHER","min_zoom":12,"importance":1,"name":null,"ref":null,"common":{"type":"marine_farm"},"children":{},"osm_tags":{"aquaculture":"fish","landuse":"aquaculture","seamark:type":"marine_farm"}}},{"type":"Feature","geometry":{"type":"Polygon","coordinates":[[[120.9492184,13.9563386],[120.9492143,13.9562411],[120.9491147,13.9562451],[120.9491188,13.9563426],[120.9492184,13.9563386]]]},"properties":{"osm_id":1234890302,"osm_type":"way","seamark_type":"marine_farm","display_class":"OTHER","min_zoom":12,"importance":1,"name":null,"ref":null,"common":{"type":"marine_farm"},"children":{},"osm_tags":{"aquaculture":"fish","landuse":"aquaculture","seamark:type":"marine_farm"}}},{"type":"Feature","geometry":{"type":"Polygon","coordinates":[[[120.948783,13.9562835],[120.9488252,13.9561949],[120.9487347,13.9561544],[120.9486926,13.956243],[120.948783,13.9562835]]]},"properties":{"osm_id":1234890303,"osm_type":"way","seamark_type":"marine_farm","display_class":"OTHER","min_zoom":12,"importance":1,"name":null,"ref":null,"common":{"type":"marine_farm"},"children":{},"osm_tags":{"aquaculture":"fish","landuse":"aquaculture","seamark:type":"marine_farm"}}},{"type":"Feature","geometry":{"type":"Polygon","coordinates":[[[120.9485362,13.9563096],[120.9485784,13.956221],[120.948488,13.9561805],[120.9484458,13.956269],[120.9485362,13.9563096]]]},"properties":{"osm_id":1234890304,"osm_type":"way","seamark_type":"marine_farm","display_class":"OTHER","min_zoom":12,"importance":1,"name":null,"ref":null,"common":{"type":"marine_farm"},"children":{},"osm_tags":{"aquaculture":"fish","landuse":"aquaculture","seamark:type":"marine_farm"}}},{"type":"Feature","geometry":{"type":"Polygon","coordinates":[[[120.9485041,13.95771],[120.9485462,13.9576214],[120.9484558,13.9575809],[120.9484136,13.9576695],[120.9485041,13.95771]]]},"properties":{"osm_id":1234890305,"osm_type":"way","seamark_type":"marine_farm","display_class":"OTHER","min_zoom":12,"importance":1,"name":null,"ref":null,"common":{"type":"marine_farm"},"children":{},"osm_tags":{"aquaculture":"fish","landuse":"aquaculture","seamark:type":"marine_farm"}}},{"type":"Feature","geometry":{"type":"Polygon","coordinates":[[[120.9488119,13.9573889],[120.9488052,13.9572916],[120.9487058,13.9572981],[120.9487125,13.9573954],[120.9488119,13.9573889]]]},"properties":{"osm_id":1234890306,"osm_type":"way","seamark_type":"marine_farm","display_class":"OTHER","min_zoom":12,"importance":1,"name":null,"ref":null,"common":{"type":"marine_farm"},"children":{},"osm_tags":{"aquaculture":"fish","landuse":"aquaculture","seamark:type":"marine_farm"}}},{"type":"Feature","geometry":{"type":"Polygon","coordinates":[[[120.9489246,13.9569256],[120.9489178,13.9568282],[120.9488184,13.9568347],[120.9488252,13.9569321],[120.9489246,13.9569256]]]},"properties":{"osm_id":1234890307,"osm_type":"way","seamark_type":"marine_farm","display_class":"OTHER","min_zoom":12,"importance":1,"name":null,"ref":null,"common":{"type":"marine_farm"},"children":{},"osm_tags":{"aquaculture":"fish","landuse":"aquaculture","seamark:type":"marine_farm"}}},{"type":"Feature","geometry":{"type":"Polygon","coordinates":[[[120.949225,13.9570193],[120.9492182,13.9569219],[120.9491188,13.9569284],[120.9491256,13.9570258],[120.949225,13.9570193]]]},"properties":{"osm_id":1234890308,"osm_type":"way","seamark_type":"marine_farm","display_class":"OTHER","min_zoom":12,"importance":1,"name":null,"ref":null,"common":{"type":"marine_farm"},"children":{},"osm_tags":{"aquaculture":"fish","landuse":"aquaculture","seamark:type":"marine_farm"}}},{"type":"Feature","geometry":{"type":"Polygon","coordinates":[[[120.9496702,13.9573891],[120.9496744,13.9572916],[120.9495749,13.9572875],[120.9495706,13.957385],[120.9496702,13.9573891]]]},"properties":{"osm_id":1234890309,"osm_type":"way","seamark_type":"marine_farm","display_class":"OTHER","min_zoom":12,"importance":1,"name":null,"ref":null,"common":{"type":"marine_farm"},"children":{},"osm_tags":{"aquaculture":"fish","landuse":"aquaculture","seamark:type":"marine_farm"}}},{"type":"Feature","geometry":{"type":"Polygon","coordinates":[[[120.9496983,13.956784],[120.9497432,13.9566967],[120.949654,13.9566535],[120.9496092,13.9567408],[120.9496983,13.956784]]]},"properties":{"osm_id":1234890310,"osm_type":"way","seamark_type":"marine_farm","display_class":"OTHER","min_zoom":12,"importance":1,"name":null,"ref":null,"common":{"type":"marine_farm"},"children":{},"osm_tags":{"aquaculture":"fish","landuse":"aquaculture","seamark:type":"marine_farm"}}},{"type":"Feature","geometry":{"type":"Polygon","coordinates":[[[120.9500363,13.9568256],[120.9500811,13.9567383],[120.949992,13.9566952],[120.9499471,13.9567825],[120.9500363,13.9568256]]]},"properties":{"osm_id":1234890311,"osm_type":"way","seamark_type":"marine_farm","display_class":"OTHER","min_zoom":12,"importance":1,"name":null,"ref":null,"common":{"type":"marine_farm"},"children":{},"osm_tags":{"aquaculture":"fish","landuse":"aquaculture","seamark:type":"marine_farm"}}},{"type":"Feature","geometry":{"type":"Polygon","coordinates":[[[120.9504547,13.9568829],[120.9504996,13.9567956],[120.9504104,13.9567524],[120.9503655,13.9568397],[120.9504547,13.9568829]]]},"properties":{"osm_id":1234890312,"osm_type":"way","seamark_type":"marine_farm","display_class":"OTHER","min_zoom":12,"importance":1,"name":null,"ref":null,"common":{"type":"marine_farm"},"children":{},"osm_tags":{"aquaculture":"fish","landuse":"aquaculture","seamark:type":"marine_farm"}}},{"type":"Feature","geometry":{"type":"Polygon","coordinates":[[[120.9508497,13.9571672],[120.9509269,13.9571046],[120.950863,13.9570304],[120.9507858,13.957093],[120.9508497,13.9571672]]]},"properties":{"osm_id":1234890313,"osm_type":"way","seamark_type":"marine_farm","display_class":"OTHER","min_zoom":12,"importance":1,"name":null,"ref":null,"common":{"type":"marine_farm"},"children":{},"osm_tags":{"aquaculture":"fish","landuse":"aquaculture","seamark:type":"marine_farm"}}},{"type":"Feature","geometry":{"type":"Polygon","coordinates":[[[120.9505064,13.9573011],[120.9505119,13.9572037],[120.9504124,13.9571984],[120.9504069,13.9572958],[120.9505064,13.9573011]]]},"properties":{"osm_id":1234890314,"osm_type":"way","seamark_type":"marine_farm","display_class":"OTHER","min_zoom":12,"importance":1,"name":null,"ref":null,"common":{"type":"marine_farm"},"children":{},"osm_tags":{"aquaculture":"fish","landuse":"aquaculture","seamark:type":"marine_farm"}}},{"type":"Feature","geometry":{"type":"Polygon","coordinates":[[[120.9507766,13.9576042],[120.9507543,13.9575091],[120.9506572,13.9575305],[120.9506794,13.9576256],[120.9507766,13.9576042]]]},"properties":{"osm_id":1234890315,"osm_type":"way","seamark_type":"marine_farm","display_class":"OTHER","min_zoom":12,"importance":1,"name":null,"ref":null,"common":{"type":"marine_farm"},"children":{},"osm_tags":{"aquaculture":"fish","landuse":"aquaculture","seamark:type":"marine_farm"}}},{"type":"Feature","geometry":{"type":"Polygon","coordinates":[[[120.9510052,13.9578426],[120.9510108,13.9577452],[120.9509113,13.9577398],[120.9509058,13.9578372],[120.9510052,13.9578426]]]},"properties":{"osm_id":1234890316,"osm_type":"way","seamark_type":"marine_farm","display_class":"OTHER","min_zoom":12,"importance":1,"name":null,"ref":null,"common":{"type":"marine_farm"},"children":{},"osm_tags":{"aquaculture":"fish","landuse":"aquaculture","seamark:type":"marine_farm"}}},{"type":"Feature","geometry":{"type":"Polygon","coordinates":[[[120.9512145,13.9578738],[120.95122,13.9577764],[120.9511205,13.9577711],[120.951115,13.9578685],[120.9512145,13.9578738]]]},"properties":{"osm_id":1234890317,"osm_type":"way","seamark_type":"marine_farm","display_class":"OTHER","min_zoom":12,"importance":1,"name":null,"ref":null,"common":{"type":"marine_farm"},"children":{},"osm_tags":{"aquaculture":"fish","landuse":"aquaculture","seamark:type":"marine_farm"}}},{"type":"Feature","geometry":{"type":"Polygon","coordinates":[[[120.9502472,13.9575095],[120.9502653,13.9574135],[120.9501673,13.9573961],[120.9501492,13.9574921],[120.9502472,13.9575095]]]},"properties":{"osm_id":1234890318,"osm_type":"way","seamark_type":"marine_farm","display_class":"OTHER","min_zoom":12,"importance":1,"name":null,"ref":null,"common":{"type":"marine_farm"},"children":{},"osm_tags":{"aquaculture":"fish","landuse":"aquaculture","seamark:type":"marine_farm"}}},{"type":"Feature","geometry":{"type":"Polygon","coordinates":[[[120.9500273,13.9578479],[120.9500453,13.9577519],[120.9499473,13.9577345],[120.9499293,13.9578305],[120.9500273,13.9578479]]]},"properties":{"osm_id":1234890319,"osm_type":"way","seamark_type":"marine_farm","display_class":"OTHER","min_zoom":12,"importance":1,"name":null,"ref":null,"common":{"type":"marine_farm"},"children":{},"osm_tags":{"aquaculture":"fish","landuse":"aquaculture","seamark:type":"marine_farm"}}},{"type":"Feature","geometry":{"type":"Polygon","coordinates":[[[120.9498303,13.9576054],[120.9498708,13.9575161],[120.9497796,13.9574772],[120.9497391,13.9575665],[120.9498303,13.9576054]]]},"properties":{"osm_id":1234890320,"osm_type":"way","seamark_type":"marine_farm","display_class":"OTHER","min_zoom":12,"importance":1,"name":null,"ref":null,"common":{"type":"marine_farm"},"children":{},"osm_tags":{"aquaculture":"fish","landuse":"aquaculture","seamark:type":"marine_farm"}}},{"type":"Feature","geometry":{"type":"Polygon","coordinates":[[[120.9490457,13.9576637],[120.9490724,13.9575696],[120.9489763,13.9575439],[120.9489496,13.957638],[120.9490457,13.9576637]]]},"properties":{"osm_id":1234890321,"osm_type":"way","seamark_type":"marine_farm","display_class":"OTHER","min_zoom":12,"importance":1,"name":null,"ref":null,"common":{"type":"marine_farm"},"children":{},"osm_tags":{"aquaculture":"fish","landuse":"aquaculture","seamark:type":"marine_farm"}}},{"type":"Feature","geometry":{"type":"Polygon","coordinates":[[[120.9488663,13.9576464],[120.9489045,13.9575562],[120.9488123,13.9575195],[120.9487742,13.9576097],[120.9488663,13.9576464]]]},"properties":{"osm_id":1234890322,"osm_type":"way","seamark_type":"marine_farm","display_class":"OTHER","min_zoom":12,"importance":1,"name":null,"ref":null,"common":{"type":"marine_farm"},"children":{},"osm_tags":{"aquaculture":"fish","landuse":"aquaculture","seamark:type":"marine_farm"}}},{"type":"Feature","geometry":{"type":"Polygon","coordinates":[[[120.9489621,13.9580034],[120.9489663,13.9579059],[120.9488668,13.9579018],[120.9488625,13.9579993],[120.9489621,13.9580034]]]},"properties":{"osm_id":1234890323,"osm_type":"way","seamark_type":"marine_farm","display_class":"OTHER","min_zoom":12,"importance":1,"name":null,"ref":null,"common":{"type":"marine_farm"},"children":{},"osm_tags":{"aquaculture":"fish","landuse":"aquaculture","seamark:type":"marine_farm"}}},{"type":"Feature","geometry":{"type":"Polygon","coordinates":[[[120.9492443,13.9580208],[120.9492525,13.9579236],[120.9491532,13.9579156],[120.949145,13.9580128],[120.9492443,13.9580208]]]},"properties":{"osm_id":1234890324,"osm_type":"way","seamark_type":"marine_farm","display_class":"OTHER","min_zoom":12,"importance":1,"name":null,"ref":null,"common":{"type":"marine_farm"},"children":{},"osm_tags":{"aquaculture":"fish","landuse":"aquaculture","seamark:type":"marine_farm"}}},{"type":"Feature","geometry":{"type":"Polygon","coordinates":[[[120.9494723,13.958002],[120.9494853,13.9579052],[120.9493865,13.9578928],[120.9493735,13.9579895],[120.9494723,13.958002]]]},"properties":{"osm_id":1234890325,"osm_type":"way","seamark_type":"marine_farm","display_class":"OTHER","min_zoom":12,"importance":1,"name":null,"ref":null,"common":{"type":"marine_farm"},"children":{},"osm_tags":{"aquaculture":"fish","landuse":"aquaculture","seamark:type":"marine_farm"}}},{"type":"Feature","geometry":{"type":"Polygon","coordinates":[[[120.9496465,13.9580958],[120.9496732,13.9580017],[120.9495771,13.957976],[120.9495504,13.9580701],[120.9496465,13.9580958]]]},"properties":{"osm_id":1234890326,"osm_type":"way","seamark_type":"marine_farm","display_class":"OTHER","min_zoom":12,"importance":1,"name":null,"ref":null,"common":{"type":"marine_farm"},"children":{},"osm_tags":{"aquaculture":"fish","landuse":"aquaculture","seamark:type":"marine_farm"}}},{"type":"Feature","geometry":{"type":"Polygon","coordinates":[[[120.953783,13.9582636],[120.9537819,13.9581699],[120.9536921,13.9581683],[120.9536937,13.9582596],[120.953783,13.9582636]]]},"properties":{"osm_id":1234891238,"osm_type":"way","seamark_type":"marine_farm","display_class":"OTHER","min_zoom":12,"importance":1,"name":null,"ref":null,"common":{"type":"marine_farm"},"children":{},"osm_tags":{"aquaculture":"fish","landuse":"aquaculture","seamark:type":"marine_farm"}}},{"type":"Feature","geometry":{"type":"Polygon","coordinates":[[[120.953504,13.9584719],[120.9535029,13.9583782],[120.9534131,13.9583766],[120.9534147,13.9584679],[120.953504,13.9584719]]]},"properties":{"osm_id":1234891239,"osm_type":"way","seamark_type":"marine_farm","display_class":"OTHER","min_zoom":12,"importance":1,"name":null,"ref":null,"common":{"type":"marine_farm"},"children":{},"osm_tags":{"aquaculture":"fish","landuse":"aquaculture","seamark:type":"marine_farm"}}},{"type":"Feature","geometry":{"type":"Polygon","coordinates":[[[120.9532465,13.9584094],[120.9532454,13.9583157],[120.9531556,13.9583141],[120.9531572,13.9584054],[120.9532465,13.9584094]]]},"properties":{"osm_id":1234891240,"osm_type":"way","seamark_type":"marine_farm","display_class":"OTHER","min_zoom":12,"importance":1,"name":null,"ref":null,"common":{"type":"marine_farm"},"children":{},"osm_tags":{"aquaculture":"fish","landuse":"aquaculture","seamark:type":"marine_farm"}}},{"type":"Feature","geometry":{"type":"Polygon","coordinates":[[[120.9534236,13.95893],[120.9534225,13.9588363],[120.9533327,13.9588347],[120.9533343,13.958926],[120.9534236,13.95893]]]},"properties":{"osm_id":1234891241,"osm_type":"way","seamark_type":"marine_farm","display_class":"OTHER","min_zoom":12,"importance":1,"name":null,"ref":null,"common":{"type":"marine_farm"},"children":{},"osm_tags":{"aquaculture":"fish","landuse":"aquaculture","seamark:type":"marine_farm"}}},{"type":"Feature","geometry":{"type":"Polygon","coordinates":[[[120.95315,13.9589196],[120.9531489,13.9588259],[120.9530591,13.9588243],[120.9530607,13.9589156],[120.95315,13.9589196]]]},"properties":{"osm_id":1234891242,"osm_type":"way","seamark_type":"marine_farm","display_class":"OTHER","min_zoom":12,"importance":1,"name":null,"ref":null,"common":{"type":"marine_farm"},"children":{},"osm_tags":{"aquaculture":"fish","landuse":"aquaculture","seamark:type":"marine_farm"}}},{"type":"Feature","geometry":{"type":"Polygon","coordinates":[[[120.9536542,13.9588675],[120.9536531,13.9587738],[120.9535633,13.9587722],[120.9535649,13.9588635],[120.9536542,13.9588675]]]},"properties":{"osm_id":1234891243,"osm_type":"way","seamark_type":"marine_farm","display_class":"OTHER","min_zoom":12,"importance":1,"name":null,"ref":null,"common":{"type":"marine_farm"},"children":{},"osm_tags":{"aquaculture":"fish","landuse":"aquaculture","seamark:type":"marine_farm"}}},{"type":"Feature","geometry":{"type":"Polygon","coordinates":[[[120.9528603,13.9586593],[120.9528592,13.9585656],[120.9527694,13.958564],[120.952771,13.9586553],[120.9528603,13.9586593]]]},"properties":{"osm_id":1234891244,"osm_type":"way","seamark_type":"marine_farm","display_class":"OTHER","min_zoom":12,"importance":1,"name":null,"ref":null,"common":{"type":"marine_farm"},"children":{},"osm_tags":{"aquaculture":"fish","landuse":"aquaculture","seamark:type":"marine_farm"}}},{"type":"Feature","geometry":{"type":"Polygon","coordinates":[[[120.9528335,13.9584406],[120.9528431,13.9583521],[120.9527533,13.9583453],[120.9527388,13.9584314],[120.9528335,13.9584406]]]},"properties":{"osm_id":1234891245,"osm_type":"way","seamark_type":"marine_farm","display_class":"OTHER","min_zoom":12,"importance":1,"name":null,"ref":null,"common":{"type":"marine_farm"},"children":{},"osm_tags":{"aquaculture":"fish","landuse":"aquaculture","seamark:type":"marine_farm"}}},{"type":"Feature","geometry":{"type":"Polygon","coordinates":[[[120.9525363,13.9586561],[120.9525285,13.9585674],[120.952439,13.9585772],[120.9524415,13.9586644],[120.9525363,13.9586561]]]},"properties":{"osm_id":1234891246,"osm_type":"way","seamark_type":"marine_farm","display_class":"OTHER","min_zoom":12,"importance":1,"name":null,"ref":null,"common":{"type":"marine_farm"},"children":{},"osm_tags":{"aquaculture":"fish","landuse":"aquaculture","seamark:type":"marine_farm"}}},{"type":"Feature","geometry":{"type":"Polygon","coordinates":[[[120.9526189,13.9584198],[120.9526285,13.9583313],[120.9525387,13.9583245],[120.9525242,13.9584106],[120.9526189,13.9584198]]]},"properties":{"osm_id":1234891247,"osm_type":"way","seamark_type":"marine_farm","display_class":"OTHER","min_zoom":12,"importance":1,"name":null,"ref":null,"common":{"type":"marine_farm"},"children":{},"osm_tags":{"aquaculture":"fish","landuse":"aquaculture","seamark:type":"marine_farm"}}},{"type":"Feature","geometry":{"type":"Polygon","coordinates":[[[120.9522541,13.9583625],[120.9522637,13.958274],[120.9521739,13.9582672],[120.9521595,13.9583533],[120.9522541,13.9583625]]]},"properties":{"osm_id":1234891248,"osm_type":"way","seamark_type":"marine_farm","display_class":"OTHER","min_zoom":12,"importance":1,"name":null,"ref":null,"common":{"type":"marine_farm"},"children":{},"osm_tags":{"aquaculture":"fish","landuse":"aquaculture","seamark:type":"marine_farm"}}},{"type":"Feature","geometry":{"type":"Polygon","coordinates":[[[120.9518809,13.958342],[120.9519209,13.958262],[120.9518388,13.958226],[120.9517951,13.9583022],[120.9518809,13.958342]]]},"properties":{"osm_id":1234891249,"osm_type":"way","seamark_type":"marine_farm","display_class":"OTHER","min_zoom":12,"importance":1,"name":null,"ref":null,"common":{"type":"marine_farm"},"children":{},"osm_tags":{"aquaculture":"fish","landuse":"aquaculture","seamark:type":"marine_farm"}}},{"type":"Feature","geometry":{"type":"Polygon","coordinates":[[[120.9522166,13.9586385],[120.9522262,13.95855],[120.9521364,13.9585432],[120.9521219,13.9586293],[120.9522166,13.9586385]]]},"properties":{"osm_id":1234891250,"osm_type":"way","seamark_type":"marine_farm","display_class":"OTHER","min_zoom":12,"importance":1,"name":null,"ref":null,"common":{"type":"marine_farm"},"children":{},"osm_tags":{"aquaculture":"fish","landuse":"aquaculture","seamark:type":"marine_farm"}}},{"type":"Feature","geometry":{"type":"Polygon","coordinates":[[[120.9519269,13.9585552],[120.9519365,13.9584667],[120.9518467,13.9584599],[120.9518322,13.958546],[120.9519269,13.9585552]]]},"properties":{"osm_id":1234891251,"osm_type":"way","seamark_type":"marine_farm","display_class":"OTHER","min_zoom":12,"importance":1,"name":null,"ref":null,"common":{"type":"marine_farm"},"children":{},"osm_tags":{"aquaculture":"fish","landuse":"aquaculture","seamark:type":"marine_farm"}}},{"type":"Feature","geometry":{"type":"Polygon","coordinates":[[[120.9513797,13.9585031],[120.9513893,13.9584146],[120.9512995,13.9584078],[120.9512851,13.9584939],[120.9513797,13.9585031]]]},"properties":{"osm_id":1234891252,"osm_type":"way","seamark_type":"marine_farm","display_class":"OTHER","min_zoom":12,"importance":1,"name":null,"ref":null,"common":{"type":"marine_farm"},"children":{},"osm_tags":{"aquaculture":"fish","landuse":"aquaculture","seamark:type":"marine_farm"}}},{"type":"Feature","geometry":{"type":"Polygon","coordinates":[[[120.9513028,13.9589056],[120.9513483,13.9588283],[120.9512689,13.9587871],[120.9512199,13.9588602],[120.9513028,13.9589056]]]},"properties":{"osm_id":1234891253,"osm_type":"way","seamark_type":"marine_farm","display_class":"OTHER","min_zoom":12,"importance":1,"name":null,"ref":null,"common":{"type":"marine_farm"},"children":{},"osm_tags":{"aquaculture":"fish","landuse":"aquaculture","seamark:type":"marine_farm"}}},{"type":"Feature","geometry":{"type":"Polygon","coordinates":[[[120.9515038,13.9589731],[120.9515304,13.9588879],[120.9514436,13.9588649],[120.9514126,13.9589468],[120.9515038,13.9589731]]]},"properties":{"osm_id":1234891254,"osm_type":"way","seamark_type":"marine_farm","display_class":"OTHER","min_zoom":12,"importance":1,"name":null,"ref":null,"common":{"type":"marine_farm"},"children":{},"osm_tags":{"aquaculture":"fish","landuse":"aquaculture","seamark:type":"marine_farm"}}},{"type":"Feature","geometry":{"type":"Polygon","coordinates":[[[120.9517069,13.9590133],[120.9517166,13.9589248],[120.9516268,13.958918],[120.9516123,13.9590041],[120.9517069,13.9590133]]]},"properties":{"osm_id":1234891255,"osm_type":"way","seamark_type":"marine_farm","display_class":"OTHER","min_zoom":12,"importance":1,"name":null,"ref":null,"common":{"type":"marine_farm"},"children":{},"osm_tags":{"aquaculture":"fish","landuse":"aquaculture","seamark:type":"marine_farm"}}},{"type":"Feature","geometry":{"type":"Polygon","coordinates":[[[120.9518893,13.9590393],[120.951899,13.9589508],[120.9518092,13.958944],[120.9517947,13.9590301],[120.9518893,13.9590393]]]},"properties":{"osm_id":1234891256,"osm_type":"way","seamark_type":"marine_farm","display_class":"OTHER","min_zoom":12,"importance":1,"name":null,"ref":null,"common":{"type":"marine_farm"},"children":{},"osm_tags":{"aquaculture":"fish","landuse":"aquaculture","seamark:type":"marine_farm"}}},{"type":"Feature","geometry":{"type":"Polygon","coordinates":[[[120.9513153,13.9594714],[120.951325,13.9593829],[120.9512352,13.9593761],[120.9512207,13.9594622],[120.9513153,13.9594714]]]},"properties":{"osm_id":1234891257,"osm_type":"way","seamark_type":"marine_farm","display_class":"OTHER","min_zoom":12,"importance":1,"name":null,"ref":null,"common":{"type":"marine_farm"},"children":{},"osm_tags":{"aquaculture":"fish","landuse":"aquaculture","seamark:type":"marine_farm"}}},{"type":"Feature","geometry":{"type":"Polygon","coordinates":[[[120.9524977,13.9592197],[120.9525303,13.9591366],[120.9524452,13.9591077],[120.9524086,13.9591874],[120.9524977,13.9592197]]]},"properties":{"osm_id":1234891258,"osm_type":"way","seamark_type":"marine_farm","display_class":"OTHER","min_zoom":12,"importance":1,"name":null,"ref":null,"common":{"type":"marine_farm"},"children":{},"osm_tags":{"aquaculture":"fish","landuse":"aquaculture","seamark:type":"marine_farm"}}},{"type":"Feature","geometry":{"type":"Polygon","coordinates":[[[120.9514763,13.9597265],[120.9514859,13.959638],[120.9513961,13.9596312],[120.9513816,13.9597173],[120.9514763,13.9597265]]]},"properties":{"osm_id":1234891259,"osm_type":"way","seamark_type":"marine_farm","display_class":"OTHER","min_zoom":12,"importance":1,"name":null,"ref":null,"common":{"type":"marine_farm"},"children":{},"osm_tags":{"aquaculture":"fish","landuse":"aquaculture","seamark:type":"marine_farm"}}},{"type":"Feature","geometry":{"type":"Polygon","coordinates":[[[120.9516479,13.959789],[120.9516576,13.9597005],[120.9515678,13.9596937],[120.9515533,13.9597798],[120.9516479,13.959789]]]},"properties":{"osm_id":1234891260,"osm_type":"way","seamark_type":"marine_farm","display_class":"OTHER","min_zoom":12,"importance":1,"name":null,"ref":null,"common":{"type":"marine_farm"},"children":{},"osm_tags":{"aquaculture":"fish","landuse":"aquaculture","seamark:type":"marine_farm"}}},{"type":"Feature","geometry":{"type":"Polygon","coordinates":[[[120.951871,13.9597884],[120.9518334,13.9597072],[120.9517523,13.9597453],[120.9517845,13.9598267],[120.951871,13.9597884]]]},"properties":{"osm_id":1234891261,"osm_type":"way","seamark_type":"marine_farm","display_class":"OTHER","min_zoom":12,"importance":1,"name":null,"ref":null,"common":{"type":"marine_farm"},"children":{},"osm_tags":{"aquaculture":"fish","landuse":"aquaculture","seamark:type":"marine_farm"}}},{"type":"Feature","geometry":{"type":"Polygon","coordinates":[[[120.9519982,13.9598837],[120.9520235,13.9597982],[120.9519362,13.9597764],[120.9519066,13.9598587],[120.9519982,13.9598837]]]},"properties":{"osm_id":1234891262,"osm_type":"way","seamark_type":"marine_farm","display_class":"OTHER","min_zoom":12,"importance":1,"name":null,"ref":null,"common":{"type":"marine_farm"},"children":{},"osm_tags":{"aquaculture":"fish","landuse":"aquaculture","seamark:type":"marine_farm"}}},{"type":"Feature","geometry":{"type":"Polygon","coordinates":[[[120.9526457,13.9600076],[120.9526554,13.9599191],[120.9525656,13.9599123],[120.9525511,13.9599984],[120.9526457,13.9600076]]]},"properties":{"osm_id":1234891263,"osm_type":"way","seamark_type":"marine_farm","display_class":"OTHER","min_zoom":12,"importance":1,"name":null,"ref":null,"common":{"type":"marine_farm"},"children":{},"osm_tags":{"aquaculture":"fish","landuse":"aquaculture","seamark:type":"marine_farm"}}},{"type":"Feature","geometry":{"type":"Polygon","coordinates":[[[120.9532817,13.9601825],[120.9533131,13.9600989],[120.9532277,13.9600712],[120.9531921,13.9601513],[120.9532817,13.9601825]]]},"properties":{"osm_id":1234891264,"osm_type":"way","seamark_type":"marine_farm","display_class":"OTHER","min_zoom":12,"importance":1,"name":null,"ref":null,"common":{"type":"marine_farm"},"children":{},"osm_tags":{"aquaculture":"fish","landuse":"aquaculture","seamark:type":"marine_farm"}}},{"type":"Feature","geometry":{"type":"Polygon","coordinates":[[[120.9531509,13.9600551],[120.9530785,13.9600006],[120.9530252,13.9600711],[120.953093,13.9601284],[120.9531509,13.9600551]]]},"properties":{"osm_id":1234891265,"osm_type":"way","seamark_type":"marine_farm","display_class":"OTHER","min_zoom":12,"importance":1,"name":null,"ref":null,"common":{"type":"marine_farm"},"children":{},"osm_tags":{"aquaculture":"fish","landuse":"aquaculture","seamark:type":"marine_farm"}}},{"type":"Feature","geometry":{"type":"Polygon","coordinates":[[[120.9528144,13.9600139],[120.9527956,13.9599268],[120.952708,13.9599471],[120.9527214,13.9600333],[120.9528144,13.9600139]]]},"properties":{"osm_id":1234891266,"osm_type":"way","seamark_type":"marine_farm","display_class":"OTHER","min_zoom":12,"importance":1,"name":null,"ref":null,"common":{"type":"marine_farm"},"children":{},"osm_tags":{"aquaculture":"fish","landuse":"aquaculture","seamark:type":"marine_farm"}}},{"type":"Feature","geometry":{"type":"Polygon","coordinates":[[[120.9537025,13.9597838],[120.9537121,13.9596953],[120.9536223,13.9596885],[120.9536078,13.9597746],[120.9537025,13.9597838]]]},"properties":{"osm_id":1234891267,"osm_type":"way","seamark_type":"marine_farm","display_class":"OTHER","min_zoom":12,"importance":1,"name":null,"ref":null,"common":{"type":"marine_farm"},"children":{},"osm_tags":{"aquaculture":"fish","landuse":"aquaculture","seamark:type":"marine_farm"}}},{"type":"Feature","geometry":{"type":"Polygon","coordinates":[[[120.9530212,13.959487],[120.9530309,13.9593985],[120.9529411,13.9593917],[120.9529266,13.9594778],[120.9530212,13.959487]]]},"properties":{"osm_id":1234891268,"osm_type":"way","seamark_type":"marine_farm","display_class":"OTHER","min_zoom":12,"importance":1,"name":null,"ref":null,"common":{"type":"marine_farm"},"children":{},"osm_tags":{"aquaculture":"fish","landuse":"aquaculture","seamark:type":"marine_farm"}}},{"type":"Feature","geometry":{"type":"Polygon","coordinates":[[[120.953504,13.9592996],[120.9535137,13.9592111],[120.9534239,13.9592043],[120.9534094,13.9592904],[120.953504,13.9592996]]]},"properties":{"osm_id":1234891269,"osm_type":"way","seamark_type":"marine_farm","display_class":"OTHER","min_zoom":12,"importance":1,"name":null,"ref":null,"common":{"type":"marine_farm"},"children":{},"osm_tags":{"aquaculture":"fish","landuse":"aquaculture","seamark:type":"marine_farm"}}},{"type":"Feature","geometry":{"type":"Polygon","coordinates":[[[120.9537186,13.9593413],[120.9537282,13.9592528],[120.9536384,13.959246],[120.9536239,13.9593321],[120.9537186,13.9593413]]]},"properties":{"osm_id":1234891270,"osm_type":"way","seamark_type":"marine_farm","display_class":"OTHER","min_zoom":12,"importance":1,"name":null,"ref":null,"common":{"type":"marine_farm"},"children":{},"osm_tags":{"aquaculture":"fish","landuse":"aquaculture","seamark:type":"marine_farm"}}},{"type":"Feature","geometry":{"type":"Polygon","coordinates":[[[120.9539225,13.9593777],[120.9539321,13.9592892],[120.9538423,13.9592824],[120.9538278,13.9593685],[120.9539225,13.9593777]]]},"properties":{"osm_id":1234891271,"osm_type":"way","seamark_type":"marine_farm","display_class":"OTHER","min_zoom":12,"importance":1,"name":null,"ref":null,"common":{"type":"marine_farm"},"children":{},"osm_tags":{"aquaculture":"fish","landuse":"aquaculture","seamark:type":"marine_farm"}}},{"type":"Feature","geometry":{"type":"Polygon","coordinates":[[[120.9467385,13.9561151],[120.9467955,13.9560394],[120.9467145,13.9559822],[120.9466595,13.9560562],[120.9467385,13.9561151]]]},"properties":{"osm_id":1234897453,"osm_type":"way","seamark_type":"marine_farm","display_class":"OTHER","min_zoom":12,"importance":1,"name":null,"ref":null,"common":{"type":"marine_farm"},"children":{},"osm_tags":{"aquaculture":"fish","landuse":"aquaculture","seamark:type":"marine_farm"}}},{"type":"Feature","geometry":{"type":"Polygon","coordinates":[[[120.9470994,13.9557552],[120.9471176,13.9556632],[120.9470192,13.9556449],[120.9470021,13.9557347],[120.9470994,13.9557552]]]},"properties":{"osm_id":1234897454,"osm_type":"way","seamark_type":"marine_farm","display_class":"OTHER","min_zoom":12,"importance":1,"name":null,"ref":null,"common":{"type":"marine_farm"},"children":{},"osm_tags":{"aquaculture":"fish","landuse":"aquaculture","seamark:type":"marine_farm"}}},{"type":"Feature","geometry":{"type":"Polygon","coordinates":[[[120.9474582,13.955775],[120.9474905,13.9556826],[120.9473915,13.9556591],[120.9473646,13.9557411],[120.9474582,13.955775]]]},"properties":{"osm_id":1234897455,"osm_type":"way","seamark_type":"marine_farm","display_class":"OTHER","min_zoom":12,"importance":1,"name":null,"ref":null,"common":{"type":"marine_farm"},"children":{},"osm_tags":{"aquaculture":"fish","landuse":"aquaculture","seamark:type":"marine_farm"}}},{"type":"Feature","geometry":{"type":"Polygon","coordinates":[[[120.9478928,13.9561603],[120.947925,13.9560835],[120.9478314,13.9560496],[120.9478045,13.9561316],[120.9478928,13.9561603]]]},"properties":{"osm_id":1234897456,"osm_type":"way","seamark_type":"marine_farm","display_class":"OTHER","min_zoom":12,"importance":1,"name":null,"ref":null,"common":{"type":"marine_farm"},"children":{},"osm_tags":{"aquaculture":"fish","landuse":"aquaculture","seamark:type":"marine_farm"}}},{"type":"Feature","geometry":{"type":"Polygon","coordinates":[[[120.9475441,13.9560093],[120.9475763,13.9559169],[120.9474773,13.9558934],[120.9474505,13.9559754],[120.9475441,13.9560093]]]},"properties":{"osm_id":1234897457,"osm_type":"way","seamark_type":"marine_farm","display_class":"OTHER","min_zoom":12,"importance":1,"name":null,"ref":null,"common":{"type":"marine_farm"},"children":{},"osm_tags":{"aquaculture":"fish","landuse":"aquaculture","seamark:type":"marine_farm"}}},{"type":"Feature","geometry":{"type":"Polygon","coordinates":[[[120.947868,13.9557566],[120.9478788,13.9556597],[120.9477769,13.9556576],[120.947769,13.9557433],[120.947868,13.9557566]]]},"properties":{"osm_id":1234897458,"osm_type":"way","seamark_type":"marine_farm","display_class":"OTHER","min_zoom":12,"importance":1,"name":null,"ref":null,"common":{"type":"marine_farm"},"children":{},"osm_tags":{"aquaculture":"fish","landuse":"aquaculture","seamark:type":"marine_farm"}}},{"type":"Feature","geometry":{"type":"Polygon","coordinates":[[[120.9466034,13.9557659],[120.9466115,13.9556687],[120.9465096,13.9556693],[120.9465041,13.9557551],[120.9466034,13.9557659]]]},"properties":{"osm_id":1234897459,"osm_type":"way","seamark_type":"marine_farm","display_class":"OTHER","min_zoom":12,"importance":1,"name":null,"ref":null,"common":{"type":"marine_farm"},"children":{},"osm_tags":{"aquaculture":"fish","landuse":"aquaculture","seamark:type":"marine_farm"}}},{"type":"Feature","geometry":{"type":"Polygon","coordinates":[[[120.9463855,13.9556113],[120.9463658,13.9555157],[120.946268,13.9555434],[120.946287,13.9556274],[120.9463855,13.9556113]]]},"properties":{"osm_id":1234897460,"osm_type":"way","seamark_type":"marine_farm","display_class":"OTHER","min_zoom":12,"importance":1,"name":null,"ref":null,"common":{"type":"marine_farm"},"children":{},"osm_tags":{"aquaculture":"fish","landuse":"aquaculture","seamark:type":"marine_farm"}}},{"type":"Feature","geometry":{"type":"Polygon","coordinates":[[[120.9465195,13.9559989],[120.9465517,13.9559065],[120.9464527,13.955883],[120.9464258,13.955965],[120.9465195,13.9559989]]]},"properties":{"osm_id":1234897461,"osm_type":"way","seamark_type":"marine_farm","display_class":"OTHER","min_zoom":12,"importance":1,"name":null,"ref":null,"common":{"type":"marine_farm"},"children":{},"osm_tags":{"aquaculture":"fish","landuse":"aquaculture","seamark:type":"marine_farm"}}},{"type":"Feature","geometry":{"type":"Polygon","coordinates":[[[120.9460367,13.9556969],[120.9460689,13.9556045],[120.9459699,13.9555811],[120.9459431,13.955663],[120.9460367,13.9556969]]]},"properties":{"osm_id":1234897462,"osm_type":"way","seamark_type":"marine_farm","display_class":"OTHER","min_zoom":12,"importance":1,"name":null,"ref":null,"common":{"type":"marine_farm"},"children":{},"osm_tags":{"aquaculture":"fish","landuse":"aquaculture","seamark:type":"marine_farm"}}},{"type":"Feature","geometry":{"type":"Polygon","coordinates":[[[120.9458637,13.9555832],[120.9458707,13.9554859],[120.9457688,13.9554876],[120.9457643,13.9555735],[120.9458637,13.9555832]]]},"properties":{"osm_id":1234897463,"osm_type":"way","seamark_type":"marine_farm","display_class":"OTHER","min_zoom":12,"importance":1,"name":null,"ref":null,"common":{"type":"marine_farm"},"children":{},"osm_tags":{"aquaculture":"fish","landuse":"aquaculture","seamark:type":"marine_farm"}}},{"type":"Feature","geometry":{"type":"Polygon","coordinates":[[[120.9481288,13.9562123],[120.948161,13.9561199],[120.9480621,13.9560965],[120.9480352,13.9561784],[120.9481288,13.9562123]]]},"properties":{"osm_id":1234897464,"osm_type":"way","seamark_type":"marine_farm","display_class":"OTHER","min_zoom":12,"importance":1,"name":null,"ref":null,"common":{"type":"marine_farm"},"children":{},"osm_tags":{"aquaculture":"fish","landuse":"aquaculture","seamark:type":"marine_farm"}}},{"type":"Feature","geometry":{"type":"Polygon","coordinates":[[[120.9483574,13.9562449],[120.9483658,13.9561478],[120.9482639,13.9561481],[120.9482582,13.9562339],[120.9483574,13.9562449]]]},"properties":{"osm_id":1234897465,"osm_type":"way","seamark_type":"marine_farm","display_class":"OTHER","min_zoom":12,"importance":1,"name":null,"ref":null,"common":{"type":"marine_farm"},"children":{},"osm_tags":{"aquaculture":"fish","landuse":"aquaculture","seamark:type":"marine_farm"}}},{"type":"Feature","geometry":{"type":"Polygon","coordinates":[[[120.9482399,13.9557094],[120.9482101,13.9556163],[120.9481158,13.9556536],[120.9481436,13.9557353],[120.9482399,13.9557094]]]},"properties":{"osm_id":1234897466,"osm_type":"way","seamark_type":"marine_farm","display_class":"OTHER","min_zoom":12,"importance":1,"name":null,"ref":null,"common":{"type":"marine_farm"},"children":{},"osm_tags":{"aquaculture":"fish","landuse":"aquaculture","seamark:type":"marine_farm"}}},{"type":"Feature","geometry":{"type":"Polygon","coordinates":[[[120.9483434,13.9560197],[120.9483488,13.9559794],[120.9482391,13.9559663],[120.9482229,13.9560118],[120.9483434,13.9560197]]]},"properties":{"osm_id":1234897467,"osm_type":"way","seamark_type":"marine_farm","display_class":"OTHER","min_zoom":12,"importance":1,"name":null,"ref":null,"common":{"type":"marine_farm"},"children":{},"osm_tags":{"aquaculture":"fish","landuse":"aquaculture","seamark:type":"marine_farm"}}},{"type":"Feature","geometry":{"type":"Polygon","coordinates":[[[120.9475353,13.9564641],[120.9476058,13.9563946],[120.9475273,13.9563316],[120.9474663,13.956394],[120.9475353,13.9564641]]]},"properties":{"osm_id":1234897468,"osm_type":"way","seamark_type":"marine_farm","display_class":"OTHER","min_zoom":12,"importance":1,"name":null,"ref":null,"common":{"type":"marine_farm"},"children":{},"osm_tags":{"aquaculture":"fish","landuse":"aquaculture","seamark:type":"marine_farm"}}},{"type":"Feature","geometry":{"type":"Polygon","coordinates":[[[120.9469532,13.956349],[120.947015,13.9562721],[120.9469296,13.9562183],[120.9468763,13.956287],[120.9469532,13.956349]]]},"properties":{"osm_id":1234897469,"osm_type":"way","seamark_type":"marine_farm","display_class":"OTHER","min_zoom":12,"importance":1,"name":null,"ref":null,"common":{"type":"marine_farm"},"children":{},"osm_tags":{"aquaculture":"fish","landuse":"aquaculture","seamark:type":"marine_farm"}}},{"type":"Feature","geometry":{"type":"Polygon","coordinates":[[[120.9458436,13.9559364],[120.9458758,13.955844],[120.9457768,13.9558205],[120.9457499,13.9559025],[120.9458436,13.9559364]]]},"properties":{"osm_id":1234897470,"osm_type":"way","seamark_type":"marine_farm","display_class":"OTHER","min_zoom":12,"importance":1,"name":null,"ref":null,"common":{"type":"marine_farm"},"children":{},"osm_tags":{"aquaculture":"fish","landuse":"aquaculture","seamark:type":"marine_farm"}}},{"type":"Feature","geometry":{"type":"Polygon","coordinates":[[[120.9461137,13.9562187],[120.9461342,13.9561232],[120.946033,13.9561115],[120.9460165,13.956196],[120.9461137,13.9562187]]]},"properties":{"osm_id":1234897471,"osm_type":"way","seamark_type":"marine_farm","display_class":"OTHER","min_zoom":12,"importance":1,"name":null,"ref":null,"common":{"type":"marine_farm"},"children":{},"osm_tags":{"aquaculture":"fish","landuse":"aquaculture","seamark:type":"marine_farm"}}},{"type":"Feature","geometry":{"type":"Polygon","coordinates":[[[120.9478874,13.9568683],[120.9479196,13.9567759],[120.9478207,13.9567524],[120.9477938,13.9568344],[120.9478874,13.9568683]]]},"properties":{"osm_id":1234897472,"osm_type":"way","seamark_type":"marine_farm","display_class":"OTHER","min_zoom":12,"importance":1,"name":null,"ref":null,"common":{"type":"marine_farm"},"children":{},"osm_tags":{"aquaculture":"fish","landuse":"aquaculture","seamark:type":"marine_farm"}}},{"type":"Feature","geometry":{"type":"Polygon","coordinates":[[[120.9481397,13.9573617],[120.948187,13.9572757],[120.9480933,13.9572369],[120.948053,13.9573135],[120.9481397,13.9573617]]]},"properties":{"osm_id":1234897473,"osm_type":"way","seamark_type":"marine_farm","display_class":"OTHER","min_zoom":12,"importance":1,"name":null,"ref":null,"common":{"type":"marine_farm"},"children":{},"osm_tags":{"aquaculture":"fish","landuse":"aquaculture","seamark:type":"marine_farm"}}},{"type":"Feature","geometry":{"type":"Polygon","coordinates":[[[120.9482522,13.9575867],[120.9482844,13.9574943],[120.9481854,13.9574709],[120.9481586,13.9575528],[120.9482522,13.9575867]]]},"properties":{"osm_id":1234897474,"osm_type":"way","seamark_type":"marine_farm","display_class":"OTHER","min_zoom":12,"importance":1,"name":null,"ref":null,"common":{"type":"marine_farm"},"children":{},"osm_tags":{"aquaculture":"fish","landuse":"aquaculture","seamark:type":"marine_farm"}}},{"type":"Feature","geometry":{"type":"Polygon","coordinates":[[[120.9484399,13.9579355],[120.9484722,13.9578431],[120.9483732,13.9578197],[120.9483463,13.9579016],[120.9484399,13.9579355]]]},"properties":{"osm_id":1234897475,"osm_type":"way","seamark_type":"marine_farm","display_class":"OTHER","min_zoom":12,"importance":1,"name":null,"ref":null,"common":{"type":"marine_farm"},"children":{},"osm_tags":{"aquaculture":"fish","landuse":"aquaculture","seamark:type":"marine_farm"}}},{"type":"Feature","geometry":{"type":"Polygon","coordinates":[[[120.9481985,13.9578991],[120.9482308,13.9578067],[120.9481318,13.9577832],[120.9481049,13.9578652],[120.9481985,13.9578991]]]},"properties":{"osm_id":1234897476,"osm_type":"way","seamark_type":"marine_farm","display_class":"OTHER","min_zoom":12,"importance":1,"name":null,"ref":null,"common":{"type":"marine_farm"},"children":{},"osm_tags":{"aquaculture":"fish","landuse":"aquaculture","seamark:type":"marine_farm"}}},{"type":"Feature","geometry":{"type":"Polygon","coordinates":[[[120.9480095,13.9577926],[120.9480515,13.957704],[120.9479556,13.9576706],[120.94792,13.9577494],[120.9480095,13.9577926]]]},"properties":{"osm_id":1234897477,"osm_type":"way","seamark_type":"marine_farm","display_class":"OTHER","min_zoom":12,"importance":1,"name":null,"ref":null,"common":{"type":"marine_farm"},"children":{},"osm_tags":{"aquaculture":"fish","landuse":"aquaculture","seamark:type":"marine_farm"}}},{"type":"Feature","geometry":{"type":"Polygon","coordinates":[[[120.9479033,13.9575187],[120.947897,13.9574214],[120.9477963,13.9574361],[120.9478034,13.9575219],[120.9479033,13.9575187]]]},"properties":{"osm_id":1234897478,"osm_type":"way","seamark_type":"marine_farm","display_class":"OTHER","min_zoom":12,"importance":1,"name":null,"ref":null,"common":{"type":"marine_farm"},"children":{},"osm_tags":{"aquaculture":"fish","landuse":"aquaculture","seamark:type":"marine_farm"}}},{"type":"Feature","geometry":{"type":"Polygon","coordinates":[[[120.9477045,13.9572043],[120.9477011,13.9571103],[120.9476058,13.9571136],[120.9476092,13.9572075],[120.9477045,13.9572043]]]},"properties":{"osm_id":1234897479,"osm_type":"way","seamark_type":"marine_farm","display_class":"OTHER","min_zoom":12,"importance":1,"name":null,"ref":null,"common":{"type":"marine_farm"},"children":{},"osm_tags":{"aquaculture":"fish","landuse":"aquaculture","seamark:type":"marine_farm"}}},{"type":"Feature","geometry":{"type":"Polygon","coordinates":[[[120.9471318,13.9569416],[120.9471462,13.9568486],[120.9470519,13.9568348],[120.9470375,13.9569278],[120.9471318,13.9569416]]]},"properties":{"osm_id":1234897480,"osm_type":"way","seamark_type":"marine_farm","display_class":"OTHER","min_zoom":12,"importance":1,"name":null,"ref":null,"common":{"type":"marine_farm"},"children":{},"osm_tags":{"aquaculture":"fish","landuse":"aquaculture","seamark:type":"marine_farm"}}},{"type":"Feature","geometry":{"type":"Polygon","coordinates":[[[120.946974,13.9569171],[120.9469922,13.9568247],[120.9468986,13.9568073],[120.9468804,13.9568997],[120.946974,13.9569171]]]},"properties":{"osm_id":1234897481,"osm_type":"way","seamark_type":"marine_farm","display_class":"OTHER","min_zoom":12,"importance":1,"name":null,"ref":null,"common":{"type":"marine_farm"},"children":{},"osm_tags":{"aquaculture":"fish","landuse":"aquaculture","seamark:type":"marine_farm"}}},{"type":"Feature","geometry":{"type":"Polygon","coordinates":[[[120.9474704,13.9569507],[120.9474504,13.9568587],[120.9473571,13.9568778],[120.9473771,13.9569698],[120.9474704,13.9569507]]]},"properties":{"osm_id":1234897482,"osm_type":"way","seamark_type":"marine_farm","display_class":"OTHER","min_zoom":12,"importance":1,"name":null,"ref":null,"common":{"type":"marine_farm"},"children":{},"osm_tags":{"aquaculture":"fish","landuse":"aquaculture","seamark:type":"marine_farm"}}},{"type":"Feature","geometry":{"type":"Polygon","coordinates":[[[120.9463951,13.9567247],[120.9464294,13.9566367],[120.9463402,13.956604],[120.9463059,13.9566919],[120.9463951,13.9567247]]]},"properties":{"osm_id":1234897483,"osm_type":"way","seamark_type":"marine_farm","display_class":"OTHER","min_zoom":12,"importance":1,"name":null,"ref":null,"common":{"type":"marine_farm"},"children":{},"osm_tags":{"aquaculture":"fish","landuse":"aquaculture","seamark:type":"marine_farm"}}},{"type":"Feature","geometry":{"type":"Polygon","coordinates":[[[120.9460336,13.9566815],[120.946063,13.9565919],[120.9459721,13.9565639],[120.9459428,13.9566535],[120.9460336,13.9566815]]]},"properties":{"osm_id":1234897484,"osm_type":"way","seamark_type":"marine_farm","display_class":"OTHER","min_zoom":12,"importance":1,"name":null,"ref":null,"common":{"type":"marine_farm"},"children":{},"osm_tags":{"aquaculture":"fish","landuse":"aquaculture","seamark:type":"marine_farm"}}},{"type":"Feature","geometry":{"type":"Polygon","coordinates":[[[120.9462674,13.9570358],[120.9462831,13.956943],[120.946189,13.956928],[120.9461733,13.9570208],[120.9462674,13.9570358]]]},"properties":{"osm_id":1234897485,"osm_type":"way","seamark_type":"marine_farm","display_class":"OTHER","min_zoom":12,"importance":1,"name":null,"ref":null,"common":{"type":"marine_farm"},"children":{},"osm_tags":{"aquaculture":"fish","landuse":"aquaculture","seamark:type":"marine_farm"}}},{"type":"Feature","geometry":{"type":"Polygon","coordinates":[[[120.9464223,13.9573539],[120.9464392,13.9572613],[120.9463453,13.9572451],[120.9463284,13.9573377],[120.9464223,13.9573539]]]},"properties":{"osm_id":1234897486,"osm_type":"way","seamark_type":"marine_farm","display_class":"OTHER","min_zoom":12,"importance":1,"name":null,"ref":null,"common":{"type":"marine_farm"},"children":{},"osm_tags":{"aquaculture":"fish","landuse":"aquaculture","seamark:type":"marine_farm"}}},{"type":"Feature","geometry":{"type":"Polygon","coordinates":[[[120.9460207,13.9575876],[120.9460363,13.9574948],[120.9459422,13.9574799],[120.9459265,13.9575727],[120.9460207,13.9575876]]]},"properties":{"osm_id":1234897487,"osm_type":"way","seamark_type":"marine_farm","display_class":"OTHER","min_zoom":12,"importance":1,"name":null,"ref":null,"common":{"type":"marine_farm"},"children":{},"osm_tags":{"aquaculture":"fish","landuse":"aquaculture","seamark:type":"marine_farm"}}},{"type":"Feature","geometry":{"type":"Polygon","coordinates":[[[120.946661,13.9575887],[120.9467192,13.9575135],[120.9466429,13.957458],[120.9465848,13.9575332],[120.946661,13.9575887]]]},"properties":{"osm_id":1234897488,"osm_type":"way","seamark_type":"marine_farm","display_class":"OTHER","min_zoom":12,"importance":1,"name":null,"ref":null,"common":{"type":"marine_farm"},"children":{},"osm_tags":{"aquaculture":"fish","landuse":"aquaculture","seamark:type":"marine_farm"}}},{"type":"Feature","geometry":{"type":"Polygon","coordinates":[[[120.9464336,13.9577016],[120.9464813,13.9576197],[120.9463983,13.9575742],[120.9463506,13.957656],[120.9464336,13.9577016]]]},"properties":{"osm_id":1234897489,"osm_type":"way","seamark_type":"marine_farm","display_class":"OTHER","min_zoom":12,"importance":1,"name":null,"ref":null,"common":{"type":"marine_farm"},"children":{},"osm_tags":{"aquaculture":"fish","landuse":"aquaculture","seamark:type":"marine_farm"}}},{"type":"Feature","geometry":{"type":"Polygon","coordinates":[[[120.9458428,13.9579799],[120.9458504,13.9578861],[120.9457553,13.9578789],[120.9457477,13.9579727],[120.9458428,13.9579799]]]},"properties":{"osm_id":1234897490,"osm_type":"way","seamark_type":"marine_farm","display_class":"OTHER","min_zoom":12,"importance":1,"name":null,"ref":null,"common":{"type":"marine_farm"},"children":{},"osm_tags":{"aquaculture":"fish","landuse":"aquaculture","seamark:type":"marine_farm"}}},{"type":"Feature","geometry":{"type":"Polygon","coordinates":[[[120.9459962,13.9580129],[120.9460077,13.9579195],[120.9459131,13.9579084],[120.9459015,13.9580018],[120.9459962,13.9580129]]]},"properties":{"osm_id":1234897491,"osm_type":"way","seamark_type":"marine_farm","display_class":"OTHER","min_zoom":12,"importance":1,"name":null,"ref":null,"common":{"type":"marine_farm"},"children":{},"osm_tags":{"aquaculture":"fish","landuse":"aquaculture","seamark:type":"marine_farm"}}},{"type":"Feature","geometry":{"type":"Polygon","coordinates":[[[120.9461487,13.9580495],[120.9461743,13.9579588],[120.9460824,13.9579343],[120.9460567,13.958025],[120.9461487,13.9580495]]]},"properties":{"osm_id":1234897492,"osm_type":"way","seamark_type":"marine_farm","display_class":"OTHER","min_zoom":12,"importance":1,"name":null,"ref":null,"common":{"type":"marine_farm"},"children":{},"osm_tags":{"aquaculture":"fish","landuse":"aquaculture","seamark:type":"marine_farm"}}},{"type":"Feature","geometry":{"type":"Polygon","coordinates":[[[120.9464072,13.9581089],[120.9464395,13.9580203],[120.9463496,13.9579894],[120.9463173,13.958078],[120.9464072,13.9581089]]]},"properties":{"osm_id":1234897493,"osm_type":"way","seamark_type":"marine_farm","display_class":"OTHER","min_zoom":12,"importance":1,"name":null,"ref":null,"common":{"type":"marine_farm"},"children":{},"osm_tags":{"aquaculture":"fish","landuse":"aquaculture","seamark:type":"marine_farm"}}},{"type":"Feature","geometry":{"type":"Polygon","coordinates":[[[120.9467121,13.9580008],[120.9467087,13.9579068],[120.9466134,13.9579101],[120.9466167,13.9580041],[120.9467121,13.9580008]]]},"properties":{"osm_id":1234897494,"osm_type":"way","seamark_type":"marine_farm","display_class":"OTHER","min_zoom":12,"importance":1,"name":null,"ref":null,"common":{"type":"marine_farm"},"children":{},"osm_tags":{"aquaculture":"fish","landuse":"aquaculture","seamark:type":"marine_farm"}}},{"type":"Feature","geometry":{"type":"Polygon","coordinates":[[[120.9468945,13.9579956],[120.9468911,13.9579016],[120.9467958,13.9579049],[120.9467991,13.9579988],[120.9468945,13.9579956]]]},"properties":{"osm_id":1234897495,"osm_type":"way","seamark_type":"marine_farm","display_class":"OTHER","min_zoom":12,"importance":1,"name":null,"ref":null,"common":{"type":"marine_farm"},"children":{},"osm_tags":{"aquaculture":"fish","landuse":"aquaculture","seamark:type":"marine_farm"}}},{"type":"Feature","geometry":{"type":"Polygon","coordinates":[[[120.9470361,13.9580378],[120.9470581,13.9579462],[120.9469653,13.9579252],[120.9469432,13.9580167],[120.9470361,13.9580378]]]},"properties":{"osm_id":1234897496,"osm_type":"way","seamark_type":"marine_farm","display_class":"OTHER","min_zoom":12,"importance":1,"name":null,"ref":null,"common":{"type":"marine_farm"},"children":{},"osm_tags":{"aquaculture":"fish","landuse":"aquaculture","seamark:type":"marine_farm"}}},{"type":"Feature","geometry":{"type":"Polygon","coordinates":[[[120.9471916,13.9580899],[120.9472137,13.9579983],[120.9471208,13.9579772],[120.9470988,13.9580688],[120.9471916,13.9580899]]]},"properties":{"osm_id":1234897497,"osm_type":"way","seamark_type":"marine_farm","display_class":"OTHER","min_zoom":12,"importance":1,"name":null,"ref":null,"common":{"type":"marine_farm"},"children":{},"osm_tags":{"aquaculture":"fish","landuse":"aquaculture","seamark:type":"marine_farm"}}},{"type":"Feature","geometry":{"type":"Polygon","coordinates":[[[120.9473257,13.9581419],[120.9473478,13.9580504],[120.947255,13.9580293],[120.9472329,13.9581208],[120.9473257,13.9581419]]]},"properties":{"osm_id":1234897498,"osm_type":"way","seamark_type":"marine_farm","display_class":"OTHER","min_zoom":12,"importance":1,"name":null,"ref":null,"common":{"type":"marine_farm"},"children":{},"osm_tags":{"aquaculture":"fish","landuse":"aquaculture","seamark:type":"marine_farm"}}},{"type":"Feature","geometry":{"type":"Polygon","coordinates":[[[120.9475561,13.9580032],[120.9476021,13.9579204],[120.9475181,13.9578765],[120.9474721,13.9579593],[120.9475561,13.9580032]]]},"properties":{"osm_id":1234897499,"osm_type":"way","seamark_type":"marine_farm","display_class":"OTHER","min_zoom":12,"importance":1,"name":null,"ref":null,"common":{"type":"marine_farm"},"children":{},"osm_tags":{"aquaculture":"fish","landuse":"aquaculture","seamark:type":"marine_farm"}}},{"type":"Feature","geometry":{"type":"Polygon","coordinates":[[[120.9474545,13.9579285],[120.9474842,13.9578889],[120.9474347,13.9578579],[120.9474152,13.9578901],[120.9474545,13.9579285]]]},"properties":{"osm_id":1234897500,"osm_type":"way","seamark_type":"marine_farm","display_class":"OTHER","min_zoom":12,"importance":1,"name":null,"ref":null,"common":{"type":"marine_farm"},"children":{},"osm_tags":{"aquaculture":"fish","landuse":"aquaculture","seamark:type":"marine_farm"}}},{"type":"Feature","geometry":{"type":"Polygon","coordinates":[[[120.947699,13.9580775],[120.9477449,13.9579947],[120.947661,13.9579508],[120.947615,13.9580335],[120.947699,13.9580775]]]},"properties":{"osm_id":1234897501,"osm_type":"way","seamark_type":"marine_farm","display_class":"OTHER","min_zoom":12,"importance":1,"name":null,"ref":null,"common":{"type":"marine_farm"},"children":{},"osm_tags":{"aquaculture":"fish","landuse":"aquaculture","seamark:type":"marine_farm"}}},{"type":"Feature","geometry":{"type":"Polygon","coordinates":[[[120.9474427,13.9576756],[120.9474684,13.9575849],[120.9473764,13.9575603],[120.9473507,13.957651],[120.9474427,13.9576756]]]},"properties":{"osm_id":1234897502,"osm_type":"way","seamark_type":"marine_farm","display_class":"OTHER","min_zoom":12,"importance":1,"name":null,"ref":null,"common":{"type":"marine_farm"},"children":{},"osm_tags":{"aquaculture":"fish","landuse":"aquaculture","seamark:type":"marine_farm"}}},{"type":"Feature","geometry":{"type":"Polygon","coordinates":[[[120.947583,13.9577325],[120.9476087,13.9576418],[120.9475168,13.9576173],[120.947491,13.957708],[120.947583,13.9577325]]]},"properties":{"osm_id":1234897503,"osm_type":"way","seamark_type":"marine_farm","display_class":"OTHER","min_zoom":12,"importance":1,"name":null,"ref":null,"common":{"type":"marine_farm"},"children":{},"osm_tags":{"aquaculture":"fish","landuse":"aquaculture","seamark:type":"marine_farm"}}},{"type":"Feature","geometry":{"type":"Polygon","coordinates":[[[120.9477029,13.9577721],[120.9477286,13.9576815],[120.9476367,13.9576569],[120.9476109,13.9577476],[120.9477029,13.9577721]]]},"properties":{"osm_id":1234897504,"osm_type":"way","seamark_type":"marine_farm","display_class":"OTHER","min_zoom":12,"importance":1,"name":null,"ref":null,"common":{"type":"marine_farm"},"children":{},"osm_tags":{"aquaculture":"fish","landuse":"aquaculture","seamark:type":"marine_farm"}}},{"type":"Feature","geometry":{"type":"Polygon","coordinates":[[[120.9447417,13.9582178],[120.9447675,13.9581271],[120.9446755,13.9581026],[120.9446498,13.9581933],[120.9447417,13.9582178]]]},"properties":{"osm_id":1234905059,"osm_type":"way","seamark_type":"marine_farm","display_class":"OTHER","min_zoom":12,"importance":1,"name":null,"ref":null,"common":{"type":"marine_farm"},"children":{},"osm_tags":{"aquaculture":"fish","landuse":"aquaculture","seamark:type":"marine_farm"}}},{"type":"Feature","geometry":{"type":"Polygon","coordinates":[[[120.944613,13.9581606],[120.9446387,13.9580699],[120.9445468,13.9580453],[120.944521,13.958136],[120.944613,13.9581606]]]},"properties":{"osm_id":1234905060,"osm_type":"way","seamark_type":"marine_farm","display_class":"OTHER","min_zoom":12,"importance":1,"name":null,"ref":null,"common":{"type":"marine_farm"},"children":{},"osm_tags":{"aquaculture":"fish","landuse":"aquaculture","seamark:type":"marine_farm"}}},{"type":"Feature","geometry":{"type":"Polygon","coordinates":[[[120.9450012,13.9582761],[120.9450109,13.9581742],[120.9449097,13.958167],[120.9449063,13.9582647],[120.9449285,13.9582674],[120.9450012,13.9582761]]]},"properties":{"osm_id":1234905061,"osm_type":"way","seamark_type":"marine_farm","display_class":"OTHER","min_zoom":12,"importance":1,"name":null,"ref":null,"common":{"type":"marine_farm"},"children":{},"osm_tags":{"aquaculture":"fish","landuse":"aquaculture","seamark:type":"marine_farm"}}},{"type":"Feature","geometry":{"type":"Polygon","coordinates":[[[120.9449994,13.9583169],[120.9450012,13.9582761],[120.9449332,13.9582718],[120.944933,13.9583171],[120.9449994,13.9583169]]]},"properties":{"osm_id":1234905062,"osm_type":"way","seamark_type":"marine_farm","display_class":"OTHER","min_zoom":12,"importance":1,"name":null,"ref":null,"common":{"type":"marine_farm"},"children":{},"osm_tags":{"aquaculture":"fish","landuse":"aquaculture","seamark:type":"marine_farm"}}},{"type":"Feature","geometry":{"type":"Polygon","coordinates":[[[120.9449378,13.9583107],[120.9449285,13.9582674],[120.9448715,13.9582656],[120.9448713,13.9583109],[120.9449378,13.9583107]]]},"properties":{"osm_id":1234905063,"osm_type":"way","seamark_type":"marine_farm","display_class":"OTHER","min_zoom":12,"importance":1,"name":null,"ref":null,"common":{"type":"marine_farm"},"children":{},"osm_tags":{"aquaculture":"fish","landuse":"aquaculture","seamark:type":"marine_farm"}}},{"type":"Feature","geometry":{"type":"Polygon","coordinates":[[[120.9452605,13.9582466],[120.9452662,13.958147],[120.9451596,13.9581412],[120.9451539,13.9582409],[120.9452605,13.9582466]]]},"properties":{"osm_id":1234905064,"osm_type":"way","seamark_type":"marine_farm","display_class":"OTHER","min_zoom":12,"importance":1,"name":null,"ref":null,"common":{"type":"marine_farm"},"children":{},"osm_tags":{"aquaculture":"fish","landuse":"aquaculture","seamark:type":"marine_farm"}}},{"type":"Feature","geometry":{"type":"Polygon","coordinates":[[[120.9449395,13.9590966],[120.9449452,13.9589969],[120.9448386,13.9589912],[120.9448329,13.9590908],[120.9449395,13.9590966]]]},"properties":{"osm_id":1234905065,"osm_type":"way","seamark_type":"marine_farm","display_class":"OTHER","min_zoom":12,"importance":1,"name":null,"ref":null,"common":{"type":"marine_farm"},"children":{},"osm_tags":{"aquaculture":"fish","landuse":"aquaculture","seamark:type":"marine_farm"}}},{"type":"Feature","geometry":{"type":"Polygon","coordinates":[[[120.9447844,13.9590409],[120.94479,13.9589412],[120.9446834,13.9589355],[120.9446777,13.9590351],[120.9447844,13.9590409]]]},"properties":{"osm_id":1234905066,"osm_type":"way","seamark_type":"marine_farm","display_class":"OTHER","min_zoom":12,"importance":1,"name":null,"ref":null,"common":{"type":"marine_farm"},"children":{},"osm_tags":{"aquaculture":"fish","landuse":"aquaculture","seamark:type":"marine_farm"}}},{"type":"Feature","geometry":{"type":"Polygon","coordinates":[[[120.9445437,13.9590392],[120.9445419,13.9589394],[120.9444351,13.9589413],[120.944437,13.9590411],[120.9445437,13.9590392]]]},"properties":{"osm_id":1234905067,"osm_type":"way","seamark_type":"marine_farm","display_class":"OTHER","min_zoom":12,"importance":1,"name":null,"ref":null,"common":{"type":"marine_farm"},"children":{},"osm_tags":{"aquaculture":"fish","landuse":"aquaculture","seamark:type":"marine_farm"}}},{"type":"Feature","geometry":{"type":"Polygon","coordinates":[[[120.9444989,13.9586544],[120.9445273,13.9585585],[120.9444247,13.9585298],[120.9443963,13.9586257],[120.9444989,13.9586544]]]},"properties":{"osm_id":1234905068,"osm_type":"way","seamark_type":"marine_farm","display_class":"OTHER","min_zoom":12,"importance":1,"name":null,"ref":null,"common":{"type":"marine_farm"},"children":{},"osm_tags":{"aquaculture":"fish","landuse":"aquaculture","seamark:type":"marine_farm"}}},{"type":"Feature","geometry":{"type":"Polygon","coordinates":[[[120.944788,13.9586585],[120.9448164,13.9585626],[120.9447138,13.9585339],[120.9446854,13.9586298],[120.944788,13.9586585]]]},"properties":{"osm_id":1234905069,"osm_type":"way","seamark_type":"marine_farm","display_class":"OTHER","min_zoom":12,"importance":1,"name":null,"ref":null,"common":{"type":"marine_farm"},"children":{},"osm_tags":{"aquaculture":"fish","landuse":"aquaculture","seamark:type":"marine_farm"}}},{"type":"Feature","geometry":{"type":"Polygon","coordinates":[[[120.9449538,13.958677],[120.9449822,13.9585812],[120.9448796,13.9585525],[120.9448512,13.9586484],[120.9449538,13.958677]]]},"properties":{"osm_id":1234905070,"osm_type":"way","seamark_type":"marine_farm","display_class":"OTHER","min_zoom":12,"importance":1,"name":null,"ref":null,"common":{"type":"marine_farm"},"children":{},"osm_tags":{"aquaculture":"fish","landuse":"aquaculture","seamark:type":"marine_farm"}}},{"type":"Feature","geometry":{"type":"Polygon","coordinates":[[[120.9451281,13.9586915],[120.9451247,13.9586018],[120.9450327,13.9585938],[120.945034,13.9586752],[120.9451281,13.9586915]]]},"properties":{"osm_id":1234905071,"osm_type":"way","seamark_type":"marine_farm","display_class":"OTHER","min_zoom":12,"importance":1,"name":null,"ref":null,"common":{"type":"marine_farm"},"children":{},"osm_tags":{"aquaculture":"fish","landuse":"aquaculture","seamark:type":"marine_farm"}}},{"type":"Feature","geometry":{"type":"Polygon","coordinates":[[[120.9452812,13.9587162],[120.9452692,13.9586245],[120.9451687,13.9586165],[120.9451743,13.9587041],[120.9452812,13.9587162]]]},"properties":{"osm_id":1234905072,"osm_type":"way","seamark_type":"marine_farm","display_class":"OTHER","min_zoom":12,"importance":1,"name":null,"ref":null,"common":{"type":"marine_farm"},"children":{},"osm_tags":{"aquaculture":"fish","landuse":"aquaculture","seamark:type":"marine_farm"}}},{"type":"Feature","geometry":{"type":"Polygon","coordinates":[[[120.9454172,13.9587369],[120.945435,13.9586472],[120.9453452,13.958635],[120.9453274,13.9587227],[120.9454172,13.9587369]]]},"properties":{"osm_id":1234905073,"osm_type":"way","seamark_type":"marine_farm","display_class":"OTHER","min_zoom":12,"importance":1,"name":null,"ref":null,"common":{"type":"marine_farm"},"children":{},"osm_tags":{"aquaculture":"fish","landuse":"aquaculture","seamark:type":"marine_farm"}}},{"type":"Feature","geometry":{"type":"Polygon","coordinates":[[[120.9455287,13.9587905],[120.9455521,13.958702],[120.9454632,13.9586846],[120.9454399,13.958771],[120.9455287,13.9587905]]]},"properties":{"osm_id":1234905074,"osm_type":"way","seamark_type":"marine_farm","display_class":"OTHER","min_zoom":12,"importance":1,"name":null,"ref":null,"common":{"type":"marine_farm"},"children":{},"osm_tags":{"aquaculture":"fish","landuse":"aquaculture","seamark:type":"marine_farm"}}},{"type":"Feature","geometry":{"type":"Polygon","coordinates":[[[120.9456412,13.9588627],[120.9456781,13.9587787],[120.9455929,13.9587484],[120.9455564,13.9588304],[120.9456412,13.9588627]]]},"properties":{"osm_id":1234905075,"osm_type":"way","seamark_type":"marine_farm","display_class":"OTHER","min_zoom":12,"importance":1,"name":null,"ref":null,"common":{"type":"marine_farm"},"children":{},"osm_tags":{"aquaculture":"fish","landuse":"aquaculture","seamark:type":"marine_farm"}}},{"type":"Feature","geometry":{"type":"Polygon","coordinates":[[[120.9457809,13.9589021],[120.9458275,13.9588228],[120.9457465,13.9587832],[120.9457005,13.9588606],[120.9457809,13.9589021]]]},"properties":{"osm_id":1234905076,"osm_type":"way","seamark_type":"marine_farm","display_class":"OTHER","min_zoom":12,"importance":1,"name":null,"ref":null,"common":{"type":"marine_farm"},"children":{},"osm_tags":{"aquaculture":"fish","landuse":"aquaculture","seamark:type":"marine_farm"}}},{"type":"Feature","geometry":{"type":"Polygon","coordinates":[[[120.9453917,13.958512],[120.9454095,13.9584223],[120.9453175,13.958404],[120.9452955,13.9584937],[120.9453917,13.958512]]]},"properties":{"osm_id":1234905077,"osm_type":"way","seamark_type":"marine_farm","display_class":"OTHER","min_zoom":12,"importance":1,"name":null,"ref":null,"common":{"type":"marine_farm"},"children":{},"osm_tags":{"aquaculture":"fish","landuse":"aquaculture","seamark:type":"marine_farm"}}},{"type":"Feature","geometry":{"type":"Polygon","coordinates":[[[120.9456121,13.9584253],[120.9455907,13.9583363],[120.9455035,13.9583608],[120.9455241,13.9584479],[120.9456121,13.9584253]]]},"properties":{"osm_id":1234905078,"osm_type":"way","seamark_type":"marine_farm","display_class":"OTHER","min_zoom":12,"importance":1,"name":null,"ref":null,"common":{"type":"marine_farm"},"children":{},"osm_tags":{"aquaculture":"fish","landuse":"aquaculture","seamark:type":"marine_farm"}}},{"type":"Feature","geometry":{"type":"Polygon","coordinates":[[[120.945747,13.9583866],[120.9457229,13.9582983],[120.945628,13.9583273],[120.9456555,13.958424],[120.945747,13.9583866]]]},"properties":{"osm_id":1234905079,"osm_type":"way","seamark_type":"marine_farm","display_class":"OTHER","min_zoom":12,"importance":1,"name":null,"ref":null,"common":{"type":"marine_farm"},"children":{},"osm_tags":{"aquaculture":"fish","landuse":"aquaculture","seamark:type":"marine_farm"}}},{"type":"Feature","geometry":{"type":"Polygon","coordinates":[[[120.9453875,13.9582644],[120.9454053,13.9581747],[120.9453154,13.9581626],[120.9452976,13.9582503],[120.9453875,13.9582644]]]},"properties":{"osm_id":1234905080,"osm_type":"way","seamark_type":"marine_farm","display_class":"OTHER","min_zoom":12,"importance":1,"name":null,"ref":null,"common":{"type":"marine_farm"},"children":{},"osm_tags":{"aquaculture":"fish","landuse":"aquaculture","seamark:type":"marine_farm"}}},{"type":"Feature","geometry":{"type":"Polygon","coordinates":[[[120.9450192,13.9593819],[120.945037,13.9592922],[120.9449472,13.95928],[120.9449294,13.9593677],[120.9450192,13.9593819]]]},"properties":{"osm_id":1234905081,"osm_type":"way","seamark_type":"marine_farm","display_class":"OTHER","min_zoom":12,"importance":1,"name":null,"ref":null,"common":{"type":"marine_farm"},"children":{},"osm_tags":{"aquaculture":"fish","landuse":"aquaculture","seamark:type":"marine_farm"}}},{"type":"Feature","geometry":{"type":"Polygon","coordinates":[[[120.9451541,13.9593964],[120.9451719,13.9593067],[120.945082,13.9592946],[120.9450643,13.9593822],[120.9451541,13.9593964]]]},"properties":{"osm_id":1234905082,"osm_type":"way","seamark_type":"marine_farm","display_class":"OTHER","min_zoom":12,"importance":1,"name":null,"ref":null,"common":{"type":"marine_farm"},"children":{},"osm_tags":{"aquaculture":"fish","landuse":"aquaculture","seamark:type":"marine_farm"}}},{"type":"Feature","geometry":{"type":"Polygon","coordinates":[[[120.9452861,13.9593909],[120.9452802,13.9592997],[120.9451901,13.9593098],[120.9451954,13.959399],[120.9452861,13.9593909]]]},"properties":{"osm_id":1234905083,"osm_type":"way","seamark_type":"marine_farm","display_class":"OTHER","min_zoom":12,"importance":1,"name":null,"ref":null,"common":{"type":"marine_farm"},"children":{},"osm_tags":{"aquaculture":"fish","landuse":"aquaculture","seamark:type":"marine_farm"}}},{"type":"Feature","geometry":{"type":"Polygon","coordinates":[[[120.9454388,13.9594255],[120.9454566,13.9593358],[120.9453668,13.9593236],[120.945349,13.9594113],[120.9454388,13.9594255]]]},"properties":{"osm_id":1234905084,"osm_type":"way","seamark_type":"marine_farm","display_class":"OTHER","min_zoom":12,"importance":1,"name":null,"ref":null,"common":{"type":"marine_farm"},"children":{},"osm_tags":{"aquaculture":"fish","landuse":"aquaculture","seamark:type":"marine_farm"}}},{"type":"Feature","geometry":{"type":"Polygon","coordinates":[[[120.9457335,13.9594691],[120.9457513,13.9593794],[120.9456615,13.9593673],[120.9456437,13.9594549],[120.9457335,13.9594691]]]},"properties":{"osm_id":1234905085,"osm_type":"way","seamark_type":"marine_farm","display_class":"OTHER","min_zoom":12,"importance":1,"name":null,"ref":null,"common":{"type":"marine_farm"},"children":{},"osm_tags":{"aquaculture":"fish","landuse":"aquaculture","seamark:type":"marine_farm"}}},{"type":"Feature","geometry":{"type":"Polygon","coordinates":[[[120.945529,13.9599697],[120.9455271,13.9598783],[120.9454366,13.9598847],[120.9454381,13.959974],[120.945529,13.9599697]]]},"properties":{"osm_id":1234905086,"osm_type":"way","seamark_type":"marine_farm","display_class":"OTHER","min_zoom":12,"importance":1,"name":null,"ref":null,"common":{"type":"marine_farm"},"children":{},"osm_tags":{"aquaculture":"fish","landuse":"aquaculture","seamark:type":"marine_farm"}}},{"type":"Feature","geometry":{"type":"Polygon","coordinates":[[[120.9453875,13.9599858],[120.945389,13.9598945],[120.9452983,13.9598977],[120.9452965,13.959987],[120.9453875,13.9599858]]]},"properties":{"osm_id":1234905087,"osm_type":"way","seamark_type":"marine_farm","display_class":"OTHER","min_zoom":12,"importance":1,"name":null,"ref":null,"common":{"type":"marine_farm"},"children":{},"osm_tags":{"aquaculture":"fish","landuse":"aquaculture","seamark:type":"marine_farm"}}},{"type":"Feature","geometry":{"type":"Polygon","coordinates":[[[120.9450642,13.9599151],[120.945082,13.9598254],[120.9449921,13.9598132],[120.9449743,13.9599009],[120.9450642,13.9599151]]]},"properties":{"osm_id":1234905088,"osm_type":"way","seamark_type":"marine_farm","display_class":"OTHER","min_zoom":12,"importance":1,"name":null,"ref":null,"common":{"type":"marine_farm"},"children":{},"osm_tags":{"aquaculture":"fish","landuse":"aquaculture","seamark:type":"marine_farm"}}},{"type":"Feature","geometry":{"type":"Polygon","coordinates":[[[120.9449094,13.9599054],[120.9449272,13.9598157],[120.9448373,13.9598035],[120.9448195,13.9598912],[120.9449094,13.9599054]]]},"properties":{"osm_id":1234905089,"osm_type":"way","seamark_type":"marine_farm","display_class":"OTHER","min_zoom":12,"importance":1,"name":null,"ref":null,"common":{"type":"marine_farm"},"children":{},"osm_tags":{"aquaculture":"fish","landuse":"aquaculture","seamark:type":"marine_farm"}}},{"type":"Feature","geometry":{"type":"Polygon","coordinates":[[[120.944391,13.9595954],[120.9443975,13.9595043],[120.9443068,13.9595028],[120.9443001,13.9595919],[120.944391,13.9595954]]]},"properties":{"osm_id":1234905090,"osm_type":"way","seamark_type":"marine_farm","display_class":"OTHER","min_zoom":12,"importance":1,"name":null,"ref":null,"common":{"type":"marine_farm"},"children":{},"osm_tags":{"aquaculture":"fish","landuse":"aquaculture","seamark:type":"marine_farm"}}},{"type":"Feature","geometry":{"type":"Polygon","coordinates":[[[120.9442391,13.9596316],[120.9442397,13.9595402],[120.9441491,13.9595442],[120.9441481,13.9596335],[120.9442391,13.9596316]]]},"properties":{"osm_id":1234905091,"osm_type":"way","seamark_type":"marine_farm","display_class":"OTHER","min_zoom":12,"importance":1,"name":null,"ref":null,"common":{"type":"marine_farm"},"children":{},"osm_tags":{"aquaculture":"fish","landuse":"aquaculture","seamark:type":"marine_farm"}}},{"type":"Feature","geometry":{"type":"Polygon","coordinates":[[[120.9440888,13.959569],[120.9440904,13.9594777],[120.9439997,13.9594807],[120.9439978,13.95957],[120.9440888,13.959569]]]},"properties":{"osm_id":1234905092,"osm_type":"way","seamark_type":"marine_farm","display_class":"OTHER","min_zoom":12,"importance":1,"name":null,"ref":null,"common":{"type":"marine_farm"},"children":{},"osm_tags":{"aquaculture":"fish","landuse":"aquaculture","seamark:type":"marine_farm"}}},{"type":"Feature","geometry":{"type":"Polygon","coordinates":[[[120.9446446,13.9599114],[120.9446533,13.9598205],[120.9445627,13.9598169],[120.9445538,13.9599058],[120.9446446,13.9599114]]]},"properties":{"osm_id":1234905093,"osm_type":"way","seamark_type":"marine_farm","display_class":"OTHER","min_zoom":12,"importance":1,"name":null,"ref":null,"common":{"type":"marine_farm"},"children":{},"osm_tags":{"aquaculture":"fish","landuse":"aquaculture","seamark:type":"marine_farm"}}},{"type":"Feature","geometry":{"type":"Polygon","coordinates":[[[120.9444998,13.9598811],[120.9445176,13.9597914],[120.9444277,13.9597793],[120.9444099,13.9598669],[120.9444998,13.9598811]]]},"properties":{"osm_id":1234905094,"osm_type":"way","seamark_type":"marine_farm","display_class":"OTHER","min_zoom":12,"importance":1,"name":null,"ref":null,"common":{"type":"marine_farm"},"children":{},"osm_tags":{"aquaculture":"fish","landuse":"aquaculture","seamark:type":"marine_farm"}}},{"type":"Feature","geometry":{"type":"Polygon","coordinates":[[[120.9443117,13.9598505],[120.9442948,13.9597606],[120.9442065,13.9597809],[120.9442227,13.9598689],[120.9443117,13.9598505]]]},"properties":{"osm_id":1234905095,"osm_type":"way","seamark_type":"marine_farm","display_class":"OTHER","min_zoom":12,"importance":1,"name":null,"ref":null,"common":{"type":"marine_farm"},"children":{},"osm_tags":{"aquaculture":"fish","landuse":"aquaculture","seamark:type":"marine_farm"}}},{"type":"Feature","geometry":{"type":"Polygon","coordinates":[[[120.9441581,13.9598698],[120.9441502,13.9597788],[120.9440603,13.9597907],[120.9440677,13.9598798],[120.9441581,13.9598698]]]},"properties":{"osm_id":1234905096,"osm_type":"way","seamark_type":"marine_farm","display_class":"OTHER","min_zoom":12,"importance":1,"name":null,"ref":null,"common":{"type":"marine_farm"},"children":{},"osm_tags":{"aquaculture":"fish","landuse":"aquaculture","seamark:type":"marine_farm"}}},{"type":"Feature","geometry":{"type":"Polygon","coordinates":[[[120.9439853,13.9598278],[120.9440031,13.9597381],[120.9439132,13.959726],[120.9438954,13.9598136],[120.9439853,13.9598278]]]},"properties":{"osm_id":1234905097,"osm_type":"way","seamark_type":"marine_farm","display_class":"OTHER","min_zoom":12,"importance":1,"name":null,"ref":null,"common":{"type":"marine_farm"},"children":{},"osm_tags":{"aquaculture":"fish","landuse":"aquaculture","seamark:type":"marine_farm"}}},{"type":"Feature","geometry":{"type":"Polygon","coordinates":[[[120.9444648,13.960172],[120.9444826,13.9600823],[120.9443927,13.9600701],[120.944375,13.9601578],[120.9444648,13.960172]]]},"properties":{"osm_id":1234905098,"osm_type":"way","seamark_type":"marine_farm","display_class":"OTHER","min_zoom":12,"importance":1,"name":null,"ref":null,"common":{"type":"marine_farm"},"children":{},"osm_tags":{"aquaculture":"fish","landuse":"aquaculture","seamark:type":"marine_farm"}}},{"type":"Feature","geometry":{"type":"Polygon","coordinates":[[[120.94426,13.9604871],[120.9442778,13.9603974],[120.944188,13.9603852],[120.9441702,13.9604729],[120.94426,13.9604871]]]},"properties":{"osm_id":1234905099,"osm_type":"way","seamark_type":"marine_farm","display_class":"OTHER","min_zoom":12,"importance":1,"name":null,"ref":null,"common":{"type":"marine_farm"},"children":{},"osm_tags":{"aquaculture":"fish","landuse":"aquaculture","seamark:type":"marine_farm"}}},{"type":"Feature","geometry":{"type":"Polygon","coordinates":[[[120.9444548,13.9605016],[120.9444726,13.9604119],[120.9443828,13.9603998],[120.944365,13.9604874],[120.9444548,13.9605016]]]},"properties":{"osm_id":1234905100,"osm_type":"way","seamark_type":"marine_farm","display_class":"OTHER","min_zoom":12,"importance":1,"name":null,"ref":null,"common":{"type":"marine_farm"},"children":{},"osm_tags":{"aquaculture":"fish","landuse":"aquaculture","seamark:type":"marine_farm"}}},{"type":"Feature","geometry":{"type":"Polygon","coordinates":[[[120.9448095,13.9602399],[120.9448123,13.9601501],[120.9447274,13.9601525],[120.9447196,13.9602257],[120.9448095,13.9602399]]]},"properties":{"osm_id":1234905101,"osm_type":"way","seamark_type":"marine_farm","display_class":"OTHER","min_zoom":12,"importance":1,"name":null,"ref":null,"common":{"type":"marine_farm"},"children":{},"osm_tags":{"aquaculture":"fish","landuse":"aquaculture","seamark:type":"marine_farm"}}},{"type":"Feature","geometry":{"type":"Polygon","coordinates":[[[120.9449343,13.9602399],[120.9449521,13.9601501],[120.9448623,13.960138],[120.9448445,13.9602257],[120.9449343,13.9602399]]]},"properties":{"osm_id":1234905102,"osm_type":"way","seamark_type":"marine_farm","display_class":"OTHER","min_zoom":12,"importance":1,"name":null,"ref":null,"common":{"type":"marine_farm"},"children":{},"osm_tags":{"aquaculture":"fish","landuse":"aquaculture","seamark:type":"marine_farm"}}},{"type":"Feature","geometry":{"type":"Polygon","coordinates":[[[120.9450842,13.9602641],[120.945102,13.9601744],[120.9450121,13.9601622],[120.9449943,13.9602499],[120.9450842,13.9602641]]]},"properties":{"osm_id":1234905103,"osm_type":"way","seamark_type":"marine_farm","display_class":"OTHER","min_zoom":12,"importance":1,"name":null,"ref":null,"common":{"type":"marine_farm"},"children":{},"osm_tags":{"aquaculture":"fish","landuse":"aquaculture","seamark:type":"marine_farm"}}},{"type":"Feature","geometry":{"type":"Polygon","coordinates":[[[120.945299,13.9602883],[120.9453168,13.9601986],[120.9452269,13.9601865],[120.9452091,13.9602741],[120.945299,13.9602883]]]},"properties":{"osm_id":1234905104,"osm_type":"way","seamark_type":"marine_farm","display_class":"OTHER","min_zoom":12,"importance":1,"name":null,"ref":null,"common":{"type":"marine_farm"},"children":{},"osm_tags":{"aquaculture":"fish","landuse":"aquaculture","seamark:type":"marine_farm"}}},{"type":"Feature","geometry":{"type":"Polygon","coordinates":[[[120.9455024,13.9603251],[120.9455039,13.9602338],[120.9454132,13.960237],[120.9454114,13.9603263],[120.9455024,13.9603251]]]},"properties":{"osm_id":1234905105,"osm_type":"way","seamark_type":"marine_farm","display_class":"OTHER","min_zoom":12,"importance":1,"name":null,"ref":null,"common":{"type":"marine_farm"},"children":{},"osm_tags":{"aquaculture":"fish","landuse":"aquaculture","seamark:type":"marine_farm"}}},{"type":"Feature","geometry":{"type":"Polygon","coordinates":[[[120.9457735,13.9603756],[120.9457913,13.9602859],[120.9457014,13.9602737],[120.9456836,13.9603614],[120.9457735,13.9603756]]]},"properties":{"osm_id":1234905106,"osm_type":"way","seamark_type":"marine_farm","display_class":"OTHER","min_zoom":12,"importance":1,"name":null,"ref":null,"common":{"type":"marine_farm"},"children":{},"osm_tags":{"aquaculture":"fish","landuse":"aquaculture","seamark:type":"marine_farm"}}},{"type":"Feature","geometry":{"type":"Polygon","coordinates":[[[120.9430284,13.9585105],[120.9430381,13.9584421],[120.9429922,13.958436],[120.9429825,13.9585044],[120.9430284,13.9585105]]]},"properties":{"osm_id":1234905107,"osm_type":"way","seamark_type":"marine_farm","display_class":"OTHER","min_zoom":12,"importance":1,"name":null,"ref":null,"common":{"type":"marine_farm"},"children":{},"osm_tags":{"aquaculture":"fish","landuse":"aquaculture","seamark:type":"marine_farm"}}},{"type":"Feature","geometry":{"type":"Polygon","coordinates":[[[120.9429707,13.9585203],[120.9429659,13.9585518],[120.9430097,13.9585575],[120.9430167,13.9585261],[120.9429707,13.9585203]]]},"properties":{"osm_id":1234905108,"osm_type":"way","seamark_type":"marine_farm","display_class":"OTHER","min_zoom":12,"importance":1,"name":null,"ref":null,"common":{"type":"marine_farm"},"children":{},"osm_tags":{"aquaculture":"fish","landuse":"aquaculture","seamark:type":"marine_farm"}}},{"type":"Feature","geometry":{"type":"Polygon","coordinates":[[[120.9429622,13.9585552],[120.9429574,13.9585867],[120.9430012,13.9585924],[120.9430082,13.9585609],[120.9429622,13.9585552]]]},"properties":{"osm_id":1234905109,"osm_type":"way","seamark_type":"marine_farm","display_class":"OTHER","min_zoom":12,"importance":1,"name":null,"ref":null,"common":{"type":"marine_farm"},"children":{},"osm_tags":{"aquaculture":"fish","landuse":"aquaculture","seamark:type":"marine_farm"}}},{"type":"Feature","geometry":{"type":"Polygon","coordinates":[[[120.9732147,13.9843132],[120.9732522,13.9843894],[120.9733371,13.9843492],[120.973298,13.9842706],[120.9732147,13.9843132]]]},"properties":{"osm_id":1234907058,"osm_type":"way","seamark_type":"marine_farm","display_class":"OTHER","min_zoom":12,"importance":1,"name":null,"ref":null,"common":{"type":"marine_farm"},"children":{},"osm_tags":{"aquaculture":"fish","landuse":"aquaculture","seamark:type":"marine_farm"}}},{"type":"Feature","geometry":{"type":"Polygon","coordinates":[[[120.973155,13.9841743],[120.9731925,13.9842505],[120.9732773,13.9842103],[120.9732383,13.9841317],[120.973155,13.9841743]]]},"properties":{"osm_id":1234907059,"osm_type":"way","seamark_type":"marine_farm","display_class":"OTHER","min_zoom":12,"importance":1,"name":null,"ref":null,"common":{"type":"marine_farm"},"children":{},"osm_tags":{"aquaculture":"fish","landuse":"aquaculture","seamark:type":"marine_farm"}}},{"type":"Feature","geometry":{"type":"Polygon","coordinates":[[[120.973089,13.9840474],[120.9731265,13.9841236],[120.9732114,13.9840834],[120.9731723,13.9840048],[120.973089,13.9840474]]]},"properties":{"osm_id":1234907060,"osm_type":"way","seamark_type":"marine_farm","display_class":"OTHER","min_zoom":12,"importance":1,"name":null,"ref":null,"common":{"type":"marine_farm"},"children":{},"osm_tags":{"aquaculture":"fish","landuse":"aquaculture","seamark:type":"marine_farm"}}},{"type":"Feature","geometry":{"type":"Polygon","coordinates":[[[120.9716712,13.9817008],[120.9716916,13.981783],[120.9717832,13.9817608],[120.9717672,13.9816656],[120.9716712,13.9817008]]]},"properties":{"osm_id":1234908572,"osm_type":"way","seamark_type":"marine_farm","display_class":"OTHER","min_zoom":12,"importance":1,"name":null,"ref":null,"common":{"type":"marine_farm"},"children":{},"osm_tags":{"aquaculture":"fish","landuse":"aquaculture","seamark:type":"marine_farm"}}},{"type":"Feature","geometry":{"type":"Polygon","coordinates":[[[120.9716495,13.9815347],[120.9716705,13.9816167],[120.971762,13.9815938],[120.97174,13.9815092],[120.9716495,13.9815347]]]},"properties":{"osm_id":1234908573,"osm_type":"way","seamark_type":"marine_farm","display_class":"OTHER","min_zoom":12,"importance":1,"name":null,"ref":null,"common":{"type":"marine_farm"},"children":{},"osm_tags":{"aquaculture":"fish","landuse":"aquaculture","seamark:type":"marine_farm"}}},{"type":"Feature","geometry":{"type":"Polygon","coordinates":[[[120.9716473,13.981337],[120.9716601,13.9814205],[120.9717534,13.9814063],[120.9717398,13.98132],[120.9716473,13.981337]]]},"properties":{"osm_id":1234908574,"osm_type":"way","seamark_type":"marine_farm","display_class":"OTHER","min_zoom":12,"importance":1,"name":null,"ref":null,"common":{"type":"marine_farm"},"children":{},"osm_tags":{"aquaculture":"fish","landuse":"aquaculture","seamark:type":"marine_farm"}}},{"type":"Feature","geometry":{"type":"Polygon","coordinates":[[[120.971237,13.9819158],[120.9712745,13.981992],[120.9713594,13.9819518],[120.9713204,13.9818732],[120.971237,13.9819158]]]},"properties":{"osm_id":1234908575,"osm_type":"way","seamark_type":"marine_farm","display_class":"OTHER","min_zoom":12,"importance":1,"name":null,"ref":null,"common":{"type":"marine_farm"},"children":{},"osm_tags":{"aquaculture":"fish","landuse":"aquaculture","seamark:type":"marine_farm"}}},{"type":"Feature","geometry":{"type":"Polygon","coordinates":[[[120.9712048,13.9817909],[120.9712423,13.9818671],[120.9713272,13.9818269],[120.9712882,13.9817483],[120.9712048,13.9817909]]]},"properties":{"osm_id":1234908576,"osm_type":"way","seamark_type":"marine_farm","display_class":"OTHER","min_zoom":12,"importance":1,"name":null,"ref":null,"common":{"type":"marine_farm"},"children":{},"osm_tags":{"aquaculture":"fish","landuse":"aquaculture","seamark:type":"marine_farm"}}},{"type":"Feature","geometry":{"type":"Polygon","coordinates":[[[120.9711619,13.9816816],[120.9711994,13.9817578],[120.9712843,13.9817176],[120.9712453,13.981639],[120.9711619,13.9816816]]]},"properties":{"osm_id":1234908577,"osm_type":"way","seamark_type":"marine_farm","display_class":"OTHER","min_zoom":12,"importance":1,"name":null,"ref":null,"common":{"type":"marine_farm"},"children":{},"osm_tags":{"aquaculture":"fish","landuse":"aquaculture","seamark:type":"marine_farm"}}},{"type":"Feature","geometry":{"type":"Polygon","coordinates":[[[120.9710278,13.9812964],[120.9710653,13.9813726],[120.9711502,13.9813324],[120.9711111,13.9812538],[120.9710278,13.9812964]]]},"properties":{"osm_id":1234908578,"osm_type":"way","seamark_type":"marine_farm","display_class":"OTHER","min_zoom":12,"importance":1,"name":null,"ref":null,"common":{"type":"marine_farm"},"children":{},"osm_tags":{"aquaculture":"fish","landuse":"aquaculture","seamark:type":"marine_farm"}}},{"type":"Feature","geometry":{"type":"Polygon","coordinates":[[[120.9710063,13.9811871],[120.9710439,13.9812633],[120.9711287,13.9812231],[120.9710897,13.9811445],[120.9710063,13.9811871]]]},"properties":{"osm_id":1234908579,"osm_type":"way","seamark_type":"marine_farm","display_class":"OTHER","min_zoom":12,"importance":1,"name":null,"ref":null,"common":{"type":"marine_farm"},"children":{},"osm_tags":{"aquaculture":"fish","landuse":"aquaculture","seamark:type":"marine_farm"}}},{"type":"Feature","geometry":{"type":"Polygon","coordinates":[[[120.9709795,13.9810673],[120.971017,13.9811435],[120.9711019,13.9811033],[120.9710629,13.9810247],[120.9709795,13.9810673]]]},"properties":{"osm_id":1234908580,"osm_type":"way","seamark_type":"marine_farm","display_class":"OTHER","min_zoom":12,"importance":1,"name":null,"ref":null,"common":{"type":"marine_farm"},"children":{},"osm_tags":{"aquaculture":"fish","landuse":"aquaculture","seamark:type":"marine_farm"}}},{"type":"Feature","geometry":{"type":"Polygon","coordinates":[[[120.9458354,13.9595732],[120.9458532,13.9594835],[120.9457634,13.9594714],[120.9457456,13.959559],[120.9458354,13.9595732]]]},"properties":{"osm_id":1234941425,"osm_type":"way","seamark_type":"marine_farm","display_class":"OTHER","min_zoom":12,"importance":1,"name":null,"ref":null,"common":{"type":"marine_farm"},"children":{},"osm_tags":{"aquaculture":"fish","landuse":"aquaculture","seamark:type":"marine_farm"}}},{"type":"Feature","geometry":{"type":"Polygon","coordinates":[[[120.9458622,13.9594691],[120.94588,13.9593794],[120.9457902,13.9593673],[120.9457724,13.9594549],[120.9458622,13.9594691]]]},"properties":{"osm_id":1234941426,"osm_type":"way","seamark_type":"marine_farm","display_class":"OTHER","min_zoom":12,"importance":1,"name":null,"ref":null,"common":{"type":"marine_farm"},"children":{},"osm_tags":{"aquaculture":"fish","landuse":"aquaculture","seamark:type":"marine_farm"}}},{"type":"Feature","geometry":{"type":"Polygon","coordinates":[[[120.9459856,13.9594795],[120.9460034,13.9593898],[120.9459136,13.9593777],[120.9458958,13.9594653],[120.9459856,13.9594795]]]},"properties":{"osm_id":1234941427,"osm_type":"way","seamark_type":"marine_farm","display_class":"OTHER","min_zoom":12,"importance":1,"name":null,"ref":null,"common":{"type":"marine_farm"},"children":{},"osm_tags":{"aquaculture":"fish","landuse":"aquaculture","seamark:type":"marine_farm"}}},{"type":"Feature","geometry":{"type":"Polygon","coordinates":[[[120.9462002,13.959542],[120.946218,13.9594523],[120.9461282,13.9594402],[120.9461104,13.9595278],[120.9462002,13.959542]]]},"properties":{"osm_id":1234941428,"osm_type":"way","seamark_type":"marine_farm","display_class":"OTHER","min_zoom":12,"importance":1,"name":null,"ref":null,"common":{"type":"marine_farm"},"children":{},"osm_tags":{"aquaculture":"fish","landuse":"aquaculture","seamark:type":"marine_farm"}}},{"type":"Feature","geometry":{"type":"Polygon","coordinates":[[[120.9458837,13.9599689],[120.9459015,13.9598792],[120.9458117,13.9598671],[120.9457939,13.9599547],[120.9458837,13.9599689]]]},"properties":{"osm_id":1234941429,"osm_type":"way","seamark_type":"marine_farm","display_class":"OTHER","min_zoom":12,"importance":1,"name":null,"ref":null,"common":{"type":"marine_farm"},"children":{},"osm_tags":{"aquaculture":"fish","landuse":"aquaculture","seamark:type":"marine_farm"}}},{"type":"Feature","geometry":{"type":"Polygon","coordinates":[[[120.9460071,13.9599689],[120.9460249,13.9598792],[120.9459351,13.9598671],[120.9459173,13.9599547],[120.9460071,13.9599689]]]},"properties":{"osm_id":1234941430,"osm_type":"way","seamark_type":"marine_farm","display_class":"OTHER","min_zoom":12,"importance":1,"name":null,"ref":null,"common":{"type":"marine_farm"},"children":{},"osm_tags":{"aquaculture":"fish","landuse":"aquaculture","seamark:type":"marine_farm"}}},{"type":"Feature","geometry":{"type":"Polygon","coordinates":[[[120.9461373,13.9599481],[120.9461424,13.9598568],[120.9460517,13.9598567],[120.9460464,13.9599458],[120.9461373,13.9599481]]]},"properties":{"osm_id":1234941431,"osm_type":"way","seamark_type":"marine_farm","display_class":"OTHER","min_zoom":12,"importance":1,"name":null,"ref":null,"common":{"type":"marine_farm"},"children":{},"osm_tags":{"aquaculture":"fish","landuse":"aquaculture","seamark:type":"marine_farm"}}},{"type":"Feature","geometry":{"type":"Polygon","coordinates":[[[120.9459159,13.9604218],[120.9459337,13.9603321],[120.9458439,13.96032],[120.9458261,13.9604076],[120.9459159,13.9604218]]]},"properties":{"osm_id":1234941432,"osm_type":"way","seamark_type":"marine_farm","display_class":"OTHER","min_zoom":12,"importance":1,"name":null,"ref":null,"common":{"type":"marine_farm"},"children":{},"osm_tags":{"aquaculture":"fish","landuse":"aquaculture","seamark:type":"marine_farm"}}},{"type":"Feature","geometry":{"type":"Polygon","coordinates":[[[120.9461627,13.9603697],[120.9461805,13.96028],[120.9460907,13.9602679],[120.9460729,13.9603555],[120.9461627,13.9603697]]]},"properties":{"osm_id":1234941433,"osm_type":"way","seamark_type":"marine_farm","display_class":"OTHER","min_zoom":12,"importance":1,"name":null,"ref":null,"common":{"type":"marine_farm"},"children":{},"osm_tags":{"aquaculture":"fish","landuse":"aquaculture","seamark:type":"marine_farm"}}},{"type":"Feature","geometry":{"type":"Polygon","coordinates":[[[120.9463021,13.9604166],[120.9463199,13.9603269],[120.9462301,13.9603148],[120.9462123,13.9604024],[120.9463021,13.9604166]]]},"properties":{"osm_id":1234941434,"osm_type":"way","seamark_type":"marine_farm","display_class":"OTHER","min_zoom":12,"importance":1,"name":null,"ref":null,"common":{"type":"marine_farm"},"children":{},"osm_tags":{"aquaculture":"fish","landuse":"aquaculture","seamark:type":"marine_farm"}}},{"type":"Feature","geometry":{"type":"Polygon","coordinates":[[[120.9463463,13.959575],[120.9463641,13.9594853],[120.9462743,13.9594732],[120.9462565,13.9595608],[120.9463463,13.959575]]]},"properties":{"osm_id":1234941435,"osm_type":"way","seamark_type":"marine_farm","display_class":"OTHER","min_zoom":12,"importance":1,"name":null,"ref":null,"common":{"type":"marine_farm"},"children":{},"osm_tags":{"aquaculture":"fish","landuse":"aquaculture","seamark:type":"marine_farm"}}},{"type":"Feature","geometry":{"type":"Polygon","coordinates":[[[120.9461105,13.9589125],[120.9461167,13.9588213],[120.9460261,13.9588201],[120.9460196,13.9589092],[120.9461105,13.9589125]]]},"properties":{"osm_id":1234941436,"osm_type":"way","seamark_type":"marine_farm","display_class":"OTHER","min_zoom":12,"importance":1,"name":null,"ref":null,"common":{"type":"marine_farm"},"children":{},"osm_tags":{"aquaculture":"fish","landuse":"aquaculture","seamark:type":"marine_farm"}}},{"type":"Feature","geometry":{"type":"Polygon","coordinates":[[[120.9462396,13.9588968],[120.9462458,13.9588057],[120.9461552,13.9588044],[120.9461487,13.9588935],[120.9462396,13.9588968]]]},"properties":{"osm_id":1234941437,"osm_type":"way","seamark_type":"marine_farm","display_class":"OTHER","min_zoom":12,"importance":1,"name":null,"ref":null,"common":{"type":"marine_farm"},"children":{},"osm_tags":{"aquaculture":"fish","landuse":"aquaculture","seamark:type":"marine_farm"}}},{"type":"Feature","geometry":{"type":"Polygon","coordinates":[[[120.946372,13.9589209],[120.9464007,13.9588339],[120.946313,13.9588116],[120.9462846,13.9588965],[120.946372,13.9589209]]]},"properties":{"osm_id":1234941438,"osm_type":"way","seamark_type":"marine_farm","display_class":"OTHER","min_zoom":12,"importance":1,"name":null,"ref":null,"common":{"type":"marine_farm"},"children":{},"osm_tags":{"aquaculture":"fish","landuse":"aquaculture","seamark:type":"marine_farm"}}},{"type":"Feature","geometry":{"type":"Polygon","coordinates":[[[120.9467459,13.9590604],[120.9467827,13.9589764],[120.9466976,13.9589462],[120.9466612,13.9590282],[120.9467459,13.9590604]]]},"properties":{"osm_id":1234941439,"osm_type":"way","seamark_type":"marine_farm","display_class":"OTHER","min_zoom":12,"importance":1,"name":null,"ref":null,"common":{"type":"marine_farm"},"children":{},"osm_tags":{"aquaculture":"fish","landuse":"aquaculture","seamark:type":"marine_farm"}}},{"type":"Feature","geometry":{"type":"Polygon","coordinates":[[[120.9466177,13.9590347],[120.946647,13.9589479],[120.9465595,13.9589249],[120.9465305,13.9590097],[120.9466177,13.9590347]]]},"properties":{"osm_id":1234941440,"osm_type":"way","seamark_type":"marine_farm","display_class":"OTHER","min_zoom":12,"importance":1,"name":null,"ref":null,"common":{"type":"marine_farm"},"children":{},"osm_tags":{"aquaculture":"fish","landuse":"aquaculture","seamark:type":"marine_farm"}}},{"type":"Feature","geometry":{"type":"Polygon","coordinates":[[[120.9469093,13.9590887],[120.9469116,13.9589897],[120.9468169,13.9589846],[120.9468184,13.9590854],[120.9469093,13.9590887]]]},"properties":{"osm_id":1234941441,"osm_type":"way","seamark_type":"marine_farm","display_class":"OTHER","min_zoom":12,"importance":1,"name":null,"ref":null,"common":{"type":"marine_farm"},"children":{},"osm_tags":{"aquaculture":"fish","landuse":"aquaculture","seamark:type":"marine_farm"}}},{"type":"Feature","geometry":{"type":"Polygon","coordinates":[[[120.9458727,13.9583721],[120.9458702,13.9582808],[120.9457798,13.9582877],[120.9457818,13.9583769],[120.9458727,13.9583721]]]},"properties":{"osm_id":1234941442,"osm_type":"way","seamark_type":"marine_farm","display_class":"OTHER","min_zoom":12,"importance":1,"name":null,"ref":null,"common":{"type":"marine_farm"},"children":{},"osm_tags":{"aquaculture":"fish","landuse":"aquaculture","seamark:type":"marine_farm"}}},{"type":"Feature","geometry":{"type":"Polygon","coordinates":[[[120.9460059,13.9583799],[120.9460033,13.9582885],[120.9459129,13.9582956],[120.945915,13.9583848],[120.9460059,13.9583799]]]},"properties":{"osm_id":1234941443,"osm_type":"way","seamark_type":"marine_farm","display_class":"OTHER","min_zoom":12,"importance":1,"name":null,"ref":null,"common":{"type":"marine_farm"},"children":{},"osm_tags":{"aquaculture":"fish","landuse":"aquaculture","seamark:type":"marine_farm"}}},{"type":"Feature","geometry":{"type":"Polygon","coordinates":[[[120.9461444,13.9583745],[120.9461389,13.9582833],[120.9460488,13.9582931],[120.9460537,13.9583822],[120.9461444,13.9583745]]]},"properties":{"osm_id":1234941444,"osm_type":"way","seamark_type":"marine_farm","display_class":"OTHER","min_zoom":12,"importance":1,"name":null,"ref":null,"common":{"type":"marine_farm"},"children":{},"osm_tags":{"aquaculture":"fish","landuse":"aquaculture","seamark:type":"marine_farm"}}},{"type":"Feature","geometry":{"type":"Polygon","coordinates":[[[120.9464352,13.9584668],[120.9464528,13.9583771],[120.9463629,13.9583652],[120.9463453,13.9584528],[120.9464352,13.9584668]]]},"properties":{"osm_id":1234941445,"osm_type":"way","seamark_type":"marine_farm","display_class":"OTHER","min_zoom":12,"importance":1,"name":null,"ref":null,"common":{"type":"marine_farm"},"children":{},"osm_tags":{"aquaculture":"fish","landuse":"aquaculture","seamark:type":"marine_farm"}}},{"type":"Feature","geometry":{"type":"Polygon","coordinates":[[[120.9465866,13.9584857],[120.9465928,13.9583946],[120.9465022,13.9583933],[120.9464957,13.9584824],[120.9465866,13.9584857]]]},"properties":{"osm_id":1234941446,"osm_type":"way","seamark_type":"marine_farm","display_class":"OTHER","min_zoom":12,"importance":1,"name":null,"ref":null,"common":{"type":"marine_farm"},"children":{},"osm_tags":{"aquaculture":"fish","landuse":"aquaculture","seamark:type":"marine_farm"}}},{"type":"Feature","geometry":{"type":"Polygon","coordinates":[[[120.9466238,13.9582447],[120.9466562,13.958159],[120.9465696,13.958133],[120.9465375,13.9582167],[120.9466238,13.9582447]]]},"properties":{"osm_id":1234941447,"osm_type":"way","seamark_type":"marine_farm","display_class":"OTHER","min_zoom":12,"importance":1,"name":null,"ref":null,"common":{"type":"marine_farm"},"children":{},"osm_tags":{"aquaculture":"fish","landuse":"aquaculture","seamark:type":"marine_farm"}}},{"type":"Feature","geometry":{"type":"Polygon","coordinates":[[[120.9467797,13.9583218],[120.9468081,13.9582347],[120.9467203,13.9582126],[120.9466922,13.9582976],[120.9467797,13.9583218]]]},"properties":{"osm_id":1234941448,"osm_type":"way","seamark_type":"marine_farm","display_class":"OTHER","min_zoom":12,"importance":1,"name":null,"ref":null,"common":{"type":"marine_farm"},"children":{},"osm_tags":{"aquaculture":"fish","landuse":"aquaculture","seamark:type":"marine_farm"}}},{"type":"Feature","geometry":{"type":"Polygon","coordinates":[[[120.9469627,13.958493],[120.9470011,13.9584096],[120.9469165,13.958378],[120.9468786,13.9584594],[120.9469627,13.958493]]]},"properties":{"osm_id":1234941449,"osm_type":"way","seamark_type":"marine_farm","display_class":"OTHER","min_zoom":12,"importance":1,"name":null,"ref":null,"common":{"type":"marine_farm"},"children":{},"osm_tags":{"aquaculture":"fish","landuse":"aquaculture","seamark:type":"marine_farm"}}},{"type":"Feature","geometry":{"type":"Polygon","coordinates":[[[120.9472449,13.9585393],[120.9472323,13.9584488],[120.9471432,13.958465],[120.9471551,13.9585536],[120.9472449,13.9585393]]]},"properties":{"osm_id":1234941450,"osm_type":"way","seamark_type":"marine_farm","display_class":"OTHER","min_zoom":12,"importance":1,"name":null,"ref":null,"common":{"type":"marine_farm"},"children":{},"osm_tags":{"aquaculture":"fish","landuse":"aquaculture","seamark:type":"marine_farm"}}},{"type":"Feature","geometry":{"type":"Polygon","coordinates":[[[120.9472963,13.9590402],[120.9472761,13.958951],[120.9471887,13.9589743],[120.947208,13.9590616],[120.9472963,13.9590402]]]},"properties":{"osm_id":1234941451,"osm_type":"way","seamark_type":"marine_farm","display_class":"OTHER","min_zoom":12,"importance":1,"name":null,"ref":null,"common":{"type":"marine_farm"},"children":{},"osm_tags":{"aquaculture":"fish","landuse":"aquaculture","seamark:type":"marine_farm"}}},{"type":"Feature","geometry":{"type":"Polygon","coordinates":[[[120.9474177,13.9590495],[120.947424,13.9589584],[120.9473333,13.9589572],[120.9473268,13.9590462],[120.9474177,13.9590495]]]},"properties":{"osm_id":1234941452,"osm_type":"way","seamark_type":"marine_farm","display_class":"OTHER","min_zoom":12,"importance":1,"name":null,"ref":null,"common":{"type":"marine_farm"},"children":{},"osm_tags":{"aquaculture":"fish","landuse":"aquaculture","seamark:type":"marine_farm"}}},{"type":"Feature","geometry":{"type":"Polygon","coordinates":[[[120.947563,13.9590535],[120.9475692,13.9589623],[120.9474786,13.9589611],[120.947472,13.9590501],[120.947563,13.9590535]]]},"properties":{"osm_id":1234941453,"osm_type":"way","seamark_type":"marine_farm","display_class":"OTHER","min_zoom":12,"importance":1,"name":null,"ref":null,"common":{"type":"marine_farm"},"children":{},"osm_tags":{"aquaculture":"fish","landuse":"aquaculture","seamark:type":"marine_farm"}}},{"type":"Feature","geometry":{"type":"Polygon","coordinates":[[[120.9477122,13.9590652],[120.9477185,13.9589741],[120.9476278,13.9589728],[120.9476213,13.9590619],[120.9477122,13.9590652]]]},"properties":{"osm_id":1234941454,"osm_type":"way","seamark_type":"marine_farm","display_class":"OTHER","min_zoom":12,"importance":1,"name":null,"ref":null,"common":{"type":"marine_farm"},"children":{},"osm_tags":{"aquaculture":"fish","landuse":"aquaculture","seamark:type":"marine_farm"}}},{"type":"Feature","geometry":{"type":"Polygon","coordinates":[[[120.9468897,13.96009],[120.9469026,13.9599995],[120.9468123,13.959992],[120.9467992,13.9600803],[120.9468897,13.96009]]]},"properties":{"osm_id":1234941455,"osm_type":"way","seamark_type":"marine_farm","display_class":"OTHER","min_zoom":12,"importance":1,"name":null,"ref":null,"common":{"type":"marine_farm"},"children":{},"osm_tags":{"aquaculture":"fish","landuse":"aquaculture","seamark:type":"marine_farm"}}},{"type":"Feature","geometry":{"type":"Polygon","coordinates":[[[120.9470228,13.9601213],[120.9470357,13.9600308],[120.9469454,13.9600233],[120.9469324,13.9601117],[120.9470228,13.9601213]]]},"properties":{"osm_id":1234941456,"osm_type":"way","seamark_type":"marine_farm","display_class":"OTHER","min_zoom":12,"importance":1,"name":null,"ref":null,"common":{"type":"marine_farm"},"children":{},"osm_tags":{"aquaculture":"fish","landuse":"aquaculture","seamark:type":"marine_farm"}}},{"type":"Feature","geometry":{"type":"Polygon","coordinates":[[[120.9468735,13.9606538],[120.9468865,13.9605633],[120.9467961,13.9605558],[120.9467831,13.9606442],[120.9468735,13.9606538]]]},"properties":{"osm_id":1234941457,"osm_type":"way","seamark_type":"marine_farm","display_class":"OTHER","min_zoom":12,"importance":1,"name":null,"ref":null,"common":{"type":"marine_farm"},"children":{},"osm_tags":{"aquaculture":"fish","landuse":"aquaculture","seamark:type":"marine_farm"}}},{"type":"Feature","geometry":{"type":"Polygon","coordinates":[[[120.9470268,13.9606538],[120.9470398,13.9605633],[120.9469494,13.9605558],[120.9469364,13.9606442],[120.9470268,13.9606538]]]},"properties":{"osm_id":1234941458,"osm_type":"way","seamark_type":"marine_farm","display_class":"OTHER","min_zoom":12,"importance":1,"name":null,"ref":null,"common":{"type":"marine_farm"},"children":{},"osm_tags":{"aquaculture":"fish","landuse":"aquaculture","seamark:type":"marine_farm"}}},{"type":"Feature","geometry":{"type":"Polygon","coordinates":[[[120.9471923,13.9606851],[120.9472052,13.9605946],[120.9471149,13.9605871],[120.9471018,13.9606755],[120.9471923,13.9606851]]]},"properties":{"osm_id":1234941459,"osm_type":"way","seamark_type":"marine_farm","display_class":"OTHER","min_zoom":12,"importance":1,"name":null,"ref":null,"common":{"type":"marine_farm"},"children":{},"osm_tags":{"aquaculture":"fish","landuse":"aquaculture","seamark:type":"marine_farm"}}},{"type":"Feature","geometry":{"type":"Polygon","coordinates":[[[120.9473254,13.9607203],[120.9473383,13.9606299],[120.947248,13.9606224],[120.947235,13.9607107],[120.9473254,13.9607203]]]},"properties":{"osm_id":1234941460,"osm_type":"way","seamark_type":"marine_farm","display_class":"OTHER","min_zoom":12,"importance":1,"name":null,"ref":null,"common":{"type":"marine_farm"},"children":{},"osm_tags":{"aquaculture":"fish","landuse":"aquaculture","seamark:type":"marine_farm"}}},{"type":"Feature","geometry":{"type":"Polygon","coordinates":[[[120.9475393,13.9607752],[120.9475522,13.9606847],[120.9474618,13.9606772],[120.9474488,13.9607656],[120.9475393,13.9607752]]]},"properties":{"osm_id":1234941461,"osm_type":"way","seamark_type":"marine_farm","display_class":"OTHER","min_zoom":12,"importance":1,"name":null,"ref":null,"common":{"type":"marine_farm"},"children":{},"osm_tags":{"aquaculture":"fish","landuse":"aquaculture","seamark:type":"marine_farm"}}},{"type":"Feature","geometry":{"type":"Polygon","coordinates":[[[120.9476321,13.9607908],[120.947645,13.9607003],[120.9475546,13.9606928],[120.9475416,13.9607812],[120.9476321,13.9607908]]]},"properties":{"osm_id":1234941462,"osm_type":"way","seamark_type":"marine_farm","display_class":"OTHER","min_zoom":12,"importance":1,"name":null,"ref":null,"common":{"type":"marine_farm"},"children":{},"osm_tags":{"aquaculture":"fish","landuse":"aquaculture","seamark:type":"marine_farm"}}},{"type":"Feature","geometry":{"type":"Polygon","coordinates":[[[120.9481001,13.9606734],[120.948113,13.9605829],[120.9480227,13.9605754],[120.9480096,13.9606638],[120.9481001,13.9606734]]]},"properties":{"osm_id":1234941463,"osm_type":"way","seamark_type":"marine_farm","display_class":"OTHER","min_zoom":12,"importance":1,"name":null,"ref":null,"common":{"type":"marine_farm"},"children":{},"osm_tags":{"aquaculture":"fish","landuse":"aquaculture","seamark:type":"marine_farm"}}},{"type":"Feature","geometry":{"type":"Polygon","coordinates":[[[120.9482332,13.9607125],[120.9482461,13.960622],[120.9481558,13.9606145],[120.9481428,13.9607029],[120.9482332,13.9607125]]]},"properties":{"osm_id":1234941464,"osm_type":"way","seamark_type":"marine_farm","display_class":"OTHER","min_zoom":12,"importance":1,"name":null,"ref":null,"common":{"type":"marine_farm"},"children":{},"osm_tags":{"aquaculture":"fish","landuse":"aquaculture","seamark:type":"marine_farm"}}},{"type":"Feature","geometry":{"type":"Polygon","coordinates":[[[120.9485116,13.9603797],[120.9485245,13.9602892],[120.9484342,13.9602817],[120.9484212,13.9603701],[120.9485116,13.9603797]]]},"properties":{"osm_id":1234941465,"osm_type":"way","seamark_type":"marine_farm","display_class":"OTHER","min_zoom":12,"importance":1,"name":null,"ref":null,"common":{"type":"marine_farm"},"children":{},"osm_tags":{"aquaculture":"fish","landuse":"aquaculture","seamark:type":"marine_farm"}}},{"type":"Feature","geometry":{"type":"Polygon","coordinates":[[[120.9472761,13.9597526],[120.9472977,13.9596637],[120.9472085,13.959648],[120.947187,13.9597348],[120.9472761,13.9597526]]]},"properties":{"osm_id":1234941466,"osm_type":"way","seamark_type":"marine_farm","display_class":"OTHER","min_zoom":12,"importance":1,"name":null,"ref":null,"common":{"type":"marine_farm"},"children":{},"osm_tags":{"aquaculture":"fish","landuse":"aquaculture","seamark:type":"marine_farm"}}},{"type":"Feature","geometry":{"type":"Polygon","coordinates":[[[120.947385,13.9597901],[120.9474133,13.959703],[120.9473255,13.9596809],[120.9472974,13.959766],[120.947385,13.9597901]]]},"properties":{"osm_id":1234941467,"osm_type":"way","seamark_type":"marine_farm","display_class":"OTHER","min_zoom":12,"importance":1,"name":null,"ref":null,"common":{"type":"marine_farm"},"children":{},"osm_tags":{"aquaculture":"fish","landuse":"aquaculture","seamark:type":"marine_farm"}}},{"type":"Feature","geometry":{"type":"Polygon","coordinates":[[[120.9475231,13.9598315],[120.947536,13.959741],[120.9474457,13.9597335],[120.9474327,13.9598219],[120.9475231,13.9598315]]]},"properties":{"osm_id":1234941468,"osm_type":"way","seamark_type":"marine_farm","display_class":"OTHER","min_zoom":12,"importance":1,"name":null,"ref":null,"common":{"type":"marine_farm"},"children":{},"osm_tags":{"aquaculture":"fish","landuse":"aquaculture","seamark:type":"marine_farm"}}},{"type":"Feature","geometry":{"type":"Polygon","coordinates":[[[120.9482413,13.9598198],[120.9482542,13.9597293],[120.9481639,13.9597218],[120.9481508,13.9598102],[120.9482413,13.9598198]]]},"properties":{"osm_id":1234941469,"osm_type":"way","seamark_type":"marine_farm","display_class":"OTHER","min_zoom":12,"importance":1,"name":null,"ref":null,"common":{"type":"marine_farm"},"children":{},"osm_tags":{"aquaculture":"fish","landuse":"aquaculture","seamark:type":"marine_farm"}}},{"type":"Feature","geometry":{"type":"Polygon","coordinates":[[[120.9483422,13.9598394],[120.9483551,13.9597489],[120.9482648,13.9597414],[120.9482517,13.9598297],[120.9483422,13.9598394]]]},"properties":{"osm_id":1234941470,"osm_type":"way","seamark_type":"marine_farm","display_class":"OTHER","min_zoom":12,"importance":1,"name":null,"ref":null,"common":{"type":"marine_farm"},"children":{},"osm_tags":{"aquaculture":"fish","landuse":"aquaculture","seamark:type":"marine_farm"}}},{"type":"Feature","geometry":{"type":"Polygon","coordinates":[[[120.9484713,13.9598394],[120.9484842,13.9597489],[120.9483939,13.9597414],[120.9483808,13.9598297],[120.9484713,13.9598394]]]},"properties":{"osm_id":1234941471,"osm_type":"way","seamark_type":"marine_farm","display_class":"OTHER","min_zoom":12,"importance":1,"name":null,"ref":null,"common":{"type":"marine_farm"},"children":{},"osm_tags":{"aquaculture":"fish","landuse":"aquaculture","seamark:type":"marine_farm"}}},{"type":"Feature","geometry":{"type":"Polygon","coordinates":[[[120.9483179,13.9596357],[120.9483309,13.9595453],[120.9482405,13.9595378],[120.9482275,13.9596261],[120.9483179,13.9596357]]]},"properties":{"osm_id":1234941472,"osm_type":"way","seamark_type":"marine_farm","display_class":"OTHER","min_zoom":12,"importance":1,"name":null,"ref":null,"common":{"type":"marine_farm"},"children":{},"osm_tags":{"aquaculture":"fish","landuse":"aquaculture","seamark:type":"marine_farm"}}},{"type":"Feature","geometry":{"type":"Polygon","coordinates":[[[120.9481589,13.959579],[120.9481883,13.9594922],[120.9481009,13.9594691],[120.9480717,13.9595538],[120.9481589,13.959579]]]},"properties":{"osm_id":1234941473,"osm_type":"way","seamark_type":"marine_farm","display_class":"OTHER","min_zoom":12,"importance":1,"name":null,"ref":null,"common":{"type":"marine_farm"},"children":{},"osm_tags":{"aquaculture":"fish","landuse":"aquaculture","seamark:type":"marine_farm"}}},{"type":"Feature","geometry":{"type":"Polygon","coordinates":[[[120.9480194,13.9595379],[120.9480323,13.9594474],[120.947942,13.9594399],[120.9479289,13.9595283],[120.9480194,13.9595379]]]},"properties":{"osm_id":1234941474,"osm_type":"way","seamark_type":"marine_farm","display_class":"OTHER","min_zoom":12,"importance":1,"name":null,"ref":null,"common":{"type":"marine_farm"},"children":{},"osm_tags":{"aquaculture":"fish","landuse":"aquaculture","seamark:type":"marine_farm"}}},{"type":"Feature","geometry":{"type":"Polygon","coordinates":[[[120.9478983,13.9595026],[120.9479113,13.9594121],[120.9478209,13.9594046],[120.9478079,13.959493],[120.9478983,13.9595026]]]},"properties":{"osm_id":1234941475,"osm_type":"way","seamark_type":"marine_farm","display_class":"OTHER","min_zoom":12,"importance":1,"name":null,"ref":null,"common":{"type":"marine_farm"},"children":{},"osm_tags":{"aquaculture":"fish","landuse":"aquaculture","seamark:type":"marine_farm"}}},{"type":"Feature","geometry":{"type":"Polygon","coordinates":[[[120.9477248,13.959483],[120.9477378,13.9593926],[120.9476474,13.959385],[120.9476344,13.9594734],[120.9477248,13.959483]]]},"properties":{"osm_id":1234941476,"osm_type":"way","seamark_type":"marine_farm","display_class":"OTHER","min_zoom":12,"importance":1,"name":null,"ref":null,"common":{"type":"marine_farm"},"children":{},"osm_tags":{"aquaculture":"fish","landuse":"aquaculture","seamark:type":"marine_farm"}}},{"type":"Feature","geometry":{"type":"Polygon","coordinates":[[[120.9483902,13.9589929],[120.9484238,13.9589076],[120.9483376,13.9588805],[120.9483043,13.9589637],[120.9483902,13.9589929]]]},"properties":{"osm_id":1234941477,"osm_type":"way","seamark_type":"marine_farm","display_class":"OTHER","min_zoom":12,"importance":1,"name":null,"ref":null,"common":{"type":"marine_farm"},"children":{},"osm_tags":{"aquaculture":"fish","landuse":"aquaculture","seamark:type":"marine_farm"}}},{"type":"Feature","geometry":{"type":"Polygon","coordinates":[[[120.9482857,13.9589584],[120.9482986,13.9588679],[120.9482083,13.9588604],[120.9481952,13.9589488],[120.9482857,13.9589584]]]},"properties":{"osm_id":1234941478,"osm_type":"way","seamark_type":"marine_farm","display_class":"OTHER","min_zoom":12,"importance":1,"name":null,"ref":null,"common":{"type":"marine_farm"},"children":{},"osm_tags":{"aquaculture":"fish","landuse":"aquaculture","seamark:type":"marine_farm"}}},{"type":"Feature","geometry":{"type":"Polygon","coordinates":[[[120.9481525,13.9589153],[120.9481655,13.9588248],[120.9480751,13.9588173],[120.9480621,13.9589057],[120.9481525,13.9589153]]]},"properties":{"osm_id":1234941479,"osm_type":"way","seamark_type":"marine_farm","display_class":"OTHER","min_zoom":12,"importance":1,"name":null,"ref":null,"common":{"type":"marine_farm"},"children":{},"osm_tags":{"aquaculture":"fish","landuse":"aquaculture","seamark:type":"marine_farm"}}},{"type":"Feature","geometry":{"type":"Polygon","coordinates":[[[120.9484416,13.9586241],[120.9484545,13.9585336],[120.9483642,13.9585261],[120.9483511,13.9586145],[120.9484416,13.9586241]]]},"properties":{"osm_id":1234941480,"osm_type":"way","seamark_type":"marine_farm","display_class":"OTHER","min_zoom":12,"importance":1,"name":null,"ref":null,"common":{"type":"marine_farm"},"children":{},"osm_tags":{"aquaculture":"fish","landuse":"aquaculture","seamark:type":"marine_farm"}}},{"type":"Feature","geometry":{"type":"Polygon","coordinates":[[[120.948254,13.9585796],[120.948267,13.9584892],[120.9481766,13.9584816],[120.9481636,13.95857],[120.948254,13.9585796]]]},"properties":{"osm_id":1234941481,"osm_type":"way","seamark_type":"marine_farm","display_class":"OTHER","min_zoom":12,"importance":1,"name":null,"ref":null,"common":{"type":"marine_farm"},"children":{},"osm_tags":{"aquaculture":"fish","landuse":"aquaculture","seamark:type":"marine_farm"}}},{"type":"Feature","geometry":{"type":"Polygon","coordinates":[[[120.948029,13.9585028],[120.9480419,13.9584123],[120.9479516,13.9584048],[120.9479386,13.9584932],[120.948029,13.9585028]]]},"properties":{"osm_id":1234941482,"osm_type":"way","seamark_type":"marine_farm","display_class":"OTHER","min_zoom":12,"importance":1,"name":null,"ref":null,"common":{"type":"marine_farm"},"children":{},"osm_tags":{"aquaculture":"fish","landuse":"aquaculture","seamark:type":"marine_farm"}}},{"type":"Feature","geometry":{"type":"Polygon","coordinates":[[[120.9476248,13.9584826],[120.9476377,13.9584042],[120.9475557,13.9583644],[120.9475427,13.9584487],[120.9476248,13.9584826]]]},"properties":{"osm_id":1234941483,"osm_type":"way","seamark_type":"marine_farm","display_class":"OTHER","min_zoom":12,"importance":1,"name":null,"ref":null,"common":{"type":"marine_farm"},"children":{},"osm_tags":{"aquaculture":"fish","landuse":"aquaculture","seamark:type":"marine_farm"}}},{"type":"Feature","geometry":{"type":"Polygon","coordinates":[[[120.9478999,13.9581824],[120.9479335,13.958097],[120.9478472,13.95807],[120.947814,13.9581533],[120.9478999,13.9581824]]]},"properties":{"osm_id":1234941484,"osm_type":"way","seamark_type":"marine_farm","display_class":"OTHER","min_zoom":12,"importance":1,"name":null,"ref":null,"common":{"type":"marine_farm"},"children":{},"osm_tags":{"aquaculture":"fish","landuse":"aquaculture","seamark:type":"marine_farm"}}},{"type":"Feature","geometry":{"type":"Polygon","coordinates":[[[120.9480324,13.9582434],[120.9480672,13.9581586],[120.9479814,13.9581303],[120.9479469,13.9582131],[120.9480324,13.9582434]]]},"properties":{"osm_id":1234941485,"osm_type":"way","seamark_type":"marine_farm","display_class":"OTHER","min_zoom":12,"importance":1,"name":null,"ref":null,"common":{"type":"marine_farm"},"children":{},"osm_tags":{"aquaculture":"fish","landuse":"aquaculture","seamark:type":"marine_farm"}}},{"type":"Feature","geometry":{"type":"Polygon","coordinates":[[[120.9481619,13.9582754],[120.9481829,13.9581863],[120.9480936,13.9581712],[120.9480727,13.9582581],[120.9481619,13.9582754]]]},"properties":{"osm_id":1234941486,"osm_type":"way","seamark_type":"marine_farm","display_class":"OTHER","min_zoom":12,"importance":1,"name":null,"ref":null,"common":{"type":"marine_farm"},"children":{},"osm_tags":{"aquaculture":"fish","landuse":"aquaculture","seamark:type":"marine_farm"}}},{"type":"Feature","geometry":{"type":"Polygon","coordinates":[[[120.9483482,13.9583269],[120.9483781,13.9582402],[120.9482907,13.9582167],[120.9482611,13.9583012],[120.9483482,13.9583269]]]},"properties":{"osm_id":1234941487,"osm_type":"way","seamark_type":"marine_farm","display_class":"OTHER","min_zoom":12,"importance":1,"name":null,"ref":null,"common":{"type":"marine_farm"},"children":{},"osm_tags":{"aquaculture":"fish","landuse":"aquaculture","seamark:type":"marine_farm"}}},{"type":"Feature","geometry":{"type":"Polygon","coordinates":[[[120.9485457,13.9583693],[120.9485587,13.9582789],[120.9484683,13.9582713],[120.9484553,13.9583597],[120.9485457,13.9583693]]]},"properties":{"osm_id":1234941488,"osm_type":"way","seamark_type":"marine_farm","display_class":"OTHER","min_zoom":12,"importance":1,"name":null,"ref":null,"common":{"type":"marine_farm"},"children":{},"osm_tags":{"aquaculture":"fish","landuse":"aquaculture","seamark:type":"marine_farm"}}},{"type":"Feature","geometry":{"type":"Polygon","coordinates":[[[120.9426603,13.9618789],[120.9426781,13.9617892],[120.9425882,13.9617771],[120.9425568,13.9618621],[120.9426603,13.9618789]]]},"properties":{"osm_id":1235176202,"osm_type":"way","seamark_type":"marine_farm","display_class":"OTHER","min_zoom":12,"importance":1,"name":null,"ref":null,"common":{"type":"marine_farm"},"children":{},"osm_tags":{"aquaculture":"fish","landuse":"aquaculture","seamark:type":"marine_farm"}}},{"type":"Feature","geometry":{"type":"Polygon","coordinates":[[[120.9428977,13.9627588],[120.9428918,13.9626676],[120.9428016,13.9626778],[120.942807,13.9627669],[120.9428977,13.9627588]]]},"properties":{"osm_id":1235176203,"osm_type":"way","seamark_type":"marine_farm","display_class":"OTHER","min_zoom":12,"importance":1,"name":null,"ref":null,"common":{"type":"marine_farm"},"children":{},"osm_tags":{"aquaculture":"fish","landuse":"aquaculture","seamark:type":"marine_farm"}}},{"type":"Feature","geometry":{"type":"Polygon","coordinates":[[[120.9429075,13.9631239],[120.9429201,13.9630591],[120.9428485,13.9630461],[120.9428359,13.9631108],[120.9429075,13.9631239]]]},"properties":{"osm_id":1235176204,"osm_type":"way","seamark_type":"marine_farm","display_class":"OTHER","min_zoom":12,"importance":1,"name":null,"ref":null,"common":{"type":"marine_farm"},"children":{},"osm_tags":{"aquaculture":"fish","landuse":"aquaculture","seamark:type":"marine_farm"}}},{"type":"Feature","geometry":{"type":"Polygon","coordinates":[[[120.9429358,13.9614929],[120.9429142,13.9614555],[120.9428788,13.9614748],[120.9429004,13.9615122],[120.9429358,13.9614929]]]},"properties":{"osm_id":1235176205,"osm_type":"way","seamark_type":"marine_farm","display_class":"OTHER","min_zoom":12,"importance":1,"name":null,"ref":null,"common":{"type":"marine_farm"},"children":{},"osm_tags":{"aquaculture":"fish","landuse":"aquaculture","seamark:type":"marine_farm"}}},{"type":"Feature","geometry":{"type":"Polygon","coordinates":[[[120.9425414,13.9610279],[120.9425311,13.9610075],[120.9425022,13.9610212],[120.9425125,13.9610416],[120.9425414,13.9610279]]]},"properties":{"osm_id":1235176206,"osm_type":"way","seamark_type":"marine_farm","display_class":"OTHER","min_zoom":12,"importance":1,"name":null,"ref":null,"common":{"type":"marine_farm"},"children":{},"osm_tags":{"aquaculture":"fish","landuse":"aquaculture","seamark:type":"marine_farm"}}},{"type":"Feature","geometry":{"type":"Polygon","coordinates":[[[120.9428269,13.962604],[120.9427786,13.9625323],[120.9427505,13.9625502],[120.9427988,13.9626219],[120.9428269,13.962604]]]},"properties":{"osm_id":1235176207,"osm_type":"way","seamark_type":"marine_farm","display_class":"OTHER","min_zoom":12,"importance":1,"name":null,"ref":null,"common":{"type":"marine_farm"},"children":{},"osm_tags":{"aquaculture":"fish","landuse":"aquaculture","seamark:type":"marine_farm"}}},{"type":"Feature","geometry":{"type":"Polygon","coordinates":[[[120.9424413,13.9630394],[120.9424197,13.963002],[120.9423843,13.9630213],[120.9424059,13.9630587],[120.9424413,13.9630394]]]},"properties":{"osm_id":1235176208,"osm_type":"way","seamark_type":"marine_farm","display_class":"OTHER","min_zoom":12,"importance":1,"name":null,"ref":null,"common":{"type":"marine_farm"},"children":{},"osm_tags":{"aquaculture":"fish","landuse":"aquaculture","seamark:type":"marine_farm"}}},{"type":"Feature","geometry":{"type":"Polygon","coordinates":[[[120.9430348,13.9633114],[120.9429987,13.9632868],[120.9429753,13.963319],[120.9430114,13.9633437],[120.9430348,13.9633114]]]},"properties":{"osm_id":1235176209,"osm_type":"way","seamark_type":"marine_farm","display_class":"OTHER","min_zoom":12,"importance":1,"name":null,"ref":null,"common":{"type":"marine_farm"},"children":{},"osm_tags":{"aquaculture":"fish","landuse":"aquaculture","seamark:type":"marine_farm"}}},{"type":"Feature","geometry":{"type":"Polygon","coordinates":[[[120.9430391,13.9634044],[120.9429845,13.9633959],[120.9429749,13.9634536],[120.9430295,13.9634621],[120.9430391,13.9634044]]]},"properties":{"osm_id":1235178521,"osm_type":"way","seamark_type":"marine_farm","display_class":"OTHER","min_zoom":12,"importance":1,"name":null,"ref":null,"common":{"type":"marine_farm"},"children":{},"osm_tags":{"aquaculture":"fish","landuse":"aquaculture","seamark:type":"marine_farm"}}},{"type":"Feature","geometry":{"type":"Polygon","coordinates":[[[120.9436353,13.9625047],[120.9435596,13.9624617],[120.9435147,13.9625361],[120.9435904,13.9625791],[120.9436353,13.9625047]]]},"properties":{"osm_id":1235178522,"osm_type":"way","seamark_type":"marine_farm","display_class":"OTHER","min_zoom":12,"importance":1,"name":null,"ref":null,"common":{"type":"marine_farm"},"children":{},"osm_tags":{"aquaculture":"fish","landuse":"aquaculture","seamark:type":"marine_farm"}}},{"type":"Feature","geometry":{"type":"Polygon","coordinates":[[[120.9436564,13.9624411],[120.9436224,13.9624305],[120.9436052,13.962482],[120.9436353,13.9625047],[120.9436564,13.9624411]]]},"properties":{"osm_id":1235178523,"osm_type":"way","seamark_type":"marine_farm","display_class":"OTHER","min_zoom":12,"importance":1,"name":null,"ref":null,"common":{"type":"marine_farm"},"children":{},"osm_tags":{"aquaculture":"fish","landuse":"aquaculture","seamark:type":"marine_farm"}}},{"type":"Feature","geometry":{"type":"Polygon","coordinates":[[[120.9436579,13.9623522],[120.9436242,13.9623525],[120.9436248,13.9624172],[120.9436585,13.9624268],[120.9436579,13.9623522]]]},"properties":{"osm_id":1235178524,"osm_type":"way","seamark_type":"marine_farm","display_class":"OTHER","min_zoom":12,"importance":1,"name":null,"ref":null,"common":{"type":"marine_farm"},"children":{},"osm_tags":{"aquaculture":"fish","landuse":"aquaculture","seamark:type":"marine_farm"}}},{"type":"Feature","geometry":{"type":"Polygon","coordinates":[[[120.9449833,13.9627362],[120.9448811,13.9627397],[120.9448848,13.9628411],[120.944987,13.9628376],[120.9449833,13.9627362]]]},"properties":{"osm_id":1235178525,"osm_type":"way","seamark_type":"marine_farm","display_class":"OTHER","min_zoom":12,"importance":1,"name":null,"ref":null,"common":{"type":"marine_farm"},"children":{},"osm_tags":{"aquaculture":"fish","landuse":"aquaculture","seamark:type":"marine_farm"}}},{"type":"Feature","geometry":{"type":"Polygon","coordinates":[[[120.9451407,13.9627286],[120.9450385,13.9627321],[120.9450422,13.9628336],[120.9451444,13.96283],[120.9451407,13.9627286]]]},"properties":{"osm_id":1235178526,"osm_type":"way","seamark_type":"marine_farm","display_class":"OTHER","min_zoom":12,"importance":1,"name":null,"ref":null,"common":{"type":"marine_farm"},"children":{},"osm_tags":{"aquaculture":"fish","landuse":"aquaculture","seamark:type":"marine_farm"}}},{"type":"Feature","geometry":{"type":"Polygon","coordinates":[[[120.9453231,13.9627211],[120.9452209,13.9627246],[120.9452246,13.962826],[120.9453268,13.9628225],[120.9453231,13.9627211]]]},"properties":{"osm_id":1235178527,"osm_type":"way","seamark_type":"marine_farm","display_class":"OTHER","min_zoom":12,"importance":1,"name":null,"ref":null,"common":{"type":"marine_farm"},"children":{},"osm_tags":{"aquaculture":"fish","landuse":"aquaculture","seamark:type":"marine_farm"}}},{"type":"Feature","geometry":{"type":"Polygon","coordinates":[[[120.9454813,13.9627222],[120.9453797,13.9627118],[120.9453687,13.9628127],[120.9454704,13.9628231],[120.9454813,13.9627222]]]},"properties":{"osm_id":1235178528,"osm_type":"way","seamark_type":"marine_farm","display_class":"OTHER","min_zoom":12,"importance":1,"name":null,"ref":null,"common":{"type":"marine_farm"},"children":{},"osm_tags":{"aquaculture":"fish","landuse":"aquaculture","seamark:type":"marine_farm"}}},{"type":"Feature","geometry":{"type":"Polygon","coordinates":[[[120.9449109,13.9624449],[120.9448103,13.9624275],[120.944792,13.9625274],[120.9448926,13.9625448],[120.9449109,13.9624449]]]},"properties":{"osm_id":1235178529,"osm_type":"way","seamark_type":"marine_farm","display_class":"OTHER","min_zoom":12,"importance":1,"name":null,"ref":null,"common":{"type":"marine_farm"},"children":{},"osm_tags":{"aquaculture":"fish","landuse":"aquaculture","seamark:type":"marine_farm"}}},{"type":"Feature","geometry":{"type":"Polygon","coordinates":[[[120.945045,13.9624812],[120.9449443,13.9624638],[120.944926,13.9625637],[120.9450267,13.9625811],[120.945045,13.9624812]]]},"properties":{"osm_id":1235178530,"osm_type":"way","seamark_type":"marine_farm","display_class":"OTHER","min_zoom":12,"importance":1,"name":null,"ref":null,"common":{"type":"marine_farm"},"children":{},"osm_tags":{"aquaculture":"fish","landuse":"aquaculture","seamark:type":"marine_farm"}}},{"type":"Feature","geometry":{"type":"Polygon","coordinates":[[[120.9452968,13.9623343],[120.945195,13.9623252],[120.9451854,13.9624262],[120.9452872,13.9624353],[120.9452968,13.9623343]]]},"properties":{"osm_id":1235178531,"osm_type":"way","seamark_type":"marine_farm","display_class":"OTHER","min_zoom":12,"importance":1,"name":null,"ref":null,"common":{"type":"marine_farm"},"children":{},"osm_tags":{"aquaculture":"fish","landuse":"aquaculture","seamark:type":"marine_farm"}}},{"type":"Feature","geometry":{"type":"Polygon","coordinates":[[[120.9454035,13.9623425],[120.9453016,13.962335],[120.9452938,13.9624362],[120.9453957,13.9624437],[120.9454035,13.9623425]]]},"properties":{"osm_id":1235178532,"osm_type":"way","seamark_type":"marine_farm","display_class":"OTHER","min_zoom":12,"importance":1,"name":null,"ref":null,"common":{"type":"marine_farm"},"children":{},"osm_tags":{"aquaculture":"fish","landuse":"aquaculture","seamark:type":"marine_farm"}}},{"type":"Feature","geometry":{"type":"Polygon","coordinates":[[[120.9455103,13.96234],[120.9454081,13.9623373],[120.9454052,13.9624387],[120.9455074,13.9624414],[120.9455103,13.96234]]]},"properties":{"osm_id":1235178533,"osm_type":"way","seamark_type":"marine_farm","display_class":"OTHER","min_zoom":12,"importance":1,"name":null,"ref":null,"common":{"type":"marine_farm"},"children":{},"osm_tags":{"aquaculture":"fish","landuse":"aquaculture","seamark:type":"marine_farm"}}},{"type":"Feature","geometry":{"type":"Polygon","coordinates":[[[120.9456254,13.9623354],[120.9455233,13.9623389],[120.945527,13.9624403],[120.9456291,13.9624368],[120.9456254,13.9623354]]]},"properties":{"osm_id":1235178534,"osm_type":"way","seamark_type":"marine_farm","display_class":"OTHER","min_zoom":12,"importance":1,"name":null,"ref":null,"common":{"type":"marine_farm"},"children":{},"osm_tags":{"aquaculture":"fish","landuse":"aquaculture","seamark:type":"marine_farm"}}},{"type":"Feature","geometry":{"type":"Polygon","coordinates":[[[120.9457392,13.9623369],[120.945637,13.9623404],[120.9456407,13.9624418],[120.9457429,13.9624383],[120.9457392,13.9623369]]]},"properties":{"osm_id":1235178535,"osm_type":"way","seamark_type":"marine_farm","display_class":"OTHER","min_zoom":12,"importance":1,"name":null,"ref":null,"common":{"type":"marine_farm"},"children":{},"osm_tags":{"aquaculture":"fish","landuse":"aquaculture","seamark:type":"marine_farm"}}},{"type":"Feature","geometry":{"type":"Polygon","coordinates":[[[120.9457907,13.9620404],[120.9456885,13.9620439],[120.9456922,13.9621453],[120.9457944,13.9621418],[120.9457907,13.9620404]]]},"properties":{"osm_id":1235178536,"osm_type":"way","seamark_type":"marine_farm","display_class":"OTHER","min_zoom":12,"importance":1,"name":null,"ref":null,"common":{"type":"marine_farm"},"children":{},"osm_tags":{"aquaculture":"fish","landuse":"aquaculture","seamark:type":"marine_farm"}}},{"type":"Feature","geometry":{"type":"Polygon","coordinates":[[[120.9455039,13.9620359],[120.9454017,13.9620394],[120.9454054,13.9621408],[120.9455076,13.9621373],[120.9455039,13.9620359]]]},"properties":{"osm_id":1235178537,"osm_type":"way","seamark_type":"marine_farm","display_class":"OTHER","min_zoom":12,"importance":1,"name":null,"ref":null,"common":{"type":"marine_farm"},"children":{},"osm_tags":{"aquaculture":"fish","landuse":"aquaculture","seamark:type":"marine_farm"}}},{"type":"Feature","geometry":{"type":"Polygon","coordinates":[[[120.9452263,13.9620838],[120.9451266,13.9621059],[120.9451499,13.9622048],[120.9452496,13.9621827],[120.9452263,13.9620838]]]},"properties":{"osm_id":1235178538,"osm_type":"way","seamark_type":"marine_farm","display_class":"OTHER","min_zoom":12,"importance":1,"name":null,"ref":null,"common":{"type":"marine_farm"},"children":{},"osm_tags":{"aquaculture":"fish","landuse":"aquaculture","seamark:type":"marine_farm"}}},{"type":"Feature","geometry":{"type":"Polygon","coordinates":[[[120.9450394,13.9621105],[120.9449391,13.96213],[120.9449597,13.9622295],[120.9450599,13.96221],[120.9450394,13.9621105]]]},"properties":{"osm_id":1235178539,"osm_type":"way","seamark_type":"marine_farm","display_class":"OTHER","min_zoom":12,"importance":1,"name":null,"ref":null,"common":{"type":"marine_farm"},"children":{},"osm_tags":{"aquaculture":"fish","landuse":"aquaculture","seamark:type":"marine_farm"}}},{"type":"Feature","geometry":{"type":"Polygon","coordinates":[[[120.944871,13.9621404],[120.9447719,13.9621648],[120.9447977,13.9622632],[120.9448967,13.9622387],[120.944871,13.9621404]]]},"properties":{"osm_id":1235178540,"osm_type":"way","seamark_type":"marine_farm","display_class":"OTHER","min_zoom":12,"importance":1,"name":null,"ref":null,"common":{"type":"marine_farm"},"children":{},"osm_tags":{"aquaculture":"fish","landuse":"aquaculture","seamark:type":"marine_farm"}}},{"type":"Feature","geometry":{"type":"Polygon","coordinates":[[[120.9446825,13.9621781],[120.9445803,13.9621816],[120.944584,13.962283],[120.9446862,13.9622795],[120.9446825,13.9621781]]]},"properties":{"osm_id":1235178541,"osm_type":"way","seamark_type":"marine_farm","display_class":"OTHER","min_zoom":12,"importance":1,"name":null,"ref":null,"common":{"type":"marine_farm"},"children":{},"osm_tags":{"aquaculture":"fish","landuse":"aquaculture","seamark:type":"marine_farm"}}},{"type":"Feature","geometry":{"type":"Polygon","coordinates":[[[120.9445282,13.9621826],[120.944426,13.9621861],[120.9444297,13.9622875],[120.9445319,13.962284],[120.9445282,13.9621826]]]},"properties":{"osm_id":1235178542,"osm_type":"way","seamark_type":"marine_farm","display_class":"OTHER","min_zoom":12,"importance":1,"name":null,"ref":null,"common":{"type":"marine_farm"},"children":{},"osm_tags":{"aquaculture":"fish","landuse":"aquaculture","seamark:type":"marine_farm"}}},{"type":"Feature","geometry":{"type":"Polygon","coordinates":[[[120.944403,13.9621807],[120.9443011,13.9621731],[120.944293,13.9622743],[120.944395,13.9622819],[120.944403,13.9621807]]]},"properties":{"osm_id":1235178543,"osm_type":"way","seamark_type":"marine_farm","display_class":"OTHER","min_zoom":12,"importance":1,"name":null,"ref":null,"common":{"type":"marine_farm"},"children":{},"osm_tags":{"aquaculture":"fish","landuse":"aquaculture","seamark:type":"marine_farm"}}},{"type":"Feature","geometry":{"type":"Polygon","coordinates":[[[120.9456878,13.9618241],[120.9455856,13.9618276],[120.9455893,13.9619291],[120.9456915,13.9619255],[120.9456878,13.9618241]]]},"properties":{"osm_id":1235178544,"osm_type":"way","seamark_type":"marine_farm","display_class":"OTHER","min_zoom":12,"importance":1,"name":null,"ref":null,"common":{"type":"marine_farm"},"children":{},"osm_tags":{"aquaculture":"fish","landuse":"aquaculture","seamark:type":"marine_farm"}}},{"type":"Feature","geometry":{"type":"Polygon","coordinates":[[[120.9456398,13.9615922],[120.9455411,13.9616184],[120.9455688,13.9617163],[120.9456674,13.9616901],[120.9456398,13.9615922]]]},"properties":{"osm_id":1235178545,"osm_type":"way","seamark_type":"marine_farm","display_class":"OTHER","min_zoom":12,"importance":1,"name":null,"ref":null,"common":{"type":"marine_farm"},"children":{},"osm_tags":{"aquaculture":"fish","landuse":"aquaculture","seamark:type":"marine_farm"}}},{"type":"Feature","geometry":{"type":"Polygon","coordinates":[[[120.9454589,13.9616025],[120.9453586,13.9616215],[120.9453786,13.9617211],[120.945479,13.9617021],[120.9454589,13.9616025]]]},"properties":{"osm_id":1235178546,"osm_type":"way","seamark_type":"marine_farm","display_class":"OTHER","min_zoom":12,"importance":1,"name":null,"ref":null,"common":{"type":"marine_farm"},"children":{},"osm_tags":{"aquaculture":"fish","landuse":"aquaculture","seamark:type":"marine_farm"}}},{"type":"Feature","geometry":{"type":"Polygon","coordinates":[[[120.9452891,13.9616267],[120.9451873,13.9616351],[120.9451962,13.9617363],[120.945298,13.9617278],[120.9452891,13.9616267]]]},"properties":{"osm_id":1235178547,"osm_type":"way","seamark_type":"marine_farm","display_class":"OTHER","min_zoom":12,"importance":1,"name":null,"ref":null,"common":{"type":"marine_farm"},"children":{},"osm_tags":{"aquaculture":"fish","landuse":"aquaculture","seamark:type":"marine_farm"}}},{"type":"Feature","geometry":{"type":"Polygon","coordinates":[[[120.9449734,13.9616994],[120.9448724,13.9617146],[120.9448884,13.9618148],[120.9449895,13.9617996],[120.9449734,13.9616994]]]},"properties":{"osm_id":1235178548,"osm_type":"way","seamark_type":"marine_farm","display_class":"OTHER","min_zoom":12,"importance":1,"name":null,"ref":null,"common":{"type":"marine_farm"},"children":{},"osm_tags":{"aquaculture":"fish","landuse":"aquaculture","seamark:type":"marine_farm"}}},{"type":"Feature","geometry":{"type":"Polygon","coordinates":[[[120.9446879,13.9617169],[120.9445865,13.96173],[120.9446005,13.9618306],[120.9447018,13.9618174],[120.9446879,13.9617169]]]},"properties":{"osm_id":1235178549,"osm_type":"way","seamark_type":"marine_farm","display_class":"OTHER","min_zoom":12,"importance":1,"name":null,"ref":null,"common":{"type":"marine_farm"},"children":{},"osm_tags":{"aquaculture":"fish","landuse":"aquaculture","seamark:type":"marine_farm"}}},{"type":"Feature","geometry":{"type":"Polygon","coordinates":[[[120.9445146,13.9617253],[120.9444173,13.9617559],[120.9444495,13.9618524],[120.9445468,13.9618218],[120.9445146,13.9617253]]]},"properties":{"osm_id":1235178550,"osm_type":"way","seamark_type":"marine_farm","display_class":"OTHER","min_zoom":12,"importance":1,"name":null,"ref":null,"common":{"type":"marine_farm"},"children":{},"osm_tags":{"aquaculture":"fish","landuse":"aquaculture","seamark:type":"marine_farm"}}},{"type":"Feature","geometry":{"type":"Polygon","coordinates":[[[120.9444474,13.9614504],[120.9443596,13.9613997],[120.9443061,13.9614869],[120.9443939,13.9615376],[120.9444474,13.9614504]]]},"properties":{"osm_id":1235178554,"osm_type":"way","seamark_type":"marine_farm","display_class":"OTHER","min_zoom":12,"importance":1,"name":null,"ref":null,"common":{"type":"marine_farm"},"children":{},"osm_tags":{"aquaculture":"fish","landuse":"aquaculture","seamark:type":"marine_farm"}}},{"type":"Feature","geometry":{"type":"Polygon","coordinates":[[[120.944541,13.9615061],[120.9444623,13.9614613],[120.9444088,13.9615485],[120.9444966,13.9615992],[120.944541,13.9615061]]]},"properties":{"osm_id":1235178555,"osm_type":"way","seamark_type":"marine_farm","display_class":"OTHER","min_zoom":12,"importance":1,"name":null,"ref":null,"common":{"type":"marine_farm"},"children":{},"osm_tags":{"aquaculture":"fish","landuse":"aquaculture","seamark:type":"marine_farm"}}},{"type":"Feature","geometry":{"type":"Polygon","coordinates":[[[120.9446003,13.9615167],[120.9445544,13.9615118],[120.9445278,13.9615907],[120.9446189,13.9616044],[120.9446003,13.9615167]]]},"properties":{"osm_id":1235178556,"osm_type":"way","seamark_type":"marine_farm","display_class":"OTHER","min_zoom":12,"importance":1,"name":null,"ref":null,"common":{"type":"marine_farm"},"children":{},"osm_tags":{"aquaculture":"fish","landuse":"aquaculture","seamark:type":"marine_farm"}}},{"type":"Feature","geometry":{"type":"Polygon","coordinates":[[[120.9451487,13.9612817],[120.9450494,13.9612581],[120.9450245,13.9613567],[120.9451238,13.9613802],[120.9451487,13.9612817]]]},"properties":{"osm_id":1235178557,"osm_type":"way","seamark_type":"marine_farm","display_class":"OTHER","min_zoom":12,"importance":1,"name":null,"ref":null,"common":{"type":"marine_farm"},"children":{},"osm_tags":{"aquaculture":"fish","landuse":"aquaculture","seamark:type":"marine_farm"}}},{"type":"Feature","geometry":{"type":"Polygon","coordinates":[[[120.9453319,13.961281],[120.9452297,13.9612793],[120.9452279,13.9613808],[120.9453302,13.9613824],[120.9453319,13.961281]]]},"properties":{"osm_id":1235178558,"osm_type":"way","seamark_type":"marine_farm","display_class":"OTHER","min_zoom":12,"importance":1,"name":null,"ref":null,"common":{"type":"marine_farm"},"children":{},"osm_tags":{"aquaculture":"fish","landuse":"aquaculture","seamark:type":"marine_farm"}}},{"type":"Feature","geometry":{"type":"Polygon","coordinates":[[[120.9455068,13.9613177],[120.9454067,13.9612975],[120.9453853,13.9613968],[120.9454854,13.9614171],[120.9455068,13.9613177]]]},"properties":{"osm_id":1235178559,"osm_type":"way","seamark_type":"marine_farm","display_class":"OTHER","min_zoom":12,"importance":1,"name":null,"ref":null,"common":{"type":"marine_farm"},"children":{},"osm_tags":{"aquaculture":"fish","landuse":"aquaculture","seamark:type":"marine_farm"}}},{"type":"Feature","geometry":{"type":"Polygon","coordinates":[[[120.9456327,13.9612974],[120.9455306,13.9612924],[120.9455252,13.9613937],[120.9456274,13.9613987],[120.9456327,13.9612974]]]},"properties":{"osm_id":1235178560,"osm_type":"way","seamark_type":"marine_farm","display_class":"OTHER","min_zoom":12,"importance":1,"name":null,"ref":null,"common":{"type":"marine_farm"},"children":{},"osm_tags":{"aquaculture":"fish","landuse":"aquaculture","seamark:type":"marine_farm"}}},{"type":"Feature","geometry":{"type":"Polygon","coordinates":[[[120.9486514,13.9603089],[120.948556,13.9603059],[120.9485483,13.9603897],[120.9486483,13.9603928],[120.9486514,13.9603089]]]},"properties":{"osm_id":1235180856,"osm_type":"way","seamark_type":"marine_farm","display_class":"OTHER","min_zoom":12,"importance":1,"name":null,"ref":null,"common":{"type":"marine_farm"},"children":{},"osm_tags":{"aquaculture":"fish","landuse":"aquaculture","seamark:type":"marine_farm"}}},{"type":"Feature","geometry":{"type":"Polygon","coordinates":[[[120.9487765,13.9603065],[120.9486781,13.9602909],[120.9486616,13.9603777],[120.9487619,13.9603969],[120.9487765,13.9603065]]]},"properties":{"osm_id":1235180857,"osm_type":"way","seamark_type":"marine_farm","display_class":"OTHER","min_zoom":12,"importance":1,"name":null,"ref":null,"common":{"type":"marine_farm"},"children":{},"osm_tags":{"aquaculture":"fish","landuse":"aquaculture","seamark:type":"marine_farm"}}},{"type":"Feature","geometry":{"type":"Polygon","coordinates":[[[120.9489008,13.960343],[120.9488137,13.9603293],[120.9487972,13.960416],[120.9488844,13.9604334],[120.9489008,13.960343]]]},"properties":{"osm_id":1235180858,"osm_type":"way","seamark_type":"marine_farm","display_class":"OTHER","min_zoom":12,"importance":1,"name":null,"ref":null,"common":{"type":"marine_farm"},"children":{},"osm_tags":{"aquaculture":"fish","landuse":"aquaculture","seamark:type":"marine_farm"}}},{"type":"Feature","geometry":{"type":"Polygon","coordinates":[[[120.9486804,13.9600021],[120.9485828,13.9599979],[120.9485784,13.9600861],[120.9486765,13.9600884],[120.9486804,13.9600021]]]},"properties":{"osm_id":1235180859,"osm_type":"way","seamark_type":"marine_farm","display_class":"OTHER","min_zoom":12,"importance":1,"name":null,"ref":null,"common":{"type":"marine_farm"},"children":{},"osm_tags":{"aquaculture":"fish","landuse":"aquaculture","seamark:type":"marine_farm"}}},{"type":"Feature","geometry":{"type":"Polygon","coordinates":[[[120.9488519,13.9600076],[120.9487542,13.9600034],[120.9487498,13.9600915],[120.948848,13.9600938],[120.9488519,13.9600076]]]},"properties":{"osm_id":1235180860,"osm_type":"way","seamark_type":"marine_farm","display_class":"OTHER","min_zoom":12,"importance":1,"name":null,"ref":null,"common":{"type":"marine_farm"},"children":{},"osm_tags":{"aquaculture":"fish","landuse":"aquaculture","seamark:type":"marine_farm"}}},{"type":"Feature","geometry":{"type":"Polygon","coordinates":[[[120.9489913,13.9599948],[120.9488937,13.9599906],[120.9488892,13.9600787],[120.9489874,13.960081],[120.9489913,13.9599948]]]},"properties":{"osm_id":1235180861,"osm_type":"way","seamark_type":"marine_farm","display_class":"OTHER","min_zoom":12,"importance":1,"name":null,"ref":null,"common":{"type":"marine_farm"},"children":{},"osm_tags":{"aquaculture":"fish","landuse":"aquaculture","seamark:type":"marine_farm"}}},{"type":"Feature","geometry":{"type":"Polygon","coordinates":[[[120.9491381,13.9600259],[120.949042,13.9600085],[120.9490249,13.9600952],[120.9491218,13.9601108],[120.9491381,13.9600259]]]},"properties":{"osm_id":1235180862,"osm_type":"way","seamark_type":"marine_farm","display_class":"OTHER","min_zoom":12,"importance":1,"name":null,"ref":null,"common":{"type":"marine_farm"},"children":{},"osm_tags":{"aquaculture":"fish","landuse":"aquaculture","seamark:type":"marine_farm"}}},{"type":"Feature","geometry":{"type":"Polygon","coordinates":[[[120.9485881,13.9594701],[120.9484905,13.9594659],[120.9484861,13.959554],[120.9485842,13.9595563],[120.9485881,13.9594701]]]},"properties":{"osm_id":1235180863,"osm_type":"way","seamark_type":"marine_farm","display_class":"OTHER","min_zoom":12,"importance":1,"name":null,"ref":null,"common":{"type":"marine_farm"},"children":{},"osm_tags":{"aquaculture":"fish","landuse":"aquaculture","seamark:type":"marine_farm"}}},{"type":"Feature","geometry":{"type":"Polygon","coordinates":[[[120.9487423,13.959506],[120.9486473,13.9594837],[120.9486256,13.9595693],[120.9487215,13.9595899],[120.9487423,13.959506]]]},"properties":{"osm_id":1235180864,"osm_type":"way","seamark_type":"marine_farm","display_class":"OTHER","min_zoom":12,"importance":1,"name":null,"ref":null,"common":{"type":"marine_farm"},"children":{},"osm_tags":{"aquaculture":"fish","landuse":"aquaculture","seamark:type":"marine_farm"}}},{"type":"Feature","geometry":{"type":"Polygon","coordinates":[[[120.9488948,13.9595538],[120.9487985,13.9595371],[120.9487822,13.9596239],[120.9488792,13.9596388],[120.9488948,13.9595538]]]},"properties":{"osm_id":1235180865,"osm_type":"way","seamark_type":"marine_farm","display_class":"OTHER","min_zoom":12,"importance":1,"name":null,"ref":null,"common":{"type":"marine_farm"},"children":{},"osm_tags":{"aquaculture":"fish","landuse":"aquaculture","seamark:type":"marine_farm"}}},{"type":"Feature","geometry":{"type":"Polygon","coordinates":[[[120.9490568,13.9595794],[120.9489606,13.9595627],[120.9489442,13.9596495],[120.9490412,13.9596643],[120.9490568,13.9595794]]]},"properties":{"osm_id":1235180866,"osm_type":"way","seamark_type":"marine_farm","display_class":"OTHER","min_zoom":12,"importance":1,"name":null,"ref":null,"common":{"type":"marine_farm"},"children":{},"osm_tags":{"aquaculture":"fish","landuse":"aquaculture","seamark:type":"marine_farm"}}},{"type":"Feature","geometry":{"type":"Polygon","coordinates":[[[120.9494141,13.9595639],[120.9493164,13.9595621],[120.9493142,13.9596503],[120.9494124,13.9596502],[120.9494141,13.9595639]]]},"properties":{"osm_id":1235180867,"osm_type":"way","seamark_type":"marine_farm","display_class":"OTHER","min_zoom":12,"importance":1,"name":null,"ref":null,"common":{"type":"marine_farm"},"children":{},"osm_tags":{"aquaculture":"fish","landuse":"aquaculture","seamark:type":"marine_farm"}}},{"type":"Feature","geometry":{"type":"Polygon","coordinates":[[[120.9491378,13.9607257],[120.9490416,13.9607091],[120.9490252,13.9607959],[120.9491222,13.9608107],[120.9491378,13.9607257]]]},"properties":{"osm_id":1235180868,"osm_type":"way","seamark_type":"marine_farm","display_class":"OTHER","min_zoom":12,"importance":1,"name":null,"ref":null,"common":{"type":"marine_farm"},"children":{},"osm_tags":{"aquaculture":"fish","landuse":"aquaculture","seamark:type":"marine_farm"}}},{"type":"Feature","geometry":{"type":"Polygon","coordinates":[[[120.9495918,13.9601498],[120.9494956,13.9601332],[120.9494793,13.9602199],[120.9495762,13.9602348],[120.9495918,13.9601498]]]},"properties":{"osm_id":1235180869,"osm_type":"way","seamark_type":"marine_farm","display_class":"OTHER","min_zoom":12,"importance":1,"name":null,"ref":null,"common":{"type":"marine_farm"},"children":{},"osm_tags":{"aquaculture":"fish","landuse":"aquaculture","seamark:type":"marine_farm"}}},{"type":"Feature","geometry":{"type":"Polygon","coordinates":[[[120.949728,13.9601812],[120.9496274,13.9601559],[120.9495992,13.9602397],[120.9496932,13.960267],[120.949728,13.9601812]]]},"properties":{"osm_id":1235180870,"osm_type":"way","seamark_type":"marine_farm","display_class":"OTHER","min_zoom":12,"importance":1,"name":null,"ref":null,"common":{"type":"marine_farm"},"children":{},"osm_tags":{"aquaculture":"fish","landuse":"aquaculture","seamark:type":"marine_farm"}}},{"type":"Feature","geometry":{"type":"Polygon","coordinates":[[[120.9498704,13.9601804],[120.9497783,13.9601706],[120.9497698,13.9602661],[120.949868,13.9602667],[120.9498704,13.9601804]]]},"properties":{"osm_id":1235180871,"osm_type":"way","seamark_type":"marine_farm","display_class":"OTHER","min_zoom":12,"importance":1,"name":null,"ref":null,"common":{"type":"marine_farm"},"children":{},"osm_tags":{"aquaculture":"fish","landuse":"aquaculture","seamark:type":"marine_farm"}}},{"type":"Feature","geometry":{"type":"Polygon","coordinates":[[[120.9500569,13.9601999],[120.949954,13.9601717],[120.9499335,13.9602576],[120.9500278,13.9602896],[120.9500569,13.9601999]]]},"properties":{"osm_id":1235180872,"osm_type":"way","seamark_type":"marine_farm","display_class":"OTHER","min_zoom":12,"importance":1,"name":null,"ref":null,"common":{"type":"marine_farm"},"children":{},"osm_tags":{"aquaculture":"fish","landuse":"aquaculture","seamark:type":"marine_farm"}}},{"type":"Feature","geometry":{"type":"Polygon","coordinates":[[[120.9502358,13.9602767],[120.950133,13.9602484],[120.9501125,13.9603344],[120.9502068,13.9603664],[120.9502358,13.9602767]]]},"properties":{"osm_id":1235180873,"osm_type":"way","seamark_type":"marine_farm","display_class":"OTHER","min_zoom":12,"importance":1,"name":null,"ref":null,"common":{"type":"marine_farm"},"children":{},"osm_tags":{"aquaculture":"fish","landuse":"aquaculture","seamark:type":"marine_farm"}}},{"type":"Feature","geometry":{"type":"Polygon","coordinates":[[[120.9502264,13.9597849],[120.9501386,13.9597731],[120.9501295,13.9598554],[120.9502162,13.9598764],[120.9502264,13.9597849]]]},"properties":{"osm_id":1235180874,"osm_type":"way","seamark_type":"marine_farm","display_class":"OTHER","min_zoom":12,"importance":1,"name":null,"ref":null,"common":{"type":"marine_farm"},"children":{},"osm_tags":{"aquaculture":"fish","landuse":"aquaculture","seamark:type":"marine_farm"}}},{"type":"Feature","geometry":{"type":"Polygon","coordinates":[[[120.9503884,13.959666],[120.9502931,13.9596488],[120.950284,13.9597475],[120.9503782,13.9597575],[120.9503884,13.959666]]]},"properties":{"osm_id":1235180875,"osm_type":"way","seamark_type":"marine_farm","display_class":"OTHER","min_zoom":12,"importance":1,"name":null,"ref":null,"common":{"type":"marine_farm"},"children":{},"osm_tags":{"aquaculture":"fish","landuse":"aquaculture","seamark:type":"marine_farm"}}},{"type":"Feature","geometry":{"type":"Polygon","coordinates":[[[120.9499815,13.959655],[120.9498768,13.9596616],[120.9498902,13.9597585],[120.9499845,13.9597539],[120.9499815,13.959655]]]},"properties":{"osm_id":1235180876,"osm_type":"way","seamark_type":"marine_farm","display_class":"OTHER","min_zoom":12,"importance":1,"name":null,"ref":null,"common":{"type":"marine_farm"},"children":{},"osm_tags":{"aquaculture":"fish","landuse":"aquaculture","seamark:type":"marine_farm"}}},{"type":"Feature","geometry":{"type":"Polygon","coordinates":[[[120.9498214,13.9596806],[120.9497392,13.9596908],[120.9497527,13.9597877],[120.9498375,13.9597722],[120.9498214,13.9596806]]]},"properties":{"osm_id":1235180877,"osm_type":"way","seamark_type":"marine_farm","display_class":"OTHER","min_zoom":12,"importance":1,"name":null,"ref":null,"common":{"type":"marine_farm"},"children":{},"osm_tags":{"aquaculture":"fish","landuse":"aquaculture","seamark:type":"marine_farm"}}},{"type":"Feature","geometry":{"type":"Polygon","coordinates":[[[120.9497064,13.9597282],[120.9496149,13.959731],[120.9496246,13.9598133],[120.9497189,13.9598087],[120.9497064,13.9597282]]]},"properties":{"osm_id":1235180878,"osm_type":"way","seamark_type":"marine_farm","display_class":"OTHER","min_zoom":12,"importance":1,"name":null,"ref":null,"common":{"type":"marine_farm"},"children":{},"osm_tags":{"aquaculture":"fish","landuse":"aquaculture","seamark:type":"marine_farm"}}},{"type":"Feature","geometry":{"type":"Polygon","coordinates":[[[120.9505203,13.9597081],[120.950425,13.9596908],[120.9504158,13.9597896],[120.9505101,13.9597996],[120.9505203,13.9597081]]]},"properties":{"osm_id":1235180879,"osm_type":"way","seamark_type":"marine_farm","display_class":"OTHER","min_zoom":12,"importance":1,"name":null,"ref":null,"common":{"type":"marine_farm"},"children":{},"osm_tags":{"aquaculture":"fish","landuse":"aquaculture","seamark:type":"marine_farm"}}},{"type":"Feature","geometry":{"type":"Polygon","coordinates":[[[120.9507784,13.9597044],[120.9506831,13.9596871],[120.9506739,13.9597859],[120.9507682,13.9597959],[120.9507784,13.9597044]]]},"properties":{"osm_id":1235180880,"osm_type":"way","seamark_type":"marine_farm","display_class":"OTHER","min_zoom":12,"importance":1,"name":null,"ref":null,"common":{"type":"marine_farm"},"children":{},"osm_tags":{"aquaculture":"fish","landuse":"aquaculture","seamark:type":"marine_farm"}}},{"type":"Feature","geometry":{"type":"Polygon","coordinates":[[[120.9511079,13.9592998],[120.9510111,13.959306],[120.9510275,13.9594038],[120.9511214,13.9593909],[120.9511079,13.9592998]]]},"properties":{"osm_id":1235180881,"osm_type":"way","seamark_type":"marine_farm","display_class":"OTHER","min_zoom":12,"importance":1,"name":null,"ref":null,"common":{"type":"marine_farm"},"children":{},"osm_tags":{"aquaculture":"fish","landuse":"aquaculture","seamark:type":"marine_farm"}}},{"type":"Feature","geometry":{"type":"Polygon","coordinates":[[[120.9508067,13.9593296],[120.9507057,13.9593215],[120.9507022,13.9594111],[120.9507965,13.9594211],[120.9508067,13.9593296]]]},"properties":{"osm_id":1235180882,"osm_type":"way","seamark_type":"marine_farm","display_class":"OTHER","min_zoom":12,"importance":1,"name":null,"ref":null,"common":{"type":"marine_farm"},"children":{},"osm_tags":{"aquaculture":"fish","landuse":"aquaculture","seamark:type":"marine_farm"}}},{"type":"Feature","geometry":{"type":"Polygon","coordinates":[[[120.9505512,13.9593015],[120.9504588,13.959273],[120.9504372,13.9593699],[120.9505295,13.9593911],[120.9505512,13.9593015]]]},"properties":{"osm_id":1235180883,"osm_type":"way","seamark_type":"marine_farm","display_class":"OTHER","min_zoom":12,"importance":1,"name":null,"ref":null,"common":{"type":"marine_farm"},"children":{},"osm_tags":{"aquaculture":"fish","landuse":"aquaculture","seamark:type":"marine_farm"}}},{"type":"Feature","geometry":{"type":"Polygon","coordinates":[[[120.9503874,13.9592447],[120.9502958,13.9591922],[120.9502534,13.9592824],[120.9503427,13.9593259],[120.9503874,13.9592447]]]},"properties":{"osm_id":1235180884,"osm_type":"way","seamark_type":"marine_farm","display_class":"OTHER","min_zoom":12,"importance":1,"name":null,"ref":null,"common":{"type":"marine_farm"},"children":{},"osm_tags":{"aquaculture":"fish","landuse":"aquaculture","seamark:type":"marine_farm"}}},{"type":"Feature","geometry":{"type":"Polygon","coordinates":[[[120.950164,13.959157],[120.9500657,13.9591175],[120.9500368,13.9592126],[120.9501315,13.9592435],[120.950164,13.959157]]]},"properties":{"osm_id":1235180885,"osm_type":"way","seamark_type":"marine_farm","display_class":"OTHER","min_zoom":12,"importance":1,"name":null,"ref":null,"common":{"type":"marine_farm"},"children":{},"osm_tags":{"aquaculture":"fish","landuse":"aquaculture","seamark:type":"marine_farm"}}},{"type":"Feature","geometry":{"type":"Polygon","coordinates":[[[120.9500313,13.9591331],[120.9499397,13.9590807],[120.9498973,13.9591709],[120.9499866,13.9592144],[120.9500313,13.9591331]]]},"properties":{"osm_id":1235180886,"osm_type":"way","seamark_type":"marine_farm","display_class":"OTHER","min_zoom":12,"importance":1,"name":null,"ref":null,"common":{"type":"marine_farm"},"children":{},"osm_tags":{"aquaculture":"fish","landuse":"aquaculture","seamark:type":"marine_farm"}}},{"type":"Feature","geometry":{"type":"Polygon","coordinates":[[[120.9498155,13.9590568],[120.9497216,13.9590739],[120.9497492,13.9591589],[120.9498449,13.959149],[120.9498155,13.9590568]]]},"properties":{"osm_id":1235180887,"osm_type":"way","seamark_type":"marine_farm","display_class":"OTHER","min_zoom":12,"importance":1,"name":null,"ref":null,"common":{"type":"marine_farm"},"children":{},"osm_tags":{"aquaculture":"fish","landuse":"aquaculture","seamark:type":"marine_farm"}}},{"type":"Feature","geometry":{"type":"Polygon","coordinates":[[[120.9496394,13.9590728],[120.9495479,13.9590203],[120.9495055,13.9591106],[120.9495948,13.959154],[120.9496394,13.9590728]]]},"properties":{"osm_id":1235180888,"osm_type":"way","seamark_type":"marine_farm","display_class":"OTHER","min_zoom":12,"importance":1,"name":null,"ref":null,"common":{"type":"marine_farm"},"children":{},"osm_tags":{"aquaculture":"fish","landuse":"aquaculture","seamark:type":"marine_farm"}}},{"type":"Feature","geometry":{"type":"Polygon","coordinates":[[[120.9492675,13.9590163],[120.9491652,13.9589883],[120.9491479,13.959086],[120.9492457,13.9591059],[120.9492675,13.9590163]]]},"properties":{"osm_id":1235180889,"osm_type":"way","seamark_type":"marine_farm","display_class":"OTHER","min_zoom":12,"importance":1,"name":null,"ref":null,"common":{"type":"marine_farm"},"children":{},"osm_tags":{"aquaculture":"fish","landuse":"aquaculture","seamark:type":"marine_farm"}}},{"type":"Feature","geometry":{"type":"Polygon","coordinates":[[[120.9491077,13.9589825],[120.9490023,13.9589689],[120.9489995,13.9590681],[120.9490992,13.9590742],[120.9491077,13.9589825]]]},"properties":{"osm_id":1235180890,"osm_type":"way","seamark_type":"marine_farm","display_class":"OTHER","min_zoom":12,"importance":1,"name":null,"ref":null,"common":{"type":"marine_farm"},"children":{},"osm_tags":{"aquaculture":"fish","landuse":"aquaculture","seamark:type":"marine_farm"}}},{"type":"Feature","geometry":{"type":"Polygon","coordinates":[[[120.9488404,13.9588906],[120.9487343,13.9588851],[120.9487396,13.9589842],[120.9488395,13.9589827],[120.9488404,13.9588906]]]},"properties":{"osm_id":1235180891,"osm_type":"way","seamark_type":"marine_farm","display_class":"OTHER","min_zoom":12,"importance":1,"name":null,"ref":null,"common":{"type":"marine_farm"},"children":{},"osm_tags":{"aquaculture":"fish","landuse":"aquaculture","seamark:type":"marine_farm"}}},{"type":"Feature","geometry":{"type":"Polygon","coordinates":[[[120.9486628,13.9588809],[120.9485566,13.9588766],[120.9485631,13.9589756],[120.948663,13.9589729],[120.9486628,13.9588809]]]},"properties":{"osm_id":1235180892,"osm_type":"way","seamark_type":"marine_farm","display_class":"OTHER","min_zoom":12,"importance":1,"name":null,"ref":null,"common":{"type":"marine_farm"},"children":{},"osm_tags":{"aquaculture":"fish","landuse":"aquaculture","seamark:type":"marine_farm"}}},{"type":"Feature","geometry":{"type":"Polygon","coordinates":[[[120.9486603,13.958589],[120.9485553,13.9585728],[120.94855,13.9586718],[120.9486495,13.9586805],[120.9486603,13.958589]]]},"properties":{"osm_id":1235180893,"osm_type":"way","seamark_type":"marine_farm","display_class":"OTHER","min_zoom":12,"importance":1,"name":null,"ref":null,"common":{"type":"marine_farm"},"children":{},"osm_tags":{"aquaculture":"fish","landuse":"aquaculture","seamark:type":"marine_farm"}}},{"type":"Feature","geometry":{"type":"Polygon","coordinates":[[[120.948869,13.9586176],[120.9487637,13.9586026],[120.9487597,13.9587017],[120.9488592,13.9587092],[120.948869,13.9586176]]]},"properties":{"osm_id":1235180894,"osm_type":"way","seamark_type":"marine_farm","display_class":"OTHER","min_zoom":12,"importance":1,"name":null,"ref":null,"common":{"type":"marine_farm"},"children":{},"osm_tags":{"aquaculture":"fish","landuse":"aquaculture","seamark:type":"marine_farm"}}},{"type":"Feature","geometry":{"type":"Polygon","coordinates":[[[120.9490558,13.9586638],[120.9489546,13.9586322],[120.9489337,13.9587292],[120.9490306,13.9587526],[120.9490558,13.9586638]]]},"properties":{"osm_id":1235180895,"osm_type":"way","seamark_type":"marine_farm","display_class":"OTHER","min_zoom":12,"importance":1,"name":null,"ref":null,"common":{"type":"marine_farm"},"children":{},"osm_tags":{"aquaculture":"fish","landuse":"aquaculture","seamark:type":"marine_farm"}}},{"type":"Feature","geometry":{"type":"Polygon","coordinates":[[[120.9492352,13.9587273],[120.949137,13.9586878],[120.949108,13.9587829],[120.9492027,13.9588138],[120.9492352,13.9587273]]]},"properties":{"osm_id":1235180896,"osm_type":"way","seamark_type":"marine_farm","display_class":"OTHER","min_zoom":12,"importance":1,"name":null,"ref":null,"common":{"type":"marine_farm"},"children":{},"osm_tags":{"aquaculture":"fish","landuse":"aquaculture","seamark:type":"marine_farm"}}},{"type":"Feature","geometry":{"type":"Polygon","coordinates":[[[120.9493856,13.958752],[120.9492828,13.9587257],[120.9492673,13.9588237],[120.9493654,13.9588419],[120.9493856,13.958752]]]},"properties":{"osm_id":1235180897,"osm_type":"way","seamark_type":"marine_farm","display_class":"OTHER","min_zoom":12,"importance":1,"name":null,"ref":null,"common":{"type":"marine_farm"},"children":{},"osm_tags":{"aquaculture":"fish","landuse":"aquaculture","seamark:type":"marine_farm"}}},{"type":"Feature","geometry":{"type":"Polygon","coordinates":[[[120.9494062,13.9586511],[120.9493051,13.9586193],[120.949284,13.9587164],[120.949381,13.9587398],[120.9494062,13.9586511]]]},"properties":{"osm_id":1235180898,"osm_type":"way","seamark_type":"marine_farm","display_class":"OTHER","min_zoom":12,"importance":1,"name":null,"ref":null,"common":{"type":"marine_farm"},"children":{},"osm_tags":{"aquaculture":"fish","landuse":"aquaculture","seamark:type":"marine_farm"}}},{"type":"Feature","geometry":{"type":"Polygon","coordinates":[[[120.9495711,13.9587631],[120.9494676,13.9587396],[120.9494549,13.958838],[120.9495535,13.9588536],[120.9495711,13.9587631]]]},"properties":{"osm_id":1235180899,"osm_type":"way","seamark_type":"marine_farm","display_class":"OTHER","min_zoom":12,"importance":1,"name":null,"ref":null,"common":{"type":"marine_farm"},"children":{},"osm_tags":{"aquaculture":"fish","landuse":"aquaculture","seamark:type":"marine_farm"}}},{"type":"Feature","geometry":{"type":"Polygon","coordinates":[[[120.9498898,13.9585461],[120.9497865,13.9585217],[120.949773,13.95862],[120.9498714,13.9586364],[120.9498898,13.9585461]]]},"properties":{"osm_id":1235180900,"osm_type":"way","seamark_type":"marine_farm","display_class":"OTHER","min_zoom":12,"importance":1,"name":null,"ref":null,"common":{"type":"marine_farm"},"children":{},"osm_tags":{"aquaculture":"fish","landuse":"aquaculture","seamark:type":"marine_farm"}}},{"type":"Feature","geometry":{"type":"Polygon","coordinates":[[[120.9497386,13.9585229],[120.9496383,13.9584886],[120.9496147,13.958585],[120.9497109,13.9586109],[120.9497386,13.9585229]]]},"properties":{"osm_id":1235180901,"osm_type":"way","seamark_type":"marine_farm","display_class":"OTHER","min_zoom":12,"importance":1,"name":null,"ref":null,"common":{"type":"marine_farm"},"children":{},"osm_tags":{"aquaculture":"fish","landuse":"aquaculture","seamark:type":"marine_farm"}}},{"type":"Feature","geometry":{"type":"Polygon","coordinates":[[[120.9495702,13.9584626],[120.9494747,13.9584171],[120.9494396,13.9585102],[120.949532,13.9585469],[120.9495702,13.9584626]]]},"properties":{"osm_id":1235180902,"osm_type":"way","seamark_type":"marine_farm","display_class":"OTHER","min_zoom":12,"importance":1,"name":null,"ref":null,"common":{"type":"marine_farm"},"children":{},"osm_tags":{"aquaculture":"fish","landuse":"aquaculture","seamark:type":"marine_farm"}}},{"type":"Feature","geometry":{"type":"Polygon","coordinates":[[[120.949287,13.9583779],[120.9491837,13.9583535],[120.9491701,13.9584518],[120.9492685,13.9584682],[120.949287,13.9583779]]]},"properties":{"osm_id":1235180903,"osm_type":"way","seamark_type":"marine_farm","display_class":"OTHER","min_zoom":12,"importance":1,"name":null,"ref":null,"common":{"type":"marine_farm"},"children":{},"osm_tags":{"aquaculture":"fish","landuse":"aquaculture","seamark:type":"marine_farm"}}},{"type":"Feature","geometry":{"type":"Polygon","coordinates":[[[120.9490683,13.958329],[120.948962,13.9583318],[120.9489755,13.9584301],[120.949075,13.9584209],[120.9490683,13.958329]]]},"properties":{"osm_id":1235180904,"osm_type":"way","seamark_type":"marine_farm","display_class":"OTHER","min_zoom":12,"importance":1,"name":null,"ref":null,"common":{"type":"marine_farm"},"children":{},"osm_tags":{"aquaculture":"fish","landuse":"aquaculture","seamark:type":"marine_farm"}}},{"type":"Feature","geometry":{"type":"Polygon","coordinates":[[[120.948932,13.95833],[120.9488272,13.9583127],[120.9488208,13.9584117],[120.9489202,13.9584213],[120.948932,13.95833]]]},"properties":{"osm_id":1235180905,"osm_type":"way","seamark_type":"marine_farm","display_class":"OTHER","min_zoom":12,"importance":1,"name":null,"ref":null,"common":{"type":"marine_farm"},"children":{},"osm_tags":{"aquaculture":"fish","landuse":"aquaculture","seamark:type":"marine_farm"}}},{"type":"Feature","geometry":{"type":"Polygon","coordinates":[[[120.9487383,13.9583121],[120.9486336,13.9582941],[120.9486264,13.958393],[120.9487257,13.9584034],[120.9487383,13.9583121]]]},"properties":{"osm_id":1235180906,"osm_type":"way","seamark_type":"marine_farm","display_class":"OTHER","min_zoom":12,"importance":1,"name":null,"ref":null,"common":{"type":"marine_farm"},"children":{},"osm_tags":{"aquaculture":"fish","landuse":"aquaculture","seamark:type":"marine_farm"}}},{"type":"Feature","geometry":{"type":"Polygon","coordinates":[[[120.9498034,13.9580739],[120.949706,13.9580325],[120.9496751,13.958127],[120.9497691,13.9581597],[120.9498034,13.9580739]]]},"properties":{"osm_id":1235180907,"osm_type":"way","seamark_type":"marine_farm","display_class":"OTHER","min_zoom":12,"importance":1,"name":null,"ref":null,"common":{"type":"marine_farm"},"children":{},"osm_tags":{"aquaculture":"fish","landuse":"aquaculture","seamark:type":"marine_farm"}}},{"type":"Feature","geometry":{"type":"Polygon","coordinates":[[[120.949955,13.9581466],[120.9498576,13.9581052],[120.9498267,13.9581997],[120.9499207,13.9582324],[120.949955,13.9581466]]]},"properties":{"osm_id":1235180908,"osm_type":"way","seamark_type":"marine_farm","display_class":"OTHER","min_zoom":12,"importance":1,"name":null,"ref":null,"common":{"type":"marine_farm"},"children":{},"osm_tags":{"aquaculture":"fish","landuse":"aquaculture","seamark:type":"marine_farm"}}},{"type":"Feature","geometry":{"type":"Polygon","coordinates":[[[120.95032,13.958198],[120.9502229,13.9581951],[120.9502199,13.9582853],[120.9503197,13.9582901],[120.95032,13.958198]]]},"properties":{"osm_id":1235180909,"osm_type":"way","seamark_type":"marine_farm","display_class":"OTHER","min_zoom":12,"importance":1,"name":null,"ref":null,"common":{"type":"marine_farm"},"children":{},"osm_tags":{"aquaculture":"fish","landuse":"aquaculture","seamark:type":"marine_farm"}}},{"type":"Feature","geometry":{"type":"Polygon","coordinates":[[[120.9504957,13.958229],[120.9504008,13.9582086],[120.9503806,13.9582966],[120.9504777,13.9583194],[120.9504957,13.958229]]]},"properties":{"osm_id":1235180910,"osm_type":"way","seamark_type":"marine_farm","display_class":"OTHER","min_zoom":12,"importance":1,"name":null,"ref":null,"common":{"type":"marine_farm"},"children":{},"osm_tags":{"aquaculture":"fish","landuse":"aquaculture","seamark:type":"marine_farm"}}},{"type":"Feature","geometry":{"type":"Polygon","coordinates":[[[120.950671,13.9582458],[120.9505752,13.95823],[120.9505595,13.9583188],[120.9506577,13.958337],[120.950671,13.9582458]]]},"properties":{"osm_id":1235180911,"osm_type":"way","seamark_type":"marine_farm","display_class":"OTHER","min_zoom":12,"importance":1,"name":null,"ref":null,"common":{"type":"marine_farm"},"children":{},"osm_tags":{"aquaculture":"fish","landuse":"aquaculture","seamark:type":"marine_farm"}}},{"type":"Feature","geometry":{"type":"Polygon","coordinates":[[[120.9506639,13.9588151],[120.9505682,13.9587988],[120.950552,13.9588876],[120.9506502,13.9589062],[120.9506639,13.9588151]]]},"properties":{"osm_id":1235180912,"osm_type":"way","seamark_type":"marine_farm","display_class":"OTHER","min_zoom":12,"importance":1,"name":null,"ref":null,"common":{"type":"marine_farm"},"children":{},"osm_tags":{"aquaculture":"fish","landuse":"aquaculture","seamark:type":"marine_farm"}}},{"type":"Feature","geometry":{"type":"Polygon","coordinates":[[[120.9503212,13.9586947],[120.9502854,13.9587823],[120.9503718,13.9588157],[120.9504104,13.9587262],[120.9503212,13.9586947]]]},"properties":{"osm_id":1235180913,"osm_type":"way","seamark_type":"marine_farm","display_class":"OTHER","min_zoom":12,"importance":1,"name":null,"ref":null,"common":{"type":"marine_farm"},"children":{},"osm_tags":{"aquaculture":"fish","landuse":"aquaculture","seamark:type":"marine_farm"}}},{"type":"Feature","geometry":{"type":"Polygon","coordinates":[[[120.9508551,13.9588096],[120.9507581,13.9588067],[120.9507551,13.9588968],[120.9508549,13.9589017],[120.9508551,13.9588096]]]},"properties":{"osm_id":1235180914,"osm_type":"way","seamark_type":"marine_farm","display_class":"OTHER","min_zoom":12,"importance":1,"name":null,"ref":null,"common":{"type":"marine_farm"},"children":{},"osm_tags":{"aquaculture":"fish","landuse":"aquaculture","seamark:type":"marine_farm"}}},{"type":"Feature","geometry":{"type":"Polygon","coordinates":[[[120.9511328,13.9588061],[120.9510357,13.9588032],[120.9510327,13.9588933],[120.9511326,13.9588981],[120.9511328,13.9588061]]]},"properties":{"osm_id":1235180915,"osm_type":"way","seamark_type":"marine_farm","display_class":"OTHER","min_zoom":12,"importance":1,"name":null,"ref":null,"common":{"type":"marine_farm"},"children":{},"osm_tags":{"aquaculture":"fish","landuse":"aquaculture","seamark:type":"marine_farm"}}},{"type":"Feature","geometry":{"type":"Polygon","coordinates":[[[120.950961,13.9583377],[120.9508672,13.9583135],[120.9508432,13.9584006],[120.9509393,13.9584273],[120.950961,13.9583377]]]},"properties":{"osm_id":1235180916,"osm_type":"way","seamark_type":"marine_farm","display_class":"OTHER","min_zoom":12,"importance":1,"name":null,"ref":null,"common":{"type":"marine_farm"},"children":{},"osm_tags":{"aquaculture":"fish","landuse":"aquaculture","seamark:type":"marine_farm"}}},{"type":"Feature","geometry":{"type":"Polygon","coordinates":[[[120.9511911,13.9583604],[120.9510952,13.9583456],[120.9510805,13.9584346],[120.9511789,13.9584517],[120.9511911,13.9583604]]]},"properties":{"osm_id":1235180917,"osm_type":"way","seamark_type":"marine_farm","display_class":"OTHER","min_zoom":12,"importance":1,"name":null,"ref":null,"common":{"type":"marine_farm"},"children":{},"osm_tags":{"aquaculture":"fish","landuse":"aquaculture","seamark:type":"marine_farm"}}},{"type":"Feature","geometry":{"type":"Polygon","coordinates":[[[120.9522804,13.9658602],[120.9521875,13.9658877],[120.9522145,13.965974],[120.9523107,13.9659474],[120.9522804,13.9658602]]]},"properties":{"osm_id":1235181035,"osm_type":"way","seamark_type":"marine_farm","display_class":"OTHER","min_zoom":12,"importance":1,"name":null,"ref":null,"common":{"type":"marine_farm"},"children":{},"osm_tags":{"aquaculture":"fish","landuse":"aquaculture","seamark:type":"marine_farm"}}},{"type":"Feature","geometry":{"type":"Polygon","coordinates":[[[120.9520439,13.9658974],[120.9519533,13.9659312],[120.9519864,13.9660154],[120.9520804,13.9659824],[120.9520439,13.9658974]]]},"properties":{"osm_id":1235181036,"osm_type":"way","seamark_type":"marine_farm","display_class":"OTHER","min_zoom":12,"importance":1,"name":null,"ref":null,"common":{"type":"marine_farm"},"children":{},"osm_tags":{"aquaculture":"fish","landuse":"aquaculture","seamark:type":"marine_farm"}}},{"type":"Feature","geometry":{"type":"Polygon","coordinates":[[[120.9485125,13.9633418],[120.948416,13.9633525],[120.9484264,13.9634421],[120.9485259,13.963433],[120.9485125,13.9633418]]]},"properties":{"osm_id":1235182128,"osm_type":"way","seamark_type":"marine_farm","display_class":"OTHER","min_zoom":12,"importance":1,"name":null,"ref":null,"common":{"type":"marine_farm"},"children":{},"osm_tags":{"aquaculture":"fish","landuse":"aquaculture","seamark:type":"marine_farm"}}},{"type":"Feature","geometry":{"type":"Polygon","coordinates":[[[120.948693,13.9633178],[120.9485925,13.963335],[120.9486156,13.9634223],[120.9487129,13.9633999],[120.948693,13.9633178]]]},"properties":{"osm_id":1235182129,"osm_type":"way","seamark_type":"marine_farm","display_class":"OTHER","min_zoom":12,"importance":1,"name":null,"ref":null,"common":{"type":"marine_farm"},"children":{},"osm_tags":{"aquaculture":"fish","landuse":"aquaculture","seamark:type":"marine_farm"}}},{"type":"Feature","geometry":{"type":"Polygon","coordinates":[[[120.9493214,13.9631988],[120.9492244,13.9632141],[120.9492214,13.9633042],[120.9493137,13.9632945],[120.9493214,13.9631988]]]},"properties":{"osm_id":1235182130,"osm_type":"way","seamark_type":"marine_farm","display_class":"OTHER","min_zoom":12,"importance":1,"name":null,"ref":null,"common":{"type":"marine_farm"},"children":{},"osm_tags":{"aquaculture":"fish","landuse":"aquaculture","seamark:type":"marine_farm"}}},{"type":"Feature","geometry":{"type":"Polygon","coordinates":[[[120.9494886,13.963204],[120.9493915,13.9632011],[120.9493885,13.9632912],[120.9494884,13.9632961],[120.9494886,13.963204]]]},"properties":{"osm_id":1235182131,"osm_type":"way","seamark_type":"marine_farm","display_class":"OTHER","min_zoom":12,"importance":1,"name":null,"ref":null,"common":{"type":"marine_farm"},"children":{},"osm_tags":{"aquaculture":"fish","landuse":"aquaculture","seamark:type":"marine_farm"}}},{"type":"Feature","geometry":{"type":"Polygon","coordinates":[[[120.9498197,13.9631439],[120.949723,13.9631527],[120.9497315,13.9632425],[120.9498312,13.9632353],[120.9498197,13.9631439]]]},"properties":{"osm_id":1235182132,"osm_type":"way","seamark_type":"marine_farm","display_class":"OTHER","min_zoom":12,"importance":1,"name":null,"ref":null,"common":{"type":"marine_farm"},"children":{},"osm_tags":{"aquaculture":"fish","landuse":"aquaculture","seamark:type":"marine_farm"}}},{"type":"Feature","geometry":{"type":"Polygon","coordinates":[[[120.949981,13.963133],[120.9498914,13.9631377],[120.9498924,13.9632278],[120.9499924,13.9632286],[120.949981,13.963133]]]},"properties":{"osm_id":1235182133,"osm_type":"way","seamark_type":"marine_farm","display_class":"OTHER","min_zoom":12,"importance":1,"name":null,"ref":null,"common":{"type":"marine_farm"},"children":{},"osm_tags":{"aquaculture":"fish","landuse":"aquaculture","seamark:type":"marine_farm"}}},{"type":"Feature","geometry":{"type":"Polygon","coordinates":[[[120.9501533,13.9631151],[120.9500566,13.9631233],[120.9500646,13.9632132],[120.9501644,13.9632065],[120.9501533,13.9631151]]]},"properties":{"osm_id":1235182134,"osm_type":"way","seamark_type":"marine_farm","display_class":"OTHER","min_zoom":12,"importance":1,"name":null,"ref":null,"common":{"type":"marine_farm"},"children":{},"osm_tags":{"aquaculture":"fish","landuse":"aquaculture","seamark:type":"marine_farm"}}},{"type":"Feature","geometry":{"type":"Polygon","coordinates":[[[120.9503164,13.9631059],[120.9502193,13.963103],[120.9502163,13.9631931],[120.9503162,13.9631979],[120.9503164,13.9631059]]]},"properties":{"osm_id":1235182135,"osm_type":"way","seamark_type":"marine_farm","display_class":"OTHER","min_zoom":12,"importance":1,"name":null,"ref":null,"common":{"type":"marine_farm"},"children":{},"osm_tags":{"aquaculture":"fish","landuse":"aquaculture","seamark:type":"marine_farm"}}},{"type":"Feature","geometry":{"type":"Polygon","coordinates":[[[120.9504663,13.963124],[120.9503692,13.9631211],[120.9503662,13.9632112],[120.950466,13.9632161],[120.9504663,13.963124]]]},"properties":{"osm_id":1235182136,"osm_type":"way","seamark_type":"marine_farm","display_class":"OTHER","min_zoom":12,"importance":1,"name":null,"ref":null,"common":{"type":"marine_farm"},"children":{},"osm_tags":{"aquaculture":"fish","landuse":"aquaculture","seamark:type":"marine_farm"}}},{"type":"Feature","geometry":{"type":"Polygon","coordinates":[[[120.9512117,13.9624761],[120.9511177,13.9625001],[120.9511412,13.9625874],[120.9512384,13.9625645],[120.9512117,13.9624761]]]},"properties":{"osm_id":1235182137,"osm_type":"way","seamark_type":"marine_farm","display_class":"OTHER","min_zoom":12,"importance":1,"name":null,"ref":null,"common":{"type":"marine_farm"},"children":{},"osm_tags":{"aquaculture":"fish","landuse":"aquaculture","seamark:type":"marine_farm"}}},{"type":"Feature","geometry":{"type":"Polygon","coordinates":[[[120.951048,13.9625192],[120.9509523,13.9625352],[120.9509678,13.9626241],[120.9510667,13.9626095],[120.951048,13.9625192]]]},"properties":{"osm_id":1235182138,"osm_type":"way","seamark_type":"marine_farm","display_class":"OTHER","min_zoom":12,"importance":1,"name":null,"ref":null,"common":{"type":"marine_farm"},"children":{},"osm_tags":{"aquaculture":"fish","landuse":"aquaculture","seamark:type":"marine_farm"}}},{"type":"Feature","geometry":{"type":"Polygon","coordinates":[[[120.9508745,13.9625279],[120.9507775,13.962525],[120.9507745,13.9626151],[120.9508743,13.9626199],[120.9508745,13.9625279]]]},"properties":{"osm_id":1235182139,"osm_type":"way","seamark_type":"marine_farm","display_class":"OTHER","min_zoom":12,"importance":1,"name":null,"ref":null,"common":{"type":"marine_farm"},"children":{},"osm_tags":{"aquaculture":"fish","landuse":"aquaculture","seamark:type":"marine_farm"}}},{"type":"Feature","geometry":{"type":"Polygon","coordinates":[[[120.9504995,13.9625582],[120.9504043,13.9625768],[120.9504225,13.9626652],[120.9505209,13.9626479],[120.9504995,13.9625582]]]},"properties":{"osm_id":1235182140,"osm_type":"way","seamark_type":"marine_farm","display_class":"OTHER","min_zoom":12,"importance":1,"name":null,"ref":null,"common":{"type":"marine_farm"},"children":{},"osm_tags":{"aquaculture":"fish","landuse":"aquaculture","seamark:type":"marine_farm"}}},{"type":"Feature","geometry":{"type":"Polygon","coordinates":[[[120.9503277,13.9625642],[120.9502306,13.9625613],[120.9502276,13.9626514],[120.9503274,13.9626563],[120.9503277,13.9625642]]]},"properties":{"osm_id":1235182141,"osm_type":"way","seamark_type":"marine_farm","display_class":"OTHER","min_zoom":12,"importance":1,"name":null,"ref":null,"common":{"type":"marine_farm"},"children":{},"osm_tags":{"aquaculture":"fish","landuse":"aquaculture","seamark:type":"marine_farm"}}},{"type":"Feature","geometry":{"type":"Polygon","coordinates":[[[120.9499769,13.9625514],[120.9498882,13.96259],[120.9499261,13.9626723],[120.9500181,13.9626343],[120.9499769,13.9625514]]]},"properties":{"osm_id":1235182142,"osm_type":"way","seamark_type":"marine_farm","display_class":"OTHER","min_zoom":12,"importance":1,"name":null,"ref":null,"common":{"type":"marine_farm"},"children":{},"osm_tags":{"aquaculture":"fish","landuse":"aquaculture","seamark:type":"marine_farm"}}},{"type":"Feature","geometry":{"type":"Polygon","coordinates":[[[120.9497587,13.9626202],[120.9496707,13.96266],[120.9497097,13.9627418],[120.9498012,13.9627025],[120.9497587,13.9626202]]]},"properties":{"osm_id":1235182143,"osm_type":"way","seamark_type":"marine_farm","display_class":"OTHER","min_zoom":12,"importance":1,"name":null,"ref":null,"common":{"type":"marine_farm"},"children":{},"osm_tags":{"aquaculture":"fish","landuse":"aquaculture","seamark:type":"marine_farm"}}},{"type":"Feature","geometry":{"type":"Polygon","coordinates":[[[120.9493786,13.9627736],[120.9492893,13.9628107],[120.9493257,13.9628936],[120.9494184,13.9628572],[120.9493786,13.9627736]]]},"properties":{"osm_id":1235182144,"osm_type":"way","seamark_type":"marine_farm","display_class":"OTHER","min_zoom":12,"importance":1,"name":null,"ref":null,"common":{"type":"marine_farm"},"children":{},"osm_tags":{"aquaculture":"fish","landuse":"aquaculture","seamark:type":"marine_farm"}}},{"type":"Feature","geometry":{"type":"Polygon","coordinates":[[[120.9491982,13.9628206],[120.9491093,13.9628586],[120.9491465,13.9629412],[120.9492388,13.9629038],[120.9491982,13.9628206]]]},"properties":{"osm_id":1235182145,"osm_type":"way","seamark_type":"marine_farm","display_class":"OTHER","min_zoom":12,"importance":1,"name":null,"ref":null,"common":{"type":"marine_farm"},"children":{},"osm_tags":{"aquaculture":"fish","landuse":"aquaculture","seamark:type":"marine_farm"}}},{"type":"Feature","geometry":{"type":"Polygon","coordinates":[[[120.9501797,13.9624295],[120.950164,13.962379],[120.9501122,13.9624002],[120.950123,13.9624467],[120.9501797,13.9624295]]]},"properties":{"osm_id":1235182146,"osm_type":"way","seamark_type":"marine_farm","display_class":"OTHER","min_zoom":12,"importance":1,"name":null,"ref":null,"common":{"type":"marine_farm"},"children":{},"osm_tags":{"aquaculture":"fish","landuse":"aquaculture","seamark:type":"marine_farm"}}},{"type":"Feature","geometry":{"type":"Polygon","coordinates":[[[120.951148,13.9621098],[120.9510509,13.9621069],[120.9510479,13.962197],[120.9511478,13.9622019],[120.951148,13.9621098]]]},"properties":{"osm_id":1235182147,"osm_type":"way","seamark_type":"marine_farm","display_class":"OTHER","min_zoom":12,"importance":1,"name":null,"ref":null,"common":{"type":"marine_farm"},"children":{},"osm_tags":{"aquaculture":"fish","landuse":"aquaculture","seamark:type":"marine_farm"}}},{"type":"Feature","geometry":{"type":"Polygon","coordinates":[[[120.950957,13.9621025],[120.9508599,13.9620997],[120.9508569,13.9621898],[120.9509567,13.9621946],[120.950957,13.9621025]]]},"properties":{"osm_id":1235182148,"osm_type":"way","seamark_type":"marine_farm","display_class":"OTHER","min_zoom":12,"importance":1,"name":null,"ref":null,"common":{"type":"marine_farm"},"children":{},"osm_tags":{"aquaculture":"fish","landuse":"aquaculture","seamark:type":"marine_farm"}}},{"type":"Feature","geometry":{"type":"Polygon","coordinates":[[[120.9506985,13.9621135],[120.9506014,13.9621106],[120.9505984,13.9622007],[120.9506983,13.9622055],[120.9506985,13.9621135]]]},"properties":{"osm_id":1235182149,"osm_type":"way","seamark_type":"marine_farm","display_class":"OTHER","min_zoom":12,"importance":1,"name":null,"ref":null,"common":{"type":"marine_farm"},"children":{},"osm_tags":{"aquaculture":"fish","landuse":"aquaculture","seamark:type":"marine_farm"}}},{"type":"Feature","geometry":{"type":"Polygon","coordinates":[[[120.9505262,13.9621244],[120.9504291,13.9621215],[120.9504261,13.9622116],[120.950526,13.9622164],[120.9505262,13.9621244]]]},"properties":{"osm_id":1235182150,"osm_type":"way","seamark_type":"marine_farm","display_class":"OTHER","min_zoom":12,"importance":1,"name":null,"ref":null,"common":{"type":"marine_farm"},"children":{},"osm_tags":{"aquaculture":"fish","landuse":"aquaculture","seamark:type":"marine_farm"}}},{"type":"Feature","geometry":{"type":"Polygon","coordinates":[[[120.9503326,13.962104],[120.9502359,13.9621133],[120.950245,13.9622031],[120.9503446,13.9621953],[120.9503326,13.962104]]]},"properties":{"osm_id":1235182151,"osm_type":"way","seamark_type":"marine_farm","display_class":"OTHER","min_zoom":12,"importance":1,"name":null,"ref":null,"common":{"type":"marine_farm"},"children":{},"osm_tags":{"aquaculture":"fish","landuse":"aquaculture","seamark:type":"marine_farm"}}},{"type":"Feature","geometry":{"type":"Polygon","coordinates":[[[120.9501666,13.9621171],[120.9500695,13.9621142],[120.9500665,13.9622043],[120.9501664,13.9622092],[120.9501666,13.9621171]]]},"properties":{"osm_id":1235182152,"osm_type":"way","seamark_type":"marine_farm","display_class":"OTHER","min_zoom":12,"importance":1,"name":null,"ref":null,"common":{"type":"marine_farm"},"children":{},"osm_tags":{"aquaculture":"fish","landuse":"aquaculture","seamark:type":"marine_farm"}}},{"type":"Feature","geometry":{"type":"Polygon","coordinates":[[[120.9499793,13.9621425],[120.9498822,13.9621396],[120.9498792,13.9622297],[120.9499791,13.9622346],[120.9499793,13.9621425]]]},"properties":{"osm_id":1235182153,"osm_type":"way","seamark_type":"marine_farm","display_class":"OTHER","min_zoom":12,"importance":1,"name":null,"ref":null,"common":{"type":"marine_farm"},"children":{},"osm_tags":{"aquaculture":"fish","landuse":"aquaculture","seamark:type":"marine_farm"}}},{"type":"Feature","geometry":{"type":"Polygon","coordinates":[[[120.9497882,13.9621425],[120.9496912,13.9621396],[120.9496882,13.9622297],[120.949788,13.9622346],[120.9497882,13.9621425]]]},"properties":{"osm_id":1235182154,"osm_type":"way","seamark_type":"marine_farm","display_class":"OTHER","min_zoom":12,"importance":1,"name":null,"ref":null,"common":{"type":"marine_farm"},"children":{},"osm_tags":{"aquaculture":"fish","landuse":"aquaculture","seamark:type":"marine_farm"}}},{"type":"Feature","geometry":{"type":"Polygon","coordinates":[[[120.9491028,13.9621971],[120.9490057,13.9621942],[120.9490027,13.9622843],[120.9491025,13.9622891],[120.9491028,13.9621971]]]},"properties":{"osm_id":1235182155,"osm_type":"way","seamark_type":"marine_farm","display_class":"OTHER","min_zoom":12,"importance":1,"name":null,"ref":null,"common":{"type":"marine_farm"},"children":{},"osm_tags":{"aquaculture":"fish","landuse":"aquaculture","seamark:type":"marine_farm"}}},{"type":"Feature","geometry":{"type":"Polygon","coordinates":[[[120.9494024,13.9617172],[120.9493053,13.9617143],[120.9493023,13.9618044],[120.9494022,13.9618093],[120.9494024,13.9617172]]]},"properties":{"osm_id":1235182156,"osm_type":"way","seamark_type":"marine_farm","display_class":"OTHER","min_zoom":12,"importance":1,"name":null,"ref":null,"common":{"type":"marine_farm"},"children":{},"osm_tags":{"aquaculture":"fish","landuse":"aquaculture","seamark:type":"marine_farm"}}},{"type":"Feature","geometry":{"type":"Polygon","coordinates":[[[120.9495747,13.9617318],[120.9494776,13.9617289],[120.9494747,13.961819],[120.9495745,13.9618238],[120.9495747,13.9617318]]]},"properties":{"osm_id":1235182157,"osm_type":"way","seamark_type":"marine_farm","display_class":"OTHER","min_zoom":12,"importance":1,"name":null,"ref":null,"common":{"type":"marine_farm"},"children":{},"osm_tags":{"aquaculture":"fish","landuse":"aquaculture","seamark:type":"marine_farm"}}},{"type":"Feature","geometry":{"type":"Polygon","coordinates":[[[120.949822,13.9617572],[120.9497249,13.9617543],[120.9497219,13.9618444],[120.9498217,13.9618493],[120.949822,13.9617572]]]},"properties":{"osm_id":1235182158,"osm_type":"way","seamark_type":"marine_farm","display_class":"OTHER","min_zoom":12,"importance":1,"name":null,"ref":null,"common":{"type":"marine_farm"},"children":{},"osm_tags":{"aquaculture":"fish","landuse":"aquaculture","seamark:type":"marine_farm"}}},{"type":"Feature","geometry":{"type":"Polygon","coordinates":[[[120.9500312,13.9618277],[120.949936,13.961809],[120.9499175,13.9618973],[120.9500151,13.9619184],[120.9500312,13.9618277]]]},"properties":{"osm_id":1235182159,"osm_type":"way","seamark_type":"marine_farm","display_class":"OTHER","min_zoom":12,"importance":1,"name":null,"ref":null,"common":{"type":"marine_farm"},"children":{},"osm_tags":{"aquaculture":"fish","landuse":"aquaculture","seamark:type":"marine_farm"}}},{"type":"Feature","geometry":{"type":"Polygon","coordinates":[[[120.9502793,13.961869],[120.9501846,13.9618481],[120.9501639,13.9619359],[120.9502609,13.9619593],[120.9502793,13.961869]]]},"properties":{"osm_id":1235182160,"osm_type":"way","seamark_type":"marine_farm","display_class":"OTHER","min_zoom":12,"importance":1,"name":null,"ref":null,"common":{"type":"marine_farm"},"children":{},"osm_tags":{"aquaculture":"fish","landuse":"aquaculture","seamark:type":"marine_farm"}}},{"type":"Feature","geometry":{"type":"Polygon","coordinates":[[[120.9503674,13.961415],[120.9502714,13.9614289],[120.9502849,13.9615181],[120.9503841,13.9615056],[120.9503674,13.961415]]]},"properties":{"osm_id":1235182161,"osm_type":"way","seamark_type":"marine_farm","display_class":"OTHER","min_zoom":12,"importance":1,"name":null,"ref":null,"common":{"type":"marine_farm"},"children":{},"osm_tags":{"aquaculture":"fish","landuse":"aquaculture","seamark:type":"marine_farm"}}},{"type":"Feature","geometry":{"type":"Polygon","coordinates":[[[120.9501778,13.9614264],[120.9500807,13.9614235],[120.9500777,13.9615136],[120.9501776,13.9615185],[120.9501778,13.9614264]]]},"properties":{"osm_id":1235182162,"osm_type":"way","seamark_type":"marine_farm","display_class":"OTHER","min_zoom":12,"importance":1,"name":null,"ref":null,"common":{"type":"marine_farm"},"children":{},"osm_tags":{"aquaculture":"fish","landuse":"aquaculture","seamark:type":"marine_farm"}}},{"type":"Feature","geometry":{"type":"Polygon","coordinates":[[[120.950013,13.9613937],[120.9499159,13.9613908],[120.9499129,13.9614809],[120.9500128,13.9614858],[120.950013,13.9613937]]]},"properties":{"osm_id":1235182163,"osm_type":"way","seamark_type":"marine_farm","display_class":"OTHER","min_zoom":12,"importance":1,"name":null,"ref":null,"common":{"type":"marine_farm"},"children":{},"osm_tags":{"aquaculture":"fish","landuse":"aquaculture","seamark:type":"marine_farm"}}},{"type":"Feature","geometry":{"type":"Polygon","coordinates":[[[120.9498295,13.9613828],[120.9497324,13.9613799],[120.9497294,13.96147],[120.9498292,13.9614748],[120.9498295,13.9613828]]]},"properties":{"osm_id":1235182164,"osm_type":"way","seamark_type":"marine_farm","display_class":"OTHER","min_zoom":12,"importance":1,"name":null,"ref":null,"common":{"type":"marine_farm"},"children":{},"osm_tags":{"aquaculture":"fish","landuse":"aquaculture","seamark:type":"marine_farm"}}},{"type":"Feature","geometry":{"type":"Polygon","coordinates":[[[120.9496534,13.9613755],[120.9495563,13.9613726],[120.9495533,13.9614627],[120.9496532,13.9614676],[120.9496534,13.9613755]]]},"properties":{"osm_id":1235182165,"osm_type":"way","seamark_type":"marine_farm","display_class":"OTHER","min_zoom":12,"importance":1,"name":null,"ref":null,"common":{"type":"marine_farm"},"children":{},"osm_tags":{"aquaculture":"fish","landuse":"aquaculture","seamark:type":"marine_farm"}}},{"type":"Feature","geometry":{"type":"Polygon","coordinates":[[[120.9494586,13.9613864],[120.9493615,13.9613835],[120.9493548,13.9614482],[120.9494584,13.961453],[120.9494586,13.9613864]]]},"properties":{"osm_id":1235182166,"osm_type":"way","seamark_type":"marine_farm","display_class":"OTHER","min_zoom":12,"importance":1,"name":null,"ref":null,"common":{"type":"marine_farm"},"children":{},"osm_tags":{"aquaculture":"fish","landuse":"aquaculture","seamark:type":"marine_farm"}}},{"type":"Feature","geometry":{"type":"Polygon","coordinates":[[[120.9490953,13.9612883],[120.9489982,13.9612854],[120.9489952,13.9613755],[120.949095,13.9613803],[120.9490953,13.9612883]]]},"properties":{"osm_id":1235182167,"osm_type":"way","seamark_type":"marine_farm","display_class":"OTHER","min_zoom":12,"importance":1,"name":null,"ref":null,"common":{"type":"marine_farm"},"children":{},"osm_tags":{"aquaculture":"fish","landuse":"aquaculture","seamark:type":"marine_farm"}}},{"type":"Feature","geometry":{"type":"Polygon","coordinates":[[[120.9488932,13.961278],[120.9487967,13.9612891],[120.9488075,13.9613787],[120.948907,13.9613691],[120.9488932,13.961278]]]},"properties":{"osm_id":1235182168,"osm_type":"way","seamark_type":"marine_farm","display_class":"OTHER","min_zoom":12,"importance":1,"name":null,"ref":null,"common":{"type":"marine_farm"},"children":{},"osm_tags":{"aquaculture":"fish","landuse":"aquaculture","seamark:type":"marine_farm"}}},{"type":"Feature","geometry":{"type":"Polygon","coordinates":[[[120.9486682,13.9613246],[120.9485711,13.9613217],[120.9485682,13.9614118],[120.948668,13.9614167],[120.9486682,13.9613246]]]},"properties":{"osm_id":1235182169,"osm_type":"way","seamark_type":"marine_farm","display_class":"OTHER","min_zoom":12,"importance":1,"name":null,"ref":null,"common":{"type":"marine_farm"},"children":{},"osm_tags":{"aquaculture":"fish","landuse":"aquaculture","seamark:type":"marine_farm"}}},{"type":"Feature","geometry":{"type":"Polygon","coordinates":[[[120.9485746,13.9610265],[120.9484775,13.9610236],[120.9484745,13.9611137],[120.9485744,13.9611186],[120.9485746,13.9610265]]]},"properties":{"osm_id":1235182170,"osm_type":"way","seamark_type":"marine_farm","display_class":"OTHER","min_zoom":12,"importance":1,"name":null,"ref":null,"common":{"type":"marine_farm"},"children":{},"osm_tags":{"aquaculture":"fish","landuse":"aquaculture","seamark:type":"marine_farm"}}},{"type":"Feature","geometry":{"type":"Polygon","coordinates":[[[120.9494474,13.9607212],[120.9493503,13.9607183],[120.9493473,13.9608084],[120.9494472,13.9608132],[120.9494474,13.9607212]]]},"properties":{"osm_id":1235182171,"osm_type":"way","seamark_type":"marine_farm","display_class":"OTHER","min_zoom":12,"importance":1,"name":null,"ref":null,"common":{"type":"marine_farm"},"children":{},"osm_tags":{"aquaculture":"fish","landuse":"aquaculture","seamark:type":"marine_farm"}}},{"type":"Feature","geometry":{"type":"Polygon","coordinates":[[[120.9495972,13.9607539],[120.9495001,13.960751],[120.9494971,13.9608411],[120.949597,13.960846],[120.9495972,13.9607539]]]},"properties":{"osm_id":1235182172,"osm_type":"way","seamark_type":"marine_farm","display_class":"OTHER","min_zoom":12,"importance":1,"name":null,"ref":null,"common":{"type":"marine_farm"},"children":{},"osm_tags":{"aquaculture":"fish","landuse":"aquaculture","seamark:type":"marine_farm"}}},{"type":"Feature","geometry":{"type":"Polygon","coordinates":[[[120.9488405,13.9614895],[120.9487486,13.9614588],[120.9487225,13.9615186],[120.94882,13.961553],[120.9488405,13.9614895]]]},"properties":{"osm_id":1235182173,"osm_type":"way","seamark_type":"marine_farm","display_class":"OTHER","min_zoom":12,"importance":1,"name":null,"ref":null,"common":{"type":"marine_farm"},"children":{},"osm_tags":{"aquaculture":"fish","landuse":"aquaculture","seamark:type":"marine_farm"}}},{"type":"Feature","geometry":{"type":"Polygon","coordinates":[[[120.9461893,13.9632164],[120.9460931,13.9632295],[120.9461058,13.9633188],[120.9462051,13.9633072],[120.9461893,13.9632164]]]},"properties":{"osm_id":1235183431,"osm_type":"way","seamark_type":"marine_farm","display_class":"OTHER","min_zoom":12,"importance":1,"name":null,"ref":null,"common":{"type":"marine_farm"},"children":{},"osm_tags":{"aquaculture":"fish","landuse":"aquaculture","seamark:type":"marine_farm"}}},{"type":"Feature","geometry":{"type":"Polygon","coordinates":[[[120.9463872,13.9631891],[120.9462902,13.9631934],[120.9462943,13.9632835],[120.9463942,13.9632809],[120.9463872,13.9631891]]]},"properties":{"osm_id":1235183432,"osm_type":"way","seamark_type":"marine_farm","display_class":"OTHER","min_zoom":12,"importance":1,"name":null,"ref":null,"common":{"type":"marine_farm"},"children":{},"osm_tags":{"aquaculture":"fish","landuse":"aquaculture","seamark:type":"marine_farm"}}},{"type":"Feature","geometry":{"type":"Polygon","coordinates":[[[120.9465976,13.963169],[120.9464951,13.9631776],[120.9465025,13.9632614],[120.9466025,13.9632609],[120.9465976,13.963169]]]},"properties":{"osm_id":1235183433,"osm_type":"way","seamark_type":"marine_farm","display_class":"OTHER","min_zoom":12,"importance":1,"name":null,"ref":null,"common":{"type":"marine_farm"},"children":{},"osm_tags":{"aquaculture":"fish","landuse":"aquaculture","seamark:type":"marine_farm"}}},{"type":"Feature","geometry":{"type":"Polygon","coordinates":[[[120.9467556,13.9631614],[120.9466585,13.9631585],[120.9466555,13.9632486],[120.9467554,13.9632535],[120.9467556,13.9631614]]]},"properties":{"osm_id":1235183434,"osm_type":"way","seamark_type":"marine_farm","display_class":"OTHER","min_zoom":12,"importance":1,"name":null,"ref":null,"common":{"type":"marine_farm"},"children":{},"osm_tags":{"aquaculture":"fish","landuse":"aquaculture","seamark:type":"marine_farm"}}},{"type":"Feature","geometry":{"type":"Polygon","coordinates":[[[120.946905,13.9631466],[120.9468097,13.963165],[120.9468277,13.9632534],[120.9469261,13.9632363],[120.946905,13.9631466]]]},"properties":{"osm_id":1235183435,"osm_type":"way","seamark_type":"marine_farm","display_class":"OTHER","min_zoom":12,"importance":1,"name":null,"ref":null,"common":{"type":"marine_farm"},"children":{},"osm_tags":{"aquaculture":"fish","landuse":"aquaculture","seamark:type":"marine_farm"}}},{"type":"Feature","geometry":{"type":"Polygon","coordinates":[[[120.9473082,13.9631978],[120.9472111,13.9631949],[120.9472081,13.963285],[120.9473079,13.9632899],[120.9473082,13.9631978]]]},"properties":{"osm_id":1235183436,"osm_type":"way","seamark_type":"marine_farm","display_class":"OTHER","min_zoom":12,"importance":1,"name":null,"ref":null,"common":{"type":"marine_farm"},"children":{},"osm_tags":{"aquaculture":"fish","landuse":"aquaculture","seamark:type":"marine_farm"}}},{"type":"Feature","geometry":{"type":"Polygon","coordinates":[[[120.9474959,13.9631926],[120.9473988,13.9631897],[120.9473958,13.9632798],[120.9474957,13.9632847],[120.9474959,13.9631926]]]},"properties":{"osm_id":1235183437,"osm_type":"way","seamark_type":"marine_farm","display_class":"OTHER","min_zoom":12,"importance":1,"name":null,"ref":null,"common":{"type":"marine_farm"},"children":{},"osm_tags":{"aquaculture":"fish","landuse":"aquaculture","seamark:type":"marine_farm"}}},{"type":"Feature","geometry":{"type":"Polygon","coordinates":[[[120.9476515,13.963203],[120.9475544,13.9632001],[120.9475514,13.9632902],[120.9476513,13.9632951],[120.9476515,13.963203]]]},"properties":{"osm_id":1235183438,"osm_type":"way","seamark_type":"marine_farm","display_class":"OTHER","min_zoom":12,"importance":1,"name":null,"ref":null,"common":{"type":"marine_farm"},"children":{},"osm_tags":{"aquaculture":"fish","landuse":"aquaculture","seamark:type":"marine_farm"}}},{"type":"Feature","geometry":{"type":"Polygon","coordinates":[[[120.9480645,13.9631197],[120.9479674,13.9631168],[120.9479645,13.963207],[120.9480643,13.9632118],[120.9480645,13.9631197]]]},"properties":{"osm_id":1235183439,"osm_type":"way","seamark_type":"marine_farm","display_class":"OTHER","min_zoom":12,"importance":1,"name":null,"ref":null,"common":{"type":"marine_farm"},"children":{},"osm_tags":{"aquaculture":"fish","landuse":"aquaculture","seamark:type":"marine_farm"}}},{"type":"Feature","geometry":{"type":"Polygon","coordinates":[[[120.9480163,13.9627709],[120.9479192,13.962768],[120.9479162,13.9628582],[120.948016,13.962863],[120.9480163,13.9627709]]]},"properties":{"osm_id":1235183440,"osm_type":"way","seamark_type":"marine_farm","display_class":"OTHER","min_zoom":12,"importance":1,"name":null,"ref":null,"common":{"type":"marine_farm"},"children":{},"osm_tags":{"aquaculture":"fish","landuse":"aquaculture","seamark:type":"marine_farm"}}},{"type":"Feature","geometry":{"type":"Polygon","coordinates":[[[120.9477963,13.9628022],[120.9476992,13.9627993],[120.9476962,13.9628894],[120.9477961,13.9628942],[120.9477963,13.9628022]]]},"properties":{"osm_id":1235183441,"osm_type":"way","seamark_type":"marine_farm","display_class":"OTHER","min_zoom":12,"importance":1,"name":null,"ref":null,"common":{"type":"marine_farm"},"children":{},"osm_tags":{"aquaculture":"fish","landuse":"aquaculture","seamark:type":"marine_farm"}}},{"type":"Feature","geometry":{"type":"Polygon","coordinates":[[[120.9476247,13.9628282],[120.9475276,13.9628253],[120.9475246,13.9629154],[120.9476244,13.9629203],[120.9476247,13.9628282]]]},"properties":{"osm_id":1235183442,"osm_type":"way","seamark_type":"marine_farm","display_class":"OTHER","min_zoom":12,"importance":1,"name":null,"ref":null,"common":{"type":"marine_farm"},"children":{},"osm_tags":{"aquaculture":"fish","landuse":"aquaculture","seamark:type":"marine_farm"}}},{"type":"Feature","geometry":{"type":"Polygon","coordinates":[[[120.9474807,13.962824],[120.9473838,13.9628298],[120.9473894,13.9629198],[120.9474893,13.9629157],[120.9474807,13.962824]]]},"properties":{"osm_id":1235183443,"osm_type":"way","seamark_type":"marine_farm","display_class":"OTHER","min_zoom":12,"importance":1,"name":null,"ref":null,"common":{"type":"marine_farm"},"children":{},"osm_tags":{"aquaculture":"fish","landuse":"aquaculture","seamark:type":"marine_farm"}}},{"type":"Feature","geometry":{"type":"Polygon","coordinates":[[[120.9472867,13.9629427],[120.9471896,13.9629398],[120.9471866,13.96303],[120.9472865,13.9630348],[120.9472867,13.9629427]]]},"properties":{"osm_id":1235183444,"osm_type":"way","seamark_type":"marine_farm","display_class":"OTHER","min_zoom":12,"importance":1,"name":null,"ref":null,"common":{"type":"marine_farm"},"children":{},"osm_tags":{"aquaculture":"fish","landuse":"aquaculture","seamark:type":"marine_farm"}}},{"type":"Feature","geometry":{"type":"Polygon","coordinates":[[[120.9469434,13.9629271],[120.9468463,13.9629242],[120.9468433,13.9630143],[120.9469432,13.9630192],[120.9469434,13.9629271]]]},"properties":{"osm_id":1235183445,"osm_type":"way","seamark_type":"marine_farm","display_class":"OTHER","min_zoom":12,"importance":1,"name":null,"ref":null,"common":{"type":"marine_farm"},"children":{},"osm_tags":{"aquaculture":"fish","landuse":"aquaculture","seamark:type":"marine_farm"}}},{"type":"Feature","geometry":{"type":"Polygon","coordinates":[[[120.9467932,13.9629167],[120.9466961,13.9629138],[120.9466931,13.9630039],[120.946793,13.9630088],[120.9467932,13.9629167]]]},"properties":{"osm_id":1235183446,"osm_type":"way","seamark_type":"marine_farm","display_class":"OTHER","min_zoom":12,"importance":1,"name":null,"ref":null,"common":{"type":"marine_farm"},"children":{},"osm_tags":{"aquaculture":"fish","landuse":"aquaculture","seamark:type":"marine_farm"}}},{"type":"Feature","geometry":{"type":"Polygon","coordinates":[[[120.9465893,13.9629479],[120.9464922,13.962945],[120.9464892,13.9630352],[120.9465891,13.96304],[120.9465893,13.9629479]]]},"properties":{"osm_id":1235183447,"osm_type":"way","seamark_type":"marine_farm","display_class":"OTHER","min_zoom":12,"importance":1,"name":null,"ref":null,"common":{"type":"marine_farm"},"children":{},"osm_tags":{"aquaculture":"fish","landuse":"aquaculture","seamark:type":"marine_farm"}}},{"type":"Feature","geometry":{"type":"Polygon","coordinates":[[[120.9464306,13.9629344],[120.9463335,13.9629379],[120.9463368,13.963028],[120.9464367,13.9630263],[120.9464306,13.9629344]]]},"properties":{"osm_id":1235183448,"osm_type":"way","seamark_type":"marine_farm","display_class":"OTHER","min_zoom":12,"importance":1,"name":null,"ref":null,"common":{"type":"marine_farm"},"children":{},"osm_tags":{"aquaculture":"fish","landuse":"aquaculture","seamark:type":"marine_farm"}}},{"type":"Feature","geometry":{"type":"Polygon","coordinates":[[[120.9462853,13.9629401],[120.9461892,13.9629542],[120.946203,13.9630433],[120.9463021,13.9630307],[120.9462853,13.9629401]]]},"properties":{"osm_id":1235183449,"osm_type":"way","seamark_type":"marine_farm","display_class":"OTHER","min_zoom":12,"importance":1,"name":null,"ref":null,"common":{"type":"marine_farm"},"children":{},"osm_tags":{"aquaculture":"fish","landuse":"aquaculture","seamark:type":"marine_farm"}}},{"type":"Feature","geometry":{"type":"Polygon","coordinates":[[[120.9461685,13.9629503],[120.946074,13.9629722],[120.9460955,13.9630599],[120.9461932,13.9630391],[120.9461685,13.9629503]]]},"properties":{"osm_id":1235183450,"osm_type":"way","seamark_type":"marine_farm","display_class":"OTHER","min_zoom":12,"importance":1,"name":null,"ref":null,"common":{"type":"marine_farm"},"children":{},"osm_tags":{"aquaculture":"fish","landuse":"aquaculture","seamark:type":"marine_farm"}}},{"type":"Feature","geometry":{"type":"Polygon","coordinates":[[[120.9460282,13.9629853],[120.9459393,13.9630233],[120.9459766,13.9631059],[120.9460689,13.9630685],[120.9460282,13.9629853]]]},"properties":{"osm_id":1235183451,"osm_type":"way","seamark_type":"marine_farm","display_class":"OTHER","min_zoom":12,"importance":1,"name":null,"ref":null,"common":{"type":"marine_farm"},"children":{},"osm_tags":{"aquaculture":"fish","landuse":"aquaculture","seamark:type":"marine_farm"}}},{"type":"Feature","geometry":{"type":"Polygon","coordinates":[[[120.9459788,13.9623518],[120.9458817,13.9623489],[120.9458787,13.962439],[120.9459786,13.9624439],[120.9459788,13.9623518]]]},"properties":{"osm_id":1235183452,"osm_type":"way","seamark_type":"marine_farm","display_class":"OTHER","min_zoom":12,"importance":1,"name":null,"ref":null,"common":{"type":"marine_farm"},"children":{},"osm_tags":{"aquaculture":"fish","landuse":"aquaculture","seamark:type":"marine_farm"}}},{"type":"Feature","geometry":{"type":"Polygon","coordinates":[[[120.9462528,13.9625853],[120.9461558,13.9625824],[120.9461528,13.9626725],[120.9462526,13.9626774],[120.9462528,13.9625853]]]},"properties":{"osm_id":1235183453,"osm_type":"way","seamark_type":"marine_farm","display_class":"OTHER","min_zoom":12,"importance":1,"name":null,"ref":null,"common":{"type":"marine_farm"},"children":{},"osm_tags":{"aquaculture":"fish","landuse":"aquaculture","seamark:type":"marine_farm"}}},{"type":"Feature","geometry":{"type":"Polygon","coordinates":[[[120.946391,13.9625576],[120.946294,13.9625547],[120.946291,13.9626448],[120.9463908,13.9626497],[120.946391,13.9625576]]]},"properties":{"osm_id":1235183454,"osm_type":"way","seamark_type":"marine_farm","display_class":"OTHER","min_zoom":12,"importance":1,"name":null,"ref":null,"common":{"type":"marine_farm"},"children":{},"osm_tags":{"aquaculture":"fish","landuse":"aquaculture","seamark:type":"marine_farm"}}},{"type":"Feature","geometry":{"type":"Polygon","coordinates":[[[120.9462362,13.9623518],[120.9461438,13.9623535],[120.9461456,13.9624436],[120.9462407,13.9624508],[120.9462362,13.9623518]]]},"properties":{"osm_id":1235183455,"osm_type":"way","seamark_type":"marine_farm","display_class":"OTHER","min_zoom":12,"importance":1,"name":null,"ref":null,"common":{"type":"marine_farm"},"children":{},"osm_tags":{"aquaculture":"fish","landuse":"aquaculture","seamark:type":"marine_farm"}}},{"type":"Feature","geometry":{"type":"Polygon","coordinates":[[[120.9466603,13.9625437],[120.9465632,13.9625408],[120.9465602,13.9626309],[120.9466601,13.9626358],[120.9466603,13.9625437]]]},"properties":{"osm_id":1235183456,"osm_type":"way","seamark_type":"marine_farm","display_class":"OTHER","min_zoom":12,"importance":1,"name":null,"ref":null,"common":{"type":"marine_farm"},"children":{},"osm_tags":{"aquaculture":"fish","landuse":"aquaculture","seamark:type":"marine_farm"}}},{"type":"Feature","geometry":{"type":"Polygon","coordinates":[[[120.9468057,13.9625668],[120.9467086,13.9625639],[120.9467056,13.962654],[120.9468054,13.9626589],[120.9468057,13.9625668]]]},"properties":{"osm_id":1235183457,"osm_type":"way","seamark_type":"marine_farm","display_class":"OTHER","min_zoom":12,"importance":1,"name":null,"ref":null,"common":{"type":"marine_farm"},"children":{},"osm_tags":{"aquaculture":"fish","landuse":"aquaculture","seamark:type":"marine_farm"}}},{"type":"Feature","geometry":{"type":"Polygon","coordinates":[[[120.9471011,13.9625368],[120.947004,13.9625339],[120.947001,13.962624],[120.9471009,13.9626288],[120.9471011,13.9625368]]]},"properties":{"osm_id":1235183458,"osm_type":"way","seamark_type":"marine_farm","display_class":"OTHER","min_zoom":12,"importance":1,"name":null,"ref":null,"common":{"type":"marine_farm"},"children":{},"osm_tags":{"aquaculture":"fish","landuse":"aquaculture","seamark:type":"marine_farm"}}},{"type":"Feature","geometry":{"type":"Polygon","coordinates":[[[120.947329,13.9624992],[120.9472322,13.9625072],[120.94724,13.9625971],[120.9473398,13.9625906],[120.947329,13.9624992]]]},"properties":{"osm_id":1235183459,"osm_type":"way","seamark_type":"marine_farm","display_class":"OTHER","min_zoom":12,"importance":1,"name":null,"ref":null,"common":{"type":"marine_farm"},"children":{},"osm_tags":{"aquaculture":"fish","landuse":"aquaculture","seamark:type":"marine_farm"}}},{"type":"Feature","geometry":{"type":"Polygon","coordinates":[[[120.9466798,13.9623984],[120.9465849,13.9623781],[120.9465648,13.9624661],[120.9466621,13.9624888],[120.9466798,13.9623984]]]},"properties":{"osm_id":1235183460,"osm_type":"way","seamark_type":"marine_farm","display_class":"OTHER","min_zoom":12,"importance":1,"name":null,"ref":null,"common":{"type":"marine_farm"},"children":{},"osm_tags":{"aquaculture":"fish","landuse":"aquaculture","seamark:type":"marine_farm"}}},{"type":"Feature","geometry":{"type":"Polygon","coordinates":[[[120.9468581,13.9623055],[120.946761,13.9623026],[120.946758,13.9623927],[120.9468579,13.9623976],[120.9468581,13.9623055]]]},"properties":{"osm_id":1235183461,"osm_type":"way","seamark_type":"marine_farm","display_class":"OTHER","min_zoom":12,"importance":1,"name":null,"ref":null,"common":{"type":"marine_farm"},"children":{},"osm_tags":{"aquaculture":"fish","landuse":"aquaculture","seamark:type":"marine_farm"}}},{"type":"Feature","geometry":{"type":"Polygon","coordinates":[[[120.945993,13.9620419],[120.9458961,13.9620486],[120.9459026,13.9621386],[120.9460024,13.9621335],[120.945993,13.9620419]]]},"properties":{"osm_id":1235183462,"osm_type":"way","seamark_type":"marine_farm","display_class":"OTHER","min_zoom":12,"importance":1,"name":null,"ref":null,"common":{"type":"marine_farm"},"children":{},"osm_tags":{"aquaculture":"fish","landuse":"aquaculture","seamark:type":"marine_farm"}}},{"type":"Feature","geometry":{"type":"Polygon","coordinates":[[[120.9462767,13.9620419],[120.9461796,13.962039],[120.9461766,13.9621291],[120.9462765,13.962134],[120.9462767,13.9620419]]]},"properties":{"osm_id":1235183463,"osm_type":"way","seamark_type":"marine_farm","display_class":"OTHER","min_zoom":12,"importance":1,"name":null,"ref":null,"common":{"type":"marine_farm"},"children":{},"osm_tags":{"aquaculture":"fish","landuse":"aquaculture","seamark:type":"marine_farm"}}},{"type":"Feature","geometry":{"type":"Polygon","coordinates":[[[120.9464649,13.9620674],[120.9463678,13.9620645],[120.9463648,13.9621546],[120.9464647,13.9621594],[120.9464649,13.9620674]]]},"properties":{"osm_id":1235183464,"osm_type":"way","seamark_type":"marine_farm","display_class":"OTHER","min_zoom":12,"importance":1,"name":null,"ref":null,"common":{"type":"marine_farm"},"children":{},"osm_tags":{"aquaculture":"fish","landuse":"aquaculture","seamark:type":"marine_farm"}}},{"type":"Feature","geometry":{"type":"Polygon","coordinates":[[[120.9466532,13.9620697],[120.9465561,13.9620668],[120.9465531,13.9621569],[120.9466529,13.9621617],[120.9466532,13.9620697]]]},"properties":{"osm_id":1235183465,"osm_type":"way","seamark_type":"marine_farm","display_class":"OTHER","min_zoom":12,"importance":1,"name":null,"ref":null,"common":{"type":"marine_farm"},"children":{},"osm_tags":{"aquaculture":"fish","landuse":"aquaculture","seamark:type":"marine_farm"}}},{"type":"Feature","geometry":{"type":"Polygon","coordinates":[[[120.9459288,13.9618292],[120.9458317,13.9618263],[120.9458287,13.9619164],[120.9459286,13.9619212],[120.9459288,13.9618292]]]},"properties":{"osm_id":1235183466,"osm_type":"way","seamark_type":"marine_farm","display_class":"OTHER","min_zoom":12,"importance":1,"name":null,"ref":null,"common":{"type":"marine_farm"},"children":{},"osm_tags":{"aquaculture":"fish","landuse":"aquaculture","seamark:type":"marine_farm"}}},{"type":"Feature","geometry":{"type":"Polygon","coordinates":[[[120.9460527,13.9618523],[120.9459556,13.9618494],[120.9459526,13.9619395],[120.9460525,13.9619444],[120.9460527,13.9618523]]]},"properties":{"osm_id":1235183467,"osm_type":"way","seamark_type":"marine_farm","display_class":"OTHER","min_zoom":12,"importance":1,"name":null,"ref":null,"common":{"type":"marine_farm"},"children":{},"osm_tags":{"aquaculture":"fish","landuse":"aquaculture","seamark:type":"marine_farm"}}},{"type":"Feature","geometry":{"type":"Polygon","coordinates":[[[120.9462362,13.9618546],[120.9461391,13.9618517],[120.9461361,13.9619418],[120.9462359,13.9619467],[120.9462362,13.9618546]]]},"properties":{"osm_id":1235183468,"osm_type":"way","seamark_type":"marine_farm","display_class":"OTHER","min_zoom":12,"importance":1,"name":null,"ref":null,"common":{"type":"marine_farm"},"children":{},"osm_tags":{"aquaculture":"fish","landuse":"aquaculture","seamark:type":"marine_farm"}}},{"type":"Feature","geometry":{"type":"Polygon","coordinates":[[[120.946403,13.9618777],[120.9463059,13.9618748],[120.9463029,13.961965],[120.9464027,13.9619698],[120.946403,13.9618777]]]},"properties":{"osm_id":1235183469,"osm_type":"way","seamark_type":"marine_farm","display_class":"OTHER","min_zoom":12,"importance":1,"name":null,"ref":null,"common":{"type":"marine_farm"},"children":{},"osm_tags":{"aquaculture":"fish","landuse":"aquaculture","seamark:type":"marine_farm"}}},{"type":"Feature","geometry":{"type":"Polygon","coordinates":[[[120.9465746,13.9618594],[120.9464777,13.9618657],[120.9464837,13.9619557],[120.9465836,13.9619511],[120.9465746,13.9618594]]]},"properties":{"osm_id":1235183470,"osm_type":"way","seamark_type":"marine_farm","display_class":"OTHER","min_zoom":12,"importance":1,"name":null,"ref":null,"common":{"type":"marine_farm"},"children":{},"osm_tags":{"aquaculture":"fish","landuse":"aquaculture","seamark:type":"marine_farm"}}},{"type":"Feature","geometry":{"type":"Polygon","coordinates":[[[120.9467866,13.9618731],[120.9466895,13.9618702],[120.9466865,13.9619603],[120.9467864,13.9619652],[120.9467866,13.9618731]]]},"properties":{"osm_id":1235183471,"osm_type":"way","seamark_type":"marine_farm","display_class":"OTHER","min_zoom":12,"importance":1,"name":null,"ref":null,"common":{"type":"marine_farm"},"children":{},"osm_tags":{"aquaculture":"fish","landuse":"aquaculture","seamark:type":"marine_farm"}}},{"type":"Feature","geometry":{"type":"Polygon","coordinates":[[[120.9459335,13.9616188],[120.9458365,13.9616159],[120.9458335,13.961706],[120.9459333,13.9617108],[120.9459335,13.9616188]]]},"properties":{"osm_id":1235183472,"osm_type":"way","seamark_type":"marine_farm","display_class":"OTHER","min_zoom":12,"importance":1,"name":null,"ref":null,"common":{"type":"marine_farm"},"children":{},"osm_tags":{"aquaculture":"fish","landuse":"aquaculture","seamark:type":"marine_farm"}}},{"type":"Feature","geometry":{"type":"Polygon","coordinates":[[[120.9460837,13.961628],[120.9459866,13.9616251],[120.9459836,13.9617152],[120.9460834,13.9617201],[120.9460837,13.961628]]]},"properties":{"osm_id":1235183473,"osm_type":"way","seamark_type":"marine_farm","display_class":"OTHER","min_zoom":12,"importance":1,"name":null,"ref":null,"common":{"type":"marine_farm"},"children":{},"osm_tags":{"aquaculture":"fish","landuse":"aquaculture","seamark:type":"marine_farm"}}},{"type":"Feature","geometry":{"type":"Polygon","coordinates":[[[120.9462433,13.9616257],[120.9461462,13.9616228],[120.9461432,13.9617129],[120.9462431,13.9617178],[120.9462433,13.9616257]]]},"properties":{"osm_id":1235183474,"osm_type":"way","seamark_type":"marine_farm","display_class":"OTHER","min_zoom":12,"importance":1,"name":null,"ref":null,"common":{"type":"marine_farm"},"children":{},"osm_tags":{"aquaculture":"fish","landuse":"aquaculture","seamark:type":"marine_farm"}}},{"type":"Feature","geometry":{"type":"Polygon","coordinates":[[[120.9458764,13.9613066],[120.9457793,13.9613037],[120.9457763,13.9613938],[120.9458761,13.9613986],[120.9458764,13.9613066]]]},"properties":{"osm_id":1235183475,"osm_type":"way","seamark_type":"marine_farm","display_class":"OTHER","min_zoom":12,"importance":1,"name":null,"ref":null,"common":{"type":"marine_farm"},"children":{},"osm_tags":{"aquaculture":"fish","landuse":"aquaculture","seamark:type":"marine_farm"}}},{"type":"Feature","geometry":{"type":"Polygon","coordinates":[[[120.946131,13.961422],[120.9460341,13.9614291],[120.946041,13.961519],[120.9461408,13.9615136],[120.946131,13.961422]]]},"properties":{"osm_id":1235183476,"osm_type":"way","seamark_type":"marine_farm","display_class":"OTHER","min_zoom":12,"importance":1,"name":null,"ref":null,"common":{"type":"marine_farm"},"children":{},"osm_tags":{"aquaculture":"fish","landuse":"aquaculture","seamark:type":"marine_farm"}}},{"type":"Feature","geometry":{"type":"Polygon","coordinates":[[[120.9462767,13.9614222],[120.9461724,13.9614124],[120.9461837,13.9615002],[120.9462836,13.961505],[120.9462767,13.9614222]]]},"properties":{"osm_id":1235183477,"osm_type":"way","seamark_type":"marine_farm","display_class":"OTHER","min_zoom":12,"importance":1,"name":null,"ref":null,"common":{"type":"marine_farm"},"children":{},"osm_tags":{"aquaculture":"fish","landuse":"aquaculture","seamark:type":"marine_farm"}}},{"type":"Feature","geometry":{"type":"Polygon","coordinates":[[[120.9465364,13.9615101],[120.9464465,13.961521],[120.9464435,13.9616181],[120.9465338,13.9616021],[120.9465364,13.9615101]]]},"properties":{"osm_id":1235183478,"osm_type":"way","seamark_type":"marine_farm","display_class":"OTHER","min_zoom":12,"importance":1,"name":null,"ref":null,"common":{"type":"marine_farm"},"children":{},"osm_tags":{"aquaculture":"fish","landuse":"aquaculture","seamark:type":"marine_farm"}}},{"type":"Feature","geometry":{"type":"Polygon","coordinates":[[[120.9466855,13.9614959],[120.9465893,13.9615085],[120.9466015,13.9615979],[120.9467008,13.9615868],[120.9466855,13.9614959]]]},"properties":{"osm_id":1235183479,"osm_type":"way","seamark_type":"marine_farm","display_class":"OTHER","min_zoom":12,"importance":1,"name":null,"ref":null,"common":{"type":"marine_farm"},"children":{},"osm_tags":{"aquaculture":"fish","landuse":"aquaculture","seamark:type":"marine_farm"}}},{"type":"Feature","geometry":{"type":"Polygon","coordinates":[[[120.9460622,13.960962],[120.9459651,13.9609591],[120.9459621,13.9610492],[120.946062,13.9610541],[120.9460622,13.960962]]]},"properties":{"osm_id":1235183480,"osm_type":"way","seamark_type":"marine_farm","display_class":"OTHER","min_zoom":12,"importance":1,"name":null,"ref":null,"common":{"type":"marine_farm"},"children":{},"osm_tags":{"aquaculture":"fish","landuse":"aquaculture","seamark:type":"marine_farm"}}},{"type":"Feature","geometry":{"type":"Polygon","coordinates":[[[120.9462028,13.9609828],[120.9461057,13.9609799],[120.9461027,13.9610701],[120.9462026,13.9610749],[120.9462028,13.9609828]]]},"properties":{"osm_id":1235183481,"osm_type":"way","seamark_type":"marine_farm","display_class":"OTHER","min_zoom":12,"importance":1,"name":null,"ref":null,"common":{"type":"marine_farm"},"children":{},"osm_tags":{"aquaculture":"fish","landuse":"aquaculture","seamark:type":"marine_farm"}}},{"type":"Feature","geometry":{"type":"Polygon","coordinates":[[[120.9463601,13.9610198],[120.946263,13.9610169],[120.94626,13.9611071],[120.9463599,13.9611119],[120.9463601,13.9610198]]]},"properties":{"osm_id":1235183482,"osm_type":"way","seamark_type":"marine_farm","display_class":"OTHER","min_zoom":12,"importance":1,"name":null,"ref":null,"common":{"type":"marine_farm"},"children":{},"osm_tags":{"aquaculture":"fish","landuse":"aquaculture","seamark:type":"marine_farm"}}},{"type":"Feature","geometry":{"type":"Polygon","coordinates":[[[120.9471128,13.9620773],[120.9470166,13.9620644],[120.9470038,13.9621537],[120.9471026,13.9621688],[120.9471128,13.9620773]]]},"properties":{"osm_id":1235183483,"osm_type":"way","seamark_type":"marine_farm","display_class":"OTHER","min_zoom":12,"importance":1,"name":null,"ref":null,"common":{"type":"marine_farm"},"children":{},"osm_tags":{"aquaculture":"fish","landuse":"aquaculture","seamark:type":"marine_farm"}}},{"type":"Feature","geometry":{"type":"Polygon","coordinates":[[[120.9471542,13.9619281],[120.9470583,13.9619133],[120.9470435,13.9620023],[120.9471419,13.9620194],[120.9471542,13.9619281]]]},"properties":{"osm_id":1235183484,"osm_type":"way","seamark_type":"marine_farm","display_class":"OTHER","min_zoom":12,"importance":1,"name":null,"ref":null,"common":{"type":"marine_farm"},"children":{},"osm_tags":{"aquaculture":"fish","landuse":"aquaculture","seamark:type":"marine_farm"}}},{"type":"Feature","geometry":{"type":"Polygon","coordinates":[[[120.9473111,13.9619267],[120.9472142,13.9619326],[120.9472198,13.9620226],[120.9473197,13.9620184],[120.9473111,13.9619267]]]},"properties":{"osm_id":1235183485,"osm_type":"way","seamark_type":"marine_farm","display_class":"OTHER","min_zoom":12,"importance":1,"name":null,"ref":null,"common":{"type":"marine_farm"},"children":{},"osm_tags":{"aquaculture":"fish","landuse":"aquaculture","seamark:type":"marine_farm"}}},{"type":"Feature","geometry":{"type":"Polygon","coordinates":[[[120.9475477,13.9622141],[120.9474578,13.9621783],[120.9474224,13.9622617],[120.9475142,13.9623003],[120.9475477,13.9622141]]]},"properties":{"osm_id":1235183486,"osm_type":"way","seamark_type":"marine_farm","display_class":"OTHER","min_zoom":12,"importance":1,"name":null,"ref":null,"common":{"type":"marine_farm"},"children":{},"osm_tags":{"aquaculture":"fish","landuse":"aquaculture","seamark:type":"marine_farm"}}},{"type":"Feature","geometry":{"type":"Polygon","coordinates":[[[120.947611,13.9619783],[120.9475174,13.961953],[120.9474924,13.9620398],[120.9475882,13.9620676],[120.947611,13.9619783]]]},"properties":{"osm_id":1235183487,"osm_type":"way","seamark_type":"marine_farm","display_class":"OTHER","min_zoom":12,"importance":1,"name":null,"ref":null,"common":{"type":"marine_farm"},"children":{},"osm_tags":{"aquaculture":"fish","landuse":"aquaculture","seamark:type":"marine_farm"}}},{"type":"Feature","geometry":{"type":"Polygon","coordinates":[[[120.9477536,13.9619869],[120.9476574,13.9619744],[120.9476449,13.9620637],[120.9477437,13.9620785],[120.9477536,13.9619869]]]},"properties":{"osm_id":1235183488,"osm_type":"way","seamark_type":"marine_farm","display_class":"OTHER","min_zoom":12,"importance":1,"name":null,"ref":null,"common":{"type":"marine_farm"},"children":{},"osm_tags":{"aquaculture":"fish","landuse":"aquaculture","seamark:type":"marine_farm"}}},{"type":"Feature","geometry":{"type":"Polygon","coordinates":[[[120.9478685,13.962006],[120.9477726,13.9620208],[120.947787,13.9621099],[120.947886,13.9620965],[120.9478685,13.962006]]]},"properties":{"osm_id":1235183489,"osm_type":"way","seamark_type":"marine_farm","display_class":"OTHER","min_zoom":12,"importance":1,"name":null,"ref":null,"common":{"type":"marine_farm"},"children":{},"osm_tags":{"aquaculture":"fish","landuse":"aquaculture","seamark:type":"marine_farm"}}},{"type":"Feature","geometry":{"type":"Polygon","coordinates":[[[120.9475563,13.9624725],[120.9474598,13.9624833],[120.9474702,13.9625729],[120.9475698,13.9625637],[120.9475563,13.9624725]]]},"properties":{"osm_id":1235183490,"osm_type":"way","seamark_type":"marine_farm","display_class":"OTHER","min_zoom":12,"importance":1,"name":null,"ref":null,"common":{"type":"marine_farm"},"children":{},"osm_tags":{"aquaculture":"fish","landuse":"aquaculture","seamark:type":"marine_farm"}}},{"type":"Feature","geometry":{"type":"Polygon","coordinates":[[[120.9477421,13.9624355],[120.9476456,13.9624463],[120.9476561,13.9625359],[120.9477556,13.9625267],[120.9477421,13.9624355]]]},"properties":{"osm_id":1235183491,"osm_type":"way","seamark_type":"marine_farm","display_class":"OTHER","min_zoom":12,"importance":1,"name":null,"ref":null,"common":{"type":"marine_farm"},"children":{},"osm_tags":{"aquaculture":"fish","landuse":"aquaculture","seamark:type":"marine_farm"}}},{"type":"Feature","geometry":{"type":"Polygon","coordinates":[[[120.9479351,13.9623985],[120.9478386,13.9624093],[120.9478491,13.9624989],[120.9479486,13.9624897],[120.9479351,13.9623985]]]},"properties":{"osm_id":1235183492,"osm_type":"way","seamark_type":"marine_farm","display_class":"OTHER","min_zoom":12,"importance":1,"name":null,"ref":null,"common":{"type":"marine_farm"},"children":{},"osm_tags":{"aquaculture":"fish","landuse":"aquaculture","seamark:type":"marine_farm"}}},{"type":"Feature","geometry":{"type":"Polygon","coordinates":[[[120.9481526,13.9624565],[120.9480578,13.9624357],[120.9480372,13.9625236],[120.9481343,13.9625468],[120.9481526,13.9624565]]]},"properties":{"osm_id":1235183493,"osm_type":"way","seamark_type":"marine_farm","display_class":"OTHER","min_zoom":12,"importance":1,"name":null,"ref":null,"common":{"type":"marine_farm"},"children":{},"osm_tags":{"aquaculture":"fish","landuse":"aquaculture","seamark:type":"marine_farm"}}},{"type":"Feature","geometry":{"type":"Polygon","coordinates":[[[120.9484445,13.9616323],[120.9483476,13.9616256],[120.9483408,13.9617155],[120.9484404,13.9617243],[120.9484445,13.9616323]]]},"properties":{"osm_id":1235183494,"osm_type":"way","seamark_type":"marine_farm","display_class":"OTHER","min_zoom":12,"importance":1,"name":null,"ref":null,"common":{"type":"marine_farm"},"children":{},"osm_tags":{"aquaculture":"fish","landuse":"aquaculture","seamark:type":"marine_farm"}}},{"type":"Feature","geometry":{"type":"Polygon","coordinates":[[[120.9484896,13.9612774],[120.9483941,13.9612601],[120.9483769,13.9613487],[120.9484748,13.9613684],[120.9484896,13.9612774]]]},"properties":{"osm_id":1235183495,"osm_type":"way","seamark_type":"marine_farm","display_class":"OTHER","min_zoom":12,"importance":1,"name":null,"ref":null,"common":{"type":"marine_farm"},"children":{},"osm_tags":{"aquaculture":"fish","landuse":"aquaculture","seamark:type":"marine_farm"}}},{"type":"Feature","geometry":{"type":"Polygon","coordinates":[[[120.9482456,13.9612392],[120.9481498,13.961224],[120.9481347,13.961313],[120.9482331,13.9613304],[120.9482456,13.9612392]]]},"properties":{"osm_id":1235183496,"osm_type":"way","seamark_type":"marine_farm","display_class":"OTHER","min_zoom":12,"importance":1,"name":null,"ref":null,"common":{"type":"marine_farm"},"children":{},"osm_tags":{"aquaculture":"fish","landuse":"aquaculture","seamark:type":"marine_farm"}}},{"type":"Feature","geometry":{"type":"Polygon","coordinates":[[[120.948433,13.9610299],[120.9483368,13.9610168],[120.9483238,13.9611061],[120.9484225,13.9611214],[120.948433,13.9610299]]]},"properties":{"osm_id":1235183497,"osm_type":"way","seamark_type":"marine_farm","display_class":"OTHER","min_zoom":12,"importance":1,"name":null,"ref":null,"common":{"type":"marine_farm"},"children":{},"osm_tags":{"aquaculture":"fish","landuse":"aquaculture","seamark:type":"marine_farm"}}},{"type":"Feature","geometry":{"type":"Polygon","coordinates":[[[120.9482993,13.9608516],[120.9482031,13.960839],[120.9481905,13.9609283],[120.9482894,13.9609431],[120.9482993,13.9608516]]]},"properties":{"osm_id":1235183498,"osm_type":"way","seamark_type":"marine_farm","display_class":"OTHER","min_zoom":12,"importance":1,"name":null,"ref":null,"common":{"type":"marine_farm"},"children":{},"osm_tags":{"aquaculture":"fish","landuse":"aquaculture","seamark:type":"marine_farm"}}},{"type":"Feature","geometry":{"type":"Polygon","coordinates":[[[120.9481608,13.9608327],[120.9480669,13.9608089],[120.9480433,13.9608961],[120.9481396,13.9609224],[120.9481608,13.9608327]]]},"properties":{"osm_id":1235183499,"osm_type":"way","seamark_type":"marine_farm","display_class":"OTHER","min_zoom":12,"importance":1,"name":null,"ref":null,"common":{"type":"marine_farm"},"children":{},"osm_tags":{"aquaculture":"fish","landuse":"aquaculture","seamark:type":"marine_farm"}}},{"type":"Feature","geometry":{"type":"Polygon","coordinates":[[[120.9479098,13.96076],[120.9478132,13.9607499],[120.9478032,13.9608396],[120.9479024,13.9608518],[120.9479098,13.96076]]]},"properties":{"osm_id":1235183500,"osm_type":"way","seamark_type":"marine_farm","display_class":"OTHER","min_zoom":12,"importance":1,"name":null,"ref":null,"common":{"type":"marine_farm"},"children":{},"osm_tags":{"aquaculture":"fish","landuse":"aquaculture","seamark:type":"marine_farm"}}},{"type":"Feature","geometry":{"type":"Polygon","coordinates":[[[120.9478139,13.9607431],[120.9477172,13.9607344],[120.9477085,13.9608241],[120.9478079,13.9608349],[120.9478139,13.9607431]]]},"properties":{"osm_id":1235183501,"osm_type":"way","seamark_type":"marine_farm","display_class":"OTHER","min_zoom":12,"importance":1,"name":null,"ref":null,"common":{"type":"marine_farm"},"children":{},"osm_tags":{"aquaculture":"fish","landuse":"aquaculture","seamark:type":"marine_farm"}}},{"type":"Feature","geometry":{"type":"Polygon","coordinates":[[[120.9504956,13.9636905],[120.9503989,13.9636993],[120.9504074,13.9637891],[120.9505071,13.9637819],[120.9504956,13.9636905]]]},"properties":{"osm_id":1235198549,"osm_type":"way","seamark_type":"marine_farm","display_class":"OTHER","min_zoom":12,"importance":1,"name":null,"ref":null,"common":{"type":"marine_farm"},"children":{},"osm_tags":{"aquaculture":"fish","landuse":"aquaculture","seamark:type":"marine_farm"}}},{"type":"Feature","geometry":{"type":"Polygon","coordinates":[[[120.949986,13.963753],[120.9498893,13.9637618],[120.9498978,13.9638516],[120.9499975,13.9638444],[120.949986,13.963753]]]},"properties":{"osm_id":1235198550,"osm_type":"way","seamark_type":"marine_farm","display_class":"OTHER","min_zoom":12,"importance":1,"name":null,"ref":null,"common":{"type":"marine_farm"},"children":{},"osm_tags":{"aquaculture":"fish","landuse":"aquaculture","seamark:type":"marine_farm"}}},{"type":"Feature","geometry":{"type":"Polygon","coordinates":[[[120.950281,13.9640549],[120.9501843,13.9640637],[120.9501928,13.9641535],[120.9502925,13.9641463],[120.950281,13.9640549]]]},"properties":{"osm_id":1235198551,"osm_type":"way","seamark_type":"marine_farm","display_class":"OTHER","min_zoom":12,"importance":1,"name":null,"ref":null,"common":{"type":"marine_farm"},"children":{},"osm_tags":{"aquaculture":"fish","landuse":"aquaculture","seamark:type":"marine_farm"}}},{"type":"Feature","geometry":{"type":"Polygon","coordinates":[[[120.9496373,13.9638571],[120.9495406,13.9638659],[120.9495491,13.9639557],[120.9496488,13.9639485],[120.9496373,13.9638571]]]},"properties":{"osm_id":1235198552,"osm_type":"way","seamark_type":"marine_farm","display_class":"OTHER","min_zoom":12,"importance":1,"name":null,"ref":null,"common":{"type":"marine_farm"},"children":{},"osm_tags":{"aquaculture":"fish","landuse":"aquaculture","seamark:type":"marine_farm"}}},{"type":"Feature","geometry":{"type":"Polygon","coordinates":[[[120.9494227,13.963904],[120.949326,13.9639128],[120.9493345,13.9640026],[120.9494342,13.9639954],[120.9494227,13.963904]]]},"properties":{"osm_id":1235198553,"osm_type":"way","seamark_type":"marine_farm","display_class":"OTHER","min_zoom":12,"importance":1,"name":null,"ref":null,"common":{"type":"marine_farm"},"children":{},"osm_tags":{"aquaculture":"fish","landuse":"aquaculture","seamark:type":"marine_farm"}}},{"type":"Feature","geometry":{"type":"Polygon","coordinates":[[[120.9489989,13.9639716],[120.9489022,13.9639804],[120.9489107,13.9640702],[120.9490104,13.964063],[120.9489989,13.9639716]]]},"properties":{"osm_id":1235198554,"osm_type":"way","seamark_type":"marine_farm","display_class":"OTHER","min_zoom":12,"importance":1,"name":null,"ref":null,"common":{"type":"marine_farm"},"children":{},"osm_tags":{"aquaculture":"fish","landuse":"aquaculture","seamark:type":"marine_farm"}}},{"type":"Feature","geometry":{"type":"Polygon","coordinates":[[[120.9488595,13.9639977],[120.9487628,13.9640065],[120.9487713,13.9640963],[120.948871,13.9640891],[120.9488595,13.9639977]]]},"properties":{"osm_id":1235198555,"osm_type":"way","seamark_type":"marine_farm","display_class":"OTHER","min_zoom":12,"importance":1,"name":null,"ref":null,"common":{"type":"marine_farm"},"children":{},"osm_tags":{"aquaculture":"fish","landuse":"aquaculture","seamark:type":"marine_farm"}}},{"type":"Feature","geometry":{"type":"Polygon","coordinates":[[[120.9486932,13.9640029],[120.9485965,13.9640117],[120.948605,13.9641015],[120.9487047,13.9640943],[120.9486932,13.9640029]]]},"properties":{"osm_id":1235198556,"osm_type":"way","seamark_type":"marine_farm","display_class":"OTHER","min_zoom":12,"importance":1,"name":null,"ref":null,"common":{"type":"marine_farm"},"children":{},"osm_tags":{"aquaculture":"fish","landuse":"aquaculture","seamark:type":"marine_farm"}}},{"type":"Feature","geometry":{"type":"Polygon","coordinates":[[[120.9488112,13.964513],[120.9487145,13.9645218],[120.948723,13.9646116],[120.9488227,13.9646044],[120.9488112,13.964513]]]},"properties":{"osm_id":1235198557,"osm_type":"way","seamark_type":"marine_farm","display_class":"OTHER","min_zoom":12,"importance":1,"name":null,"ref":null,"common":{"type":"marine_farm"},"children":{},"osm_tags":{"aquaculture":"fish","landuse":"aquaculture","seamark:type":"marine_farm"}}},{"type":"Feature","geometry":{"type":"Polygon","coordinates":[[[120.9490901,13.964461],[120.9489934,13.9644698],[120.9490019,13.9645596],[120.9491016,13.9645524],[120.9490901,13.964461]]]},"properties":{"osm_id":1235198558,"osm_type":"way","seamark_type":"marine_farm","display_class":"OTHER","min_zoom":12,"importance":1,"name":null,"ref":null,"common":{"type":"marine_farm"},"children":{},"osm_tags":{"aquaculture":"fish","landuse":"aquaculture","seamark:type":"marine_farm"}}},{"type":"Feature","geometry":{"type":"Polygon","coordinates":[[[120.9494388,13.9643673],[120.9493421,13.9643761],[120.9493506,13.9644659],[120.9494503,13.9644587],[120.9494388,13.9643673]]]},"properties":{"osm_id":1235198559,"osm_type":"way","seamark_type":"marine_farm","display_class":"OTHER","min_zoom":12,"importance":1,"name":null,"ref":null,"common":{"type":"marine_farm"},"children":{},"osm_tags":{"aquaculture":"fish","landuse":"aquaculture","seamark:type":"marine_farm"}}},{"type":"Feature","geometry":{"type":"Polygon","coordinates":[[[120.9498081,13.9642816],[120.9497154,13.9643097],[120.9497429,13.9643958],[120.9498389,13.9643687],[120.9498081,13.9642816]]]},"properties":{"osm_id":1235198560,"osm_type":"way","seamark_type":"marine_farm","display_class":"OTHER","min_zoom":12,"importance":1,"name":null,"ref":null,"common":{"type":"marine_farm"},"children":{},"osm_tags":{"aquaculture":"fish","landuse":"aquaculture","seamark:type":"marine_farm"}}},{"type":"Feature","geometry":{"type":"Polygon","coordinates":[[[120.9486181,13.9649608],[120.9485214,13.9649696],[120.9485299,13.9650594],[120.9486296,13.9650522],[120.9486181,13.9649608]]]},"properties":{"osm_id":1235198561,"osm_type":"way","seamark_type":"marine_farm","display_class":"OTHER","min_zoom":12,"importance":1,"name":null,"ref":null,"common":{"type":"marine_farm"},"children":{},"osm_tags":{"aquaculture":"fish","landuse":"aquaculture","seamark:type":"marine_farm"}}},{"type":"Feature","geometry":{"type":"Polygon","coordinates":[[[120.9485859,13.96532],[120.9484892,13.9653288],[120.9484977,13.9654186],[120.9485974,13.9654114],[120.9485859,13.96532]]]},"properties":{"osm_id":1235198562,"osm_type":"way","seamark_type":"marine_farm","display_class":"OTHER","min_zoom":12,"importance":1,"name":null,"ref":null,"common":{"type":"marine_farm"},"children":{},"osm_tags":{"aquaculture":"fish","landuse":"aquaculture","seamark:type":"marine_farm"}}},{"type":"Feature","geometry":{"type":"Polygon","coordinates":[[[120.9489989,13.9652991],[120.9489022,13.9653079],[120.9489107,13.9653977],[120.9490104,13.9653905],[120.9489989,13.9652991]]]},"properties":{"osm_id":1235198563,"osm_type":"way","seamark_type":"marine_farm","display_class":"OTHER","min_zoom":12,"importance":1,"name":null,"ref":null,"common":{"type":"marine_farm"},"children":{},"osm_tags":{"aquaculture":"fish","landuse":"aquaculture","seamark:type":"marine_farm"}}},{"type":"Feature","geometry":{"type":"Polygon","coordinates":[[[120.949058,13.9649139],[120.9489613,13.9649227],[120.9489698,13.9650125],[120.9490695,13.9650053],[120.949058,13.9649139]]]},"properties":{"osm_id":1235198564,"osm_type":"way","seamark_type":"marine_farm","display_class":"OTHER","min_zoom":12,"importance":1,"name":null,"ref":null,"common":{"type":"marine_farm"},"children":{},"osm_tags":{"aquaculture":"fish","landuse":"aquaculture","seamark:type":"marine_farm"}}},{"type":"Feature","geometry":{"type":"Polygon","coordinates":[[[120.9492511,13.9648618],[120.9491544,13.9648706],[120.9491629,13.9649604],[120.9492626,13.9649532],[120.9492511,13.9648618]]]},"properties":{"osm_id":1235198565,"osm_type":"way","seamark_type":"marine_farm","display_class":"OTHER","min_zoom":12,"importance":1,"name":null,"ref":null,"common":{"type":"marine_farm"},"children":{},"osm_tags":{"aquaculture":"fish","landuse":"aquaculture","seamark:type":"marine_farm"}}},{"type":"Feature","geometry":{"type":"Polygon","coordinates":[[[120.9494281,13.9648098],[120.9493314,13.9648186],[120.9493399,13.9649084],[120.9494396,13.9649012],[120.9494281,13.9648098]]]},"properties":{"osm_id":1235198566,"osm_type":"way","seamark_type":"marine_farm","display_class":"OTHER","min_zoom":12,"importance":1,"name":null,"ref":null,"common":{"type":"marine_farm"},"children":{},"osm_tags":{"aquaculture":"fish","landuse":"aquaculture","seamark:type":"marine_farm"}}},{"type":"Feature","geometry":{"type":"Polygon","coordinates":[[[120.9496802,13.9647629],[120.9495835,13.9647717],[120.949592,13.9648615],[120.9496917,13.9648543],[120.9496802,13.9647629]]]},"properties":{"osm_id":1235198567,"osm_type":"way","seamark_type":"marine_farm","display_class":"OTHER","min_zoom":12,"importance":1,"name":null,"ref":null,"common":{"type":"marine_farm"},"children":{},"osm_tags":{"aquaculture":"fish","landuse":"aquaculture","seamark:type":"marine_farm"}}},{"type":"Feature","geometry":{"type":"Polygon","coordinates":[[[120.9498412,13.9647213],[120.9497445,13.9647301],[120.949753,13.9648199],[120.9498527,13.9648127],[120.9498412,13.9647213]]]},"properties":{"osm_id":1235198568,"osm_type":"way","seamark_type":"marine_farm","display_class":"OTHER","min_zoom":12,"importance":1,"name":null,"ref":null,"common":{"type":"marine_farm"},"children":{},"osm_tags":{"aquaculture":"fish","landuse":"aquaculture","seamark:type":"marine_farm"}}},{"type":"Feature","geometry":{"type":"Polygon","coordinates":[[[120.9494407,13.9651891],[120.9493525,13.9652287],[120.9493914,13.9653106],[120.9494829,13.9652716],[120.9494407,13.9651891]]]},"properties":{"osm_id":1235198569,"osm_type":"way","seamark_type":"marine_farm","display_class":"OTHER","min_zoom":12,"importance":1,"name":null,"ref":null,"common":{"type":"marine_farm"},"children":{},"osm_tags":{"aquaculture":"fish","landuse":"aquaculture","seamark:type":"marine_farm"}}},{"type":"Feature","geometry":{"type":"Polygon","coordinates":[[[120.9496149,13.9651594],[120.9495182,13.9651682],[120.9495267,13.965258],[120.9496264,13.9652508],[120.9496149,13.9651594]]]},"properties":{"osm_id":1235198570,"osm_type":"way","seamark_type":"marine_farm","display_class":"OTHER","min_zoom":12,"importance":1,"name":null,"ref":null,"common":{"type":"marine_farm"},"children":{},"osm_tags":{"aquaculture":"fish","landuse":"aquaculture","seamark:type":"marine_farm"}}},{"type":"Feature","geometry":{"type":"Polygon","coordinates":[[[120.949764,13.9651551],[120.9496673,13.9651639],[120.9496758,13.9652537],[120.9497755,13.9652465],[120.949764,13.9651551]]]},"properties":{"osm_id":1235198571,"osm_type":"way","seamark_type":"marine_farm","display_class":"OTHER","min_zoom":12,"importance":1,"name":null,"ref":null,"common":{"type":"marine_farm"},"children":{},"osm_tags":{"aquaculture":"fish","landuse":"aquaculture","seamark:type":"marine_farm"}}},{"type":"Feature","geometry":{"type":"Polygon","coordinates":[[[120.9500289,13.9651629],[120.9499342,13.9651838],[120.9499546,13.9652718],[120.9500525,13.9652521],[120.9500289,13.9651629]]]},"properties":{"osm_id":1235198572,"osm_type":"way","seamark_type":"marine_farm","display_class":"OTHER","min_zoom":12,"importance":1,"name":null,"ref":null,"common":{"type":"marine_farm"},"children":{},"osm_tags":{"aquaculture":"fish","landuse":"aquaculture","seamark:type":"marine_farm"}}},{"type":"Feature","geometry":{"type":"Polygon","coordinates":[[[120.9502777,13.9646236],[120.9501855,13.9646531],[120.9502144,13.9647388],[120.9503099,13.9647102],[120.9502777,13.9646236]]]},"properties":{"osm_id":1235198573,"osm_type":"way","seamark_type":"marine_farm","display_class":"OTHER","min_zoom":12,"importance":1,"name":null,"ref":null,"common":{"type":"marine_farm"},"children":{},"osm_tags":{"aquaculture":"fish","landuse":"aquaculture","seamark:type":"marine_farm"}}},{"type":"Feature","geometry":{"type":"Polygon","coordinates":[[[120.9433717,13.9651482],[120.943275,13.965157],[120.9432835,13.9652468],[120.9433832,13.9652396],[120.9433717,13.9651482]]]},"properties":{"osm_id":1235198927,"osm_type":"way","seamark_type":"marine_farm","display_class":"OTHER","min_zoom":12,"importance":1,"name":null,"ref":null,"common":{"type":"marine_farm"},"children":{},"osm_tags":{"aquaculture":"fish","landuse":"aquaculture","seamark:type":"marine_farm"}}},{"type":"Feature","geometry":{"type":"Polygon","coordinates":[[[120.9434629,13.964159],[120.9433662,13.9641678],[120.9433747,13.9642576],[120.9434744,13.9642504],[120.9434629,13.964159]]]},"properties":{"osm_id":1235198928,"osm_type":"way","seamark_type":"marine_farm","display_class":"OTHER","min_zoom":12,"importance":1,"name":null,"ref":null,"common":{"type":"marine_farm"},"children":{},"osm_tags":{"aquaculture":"fish","landuse":"aquaculture","seamark:type":"marine_farm"}}},{"type":"Feature","geometry":{"type":"Polygon","coordinates":[[[120.9449193,13.9636277],[120.9448306,13.9636661],[120.9448683,13.9637485],[120.9449604,13.9637107],[120.9449193,13.9636277]]]},"properties":{"osm_id":1235198929,"osm_type":"way","seamark_type":"marine_farm","display_class":"OTHER","min_zoom":12,"importance":1,"name":null,"ref":null,"common":{"type":"marine_farm"},"children":{},"osm_tags":{"aquaculture":"fish","landuse":"aquaculture","seamark:type":"marine_farm"}}},{"type":"Feature","geometry":{"type":"Polygon","coordinates":[[[120.9453689,13.963782],[120.9453057,13.9637222],[120.9452572,13.9637749],[120.9453323,13.9638377],[120.9453689,13.963782]]]},"properties":{"osm_id":1235198930,"osm_type":"way","seamark_type":"marine_farm","display_class":"OTHER","min_zoom":12,"importance":1,"name":null,"ref":null,"common":{"type":"marine_farm"},"children":{},"osm_tags":{"aquaculture":"fish","landuse":"aquaculture","seamark:type":"marine_farm"}}},{"type":"Feature","geometry":{"type":"Polygon","coordinates":[[[120.9456261,13.9657876],[120.9455383,13.9658279],[120.9455778,13.9659095],[120.945669,13.9658697],[120.9456261,13.9657876]]]},"properties":{"osm_id":1235198931,"osm_type":"way","seamark_type":"marine_farm","display_class":"OTHER","min_zoom":12,"importance":1,"name":null,"ref":null,"common":{"type":"marine_farm"},"children":{},"osm_tags":{"aquaculture":"fish","landuse":"aquaculture","seamark:type":"marine_farm"}}},{"type":"Feature","geometry":{"type":"Polygon","coordinates":[[[120.9454618,13.965856],[120.9453834,13.9658884],[120.9454095,13.9659764],[120.945502,13.9659394],[120.9454618,13.965856]]]},"properties":{"osm_id":1235198932,"osm_type":"way","seamark_type":"marine_farm","display_class":"OTHER","min_zoom":12,"importance":1,"name":null,"ref":null,"common":{"type":"marine_farm"},"children":{},"osm_tags":{"aquaculture":"fish","landuse":"aquaculture","seamark:type":"marine_farm"}}},{"type":"Feature","geometry":{"type":"Polygon","coordinates":[[[120.945313,13.9659],[120.9452304,13.9659497],[120.9452793,13.9660264],[120.9453652,13.9659768],[120.945313,13.9659]]]},"properties":{"osm_id":1235198933,"osm_type":"way","seamark_type":"marine_farm","display_class":"OTHER","min_zoom":12,"importance":1,"name":null,"ref":null,"common":{"type":"marine_farm"},"children":{},"osm_tags":{"aquaculture":"fish","landuse":"aquaculture","seamark:type":"marine_farm"}}},{"type":"Feature","geometry":{"type":"Polygon","coordinates":[[[120.9462447,13.9634754],[120.946148,13.9634842],[120.9461565,13.963574],[120.9462562,13.9635668],[120.9462447,13.9634754]]]},"properties":{"osm_id":1235200248,"osm_type":"way","seamark_type":"marine_farm","display_class":"OTHER","min_zoom":12,"importance":1,"name":null,"ref":null,"common":{"type":"marine_farm"},"children":{},"osm_tags":{"aquaculture":"fish","landuse":"aquaculture","seamark:type":"marine_farm"}}},{"type":"Feature","geometry":{"type":"Polygon","coordinates":[[[120.946387,13.9634711],[120.9462903,13.9634799],[120.9462988,13.9635697],[120.9463985,13.9635625],[120.946387,13.9634711]]]},"properties":{"osm_id":1235200249,"osm_type":"way","seamark_type":"marine_farm","display_class":"OTHER","min_zoom":12,"importance":1,"name":null,"ref":null,"common":{"type":"marine_farm"},"children":{},"osm_tags":{"aquaculture":"fish","landuse":"aquaculture","seamark:type":"marine_farm"}}},{"type":"Feature","geometry":{"type":"Polygon","coordinates":[[[120.9465381,13.9634797],[120.9464414,13.9634885],[120.9464499,13.9635783],[120.9465496,13.9635711],[120.9465381,13.9634797]]]},"properties":{"osm_id":1235200250,"osm_type":"way","seamark_type":"marine_farm","display_class":"OTHER","min_zoom":12,"importance":1,"name":null,"ref":null,"common":{"type":"marine_farm"},"children":{},"osm_tags":{"aquaculture":"fish","landuse":"aquaculture","seamark:type":"marine_farm"}}},{"type":"Feature","geometry":{"type":"Polygon","coordinates":[[[120.9466982,13.9634754],[120.9466015,13.9634842],[120.94661,13.963574],[120.9467097,13.9635668],[120.9466982,13.9634754]]]},"properties":{"osm_id":1235200251,"osm_type":"way","seamark_type":"marine_farm","display_class":"OTHER","min_zoom":12,"importance":1,"name":null,"ref":null,"common":{"type":"marine_farm"},"children":{},"osm_tags":{"aquaculture":"fish","landuse":"aquaculture","seamark:type":"marine_farm"}}},{"type":"Feature","geometry":{"type":"Polygon","coordinates":[[[120.9468761,13.9635099],[120.9467794,13.9635187],[120.9467879,13.9636085],[120.9468876,13.9636013],[120.9468761,13.9635099]]]},"properties":{"osm_id":1235200252,"osm_type":"way","seamark_type":"marine_farm","display_class":"OTHER","min_zoom":12,"importance":1,"name":null,"ref":null,"common":{"type":"marine_farm"},"children":{},"osm_tags":{"aquaculture":"fish","landuse":"aquaculture","seamark:type":"marine_farm"}}},{"type":"Feature","geometry":{"type":"Polygon","coordinates":[[[120.9473074,13.9635747],[120.9472107,13.9635835],[120.9472192,13.9636733],[120.9473189,13.9636661],[120.9473074,13.9635747]]]},"properties":{"osm_id":1235200253,"osm_type":"way","seamark_type":"marine_farm","display_class":"OTHER","min_zoom":12,"importance":1,"name":null,"ref":null,"common":{"type":"marine_farm"},"children":{},"osm_tags":{"aquaculture":"fish","landuse":"aquaculture","seamark:type":"marine_farm"}}},{"type":"Feature","geometry":{"type":"Polygon","coordinates":[[[120.9474586,13.9635574],[120.9473619,13.9635662],[120.9473704,13.963656],[120.9474701,13.9636488],[120.9474586,13.9635574]]]},"properties":{"osm_id":1235200254,"osm_type":"way","seamark_type":"marine_farm","display_class":"OTHER","min_zoom":12,"importance":1,"name":null,"ref":null,"common":{"type":"marine_farm"},"children":{},"osm_tags":{"aquaculture":"fish","landuse":"aquaculture","seamark:type":"marine_farm"}}},{"type":"Feature","geometry":{"type":"Polygon","coordinates":[[[120.9476656,13.9636],[120.9475722,13.963626],[120.9475464,13.9635393],[120.947642,13.9635108],[120.9476656,13.9636]]]},"properties":{"osm_id":1235200255,"osm_type":"way","seamark_type":"marine_farm","display_class":"OTHER","min_zoom":12,"importance":1,"name":null,"ref":null,"common":{"type":"marine_farm"},"children":{},"osm_tags":{"aquaculture":"fish","landuse":"aquaculture","seamark:type":"marine_farm"}}},{"type":"Feature","geometry":{"type":"Polygon","coordinates":[[[120.9478033,13.9640377],[120.9477103,13.9640649],[120.9477369,13.9641513],[120.9478332,13.9641251],[120.9478033,13.9640377]]]},"properties":{"osm_id":1235200256,"osm_type":"way","seamark_type":"marine_farm","display_class":"OTHER","min_zoom":12,"importance":1,"name":null,"ref":null,"common":{"type":"marine_farm"},"children":{},"osm_tags":{"aquaculture":"fish","landuse":"aquaculture","seamark:type":"marine_farm"}}},{"type":"Feature","geometry":{"type":"Polygon","coordinates":[[[120.9481878,13.9634236],[120.9480911,13.9634324],[120.9480996,13.9635222],[120.9481993,13.963515],[120.9481878,13.9634236]]]},"properties":{"osm_id":1235200257,"osm_type":"way","seamark_type":"marine_farm","display_class":"OTHER","min_zoom":12,"importance":1,"name":null,"ref":null,"common":{"type":"marine_farm"},"children":{},"osm_tags":{"aquaculture":"fish","landuse":"aquaculture","seamark:type":"marine_farm"}}},{"type":"Feature","geometry":{"type":"Polygon","coordinates":[[[120.9483612,13.9634021],[120.9482645,13.9634109],[120.948273,13.9635007],[120.9483727,13.9634935],[120.9483612,13.9634021]]]},"properties":{"osm_id":1235200258,"osm_type":"way","seamark_type":"marine_farm","display_class":"OTHER","min_zoom":12,"importance":1,"name":null,"ref":null,"common":{"type":"marine_farm"},"children":{},"osm_tags":{"aquaculture":"fish","landuse":"aquaculture","seamark:type":"marine_farm"}}},{"type":"Feature","geometry":{"type":"Polygon","coordinates":[[[120.9481345,13.9640623],[120.9480378,13.9640711],[120.9480463,13.9641609],[120.948146,13.9641537],[120.9481345,13.9640623]]]},"properties":{"osm_id":1235200259,"osm_type":"way","seamark_type":"marine_farm","display_class":"OTHER","min_zoom":12,"importance":1,"name":null,"ref":null,"common":{"type":"marine_farm"},"children":{},"osm_tags":{"aquaculture":"fish","landuse":"aquaculture","seamark:type":"marine_farm"}}},{"type":"Feature","geometry":{"type":"Polygon","coordinates":[[[120.9479922,13.9640364],[120.9478955,13.9640452],[120.947904,13.964135],[120.9480037,13.9641278],[120.9479922,13.9640364]]]},"properties":{"osm_id":1235200260,"osm_type":"way","seamark_type":"marine_farm","display_class":"OTHER","min_zoom":12,"importance":1,"name":null,"ref":null,"common":{"type":"marine_farm"},"children":{},"osm_tags":{"aquaculture":"fish","landuse":"aquaculture","seamark:type":"marine_farm"}}},{"type":"Feature","geometry":{"type":"Polygon","coordinates":[[[120.948413,13.9645605],[120.9483247,13.9645997],[120.9483632,13.9646818],[120.9484549,13.9646431],[120.948413,13.9645605]]]},"properties":{"osm_id":1235200261,"osm_type":"way","seamark_type":"marine_farm","display_class":"OTHER","min_zoom":12,"importance":1,"name":null,"ref":null,"common":{"type":"marine_farm"},"children":{},"osm_tags":{"aquaculture":"fish","landuse":"aquaculture","seamark:type":"marine_farm"}}},{"type":"Feature","geometry":{"type":"Polygon","coordinates":[[[120.9482101,13.9646146],[120.9481134,13.9646234],[120.9481219,13.9647132],[120.9482216,13.964706],[120.9482101,13.9646146]]]},"properties":{"osm_id":1235200262,"osm_type":"way","seamark_type":"marine_farm","display_class":"OTHER","min_zoom":12,"importance":1,"name":null,"ref":null,"common":{"type":"marine_farm"},"children":{},"osm_tags":{"aquaculture":"fish","landuse":"aquaculture","seamark:type":"marine_farm"}}},{"type":"Feature","geometry":{"type":"Polygon","coordinates":[[[120.9478499,13.9646535],[120.9477532,13.9646623],[120.9477617,13.9647521],[120.9478614,13.9647449],[120.9478499,13.9646535]]]},"properties":{"osm_id":1235200263,"osm_type":"way","seamark_type":"marine_farm","display_class":"OTHER","min_zoom":12,"importance":1,"name":null,"ref":null,"common":{"type":"marine_farm"},"children":{},"osm_tags":{"aquaculture":"fish","landuse":"aquaculture","seamark:type":"marine_farm"}}},{"type":"Feature","geometry":{"type":"Polygon","coordinates":[[[120.947383,13.9645542],[120.9472863,13.964563],[120.9472948,13.9646528],[120.9473945,13.9646456],[120.947383,13.9645542]]]},"properties":{"osm_id":1235200264,"osm_type":"way","seamark_type":"marine_farm","display_class":"OTHER","min_zoom":12,"importance":1,"name":null,"ref":null,"common":{"type":"marine_farm"},"children":{},"osm_tags":{"aquaculture":"fish","landuse":"aquaculture","seamark:type":"marine_farm"}}},{"type":"Feature","geometry":{"type":"Polygon","coordinates":[[[120.9479699,13.9650073],[120.9478732,13.9650161],[120.9478817,13.9651059],[120.9479814,13.9650987],[120.9479699,13.9650073]]]},"properties":{"osm_id":1235200265,"osm_type":"way","seamark_type":"marine_farm","display_class":"OTHER","min_zoom":12,"importance":1,"name":null,"ref":null,"common":{"type":"marine_farm"},"children":{},"osm_tags":{"aquaculture":"fish","landuse":"aquaculture","seamark:type":"marine_farm"}}},{"type":"Feature","geometry":{"type":"Polygon","coordinates":[[[120.9476676,13.9650634],[120.9475709,13.9650722],[120.9475794,13.965162],[120.9476791,13.9651548],[120.9476676,13.9650634]]]},"properties":{"osm_id":1235200266,"osm_type":"way","seamark_type":"marine_farm","display_class":"OTHER","min_zoom":12,"importance":1,"name":null,"ref":null,"common":{"type":"marine_farm"},"children":{},"osm_tags":{"aquaculture":"fish","landuse":"aquaculture","seamark:type":"marine_farm"}}},{"type":"Feature","geometry":{"type":"Polygon","coordinates":[[[120.9475164,13.9650634],[120.9474197,13.9650722],[120.9474282,13.965162],[120.9475279,13.9651548],[120.9475164,13.9650634]]]},"properties":{"osm_id":1235200267,"osm_type":"way","seamark_type":"marine_farm","display_class":"OTHER","min_zoom":12,"importance":1,"name":null,"ref":null,"common":{"type":"marine_farm"},"children":{},"osm_tags":{"aquaculture":"fish","landuse":"aquaculture","seamark:type":"marine_farm"}}},{"type":"Feature","geometry":{"type":"Polygon","coordinates":[[[120.9481434,13.9654906],[120.9480467,13.9654994],[120.9480552,13.9655892],[120.9481549,13.965582],[120.9481434,13.9654906]]]},"properties":{"osm_id":1235200268,"osm_type":"way","seamark_type":"marine_farm","display_class":"OTHER","min_zoom":12,"importance":1,"name":null,"ref":null,"common":{"type":"marine_farm"},"children":{},"osm_tags":{"aquaculture":"fish","landuse":"aquaculture","seamark:type":"marine_farm"}}},{"type":"Feature","geometry":{"type":"Polygon","coordinates":[[[120.9477076,13.965551],[120.9476109,13.9655598],[120.9476194,13.9656496],[120.9477191,13.9656424],[120.9477076,13.965551]]]},"properties":{"osm_id":1235200269,"osm_type":"way","seamark_type":"marine_farm","display_class":"OTHER","min_zoom":12,"importance":1,"name":null,"ref":null,"common":{"type":"marine_farm"},"children":{},"osm_tags":{"aquaculture":"fish","landuse":"aquaculture","seamark:type":"marine_farm"}}},{"type":"Feature","geometry":{"type":"Polygon","coordinates":[[[120.9475208,13.965564],[120.9474241,13.9655728],[120.9474326,13.9656626],[120.9475323,13.9656554],[120.9475208,13.965564]]]},"properties":{"osm_id":1235200270,"osm_type":"way","seamark_type":"marine_farm","display_class":"OTHER","min_zoom":12,"importance":1,"name":null,"ref":null,"common":{"type":"marine_farm"},"children":{},"osm_tags":{"aquaculture":"fish","landuse":"aquaculture","seamark:type":"marine_farm"}}},{"type":"Feature","geometry":{"type":"Polygon","coordinates":[[[120.9473696,13.965469],[120.9472729,13.9654778],[120.9472814,13.9655676],[120.9473811,13.9655604],[120.9473696,13.965469]]]},"properties":{"osm_id":1235200271,"osm_type":"way","seamark_type":"marine_farm","display_class":"OTHER","min_zoom":12,"importance":1,"name":null,"ref":null,"common":{"type":"marine_farm"},"children":{},"osm_tags":{"aquaculture":"fish","landuse":"aquaculture","seamark:type":"marine_farm"}}},{"type":"Feature","geometry":{"type":"Polygon","coordinates":[[[120.9482452,13.9648434],[120.9481319,13.9648437],[120.948132,13.9648894],[120.9482453,13.9648891],[120.9482452,13.9648434]]]},"properties":{"osm_id":1235200272,"osm_type":"way","seamark_type":"marine_farm","display_class":"OTHER","min_zoom":12,"importance":1,"name":null,"ref":null,"common":{"type":"marine_farm"},"children":{},"osm_tags":{"aquaculture":"fish","landuse":"aquaculture","seamark:type":"marine_farm"}}},{"type":"Feature","geometry":{"type":"Polygon","coordinates":[[[120.9472154,13.9645059],[120.9471572,13.9644601],[120.9471234,13.9645007],[120.9471815,13.9645464],[120.9472154,13.9645059]]]},"properties":{"osm_id":1235200273,"osm_type":"way","seamark_type":"marine_farm","display_class":"OTHER","min_zoom":12,"importance":1,"name":null,"ref":null,"common":{"type":"marine_farm"},"children":{},"osm_tags":{"aquaculture":"fish","landuse":"aquaculture","seamark:type":"marine_farm"}}},{"type":"Feature","geometry":{"type":"Polygon","coordinates":[[[120.9471398,13.9644454],[120.9470817,13.9643997],[120.9470478,13.9644403],[120.9471059,13.964486],[120.9471398,13.9644454]]]},"properties":{"osm_id":1235200274,"osm_type":"way","seamark_type":"marine_farm","display_class":"OTHER","min_zoom":12,"importance":1,"name":null,"ref":null,"common":{"type":"marine_farm"},"children":{},"osm_tags":{"aquaculture":"fish","landuse":"aquaculture","seamark:type":"marine_farm"}}},{"type":"Feature","geometry":{"type":"Polygon","coordinates":[[[120.9544764,13.9683866],[120.9543953,13.9684384],[120.9544462,13.9685138],[120.9545307,13.9684621],[120.9544764,13.9683866]]]},"properties":{"osm_id":1235496940,"osm_type":"way","seamark_type":"marine_farm","display_class":"OTHER","min_zoom":12,"importance":1,"name":null,"ref":null,"common":{"type":"marine_farm"},"children":{},"osm_tags":{"aquaculture":"fish","landuse":"aquaculture","seamark:type":"marine_farm"}}},{"type":"Feature","geometry":{"type":"Polygon","coordinates":[[[120.954353,13.9684855],[120.9542719,13.9685373],[120.9543228,13.9686127],[120.9544074,13.968561],[120.954353,13.9684855]]]},"properties":{"osm_id":1235496941,"osm_type":"way","seamark_type":"marine_farm","display_class":"OTHER","min_zoom":12,"importance":1,"name":null,"ref":null,"common":{"type":"marine_farm"},"children":{},"osm_tags":{"aquaculture":"fish","landuse":"aquaculture","seamark:type":"marine_farm"}}},{"type":"Feature","geometry":{"type":"Polygon","coordinates":[[[120.9555507,13.970817],[120.9554729,13.9708733],[120.9555283,13.9709457],[120.9556096,13.9708893],[120.9555507,13.970817]]]},"properties":{"osm_id":1235497035,"osm_type":"way","seamark_type":"marine_farm","display_class":"OTHER","min_zoom":12,"importance":1,"name":null,"ref":null,"common":{"type":"marine_farm"},"children":{},"osm_tags":{"aquaculture":"fish","landuse":"aquaculture","seamark:type":"marine_farm"}}},{"type":"Feature","geometry":{"type":"Polygon","coordinates":[[[120.9554435,13.9709003],[120.9553657,13.9709566],[120.955421,13.971029],[120.9555023,13.9709726],[120.9554435,13.9709003]]]},"properties":{"osm_id":1235497036,"osm_type":"way","seamark_type":"marine_farm","display_class":"OTHER","min_zoom":12,"importance":1,"name":null,"ref":null,"common":{"type":"marine_farm"},"children":{},"osm_tags":{"aquaculture":"fish","landuse":"aquaculture","seamark:type":"marine_farm"}}},{"type":"Feature","geometry":{"type":"Polygon","coordinates":[[[120.955317,13.9710353],[120.955242,13.971095],[120.9553007,13.9711648],[120.9553792,13.9711048],[120.955317,13.9710353]]]},"properties":{"osm_id":1235497037,"osm_type":"way","seamark_type":"marine_farm","display_class":"OTHER","min_zoom":12,"importance":1,"name":null,"ref":null,"common":{"type":"marine_farm"},"children":{},"osm_tags":{"aquaculture":"fish","landuse":"aquaculture","seamark:type":"marine_farm"}}},{"type":"Feature","geometry":{"type":"Polygon","coordinates":[[[120.9551967,13.9711554],[120.9551189,13.9712117],[120.9551742,13.9712841],[120.9552555,13.9712276],[120.9551967,13.9711554]]]},"properties":{"osm_id":1235497038,"osm_type":"way","seamark_type":"marine_farm","display_class":"OTHER","min_zoom":12,"importance":1,"name":null,"ref":null,"common":{"type":"marine_farm"},"children":{},"osm_tags":{"aquaculture":"fish","landuse":"aquaculture","seamark:type":"marine_farm"}}},{"type":"Feature","geometry":{"type":"Polygon","coordinates":[[[120.9550626,13.9712855],[120.9549848,13.9713419],[120.9550401,13.9714142],[120.9551214,13.9713578],[120.9550626,13.9712855]]]},"properties":{"osm_id":1235497039,"osm_type":"way","seamark_type":"marine_farm","display_class":"OTHER","min_zoom":12,"importance":1,"name":null,"ref":null,"common":{"type":"marine_farm"},"children":{},"osm_tags":{"aquaculture":"fish","landuse":"aquaculture","seamark:type":"marine_farm"}}},{"type":"Feature","geometry":{"type":"Polygon","coordinates":[[[120.9635442,13.9735086],[120.9635408,13.9734851],[120.9635296,13.973464],[120.9635119,13.9734477],[120.9634896,13.973438],[120.9634653,13.9734359],[120.9634416,13.9734417],[120.9634212,13.9734548],[120.9634064,13.9734737],[120.9633989,13.9734962],[120.9633994,13.9735199],[120.9634079,13.9735421],[120.9634226,13.9735596],[120.9634422,13.9735717],[120.9634648,13.9735772],[120.963488,13.9735756],[120.9635094,13.973567],[120.9635271,13.9735523],[120.9635394,13.9735318],[120.9635442,13.9735086]]]},"properties":{"osm_id":1235497472,"osm_type":"way","seamark_type":"marine_farm","display_class":"OTHER","min_zoom":12,"importance":1,"name":null,"ref":null,"common":{"type":"marine_farm"},"children":{},"osm_tags":{"landuse":"aquaculture","produce":"fish","seamark:type":"marine_farm"}}},{"type":"Feature","geometry":{"type":"Polygon","coordinates":[[[120.9633671,13.9736491],[120.9633637,13.9736256],[120.9633525,13.9736045],[120.9633348,13.9735882],[120.9633125,13.9735785],[120.9632882,13.9735764],[120.9632645,13.9735822],[120.9632441,13.9735953],[120.9632293,13.9736142],[120.9632218,13.9736367],[120.9632223,13.9736604],[120.9632308,13.9736826],[120.9632455,13.9737001],[120.9632651,13.9737122],[120.9632877,13.9737177],[120.9633109,13.9737161],[120.9633323,13.9737075],[120.96335,13.9736928],[120.9633623,13.9736723],[120.9633671,13.9736491]]]},"properties":{"osm_id":1235497473,"osm_type":"way","seamark_type":"marine_farm","display_class":"OTHER","min_zoom":12,"importance":1,"name":null,"ref":null,"common":{"type":"marine_farm"},"children":{},"osm_tags":{"landuse":"aquaculture","produce":"fish","seamark:type":"marine_farm"}}},{"type":"Feature","geometry":{"type":"Polygon","coordinates":[[[120.9631579,13.9737793],[120.9631545,13.9737558],[120.9631433,13.9737347],[120.9631256,13.9737184],[120.9631033,13.9737087],[120.963079,13.9737066],[120.9630553,13.9737124],[120.9630349,13.9737255],[120.9630201,13.9737444],[120.9630126,13.9737669],[120.9630131,13.9737906],[120.9630216,13.9738128],[120.9630363,13.9738303],[120.9630559,13.9738424],[120.9630785,13.9738479],[120.9631017,13.9738463],[120.9631231,13.9738377],[120.9631408,13.973823],[120.9631531,13.9738025],[120.9631579,13.9737793]]]},"properties":{"osm_id":1235497474,"osm_type":"way","seamark_type":"marine_farm","display_class":"OTHER","min_zoom":12,"importance":1,"name":null,"ref":null,"common":{"type":"marine_farm"},"children":{},"osm_tags":{"landuse":"aquaculture","produce":"fish","seamark:type":"marine_farm"}}},{"type":"Feature","geometry":{"type":"Polygon","coordinates":[[[120.9629755,13.9739615],[120.9629721,13.973938],[120.9629609,13.9739169],[120.9629432,13.9739006],[120.9629209,13.9738909],[120.9628966,13.9738888],[120.9628729,13.9738946],[120.9628525,13.9739077],[120.9628377,13.9739266],[120.9628302,13.9739491],[120.9628307,13.9739728],[120.9628392,13.973995],[120.9628539,13.9740125],[120.9628735,13.9740246],[120.9628961,13.9740301],[120.9629193,13.9740285],[120.9629407,13.9740199],[120.9629584,13.9740052],[120.9629707,13.9739847],[120.9629755,13.9739615]]]},"properties":{"osm_id":1235497475,"osm_type":"way","seamark_type":"marine_farm","display_class":"OTHER","min_zoom":12,"importance":1,"name":null,"ref":null,"common":{"type":"marine_farm"},"children":{},"osm_tags":{"landuse":"aquaculture","produce":"fish","seamark:type":"marine_farm"}}},{"type":"Feature","geometry":{"type":"Polygon","coordinates":[[[120.9626483,13.9738521],[120.9626449,13.9738286],[120.9626337,13.9738075],[120.962616,13.9737912],[120.9625937,13.9737815],[120.9625694,13.9737794],[120.9625457,13.9737852],[120.9625253,13.9737983],[120.9625105,13.9738172],[120.962503,13.9738397],[120.9625035,13.9738634],[120.962512,13.9738856],[120.9625267,13.9739031],[120.9625463,13.9739152],[120.9625689,13.9739207],[120.9625921,13.9739191],[120.9626135,13.9739105],[120.9626312,13.9738958],[120.9626435,13.9738753],[120.9626483,13.9738521]]]},"properties":{"osm_id":1235497476,"osm_type":"way","seamark_type":"marine_farm","display_class":"OTHER","min_zoom":12,"importance":1,"name":null,"ref":null,"common":{"type":"marine_farm"},"children":{},"osm_tags":{"landuse":"aquaculture","produce":"fish","seamark:type":"marine_farm"}}},{"type":"Feature","geometry":{"type":"Polygon","coordinates":[[[120.9628253,13.973722],[120.9628219,13.9736985],[120.9628107,13.9736774],[120.962793,13.9736611],[120.9627707,13.9736514],[120.9627464,13.9736493],[120.9627227,13.9736551],[120.9627023,13.9736682],[120.9626875,13.9736871],[120.96268,13.9737096],[120.9626805,13.9737333],[120.962689,13.9737555],[120.9627037,13.973773],[120.9627233,13.9737851],[120.9627459,13.9737906],[120.9627691,13.973789],[120.9627905,13.9737804],[120.9628082,13.9737657],[120.9628205,13.9737452],[120.9628253,13.973722]]]},"properties":{"osm_id":1235497477,"osm_type":"way","seamark_type":"marine_farm","display_class":"OTHER","min_zoom":12,"importance":1,"name":null,"ref":null,"common":{"type":"marine_farm"},"children":{},"osm_tags":{"landuse":"aquaculture","produce":"fish","seamark:type":"marine_farm"}}},{"type":"Feature","geometry":{"type":"Polygon","coordinates":[[[120.9629541,13.973545],[120.9629507,13.9735215],[120.9629395,13.9735004],[120.9629218,13.9734841],[120.9628995,13.9734744],[120.9628752,13.9734723],[120.9628515,13.9734781],[120.9628311,13.9734912],[120.9628163,13.9735101],[120.9628088,13.9735326],[120.9628093,13.9735563],[120.9628178,13.9735785],[120.9628325,13.973596],[120.9628521,13.9736081],[120.9628747,13.9736136],[120.9628979,13.973612],[120.9629193,13.9736034],[120.962937,13.9735887],[120.9629493,13.9735682],[120.9629541,13.973545]]]},"properties":{"osm_id":1235497478,"osm_type":"way","seamark_type":"marine_farm","display_class":"OTHER","min_zoom":12,"importance":1,"name":null,"ref":null,"common":{"type":"marine_farm"},"children":{},"osm_tags":{"landuse":"aquaculture","produce":"fish","seamark:type":"marine_farm"}}},{"type":"Feature","geometry":{"type":"Polygon","coordinates":[[[120.963056,13.9733836],[120.9630526,13.9733601],[120.9630414,13.973339],[120.9630237,13.9733227],[120.9630014,13.973313],[120.9629771,13.9733109],[120.9629534,13.9733167],[120.962933,13.9733298],[120.9629182,13.9733487],[120.9629107,13.9733712],[120.9629112,13.9733949],[120.9629197,13.9734171],[120.9629344,13.9734346],[120.962954,13.9734467],[120.9629766,13.9734522],[120.9629998,13.9734506],[120.9630212,13.973442],[120.9630389,13.9734273],[120.9630512,13.9734068],[120.963056,13.9733836]]]},"properties":{"osm_id":1235497479,"osm_type":"way","seamark_type":"marine_farm","display_class":"OTHER","min_zoom":12,"importance":1,"name":null,"ref":null,"common":{"type":"marine_farm"},"children":{},"osm_tags":{"landuse":"aquaculture","produce":"fish","seamark:type":"marine_farm"}}},{"type":"Feature","geometry":{"type":"Polygon","coordinates":[[[120.9632384,13.9732379],[120.963235,13.9732144],[120.9632238,13.9731933],[120.9632061,13.973177],[120.9631838,13.9731673],[120.9631595,13.9731652],[120.9631358,13.973171],[120.9631154,13.9731841],[120.9631006,13.973203],[120.9630931,13.9732255],[120.9630936,13.9732492],[120.9631021,13.9732714],[120.9631168,13.9732889],[120.9631364,13.973301],[120.963159,13.9733065],[120.9631822,13.9733049],[120.9632036,13.9732963],[120.9632213,13.9732816],[120.9632336,13.9732611],[120.9632384,13.9732379]]]},"properties":{"osm_id":1235497480,"osm_type":"way","seamark_type":"marine_farm","display_class":"OTHER","min_zoom":12,"importance":1,"name":null,"ref":null,"common":{"type":"marine_farm"},"children":{},"osm_tags":{"landuse":"aquaculture","produce":"fish","seamark:type":"marine_farm"}}},{"type":"Feature","geometry":{"type":"Polygon","coordinates":[[[120.9621923,13.9733576],[120.9621889,13.9733341],[120.9621777,13.973313],[120.96216,13.9732967],[120.9621377,13.973287],[120.9621134,13.9732849],[120.9620897,13.9732907],[120.9620693,13.9733038],[120.9620545,13.9733227],[120.9620417,13.97334],[120.9620475,13.9733689],[120.962056,13.9733911],[120.9620707,13.9734086],[120.9620903,13.9734207],[120.9621129,13.9734262],[120.9621361,13.9734246],[120.9621575,13.973416],[120.9621752,13.9734013],[120.9621875,13.9733808],[120.9621923,13.9733576]]]},"properties":{"osm_id":1235497682,"osm_type":"way","seamark_type":"marine_farm","display_class":"OTHER","min_zoom":12,"importance":1,"name":null,"ref":null,"common":{"type":"marine_farm"},"children":{},"osm_tags":{"landuse":"aquaculture","produce":"fish","seamark:type":"marine_farm"}}},{"type":"Feature","geometry":{"type":"Polygon","coordinates":[[[120.9618705,13.9731338],[120.9618671,13.9731103],[120.9618559,13.9730892],[120.9618382,13.9730729],[120.9618159,13.9730632],[120.9617916,13.9730611],[120.9617679,13.9730669],[120.9617475,13.97308],[120.9617327,13.9730989],[120.9617252,13.9731214],[120.9617257,13.9731451],[120.9617342,13.9731673],[120.9617489,13.9731848],[120.9617685,13.9731969],[120.9617911,13.9732024],[120.9618143,13.9732008],[120.9618357,13.9731922],[120.9618534,13.9731775],[120.9618657,13.973157],[120.9618705,13.9731338]]]},"properties":{"osm_id":1235497683,"osm_type":"way","seamark_type":"marine_farm","display_class":"OTHER","min_zoom":12,"importance":1,"name":null,"ref":null,"common":{"type":"marine_farm"},"children":{},"osm_tags":{"landuse":"aquaculture","produce":"fish","seamark:type":"marine_farm"}}},{"type":"Feature","geometry":{"type":"Polygon","coordinates":[[[120.9620314,13.9738417],[120.962028,13.9738182],[120.9620168,13.9737971],[120.9619991,13.9737808],[120.9619768,13.9737711],[120.9619525,13.973769],[120.9619288,13.9737748],[120.9619084,13.9737879],[120.9618936,13.9738068],[120.9618861,13.9738293],[120.9618866,13.973853],[120.9618951,13.9738752],[120.9619098,13.9738927],[120.9619294,13.9739048],[120.961952,13.9739103],[120.9619752,13.9739087],[120.9619966,13.9739001],[120.9620143,13.9738854],[120.9620266,13.9738649],[120.9620314,13.9738417]]]},"properties":{"osm_id":1235497684,"osm_type":"way","seamark_type":"marine_farm","display_class":"OTHER","min_zoom":12,"importance":1,"name":null,"ref":null,"common":{"type":"marine_farm"},"children":{},"osm_tags":{"landuse":"aquaculture","produce":"fish","seamark:type":"marine_farm"}}},{"type":"Feature","geometry":{"type":"Polygon","coordinates":[[[120.9617846,13.9734825],[120.9617812,13.973459],[120.96177,13.9734379],[120.9617523,13.9734216],[120.96173,13.9734119],[120.9617057,13.9734098],[120.961682,13.9734156],[120.9616616,13.9734287],[120.9616468,13.9734476],[120.9616393,13.9734701],[120.9616398,13.9734938],[120.9616483,13.973516],[120.961663,13.9735335],[120.9616826,13.9735456],[120.9617052,13.9735511],[120.9617284,13.9735495],[120.9617498,13.9735409],[120.9617675,13.9735262],[120.9617798,13.9735057],[120.9617846,13.9734825]]]},"properties":{"osm_id":1235497685,"osm_type":"way","seamark_type":"marine_farm","display_class":"OTHER","min_zoom":12,"importance":1,"name":null,"ref":null,"common":{"type":"marine_farm"},"children":{},"osm_tags":{"landuse":"aquaculture","produce":"fish","seamark:type":"marine_farm"}}},{"type":"Feature","geometry":{"type":"Polygon","coordinates":[[[120.9613608,13.973191],[120.9613574,13.9731675],[120.9613462,13.9731464],[120.9613285,13.9731301],[120.9613062,13.9731204],[120.9612819,13.9731183],[120.9612582,13.9731241],[120.9612378,13.9731372],[120.961223,13.9731561],[120.9612155,13.9731786],[120.961216,13.9732023],[120.9612245,13.9732245],[120.9612392,13.973242],[120.9612588,13.9732541],[120.9612814,13.9732596],[120.9613046,13.973258],[120.961326,13.9732494],[120.9613437,13.9732347],[120.961356,13.9732142],[120.9613608,13.973191]]]},"properties":{"osm_id":1235497686,"osm_type":"way","seamark_type":"marine_farm","display_class":"OTHER","min_zoom":12,"importance":1,"name":null,"ref":null,"common":{"type":"marine_farm"},"children":{},"osm_tags":{"landuse":"aquaculture","produce":"fish","seamark:type":"marine_farm"}}},{"type":"Feature","geometry":{"type":"Polygon","coordinates":[[[120.961039,13.9733732],[120.9610356,13.9733497],[120.9610244,13.9733286],[120.9610067,13.9733123],[120.9609844,13.9733026],[120.9609601,13.9733005],[120.9609364,13.9733063],[120.960916,13.9733194],[120.9609012,13.9733383],[120.9608937,13.9733608],[120.9608942,13.9733845],[120.9609027,13.9734067],[120.9609174,13.9734242],[120.960937,13.9734363],[120.9609596,13.9734418],[120.9609828,13.9734402],[120.9610042,13.9734316],[120.9610219,13.9734169],[120.9610342,13.9733964],[120.961039,13.9733732]]]},"properties":{"osm_id":1235497687,"osm_type":"way","seamark_type":"marine_farm","display_class":"OTHER","min_zoom":12,"importance":1,"name":null,"ref":null,"common":{"type":"marine_farm"},"children":{},"osm_tags":{"landuse":"aquaculture","produce":"fish","seamark:type":"marine_farm"}}},{"type":"Feature","geometry":{"type":"Polygon","coordinates":[[[120.9612589,13.9739771],[120.9612555,13.9739536],[120.9612443,13.9739325],[120.9612266,13.9739162],[120.9612043,13.9739065],[120.96118,13.9739044],[120.9611563,13.9739102],[120.9611359,13.9739233],[120.9611211,13.9739422],[120.9611136,13.9739647],[120.9611141,13.9739884],[120.9611226,13.9740106],[120.9611373,13.9740281],[120.9611569,13.9740402],[120.9611795,13.9740457],[120.9612027,13.9740441],[120.9612241,13.9740355],[120.9612418,13.9740208],[120.9612541,13.9740003],[120.9612589,13.9739771]]]},"properties":{"osm_id":1235497688,"osm_type":"way","seamark_type":"marine_farm","display_class":"OTHER","min_zoom":12,"importance":1,"name":null,"ref":null,"common":{"type":"marine_farm"},"children":{},"osm_tags":{"landuse":"aquaculture","produce":"fish","seamark:type":"marine_farm"}}},{"type":"Feature","geometry":{"type":"Polygon","coordinates":[[[120.9606474,13.9739615],[120.960644,13.973938],[120.9606328,13.9739169],[120.9606151,13.9739006],[120.9605928,13.9738909],[120.9605685,13.9738888],[120.9605448,13.9738946],[120.9605244,13.9739077],[120.9605096,13.9739266],[120.9605021,13.9739491],[120.9605026,13.9739728],[120.9605111,13.973995],[120.9605258,13.9740125],[120.9605454,13.9740246],[120.960568,13.9740301],[120.9605912,13.9740285],[120.9606126,13.9740199],[120.9606303,13.9740052],[120.9606426,13.9739847],[120.9606474,13.9739615]]]},"properties":{"osm_id":1235497689,"osm_type":"way","seamark_type":"marine_farm","display_class":"OTHER","min_zoom":12,"importance":1,"name":null,"ref":null,"common":{"type":"marine_farm"},"children":{},"osm_tags":{"landuse":"aquaculture","produce":"fish","seamark:type":"marine_farm"}}},{"type":"Feature","geometry":{"type":"Polygon","coordinates":[[[120.9647822,13.975873],[120.9647788,13.9758495],[120.9647676,13.9758284],[120.9647499,13.9758121],[120.9647276,13.9758024],[120.9647033,13.9758003],[120.9646796,13.9758061],[120.9646592,13.9758192],[120.9646444,13.9758381],[120.9646369,13.9758606],[120.9646374,13.9758843],[120.9646459,13.9759065],[120.9646606,13.975924],[120.9646802,13.9759361],[120.9647028,13.9759416],[120.964726,13.97594],[120.9647474,13.9759314],[120.9647651,13.9759167],[120.9647774,13.9758962],[120.9647822,13.975873]]]},"properties":{"osm_id":1235498435,"osm_type":"way","seamark_type":"marine_farm","display_class":"OTHER","min_zoom":12,"importance":1,"name":null,"ref":null,"common":{"type":"marine_farm"},"children":{},"osm_tags":{"landuse":"aquaculture","produce":"fish","seamark:type":"marine_farm"}}},{"type":"Feature","geometry":{"type":"Polygon","coordinates":[[[120.9639565,13.9761589],[120.9639531,13.9761354],[120.9639419,13.9761143],[120.9639242,13.976098],[120.9639019,13.9760883],[120.9638776,13.9760862],[120.9638539,13.976092],[120.9638335,13.9761051],[120.9638187,13.976124],[120.9638112,13.9761465],[120.9638117,13.9761702],[120.9638202,13.9761924],[120.9638349,13.9762099],[120.9638545,13.976222],[120.9638771,13.9762275],[120.9639003,13.9762259],[120.9639217,13.9762173],[120.9639394,13.9762026],[120.9639517,13.9761821],[120.9639565,13.9761589]]]},"properties":{"osm_id":1235498436,"osm_type":"way","seamark_type":"marine_farm","display_class":"OTHER","min_zoom":12,"importance":1,"name":null,"ref":null,"common":{"type":"marine_farm"},"children":{},"osm_tags":{"landuse":"aquaculture","produce":"fish","seamark:type":"marine_farm"}}},{"type":"Feature","geometry":{"type":"Polygon","coordinates":[[[120.9633993,13.9765226],[120.9633959,13.9764991],[120.9633847,13.976478],[120.963367,13.9764617],[120.9633447,13.976452],[120.9633204,13.9764499],[120.9632967,13.9764557],[120.9632763,13.9764688],[120.9632615,13.9764877],[120.963254,13.9765102],[120.9632545,13.9765339],[120.963263,13.9765561],[120.9632777,13.9765736],[120.9632973,13.9765857],[120.9633199,13.9765912],[120.9633431,13.9765896],[120.9633645,13.976581],[120.9633822,13.9765663],[120.9633945,13.9765458],[120.9633993,13.9765226]]]},"properties":{"osm_id":1235498437,"osm_type":"way","seamark_type":"marine_farm","display_class":"OTHER","min_zoom":12,"importance":1,"name":null,"ref":null,"common":{"type":"marine_farm"},"children":{},"osm_tags":{"landuse":"aquaculture","produce":"fish","seamark:type":"marine_farm"}}},{"type":"Feature","geometry":{"type":"Polygon","coordinates":[[[120.9632169,13.9767309],[120.9632135,13.9767074],[120.9632023,13.9766863],[120.9631846,13.97667],[120.9631623,13.9766603],[120.963138,13.9766582],[120.9631143,13.976664],[120.9630939,13.9766771],[120.9630791,13.976696],[120.9630716,13.9767185],[120.9630721,13.9767422],[120.9630806,13.9767644],[120.9630953,13.9767819],[120.9631149,13.976794],[120.9631375,13.9767995],[120.9631607,13.9767979],[120.9631821,13.9767893],[120.9631998,13.9767746],[120.9632121,13.9767541],[120.9632169,13.9767309]]]},"properties":{"osm_id":1235498438,"osm_type":"way","seamark_type":"marine_farm","display_class":"OTHER","min_zoom":12,"importance":1,"name":null,"ref":null,"common":{"type":"marine_farm"},"children":{},"osm_tags":{"landuse":"aquaculture","produce":"fish","seamark:type":"marine_farm"}}},{"type":"Feature","geometry":{"type":"Polygon","coordinates":[[[120.963975,13.9750074],[120.9639716,13.9749839],[120.9639604,13.9749628],[120.9639427,13.9749465],[120.9639204,13.9749368],[120.9638961,13.9749347],[120.9638724,13.9749405],[120.963852,13.9749536],[120.9638372,13.9749725],[120.9638297,13.974995],[120.9638302,13.9750187],[120.9638387,13.9750409],[120.9638534,13.9750584],[120.963873,13.9750705],[120.9638956,13.975076],[120.9639188,13.9750744],[120.9639402,13.9750658],[120.9639579,13.9750511],[120.9639702,13.9750306],[120.963975,13.9750074]]]},"properties":{"osm_id":1235498439,"osm_type":"way","seamark_type":"marine_farm","display_class":"OTHER","min_zoom":12,"importance":1,"name":null,"ref":null,"common":{"type":"marine_farm"},"children":{},"osm_tags":{"landuse":"aquaculture","produce":"fish","seamark:type":"marine_farm"}}},{"type":"Feature","geometry":{"type":"Polygon","coordinates":[[[120.9628682,13.9757626],[120.9628648,13.9757391],[120.9628536,13.975718],[120.9628359,13.9757017],[120.9628136,13.975692],[120.9627893,13.9756899],[120.9627656,13.9756957],[120.9627452,13.9757088],[120.9627304,13.9757277],[120.9627229,13.9757502],[120.9627234,13.9757739],[120.9627319,13.9757961],[120.9627466,13.9758136],[120.9627662,13.9758257],[120.9627888,13.9758312],[120.962812,13.9758296],[120.9628334,13.975821],[120.9628511,13.9758063],[120.9628634,13.9757858],[120.9628682,13.9757626]]]},"properties":{"osm_id":1235498440,"osm_type":"way","seamark_type":"marine_farm","display_class":"OTHER","min_zoom":12,"importance":1,"name":null,"ref":null,"common":{"type":"marine_farm"},"children":{},"osm_tags":{"landuse":"aquaculture","produce":"fish","seamark:type":"marine_farm"}}},{"type":"Feature","geometry":{"type":"Polygon","coordinates":[[[120.9626912,13.9758563],[120.9626878,13.9758328],[120.9626766,13.9758117],[120.9626589,13.9757954],[120.9626222,13.9757826],[120.9625886,13.9757894],[120.9625682,13.9758025],[120.9625534,13.9758214],[120.9625459,13.9758439],[120.9625464,13.9758676],[120.9625549,13.9758898],[120.9625696,13.9759073],[120.9625892,13.9759194],[120.9626118,13.9759249],[120.962635,13.9759233],[120.9626564,13.9759147],[120.9626741,13.9759],[120.9626864,13.9758795],[120.9626912,13.9758563]]]},"properties":{"osm_id":1235498441,"osm_type":"way","seamark_type":"marine_farm","display_class":"OTHER","min_zoom":12,"importance":1,"name":null,"ref":null,"common":{"type":"marine_farm"},"children":{},"osm_tags":{"landuse":"aquaculture","produce":"fish","seamark:type":"marine_farm"}}},{"type":"Feature","geometry":{"type":"Polygon","coordinates":[[[120.9625196,13.9748308],[120.9625162,13.9748073],[120.962505,13.9747862],[120.9624873,13.9747699],[120.962465,13.9747602],[120.9624407,13.9747581],[120.962417,13.9747639],[120.9623966,13.974777],[120.9623818,13.9747959],[120.9623743,13.9748184],[120.9623748,13.9748421],[120.9623833,13.9748643],[120.962398,13.9748818],[120.9624176,13.9748939],[120.9624402,13.9748994],[120.9624634,13.9748978],[120.9624848,13.9748892],[120.9625025,13.9748745],[120.9625148,13.974854],[120.9625196,13.9748308]]]},"properties":{"osm_id":1235498442,"osm_type":"way","seamark_type":"marine_farm","display_class":"OTHER","min_zoom":12,"importance":1,"name":null,"ref":null,"common":{"type":"marine_farm"},"children":{},"osm_tags":{"landuse":"aquaculture","produce":"fish","seamark:type":"marine_farm"}}},{"type":"Feature","geometry":{"type":"Polygon","coordinates":[[[120.9623425,13.9749453],[120.9623391,13.9749218],[120.9623279,13.9749007],[120.9623102,13.9748844],[120.9622879,13.9748747],[120.9622636,13.9748726],[120.9622399,13.9748784],[120.9622195,13.9748915],[120.9622047,13.9749104],[120.9621972,13.9749329],[120.9621977,13.9749566],[120.9622062,13.9749788],[120.9622209,13.9749963],[120.9622405,13.9750084],[120.9622631,13.9750139],[120.9622863,13.9750123],[120.9623077,13.9750037],[120.9623254,13.974989],[120.9623377,13.9749685],[120.9623425,13.9749453]]]},"properties":{"osm_id":1235498443,"osm_type":"way","seamark_type":"marine_farm","display_class":"OTHER","min_zoom":12,"importance":1,"name":null,"ref":null,"common":{"type":"marine_farm"},"children":{},"osm_tags":{"landuse":"aquaculture","produce":"fish","seamark:type":"marine_farm"}}},{"type":"Feature","geometry":{"type":"Polygon","coordinates":[[[120.9623103,13.9742374],[120.9623069,13.9742139],[120.9622957,13.9741928],[120.962278,13.9741765],[120.9622557,13.9741668],[120.9622314,13.9741647],[120.9622077,13.9741705],[120.9621873,13.9741836],[120.9621725,13.9742025],[120.962165,13.974225],[120.9621655,13.9742487],[120.962174,13.9742709],[120.9621887,13.9742884],[120.9622083,13.9743005],[120.9622309,13.974306],[120.9622541,13.9743044],[120.9622755,13.9742958],[120.9622932,13.9742811],[120.9623055,13.9742606],[120.9623103,13.9742374]]]},"properties":{"osm_id":1235498444,"osm_type":"way","seamark_type":"marine_farm","display_class":"OTHER","min_zoom":12,"importance":1,"name":null,"ref":null,"common":{"type":"marine_farm"},"children":{},"osm_tags":{"landuse":"aquaculture","produce":"fish","seamark:type":"marine_farm"}}},{"type":"Feature","geometry":{"type":"Polygon","coordinates":[[[120.9623329,13.9760437],[120.9622687,13.9761145],[120.9623383,13.9761741],[120.9624058,13.9761027],[120.9623329,13.9760437]]]},"properties":{"osm_id":1235498445,"osm_type":"way","seamark_type":"marine_farm","display_class":"OTHER","min_zoom":12,"importance":1,"name":null,"ref":null,"common":{"type":"marine_farm"},"children":{},"osm_tags":{"aquaculture":"fish","landuse":"aquaculture","seamark:type":"marine_farm"}}},{"type":"Feature","geometry":{"type":"Polygon","coordinates":[[[120.9622494,13.9761362],[120.9621929,13.9762128],[120.9622684,13.9762654],[120.962328,13.9761876],[120.9622494,13.9761362]]]},"properties":{"osm_id":1235498446,"osm_type":"way","seamark_type":"marine_farm","display_class":"OTHER","min_zoom":12,"importance":1,"name":null,"ref":null,"common":{"type":"marine_farm"},"children":{},"osm_tags":{"aquaculture":"fish","landuse":"aquaculture","seamark:type":"marine_farm"}}},{"type":"Feature","geometry":{"type":"Polygon","coordinates":[[[120.9621775,13.9762166],[120.9621222,13.976294],[120.9621985,13.9763455],[120.9622569,13.9762669],[120.9621775,13.9762166]]]},"properties":{"osm_id":1235498447,"osm_type":"way","seamark_type":"marine_farm","display_class":"OTHER","min_zoom":12,"importance":1,"name":null,"ref":null,"common":{"type":"marine_farm"},"children":{},"osm_tags":{"aquaculture":"fish","landuse":"aquaculture","seamark:type":"marine_farm"}}},{"type":"Feature","geometry":{"type":"Polygon","coordinates":[[[120.9626758,13.9757842],[120.9626778,13.975721],[120.9626242,13.9757194],[120.9626222,13.9757826],[120.9626758,13.9757842]]]},"properties":{"osm_id":1235498448,"osm_type":"way","seamark_type":"marine_farm","display_class":"OTHER","min_zoom":12,"importance":1,"name":null,"ref":null,"common":{"type":"marine_farm"},"children":{},"osm_tags":{"aquaculture":"fish","landuse":"aquaculture","seamark:type":"marine_farm"}}},{"type":"Feature","geometry":{"type":"Polygon","coordinates":[[[120.9627121,13.9757892],[120.9627141,13.9757261],[120.9626778,13.975721],[120.9626758,13.9757842],[120.9627121,13.9757892]]]},"properties":{"osm_id":1235498449,"osm_type":"way","seamark_type":"marine_farm","display_class":"OTHER","min_zoom":12,"importance":1,"name":null,"ref":null,"common":{"type":"marine_farm"},"children":{},"osm_tags":{"aquaculture":"fish","landuse":"aquaculture","seamark:type":"marine_farm"}}},{"type":"Feature","geometry":{"type":"Polygon","coordinates":[[[120.9632153,13.9766712],[120.963279,13.9766036],[120.9632487,13.9765869],[120.9631845,13.97664],[120.9632153,13.9766712]]]},"properties":{"osm_id":1235498450,"osm_type":"way","seamark_type":"marine_farm","display_class":"OTHER","min_zoom":12,"importance":1,"name":null,"ref":null,"common":{"type":"marine_farm"},"children":{},"osm_tags":{"aquaculture":"fish","landuse":"aquaculture","seamark:type":"marine_farm"}}},{"type":"Feature","geometry":{"type":"Polygon","coordinates":[[[120.9616888,13.9741487],[120.9616854,13.9741252],[120.9616742,13.9741041],[120.9616565,13.9740878],[120.9616342,13.9740781],[120.9616099,13.974076],[120.9615862,13.9740818],[120.9615658,13.9740949],[120.961551,13.9741138],[120.9615435,13.9741363],[120.961544,13.97416],[120.9615525,13.9741822],[120.9615672,13.9741997],[120.9615868,13.9742118],[120.9616094,13.9742173],[120.9616326,13.9742157],[120.961654,13.9742071],[120.9616717,13.9741924],[120.961684,13.9741719],[120.9616888,13.9741487]]]},"properties":{"osm_id":1235500000,"osm_type":"way","seamark_type":"marine_farm","display_class":"OTHER","min_zoom":12,"importance":1,"name":null,"ref":null,"common":{"type":"marine_farm"},"children":{},"osm_tags":{"landuse":"aquaculture","produce":"fish","seamark:type":"marine_farm"}}},{"type":"Feature","geometry":{"type":"Polygon","coordinates":[[[120.9621252,13.9743704],[120.9621218,13.9743469],[120.9621106,13.9743258],[120.9620929,13.9743095],[120.9620706,13.9742998],[120.9620463,13.9742977],[120.9620226,13.9743035],[120.9620022,13.9743166],[120.9619874,13.9743355],[120.9619799,13.974358],[120.9619804,13.9743817],[120.9619889,13.9744039],[120.9620036,13.9744214],[120.9620232,13.9744335],[120.9620458,13.974439],[120.962069,13.9744374],[120.9620904,13.9744288],[120.9621081,13.9744141],[120.9621204,13.9743936],[120.9621252,13.9743704]]]},"properties":{"osm_id":1235500001,"osm_type":"way","seamark_type":"marine_farm","display_class":"OTHER","min_zoom":12,"importance":1,"name":null,"ref":null,"common":{"type":"marine_farm"},"children":{},"osm_tags":{"landuse":"aquaculture","produce":"fish","seamark:type":"marine_farm"}}},{"type":"Feature","geometry":{"type":"Polygon","coordinates":[[[120.9619904,13.9745279],[120.961987,13.9745044],[120.9619758,13.9744833],[120.9619581,13.974467],[120.9619358,13.9744573],[120.9619115,13.9744552],[120.9618878,13.974461],[120.9618674,13.9744741],[120.9618526,13.974493],[120.9618451,13.9745155],[120.9618456,13.9745392],[120.9618541,13.9745614],[120.9618688,13.9745789],[120.9618884,13.974591],[120.961911,13.9745965],[120.9619342,13.9745949],[120.9619556,13.9745863],[120.9619733,13.9745716],[120.9619856,13.9745511],[120.9619904,13.9745279]]]},"properties":{"osm_id":1235500002,"osm_type":"way","seamark_type":"marine_farm","display_class":"OTHER","min_zoom":12,"importance":1,"name":null,"ref":null,"common":{"type":"marine_farm"},"children":{},"osm_tags":{"landuse":"aquaculture","produce":"fish","seamark:type":"marine_farm"}}},{"type":"Feature","geometry":{"type":"Polygon","coordinates":[[[120.9618487,13.9746764],[120.9618453,13.9746529],[120.9618341,13.9746318],[120.9618164,13.9746155],[120.9617941,13.9746058],[120.9617698,13.9746037],[120.9617461,13.9746095],[120.9617257,13.9746226],[120.9617109,13.9746415],[120.9617034,13.974664],[120.9617039,13.9746877],[120.9617124,13.9747099],[120.9617271,13.9747274],[120.9617467,13.9747395],[120.9617693,13.974745],[120.9617925,13.9747434],[120.9618139,13.9747348],[120.9618316,13.9747201],[120.9618439,13.9746996],[120.9618487,13.9746764]]]},"properties":{"osm_id":1235500003,"osm_type":"way","seamark_type":"marine_farm","display_class":"OTHER","min_zoom":12,"importance":1,"name":null,"ref":null,"common":{"type":"marine_farm"},"children":{},"osm_tags":{"landuse":"aquaculture","produce":"fish","seamark:type":"marine_farm"}}},{"type":"Feature","geometry":{"type":"Polygon","coordinates":[[[120.9611564,13.9745212],[120.961153,13.9744977],[120.9611418,13.9744766],[120.9611241,13.9744603],[120.9611018,13.9744506],[120.9610775,13.9744485],[120.9610538,13.9744543],[120.9610334,13.9744674],[120.9610186,13.9744863],[120.9610111,13.9745088],[120.9610116,13.9745325],[120.9610201,13.9745547],[120.9610348,13.9745722],[120.9610544,13.9745843],[120.961077,13.9745898],[120.9611002,13.9745882],[120.9611216,13.9745796],[120.9611393,13.9745649],[120.9611516,13.9745444],[120.9611564,13.9745212]]]},"properties":{"osm_id":1235500004,"osm_type":"way","seamark_type":"marine_farm","display_class":"OTHER","min_zoom":12,"importance":1,"name":null,"ref":null,"common":{"type":"marine_farm"},"children":{},"osm_tags":{"landuse":"aquaculture","produce":"fish","seamark:type":"marine_farm"}}},{"type":"Feature","geometry":{"type":"Polygon","coordinates":[[[120.9608227,13.9744126],[120.9608193,13.9743891],[120.9608081,13.974368],[120.9607904,13.9743517],[120.9607681,13.974342],[120.9607438,13.9743399],[120.9607201,13.9743457],[120.9606997,13.9743588],[120.9606849,13.9743777],[120.9606774,13.9744002],[120.9606779,13.9744239],[120.9606864,13.9744461],[120.9607011,13.9744636],[120.9607207,13.9744757],[120.9607433,13.9744812],[120.9607665,13.9744796],[120.9607879,13.974471],[120.9608056,13.9744563],[120.9608179,13.9744358],[120.9608227,13.9744126]]]},"properties":{"osm_id":1235500005,"osm_type":"way","seamark_type":"marine_farm","display_class":"OTHER","min_zoom":12,"importance":1,"name":null,"ref":null,"common":{"type":"marine_farm"},"children":{},"osm_tags":{"landuse":"aquaculture","produce":"fish","seamark:type":"marine_farm"}}},{"type":"Feature","geometry":{"type":"Polygon","coordinates":[[[120.9621618,13.9750645],[120.9621584,13.975041],[120.9621472,13.9750199],[120.9621295,13.9750036],[120.9621072,13.9749939],[120.9620829,13.9749918],[120.9620592,13.9749976],[120.9620388,13.9750107],[120.962024,13.9750296],[120.9620165,13.9750521],[120.962017,13.9750758],[120.9620255,13.975098],[120.9620402,13.9751155],[120.9620598,13.9751276],[120.9620824,13.9751331],[120.9621056,13.9751315],[120.962127,13.9751229],[120.9621447,13.9751082],[120.962157,13.9750877],[120.9621618,13.9750645]]]},"properties":{"osm_id":1235500006,"osm_type":"way","seamark_type":"marine_farm","display_class":"OTHER","min_zoom":12,"importance":1,"name":null,"ref":null,"common":{"type":"marine_farm"},"children":{},"osm_tags":{"landuse":"aquaculture","produce":"fish","seamark:type":"marine_farm"}}},{"type":"Feature","geometry":{"type":"Polygon","coordinates":[[[120.9620201,13.975202],[120.9620167,13.9751785],[120.9620055,13.9751574],[120.9619878,13.9751411],[120.9619655,13.9751314],[120.9619412,13.9751293],[120.9619175,13.9751351],[120.9618971,13.9751482],[120.9618823,13.9751671],[120.9618748,13.9751896],[120.9618753,13.9752133],[120.9618838,13.9752355],[120.9618985,13.975253],[120.9619181,13.9752651],[120.9619407,13.9752706],[120.9619639,13.975269],[120.9619853,13.9752604],[120.962003,13.9752457],[120.9620153,13.9752252],[120.9620201,13.975202]]]},"properties":{"osm_id":1235500007,"osm_type":"way","seamark_type":"marine_farm","display_class":"OTHER","min_zoom":12,"importance":1,"name":null,"ref":null,"common":{"type":"marine_farm"},"children":{},"osm_tags":{"landuse":"aquaculture","produce":"fish","seamark:type":"marine_farm"}}},{"type":"Feature","geometry":{"type":"Polygon","coordinates":[[[120.961835,13.9752884],[120.9618316,13.9752649],[120.9618204,13.9752438],[120.9618027,13.9752275],[120.9617804,13.9752178],[120.9617561,13.9752157],[120.9617324,13.9752215],[120.961712,13.9752346],[120.9616972,13.9752535],[120.9616897,13.975276],[120.9616902,13.9752997],[120.9616987,13.9753219],[120.9617134,13.9753394],[120.961733,13.9753515],[120.9617556,13.975357],[120.9617788,13.9753554],[120.9618002,13.9753468],[120.9618179,13.9753321],[120.9618302,13.9753116],[120.961835,13.9752884]]]},"properties":{"osm_id":1235500008,"osm_type":"way","seamark_type":"marine_farm","display_class":"OTHER","min_zoom":12,"importance":1,"name":null,"ref":null,"common":{"type":"marine_farm"},"children":{},"osm_tags":{"landuse":"aquaculture","produce":"fish","seamark:type":"marine_farm"}}},{"type":"Feature","geometry":{"type":"Polygon","coordinates":[[[120.962004,13.9748996],[120.9619411,13.9749658],[120.9620094,13.9750268],[120.9620722,13.9749606],[120.962004,13.9748996]]]},"properties":{"osm_id":1235500009,"osm_type":"way","seamark_type":"marine_farm","display_class":"OTHER","min_zoom":12,"importance":1,"name":null,"ref":null,"common":{"type":"marine_farm"},"children":{},"osm_tags":{"aquaculture":"fish","landuse":"aquaculture","seamark:type":"marine_farm"}}},{"type":"Feature","geometry":{"type":"Polygon","coordinates":[[[120.9615241,13.9748952],[120.9614613,13.9749614],[120.9615295,13.9750224],[120.9615923,13.9749562],[120.9615241,13.9748952]]]},"properties":{"osm_id":1235500010,"osm_type":"way","seamark_type":"marine_farm","display_class":"OTHER","min_zoom":12,"importance":1,"name":null,"ref":null,"common":{"type":"marine_farm"},"children":{},"osm_tags":{"aquaculture":"fish","landuse":"aquaculture","seamark:type":"marine_farm"}}},{"type":"Feature","geometry":{"type":"Polygon","coordinates":[[[120.9614533,13.9749617],[120.9613904,13.9750279],[120.9614587,13.9750889],[120.9615215,13.9750227],[120.9614533,13.9749617]]]},"properties":{"osm_id":1235500011,"osm_type":"way","seamark_type":"marine_farm","display_class":"OTHER","min_zoom":12,"importance":1,"name":null,"ref":null,"common":{"type":"marine_farm"},"children":{},"osm_tags":{"aquaculture":"fish","landuse":"aquaculture","seamark:type":"marine_farm"}}},{"type":"Feature","geometry":{"type":"Polygon","coordinates":[[[120.9613847,13.975046],[120.9613219,13.9751122],[120.9613901,13.9751732],[120.9614529,13.9751069],[120.9613847,13.975046]]]},"properties":{"osm_id":1235500012,"osm_type":"way","seamark_type":"marine_farm","display_class":"OTHER","min_zoom":12,"importance":1,"name":null,"ref":null,"common":{"type":"marine_farm"},"children":{},"osm_tags":{"aquaculture":"fish","landuse":"aquaculture","seamark:type":"marine_farm"}}},{"type":"Feature","geometry":{"type":"Polygon","coordinates":[[[120.9613047,13.9751258],[120.9612419,13.975192],[120.9613101,13.975253],[120.961373,13.9751868],[120.9613047,13.9751258]]]},"properties":{"osm_id":1235500013,"osm_type":"way","seamark_type":"marine_farm","display_class":"OTHER","min_zoom":12,"importance":1,"name":null,"ref":null,"common":{"type":"marine_farm"},"children":{},"osm_tags":{"aquaculture":"fish","landuse":"aquaculture","seamark:type":"marine_farm"}}},{"type":"Feature","geometry":{"type":"Polygon","coordinates":[[[120.9614058,13.976102],[120.9613316,13.9761561],[120.9613873,13.9762281],[120.9614615,13.976174],[120.9614058,13.976102]]]},"properties":{"osm_id":1235500014,"osm_type":"way","seamark_type":"marine_farm","display_class":"OTHER","min_zoom":12,"importance":1,"name":null,"ref":null,"common":{"type":"marine_farm"},"children":{},"osm_tags":{"aquaculture":"fish","landuse":"aquaculture","seamark:type":"marine_farm"}}},{"type":"Feature","geometry":{"type":"Polygon","coordinates":[[[120.9613205,13.9761862],[120.961247,13.9762411],[120.9613035,13.9763124],[120.961377,13.9762575],[120.9613205,13.9761862]]]},"properties":{"osm_id":1235500015,"osm_type":"way","seamark_type":"marine_farm","display_class":"OTHER","min_zoom":12,"importance":1,"name":null,"ref":null,"common":{"type":"marine_farm"},"children":{},"osm_tags":{"aquaculture":"fish","landuse":"aquaculture","seamark:type":"marine_farm"}}},{"type":"Feature","geometry":{"type":"Polygon","coordinates":[[[120.9611339,13.9763542],[120.9610682,13.9764177],[120.9611336,13.9764815],[120.9611994,13.976418],[120.9611339,13.9763542]]]},"properties":{"osm_id":1235500016,"osm_type":"way","seamark_type":"marine_farm","display_class":"OTHER","min_zoom":12,"importance":1,"name":null,"ref":null,"common":{"type":"marine_farm"},"children":{},"osm_tags":{"aquaculture":"fish","landuse":"aquaculture","seamark:type":"marine_farm"}}},{"type":"Feature","geometry":{"type":"Polygon","coordinates":[[[120.9610356,13.9764318],[120.9609677,13.9764931],[120.9610309,13.976559],[120.9610988,13.9764977],[120.9610356,13.9764318]]]},"properties":{"osm_id":1235500017,"osm_type":"way","seamark_type":"marine_farm","display_class":"OTHER","min_zoom":12,"importance":1,"name":null,"ref":null,"common":{"type":"marine_farm"},"children":{},"osm_tags":{"aquaculture":"fish","landuse":"aquaculture","seamark:type":"marine_farm"}}},{"type":"Feature","geometry":{"type":"Polygon","coordinates":[[[120.9608639,13.9759728],[120.9607963,13.9760344],[120.9608598,13.9761001],[120.9609274,13.9760384],[120.9608639,13.9759728]]]},"properties":{"osm_id":1235500018,"osm_type":"way","seamark_type":"marine_farm","display_class":"OTHER","min_zoom":12,"importance":1,"name":null,"ref":null,"common":{"type":"marine_farm"},"children":{},"osm_tags":{"aquaculture":"fish","landuse":"aquaculture","seamark:type":"marine_farm"}}},{"type":"Feature","geometry":{"type":"Polygon","coordinates":[[[120.9607758,13.9760504],[120.9607117,13.9761155],[120.9607788,13.9761777],[120.9608429,13.9761126],[120.9607758,13.9760504]]]},"properties":{"osm_id":1235500019,"osm_type":"way","seamark_type":"marine_farm","display_class":"OTHER","min_zoom":12,"importance":1,"name":null,"ref":null,"common":{"type":"marine_farm"},"children":{},"osm_tags":{"aquaculture":"fish","landuse":"aquaculture","seamark:type":"marine_farm"}}},{"type":"Feature","geometry":{"type":"Polygon","coordinates":[[[120.960692,13.9761504],[120.960632,13.976219],[120.9607027,13.9762773],[120.9607627,13.9762086],[120.960692,13.9761504]]]},"properties":{"osm_id":1235500020,"osm_type":"way","seamark_type":"marine_farm","display_class":"OTHER","min_zoom":12,"importance":1,"name":null,"ref":null,"common":{"type":"marine_farm"},"children":{},"osm_tags":{"aquaculture":"fish","landuse":"aquaculture","seamark:type":"marine_farm"}}},{"type":"Feature","geometry":{"type":"Polygon","coordinates":[[[120.9608888,13.9755736],[120.9608237,13.9756377],[120.9608897,13.975701],[120.9609549,13.9756369],[120.9608888,13.9755736]]]},"properties":{"osm_id":1235500021,"osm_type":"way","seamark_type":"marine_farm","display_class":"OTHER","min_zoom":12,"importance":1,"name":null,"ref":null,"common":{"type":"marine_farm"},"children":{},"osm_tags":{"aquaculture":"fish","landuse":"aquaculture","seamark:type":"marine_farm"}}},{"type":"Feature","geometry":{"type":"Polygon","coordinates":[[[120.9608168,13.9756446],[120.9607506,13.9757076],[120.9608155,13.9757719],[120.9608817,13.9757089],[120.9608168,13.9756446]]]},"properties":{"osm_id":1235500022,"osm_type":"way","seamark_type":"marine_farm","display_class":"OTHER","min_zoom":12,"importance":1,"name":null,"ref":null,"common":{"type":"marine_farm"},"children":{},"osm_tags":{"aquaculture":"fish","landuse":"aquaculture","seamark:type":"marine_farm"}}},{"type":"Feature","geometry":{"type":"Polygon","coordinates":[[[120.960729,13.9757333],[120.9606661,13.9757995],[120.9607342,13.9758606],[120.9607971,13.9757944],[120.960729,13.9757333]]]},"properties":{"osm_id":1235500023,"osm_type":"way","seamark_type":"marine_farm","display_class":"OTHER","min_zoom":12,"importance":1,"name":null,"ref":null,"common":{"type":"marine_farm"},"children":{},"osm_tags":{"aquaculture":"fish","landuse":"aquaculture","seamark:type":"marine_farm"}}},{"type":"Feature","geometry":{"type":"Polygon","coordinates":[[[120.960526,13.9763437],[120.9604519,13.9763978],[120.9605076,13.9764698],[120.9605818,13.9764157],[120.960526,13.9763437]]]},"properties":{"osm_id":1235500024,"osm_type":"way","seamark_type":"marine_farm","display_class":"OTHER","min_zoom":12,"importance":1,"name":null,"ref":null,"common":{"type":"marine_farm"},"children":{},"osm_tags":{"aquaculture":"fish","landuse":"aquaculture","seamark:type":"marine_farm"}}},{"type":"Feature","geometry":{"type":"Polygon","coordinates":[[[120.9604186,13.9764147],[120.9603445,13.9764687],[120.9604002,13.9765407],[120.9604744,13.9764866],[120.9604186,13.9764147]]]},"properties":{"osm_id":1235500025,"osm_type":"way","seamark_type":"marine_farm","display_class":"OTHER","min_zoom":12,"importance":1,"name":null,"ref":null,"common":{"type":"marine_farm"},"children":{},"osm_tags":{"aquaculture":"fish","landuse":"aquaculture","seamark:type":"marine_farm"}}},{"type":"Feature","geometry":{"type":"Polygon","coordinates":[[[120.960309,13.9764768],[120.9602348,13.9765308],[120.9602905,13.9766028],[120.9603647,13.9765487],[120.960309,13.9764768]]]},"properties":{"osm_id":1235500026,"osm_type":"way","seamark_type":"marine_farm","display_class":"OTHER","min_zoom":12,"importance":1,"name":null,"ref":null,"common":{"type":"marine_farm"},"children":{},"osm_tags":{"aquaculture":"fish","landuse":"aquaculture","seamark:type":"marine_farm"}}},{"type":"Feature","geometry":{"type":"Polygon","coordinates":[[[120.9601082,13.9766294],[120.9600494,13.976699],[120.9601211,13.9767561],[120.9601799,13.9766865],[120.9601082,13.9766294]]]},"properties":{"osm_id":1235500027,"osm_type":"way","seamark_type":"marine_farm","display_class":"OTHER","min_zoom":12,"importance":1,"name":null,"ref":null,"common":{"type":"marine_farm"},"children":{},"osm_tags":{"aquaculture":"fish","landuse":"aquaculture","seamark:type":"marine_farm"}}},{"type":"Feature","geometry":{"type":"Polygon","coordinates":[[[120.9599982,13.9763459],[120.959924,13.9764],[120.9599798,13.976472],[120.9600539,13.9764179],[120.9599982,13.9763459]]]},"properties":{"osm_id":1235500028,"osm_type":"way","seamark_type":"marine_farm","display_class":"OTHER","min_zoom":12,"importance":1,"name":null,"ref":null,"common":{"type":"marine_farm"},"children":{},"osm_tags":{"aquaculture":"fish","landuse":"aquaculture","seamark:type":"marine_farm"}}},{"type":"Feature","geometry":{"type":"Polygon","coordinates":[[[120.9598999,13.9764102],[120.9598258,13.9764643],[120.9598815,13.9765363],[120.9599557,13.9764822],[120.9598999,13.9764102]]]},"properties":{"osm_id":1235500029,"osm_type":"way","seamark_type":"marine_farm","display_class":"OTHER","min_zoom":12,"importance":1,"name":null,"ref":null,"common":{"type":"marine_farm"},"children":{},"osm_tags":{"aquaculture":"fish","landuse":"aquaculture","seamark:type":"marine_farm"}}},{"type":"Feature","geometry":{"type":"Polygon","coordinates":[[[120.9598221,13.9764896],[120.9597522,13.9765487],[120.959813,13.9766166],[120.959883,13.9765575],[120.9598221,13.9764896]]]},"properties":{"osm_id":1235500030,"osm_type":"way","seamark_type":"marine_farm","display_class":"OTHER","min_zoom":12,"importance":1,"name":null,"ref":null,"common":{"type":"marine_farm"},"children":{},"osm_tags":{"aquaculture":"fish","landuse":"aquaculture","seamark:type":"marine_farm"}}},{"type":"Feature","geometry":{"type":"Polygon","coordinates":[[[120.9600299,13.9767033],[120.959977,13.9767773],[120.9600532,13.9768286],[120.9601061,13.9767547],[120.9600299,13.9767033]]]},"properties":{"osm_id":1235500031,"osm_type":"way","seamark_type":"marine_farm","display_class":"OTHER","min_zoom":12,"importance":1,"name":null,"ref":null,"common":{"type":"marine_farm"},"children":{},"osm_tags":{"aquaculture":"fish","landuse":"aquaculture","seamark:type":"marine_farm"}}},{"type":"Feature","geometry":{"type":"Polygon","coordinates":[[[120.9606948,13.9751864],[120.9606914,13.9751629],[120.9606802,13.9751418],[120.9606625,13.9751255],[120.9606402,13.9751158],[120.9606159,13.9751137],[120.9605922,13.9751195],[120.9605718,13.9751326],[120.960557,13.9751515],[120.9605495,13.975174],[120.96055,13.9751977],[120.9605585,13.9752199],[120.9605732,13.9752374],[120.9605928,13.9752495],[120.9606154,13.975255],[120.9606386,13.9752534],[120.96066,13.9752448],[120.9606777,13.9752301],[120.96069,13.9752096],[120.9606948,13.9751864]]]},"properties":{"osm_id":1235500032,"osm_type":"way","seamark_type":"marine_farm","display_class":"OTHER","min_zoom":12,"importance":1,"name":null,"ref":null,"common":{"type":"marine_farm"},"children":{},"osm_tags":{"landuse":"aquaculture","produce":"fish","seamark:type":"marine_farm"}}},{"type":"Feature","geometry":{"type":"Polygon","coordinates":[[[120.9603977,13.9749159],[120.9603943,13.9748924],[120.9603831,13.9748713],[120.9603654,13.974855],[120.9603431,13.9748453],[120.9603188,13.9748432],[120.9602951,13.974849],[120.9602747,13.9748621],[120.9602599,13.974881],[120.9602524,13.9749035],[120.9602529,13.9749272],[120.9602614,13.9749494],[120.9602761,13.9749669],[120.9602957,13.974979],[120.9603183,13.9749845],[120.9603415,13.9749829],[120.9603629,13.9749743],[120.9603806,13.9749596],[120.9603929,13.9749391],[120.9603977,13.9749159]]]},"properties":{"osm_id":1235500033,"osm_type":"way","seamark_type":"marine_farm","display_class":"OTHER","min_zoom":12,"importance":1,"name":null,"ref":null,"common":{"type":"marine_farm"},"children":{},"osm_tags":{"landuse":"aquaculture","produce":"fish","seamark:type":"marine_farm"}}},{"type":"Feature","geometry":{"type":"Polygon","coordinates":[[[120.960071,13.9745234],[120.9600676,13.9744999],[120.9600564,13.9744788],[120.9600387,13.9744625],[120.9600164,13.9744528],[120.9599921,13.9744507],[120.9599684,13.9744565],[120.959948,13.9744696],[120.9599332,13.9744885],[120.9599257,13.974511],[120.9599262,13.9745347],[120.9599347,13.9745569],[120.9599494,13.9745744],[120.959969,13.9745865],[120.9599916,13.974592],[120.9600148,13.9745904],[120.9600362,13.9745818],[120.9600539,13.9745671],[120.9600662,13.9745466],[120.960071,13.9745234]]]},"properties":{"osm_id":1235500034,"osm_type":"way","seamark_type":"marine_farm","display_class":"OTHER","min_zoom":12,"importance":1,"name":null,"ref":null,"common":{"type":"marine_farm"},"children":{},"osm_tags":{"landuse":"aquaculture","produce":"fish","seamark:type":"marine_farm"}}},{"type":"Feature","geometry":{"type":"Polygon","coordinates":[[[120.9600367,13.9751177],[120.9600333,13.9750942],[120.9600221,13.9750731],[120.9600044,13.9750568],[120.9599821,13.9750471],[120.9599578,13.975045],[120.9599341,13.9750508],[120.9599137,13.9750639],[120.9598989,13.9750828],[120.9598914,13.9751053],[120.9598919,13.975129],[120.9599004,13.9751512],[120.9599151,13.9751687],[120.9599347,13.9751808],[120.9599573,13.9751863],[120.9599805,13.9751847],[120.9600019,13.9751761],[120.9600196,13.9751614],[120.9600319,13.9751409],[120.9600367,13.9751177]]]},"properties":{"osm_id":1235500035,"osm_type":"way","seamark_type":"marine_farm","display_class":"OTHER","min_zoom":12,"importance":1,"name":null,"ref":null,"common":{"type":"marine_farm"},"children":{},"osm_tags":{"landuse":"aquaculture","produce":"fish","seamark:type":"marine_farm"}}},{"type":"Feature","geometry":{"type":"Polygon","coordinates":[[[120.9596917,13.9753417],[120.9596883,13.9753182],[120.9596771,13.9752971],[120.9596594,13.9752808],[120.9596371,13.9752711],[120.9596128,13.975269],[120.9595891,13.9752748],[120.9595687,13.9752879],[120.9595539,13.9753068],[120.9595464,13.9753293],[120.9595469,13.975353],[120.9595554,13.9753752],[120.9595701,13.9753927],[120.9595897,13.9754048],[120.9596123,13.9754103],[120.9596355,13.9754087],[120.9596569,13.9754001],[120.9596746,13.9753854],[120.9596869,13.9753649],[120.9596917,13.9753417]]]},"properties":{"osm_id":1235500036,"osm_type":"way","seamark_type":"marine_farm","display_class":"OTHER","min_zoom":12,"importance":1,"name":null,"ref":null,"common":{"type":"marine_farm"},"children":{},"osm_tags":{"landuse":"aquaculture","produce":"fish","seamark:type":"marine_farm"}}},{"type":"Feature","geometry":{"type":"Polygon","coordinates":[[[120.9603315,13.9754791],[120.9603281,13.9754556],[120.9603169,13.9754345],[120.9602992,13.9754182],[120.9602769,13.9754085],[120.9602526,13.9754064],[120.9602289,13.9754122],[120.9602085,13.9754253],[120.9601937,13.9754442],[120.9601862,13.9754667],[120.9601867,13.9754904],[120.9601952,13.9755126],[120.9602099,13.9755301],[120.9602295,13.9755422],[120.9602521,13.9755477],[120.9602753,13.9755461],[120.9602967,13.9755375],[120.9603144,13.9755228],[120.9603267,13.9755023],[120.9603315,13.9754791]]]},"properties":{"osm_id":1235500037,"osm_type":"way","seamark_type":"marine_farm","display_class":"OTHER","min_zoom":12,"importance":1,"name":null,"ref":null,"common":{"type":"marine_farm"},"children":{},"osm_tags":{"landuse":"aquaculture","produce":"fish","seamark:type":"marine_farm"}}},{"type":"Feature","geometry":{"type":"Polygon","coordinates":[[[120.9600161,13.9757452],[120.9600127,13.9757217],[120.9600015,13.9757006],[120.9599838,13.9756843],[120.9599615,13.9756746],[120.9599372,13.9756725],[120.9599135,13.9756783],[120.9598931,13.9756914],[120.9598783,13.9757103],[120.9598708,13.9757328],[120.9598713,13.9757565],[120.9598798,13.9757787],[120.9598945,13.9757962],[120.9599141,13.9758083],[120.9599367,13.9758138],[120.9599599,13.9758122],[120.9599813,13.9758036],[120.959999,13.9757889],[120.9600113,13.9757684],[120.9600161,13.9757452]]]},"properties":{"osm_id":1235500038,"osm_type":"way","seamark_type":"marine_farm","display_class":"OTHER","min_zoom":12,"importance":1,"name":null,"ref":null,"common":{"type":"marine_farm"},"children":{},"osm_tags":{"landuse":"aquaculture","produce":"fish","seamark:type":"marine_farm"}}},{"type":"Feature","geometry":{"type":"Polygon","coordinates":[[[120.9595226,13.976151],[120.9595192,13.9761275],[120.959508,13.9761064],[120.9594903,13.9760901],[120.959468,13.9760804],[120.9594437,13.9760783],[120.95942,13.9760841],[120.9593996,13.9760972],[120.9593848,13.9761161],[120.9593773,13.9761386],[120.9593778,13.9761623],[120.9593863,13.9761845],[120.959401,13.976202],[120.9594206,13.9762141],[120.9594432,13.9762196],[120.9594664,13.976218],[120.9594878,13.9762094],[120.9595055,13.9761947],[120.9595178,13.9761742],[120.9595226,13.976151]]]},"properties":{"osm_id":1235500039,"osm_type":"way","seamark_type":"marine_farm","display_class":"OTHER","min_zoom":12,"importance":1,"name":null,"ref":null,"common":{"type":"marine_farm"},"children":{},"osm_tags":{"landuse":"aquaculture","seamark:type":"marine_farm"}}},{"type":"Feature","geometry":{"type":"Polygon","coordinates":[[[120.9574727,13.9721562],[120.9573893,13.9722045],[120.9574366,13.972282],[120.9575234,13.972234],[120.9574727,13.9721562]]]},"properties":{"osm_id":1235500228,"osm_type":"way","seamark_type":"marine_farm","display_class":"OTHER","min_zoom":12,"importance":1,"name":null,"ref":null,"common":{"type":"marine_farm"},"children":{},"osm_tags":{"aquaculture":"fish","landuse":"aquaculture","seamark:type":"marine_farm"}}},{"type":"Feature","geometry":{"type":"Polygon","coordinates":[[[120.9573371,13.9722329],[120.9572593,13.9722893],[120.9573146,13.9723616],[120.9573959,13.9723052],[120.9573371,13.9722329]]]},"properties":{"osm_id":1235500229,"osm_type":"way","seamark_type":"marine_farm","display_class":"OTHER","min_zoom":12,"importance":1,"name":null,"ref":null,"common":{"type":"marine_farm"},"children":{},"osm_tags":{"aquaculture":"fish","landuse":"aquaculture","seamark:type":"marine_farm"}}},{"type":"Feature","geometry":{"type":"Polygon","coordinates":[[[120.9572137,13.9723006],[120.9571359,13.972357],[120.9571912,13.9724293],[120.9572725,13.9723729],[120.9572137,13.9723006]]]},"properties":{"osm_id":1235500230,"osm_type":"way","seamark_type":"marine_farm","display_class":"OTHER","min_zoom":12,"importance":1,"name":null,"ref":null,"common":{"type":"marine_farm"},"children":{},"osm_tags":{"aquaculture":"fish","landuse":"aquaculture","seamark:type":"marine_farm"}}},{"type":"Feature","geometry":{"type":"Polygon","coordinates":[[[120.9571064,13.9723683],[120.9570286,13.9724247],[120.9570839,13.972497],[120.9571652,13.9724406],[120.9571064,13.9723683]]]},"properties":{"osm_id":1235500231,"osm_type":"way","seamark_type":"marine_farm","display_class":"OTHER","min_zoom":12,"importance":1,"name":null,"ref":null,"common":{"type":"marine_farm"},"children":{},"osm_tags":{"aquaculture":"fish","landuse":"aquaculture","seamark:type":"marine_farm"}}},{"type":"Feature","geometry":{"type":"Polygon","coordinates":[[[120.9569187,13.9726077],[120.9568409,13.9726641],[120.9568962,13.9727364],[120.9569775,13.97268],[120.9569187,13.9726077]]]},"properties":{"osm_id":1235500232,"osm_type":"way","seamark_type":"marine_farm","display_class":"OTHER","min_zoom":12,"importance":1,"name":null,"ref":null,"common":{"type":"marine_farm"},"children":{},"osm_tags":{"aquaculture":"fish","landuse":"aquaculture","seamark:type":"marine_farm"}}},{"type":"Feature","geometry":{"type":"Polygon","coordinates":[[[120.9567846,13.9726806],[120.9567068,13.972737],[120.9567621,13.9728093],[120.9568434,13.9727529],[120.9567846,13.9726806]]]},"properties":{"osm_id":1235500233,"osm_type":"way","seamark_type":"marine_farm","display_class":"OTHER","min_zoom":12,"importance":1,"name":null,"ref":null,"common":{"type":"marine_farm"},"children":{},"osm_tags":{"aquaculture":"fish","landuse":"aquaculture","seamark:type":"marine_farm"}}},{"type":"Feature","geometry":{"type":"Polygon","coordinates":[[[120.9574873,13.9728316],[120.9574095,13.972888],[120.9574648,13.9729603],[120.9575461,13.9729039],[120.9574873,13.9728316]]]},"properties":{"osm_id":1235500234,"osm_type":"way","seamark_type":"marine_farm","display_class":"OTHER","min_zoom":12,"importance":1,"name":null,"ref":null,"common":{"type":"marine_farm"},"children":{},"osm_tags":{"aquaculture":"fish","landuse":"aquaculture","seamark:type":"marine_farm"}}},{"type":"Feature","geometry":{"type":"Polygon","coordinates":[[[120.9573371,13.9729201],[120.9572593,13.9729765],[120.9573146,13.9730488],[120.9573959,13.9729924],[120.9573371,13.9729201]]]},"properties":{"osm_id":1235500235,"osm_type":"way","seamark_type":"marine_farm","display_class":"OTHER","min_zoom":12,"importance":1,"name":null,"ref":null,"common":{"type":"marine_farm"},"children":{},"osm_tags":{"aquaculture":"fish","landuse":"aquaculture","seamark:type":"marine_farm"}}},{"type":"Feature","geometry":{"type":"Polygon","coordinates":[[[120.9571869,13.9730346],[120.9571091,13.973091],[120.9571644,13.9731633],[120.9572457,13.9731069],[120.9571869,13.9730346]]]},"properties":{"osm_id":1235500236,"osm_type":"way","seamark_type":"marine_farm","display_class":"OTHER","min_zoom":12,"importance":1,"name":null,"ref":null,"common":{"type":"marine_farm"},"children":{},"osm_tags":{"aquaculture":"fish","landuse":"aquaculture","seamark:type":"marine_farm"}}},{"type":"Feature","geometry":{"type":"Polygon","coordinates":[[[120.9569831,13.9732064],[120.9569053,13.9732628],[120.9569606,13.9733351],[120.9570419,13.9732787],[120.9569831,13.9732064]]]},"properties":{"osm_id":1235500237,"osm_type":"way","seamark_type":"marine_farm","display_class":"OTHER","min_zoom":12,"importance":1,"name":null,"ref":null,"common":{"type":"marine_farm"},"children":{},"osm_tags":{"aquaculture":"fish","landuse":"aquaculture","seamark:type":"marine_farm"}}},{"type":"Feature","geometry":{"type":"Polygon","coordinates":[[[120.9568543,13.9733001],[120.9567765,13.9733565],[120.9568318,13.9734288],[120.9569131,13.9733724],[120.9568543,13.9733001]]]},"properties":{"osm_id":1235500238,"osm_type":"way","seamark_type":"marine_farm","display_class":"OTHER","min_zoom":12,"importance":1,"name":null,"ref":null,"common":{"type":"marine_farm"},"children":{},"osm_tags":{"aquaculture":"fish","landuse":"aquaculture","seamark:type":"marine_farm"}}},{"type":"Feature","geometry":{"type":"Polygon","coordinates":[[[120.9566666,13.9733886],[120.9565888,13.973445],[120.9566441,13.9735173],[120.9567254,13.9734609],[120.9566666,13.9733886]]]},"properties":{"osm_id":1235501316,"osm_type":"way","seamark_type":"marine_farm","display_class":"OTHER","min_zoom":12,"importance":1,"name":null,"ref":null,"common":{"type":"marine_farm"},"children":{},"osm_tags":{"aquaculture":"fish","landuse":"aquaculture","seamark:type":"marine_farm"}}},{"type":"Feature","geometry":{"type":"Polygon","coordinates":[[[120.95657,13.9734511],[120.9564922,13.9735075],[120.9565475,13.9735798],[120.9566288,13.9735234],[120.95657,13.9734511]]]},"properties":{"osm_id":1235501317,"osm_type":"way","seamark_type":"marine_farm","display_class":"OTHER","min_zoom":12,"importance":1,"name":null,"ref":null,"common":{"type":"marine_farm"},"children":{},"osm_tags":{"aquaculture":"fish","landuse":"aquaculture","seamark:type":"marine_farm"}}},{"type":"Feature","geometry":{"type":"Polygon","coordinates":[[[120.9564864,13.9737844],[120.9563954,13.9738172],[120.9564274,13.9739017],[120.9565218,13.9738699],[120.9564864,13.9737844]]]},"properties":{"osm_id":1235501318,"osm_type":"way","seamark_type":"marine_farm","display_class":"OTHER","min_zoom":12,"importance":1,"name":null,"ref":null,"common":{"type":"marine_farm"},"children":{},"osm_tags":{"aquaculture":"fish","landuse":"aquaculture","seamark:type":"marine_farm"}}},{"type":"Feature","geometry":{"type":"Polygon","coordinates":[[[120.956384,13.9736124],[120.9562932,13.9736459],[120.9563259,13.9737302],[120.9564201,13.9736976],[120.956384,13.9736124]]]},"properties":{"osm_id":1235501319,"osm_type":"way","seamark_type":"marine_farm","display_class":"OTHER","min_zoom":12,"importance":1,"name":null,"ref":null,"common":{"type":"marine_farm"},"children":{},"osm_tags":{"aquaculture":"fish","landuse":"aquaculture","seamark:type":"marine_farm"}}},{"type":"Feature","geometry":{"type":"Polygon","coordinates":[[[120.9562237,13.9736908],[120.9561326,13.9737233],[120.9561643,13.9738079],[120.9562588,13.9737764],[120.9562237,13.9736908]]]},"properties":{"osm_id":1235501320,"osm_type":"way","seamark_type":"marine_farm","display_class":"OTHER","min_zoom":12,"importance":1,"name":null,"ref":null,"common":{"type":"marine_farm"},"children":{},"osm_tags":{"aquaculture":"fish","landuse":"aquaculture","seamark:type":"marine_farm"}}},{"type":"Feature","geometry":{"type":"Polygon","coordinates":[[[120.9559554,13.9738096],[120.9559955,13.9738955],[120.9560801,13.9738586],[120.9560408,13.9737694],[120.9559554,13.9738096]]]},"properties":{"osm_id":1235501321,"osm_type":"way","seamark_type":"marine_farm","display_class":"OTHER","min_zoom":12,"importance":1,"name":null,"ref":null,"common":{"type":"marine_farm"},"children":{},"osm_tags":{"aquaculture":"fish","landuse":"aquaculture","seamark:type":"marine_farm"}}},{"type":"Feature","geometry":{"type":"Polygon","coordinates":[[[120.9559061,13.9738496],[120.955819,13.9738911],[120.9558596,13.9739721],[120.9559502,13.9739312],[120.9559061,13.9738496]]]},"properties":{"osm_id":1235501322,"osm_type":"way","seamark_type":"marine_farm","display_class":"OTHER","min_zoom":12,"importance":1,"name":null,"ref":null,"common":{"type":"marine_farm"},"children":{},"osm_tags":{"aquaculture":"fish","landuse":"aquaculture","seamark:type":"marine_farm"}}},{"type":"Feature","geometry":{"type":"Polygon","coordinates":[[[120.9557578,13.973915],[120.9556662,13.9739464],[120.9556969,13.9740314],[120.9557918,13.974001],[120.9557578,13.973915]]]},"properties":{"osm_id":1235501323,"osm_type":"way","seamark_type":"marine_farm","display_class":"OTHER","min_zoom":12,"importance":1,"name":null,"ref":null,"common":{"type":"marine_farm"},"children":{},"osm_tags":{"aquaculture":"fish","landuse":"aquaculture","seamark:type":"marine_farm"}}},{"type":"Feature","geometry":{"type":"Polygon","coordinates":[[[120.9555615,13.9739925],[120.9554837,13.9740489],[120.955539,13.9741212],[120.9556203,13.9740648],[120.9555615,13.9739925]]]},"properties":{"osm_id":1235501324,"osm_type":"way","seamark_type":"marine_farm","display_class":"OTHER","min_zoom":12,"importance":1,"name":null,"ref":null,"common":{"type":"marine_farm"},"children":{},"osm_tags":{"aquaculture":"fish","landuse":"aquaculture","seamark:type":"marine_farm"}}},{"type":"Feature","geometry":{"type":"Polygon","coordinates":[[[120.9566666,13.9727639],[120.9565888,13.9728203],[120.9566441,13.9728926],[120.9567254,13.9728362],[120.9566666,13.9727639]]]},"properties":{"osm_id":1235501325,"osm_type":"way","seamark_type":"marine_farm","display_class":"OTHER","min_zoom":12,"importance":1,"name":null,"ref":null,"common":{"type":"marine_farm"},"children":{},"osm_tags":{"aquaculture":"fish","landuse":"aquaculture","seamark:type":"marine_farm"}}},{"type":"Feature","geometry":{"type":"Polygon","coordinates":[[[120.9565432,13.9728368],[120.9564654,13.9728932],[120.9565207,13.9729655],[120.956602,13.9729091],[120.9565432,13.9728368]]]},"properties":{"osm_id":1235501326,"osm_type":"way","seamark_type":"marine_farm","display_class":"OTHER","min_zoom":12,"importance":1,"name":null,"ref":null,"common":{"type":"marine_farm"},"children":{},"osm_tags":{"aquaculture":"fish","landuse":"aquaculture","seamark:type":"marine_farm"}}},{"type":"Feature","geometry":{"type":"Polygon","coordinates":[[[120.9562964,13.9731648],[120.9562186,13.9732212],[120.9562739,13.9732935],[120.9563552,13.9732371],[120.9562964,13.9731648]]]},"properties":{"osm_id":1235501327,"osm_type":"way","seamark_type":"marine_farm","display_class":"OTHER","min_zoom":12,"importance":1,"name":null,"ref":null,"common":{"type":"marine_farm"},"children":{},"osm_tags":{"aquaculture":"fish","landuse":"aquaculture","seamark:type":"marine_farm"}}},{"type":"Feature","geometry":{"type":"Polygon","coordinates":[[[120.9561462,13.9732533],[120.9560684,13.9733097],[120.9561237,13.973382],[120.956205,13.9733256],[120.9561462,13.9732533]]]},"properties":{"osm_id":1235501328,"osm_type":"way","seamark_type":"marine_farm","display_class":"OTHER","min_zoom":12,"importance":1,"name":null,"ref":null,"common":{"type":"marine_farm"},"children":{},"osm_tags":{"aquaculture":"fish","landuse":"aquaculture","seamark:type":"marine_farm"}}},{"type":"Feature","geometry":{"type":"Polygon","coordinates":[[[120.9560121,13.9733365],[120.9559343,13.9733929],[120.9559896,13.9734652],[120.9560709,13.9734088],[120.9560121,13.9733365]]]},"properties":{"osm_id":1235501329,"osm_type":"way","seamark_type":"marine_farm","display_class":"OTHER","min_zoom":12,"importance":1,"name":null,"ref":null,"common":{"type":"marine_farm"},"children":{},"osm_tags":{"aquaculture":"fish","landuse":"aquaculture","seamark:type":"marine_farm"}}},{"type":"Feature","geometry":{"type":"Polygon","coordinates":[[[120.9561194,13.9724256],[120.9560416,13.9724819],[120.9560969,13.9725542],[120.9561782,13.9724978],[120.9561194,13.9724256]]]},"properties":{"osm_id":1235501330,"osm_type":"way","seamark_type":"marine_farm","display_class":"OTHER","min_zoom":12,"importance":1,"name":null,"ref":null,"common":{"type":"marine_farm"},"children":{},"osm_tags":{"aquaculture":"fish","landuse":"aquaculture","seamark:type":"marine_farm"}}},{"type":"Feature","geometry":{"type":"Polygon","coordinates":[[[120.9559529,13.9725863],[120.9558802,13.9726488],[120.9559415,13.9727164],[120.9560177,13.9726536],[120.9559529,13.9725863]]]},"properties":{"osm_id":1235501331,"osm_type":"way","seamark_type":"marine_farm","display_class":"OTHER","min_zoom":12,"importance":1,"name":null,"ref":null,"common":{"type":"marine_farm"},"children":{},"osm_tags":{"aquaculture":"fish","landuse":"aquaculture","seamark:type":"marine_farm"}}},{"type":"Feature","geometry":{"type":"Polygon","coordinates":[[[120.9558406,13.9726957],[120.9557676,13.9727578],[120.9558285,13.9728257],[120.955905,13.9727633],[120.9558406,13.9726957]]]},"properties":{"osm_id":1235501332,"osm_type":"way","seamark_type":"marine_farm","display_class":"OTHER","min_zoom":12,"importance":1,"name":null,"ref":null,"common":{"type":"marine_farm"},"children":{},"osm_tags":{"aquaculture":"fish","landuse":"aquaculture","seamark:type":"marine_farm"}}},{"type":"Feature","geometry":{"type":"Polygon","coordinates":[[[120.9557175,13.9728154],[120.9556442,13.9728772],[120.9557048,13.9729454],[120.9557816,13.9728833],[120.9557175,13.9728154]]]},"properties":{"osm_id":1235501333,"osm_type":"way","seamark_type":"marine_farm","display_class":"OTHER","min_zoom":12,"importance":1,"name":null,"ref":null,"common":{"type":"marine_farm"},"children":{},"osm_tags":{"aquaculture":"fish","landuse":"aquaculture","seamark:type":"marine_farm"}}},{"type":"Feature","geometry":{"type":"Polygon","coordinates":[[[120.955601,13.9729616],[120.9555432,13.9730373],[120.9556176,13.9730912],[120.9556787,13.9730145],[120.955601,13.9729616]]]},"properties":{"osm_id":1235501334,"osm_type":"way","seamark_type":"marine_farm","display_class":"OTHER","min_zoom":12,"importance":1,"name":null,"ref":null,"common":{"type":"marine_farm"},"children":{},"osm_tags":{"aquaculture":"fish","landuse":"aquaculture","seamark:type":"marine_farm"}}},{"type":"Feature","geometry":{"type":"Polygon","coordinates":[[[120.9555038,13.9730757],[120.9554406,13.9731472],[120.9555109,13.973206],[120.9555775,13.9731338],[120.9555038,13.9730757]]]},"properties":{"osm_id":1235501335,"osm_type":"way","seamark_type":"marine_farm","display_class":"OTHER","min_zoom":12,"importance":1,"name":null,"ref":null,"common":{"type":"marine_farm"},"children":{},"osm_tags":{"aquaculture":"fish","landuse":"aquaculture","seamark:type":"marine_farm"}}},{"type":"Feature","geometry":{"type":"Polygon","coordinates":[[[120.955304,13.97178],[120.9552262,13.9718364],[120.9552815,13.9719087],[120.9553628,13.9718523],[120.955304,13.97178]]]},"properties":{"osm_id":1235501336,"osm_type":"way","seamark_type":"marine_farm","display_class":"OTHER","min_zoom":12,"importance":1,"name":null,"ref":null,"common":{"type":"marine_farm"},"children":{},"osm_tags":{"aquaculture":"fish","landuse":"aquaculture","seamark:type":"marine_farm"}}},{"type":"Feature","geometry":{"type":"Polygon","coordinates":[[[120.9548588,13.972108],[120.954781,13.9721644],[120.9548363,13.9722367],[120.9549176,13.9721803],[120.9548588,13.972108]]]},"properties":{"osm_id":1235501337,"osm_type":"way","seamark_type":"marine_farm","display_class":"OTHER","min_zoom":12,"importance":1,"name":null,"ref":null,"common":{"type":"marine_farm"},"children":{},"osm_tags":{"aquaculture":"fish","landuse":"aquaculture","seamark:type":"marine_farm"}}},{"type":"Feature","geometry":{"type":"Polygon","coordinates":[[[120.9547729,13.9721705],[120.9546951,13.9722269],[120.9547504,13.9722992],[120.9548317,13.9722428],[120.9547729,13.9721705]]]},"properties":{"osm_id":1235501338,"osm_type":"way","seamark_type":"marine_farm","display_class":"OTHER","min_zoom":12,"importance":1,"name":null,"ref":null,"common":{"type":"marine_farm"},"children":{},"osm_tags":{"aquaculture":"fish","landuse":"aquaculture","seamark:type":"marine_farm"}}},{"type":"Feature","geometry":{"type":"Polygon","coordinates":[[[120.954553,13.9724308],[120.9544752,13.9724872],[120.9545305,13.9725595],[120.9546118,13.9725031],[120.954553,13.9724308]]]},"properties":{"osm_id":1235501339,"osm_type":"way","seamark_type":"marine_farm","display_class":"OTHER","min_zoom":12,"importance":1,"name":null,"ref":null,"common":{"type":"marine_farm"},"children":{},"osm_tags":{"aquaculture":"fish","landuse":"aquaculture","seamark:type":"marine_farm"}}},{"type":"Feature","geometry":{"type":"Polygon","coordinates":[[[120.9546925,13.9729253],[120.9546147,13.9729817],[120.95467,13.973054],[120.9547513,13.9729976],[120.9546925,13.9729253]]]},"properties":{"osm_id":1235501340,"osm_type":"way","seamark_type":"marine_farm","display_class":"OTHER","min_zoom":12,"importance":1,"name":null,"ref":null,"common":{"type":"marine_farm"},"children":{},"osm_tags":{"aquaculture":"fish","landuse":"aquaculture","seamark:type":"marine_farm"}}},{"type":"Feature","geometry":{"type":"Polygon","coordinates":[[[120.9545315,13.973045],[120.9544537,13.9731014],[120.954509,13.9731737],[120.9545903,13.9731173],[120.9545315,13.973045]]]},"properties":{"osm_id":1235501341,"osm_type":"way","seamark_type":"marine_farm","display_class":"OTHER","min_zoom":12,"importance":1,"name":null,"ref":null,"common":{"type":"marine_farm"},"children":{},"osm_tags":{"aquaculture":"fish","landuse":"aquaculture","seamark:type":"marine_farm"}}},{"type":"Feature","geometry":{"type":"Polygon","coordinates":[[[120.9543867,13.9732064],[120.9543089,13.9732628],[120.9543642,13.9733351],[120.9544455,13.9732787],[120.9543867,13.9732064]]]},"properties":{"osm_id":1235501342,"osm_type":"way","seamark_type":"marine_farm","display_class":"OTHER","min_zoom":12,"importance":1,"name":null,"ref":null,"common":{"type":"marine_farm"},"children":{},"osm_tags":{"aquaculture":"fish","landuse":"aquaculture","seamark:type":"marine_farm"}}},{"type":"Feature","geometry":{"type":"Polygon","coordinates":[[[120.9542901,13.9732949],[120.9542123,13.9733513],[120.9542676,13.9734236],[120.9543489,13.9733672],[120.9542901,13.9732949]]]},"properties":{"osm_id":1235501343,"osm_type":"way","seamark_type":"marine_farm","display_class":"OTHER","min_zoom":12,"importance":1,"name":null,"ref":null,"common":{"type":"marine_farm"},"children":{},"osm_tags":{"aquaculture":"fish","landuse":"aquaculture","seamark:type":"marine_farm"}}},{"type":"Feature","geometry":{"type":"Polygon","coordinates":[[[120.9541978,13.9734036],[120.954126,13.973467],[120.9541883,13.9735338],[120.9542636,13.97347],[120.9541978,13.9734036]]]},"properties":{"osm_id":1235501344,"osm_type":"way","seamark_type":"marine_farm","display_class":"OTHER","min_zoom":12,"importance":1,"name":null,"ref":null,"common":{"type":"marine_farm"},"children":{},"osm_tags":{"aquaculture":"fish","landuse":"aquaculture","seamark:type":"marine_farm"}}},{"type":"Feature","geometry":{"type":"Polygon","coordinates":[[[120.9540755,13.9734979],[120.9539977,13.9735543],[120.954053,13.9736266],[120.9541343,13.9735702],[120.9540755,13.9734979]]]},"properties":{"osm_id":1235501345,"osm_type":"way","seamark_type":"marine_farm","display_class":"OTHER","min_zoom":12,"importance":1,"name":null,"ref":null,"common":{"type":"marine_farm"},"children":{},"osm_tags":{"aquaculture":"fish","landuse":"aquaculture","seamark:type":"marine_farm"}}},{"type":"Feature","geometry":{"type":"Polygon","coordinates":[[[120.9539951,13.9736072],[120.9539173,13.9736636],[120.9539726,13.9737359],[120.9540539,13.9736795],[120.9539951,13.9736072]]]},"properties":{"osm_id":1235501346,"osm_type":"way","seamark_type":"marine_farm","display_class":"OTHER","min_zoom":12,"importance":1,"name":null,"ref":null,"common":{"type":"marine_farm"},"children":{},"osm_tags":{"aquaculture":"fish","landuse":"aquaculture","seamark:type":"marine_farm"}}},{"type":"Feature","geometry":{"type":"Polygon","coordinates":[[[120.9538969,13.9730884],[120.9538502,13.9731711],[120.9539315,13.9732146],[120.9539813,13.9731305],[120.9538969,13.9730884]]]},"properties":{"osm_id":1235501347,"osm_type":"way","seamark_type":"marine_farm","display_class":"OTHER","min_zoom":12,"importance":1,"name":null,"ref":null,"common":{"type":"marine_farm"},"children":{},"osm_tags":{"aquaculture":"fish","landuse":"aquaculture","seamark:type":"marine_farm"}}},{"type":"Feature","geometry":{"type":"Polygon","coordinates":[[[120.9540403,13.9722291],[120.9539782,13.9723014],[120.9540492,13.9723593],[120.9541148,13.9722862],[120.9540403,13.9722291]]]},"properties":{"osm_id":1235501348,"osm_type":"way","seamark_type":"marine_farm","display_class":"OTHER","min_zoom":12,"importance":1,"name":null,"ref":null,"common":{"type":"marine_farm"},"children":{},"osm_tags":{"aquaculture":"fish","landuse":"aquaculture","seamark:type":"marine_farm"}}},{"type":"Feature","geometry":{"type":"Polygon","coordinates":[[[120.9541784,13.9720623],[120.9541284,13.9721431],[120.9542079,13.9721896],[120.954261,13.9721075],[120.9541784,13.9720623]]]},"properties":{"osm_id":1235501349,"osm_type":"way","seamark_type":"marine_farm","display_class":"OTHER","min_zoom":12,"importance":1,"name":null,"ref":null,"common":{"type":"marine_farm"},"children":{},"osm_tags":{"aquaculture":"fish","landuse":"aquaculture","seamark:type":"marine_farm"}}},{"type":"Feature","geometry":{"type":"Polygon","coordinates":[[[120.9544129,13.9718213],[120.9543519,13.9718946],[120.9544239,13.9719514],[120.9544883,13.9718772],[120.9544129,13.9718213]]]},"properties":{"osm_id":1235501350,"osm_type":"way","seamark_type":"marine_farm","display_class":"OTHER","min_zoom":12,"importance":1,"name":null,"ref":null,"common":{"type":"marine_farm"},"children":{},"osm_tags":{"aquaculture":"fish","landuse":"aquaculture","seamark:type":"marine_farm"}}},{"type":"Feature","geometry":{"type":"Polygon","coordinates":[[[120.9545691,13.9716863],[120.9544913,13.9717427],[120.9545466,13.971815],[120.9546279,13.9717586],[120.9545691,13.9716863]]]},"properties":{"osm_id":1235501351,"osm_type":"way","seamark_type":"marine_farm","display_class":"OTHER","min_zoom":12,"importance":1,"name":null,"ref":null,"common":{"type":"marine_farm"},"children":{},"osm_tags":{"aquaculture":"fish","landuse":"aquaculture","seamark:type":"marine_farm"}}},{"type":"Feature","geometry":{"type":"Polygon","coordinates":[[[120.95473,13.9715718],[120.9546522,13.9716282],[120.9547075,13.9717005],[120.9547888,13.9716441],[120.95473,13.9715718]]]},"properties":{"osm_id":1235501352,"osm_type":"way","seamark_type":"marine_farm","display_class":"OTHER","min_zoom":12,"importance":1,"name":null,"ref":null,"common":{"type":"marine_farm"},"children":{},"osm_tags":{"aquaculture":"fish","landuse":"aquaculture","seamark:type":"marine_farm"}}},{"type":"Feature","geometry":{"type":"Polygon","coordinates":[[[120.9548909,13.9714208],[120.9548131,13.9714772],[120.9548684,13.9715495],[120.9549497,13.9714931],[120.9548909,13.9714208]]]},"properties":{"osm_id":1235501353,"osm_type":"way","seamark_type":"marine_farm","display_class":"OTHER","min_zoom":12,"importance":1,"name":null,"ref":null,"common":{"type":"marine_farm"},"children":{},"osm_tags":{"aquaculture":"fish","landuse":"aquaculture","seamark:type":"marine_farm"}}},{"type":"Feature","geometry":{"type":"Polygon","coordinates":[[[120.955245,13.973394],[120.9551895,13.9734714],[120.9552655,13.973523],[120.9553243,13.9734446],[120.955245,13.973394]]]},"properties":{"osm_id":1235501354,"osm_type":"way","seamark_type":"marine_farm","display_class":"OTHER","min_zoom":12,"importance":1,"name":null,"ref":null,"common":{"type":"marine_farm"},"children":{},"osm_tags":{"aquaculture":"fish","landuse":"aquaculture","seamark:type":"marine_farm"}}},{"type":"Feature","geometry":{"type":"Polygon","coordinates":[[[120.9551345,13.9735025],[120.9550704,13.9735733],[120.9551399,13.9736329],[120.9552074,13.9735614],[120.9551345,13.9735025]]]},"properties":{"osm_id":1235501355,"osm_type":"way","seamark_type":"marine_farm","display_class":"OTHER","min_zoom":12,"importance":1,"name":null,"ref":null,"common":{"type":"marine_farm"},"children":{},"osm_tags":{"aquaculture":"fish","landuse":"aquaculture","seamark:type":"marine_farm"}}},{"type":"Feature","geometry":{"type":"Polygon","coordinates":[[[120.9550411,13.9736333],[120.9549633,13.9736897],[120.9550186,13.973762],[120.9550999,13.9737056],[120.9550411,13.9736333]]]},"properties":{"osm_id":1235501356,"osm_type":"way","seamark_type":"marine_farm","display_class":"OTHER","min_zoom":12,"importance":1,"name":null,"ref":null,"common":{"type":"marine_farm"},"children":{},"osm_tags":{"aquaculture":"fish","landuse":"aquaculture","seamark:type":"marine_farm"}}},{"type":"Feature","geometry":{"type":"Polygon","coordinates":[[[120.9548427,13.9737686],[120.9547649,13.973825],[120.9548202,13.9738973],[120.9549015,13.9738409],[120.9548427,13.9737686]]]},"properties":{"osm_id":1235501357,"osm_type":"way","seamark_type":"marine_farm","display_class":"OTHER","min_zoom":12,"importance":1,"name":null,"ref":null,"common":{"type":"marine_farm"},"children":{},"osm_tags":{"aquaculture":"fish","landuse":"aquaculture","seamark:type":"marine_farm"}}},{"type":"Feature","geometry":{"type":"Polygon","coordinates":[[[120.9547193,13.9738988],[120.9546415,13.9739552],[120.9546968,13.9740275],[120.9547781,13.9739711],[120.9547193,13.9738988]]]},"properties":{"osm_id":1235501358,"osm_type":"way","seamark_type":"marine_farm","display_class":"OTHER","min_zoom":12,"importance":1,"name":null,"ref":null,"common":{"type":"marine_farm"},"children":{},"osm_tags":{"aquaculture":"fish","landuse":"aquaculture","seamark:type":"marine_farm"}}},{"type":"Feature","geometry":{"type":"Polygon","coordinates":[[[120.9546066,13.9740185],[120.9545288,13.9740749],[120.9545841,13.9741472],[120.9546654,13.9740908],[120.9546066,13.9740185]]]},"properties":{"osm_id":1235501359,"osm_type":"way","seamark_type":"marine_farm","display_class":"OTHER","min_zoom":12,"importance":1,"name":null,"ref":null,"common":{"type":"marine_farm"},"children":{},"osm_tags":{"aquaculture":"fish","landuse":"aquaculture","seamark:type":"marine_farm"}}},{"type":"Feature","geometry":{"type":"Polygon","coordinates":[[[120.9502454,13.9741226],[120.9501676,13.974179],[120.9502229,13.9742513],[120.9503042,13.9741949],[120.9502454,13.9741226]]]},"properties":{"osm_id":1235501457,"osm_type":"way","seamark_type":"marine_farm","display_class":"OTHER","min_zoom":12,"importance":1,"name":null,"ref":null,"common":{"type":"marine_farm"},"children":{},"osm_tags":{"aquaculture":"fish","landuse":"aquaculture","seamark:type":"marine_farm"}}},{"type":"Feature","geometry":{"type":"Polygon","coordinates":[[[120.9504733,13.974133],[120.9504519,13.9741634],[120.9504803,13.9741862],[120.9505,13.9741533],[120.9504733,13.974133]]]},"properties":{"osm_id":1235501458,"osm_type":"way","seamark_type":"marine_farm","display_class":"OTHER","min_zoom":12,"importance":1,"name":null,"ref":null,"common":{"type":"marine_farm"},"children":{},"osm_tags":{"aquaculture":"fish","landuse":"aquaculture","seamark:type":"marine_farm"}}},{"type":"Feature","geometry":{"type":"Polygon","coordinates":[[[120.9508256,13.9743223],[120.9507652,13.9743839],[120.9508228,13.9744372],[120.950884,13.9743724],[120.9508256,13.9743223]]]},"properties":{"osm_id":1235501459,"osm_type":"way","seamark_type":"marine_farm","display_class":"OTHER","min_zoom":12,"importance":1,"name":null,"ref":null,"common":{"type":"marine_farm"},"children":{},"osm_tags":{"aquaculture":"fish","landuse":"aquaculture","seamark:type":"marine_farm"}}},{"type":"Feature","geometry":{"type":"Polygon","coordinates":[[[120.9505918,13.9743134],[120.9505342,13.9743591],[120.9505767,13.9744096],[120.9506344,13.9743639],[120.9505918,13.9743134]]]},"properties":{"osm_id":1235501460,"osm_type":"way","seamark_type":"marine_farm","display_class":"OTHER","min_zoom":12,"importance":1,"name":null,"ref":null,"common":{"type":"marine_farm"},"children":{},"osm_tags":{"aquaculture":"fish","landuse":"aquaculture","seamark:type":"marine_farm"}}},{"type":"Feature","geometry":{"type":"Polygon","coordinates":[[[120.9502695,13.9743204],[120.950248,13.9743508],[120.9502765,13.9743736],[120.9502961,13.9743407],[120.9502695,13.9743204]]]},"properties":{"osm_id":1235501461,"osm_type":"way","seamark_type":"marine_farm","display_class":"OTHER","min_zoom":12,"importance":1,"name":null,"ref":null,"common":{"type":"marine_farm"},"children":{},"osm_tags":{"aquaculture":"fish","landuse":"aquaculture","seamark:type":"marine_farm"}}},{"type":"Feature","geometry":{"type":"Polygon","coordinates":[[[120.9506048,13.9742267],[120.9505833,13.9742571],[120.9506118,13.9742799],[120.9506314,13.974247],[120.9506048,13.9742267]]]},"properties":{"osm_id":1235501462,"osm_type":"way","seamark_type":"marine_farm","display_class":"OTHER","min_zoom":12,"importance":1,"name":null,"ref":null,"common":{"type":"marine_farm"},"children":{},"osm_tags":{"aquaculture":"fish","landuse":"aquaculture","seamark:type":"marine_farm"}}},{"type":"Feature","geometry":{"type":"Polygon","coordinates":[[[120.9506504,13.9745885],[120.9506289,13.9746189],[120.9506574,13.9746417],[120.950677,13.9746087],[120.9506504,13.9745885]]]},"properties":{"osm_id":1235501463,"osm_type":"way","seamark_type":"marine_farm","display_class":"OTHER","min_zoom":12,"importance":1,"name":null,"ref":null,"common":{"type":"marine_farm"},"children":{},"osm_tags":{"aquaculture":"fish","landuse":"aquaculture","seamark:type":"marine_farm"}}},{"type":"Feature","geometry":{"type":"Polygon","coordinates":[[[120.9501005,13.9743048],[120.950079,13.9743352],[120.9501075,13.974358],[120.9501271,13.974325],[120.9501005,13.9743048]]]},"properties":{"osm_id":1235501464,"osm_type":"way","seamark_type":"marine_farm","display_class":"OTHER","min_zoom":12,"importance":1,"name":null,"ref":null,"common":{"type":"marine_farm"},"children":{},"osm_tags":{"aquaculture":"fish","landuse":"aquaculture","seamark:type":"marine_farm"}}},{"type":"Feature","geometry":{"type":"Polygon","coordinates":[[[120.9475082,13.9714326],[120.9474867,13.9714629],[120.9475152,13.9714858],[120.9475348,13.9714528],[120.9475082,13.9714326]]]},"properties":{"osm_id":1235501866,"osm_type":"way","seamark_type":"marine_farm","display_class":"OTHER","min_zoom":12,"importance":1,"name":null,"ref":null,"common":{"type":"marine_farm"},"children":{},"osm_tags":{"aquaculture":"fish","landuse":"aquaculture","seamark:type":"marine_farm"}}},{"type":"Feature","geometry":{"type":"Polygon","coordinates":[[[120.9481178,13.9717854],[120.9481188,13.9718222],[120.9481664,13.9718271],[120.9481623,13.9717814],[120.9481178,13.9717854]]]},"properties":{"osm_id":1235501867,"osm_type":"way","seamark_type":"marine_farm","display_class":"OTHER","min_zoom":12,"importance":1,"name":null,"ref":null,"common":{"type":"marine_farm"},"children":{},"osm_tags":{"aquaculture":"fish","landuse":"aquaculture","seamark:type":"marine_farm"}}},{"type":"Feature","geometry":{"type":"Polygon","coordinates":[[[120.9472641,13.9715887],[120.9472426,13.9716191],[120.9472711,13.971642],[120.9472907,13.971609],[120.9472641,13.9715887]]]},"properties":{"osm_id":1235501868,"osm_type":"way","seamark_type":"marine_farm","display_class":"OTHER","min_zoom":12,"importance":1,"name":null,"ref":null,"common":{"type":"marine_farm"},"children":{},"osm_tags":{"aquaculture":"fish","landuse":"aquaculture","seamark:type":"marine_farm"}}},{"type":"Feature","geometry":{"type":"Polygon","coordinates":[[[120.9471917,13.9715054],[120.9471702,13.9715358],[120.9471987,13.9715587],[120.9472183,13.9715257],[120.9471917,13.9715054]]]},"properties":{"osm_id":1235501869,"osm_type":"way","seamark_type":"marine_farm","display_class":"OTHER","min_zoom":12,"importance":1,"name":null,"ref":null,"common":{"type":"marine_farm"},"children":{},"osm_tags":{"aquaculture":"fish","landuse":"aquaculture","seamark:type":"marine_farm"}}},{"type":"Feature","geometry":{"type":"Polygon","coordinates":[[[120.9471353,13.9713883],[120.9470817,13.9714083],[120.9471155,13.9714676],[120.9471673,13.9714268],[120.9471353,13.9713883]]]},"properties":{"osm_id":1235501870,"osm_type":"way","seamark_type":"marine_farm","display_class":"OTHER","min_zoom":12,"importance":1,"name":null,"ref":null,"common":{"type":"marine_farm"},"children":{},"osm_tags":{"aquaculture":"fish","landuse":"aquaculture","seamark:type":"marine_farm"}}},{"type":"Feature","geometry":{"type":"Polygon","coordinates":[[[120.9475457,13.9718568],[120.947492,13.9718846],[120.9475313,13.9719387],[120.9475857,13.9719057],[120.9475457,13.9718568]]]},"properties":{"osm_id":1235501871,"osm_type":"way","seamark_type":"marine_farm","display_class":"OTHER","min_zoom":12,"importance":1,"name":null,"ref":null,"common":{"type":"marine_farm"},"children":{},"osm_tags":{"aquaculture":"fish","landuse":"aquaculture","seamark:type":"marine_farm"}}},{"type":"Feature","geometry":{"type":"Polygon","coordinates":[[[120.9457044,13.9691817],[120.9456453,13.9691861],[120.9456577,13.9692896],[120.9457229,13.9692488],[120.9457044,13.9691817]]]},"properties":{"osm_id":1235502174,"osm_type":"way","seamark_type":"marine_farm","display_class":"OTHER","min_zoom":12,"importance":1,"name":null,"ref":null,"common":{"type":"marine_farm"},"children":{},"osm_tags":{"aquaculture":"fish","landuse":"aquaculture","seamark:type":"marine_farm"}}},{"type":"Feature","geometry":{"type":"Polygon","coordinates":[[[120.9454871,13.9694394],[120.9454656,13.9694698],[120.9454941,13.9694926],[120.9455137,13.9694597],[120.9454871,13.9694394]]]},"properties":{"osm_id":1235502175,"osm_type":"way","seamark_type":"marine_farm","display_class":"OTHER","min_zoom":12,"importance":1,"name":null,"ref":null,"common":{"type":"marine_farm"},"children":{},"osm_tags":{"aquaculture":"fish","landuse":"aquaculture","seamark:type":"marine_farm"}}},{"type":"Feature","geometry":{"type":"Polygon","coordinates":[[[120.9457553,13.9698403],[120.9456963,13.969881],[120.9457194,13.9699221],[120.9457793,13.9698839],[120.9457553,13.9698403]]]},"properties":{"osm_id":1235502176,"osm_type":"way","seamark_type":"marine_farm","display_class":"OTHER","min_zoom":12,"importance":1,"name":null,"ref":null,"common":{"type":"marine_farm"},"children":{},"osm_tags":{"aquaculture":"fish","landuse":"aquaculture","seamark:type":"marine_farm"}}},{"type":"Feature","geometry":{"type":"Polygon","coordinates":[[[120.9452132,13.968554],[120.945286,13.9685477],[120.9452811,13.9684942],[120.9452083,13.9685005],[120.9452132,13.968554]]]},"properties":{"osm_id":1235502387,"osm_type":"way","seamark_type":"marine_farm","display_class":"OTHER","min_zoom":12,"importance":1,"name":null,"ref":null,"common":{"type":"marine_farm"},"children":{},"osm_tags":{"landuse":"aquaculture","produce":"fish","seamark:type":"marine_farm"}}},{"type":"Feature","geometry":{"type":"Polygon","coordinates":[[[120.9452914,13.9685443],[120.9453642,13.968538],[120.9453593,13.9684845],[120.9452865,13.9684908],[120.9452914,13.9685443]]]},"properties":{"osm_id":1235502388,"osm_type":"way","seamark_type":"marine_farm","display_class":"OTHER","min_zoom":12,"importance":1,"name":null,"ref":null,"common":{"type":"marine_farm"},"children":{},"osm_tags":{"landuse":"aquaculture","produce":"fish","seamark:type":"marine_farm"}}},{"type":"Feature","geometry":{"type":"Polygon","coordinates":[[[120.9449168,13.9684118],[120.9449896,13.9684055],[120.9449847,13.968352],[120.9449119,13.9683583],[120.9449168,13.9684118]]]},"properties":{"osm_id":1235502389,"osm_type":"way","seamark_type":"marine_farm","display_class":"OTHER","min_zoom":12,"importance":1,"name":null,"ref":null,"common":{"type":"marine_farm"},"children":{},"osm_tags":{"landuse":"aquaculture","produce":"fish","seamark:type":"marine_farm"}}},{"type":"Feature","geometry":{"type":"Polygon","coordinates":[[[120.944762,13.9684392],[120.9448348,13.9684329],[120.9448299,13.9683794],[120.9448186,13.9683804],[120.9447571,13.9683857],[120.944762,13.9684392]]]},"properties":{"osm_id":1235502390,"osm_type":"way","seamark_type":"marine_farm","display_class":"OTHER","min_zoom":12,"importance":1,"name":null,"ref":null,"common":{"type":"marine_farm"},"children":{},"osm_tags":{"landuse":"aquaculture","produce":"fish","seamark:type":"marine_farm"}}},{"type":"Feature","geometry":{"type":"Polygon","coordinates":[[[120.9447571,13.9683857],[120.9448186,13.9683804],[120.9448166,13.9683488],[120.9447588,13.9683551],[120.9447571,13.9683857]]]},"properties":{"osm_id":1235502391,"osm_type":"way","seamark_type":"marine_farm","display_class":"OTHER","min_zoom":12,"importance":1,"name":null,"ref":null,"common":{"type":"marine_farm"},"children":{},"osm_tags":{"landuse":"aquaculture","produce":"fish","seamark:type":"marine_farm"}}},{"type":"Feature","geometry":{"type":"Polygon","coordinates":[[[120.9448299,13.9683794],[120.9448947,13.9683732],[120.9448898,13.9683439],[120.9448332,13.9683488],[120.9448299,13.9683794]]]},"properties":{"osm_id":1235502392,"osm_type":"way","seamark_type":"marine_farm","display_class":"OTHER","min_zoom":12,"importance":1,"name":null,"ref":null,"common":{"type":"marine_farm"},"children":{},"osm_tags":{"landuse":"aquaculture","produce":"fish","seamark:type":"marine_farm"}}},{"type":"Feature","geometry":{"type":"Polygon","coordinates":[[[120.94519,13.9660623],[120.9452222,13.9660778],[120.9452419,13.9660549],[120.9452072,13.9660371],[120.94519,13.9660623]]]},"properties":{"osm_id":1235502393,"osm_type":"way","seamark_type":"marine_farm","display_class":"OTHER","min_zoom":12,"importance":1,"name":null,"ref":null,"common":{"type":"marine_farm"},"children":{},"osm_tags":{"landuse":"aquaculture","produce":"fish","seamark:type":"marine_farm"}}},{"type":"Feature","geometry":{"type":"Polygon","coordinates":[[[120.9452117,13.9660053],[120.9452394,13.9660319],[120.9452565,13.9660151],[120.9452288,13.9659864],[120.9452117,13.9660053]]]},"properties":{"osm_id":1235502394,"osm_type":"way","seamark_type":"marine_farm","display_class":"OTHER","min_zoom":12,"importance":1,"name":null,"ref":null,"common":{"type":"marine_farm"},"children":{},"osm_tags":{"landuse":"aquaculture","produce":"fish","seamark:type":"marine_farm"}}},{"type":"Feature","geometry":{"type":"Polygon","coordinates":[[[120.9492711,13.973394],[120.9492721,13.9734308],[120.9493197,13.9734357],[120.9493156,13.97339],[120.9492711,13.973394]]]},"properties":{"osm_id":1235502619,"osm_type":"way","seamark_type":"marine_farm","display_class":"OTHER","min_zoom":12,"importance":1,"name":null,"ref":null,"common":{"type":"marine_farm"},"children":{},"osm_tags":{"aquaculture":"fish","landuse":"aquaculture","seamark:type":"marine_farm"}}},{"type":"Feature","geometry":{"type":"Polygon","coordinates":[[[120.9492872,13.9733055],[120.9492882,13.9733423],[120.9493358,13.9733472],[120.9493317,13.9733015],[120.9492872,13.9733055]]]},"properties":{"osm_id":1235502620,"osm_type":"way","seamark_type":"marine_farm","display_class":"OTHER","min_zoom":12,"importance":1,"name":null,"ref":null,"common":{"type":"marine_farm"},"children":{},"osm_tags":{"aquaculture":"fish","landuse":"aquaculture","seamark:type":"marine_farm"}}},{"type":"Feature","geometry":{"type":"Polygon","coordinates":[[[120.949151,13.9731658],[120.949152,13.9732026],[120.9491996,13.9732075],[120.9491955,13.9731618],[120.949151,13.9731658]]]},"properties":{"osm_id":1235502621,"osm_type":"way","seamark_type":"marine_farm","display_class":"OTHER","min_zoom":12,"importance":1,"name":null,"ref":null,"common":{"type":"marine_farm"},"children":{},"osm_tags":{"aquaculture":"fish","landuse":"aquaculture","seamark:type":"marine_farm"}}},{"type":"Feature","geometry":{"type":"Polygon","coordinates":[[[120.9493334,13.9724932],[120.9492556,13.9725496],[120.9493109,13.9726219],[120.9493922,13.9725655],[120.9493334,13.9724932]]]},"properties":{"osm_id":1235502622,"osm_type":"way","seamark_type":"marine_farm","display_class":"OTHER","min_zoom":12,"importance":1,"name":null,"ref":null,"common":{"type":"marine_farm"},"children":{},"osm_tags":{"aquaculture":"fish","landuse":"aquaculture","seamark:type":"marine_farm"}}},{"type":"Feature","geometry":{"type":"Polygon","coordinates":[[[120.9486146,13.9727952],[120.9485368,13.9728516],[120.9485921,13.9729239],[120.9486734,13.9728675],[120.9486146,13.9727952]]]},"properties":{"osm_id":1235502623,"osm_type":"way","seamark_type":"marine_farm","display_class":"OTHER","min_zoom":12,"importance":1,"name":null,"ref":null,"common":{"type":"marine_farm"},"children":{},"osm_tags":{"aquaculture":"fish","landuse":"aquaculture","seamark:type":"marine_farm"}}},{"type":"Feature","geometry":{"type":"Polygon","coordinates":[[[120.9491135,13.9732689],[120.9490357,13.9733253],[120.949091,13.9733976],[120.9491723,13.9733412],[120.9491135,13.9732689]]]},"properties":{"osm_id":1235502624,"osm_type":"way","seamark_type":"marine_farm","display_class":"OTHER","min_zoom":12,"importance":1,"name":null,"ref":null,"common":{"type":"marine_farm"},"children":{},"osm_tags":{"aquaculture":"fish","landuse":"aquaculture","seamark:type":"marine_farm"}}},{"type":"Feature","geometry":{"type":"Polygon","coordinates":[[[120.9505117,13.971978],[120.9504488,13.9720498],[120.9505193,13.9721083],[120.9505856,13.9720358],[120.9505117,13.971978]]]},"properties":{"osm_id":1235502625,"osm_type":"way","seamark_type":"marine_farm","display_class":"OTHER","min_zoom":12,"importance":1,"name":null,"ref":null,"common":{"type":"marine_farm"},"children":{},"osm_tags":{"aquaculture":"fish","landuse":"aquaculture","seamark:type":"marine_farm"}}},{"type":"Feature","geometry":{"type":"Polygon","coordinates":[[[120.9507069,13.9717806],[120.9506291,13.971837],[120.9506844,13.9719093],[120.9507657,13.9718529],[120.9507069,13.9717806]]]},"properties":{"osm_id":1235502626,"osm_type":"way","seamark_type":"marine_farm","display_class":"OTHER","min_zoom":12,"importance":1,"name":null,"ref":null,"common":{"type":"marine_farm"},"children":{},"osm_tags":{"aquaculture":"fish","landuse":"aquaculture","seamark:type":"marine_farm"}}},{"type":"Feature","geometry":{"type":"Polygon","coordinates":[[[120.9509551,13.9716652],[120.9508773,13.9717216],[120.9509326,13.9717939],[120.9510139,13.9717375],[120.9509551,13.9716652]]]},"properties":{"osm_id":1235502627,"osm_type":"way","seamark_type":"marine_farm","display_class":"OTHER","min_zoom":12,"importance":1,"name":null,"ref":null,"common":{"type":"marine_farm"},"children":{},"osm_tags":{"aquaculture":"fish","landuse":"aquaculture","seamark:type":"marine_farm"}}},{"type":"Feature","geometry":{"type":"Polygon","coordinates":[[[120.9511557,13.9715167],[120.9510779,13.9715731],[120.9511332,13.9716454],[120.9512145,13.971589],[120.9511557,13.9715167]]]},"properties":{"osm_id":1235502628,"osm_type":"way","seamark_type":"marine_farm","display_class":"OTHER","min_zoom":12,"importance":1,"name":null,"ref":null,"common":{"type":"marine_farm"},"children":{},"osm_tags":{"aquaculture":"fish","landuse":"aquaculture","seamark:type":"marine_farm"}}},{"type":"Feature","geometry":{"type":"Polygon","coordinates":[[[120.9507681,13.9713649],[120.9506903,13.9714213],[120.9507456,13.9714936],[120.9508269,13.9714372],[120.9507681,13.9713649]]]},"properties":{"osm_id":1235502629,"osm_type":"way","seamark_type":"marine_farm","display_class":"OTHER","min_zoom":12,"importance":1,"name":null,"ref":null,"common":{"type":"marine_farm"},"children":{},"osm_tags":{"aquaculture":"fish","landuse":"aquaculture","seamark:type":"marine_farm"}}},{"type":"Feature","geometry":{"type":"Polygon","coordinates":[[[120.9505369,13.9714771],[120.9504591,13.9715335],[120.9505144,13.9716058],[120.9505957,13.9715494],[120.9505369,13.9714771]]]},"properties":{"osm_id":1235502630,"osm_type":"way","seamark_type":"marine_farm","display_class":"OTHER","min_zoom":12,"importance":1,"name":null,"ref":null,"common":{"type":"marine_farm"},"children":{},"osm_tags":{"aquaculture":"fish","landuse":"aquaculture","seamark:type":"marine_farm"}}},{"type":"Feature","geometry":{"type":"Polygon","coordinates":[[[120.9643575,13.9769382],[120.9643541,13.9769147],[120.9643429,13.9768936],[120.9643252,13.9768773],[120.9643029,13.9768676],[120.9642786,13.9768655],[120.9642549,13.9768713],[120.9642345,13.9768844],[120.9642197,13.9769032],[120.9642121,13.9769258],[120.9642126,13.9769495],[120.9642212,13.9769717],[120.9642359,13.9769892],[120.9642555,13.9770013],[120.964278,13.9770068],[120.9643012,13.9770052],[120.9643227,13.9769966],[120.9643403,13.9769818],[120.9643527,13.9769614],[120.9643575,13.9769382]]]},"properties":{"osm_id":1235503206,"osm_type":"way","seamark_type":"marine_farm","display_class":"OTHER","min_zoom":12,"importance":1,"name":null,"ref":null,"common":{"type":"marine_farm"},"children":{},"osm_tags":{"landuse":"aquaculture","produce":"fish","seamark:type":"marine_farm"}}},{"type":"Feature","geometry":{"type":"Polygon","coordinates":[[[120.9641376,13.9770475],[120.9641342,13.977024],[120.964123,13.9770029],[120.9641053,13.9769866],[120.964083,13.9769769],[120.9640587,13.9769748],[120.964035,13.9769806],[120.9640146,13.9769937],[120.9639998,13.9770125],[120.9639922,13.9770351],[120.9639927,13.9770588],[120.9640013,13.977081],[120.964016,13.9770985],[120.9640356,13.9771106],[120.9640581,13.9771161],[120.9640813,13.9771145],[120.9641028,13.9771059],[120.9641204,13.9770911],[120.9641328,13.9770707],[120.9641376,13.9770475]]]},"properties":{"osm_id":1235503207,"osm_type":"way","seamark_type":"marine_farm","display_class":"OTHER","min_zoom":12,"importance":1,"name":null,"ref":null,"common":{"type":"marine_farm"},"children":{},"osm_tags":{"landuse":"aquaculture","produce":"fish","seamark:type":"marine_farm"}}},{"type":"Feature","geometry":{"type":"Polygon","coordinates":[[[120.9635904,13.9777086],[120.963587,13.9776851],[120.9635758,13.977664],[120.9635581,13.9776477],[120.9635358,13.977638],[120.9635115,13.9776359],[120.9634878,13.9776417],[120.9634674,13.9776548],[120.9634526,13.9776736],[120.963445,13.9776962],[120.9634455,13.9777199],[120.9634541,13.9777421],[120.9634688,13.9777596],[120.9634884,13.9777717],[120.9635109,13.9777772],[120.9635341,13.9777756],[120.9635556,13.977767],[120.9635732,13.9777522],[120.9635856,13.9777318],[120.9635904,13.9777086]]]},"properties":{"osm_id":1235503208,"osm_type":"way","seamark_type":"marine_farm","display_class":"OTHER","min_zoom":12,"importance":1,"name":null,"ref":null,"common":{"type":"marine_farm"},"children":{},"osm_tags":{"landuse":"aquaculture","produce":"fish","seamark:type":"marine_farm"}}},{"type":"Feature","geometry":{"type":"Polygon","coordinates":[[[120.9633597,13.9778179],[120.9633563,13.9777944],[120.9633451,13.9777733],[120.9633274,13.977757],[120.9633051,13.9777473],[120.9632808,13.9777452],[120.9632571,13.977751],[120.9632367,13.9777641],[120.9632219,13.9777829],[120.9632143,13.9778055],[120.9632148,13.9778292],[120.9632234,13.9778514],[120.9632381,13.9778689],[120.9632577,13.977881],[120.9632802,13.9778865],[120.9633034,13.9778849],[120.9633249,13.9778763],[120.9633425,13.9778615],[120.9633549,13.9778411],[120.9633597,13.9778179]]]},"properties":{"osm_id":1235503209,"osm_type":"way","seamark_type":"marine_farm","display_class":"OTHER","min_zoom":12,"importance":1,"name":null,"ref":null,"common":{"type":"marine_farm"},"children":{},"osm_tags":{"landuse":"aquaculture","produce":"fish","seamark:type":"marine_farm"}}},{"type":"Feature","geometry":{"type":"Polygon","coordinates":[[[120.9631773,13.9779116],[120.9631739,13.9778881],[120.9631627,13.977867],[120.963145,13.9778507],[120.9631227,13.977841],[120.9630984,13.9778389],[120.9630747,13.9778447],[120.9630543,13.9778578],[120.9630395,13.9778766],[120.9630319,13.9778992],[120.9630324,13.9779229],[120.963041,13.9779451],[120.9630557,13.9779626],[120.9630753,13.9779747],[120.9630978,13.9779802],[120.963121,13.9779786],[120.9631425,13.97797],[120.9631601,13.9779552],[120.9631725,13.9779348],[120.9631773,13.9779116]]]},"properties":{"osm_id":1235503210,"osm_type":"way","seamark_type":"marine_farm","display_class":"OTHER","min_zoom":12,"importance":1,"name":null,"ref":null,"common":{"type":"marine_farm"},"children":{},"osm_tags":{"landuse":"aquaculture","produce":"fish","seamark:type":"marine_farm"}}},{"type":"Feature","geometry":{"type":"Polygon","coordinates":[[[120.9630432,13.9780366],[120.9630398,13.9780131],[120.9630286,13.977992],[120.9630109,13.9779757],[120.9629886,13.977966],[120.9629643,13.9779639],[120.9629406,13.9779697],[120.9629202,13.9779828],[120.9629054,13.9780016],[120.9628978,13.9780242],[120.9628983,13.9780479],[120.9629069,13.9780701],[120.9629216,13.9780876],[120.9629412,13.9780997],[120.9629637,13.9781052],[120.9629869,13.9781036],[120.9630084,13.978095],[120.963026,13.9780802],[120.9630384,13.9780598],[120.9630432,13.9780366]]]},"properties":{"osm_id":1235503211,"osm_type":"way","seamark_type":"marine_farm","display_class":"OTHER","min_zoom":12,"importance":1,"name":null,"ref":null,"common":{"type":"marine_farm"},"children":{},"osm_tags":{"landuse":"aquaculture","produce":"fish","seamark:type":"marine_farm"}}},{"type":"Feature","geometry":{"type":"Polygon","coordinates":[[[120.9627191,13.9770952],[120.9626549,13.977166],[120.9627245,13.9772256],[120.962792,13.9771542],[120.9627191,13.9770952]]]},"properties":{"osm_id":1235503212,"osm_type":"way","seamark_type":"marine_farm","display_class":"OTHER","min_zoom":12,"importance":1,"name":null,"ref":null,"common":{"type":"marine_farm"},"children":{},"osm_tags":{"aquaculture":"fish","landuse":"aquaculture","seamark:type":"marine_farm"}}},{"type":"Feature","geometry":{"type":"Polygon","coordinates":[[[120.9626279,13.9771889],[120.9625637,13.9772597],[120.9626333,13.9773193],[120.9627008,13.9772479],[120.9626279,13.9771889]]]},"properties":{"osm_id":1235503213,"osm_type":"way","seamark_type":"marine_farm","display_class":"OTHER","min_zoom":12,"importance":1,"name":null,"ref":null,"common":{"type":"marine_farm"},"children":{},"osm_tags":{"aquaculture":"fish","landuse":"aquaculture","seamark:type":"marine_farm"}}},{"type":"Feature","geometry":{"type":"Polygon","coordinates":[[[120.9625475,13.9772982],[120.9624833,13.977369],[120.9625529,13.9774286],[120.9626204,13.9773572],[120.9625475,13.9772982]]]},"properties":{"osm_id":1235503214,"osm_type":"way","seamark_type":"marine_farm","display_class":"OTHER","min_zoom":12,"importance":1,"name":null,"ref":null,"common":{"type":"marine_farm"},"children":{},"osm_tags":{"aquaculture":"fish","landuse":"aquaculture","seamark:type":"marine_farm"}}},{"type":"Feature","geometry":{"type":"Polygon","coordinates":[[[120.9624724,13.9773815],[120.9624082,13.9774523],[120.9624778,13.9775119],[120.9625453,13.9774405],[120.9624724,13.9773815]]]},"properties":{"osm_id":1235503215,"osm_type":"way","seamark_type":"marine_farm","display_class":"OTHER","min_zoom":12,"importance":1,"name":null,"ref":null,"common":{"type":"marine_farm"},"children":{},"osm_tags":{"aquaculture":"fish","landuse":"aquaculture","seamark:type":"marine_farm"}}},{"type":"Feature","geometry":{"type":"Polygon","coordinates":[[[120.962398,13.9774677],[120.9623338,13.9775385],[120.9624034,13.9775981],[120.9624709,13.9775267],[120.962398,13.9774677]]]},"properties":{"osm_id":1235503216,"osm_type":"way","seamark_type":"marine_farm","display_class":"OTHER","min_zoom":12,"importance":1,"name":null,"ref":null,"common":{"type":"marine_farm"},"children":{},"osm_tags":{"aquaculture":"fish","landuse":"aquaculture","seamark:type":"marine_farm"}}},{"type":"Feature","geometry":{"type":"Polygon","coordinates":[[[120.9639556,13.976991],[120.9638608,13.9770115],[120.9638808,13.9770995],[120.9639787,13.9770804],[120.9639556,13.976991]]]},"properties":{"osm_id":1235503217,"osm_type":"way","seamark_type":"marine_farm","display_class":"OTHER","min_zoom":12,"importance":1,"name":null,"ref":null,"common":{"type":"marine_farm"},"children":{},"osm_tags":{"aquaculture":"fish","landuse":"aquaculture","seamark:type":"marine_farm"}}},{"type":"Feature","geometry":{"type":"Polygon","coordinates":[[[120.9623865,13.9787038],[120.9623223,13.9787746],[120.9623919,13.9788342],[120.9624541,13.9787732],[120.9623865,13.9787038]]]},"properties":{"osm_id":1235503218,"osm_type":"way","seamark_type":"marine_farm","display_class":"OTHER","min_zoom":12,"importance":1,"name":null,"ref":null,"common":{"type":"marine_farm"},"children":{},"osm_tags":{"aquaculture":"fish","landuse":"aquaculture","seamark:type":"marine_farm"}}},{"type":"Feature","geometry":{"type":"Polygon","coordinates":[[[120.9623222,13.9788131],[120.962258,13.9788839],[120.9623276,13.9789435],[120.9623951,13.9788721],[120.9623222,13.9788131]]]},"properties":{"osm_id":1235503219,"osm_type":"way","seamark_type":"marine_farm","display_class":"OTHER","min_zoom":12,"importance":1,"name":null,"ref":null,"common":{"type":"marine_farm"},"children":{},"osm_tags":{"aquaculture":"fish","landuse":"aquaculture","seamark:type":"marine_farm"}}},{"type":"Feature","geometry":{"type":"Polygon","coordinates":[[[120.962231,13.9788807],[120.9621668,13.9789515],[120.9622364,13.9790111],[120.9623039,13.9789397],[120.962231,13.9788807]]]},"properties":{"osm_id":1235503220,"osm_type":"way","seamark_type":"marine_farm","display_class":"OTHER","min_zoom":12,"importance":1,"name":null,"ref":null,"common":{"type":"marine_farm"},"children":{},"osm_tags":{"aquaculture":"fish","landuse":"aquaculture","seamark:type":"marine_farm"}}},{"type":"Feature","geometry":{"type":"Polygon","coordinates":[[[120.9524512,13.9677088],[120.9523606,13.9677426],[120.9523937,13.9678268],[120.9524877,13.9677938],[120.9524512,13.9677088]]]},"properties":{"osm_id":1235831561,"osm_type":"way","seamark_type":"marine_farm","display_class":"OTHER","min_zoom":12,"importance":1,"name":null,"ref":null,"common":{"type":"marine_farm"},"children":{},"osm_tags":{"aquaculture":"fish","landuse":"aquaculture","seamark:type":"marine_farm"}}},{"type":"Feature","geometry":{"type":"Polygon","coordinates":[[[120.9522916,13.9677523],[120.952201,13.9677861],[120.9522341,13.9678703],[120.9523281,13.9678373],[120.9522916,13.9677523]]]},"properties":{"osm_id":1235831562,"osm_type":"way","seamark_type":"marine_farm","display_class":"OTHER","min_zoom":12,"importance":1,"name":null,"ref":null,"common":{"type":"marine_farm"},"children":{},"osm_tags":{"aquaculture":"fish","landuse":"aquaculture","seamark:type":"marine_farm"}}},{"type":"Feature","geometry":{"type":"Polygon","coordinates":[[[120.9521088,13.9678034],[120.9520143,13.9678248],[120.9520351,13.9679126],[120.9521329,13.9678925],[120.9521088,13.9678034]]]},"properties":{"osm_id":1235831563,"osm_type":"way","seamark_type":"marine_farm","display_class":"OTHER","min_zoom":12,"importance":1,"name":null,"ref":null,"common":{"type":"marine_farm"},"children":{},"osm_tags":{"aquaculture":"fish","landuse":"aquaculture","seamark:type":"marine_farm"}}},{"type":"Feature","geometry":{"type":"Polygon","coordinates":[[[120.9519392,13.9678256],[120.9518486,13.9678594],[120.9518817,13.9679436],[120.9519757,13.9679106],[120.9519392,13.9678256]]]},"properties":{"osm_id":1235831564,"osm_type":"way","seamark_type":"marine_farm","display_class":"OTHER","min_zoom":12,"importance":1,"name":null,"ref":null,"common":{"type":"marine_farm"},"children":{},"osm_tags":{"aquaculture":"fish","landuse":"aquaculture","seamark:type":"marine_farm"}}},{"type":"Feature","geometry":{"type":"Polygon","coordinates":[[[120.951784,13.9678867],[120.9516934,13.9679205],[120.9517265,13.9680047],[120.9518205,13.9679717],[120.951784,13.9678867]]]},"properties":{"osm_id":1235831565,"osm_type":"way","seamark_type":"marine_farm","display_class":"OTHER","min_zoom":12,"importance":1,"name":null,"ref":null,"common":{"type":"marine_farm"},"children":{},"osm_tags":{"aquaculture":"fish","landuse":"aquaculture","seamark:type":"marine_farm"}}},{"type":"Feature","geometry":{"type":"Polygon","coordinates":[[[120.9516203,13.9679366],[120.9515266,13.967961],[120.9515504,13.9680481],[120.9516474,13.9680249],[120.9516203,13.9679366]]]},"properties":{"osm_id":1235831566,"osm_type":"way","seamark_type":"marine_farm","display_class":"OTHER","min_zoom":12,"importance":1,"name":null,"ref":null,"common":{"type":"marine_farm"},"children":{},"osm_tags":{"aquaculture":"fish","landuse":"aquaculture","seamark:type":"marine_farm"}}},{"type":"Feature","geometry":{"type":"Polygon","coordinates":[[[120.9514504,13.9680018],[120.9513567,13.9680262],[120.9513805,13.9681133],[120.9514775,13.96809],[120.9514504,13.9680018]]]},"properties":{"osm_id":1235831567,"osm_type":"way","seamark_type":"marine_farm","display_class":"OTHER","min_zoom":12,"importance":1,"name":null,"ref":null,"common":{"type":"marine_farm"},"children":{},"osm_tags":{"aquaculture":"fish","landuse":"aquaculture","seamark:type":"marine_farm"}}},{"type":"Feature","geometry":{"type":"Polygon","coordinates":[[[120.9512973,13.9680343],[120.9512036,13.9680587],[120.9512274,13.9681458],[120.9513244,13.9681226],[120.9512973,13.9680343]]]},"properties":{"osm_id":1235831568,"osm_type":"way","seamark_type":"marine_farm","display_class":"OTHER","min_zoom":12,"importance":1,"name":null,"ref":null,"common":{"type":"marine_farm"},"children":{},"osm_tags":{"aquaculture":"fish","landuse":"aquaculture","seamark:type":"marine_farm"}}},{"type":"Feature","geometry":{"type":"Polygon","coordinates":[[[120.9514611,13.9673898],[120.9513657,13.9674071],[120.9513825,13.9674957],[120.9514811,13.9674798],[120.9514611,13.9673898]]]},"properties":{"osm_id":1235831570,"osm_type":"way","seamark_type":"marine_farm","display_class":"OTHER","min_zoom":12,"importance":1,"name":null,"ref":null,"common":{"type":"marine_farm"},"children":{},"osm_tags":{"aquaculture":"fish","landuse":"aquaculture","seamark:type":"marine_farm"}}},{"type":"Feature","geometry":{"type":"Polygon","coordinates":[[[120.9516372,13.9673606],[120.9515412,13.9673745],[120.9515546,13.9674637],[120.9516538,13.9674513],[120.9516372,13.9673606]]]},"properties":{"osm_id":1235831571,"osm_type":"way","seamark_type":"marine_farm","display_class":"OTHER","min_zoom":12,"importance":1,"name":null,"ref":null,"common":{"type":"marine_farm"},"children":{},"osm_tags":{"aquaculture":"fish","landuse":"aquaculture","seamark:type":"marine_farm"}}},{"type":"Feature","geometry":{"type":"Polygon","coordinates":[[[120.9513086,13.9669164],[120.95122,13.9669551],[120.951258,13.9670373],[120.9513499,13.9669993],[120.9513086,13.9669164]]]},"properties":{"osm_id":1235831572,"osm_type":"way","seamark_type":"marine_farm","display_class":"OTHER","min_zoom":12,"importance":1,"name":null,"ref":null,"common":{"type":"marine_farm"},"children":{},"osm_tags":{"aquaculture":"fish","landuse":"aquaculture","seamark:type":"marine_farm"}}},{"type":"Feature","geometry":{"type":"Polygon","coordinates":[[[120.951484,13.966868],[120.951386,13.9669067],[120.9514392,13.9669938],[120.95153,13.9669502],[120.951484,13.966868]]]},"properties":{"osm_id":1235831573,"osm_type":"way","seamark_type":"marine_farm","display_class":"OTHER","min_zoom":12,"importance":1,"name":null,"ref":null,"common":{"type":"marine_farm"},"children":{},"osm_tags":{"aquaculture":"fish","landuse":"aquaculture","seamark:type":"marine_farm"}}},{"type":"Feature","geometry":{"type":"Polygon","coordinates":[[[120.9535832,13.9689159],[120.9534895,13.9689403],[120.9535133,13.9690274],[120.9536104,13.9690042],[120.9535832,13.9689159]]]},"properties":{"osm_id":1235832107,"osm_type":"way","seamark_type":"marine_farm","display_class":"OTHER","min_zoom":12,"importance":1,"name":null,"ref":null,"common":{"type":"marine_farm"},"children":{},"osm_tags":{"aquaculture":"fish","landuse":"aquaculture","seamark:type":"marine_farm"}}},{"type":"Feature","geometry":{"type":"Polygon","coordinates":[[[120.9531642,13.9691302],[120.953082,13.9691803],[120.9531311,13.9692567],[120.9532169,13.9692068],[120.9531642,13.9691302]]]},"properties":{"osm_id":1235832108,"osm_type":"way","seamark_type":"marine_farm","display_class":"OTHER","min_zoom":12,"importance":1,"name":null,"ref":null,"common":{"type":"marine_farm"},"children":{},"osm_tags":{"aquaculture":"fish","landuse":"aquaculture","seamark:type":"marine_farm"}}},{"type":"Feature","geometry":{"type":"Polygon","coordinates":[[[120.9530091,13.9691948],[120.9529279,13.9692464],[120.9529785,13.9693219],[120.9530632,13.9692704],[120.9530091,13.9691948]]]},"properties":{"osm_id":1235832109,"osm_type":"way","seamark_type":"marine_farm","display_class":"OTHER","min_zoom":12,"importance":1,"name":null,"ref":null,"common":{"type":"marine_farm"},"children":{},"osm_tags":{"aquaculture":"fish","landuse":"aquaculture","seamark:type":"marine_farm"}}},{"type":"Feature","geometry":{"type":"Polygon","coordinates":[[[120.9527042,13.9694372],[120.9526399,13.9695077],[120.9527092,13.9695676],[120.952777,13.9694963],[120.9527042,13.9694372]]]},"properties":{"osm_id":1235832110,"osm_type":"way","seamark_type":"marine_farm","display_class":"OTHER","min_zoom":12,"importance":1,"name":null,"ref":null,"common":{"type":"marine_farm"},"children":{},"osm_tags":{"aquaculture":"fish","landuse":"aquaculture","seamark:type":"marine_farm"}}},{"type":"Feature","geometry":{"type":"Polygon","coordinates":[[[120.9526119,13.9695234],[120.9525536,13.9695987],[120.9526277,13.969653],[120.9526893,13.9695766],[120.9526119,13.9695234]]]},"properties":{"osm_id":1235832111,"osm_type":"way","seamark_type":"marine_farm","display_class":"OTHER","min_zoom":12,"importance":1,"name":null,"ref":null,"common":{"type":"marine_farm"},"children":{},"osm_tags":{"aquaculture":"fish","landuse":"aquaculture","seamark:type":"marine_farm"}}},{"type":"Feature","geometry":{"type":"Polygon","coordinates":[[[120.9521234,13.9698316],[120.9520263,13.9698349],[120.9520294,13.969925],[120.9521293,13.9699235],[120.9521234,13.9698316]]]},"properties":{"osm_id":1235832112,"osm_type":"way","seamark_type":"marine_farm","display_class":"OTHER","min_zoom":12,"importance":1,"name":null,"ref":null,"common":{"type":"marine_farm"},"children":{},"osm_tags":{"aquaculture":"fish","landuse":"aquaculture","seamark:type":"marine_farm"}}},{"type":"Feature","geometry":{"type":"Polygon","coordinates":[[[120.9512909,13.969124],[120.9512155,13.9691834],[120.9512739,13.9692535],[120.9513527,13.9691938],[120.9512909,13.969124]]]},"properties":{"osm_id":1235832113,"osm_type":"way","seamark_type":"marine_farm","display_class":"OTHER","min_zoom":12,"importance":1,"name":null,"ref":null,"common":{"type":"marine_farm"},"children":{},"osm_tags":{"aquaculture":"fish","landuse":"aquaculture","seamark:type":"marine_farm"}}},{"type":"Feature","geometry":{"type":"Polygon","coordinates":[[[120.9511918,13.9692333],[120.9511209,13.9692976],[120.9511842,13.9693636],[120.9512585,13.9692988],[120.9511918,13.9692333]]]},"properties":{"osm_id":1235832114,"osm_type":"way","seamark_type":"marine_farm","display_class":"OTHER","min_zoom":12,"importance":1,"name":null,"ref":null,"common":{"type":"marine_farm"},"children":{},"osm_tags":{"aquaculture":"fish","landuse":"aquaculture","seamark:type":"marine_farm"}}},{"type":"Feature","geometry":{"type":"Polygon","coordinates":[[[120.951352,13.9701551],[120.9512577,13.9701774],[120.9512794,13.970265],[120.951377,13.970244],[120.951352,13.9701551]]]},"properties":{"osm_id":1235832115,"osm_type":"way","seamark_type":"marine_farm","display_class":"OTHER","min_zoom":12,"importance":1,"name":null,"ref":null,"common":{"type":"marine_farm"},"children":{},"osm_tags":{"aquaculture":"fish","landuse":"aquaculture","seamark:type":"marine_farm"}}},{"type":"Feature","geometry":{"type":"Polygon","coordinates":[[[120.9513149,13.9706656],[120.9512388,13.9707241],[120.9512963,13.9707948],[120.9513759,13.9707361],[120.9513149,13.9706656]]]},"properties":{"osm_id":1235832116,"osm_type":"way","seamark_type":"marine_farm","display_class":"OTHER","min_zoom":12,"importance":1,"name":null,"ref":null,"common":{"type":"marine_farm"},"children":{},"osm_tags":{"aquaculture":"fish","landuse":"aquaculture","seamark:type":"marine_farm"}}},{"type":"Feature","geometry":{"type":"Polygon","coordinates":[[[120.9519003,13.9707107],[120.9518242,13.9707692],[120.9518817,13.97084],[120.9519613,13.9707813],[120.9519003,13.9707107]]]},"properties":{"osm_id":1235832117,"osm_type":"way","seamark_type":"marine_farm","display_class":"OTHER","min_zoom":12,"importance":1,"name":null,"ref":null,"common":{"type":"marine_farm"},"children":{},"osm_tags":{"aquaculture":"fish","landuse":"aquaculture","seamark:type":"marine_farm"}}},{"type":"Feature","geometry":{"type":"Polygon","coordinates":[[[120.9516014,13.9708889],[120.9515149,13.9709317],[120.9515568,13.9710121],[120.9516468,13.9709698],[120.9516014,13.9708889]]]},"properties":{"osm_id":1235832118,"osm_type":"way","seamark_type":"marine_farm","display_class":"OTHER","min_zoom":12,"importance":1,"name":null,"ref":null,"common":{"type":"marine_farm"},"children":{},"osm_tags":{"aquaculture":"fish","landuse":"aquaculture","seamark:type":"marine_farm"}}},{"type":"Feature","geometry":{"type":"Polygon","coordinates":[[[120.9513292,13.9710278],[120.9512682,13.971101],[120.9513402,13.9711579],[120.9514046,13.9710837],[120.9513292,13.9710278]]]},"properties":{"osm_id":1235832119,"osm_type":"way","seamark_type":"marine_farm","display_class":"OTHER","min_zoom":12,"importance":1,"name":null,"ref":null,"common":{"type":"marine_farm"},"children":{},"osm_tags":{"aquaculture":"fish","landuse":"aquaculture","seamark:type":"marine_farm"}}},{"type":"Feature","geometry":{"type":"Polygon","coordinates":[[[120.9522447,13.9709333],[120.9521686,13.9709918],[120.9522261,13.9710626],[120.9523056,13.9710038],[120.9522447,13.9709333]]]},"properties":{"osm_id":1235832120,"osm_type":"way","seamark_type":"marine_farm","display_class":"OTHER","min_zoom":12,"importance":1,"name":null,"ref":null,"common":{"type":"marine_farm"},"children":{},"osm_tags":{"aquaculture":"fish","landuse":"aquaculture","seamark:type":"marine_farm"}}},{"type":"Feature","geometry":{"type":"Polygon","coordinates":[[[120.9520027,13.9710023],[120.9519266,13.9710608],[120.9519841,13.9711316],[120.9520637,13.9710729],[120.9520027,13.9710023]]]},"properties":{"osm_id":1235832121,"osm_type":"way","seamark_type":"marine_farm","display_class":"OTHER","min_zoom":12,"importance":1,"name":null,"ref":null,"common":{"type":"marine_farm"},"children":{},"osm_tags":{"aquaculture":"fish","landuse":"aquaculture","seamark:type":"marine_farm"}}},{"type":"Feature","geometry":{"type":"Polygon","coordinates":[[[120.9518055,13.9711109],[120.9517294,13.9711694],[120.9517869,13.9712401],[120.9518665,13.9711814],[120.9518055,13.9711109]]]},"properties":{"osm_id":1235832122,"osm_type":"way","seamark_type":"marine_farm","display_class":"OTHER","min_zoom":12,"importance":1,"name":null,"ref":null,"common":{"type":"marine_farm"},"children":{},"osm_tags":{"aquaculture":"fish","landuse":"aquaculture","seamark:type":"marine_farm"}}},{"type":"Feature","geometry":{"type":"Polygon","coordinates":[[[120.9515595,13.9713101],[120.9514834,13.9713686],[120.9515409,13.9714394],[120.9516205,13.9713807],[120.9515595,13.9713101]]]},"properties":{"osm_id":1235832123,"osm_type":"way","seamark_type":"marine_farm","display_class":"OTHER","min_zoom":12,"importance":1,"name":null,"ref":null,"common":{"type":"marine_farm"},"children":{},"osm_tags":{"aquaculture":"fish","landuse":"aquaculture","seamark:type":"marine_farm"}}},{"type":"Feature","geometry":{"type":"Polygon","coordinates":[[[120.9511773,13.9707577],[120.9511012,13.9708162],[120.9511587,13.970887],[120.9512382,13.9708282],[120.9511773,13.9707577]]]},"properties":{"osm_id":1235832124,"osm_type":"way","seamark_type":"marine_farm","display_class":"OTHER","min_zoom":12,"importance":1,"name":null,"ref":null,"common":{"type":"marine_farm"},"children":{},"osm_tags":{"aquaculture":"fish","landuse":"aquaculture","seamark:type":"marine_farm"}}},{"type":"Feature","geometry":{"type":"Polygon","coordinates":[[[120.9518195,13.9727631],[120.9517663,13.9728419],[120.9518438,13.9728915],[120.9519003,13.9728114],[120.9518195,13.9727631]]]},"properties":{"osm_id":1235832641,"osm_type":"way","seamark_type":"marine_farm","display_class":"OTHER","min_zoom":12,"importance":1,"name":null,"ref":null,"common":{"type":"marine_farm"},"children":{},"osm_tags":{"aquaculture":"fish","landuse":"aquaculture","seamark:type":"marine_farm"}}},{"type":"Feature","geometry":{"type":"Polygon","coordinates":[[[120.952989,13.9734106],[120.9529149,13.9734714],[120.9529746,13.9735404],[120.9530522,13.9734793],[120.952989,13.9734106]]]},"properties":{"osm_id":1235832642,"osm_type":"way","seamark_type":"marine_farm","display_class":"OTHER","min_zoom":12,"importance":1,"name":null,"ref":null,"common":{"type":"marine_farm"},"children":{},"osm_tags":{"aquaculture":"fish","landuse":"aquaculture","seamark:type":"marine_farm"}}},{"type":"Feature","geometry":{"type":"Polygon","coordinates":[[[120.9530986,13.9733221],[120.9530196,13.9733767],[120.9530732,13.9734502],[120.9531558,13.9733955],[120.9530986,13.9733221]]]},"properties":{"osm_id":1235832643,"osm_type":"way","seamark_type":"marine_farm","display_class":"OTHER","min_zoom":12,"importance":1,"name":null,"ref":null,"common":{"type":"marine_farm"},"children":{},"osm_tags":{"aquaculture":"fish","landuse":"aquaculture","seamark:type":"marine_farm"}}},{"type":"Feature","geometry":{"type":"Polygon","coordinates":[[[120.9532046,13.9732229],[120.9531282,13.973281],[120.9531852,13.9733521],[120.9532651,13.9732938],[120.9532046,13.9732229]]]},"properties":{"osm_id":1235832644,"osm_type":"way","seamark_type":"marine_farm","display_class":"OTHER","min_zoom":12,"importance":1,"name":null,"ref":null,"common":{"type":"marine_farm"},"children":{},"osm_tags":{"aquaculture":"fish","landuse":"aquaculture","seamark:type":"marine_farm"}}},{"type":"Feature","geometry":{"type":"Polygon","coordinates":[[[120.9533822,13.9737334],[120.9532955,13.9737757],[120.9533369,13.9738563],[120.9534272,13.9738145],[120.9533822,13.9737334]]]},"properties":{"osm_id":1235832645,"osm_type":"way","seamark_type":"marine_farm","display_class":"OTHER","min_zoom":12,"importance":1,"name":null,"ref":null,"common":{"type":"marine_farm"},"children":{},"osm_tags":{"aquaculture":"fish","landuse":"aquaculture","seamark:type":"marine_farm"}}},{"type":"Feature","geometry":{"type":"Polygon","coordinates":[[[120.953491,13.9736868],[120.9533999,13.9737193],[120.9534317,13.973804],[120.9535262,13.9737723],[120.953491,13.9736868]]]},"properties":{"osm_id":1235832646,"osm_type":"way","seamark_type":"marine_farm","display_class":"OTHER","min_zoom":12,"importance":1,"name":null,"ref":null,"common":{"type":"marine_farm"},"children":{},"osm_tags":{"aquaculture":"fish","landuse":"aquaculture","seamark:type":"marine_farm"}}},{"type":"Feature","geometry":{"type":"Polygon","coordinates":[[[120.9537141,13.9739698],[120.9536412,13.974032],[120.9537024,13.9740998],[120.9537787,13.9740372],[120.9537141,13.9739698]]]},"properties":{"osm_id":1235832647,"osm_type":"way","seamark_type":"marine_farm","display_class":"OTHER","min_zoom":12,"importance":1,"name":null,"ref":null,"common":{"type":"marine_farm"},"children":{},"osm_tags":{"aquaculture":"fish","landuse":"aquaculture","seamark:type":"marine_farm"}}},{"type":"Feature","geometry":{"type":"Polygon","coordinates":[[[120.9536285,13.9734387],[120.9535565,13.9735018],[120.9536185,13.9735688],[120.953694,13.9735052],[120.9536285,13.9734387]]]},"properties":{"osm_id":1235832648,"osm_type":"way","seamark_type":"marine_farm","display_class":"OTHER","min_zoom":12,"importance":1,"name":null,"ref":null,"common":{"type":"marine_farm"},"children":{},"osm_tags":{"aquaculture":"fish","landuse":"aquaculture","seamark:type":"marine_farm"}}},{"type":"Feature","geometry":{"type":"Polygon","coordinates":[[[120.9537519,13.9733308],[120.9536776,13.9733914],[120.9537373,13.9734605],[120.953815,13.9733995],[120.9537519,13.9733308]]]},"properties":{"osm_id":1235832649,"osm_type":"way","seamark_type":"marine_farm","display_class":"OTHER","min_zoom":12,"importance":1,"name":null,"ref":null,"common":{"type":"marine_farm"},"children":{},"osm_tags":{"aquaculture":"fish","landuse":"aquaculture","seamark:type":"marine_farm"}}},{"type":"Feature","geometry":{"type":"Polygon","coordinates":[[[120.9533251,13.9729075],[120.9532562,13.9729738],[120.9533213,13.973038],[120.9533938,13.9729711],[120.9533251,13.9729075]]]},"properties":{"osm_id":1235832650,"osm_type":"way","seamark_type":"marine_farm","display_class":"OTHER","min_zoom":12,"importance":1,"name":null,"ref":null,"common":{"type":"marine_farm"},"children":{},"osm_tags":{"aquaculture":"fish","landuse":"aquaculture","seamark:type":"marine_farm"}}},{"type":"Feature","geometry":{"type":"Polygon","coordinates":[[[120.9534456,13.9728116],[120.9533702,13.9728709],[120.9534285,13.972941],[120.9535074,13.9728814],[120.9534456,13.9728116]]]},"properties":{"osm_id":1235832651,"osm_type":"way","seamark_type":"marine_farm","display_class":"OTHER","min_zoom":12,"importance":1,"name":null,"ref":null,"common":{"type":"marine_farm"},"children":{},"osm_tags":{"aquaculture":"fish","landuse":"aquaculture","seamark:type":"marine_farm"}}},{"type":"Feature","geometry":{"type":"Polygon","coordinates":[[[120.9535762,13.9727229],[120.9534967,13.972777],[120.9535498,13.9728509],[120.9536328,13.9727969],[120.9535762,13.9727229]]]},"properties":{"osm_id":1235832652,"osm_type":"way","seamark_type":"marine_farm","display_class":"OTHER","min_zoom":12,"importance":1,"name":null,"ref":null,"common":{"type":"marine_farm"},"children":{},"osm_tags":{"aquaculture":"fish","landuse":"aquaculture","seamark:type":"marine_farm"}}},{"type":"Feature","geometry":{"type":"Polygon","coordinates":[[[120.9537087,13.9725973],[120.9536412,13.9726651],[120.9537079,13.9727279],[120.9537787,13.9726594],[120.9537087,13.9725973]]]},"properties":{"osm_id":1235832653,"osm_type":"way","seamark_type":"marine_farm","display_class":"OTHER","min_zoom":12,"importance":1,"name":null,"ref":null,"common":{"type":"marine_farm"},"children":{},"osm_tags":{"aquaculture":"fish","landuse":"aquaculture","seamark:type":"marine_farm"}}},{"type":"Feature","geometry":{"type":"Polygon","coordinates":[[[120.9538874,13.9723942],[120.9538342,13.972473],[120.9539118,13.9725226],[120.9539682,13.9724425],[120.9538874,13.9723942]]]},"properties":{"osm_id":1235832654,"osm_type":"way","seamark_type":"marine_farm","display_class":"OTHER","min_zoom":12,"importance":1,"name":null,"ref":null,"common":{"type":"marine_farm"},"children":{},"osm_tags":{"aquaculture":"fish","landuse":"aquaculture","seamark:type":"marine_farm"}}},{"type":"Feature","geometry":{"type":"Polygon","coordinates":[[[120.9513501,13.9714196],[120.9512658,13.9714662],[120.9513115,13.9715446],[120.9513994,13.9714983],[120.9513501,13.9714196]]]},"properties":{"osm_id":1235832655,"osm_type":"way","seamark_type":"marine_farm","display_class":"OTHER","min_zoom":12,"importance":1,"name":null,"ref":null,"common":{"type":"marine_farm"},"children":{},"osm_tags":{"aquaculture":"fish","landuse":"aquaculture","seamark:type":"marine_farm"}}},{"type":"Feature","geometry":{"type":"Polygon","coordinates":[[[120.951129,13.9711312],[120.9510548,13.9711919],[120.9511144,13.971261],[120.9511921,13.9712],[120.951129,13.9711312]]]},"properties":{"osm_id":1235832656,"osm_type":"way","seamark_type":"marine_farm","display_class":"OTHER","min_zoom":12,"importance":1,"name":null,"ref":null,"common":{"type":"marine_farm"},"children":{},"osm_tags":{"aquaculture":"fish","landuse":"aquaculture","seamark:type":"marine_farm"}}},{"type":"Feature","geometry":{"type":"Polygon","coordinates":[[[120.9513835,13.9747388],[120.9513231,13.9748004],[120.9513861,13.9748589],[120.9514419,13.9747889],[120.9513835,13.9747388]]]},"properties":{"osm_id":1236053865,"osm_type":"way","seamark_type":"marine_farm","display_class":"OTHER","min_zoom":12,"importance":1,"name":null,"ref":null,"common":{"type":"marine_farm"},"children":{},"osm_tags":{"aquaculture":"fish","landuse":"aquaculture","seamark:type":"marine_farm"}}},{"type":"Feature","geometry":{"type":"Polygon","coordinates":[[[120.9520219,13.9752749],[120.9519615,13.9753365],[120.9520191,13.9753898],[120.9520803,13.975325],[120.9520219,13.9752749]]]},"properties":{"osm_id":1236053866,"osm_type":"way","seamark_type":"marine_farm","display_class":"OTHER","min_zoom":12,"importance":1,"name":null,"ref":null,"common":{"type":"marine_farm"},"children":{},"osm_tags":{"aquaculture":"fish","landuse":"aquaculture","seamark:type":"marine_farm"}}},{"type":"Feature","geometry":{"type":"Polygon","coordinates":[[[120.9523115,13.9753738],[120.9522511,13.9754511],[120.9523356,13.9755304],[120.9524075,13.97545],[120.9523115,13.9753738]]]},"properties":{"osm_id":1236053867,"osm_type":"way","seamark_type":"marine_farm","display_class":"OTHER","min_zoom":12,"importance":1,"name":null,"ref":null,"common":{"type":"marine_farm"},"children":{},"osm_tags":{"aquaculture":"fish","landuse":"aquaculture","seamark:type":"marine_farm"}}},{"type":"Feature","geometry":{"type":"Polygon","coordinates":[[[120.952671,13.9755456],[120.9526106,13.9756072],[120.9526682,13.9756605],[120.9527294,13.9755957],[120.952671,13.9755456]]]},"properties":{"osm_id":1236053868,"osm_type":"way","seamark_type":"marine_farm","display_class":"OTHER","min_zoom":12,"importance":1,"name":null,"ref":null,"common":{"type":"marine_farm"},"children":{},"osm_tags":{"aquaculture":"fish","landuse":"aquaculture","seamark:type":"marine_farm"}}},{"type":"Feature","geometry":{"type":"Polygon","coordinates":[[[120.9529553,13.9756654],[120.9528949,13.975727],[120.9529525,13.9757803],[120.9530137,13.9757155],[120.9529553,13.9756654]]]},"properties":{"osm_id":1236053869,"osm_type":"way","seamark_type":"marine_farm","display_class":"OTHER","min_zoom":12,"importance":1,"name":null,"ref":null,"common":{"type":"marine_farm"},"children":{},"osm_tags":{"aquaculture":"fish","landuse":"aquaculture","seamark:type":"marine_farm"}}},{"type":"Feature","geometry":{"type":"Polygon","coordinates":[[[120.953245,13.9757747],[120.9531846,13.9758363],[120.9532422,13.9758896],[120.9533034,13.9758248],[120.953245,13.9757747]]]},"properties":{"osm_id":1236053870,"osm_type":"way","seamark_type":"marine_farm","display_class":"OTHER","min_zoom":12,"importance":1,"name":null,"ref":null,"common":{"type":"marine_farm"},"children":{},"osm_tags":{"aquaculture":"fish","landuse":"aquaculture","seamark:type":"marine_farm"}}},{"type":"Feature","geometry":{"type":"Polygon","coordinates":[[[120.9534756,13.9758944],[120.9534152,13.975956],[120.9534728,13.9760093],[120.953534,13.9759445],[120.9534756,13.9758944]]]},"properties":{"osm_id":1236053871,"osm_type":"way","seamark_type":"marine_farm","display_class":"OTHER","min_zoom":12,"importance":1,"name":null,"ref":null,"common":{"type":"marine_farm"},"children":{},"osm_tags":{"aquaculture":"fish","landuse":"aquaculture","seamark:type":"marine_farm"}}},{"type":"Feature","geometry":{"type":"Polygon","coordinates":[[[120.9516857,13.9752548],[120.9516642,13.9752852],[120.9516927,13.975308],[120.9517123,13.975275],[120.9516857,13.9752548]]]},"properties":{"osm_id":1236053872,"osm_type":"way","seamark_type":"marine_farm","display_class":"OTHER","min_zoom":12,"importance":1,"name":null,"ref":null,"common":{"type":"marine_farm"},"children":{},"osm_tags":{"aquaculture":"fish","landuse":"aquaculture","seamark:type":"marine_farm"}}},{"type":"Feature","geometry":{"type":"Polygon","coordinates":[[[120.9529195,13.9752704],[120.952898,13.9753008],[120.9529265,13.9753236],[120.9529461,13.9752906],[120.9529195,13.9752704]]]},"properties":{"osm_id":1236053873,"osm_type":"way","seamark_type":"marine_farm","display_class":"OTHER","min_zoom":12,"importance":1,"name":null,"ref":null,"common":{"type":"marine_farm"},"children":{},"osm_tags":{"aquaculture":"fish","landuse":"aquaculture","seamark:type":"marine_farm"}}},{"type":"Feature","geometry":{"type":"Polygon","coordinates":[[[120.9532736,13.9756348],[120.9532521,13.9756652],[120.9532806,13.975688],[120.9533002,13.975655],[120.9532736,13.9756348]]]},"properties":{"osm_id":1236053874,"osm_type":"way","seamark_type":"marine_farm","display_class":"OTHER","min_zoom":12,"importance":1,"name":null,"ref":null,"common":{"type":"marine_farm"},"children":{},"osm_tags":{"aquaculture":"fish","landuse":"aquaculture","seamark:type":"marine_farm"}}},{"type":"Feature","geometry":{"type":"Polygon","coordinates":[[[120.9536223,13.976119],[120.9536008,13.9761494],[120.9536293,13.9761722],[120.9536489,13.9761392],[120.9536223,13.976119]]]},"properties":{"osm_id":1236053875,"osm_type":"way","seamark_type":"marine_farm","display_class":"OTHER","min_zoom":12,"importance":1,"name":null,"ref":null,"common":{"type":"marine_farm"},"children":{},"osm_tags":{"aquaculture":"fish","landuse":"aquaculture","seamark:type":"marine_farm"}}},{"type":"Feature","geometry":{"type":"Polygon","coordinates":[[[120.9540613,13.9769147],[120.9540283,13.9769503],[120.9540637,13.9769817],[120.9541003,13.9769514],[120.9540613,13.9769147]]]},"properties":{"osm_id":1236053876,"osm_type":"way","seamark_type":"marine_farm","display_class":"OTHER","min_zoom":12,"importance":1,"name":null,"ref":null,"common":{"type":"marine_farm"},"children":{},"osm_tags":{"aquaculture":"fish","landuse":"aquaculture","seamark:type":"marine_farm"}}},{"type":"Feature","geometry":{"type":"Polygon","coordinates":[[[120.9518609,13.9759569],[120.9518005,13.9760185],[120.9518581,13.9760718],[120.9519301,13.976007],[120.9518609,13.9759569]]]},"properties":{"osm_id":1236053877,"osm_type":"way","seamark_type":"marine_farm","display_class":"OTHER","min_zoom":12,"importance":1,"name":null,"ref":null,"common":{"type":"marine_farm"},"children":{},"osm_tags":{"aquaculture":"fish","landuse":"aquaculture","seamark:type":"marine_farm"}}},{"type":"Feature","geometry":{"type":"Polygon","coordinates":[[[120.9524939,13.9760662],[120.9524335,13.9761278],[120.9524911,13.9761811],[120.9525523,13.9761163],[120.9524939,13.9760662]]]},"properties":{"osm_id":1236053878,"osm_type":"way","seamark_type":"marine_farm","display_class":"OTHER","min_zoom":12,"importance":1,"name":null,"ref":null,"common":{"type":"marine_farm"},"children":{},"osm_tags":{"aquaculture":"fish","landuse":"aquaculture","seamark:type":"marine_farm"}}},{"type":"Feature","geometry":{"type":"Polygon","coordinates":[[[120.9527353,13.9762276],[120.9526749,13.9762892],[120.9527325,13.9763425],[120.9527937,13.9762777],[120.9527353,13.9762276]]]},"properties":{"osm_id":1236053879,"osm_type":"way","seamark_type":"marine_farm","display_class":"OTHER","min_zoom":12,"importance":1,"name":null,"ref":null,"common":{"type":"marine_farm"},"children":{},"osm_tags":{"aquaculture":"fish","landuse":"aquaculture","seamark:type":"marine_farm"}}},{"type":"Feature","geometry":{"type":"Polygon","coordinates":[[[120.9534649,13.9742442],[120.9533938,13.974311],[120.9534514,13.9743903],[120.9535126,13.974336],[120.9534649,13.9742442]]]},"properties":{"osm_id":1236053880,"osm_type":"way","seamark_type":"marine_farm","display_class":"OTHER","min_zoom":12,"importance":1,"name":null,"ref":null,"common":{"type":"marine_farm"},"children":{},"osm_tags":{"aquaculture":"fish","landuse":"aquaculture","seamark:type":"marine_farm"}}},{"type":"Feature","geometry":{"type":"Polygon","coordinates":[[[120.9540121,13.9746086],[120.9539517,13.9746858],[120.9540093,13.9747391],[120.9540812,13.9746691],[120.9540121,13.9746086]]]},"properties":{"osm_id":1236053881,"osm_type":"way","seamark_type":"marine_farm","display_class":"OTHER","min_zoom":12,"importance":1,"name":null,"ref":null,"common":{"type":"marine_farm"},"children":{},"osm_tags":{"aquaculture":"fish","landuse":"aquaculture","seamark:type":"marine_farm"}}},{"type":"Feature","geometry":{"type":"Polygon","coordinates":[[[120.9599761,13.976783],[120.9599135,13.9768493],[120.9599819,13.9769102],[120.9600446,13.9768438],[120.9599761,13.976783]]]},"properties":{"osm_id":1236595728,"osm_type":"way","seamark_type":"marine_farm","display_class":"OTHER","min_zoom":12,"importance":1,"name":null,"ref":null,"common":{"type":"marine_farm"},"children":{},"osm_tags":{"aquaculture":"fish","landuse":"aquaculture","seamark:type":"marine_farm"}}},{"type":"Feature","geometry":{"type":"Polygon","coordinates":[[[120.9594526,13.9767814],[120.9593866,13.9768516],[120.9594601,13.9769167],[120.9595262,13.9768465],[120.9594526,13.9767814]]]},"properties":{"osm_id":1236595729,"osm_type":"way","seamark_type":"marine_farm","display_class":"OTHER","min_zoom":12,"importance":1,"name":null,"ref":null,"common":{"type":"marine_farm"},"children":{},"osm_tags":{"aquaculture":"fish","landuse":"aquaculture","seamark:type":"marine_farm"}}},{"type":"Feature","geometry":{"type":"Polygon","coordinates":[[[120.9597244,13.9770788],[120.9596618,13.9771452],[120.9597302,13.9772061],[120.9597929,13.9771397],[120.9597244,13.9770788]]]},"properties":{"osm_id":1236595730,"osm_type":"way","seamark_type":"marine_farm","display_class":"OTHER","min_zoom":12,"importance":1,"name":null,"ref":null,"common":{"type":"marine_farm"},"children":{},"osm_tags":{"aquaculture":"fish","landuse":"aquaculture","seamark:type":"marine_farm"}}},{"type":"Feature","geometry":{"type":"Polygon","coordinates":[[[120.9596495,13.9771635],[120.9595894,13.9772321],[120.95966,13.9772904],[120.9597202,13.9772219],[120.9596495,13.9771635]]]},"properties":{"osm_id":1236595731,"osm_type":"way","seamark_type":"marine_farm","display_class":"OTHER","min_zoom":12,"importance":1,"name":null,"ref":null,"common":{"type":"marine_farm"},"children":{},"osm_tags":{"aquaculture":"fish","landuse":"aquaculture","seamark:type":"marine_farm"}}},{"type":"Feature","geometry":{"type":"Polygon","coordinates":[[[120.9595674,13.9772459],[120.9595098,13.9773164],[120.9595824,13.9773724],[120.9596401,13.9773019],[120.9595674,13.9772459]]]},"properties":{"osm_id":1236595732,"osm_type":"way","seamark_type":"marine_farm","display_class":"OTHER","min_zoom":12,"importance":1,"name":null,"ref":null,"common":{"type":"marine_farm"},"children":{},"osm_tags":{"aquaculture":"fish","landuse":"aquaculture","seamark:type":"marine_farm"}}},{"type":"Feature","geometry":{"type":"Polygon","coordinates":[[[120.9601044,13.977262],[120.9600417,13.9773284],[120.9601101,13.9773892],[120.9601728,13.9773228],[120.9601044,13.977262]]]},"properties":{"osm_id":1236595733,"osm_type":"way","seamark_type":"marine_farm","display_class":"OTHER","min_zoom":12,"importance":1,"name":null,"ref":null,"common":{"type":"marine_farm"},"children":{},"osm_tags":{"aquaculture":"fish","landuse":"aquaculture","seamark:type":"marine_farm"}}},{"type":"Feature","geometry":{"type":"Polygon","coordinates":[[[120.960012,13.9773278],[120.9599426,13.9773875],[120.9600041,13.9774549],[120.9600736,13.9773952],[120.960012,13.9773278]]]},"properties":{"osm_id":1236595734,"osm_type":"way","seamark_type":"marine_farm","display_class":"OTHER","min_zoom":12,"importance":1,"name":null,"ref":null,"common":{"type":"marine_farm"},"children":{},"osm_tags":{"aquaculture":"fish","landuse":"aquaculture","seamark:type":"marine_farm"}}},{"type":"Feature","geometry":{"type":"Polygon","coordinates":[[[120.9599291,13.977403],[120.959858,13.9774608],[120.9599175,13.9775299],[120.9599887,13.9774721],[120.9599291,13.977403]]]},"properties":{"osm_id":1236595735,"osm_type":"way","seamark_type":"marine_farm","display_class":"OTHER","min_zoom":12,"importance":1,"name":null,"ref":null,"common":{"type":"marine_farm"},"children":{},"osm_tags":{"aquaculture":"fish","landuse":"aquaculture","seamark:type":"marine_farm"}}},{"type":"Feature","geometry":{"type":"Polygon","coordinates":[[[120.9598362,13.9774734],[120.959766,13.9775322],[120.9598265,13.9776004],[120.9598969,13.9775416],[120.9598362,13.9774734]]]},"properties":{"osm_id":1236595736,"osm_type":"way","seamark_type":"marine_farm","display_class":"OTHER","min_zoom":12,"importance":1,"name":null,"ref":null,"common":{"type":"marine_farm"},"children":{},"osm_tags":{"aquaculture":"fish","landuse":"aquaculture","seamark:type":"marine_farm"}}},{"type":"Feature","geometry":{"type":"Polygon","coordinates":[[[120.9604044,13.9769943],[120.9603418,13.9770607],[120.9604102,13.9771215],[120.9604729,13.9770551],[120.9604044,13.9769943]]]},"properties":{"osm_id":1236595737,"osm_type":"way","seamark_type":"marine_farm","display_class":"OTHER","min_zoom":12,"importance":1,"name":null,"ref":null,"common":{"type":"marine_farm"},"children":{},"osm_tags":{"aquaculture":"fish","landuse":"aquaculture","seamark:type":"marine_farm"}}},{"type":"Feature","geometry":{"type":"Polygon","coordinates":[[[120.9604843,13.9769121],[120.9604217,13.9769785],[120.96049,13.9770393],[120.9605527,13.9769729],[120.9604843,13.9769121]]]},"properties":{"osm_id":1236595738,"osm_type":"way","seamark_type":"marine_farm","display_class":"OTHER","min_zoom":12,"importance":1,"name":null,"ref":null,"common":{"type":"marine_farm"},"children":{},"osm_tags":{"aquaculture":"fish","landuse":"aquaculture","seamark:type":"marine_farm"}}},{"type":"Feature","geometry":{"type":"Polygon","coordinates":[[[120.9605859,13.9768205],[120.9605233,13.9768869],[120.9605917,13.9769478],[120.9606544,13.9768814],[120.9605859,13.9768205]]]},"properties":{"osm_id":1236595739,"osm_type":"way","seamark_type":"marine_farm","display_class":"OTHER","min_zoom":12,"importance":1,"name":null,"ref":null,"common":{"type":"marine_farm"},"children":{},"osm_tags":{"aquaculture":"fish","landuse":"aquaculture","seamark:type":"marine_farm"}}},{"type":"Feature","geometry":{"type":"Polygon","coordinates":[[[120.96068,13.9767527],[120.9606082,13.9768096],[120.9606669,13.9768794],[120.9607388,13.9768224],[120.96068,13.9767527]]]},"properties":{"osm_id":1236595740,"osm_type":"way","seamark_type":"marine_farm","display_class":"OTHER","min_zoom":12,"importance":1,"name":null,"ref":null,"common":{"type":"marine_farm"},"children":{},"osm_tags":{"aquaculture":"fish","landuse":"aquaculture","seamark:type":"marine_farm"}}},{"type":"Feature","geometry":{"type":"Polygon","coordinates":[[[120.961045,13.9768589],[120.9610032,13.9769392],[120.9610859,13.9769799],[120.9611279,13.9768995],[120.961045,13.9768589]]]},"properties":{"osm_id":1236595741,"osm_type":"way","seamark_type":"marine_farm","display_class":"OTHER","min_zoom":12,"importance":1,"name":null,"ref":null,"common":{"type":"marine_farm"},"children":{},"osm_tags":{"aquaculture":"fish","landuse":"aquaculture","seamark:type":"marine_farm"}}},{"type":"Feature","geometry":{"type":"Polygon","coordinates":[[[120.9609663,13.9769635],[120.9609199,13.9770414],[120.9610001,13.9770866],[120.9610466,13.9770086],[120.9609663,13.9769635]]]},"properties":{"osm_id":1236595742,"osm_type":"way","seamark_type":"marine_farm","display_class":"OTHER","min_zoom":12,"importance":1,"name":null,"ref":null,"common":{"type":"marine_farm"},"children":{},"osm_tags":{"aquaculture":"fish","landuse":"aquaculture","seamark:type":"marine_farm"}}},{"type":"Feature","geometry":{"type":"Polygon","coordinates":[[[120.9609059,13.9770581],[120.9608624,13.9771376],[120.9609444,13.9771798],[120.9609879,13.9771003],[120.9609059,13.9770581]]]},"properties":{"osm_id":1236595743,"osm_type":"way","seamark_type":"marine_farm","display_class":"OTHER","min_zoom":12,"importance":1,"name":null,"ref":null,"common":{"type":"marine_farm"},"children":{},"osm_tags":{"aquaculture":"fish","landuse":"aquaculture","seamark:type":"marine_farm"}}},{"type":"Feature","geometry":{"type":"Polygon","coordinates":[[[120.9610705,13.9771531],[120.9610208,13.9772291],[120.9610991,13.9772774],[120.9611489,13.9772014],[120.9610705,13.9771531]]]},"properties":{"osm_id":1236595744,"osm_type":"way","seamark_type":"marine_farm","display_class":"OTHER","min_zoom":12,"importance":1,"name":null,"ref":null,"common":{"type":"marine_farm"},"children":{},"osm_tags":{"aquaculture":"fish","landuse":"aquaculture","seamark:type":"marine_farm"}}},{"type":"Feature","geometry":{"type":"Polygon","coordinates":[[[120.9611604,13.9772117],[120.9611103,13.9772874],[120.9611883,13.9773362],[120.9612385,13.9772604],[120.9611604,13.9772117]]]},"properties":{"osm_id":1236595745,"osm_type":"way","seamark_type":"marine_farm","display_class":"OTHER","min_zoom":12,"importance":1,"name":null,"ref":null,"common":{"type":"marine_farm"},"children":{},"osm_tags":{"aquaculture":"fish","landuse":"aquaculture","seamark:type":"marine_farm"}}},{"type":"Feature","geometry":{"type":"Polygon","coordinates":[[[120.9611026,13.9772981],[120.9610614,13.9773787],[120.9611445,13.9774188],[120.9611858,13.9773382],[120.9611026,13.9772981]]]},"properties":{"osm_id":1236595746,"osm_type":"way","seamark_type":"marine_farm","display_class":"OTHER","min_zoom":12,"importance":1,"name":null,"ref":null,"common":{"type":"marine_farm"},"children":{},"osm_tags":{"aquaculture":"fish","landuse":"aquaculture","seamark:type":"marine_farm"}}},{"type":"Feature","geometry":{"type":"Polygon","coordinates":[[[120.9610489,13.9774002],[120.961002,13.9774778],[120.961082,13.9775234],[120.961129,13.9774458],[120.9610489,13.9774002]]]},"properties":{"osm_id":1236595747,"osm_type":"way","seamark_type":"marine_farm","display_class":"OTHER","min_zoom":12,"importance":1,"name":null,"ref":null,"common":{"type":"marine_farm"},"children":{},"osm_tags":{"aquaculture":"fish","landuse":"aquaculture","seamark:type":"marine_farm"}}},{"type":"Feature","geometry":{"type":"Polygon","coordinates":[[[120.960985,13.9775029],[120.9609458,13.9775845],[120.9610298,13.9776226],[120.9610691,13.977541],[120.960985,13.9775029]]]},"properties":{"osm_id":1236595748,"osm_type":"way","seamark_type":"marine_farm","display_class":"OTHER","min_zoom":12,"importance":1,"name":null,"ref":null,"common":{"type":"marine_farm"},"children":{},"osm_tags":{"aquaculture":"fish","landuse":"aquaculture","seamark:type":"marine_farm"}}},{"type":"Feature","geometry":{"type":"Polygon","coordinates":[[[120.96054,13.9776003],[120.9604698,13.9776591],[120.9605303,13.9777273],[120.9606007,13.9776685],[120.96054,13.9776003]]]},"properties":{"osm_id":1236611963,"osm_type":"way","seamark_type":"marine_farm","display_class":"OTHER","min_zoom":12,"importance":1,"name":null,"ref":null,"common":{"type":"marine_farm"},"children":{},"osm_tags":{"aquaculture":"fish","landuse":"aquaculture","seamark:type":"marine_farm"}}},{"type":"Feature","geometry":{"type":"Polygon","coordinates":[[[120.9604571,13.9776866],[120.9603869,13.9777454],[120.9604474,13.9778136],[120.9605178,13.9777548],[120.9604571,13.9776866]]]},"properties":{"osm_id":1236611964,"osm_type":"way","seamark_type":"marine_farm","display_class":"OTHER","min_zoom":12,"importance":1,"name":null,"ref":null,"common":{"type":"marine_farm"},"children":{},"osm_tags":{"aquaculture":"fish","landuse":"aquaculture","seamark:type":"marine_farm"}}},{"type":"Feature","geometry":{"type":"Polygon","coordinates":[[[120.9603674,13.9777937],[120.9603147,13.9778677],[120.9603909,13.977919],[120.9604439,13.9778449],[120.9603674,13.9777937]]]},"properties":{"osm_id":1236611965,"osm_type":"way","seamark_type":"marine_farm","display_class":"OTHER","min_zoom":12,"importance":1,"name":null,"ref":null,"common":{"type":"marine_farm"},"children":{},"osm_tags":{"aquaculture":"fish","landuse":"aquaculture","seamark:type":"marine_farm"}}},{"type":"Feature","geometry":{"type":"Polygon","coordinates":[[[120.9615679,13.9769746],[120.961484,13.977013],[120.9615235,13.9770944],[120.9616076,13.977056],[120.9615679,13.9769746]]]},"properties":{"osm_id":1236611966,"osm_type":"way","seamark_type":"marine_farm","display_class":"OTHER","min_zoom":12,"importance":1,"name":null,"ref":null,"common":{"type":"marine_farm"},"children":{},"osm_tags":{"aquaculture":"fish","landuse":"aquaculture","seamark:type":"marine_farm"}}},{"type":"Feature","geometry":{"type":"Polygon","coordinates":[[[120.96167,13.9769212],[120.9615865,13.9769605],[120.9616269,13.9770415],[120.9617105,13.9770022],[120.96167,13.9769212]]]},"properties":{"osm_id":1236611967,"osm_type":"way","seamark_type":"marine_farm","display_class":"OTHER","min_zoom":12,"importance":1,"name":null,"ref":null,"common":{"type":"marine_farm"},"children":{},"osm_tags":{"aquaculture":"fish","landuse":"aquaculture","seamark:type":"marine_farm"}}},{"type":"Feature","geometry":{"type":"Polygon","coordinates":[[[120.9617785,13.9768625],[120.9616973,13.9769061],[120.9617421,13.9769849],[120.9618234,13.9769414],[120.9617785,13.9768625]]]},"properties":{"osm_id":1236611968,"osm_type":"way","seamark_type":"marine_farm","display_class":"OTHER","min_zoom":12,"importance":1,"name":null,"ref":null,"common":{"type":"marine_farm"},"children":{},"osm_tags":{"aquaculture":"fish","landuse":"aquaculture","seamark:type":"marine_farm"}}},{"type":"Feature","geometry":{"type":"Polygon","coordinates":[[[120.9618542,13.976796],[120.961784,13.9768548],[120.9618445,13.976923],[120.9619149,13.9768642],[120.9618542,13.976796]]]},"properties":{"osm_id":1236611969,"osm_type":"way","seamark_type":"marine_farm","display_class":"OTHER","min_zoom":12,"importance":1,"name":null,"ref":null,"common":{"type":"marine_farm"},"children":{},"osm_tags":{"aquaculture":"fish","landuse":"aquaculture","seamark:type":"marine_farm"}}},{"type":"Feature","geometry":{"type":"Polygon","coordinates":[[[120.9621578,13.9770574],[120.9620876,13.9771162],[120.9621481,13.9771844],[120.9622185,13.9771256],[120.9621578,13.9770574]]]},"properties":{"osm_id":1236611970,"osm_type":"way","seamark_type":"marine_farm","display_class":"OTHER","min_zoom":12,"importance":1,"name":null,"ref":null,"common":{"type":"marine_farm"},"children":{},"osm_tags":{"aquaculture":"fish","landuse":"aquaculture","seamark:type":"marine_farm"}}},{"type":"Feature","geometry":{"type":"Polygon","coordinates":[[[120.9620779,13.9771194],[120.9620077,13.9771782],[120.9620682,13.9772464],[120.9621386,13.9771876],[120.9620779,13.9771194]]]},"properties":{"osm_id":1236611971,"osm_type":"way","seamark_type":"marine_farm","display_class":"OTHER","min_zoom":12,"importance":1,"name":null,"ref":null,"common":{"type":"marine_farm"},"children":{},"osm_tags":{"aquaculture":"fish","landuse":"aquaculture","seamark:type":"marine_farm"}}},{"type":"Feature","geometry":{"type":"Polygon","coordinates":[[[120.961982,13.9771837],[120.9619118,13.9772425],[120.9619723,13.9773107],[120.9620427,13.9772519],[120.961982,13.9771837]]]},"properties":{"osm_id":1236611972,"osm_type":"way","seamark_type":"marine_farm","display_class":"OTHER","min_zoom":12,"importance":1,"name":null,"ref":null,"common":{"type":"marine_farm"},"children":{},"osm_tags":{"aquaculture":"fish","landuse":"aquaculture","seamark:type":"marine_farm"}}},{"type":"Feature","geometry":{"type":"Polygon","coordinates":[[[120.9618633,13.9772634],[120.9617931,13.9773222],[120.9618536,13.9773904],[120.961924,13.9773316],[120.9618633,13.9772634]]]},"properties":{"osm_id":1236611973,"osm_type":"way","seamark_type":"marine_farm","display_class":"OTHER","min_zoom":12,"importance":1,"name":null,"ref":null,"common":{"type":"marine_farm"},"children":{},"osm_tags":{"aquaculture":"fish","landuse":"aquaculture","seamark:type":"marine_farm"}}},{"type":"Feature","geometry":{"type":"Polygon","coordinates":[[[120.9619249,13.9773498],[120.9618913,13.9773798],[120.9619518,13.977448],[120.9619902,13.977418],[120.9619249,13.9773498]]]},"properties":{"osm_id":1236611974,"osm_type":"way","seamark_type":"marine_farm","display_class":"OTHER","min_zoom":12,"importance":1,"name":null,"ref":null,"common":{"type":"marine_farm"},"children":{},"osm_tags":{"aquaculture":"fish","landuse":"aquaculture","seamark:type":"marine_farm"}}},{"type":"Feature","geometry":{"type":"Polygon","coordinates":[[[120.96153,13.9775558],[120.9614598,13.9776146],[120.9615203,13.9776828],[120.9615907,13.977624],[120.96153,13.9775558]]]},"properties":{"osm_id":1236611975,"osm_type":"way","seamark_type":"marine_farm","display_class":"OTHER","min_zoom":12,"importance":1,"name":null,"ref":null,"common":{"type":"marine_farm"},"children":{},"osm_tags":{"aquaculture":"fish","landuse":"aquaculture","seamark:type":"marine_farm"}}},{"type":"Feature","geometry":{"type":"Polygon","coordinates":[[[120.9614045,13.9776599],[120.9613343,13.9777187],[120.9613948,13.9777869],[120.9614652,13.9777281],[120.9614045,13.9776599]]]},"properties":{"osm_id":1236611976,"osm_type":"way","seamark_type":"marine_farm","display_class":"OTHER","min_zoom":12,"importance":1,"name":null,"ref":null,"common":{"type":"marine_farm"},"children":{},"osm_tags":{"aquaculture":"fish","landuse":"aquaculture","seamark:type":"marine_farm"}}},{"type":"Feature","geometry":{"type":"Polygon","coordinates":[[[120.9612972,13.9777441],[120.961227,13.9778029],[120.9612875,13.9778711],[120.9613579,13.9778123],[120.9612972,13.9777441]]]},"properties":{"osm_id":1236611977,"osm_type":"way","seamark_type":"marine_farm","display_class":"OTHER","min_zoom":12,"importance":1,"name":null,"ref":null,"common":{"type":"marine_farm"},"children":{},"osm_tags":{"aquaculture":"fish","landuse":"aquaculture","seamark:type":"marine_farm"}}},{"type":"Feature","geometry":{"type":"Polygon","coordinates":[[[120.9612104,13.977815],[120.9611402,13.9778738],[120.9612007,13.977942],[120.9612711,13.9778832],[120.9612104,13.977815]]]},"properties":{"osm_id":1236611978,"osm_type":"way","seamark_type":"marine_farm","display_class":"OTHER","min_zoom":12,"importance":1,"name":null,"ref":null,"common":{"type":"marine_farm"},"children":{},"osm_tags":{"aquaculture":"fish","landuse":"aquaculture","seamark:type":"marine_farm"}}},{"type":"Feature","geometry":{"type":"Polygon","coordinates":[[[120.9617651,13.9779235],[120.9616949,13.9779823],[120.9617554,13.9780505],[120.9618258,13.9779917],[120.9617651,13.9779235]]]},"properties":{"osm_id":1236611979,"osm_type":"way","seamark_type":"marine_farm","display_class":"OTHER","min_zoom":12,"importance":1,"name":null,"ref":null,"common":{"type":"marine_farm"},"children":{},"osm_tags":{"aquaculture":"fish","landuse":"aquaculture","seamark:type":"marine_farm"}}},{"type":"Feature","geometry":{"type":"Polygon","coordinates":[[[120.9616624,13.9780033],[120.9615922,13.9780621],[120.9616527,13.9781303],[120.9617231,13.9780715],[120.9616624,13.9780033]]]},"properties":{"osm_id":1236611980,"osm_type":"way","seamark_type":"marine_farm","display_class":"OTHER","min_zoom":12,"importance":1,"name":null,"ref":null,"common":{"type":"marine_farm"},"children":{},"osm_tags":{"aquaculture":"fish","landuse":"aquaculture","seamark:type":"marine_farm"}}},{"type":"Feature","geometry":{"type":"Polygon","coordinates":[[[120.9615346,13.978083],[120.9614644,13.9781418],[120.9615249,13.97821],[120.9615953,13.9781512],[120.9615346,13.978083]]]},"properties":{"osm_id":1236611981,"osm_type":"way","seamark_type":"marine_farm","display_class":"OTHER","min_zoom":12,"importance":1,"name":null,"ref":null,"common":{"type":"marine_farm"},"children":{},"osm_tags":{"aquaculture":"fish","landuse":"aquaculture","seamark:type":"marine_farm"}}},{"type":"Feature","geometry":{"type":"Polygon","coordinates":[[[120.960941,13.9780276],[120.9608708,13.9780864],[120.9609313,13.9781546],[120.9610017,13.9780958],[120.960941,13.9780276]]]},"properties":{"osm_id":1236611982,"osm_type":"way","seamark_type":"marine_farm","display_class":"OTHER","min_zoom":12,"importance":1,"name":null,"ref":null,"common":{"type":"marine_farm"},"children":{},"osm_tags":{"aquaculture":"fish","landuse":"aquaculture","seamark:type":"marine_farm"}}},{"type":"Feature","geometry":{"type":"Polygon","coordinates":[[[120.960836,13.9781096],[120.9607658,13.9781684],[120.9608263,13.9782366],[120.9608967,13.9781778],[120.960836,13.9781096]]]},"properties":{"osm_id":1236611983,"osm_type":"way","seamark_type":"marine_farm","display_class":"OTHER","min_zoom":12,"importance":1,"name":null,"ref":null,"common":{"type":"marine_farm"},"children":{},"osm_tags":{"aquaculture":"fish","landuse":"aquaculture","seamark:type":"marine_farm"}}},{"type":"Feature","geometry":{"type":"Polygon","coordinates":[[[120.9607379,13.9781739],[120.9606677,13.9782327],[120.9607282,13.9783009],[120.9607986,13.9782421],[120.9607379,13.9781739]]]},"properties":{"osm_id":1236611984,"osm_type":"way","seamark_type":"marine_farm","display_class":"OTHER","min_zoom":12,"importance":1,"name":null,"ref":null,"common":{"type":"marine_farm"},"children":{},"osm_tags":{"aquaculture":"fish","landuse":"aquaculture","seamark:type":"marine_farm"}}},{"type":"Feature","geometry":{"type":"Polygon","coordinates":[[[120.9606192,13.9782447],[120.960549,13.9783035],[120.9606095,13.9783717],[120.9606799,13.9783129],[120.9606192,13.9782447]]]},"properties":{"osm_id":1236611985,"osm_type":"way","seamark_type":"marine_farm","display_class":"OTHER","min_zoom":12,"importance":1,"name":null,"ref":null,"common":{"type":"marine_farm"},"children":{},"osm_tags":{"aquaculture":"fish","landuse":"aquaculture","seamark:type":"marine_farm"}}},{"type":"Feature","geometry":{"type":"Polygon","coordinates":[[[120.960521,13.9783245],[120.9604508,13.9783833],[120.9605113,13.9784515],[120.9605817,13.9783927],[120.960521,13.9783245]]]},"properties":{"osm_id":1236611986,"osm_type":"way","seamark_type":"marine_farm","display_class":"OTHER","min_zoom":12,"importance":1,"name":null,"ref":null,"common":{"type":"marine_farm"},"children":{},"osm_tags":{"aquaculture":"fish","landuse":"aquaculture","seamark:type":"marine_farm"}}},{"type":"Feature","geometry":{"type":"Polygon","coordinates":[[[120.9600911,13.9778403],[120.9600385,13.9779144],[120.9601149,13.9779655],[120.9601676,13.9778913],[120.9600911,13.9778403]]]},"properties":{"osm_id":1236611987,"osm_type":"way","seamark_type":"marine_farm","display_class":"OTHER","min_zoom":12,"importance":1,"name":null,"ref":null,"common":{"type":"marine_farm"},"children":{},"osm_tags":{"aquaculture":"fish","landuse":"aquaculture","seamark:type":"marine_farm"}}},{"type":"Feature","geometry":{"type":"Polygon","coordinates":[[[120.9599922,13.9779677],[120.9599461,13.9780458],[120.9600266,13.9780906],[120.9600728,13.9780124],[120.9599922,13.9779677]]]},"properties":{"osm_id":1236611988,"osm_type":"way","seamark_type":"marine_farm","display_class":"OTHER","min_zoom":12,"importance":1,"name":null,"ref":null,"common":{"type":"marine_farm"},"children":{},"osm_tags":{"aquaculture":"fish","landuse":"aquaculture","seamark:type":"marine_farm"}}},{"type":"Feature","geometry":{"type":"Polygon","coordinates":[[[120.9599373,13.9780718],[120.9598914,13.97815],[120.9599719,13.9781947],[120.960018,13.9781165],[120.9599373,13.9780718]]]},"properties":{"osm_id":1236611989,"osm_type":"way","seamark_type":"marine_farm","display_class":"OTHER","min_zoom":12,"importance":1,"name":null,"ref":null,"common":{"type":"marine_farm"},"children":{},"osm_tags":{"aquaculture":"fish","landuse":"aquaculture","seamark:type":"marine_farm"}}},{"type":"Feature","geometry":{"type":"Polygon","coordinates":[[[120.9595303,13.9782404],[120.9594584,13.9783015],[120.9595236,13.9783739],[120.9595956,13.9783128],[120.9595303,13.9782404]]]},"properties":{"osm_id":1236611990,"osm_type":"way","seamark_type":"marine_farm","display_class":"OTHER","min_zoom":12,"importance":1,"name":null,"ref":null,"common":{"type":"marine_farm"},"children":{},"osm_tags":{"aquaculture":"fish","landuse":"aquaculture","seamark:type":"marine_farm"}}},{"type":"Feature","geometry":{"type":"Polygon","coordinates":[[[120.9594484,13.9782987],[120.9593852,13.9783836],[120.9594485,13.9784485],[120.9595102,13.9783711],[120.9594484,13.9782987]]]},"properties":{"osm_id":1236611991,"osm_type":"way","seamark_type":"marine_farm","display_class":"OTHER","min_zoom":12,"importance":1,"name":null,"ref":null,"common":{"type":"marine_farm"},"children":{},"osm_tags":{"aquaculture":"fish","landuse":"aquaculture","seamark:type":"marine_farm"}}},{"type":"Feature","geometry":{"type":"Polygon","coordinates":[[[120.9601305,13.9784915],[120.9600476,13.9785319],[120.9600892,13.9786123],[120.9601722,13.978572],[120.9601305,13.9784915]]]},"properties":{"osm_id":1236611992,"osm_type":"way","seamark_type":"marine_farm","display_class":"OTHER","min_zoom":12,"importance":1,"name":null,"ref":null,"common":{"type":"marine_farm"},"children":{},"osm_tags":{"aquaculture":"fish","landuse":"aquaculture","seamark:type":"marine_farm"}}},{"type":"Feature","geometry":{"type":"Polygon","coordinates":[[[120.9600143,13.9785536],[120.9599313,13.9785937],[120.9599725,13.9786743],[120.9600557,13.9786342],[120.9600143,13.9785536]]]},"properties":{"osm_id":1236612991,"osm_type":"way","seamark_type":"marine_farm","display_class":"OTHER","min_zoom":12,"importance":1,"name":null,"ref":null,"common":{"type":"marine_farm"},"children":{},"osm_tags":{"aquaculture":"fish","landuse":"aquaculture","seamark:type":"marine_farm"}}},{"type":"Feature","geometry":{"type":"Polygon","coordinates":[[[120.9599138,13.978589],[120.9598308,13.9786291],[120.9598721,13.9787097],[120.9599553,13.9786697],[120.9599138,13.978589]]]},"properties":{"osm_id":1236612992,"osm_type":"way","seamark_type":"marine_farm","display_class":"OTHER","min_zoom":12,"importance":1,"name":null,"ref":null,"common":{"type":"marine_farm"},"children":{},"osm_tags":{"aquaculture":"fish","landuse":"aquaculture","seamark:type":"marine_farm"}}},{"type":"Feature","geometry":{"type":"Polygon","coordinates":[[[120.9598613,13.9784849],[120.9597783,13.978525],[120.9598196,13.9786056],[120.9599028,13.9785655],[120.9598613,13.9784849]]]},"properties":{"osm_id":1236612993,"osm_type":"way","seamark_type":"marine_farm","display_class":"OTHER","min_zoom":12,"importance":1,"name":null,"ref":null,"common":{"type":"marine_farm"},"children":{},"osm_tags":{"aquaculture":"fish","landuse":"aquaculture","seamark:type":"marine_farm"}}},{"type":"Feature","geometry":{"type":"Polygon","coordinates":[[[120.9597982,13.9786264],[120.9597119,13.9786594],[120.9597458,13.9787432],[120.9598322,13.9787102],[120.9597982,13.9786264]]]},"properties":{"osm_id":1236612994,"osm_type":"way","seamark_type":"marine_farm","display_class":"OTHER","min_zoom":12,"importance":1,"name":null,"ref":null,"common":{"type":"marine_farm"},"children":{},"osm_tags":{"aquaculture":"fish","landuse":"aquaculture","seamark:type":"marine_farm"}}},{"type":"Feature","geometry":{"type":"Polygon","coordinates":[[[120.9596921,13.9786731],[120.9596161,13.9787247],[120.9596693,13.9787985],[120.9597454,13.9787468],[120.9596921,13.9786731]]]},"properties":{"osm_id":1236612995,"osm_type":"way","seamark_type":"marine_farm","display_class":"OTHER","min_zoom":12,"importance":1,"name":null,"ref":null,"common":{"type":"marine_farm"},"children":{},"osm_tags":{"aquaculture":"fish","landuse":"aquaculture","seamark:type":"marine_farm"}}},{"type":"Feature","geometry":{"type":"Polygon","coordinates":[[[120.9596034,13.9787374],[120.9595615,13.978762],[120.959605,13.9788249],[120.9596357,13.9788004],[120.9596034,13.9787374]]]},"properties":{"osm_id":1236612996,"osm_type":"way","seamark_type":"marine_farm","display_class":"OTHER","min_zoom":12,"importance":1,"name":null,"ref":null,"common":{"type":"marine_farm"},"children":{},"osm_tags":{"aquaculture":"fish","landuse":"aquaculture","seamark:type":"marine_farm"}}},{"type":"Feature","geometry":{"type":"Polygon","coordinates":[[[120.9595279,13.9787676],[120.9594671,13.978844],[120.9595475,13.9789044],[120.9596084,13.9788279],[120.9595279,13.9787676]]]},"properties":{"osm_id":1236612997,"osm_type":"way","seamark_type":"marine_farm","display_class":"OTHER","min_zoom":12,"importance":1,"name":null,"ref":null,"common":{"type":"marine_farm"},"children":{},"osm_tags":{"aquaculture":"fish","landuse":"aquaculture","seamark:type":"marine_farm"}}},{"type":"Feature","geometry":{"type":"Polygon","coordinates":[[[120.9594165,13.9787019],[120.9593456,13.9787889],[120.9594369,13.978859],[120.9595078,13.978772],[120.9594165,13.9787019]]]},"properties":{"osm_id":1236612998,"osm_type":"way","seamark_type":"marine_farm","display_class":"OTHER","min_zoom":12,"importance":1,"name":null,"ref":null,"common":{"type":"marine_farm"},"children":{},"osm_tags":{"aquaculture":"fish","landuse":"aquaculture","seamark:type":"marine_farm"}}},{"type":"Feature","geometry":{"type":"Polygon","coordinates":[[[120.9594634,13.9788709],[120.9593936,13.978943],[120.9594655,13.9790085],[120.9595353,13.9789365],[120.9594634,13.9788709]]]},"properties":{"osm_id":1236612999,"osm_type":"way","seamark_type":"marine_farm","display_class":"OTHER","min_zoom":12,"importance":1,"name":null,"ref":null,"common":{"type":"marine_farm"},"children":{},"osm_tags":{"aquaculture":"fish","landuse":"aquaculture","seamark:type":"marine_farm"}}},{"type":"Feature","geometry":{"type":"Polygon","coordinates":[[[120.9595713,13.9793102],[120.9595103,13.979378],[120.95958,13.9794373],[120.9596412,13.9793695],[120.9595713,13.9793102]]]},"properties":{"osm_id":1236613000,"osm_type":"way","seamark_type":"marine_farm","display_class":"OTHER","min_zoom":12,"importance":1,"name":null,"ref":null,"common":{"type":"marine_farm"},"children":{},"osm_tags":{"aquaculture":"fish","landuse":"aquaculture","seamark:type":"marine_farm"}}},{"type":"Feature","geometry":{"type":"Polygon","coordinates":[[[120.9596815,13.9792038],[120.9596037,13.9792777],[120.9596753,13.9793577],[120.9597532,13.9792771],[120.9596815,13.9792038]]]},"properties":{"osm_id":1236613001,"osm_type":"way","seamark_type":"marine_farm","display_class":"OTHER","min_zoom":12,"importance":1,"name":null,"ref":null,"common":{"type":"marine_farm"},"children":{},"osm_tags":{"aquaculture":"fish","landuse":"aquaculture","seamark:type":"marine_farm"}}},{"type":"Feature","geometry":{"type":"Polygon","coordinates":[[[120.959954,13.9790802],[120.9598805,13.9791351],[120.9599369,13.9792065],[120.9600106,13.9791517],[120.959954,13.9790802]]]},"properties":{"osm_id":1236613002,"osm_type":"way","seamark_type":"marine_farm","display_class":"OTHER","min_zoom":12,"importance":1,"name":null,"ref":null,"common":{"type":"marine_farm"},"children":{},"osm_tags":{"aquaculture":"fish","landuse":"aquaculture","seamark:type":"marine_farm"}}},{"type":"Feature","geometry":{"type":"Polygon","coordinates":[[[120.9600652,13.9789802],[120.9599829,13.9790494],[120.960054,13.9791293],[120.9601365,13.9790646],[120.9600652,13.9789802]]]},"properties":{"osm_id":1236613003,"osm_type":"way","seamark_type":"marine_farm","display_class":"OTHER","min_zoom":12,"importance":1,"name":null,"ref":null,"common":{"type":"marine_farm"},"children":{},"osm_tags":{"aquaculture":"fish","landuse":"aquaculture","seamark:type":"marine_farm"}}},{"type":"Feature","geometry":{"type":"Polygon","coordinates":[[[120.9603461,13.9792005],[120.9602692,13.9792508],[120.960321,13.9793255],[120.9603981,13.9792752],[120.9603461,13.9792005]]]},"properties":{"osm_id":1236613004,"osm_type":"way","seamark_type":"marine_farm","display_class":"OTHER","min_zoom":12,"importance":1,"name":null,"ref":null,"common":{"type":"marine_farm"},"children":{},"osm_tags":{"aquaculture":"fish","landuse":"aquaculture","seamark:type":"marine_farm"}}},{"type":"Feature","geometry":{"type":"Polygon","coordinates":[[[120.9602474,13.9792638],[120.9601769,13.9793222],[120.9602371,13.9793907],[120.9603078,13.9793322],[120.9602474,13.9792638]]]},"properties":{"osm_id":1236613005,"osm_type":"way","seamark_type":"marine_farm","display_class":"OTHER","min_zoom":12,"importance":1,"name":null,"ref":null,"common":{"type":"marine_farm"},"children":{},"osm_tags":{"aquaculture":"fish","landuse":"aquaculture","seamark:type":"marine_farm"}}},{"type":"Feature","geometry":{"type":"Polygon","coordinates":[[[120.960117,13.979337],[120.9600583,13.9794067],[120.9601301,13.9794637],[120.9601889,13.979394],[120.960117,13.979337]]]},"properties":{"osm_id":1236613006,"osm_type":"way","seamark_type":"marine_farm","display_class":"OTHER","min_zoom":12,"importance":1,"name":null,"ref":null,"common":{"type":"marine_farm"},"children":{},"osm_tags":{"aquaculture":"fish","landuse":"aquaculture","seamark:type":"marine_farm"}}},{"type":"Feature","geometry":{"type":"Polygon","coordinates":[[[120.9602745,13.9788836],[120.9601915,13.9789237],[120.9602328,13.9790043],[120.960316,13.9789643],[120.9602745,13.9788836]]]},"properties":{"osm_id":1236613007,"osm_type":"way","seamark_type":"marine_farm","display_class":"OTHER","min_zoom":12,"importance":1,"name":null,"ref":null,"common":{"type":"marine_farm"},"children":{},"osm_tags":{"aquaculture":"fish","landuse":"aquaculture","seamark:type":"marine_farm"}}},{"type":"Feature","geometry":{"type":"Polygon","coordinates":[[[120.9603955,13.9788327],[120.9603125,13.9788728],[120.9603537,13.9789534],[120.9604369,13.9789133],[120.9603955,13.9788327]]]},"properties":{"osm_id":1236613008,"osm_type":"way","seamark_type":"marine_farm","display_class":"OTHER","min_zoom":12,"importance":1,"name":null,"ref":null,"common":{"type":"marine_farm"},"children":{},"osm_tags":{"aquaculture":"fish","landuse":"aquaculture","seamark:type":"marine_farm"}}},{"type":"Feature","geometry":{"type":"Polygon","coordinates":[[[120.9605077,13.97878],[120.9604294,13.9788282],[120.960479,13.9789042],[120.9605575,13.978856],[120.9605077,13.97878]]]},"properties":{"osm_id":1236613009,"osm_type":"way","seamark_type":"marine_farm","display_class":"OTHER","min_zoom":12,"importance":1,"name":null,"ref":null,"common":{"type":"marine_farm"},"children":{},"osm_tags":{"aquaculture":"fish","landuse":"aquaculture","seamark:type":"marine_farm"}}},{"type":"Feature","geometry":{"type":"Polygon","coordinates":[[[120.9606284,13.978733],[120.9605454,13.9787731],[120.9605866,13.9788537],[120.9606698,13.9788136],[120.9606284,13.978733]]]},"properties":{"osm_id":1236613010,"osm_type":"way","seamark_type":"marine_farm","display_class":"OTHER","min_zoom":12,"importance":1,"name":null,"ref":null,"common":{"type":"marine_farm"},"children":{},"osm_tags":{"aquaculture":"fish","landuse":"aquaculture","seamark:type":"marine_farm"}}},{"type":"Feature","geometry":{"type":"Polygon","coordinates":[[[120.9604526,13.9786998],[120.9603696,13.9787399],[120.9604108,13.9788205],[120.960494,13.9787804],[120.9604526,13.9786998]]]},"properties":{"osm_id":1236613011,"osm_type":"way","seamark_type":"marine_farm","display_class":"OTHER","min_zoom":12,"importance":1,"name":null,"ref":null,"common":{"type":"marine_farm"},"children":{},"osm_tags":{"aquaculture":"fish","landuse":"aquaculture","seamark:type":"marine_farm"}}},{"type":"Feature","geometry":{"type":"Polygon","coordinates":[[[120.961079,13.9792643],[120.9610244,13.9793371],[120.9610993,13.9793901],[120.9611541,13.9793173],[120.961079,13.9792643]]]},"properties":{"osm_id":1236613012,"osm_type":"way","seamark_type":"marine_farm","display_class":"OTHER","min_zoom":12,"importance":1,"name":null,"ref":null,"common":{"type":"marine_farm"},"children":{},"osm_tags":{"aquaculture":"fish","landuse":"aquaculture","seamark:type":"marine_farm"}}},{"type":"Feature","geometry":{"type":"Polygon","coordinates":[[[120.9611989,13.9791285],[120.9611424,13.9792119],[120.9612054,13.9792779],[120.9612735,13.9792166],[120.9611989,13.9791285]]]},"properties":{"osm_id":1236613013,"osm_type":"way","seamark_type":"marine_farm","display_class":"OTHER","min_zoom":12,"importance":1,"name":null,"ref":null,"common":{"type":"marine_farm"},"children":{},"osm_tags":{"aquaculture":"fish","landuse":"aquaculture","seamark:type":"marine_farm"}}},{"type":"Feature","geometry":{"type":"Polygon","coordinates":[[[120.9613145,13.9790526],[120.9612354,13.9790997],[120.9612839,13.9791765],[120.9613631,13.9791294],[120.9613145,13.9790526]]]},"properties":{"osm_id":1236613014,"osm_type":"way","seamark_type":"marine_farm","display_class":"OTHER","min_zoom":12,"importance":1,"name":null,"ref":null,"common":{"type":"marine_farm"},"children":{},"osm_tags":{"aquaculture":"fish","landuse":"aquaculture","seamark:type":"marine_farm"}}},{"type":"Feature","geometry":{"type":"Polygon","coordinates":[[[120.9614035,13.978984],[120.9613245,13.9790311],[120.9613729,13.9791078],[120.9614521,13.9790607],[120.9614035,13.978984]]]},"properties":{"osm_id":1236613015,"osm_type":"way","seamark_type":"marine_farm","display_class":"OTHER","min_zoom":12,"importance":1,"name":null,"ref":null,"common":{"type":"marine_farm"},"children":{},"osm_tags":{"aquaculture":"fish","landuse":"aquaculture","seamark:type":"marine_farm"}}},{"type":"Feature","geometry":{"type":"Polygon","coordinates":[[[120.9615438,13.9787762],[120.9614802,13.9788417],[120.9615476,13.9789035],[120.9616114,13.9788381],[120.9615438,13.9787762]]]},"properties":{"osm_id":1236613016,"osm_type":"way","seamark_type":"marine_farm","display_class":"OTHER","min_zoom":12,"importance":1,"name":null,"ref":null,"common":{"type":"marine_farm"},"children":{},"osm_tags":{"aquaculture":"fish","landuse":"aquaculture","seamark:type":"marine_farm"}}},{"type":"Feature","geometry":{"type":"Polygon","coordinates":[[[120.9616262,13.9786834],[120.9615557,13.9787418],[120.9616158,13.9788103],[120.9616866,13.9787519],[120.9616262,13.9786834]]]},"properties":{"osm_id":1236613017,"osm_type":"way","seamark_type":"marine_farm","display_class":"OTHER","min_zoom":12,"importance":1,"name":null,"ref":null,"common":{"type":"marine_farm"},"children":{},"osm_tags":{"aquaculture":"fish","landuse":"aquaculture","seamark:type":"marine_farm"}}},{"type":"Feature","geometry":{"type":"Polygon","coordinates":[[[120.9617177,13.9786101],[120.9616492,13.9786708],[120.9617116,13.9787374],[120.9617803,13.9786767],[120.9617177,13.9786101]]]},"properties":{"osm_id":1236613018,"osm_type":"way","seamark_type":"marine_farm","display_class":"OTHER","min_zoom":12,"importance":1,"name":null,"ref":null,"common":{"type":"marine_farm"},"children":{},"osm_tags":{"aquaculture":"fish","landuse":"aquaculture","seamark:type":"marine_farm"}}},{"type":"Feature","geometry":{"type":"Polygon","coordinates":[[[120.961758,13.979044],[120.9617036,13.9791212],[120.9617649,13.9791852],[120.9618195,13.9791168],[120.961758,13.979044]]]},"properties":{"osm_id":1236613019,"osm_type":"way","seamark_type":"marine_farm","display_class":"OTHER","min_zoom":12,"importance":1,"name":null,"ref":null,"common":{"type":"marine_farm"},"children":{},"osm_tags":{"aquaculture":"fish","landuse":"aquaculture","seamark:type":"marine_farm"}}},{"type":"Feature","geometry":{"type":"Polygon","coordinates":[[[120.9618532,13.9789729],[120.9617742,13.97902],[120.9618226,13.9790967],[120.9619018,13.9790497],[120.9618532,13.9789729]]]},"properties":{"osm_id":1236613020,"osm_type":"way","seamark_type":"marine_farm","display_class":"OTHER","min_zoom":12,"importance":1,"name":null,"ref":null,"common":{"type":"marine_farm"},"children":{},"osm_tags":{"aquaculture":"fish","landuse":"aquaculture","seamark:type":"marine_farm"}}},{"type":"Feature","geometry":{"type":"Polygon","coordinates":[[[120.9619559,13.9789197],[120.9618769,13.9789668],[120.9619253,13.9790436],[120.9620046,13.9789965],[120.9619559,13.9789197]]]},"properties":{"osm_id":1236613021,"osm_type":"way","seamark_type":"marine_farm","display_class":"OTHER","min_zoom":12,"importance":1,"name":null,"ref":null,"common":{"type":"marine_farm"},"children":{},"osm_tags":{"aquaculture":"fish","landuse":"aquaculture","seamark:type":"marine_farm"}}},{"type":"Feature","geometry":{"type":"Polygon","coordinates":[[[120.9619011,13.9784147],[120.9618221,13.9784618],[120.9618705,13.9785385],[120.9619498,13.9784914],[120.9619011,13.9784147]]]},"properties":{"osm_id":1236613022,"osm_type":"way","seamark_type":"marine_farm","display_class":"OTHER","min_zoom":12,"importance":1,"name":null,"ref":null,"common":{"type":"marine_farm"},"children":{},"osm_tags":{"aquaculture":"fish","landuse":"aquaculture","seamark:type":"marine_farm"}}},{"type":"Feature","geometry":{"type":"Polygon","coordinates":[[[120.9619947,13.9783504],[120.9619157,13.9783975],[120.9619641,13.9784743],[120.9620434,13.9784272],[120.9619947,13.9783504]]]},"properties":{"osm_id":1236613023,"osm_type":"way","seamark_type":"marine_farm","display_class":"OTHER","min_zoom":12,"importance":1,"name":null,"ref":null,"common":{"type":"marine_farm"},"children":{},"osm_tags":{"aquaculture":"fish","landuse":"aquaculture","seamark:type":"marine_farm"}}},{"type":"Feature","geometry":{"type":"Polygon","coordinates":[[[120.9620929,13.9783061],[120.9620139,13.9783532],[120.9620623,13.97843],[120.9621415,13.9783829],[120.9620929,13.9783061]]]},"properties":{"osm_id":1236613024,"osm_type":"way","seamark_type":"marine_farm","display_class":"OTHER","min_zoom":12,"importance":1,"name":null,"ref":null,"common":{"type":"marine_farm"},"children":{},"osm_tags":{"aquaculture":"fish","landuse":"aquaculture","seamark:type":"marine_farm"}}},{"type":"Feature","geometry":{"type":"Polygon","coordinates":[[[120.9578838,13.9798934],[120.9577913,13.9799001],[120.9577981,13.9799899],[120.9578907,13.9799833],[120.9578838,13.9798934]]]},"properties":{"osm_id":1236613825,"osm_type":"way","seamark_type":"marine_farm","display_class":"OTHER","min_zoom":12,"importance":1,"name":null,"ref":null,"common":{"type":"marine_farm"},"children":{},"osm_tags":{"aquaculture":"fish","landuse":"aquaculture","seamark:type":"marine_farm"}}},{"type":"Feature","geometry":{"type":"Polygon","coordinates":[[[120.9579747,13.9800409],[120.9579206,13.9801139],[120.9579957,13.9801666],[120.9580501,13.9800935],[120.9579747,13.9800409]]]},"properties":{"osm_id":1236613826,"osm_type":"way","seamark_type":"marine_farm","display_class":"OTHER","min_zoom":12,"importance":1,"name":null,"ref":null,"common":{"type":"marine_farm"},"children":{},"osm_tags":{"aquaculture":"fish","landuse":"aquaculture","seamark:type":"marine_farm"}}},{"type":"Feature","geometry":{"type":"Polygon","coordinates":[[[120.9581777,13.9803628],[120.9581743,13.9803393],[120.9581631,13.9803182],[120.9581454,13.9803019],[120.9581231,13.9802922],[120.9580988,13.9802901],[120.9580751,13.9802959],[120.9580547,13.980309],[120.9580399,13.9803278],[120.9580323,13.9803504],[120.9580328,13.9803741],[120.9580414,13.9803963],[120.9580561,13.9804138],[120.9580757,13.9804259],[120.9580982,13.9804314],[120.9581214,13.9804298],[120.9581429,13.9804212],[120.9581605,13.9804064],[120.9581729,13.980386],[120.9581777,13.9803628]]]},"properties":{"osm_id":1236613827,"osm_type":"way","seamark_type":"marine_farm","display_class":"OTHER","min_zoom":12,"importance":1,"name":null,"ref":null,"common":{"type":"marine_farm"},"children":{},"osm_tags":{"landuse":"aquaculture","produce":"fish","seamark:type":"marine_farm"}}},{"type":"Feature","geometry":{"type":"Polygon","coordinates":[[[120.9582775,13.9802532],[120.9582741,13.9802297],[120.9582629,13.9802086],[120.9582452,13.9801923],[120.9582229,13.9801826],[120.9581986,13.9801805],[120.9581749,13.9801863],[120.9581545,13.9801994],[120.9581397,13.9802182],[120.9581321,13.9802408],[120.9581326,13.9802645],[120.9581412,13.9802867],[120.9581559,13.9803042],[120.9581755,13.9803163],[120.958198,13.9803218],[120.9582212,13.9803202],[120.9582427,13.9803116],[120.9582603,13.9802968],[120.9582727,13.9802764],[120.9582775,13.9802532]]]},"properties":{"osm_id":1236613828,"osm_type":"way","seamark_type":"marine_farm","display_class":"OTHER","min_zoom":12,"importance":1,"name":null,"ref":null,"common":{"type":"marine_farm"},"children":{},"osm_tags":{"landuse":"aquaculture","produce":"fish","seamark:type":"marine_farm"}}},{"type":"Feature","geometry":{"type":"Polygon","coordinates":[[[120.9584206,13.9801856],[120.9584172,13.9801621],[120.958406,13.980141],[120.9583883,13.9801247],[120.958366,13.980115],[120.9583417,13.9801129],[120.958318,13.9801187],[120.9582976,13.9801318],[120.9582828,13.9801506],[120.9582752,13.9801732],[120.9582757,13.9801969],[120.9582843,13.9802191],[120.958299,13.9802366],[120.9583186,13.9802487],[120.9583411,13.9802542],[120.9583643,13.9802526],[120.9583858,13.980244],[120.9584034,13.9802292],[120.9584158,13.9802088],[120.9584206,13.9801856]]]},"properties":{"osm_id":1236613829,"osm_type":"way","seamark_type":"marine_farm","display_class":"OTHER","min_zoom":12,"importance":1,"name":null,"ref":null,"common":{"type":"marine_farm"},"children":{},"osm_tags":{"landuse":"aquaculture","produce":"fish","seamark:type":"marine_farm"}}},{"type":"Feature","geometry":{"type":"Polygon","coordinates":[[[120.9584677,13.9803427],[120.9584643,13.9803192],[120.9584531,13.9802981],[120.9584354,13.9802818],[120.9584131,13.9802721],[120.9583888,13.98027],[120.9583651,13.9802758],[120.9583447,13.9802889],[120.9583299,13.9803077],[120.9583223,13.9803303],[120.9583228,13.980354],[120.9583314,13.9803762],[120.9583461,13.9803937],[120.9583657,13.9804058],[120.9583882,13.9804113],[120.9584114,13.9804097],[120.9584329,13.9804011],[120.9584505,13.9803863],[120.9584629,13.9803659],[120.9584677,13.9803427]]]},"properties":{"osm_id":1236613830,"osm_type":"way","seamark_type":"marine_farm","display_class":"OTHER","min_zoom":12,"importance":1,"name":null,"ref":null,"common":{"type":"marine_farm"},"children":{},"osm_tags":{"landuse":"aquaculture","produce":"fish","seamark:type":"marine_farm"}}},{"type":"Feature","geometry":{"type":"Polygon","coordinates":[[[120.9583434,13.9804067],[120.95834,13.9803832],[120.9583288,13.9803621],[120.9583111,13.9803458],[120.9582888,13.9803361],[120.9582645,13.980334],[120.9582408,13.9803398],[120.9582204,13.9803529],[120.9582056,13.9803717],[120.958198,13.9803943],[120.9581985,13.980418],[120.9582071,13.9804402],[120.9582218,13.9804577],[120.9582414,13.9804698],[120.9582639,13.9804753],[120.9582871,13.9804737],[120.9583086,13.9804651],[120.9583262,13.9804503],[120.9583386,13.9804299],[120.9583434,13.9804067]]]},"properties":{"osm_id":1236613831,"osm_type":"way","seamark_type":"marine_farm","display_class":"OTHER","min_zoom":12,"importance":1,"name":null,"ref":null,"common":{"type":"marine_farm"},"children":{},"osm_tags":{"landuse":"aquaculture","produce":"fish","seamark:type":"marine_farm"}}},{"type":"Feature","geometry":{"type":"Polygon","coordinates":[[[120.9587959,13.9819182],[120.9586936,13.9819542],[120.9587247,13.9820558],[120.9588299,13.9820137],[120.9587959,13.9819182]]]},"properties":{"osm_id":1236613832,"osm_type":"way","seamark_type":"marine_farm","display_class":"OTHER","min_zoom":12,"importance":1,"name":null,"ref":null,"common":{"type":"marine_farm"},"children":{},"osm_tags":{"aquaculture":"fish","landuse":"aquaculture","seamark:type":"marine_farm"}}},{"type":"Feature","geometry":{"type":"Polygon","coordinates":[[[120.9589066,13.9818698],[120.9588059,13.9819099],[120.9588411,13.9820101],[120.9589446,13.9819639],[120.9589066,13.9818698]]]},"properties":{"osm_id":1236613833,"osm_type":"way","seamark_type":"marine_farm","display_class":"OTHER","min_zoom":12,"importance":1,"name":null,"ref":null,"common":{"type":"marine_farm"},"children":{},"osm_tags":{"aquaculture":"fish","landuse":"aquaculture","seamark:type":"marine_farm"}}},{"type":"Feature","geometry":{"type":"Polygon","coordinates":[[[120.9587492,13.9818147],[120.9586484,13.9818548],[120.9586837,13.981955],[120.9587871,13.9819089],[120.9587492,13.9818147]]]},"properties":{"osm_id":1236613834,"osm_type":"way","seamark_type":"marine_farm","display_class":"OTHER","min_zoom":12,"importance":1,"name":null,"ref":null,"common":{"type":"marine_farm"},"children":{},"osm_tags":{"aquaculture":"fish","landuse":"aquaculture","seamark:type":"marine_farm"}}},{"type":"Feature","geometry":{"type":"Polygon","coordinates":[[[120.9588559,13.9817692],[120.9587552,13.9818092],[120.9587904,13.9819095],[120.9588939,13.9818633],[120.9588559,13.9817692]]]},"properties":{"osm_id":1236613835,"osm_type":"way","seamark_type":"marine_farm","display_class":"OTHER","min_zoom":12,"importance":1,"name":null,"ref":null,"common":{"type":"marine_farm"},"children":{},"osm_tags":{"aquaculture":"fish","landuse":"aquaculture","seamark:type":"marine_farm"}}},{"type":"Feature","geometry":{"type":"Polygon","coordinates":[[[120.9587088,13.9817116],[120.9586055,13.9817518],[120.9586451,13.9818478],[120.9587484,13.9818076],[120.9587088,13.9817116]]]},"properties":{"osm_id":1236613836,"osm_type":"way","seamark_type":"marine_farm","display_class":"OTHER","min_zoom":12,"importance":1,"name":null,"ref":null,"common":{"type":"marine_farm"},"children":{},"osm_tags":{"aquaculture":"fish","landuse":"aquaculture","seamark:type":"marine_farm"}}},{"type":"Feature","geometry":{"type":"Polygon","coordinates":[[[120.9588143,13.9816642],[120.9587135,13.9817042],[120.9587488,13.9818045],[120.9588522,13.9817583],[120.9588143,13.9816642]]]},"properties":{"osm_id":1236613837,"osm_type":"way","seamark_type":"marine_farm","display_class":"OTHER","min_zoom":12,"importance":1,"name":null,"ref":null,"common":{"type":"marine_farm"},"children":{},"osm_tags":{"aquaculture":"fish","landuse":"aquaculture","seamark:type":"marine_farm"}}},{"type":"Feature","geometry":{"type":"Polygon","coordinates":[[[120.9589117,13.9823596],[120.9588466,13.9824443],[120.9589301,13.9825126],[120.9589942,13.9824213],[120.9589117,13.9823596]]]},"properties":{"osm_id":1236613838,"osm_type":"way","seamark_type":"marine_farm","display_class":"OTHER","min_zoom":12,"importance":1,"name":null,"ref":null,"common":{"type":"marine_farm"},"children":{},"osm_tags":{"aquaculture":"fish","landuse":"aquaculture","seamark:type":"marine_farm"}}},{"type":"Feature","geometry":{"type":"Polygon","coordinates":[[[120.9587922,13.9823353],[120.958725,13.9824184],[120.9588067,13.9824887],[120.9588731,13.9823989],[120.9587922,13.9823353]]]},"properties":{"osm_id":1236613839,"osm_type":"way","seamark_type":"marine_farm","display_class":"OTHER","min_zoom":12,"importance":1,"name":null,"ref":null,"common":{"type":"marine_farm"},"children":{},"osm_tags":{"aquaculture":"fish","landuse":"aquaculture","seamark:type":"marine_farm"}}},{"type":"Feature","geometry":{"type":"Polygon","coordinates":[[[120.9588474,13.9824547],[120.9587822,13.9825394],[120.9588657,13.9826077],[120.9589299,13.9825164],[120.9588474,13.9824547]]]},"properties":{"osm_id":1236613840,"osm_type":"way","seamark_type":"marine_farm","display_class":"OTHER","min_zoom":12,"importance":1,"name":null,"ref":null,"common":{"type":"marine_farm"},"children":{},"osm_tags":{"aquaculture":"fish","landuse":"aquaculture","seamark:type":"marine_farm"}}},{"type":"Feature","geometry":{"type":"Polygon","coordinates":[[[120.9589102,13.9826046],[120.9588222,13.9826667],[120.9588811,13.982756],[120.9589702,13.9826872],[120.9589102,13.9826046]]]},"properties":{"osm_id":1236613841,"osm_type":"way","seamark_type":"marine_farm","display_class":"OTHER","min_zoom":12,"importance":1,"name":null,"ref":null,"common":{"type":"marine_farm"},"children":{},"osm_tags":{"aquaculture":"fish","landuse":"aquaculture","seamark:type":"marine_farm"}}},{"type":"Feature","geometry":{"type":"Polygon","coordinates":[[[120.9600408,13.9794254],[120.9599757,13.97951],[120.9600592,13.9795784],[120.9601233,13.9794871],[120.9600408,13.9794254]]]},"properties":{"osm_id":1236614722,"osm_type":"way","seamark_type":"marine_farm","display_class":"OTHER","min_zoom":12,"importance":1,"name":null,"ref":null,"common":{"type":"marine_farm"},"children":{},"osm_tags":{"aquaculture":"fish","landuse":"aquaculture","seamark:type":"marine_farm"}}},{"type":"Feature","geometry":{"type":"Polygon","coordinates":[[[120.9608857,13.9794822],[120.960812,13.9795599],[120.9608877,13.9796362],[120.9609612,13.9795518],[120.9608857,13.9794822]]]},"properties":{"osm_id":1236614723,"osm_type":"way","seamark_type":"marine_farm","display_class":"OTHER","min_zoom":12,"importance":1,"name":null,"ref":null,"common":{"type":"marine_farm"},"children":{},"osm_tags":{"aquaculture":"fish","landuse":"aquaculture","seamark:type":"marine_farm"}}},{"type":"Feature","geometry":{"type":"Polygon","coordinates":[[[120.9610064,13.9793889],[120.9609413,13.9794736],[120.9610248,13.9795419],[120.9610889,13.9794506],[120.9610064,13.9793889]]]},"properties":{"osm_id":1236614724,"osm_type":"way","seamark_type":"marine_farm","display_class":"OTHER","min_zoom":12,"importance":1,"name":null,"ref":null,"common":{"type":"marine_farm"},"children":{},"osm_tags":{"aquaculture":"fish","landuse":"aquaculture","seamark:type":"marine_farm"}}},{"type":"Feature","geometry":{"type":"Polygon","coordinates":[[[120.9610787,13.9797946],[120.9609998,13.9798673],[120.9610701,13.9799484],[120.9611493,13.979869],[120.9610787,13.9797946]]]},"properties":{"osm_id":1236614725,"osm_type":"way","seamark_type":"marine_farm","display_class":"OTHER","min_zoom":12,"importance":1,"name":null,"ref":null,"common":{"type":"marine_farm"},"children":{},"osm_tags":{"aquaculture":"fish","landuse":"aquaculture","seamark:type":"marine_farm"}}},{"type":"Feature","geometry":{"type":"Polygon","coordinates":[[[120.9611886,13.9797121],[120.9611024,13.9797766],[120.9611638,13.9798643],[120.9612509,13.9797931],[120.9611886,13.9797121]]]},"properties":{"osm_id":1236614726,"osm_type":"way","seamark_type":"marine_farm","display_class":"OTHER","min_zoom":12,"importance":1,"name":null,"ref":null,"common":{"type":"marine_farm"},"children":{},"osm_tags":{"aquaculture":"fish","landuse":"aquaculture","seamark:type":"marine_farm"}}},{"type":"Feature","geometry":{"type":"Polygon","coordinates":[[[120.9612732,13.9796331],[120.9611982,13.9797097],[120.9612727,13.9797871],[120.9613476,13.9797039],[120.9612732,13.9796331]]]},"properties":{"osm_id":1236614727,"osm_type":"way","seamark_type":"marine_farm","display_class":"OTHER","min_zoom":12,"importance":1,"name":null,"ref":null,"common":{"type":"marine_farm"},"children":{},"osm_tags":{"aquaculture":"fish","landuse":"aquaculture","seamark:type":"marine_farm"}}},{"type":"Feature","geometry":{"type":"Polygon","coordinates":[[[120.9614356,13.9794722],[120.9613705,13.9795569],[120.9614539,13.9796252],[120.9615181,13.9795339],[120.9614356,13.9794722]]]},"properties":{"osm_id":1236614728,"osm_type":"way","seamark_type":"marine_farm","display_class":"OTHER","min_zoom":12,"importance":1,"name":null,"ref":null,"common":{"type":"marine_farm"},"children":{},"osm_tags":{"aquaculture":"fish","landuse":"aquaculture","seamark:type":"marine_farm"}}},{"type":"Feature","geometry":{"type":"Polygon","coordinates":[[[120.9615321,13.9793889],[120.961467,13.9794736],[120.9615505,13.9795419],[120.9616146,13.9794506],[120.9615321,13.9793889]]]},"properties":{"osm_id":1236614729,"osm_type":"way","seamark_type":"marine_farm","display_class":"OTHER","min_zoom":12,"importance":1,"name":null,"ref":null,"common":{"type":"marine_farm"},"children":{},"osm_tags":{"aquaculture":"fish","landuse":"aquaculture","seamark:type":"marine_farm"}}},{"type":"Feature","geometry":{"type":"Polygon","coordinates":[[[120.9595451,13.9799614],[120.95948,13.9800461],[120.9595635,13.9801144],[120.9596276,13.9800231],[120.9595451,13.9799614]]]},"properties":{"osm_id":1236614735,"osm_type":"way","seamark_type":"marine_farm","display_class":"OTHER","min_zoom":12,"importance":1,"name":null,"ref":null,"common":{"type":"marine_farm"},"children":{},"osm_tags":{"aquaculture":"fish","landuse":"aquaculture","seamark:type":"marine_farm"}}},{"type":"Feature","geometry":{"type":"Polygon","coordinates":[[[120.9649287,13.9900958],[120.9649566,13.9900146],[120.9650427,13.9900424],[120.9650149,13.9901236],[120.9649287,13.9900958]]]},"properties":{"osm_id":1321956802,"osm_type":"way","seamark_type":"marine_farm","display_class":"OTHER","min_zoom":12,"importance":1,"name":null,"ref":null,"common":{"type":"marine_farm"},"children":{},"osm_tags":{"aquaculture":"fish","landuse":"aquaculture","seamark:type":"marine_farm"}}},{"type":"Feature","geometry":{"type":"Polygon","coordinates":[[[120.9648919,13.9907074],[120.9649162,13.9906265],[120.9650013,13.9906585],[120.964977,13.9907411],[120.9648919,13.9907074]]]},"properties":{"osm_id":1321956803,"osm_type":"way","seamark_type":"marine_farm","display_class":"OTHER","min_zoom":12,"importance":1,"name":null,"ref":null,"common":{"type":"marine_farm"},"children":{},"osm_tags":{"aquaculture":"fish","landuse":"aquaculture","seamark:type":"marine_farm"}}},{"type":"Feature","geometry":{"type":"Polygon","coordinates":[[[120.964845,13.9912246],[120.9648867,13.991137],[120.96497,13.9911808],[120.9649353,13.991265],[120.964845,13.9912246]]]},"properties":{"osm_id":1321956805,"osm_type":"way","seamark_type":"marine_farm","display_class":"OTHER","min_zoom":12,"importance":1,"name":null,"ref":null,"common":{"type":"marine_farm"},"children":{},"osm_tags":{"aquaculture":"fish","landuse":"aquaculture","seamark:type":"marine_farm"}}},{"type":"Feature","geometry":{"type":"Polygon","coordinates":[[[120.9648384,13.9922594],[120.9648808,13.9921771],[120.9649672,13.9922182],[120.9649311,13.992302],[120.9648384,13.9922594]]]},"properties":{"osm_id":1321956806,"osm_type":"way","seamark_type":"marine_farm","display_class":"OTHER","min_zoom":12,"importance":1,"name":null,"ref":null,"common":{"type":"marine_farm"},"children":{},"osm_tags":{"aquaculture":"fish","landuse":"aquaculture","seamark:type":"marine_farm"}}},{"type":"Feature","geometry":{"type":"Polygon","coordinates":[[[120.96228,13.9998693],[120.9623364,13.9997756],[120.9624275,13.999825],[120.9623685,13.9999187],[120.96228,13.9998693]]]},"properties":{"osm_id":1356956901,"osm_type":"way","seamark_type":"marine_farm","display_class":"OTHER","min_zoom":12,"importance":1,"name":null,"ref":null,"common":{"type":"marine_farm"},"children":{},"osm_tags":{"aquaculture":"fish","landuse":"aquaculture","seamark:type":"marine_farm"}}},{"type":"Feature","geometry":{"type":"Polygon","coordinates":[[[120.9624395,13.9991165],[120.962489,13.9990375],[120.9625705,13.9990787],[120.9625209,13.9991543],[120.9624395,13.9991165]]]},"properties":{"osm_id":1356958380,"osm_type":"way","seamark_type":"marine_farm","display_class":"OTHER","min_zoom":12,"importance":1,"name":null,"ref":null,"common":{"type":"marine_farm"},"children":{},"osm_tags":{"aquaculture":"fish","landuse":"aquaculture","seamark:type":"marine_farm"}}},{"type":"Feature","geometry":{"type":"Polygon","coordinates":[[[120.9626448,13.999223],[120.9626979,13.9991405],[120.9627863,13.9991817],[120.9627368,13.9992813],[120.9626448,13.999223]]]},"properties":{"osm_id":1356958381,"osm_type":"way","seamark_type":"marine_farm","display_class":"OTHER","min_zoom":12,"importance":1,"name":null,"ref":null,"common":{"type":"marine_farm"},"children":{},"osm_tags":{"aquaculture":"fish","landuse":"aquaculture","seamark:type":"marine_farm"}}},{"type":"Feature","geometry":{"type":"Polygon","coordinates":[[[120.9627934,13.9992985],[120.962843,13.9992126],[120.9629314,13.9992573],[120.9628819,13.9993397],[120.9627934,13.9992985]]]},"properties":{"osm_id":1356958382,"osm_type":"way","seamark_type":"marine_farm","display_class":"OTHER","min_zoom":12,"importance":1,"name":null,"ref":null,"common":{"type":"marine_farm"},"children":{},"osm_tags":{"aquaculture":"fish","landuse":"aquaculture","seamark:type":"marine_farm"}}},{"type":"Feature","geometry":{"type":"Polygon","coordinates":[[[120.9634057,13.9997449],[120.9634623,13.9996522],[120.9635473,13.9996934],[120.9634977,13.9997861],[120.9634057,13.9997449]]]},"properties":{"osm_id":1356958383,"osm_type":"way","seamark_type":"marine_farm","display_class":"OTHER","min_zoom":12,"importance":1,"name":null,"ref":null,"common":{"type":"marine_farm"},"children":{},"osm_tags":{"aquaculture":"fish","landuse":"aquaculture","seamark:type":"marine_farm"}}},{"type":"Feature","geometry":{"type":"Polygon","coordinates":[[[120.9635614,13.9998342],[120.9636004,13.9997484],[120.9637101,13.9997999],[120.9636676,13.9998892],[120.9635614,13.9998342]]]},"properties":{"osm_id":1356958384,"osm_type":"way","seamark_type":"marine_farm","display_class":"OTHER","min_zoom":12,"importance":1,"name":null,"ref":null,"common":{"type":"marine_farm"},"children":{},"osm_tags":{"aquaculture":"fish","landuse":"aquaculture","seamark:type":"marine_farm"}}},{"type":"Feature","geometry":{"type":"Polygon","coordinates":[[[120.9637172,13.9999235],[120.9637632,13.9998308],[120.9638516,13.999872],[120.9638021,13.9999578],[120.9637172,13.9999235]]]},"properties":{"osm_id":1356958385,"osm_type":"way","seamark_type":"marine_farm","display_class":"OTHER","min_zoom":12,"importance":1,"name":null,"ref":null,"common":{"type":"marine_farm"},"children":{},"osm_tags":{"aquaculture":"fish","landuse":"aquaculture","seamark:type":"marine_farm"}}},{"type":"Feature","geometry":{"type":"Polygon","coordinates":[[[120.9629286,13.9983267],[120.9629473,13.9982406],[120.9630687,13.9982633],[120.9630407,13.9983675],[120.9629286,13.9983267]]]},"properties":{"osm_id":1356958386,"osm_type":"way","seamark_type":"marine_farm","display_class":"OTHER","min_zoom":12,"importance":1,"name":null,"ref":null,"common":{"type":"marine_farm"},"children":{},"osm_tags":{"aquaculture":"fish","landuse":"aquaculture","seamark:type":"marine_farm"}}},{"type":"Feature","geometry":{"type":"Polygon","coordinates":[[[120.9631108,13.9983992],[120.9631481,13.9983041],[120.9632555,13.9983403],[120.9632135,13.9984445],[120.9631108,13.9983992]]]},"properties":{"osm_id":1356958387,"osm_type":"way","seamark_type":"marine_farm","display_class":"OTHER","min_zoom":12,"importance":1,"name":null,"ref":null,"common":{"type":"marine_farm"},"children":{},"osm_tags":{"aquaculture":"fish","landuse":"aquaculture","seamark:type":"marine_farm"}}},{"type":"Feature","geometry":{"type":"Polygon","coordinates":[[[120.9636011,13.9985714],[120.9636431,13.9984672],[120.9637552,13.9985034],[120.9637085,13.9986077],[120.9636011,13.9985714]]]},"properties":{"osm_id":1356958388,"osm_type":"way","seamark_type":"marine_farm","display_class":"OTHER","min_zoom":12,"importance":1,"name":null,"ref":null,"common":{"type":"marine_farm"},"children":{},"osm_tags":{"aquaculture":"fish","landuse":"aquaculture","seamark:type":"marine_farm"}}},{"type":"Feature","geometry":{"type":"Polygon","coordinates":[[[120.9637412,13.9986213],[120.9637786,13.9985352],[120.9638659,13.9985617],[120.9638253,13.998653],[120.9637412,13.9986213]]]},"properties":{"osm_id":1356958389,"osm_type":"way","seamark_type":"marine_farm","display_class":"OTHER","min_zoom":12,"importance":1,"name":null,"ref":null,"common":{"type":"marine_farm"},"children":{},"osm_tags":{"aquaculture":"fish","landuse":"aquaculture","seamark:type":"marine_farm"}}},{"type":"Feature","geometry":{"type":"Polygon","coordinates":[[[120.963852,13.998661],[120.9639217,13.9986896],[120.9639754,13.9986038],[120.9638842,13.9985751],[120.963852,13.998661]]]},"properties":{"osm_id":1356958390,"osm_type":"way","seamark_type":"marine_farm","display_class":"OTHER","min_zoom":12,"importance":1,"name":null,"ref":null,"common":{"type":"marine_farm"},"children":{},"osm_tags":{"aquaculture":"fish","landuse":"aquaculture","seamark:type":"marine_farm"}}},{"type":"Feature","geometry":{"type":"Polygon","coordinates":[[[120.9621626,13.9982716],[120.9622195,13.9981848],[120.9623089,13.9982282],[120.962252,13.998315],[120.9621626,13.9982716]]]},"properties":{"osm_id":1356958391,"osm_type":"way","seamark_type":"marine_farm","display_class":"OTHER","min_zoom":12,"importance":1,"name":null,"ref":null,"common":{"type":"marine_farm"},"children":{},"osm_tags":{"aquaculture":"fish","landuse":"aquaculture","seamark:type":"marine_farm"}}},{"type":"Feature","geometry":{"type":"Polygon","coordinates":[[[120.9648921,13.9996473],[120.9649702,13.9995661],[120.965044,13.9996473],[120.9649702,13.9997231],[120.9648921,13.9996473]]]},"properties":{"osm_id":1356958394,"osm_type":"way","seamark_type":"marine_farm","display_class":"OTHER","min_zoom":12,"importance":1,"name":null,"ref":null,"common":{"type":"marine_farm"},"children":{},"osm_tags":{"aquaculture":"fish","landuse":"aquaculture","seamark:type":"marine_farm"}}},{"type":"Feature","geometry":{"type":"Polygon","coordinates":[[[120.9554638,13.9774339],[120.9553853,13.9773889],[120.9554307,13.9773142],[120.9555093,13.9773592],[120.9554638,13.9774339]]]},"properties":{"osm_id":1375327406,"osm_type":"way","seamark_type":"marine_farm","display_class":"OTHER","min_zoom":12,"importance":1,"name":null,"ref":null,"common":{"type":"marine_farm"},"children":{},"osm_tags":{"aquaculture":"fish","landuse":"aquaculture","seamark:type":"marine_farm"}}},{"type":"Feature","geometry":{"type":"Polygon","coordinates":[[[120.9550483,13.9774276],[120.9550509,13.9773975],[120.9551145,13.9774027],[120.9551119,13.9774328],[120.9550483,13.9774276]]]},"properties":{"osm_id":1375327407,"osm_type":"way","seamark_type":"marine_farm","display_class":"OTHER","min_zoom":12,"importance":1,"name":null,"ref":null,"common":{"type":"marine_farm"},"children":{},"osm_tags":{"aquaculture":"fish","landuse":"aquaculture","seamark:type":"marine_farm"}}},{"type":"Feature","geometry":{"type":"Polygon","coordinates":[[[120.955015,13.9772958],[120.9550255,13.9772643],[120.9550688,13.9772863],[120.955058,13.9773125],[120.955015,13.9772958]]]},"properties":{"osm_id":1375327408,"osm_type":"way","seamark_type":"marine_farm","display_class":"OTHER","min_zoom":12,"importance":1,"name":null,"ref":null,"common":{"type":"marine_farm"},"children":{},"osm_tags":{"aquaculture":"fish","landuse":"aquaculture","seamark:type":"marine_farm"}}},{"type":"Feature","geometry":{"type":"Polygon","coordinates":[[[120.9550633,13.9771805],[120.9550844,13.9771444],[120.9551164,13.9771638],[120.9550922,13.9771946],[120.9550633,13.9771805]]]},"properties":{"osm_id":1375327409,"osm_type":"way","seamark_type":"marine_farm","display_class":"OTHER","min_zoom":12,"importance":1,"name":null,"ref":null,"common":{"type":"marine_farm"},"children":{},"osm_tags":{"aquaculture":"fish","landuse":"aquaculture","seamark:type":"marine_farm"}}},{"type":"Feature","geometry":{"type":"Polygon","coordinates":[[[120.9549919,13.977061],[120.9550184,13.9770254],[120.9550653,13.9770612],[120.9550342,13.9770939],[120.9549919,13.977061]]]},"properties":{"osm_id":1375327410,"osm_type":"way","seamark_type":"marine_farm","display_class":"OTHER","min_zoom":12,"importance":1,"name":null,"ref":null,"common":{"type":"marine_farm"},"children":{},"osm_tags":{"aquaculture":"fish","landuse":"aquaculture","seamark:type":"marine_farm"}}},{"type":"Feature","geometry":{"type":"Polygon","coordinates":[[[120.9548808,13.9773332],[120.9548804,13.9772982],[120.9549156,13.9773014],[120.954913,13.9773315],[120.9548808,13.9773332]]]},"properties":{"osm_id":1375327411,"osm_type":"way","seamark_type":"marine_farm","display_class":"OTHER","min_zoom":12,"importance":1,"name":null,"ref":null,"common":{"type":"marine_farm"},"children":{},"osm_tags":{"aquaculture":"fish","landuse":"aquaculture","seamark:type":"marine_farm"}}},{"type":"Feature","geometry":{"type":"Polygon","coordinates":[[[120.9557986,13.9780481],[120.9557526,13.9779921],[120.9558102,13.9779436],[120.9558634,13.9779514],[120.9558603,13.9780061],[120.9557986,13.9780481]]]},"properties":{"osm_id":1375327412,"osm_type":"way","seamark_type":"marine_farm","display_class":"OTHER","min_zoom":12,"importance":1,"name":null,"ref":null,"common":{"type":"marine_farm"},"children":{},"osm_tags":{"aquaculture":"fish","landuse":"aquaculture","seamark:type":"marine_farm"}}},{"type":"Feature","geometry":{"type":"Polygon","coordinates":[[[120.956,13.9781091],[120.9559792,13.9781398],[120.9559267,13.9781078],[120.9559541,13.9780719],[120.956,13.9781091]]]},"properties":{"osm_id":1375327413,"osm_type":"way","seamark_type":"marine_farm","display_class":"OTHER","min_zoom":12,"importance":1,"name":null,"ref":null,"common":{"type":"marine_farm"},"children":{},"osm_tags":{"aquaculture":"fish","landuse":"aquaculture","seamark:type":"marine_farm"}}},{"type":"Feature","geometry":{"type":"Polygon","coordinates":[[[120.9562845,13.9782432],[120.9562871,13.9782062],[120.9563276,13.9782068],[120.9563701,13.978235],[120.956354,13.9782533],[120.9563766,13.9782892],[120.9563535,13.9782905],[120.9563187,13.9782474],[120.9562845,13.9782432]]]},"properties":{"osm_id":1375327414,"osm_type":"way","seamark_type":"marine_farm","display_class":"OTHER","min_zoom":12,"importance":1,"name":null,"ref":null,"common":{"type":"marine_farm"},"children":{},"osm_tags":{"aquaculture":"fish","landuse":"aquaculture","seamark:type":"marine_farm"}}},{"type":"Feature","geometry":{"type":"Polygon","coordinates":[[[120.956378,13.9783083],[120.9563918,13.978286],[120.9564138,13.9782991],[120.956403,13.9783214],[120.956378,13.9783083]]]},"properties":{"osm_id":1375327415,"osm_type":"way","seamark_type":"marine_farm","display_class":"OTHER","min_zoom":12,"importance":1,"name":null,"ref":null,"common":{"type":"marine_farm"},"children":{},"osm_tags":{"aquaculture":"fish","landuse":"aquaculture","seamark:type":"marine_farm"}}},{"type":"Feature","geometry":{"type":"Polygon","coordinates":[[[120.956448,13.9783842],[120.9564618,13.978362],[120.9564909,13.978381],[120.956473,13.9783973],[120.956448,13.9783842]]]},"properties":{"osm_id":1375327416,"osm_type":"way","seamark_type":"marine_farm","display_class":"OTHER","min_zoom":12,"importance":1,"name":null,"ref":null,"common":{"type":"marine_farm"},"children":{},"osm_tags":{"aquaculture":"fish","landuse":"aquaculture","seamark:type":"marine_farm"}}},{"type":"Feature","geometry":{"type":"Polygon","coordinates":[[[120.9564623,13.9787069],[120.9564961,13.9787081],[120.9564957,13.9787439],[120.9564634,13.9787443],[120.9564623,13.9787069]]]},"properties":{"osm_id":1375327417,"osm_type":"way","seamark_type":"marine_farm","display_class":"OTHER","min_zoom":12,"importance":1,"name":null,"ref":null,"common":{"type":"marine_farm"},"children":{},"osm_tags":{"aquaculture":"fish","landuse":"aquaculture","seamark:type":"marine_farm"}}},{"type":"Feature","geometry":{"type":"Polygon","coordinates":[[[120.956565,13.9787264],[120.9565952,13.9787179],[120.9565979,13.9786976],[120.9566478,13.9786995],[120.9566483,13.978732],[120.9566183,13.9787468],[120.9565864,13.9787617],[120.956565,13.9787264]]]},"properties":{"osm_id":1375327418,"osm_type":"way","seamark_type":"marine_farm","display_class":"OTHER","min_zoom":12,"importance":1,"name":null,"ref":null,"common":{"type":"marine_farm"},"children":{},"osm_tags":{"aquaculture":"fish","landuse":"aquaculture","seamark:type":"marine_farm"}}},{"type":"Feature","geometry":{"type":"Polygon","coordinates":[[[120.956645,13.9786467],[120.9566717,13.9786462],[120.9566704,13.9786803],[120.9566479,13.9786824],[120.956645,13.9786467]]]},"properties":{"osm_id":1375327419,"osm_type":"way","seamark_type":"marine_farm","display_class":"OTHER","min_zoom":12,"importance":1,"name":null,"ref":null,"common":{"type":"marine_farm"},"children":{},"osm_tags":{"aquaculture":"fish","landuse":"aquaculture","seamark:type":"marine_farm"}}},{"type":"Feature","geometry":{"type":"Polygon","coordinates":[[[120.9639864,13.9881437],[120.9640336,13.988051],[120.9641254,13.9880951],[120.9640782,13.9881877],[120.9639864,13.9881437]]]},"properties":{"osm_id":1431201061,"osm_type":"way","seamark_type":"marine_farm","display_class":"OTHER","min_zoom":12,"importance":1,"name":null,"ref":null,"common":{"type":"marine_farm"},"children":{},"osm_tags":{"aquaculture":"fish","landuse":"aquaculture","seamark:type":"marine_farm"}}},{"type":"Feature","geometry":{"type":"Polygon","coordinates":[[[120.9639748,13.9881406],[120.9640259,13.9880478],[120.9639318,13.987999],[120.9638807,13.9880918],[120.9639748,13.9881406]]]},"properties":{"osm_id":1431201062,"osm_type":"way","seamark_type":"marine_farm","display_class":"OTHER","min_zoom":12,"importance":1,"name":null,"ref":null,"common":{"type":"marine_farm"},"children":{},"osm_tags":{"aquaculture":"fish","landuse":"aquaculture","seamark:type":"marine_farm"}}},{"type":"Feature","geometry":{"type":"Polygon","coordinates":[[[120.9631718,13.9874551],[120.9630954,13.987387],[120.9631633,13.9873152],[120.9632397,13.9873833],[120.9631718,13.9874551]]]},"properties":{"osm_id":1431201063,"osm_type":"way","seamark_type":"marine_farm","display_class":"OTHER","min_zoom":12,"importance":1,"name":null,"ref":null,"common":{"type":"marine_farm"},"children":{},"osm_tags":{"aquaculture":"fish","landuse":"aquaculture","seamark:type":"marine_farm"}}},{"type":"Feature","geometry":{"type":"Polygon","coordinates":[[[120.9632615,13.987512],[120.963335,13.987447],[120.9632471,13.9873855],[120.9631806,13.9874551],[120.9632615,13.987512]]]},"properties":{"osm_id":1431201064,"osm_type":"way","seamark_type":"marine_farm","display_class":"OTHER","min_zoom":12,"importance":1,"name":null,"ref":null,"common":{"type":"marine_farm"},"children":{},"osm_tags":{"aquaculture":"fish","landuse":"aquaculture","seamark:type":"marine_farm"}}},{"type":"Feature","geometry":{"type":"Polygon","coordinates":[[[120.9633552,13.9875906],[120.9634141,13.9875166],[120.9634913,13.9875744],[120.9634324,13.9876484],[120.9633552,13.9875906]]]},"properties":{"osm_id":1431201065,"osm_type":"way","seamark_type":"marine_farm","display_class":"OTHER","min_zoom":12,"importance":1,"name":null,"ref":null,"common":{"type":"marine_farm"},"children":{},"osm_tags":{"aquaculture":"fish","landuse":"aquaculture","seamark:type":"marine_farm"}}},{"type":"Feature","geometry":{"type":"Polygon","coordinates":[[[120.9633432,13.987586],[120.9634093,13.9875144],[120.9633371,13.9874529],[120.9632623,13.9875149],[120.9633432,13.987586]]]},"properties":{"osm_id":1431201066,"osm_type":"way","seamark_type":"marine_farm","display_class":"OTHER","min_zoom":12,"importance":1,"name":null,"ref":null,"common":{"type":"marine_farm"},"children":{},"osm_tags":{"aquaculture":"fish","landuse":"aquaculture","seamark:type":"marine_farm"}}},{"type":"Feature","geometry":{"type":"Polygon","coordinates":[[[120.9642296,13.9875305],[120.964264,13.9874334],[120.9641641,13.9874001],[120.9641298,13.9874972],[120.9642296,13.9875305]]]},"properties":{"osm_id":1431201067,"osm_type":"way","seamark_type":"marine_farm","display_class":"OTHER","min_zoom":12,"importance":1,"name":null,"ref":null,"common":{"type":"marine_farm"},"children":{},"osm_tags":{"aquaculture":"fish","landuse":"aquaculture","seamark:type":"marine_farm"}}},{"type":"Feature","geometry":{"type":"Polygon","coordinates":[[[120.9641247,13.987496],[120.964158,13.9873996],[120.9640563,13.9873666],[120.964023,13.9874629],[120.9641247,13.987496]]]},"properties":{"osm_id":1431201068,"osm_type":"way","seamark_type":"marine_farm","display_class":"OTHER","min_zoom":12,"importance":1,"name":null,"ref":null,"common":{"type":"marine_farm"},"children":{},"osm_tags":{"aquaculture":"fish","landuse":"aquaculture","seamark:type":"marine_farm"}}},{"type":"Feature","geometry":{"type":"Polygon","coordinates":[[[120.9627109,13.9855798],[120.9627435,13.9854935],[120.962652,13.985461],[120.9626195,13.9855474],[120.9627109,13.9855798]]]},"properties":{"osm_id":1431204422,"osm_type":"way","seamark_type":"marine_farm","display_class":"OTHER","min_zoom":12,"importance":1,"name":null,"ref":null,"common":{"type":"marine_farm"},"children":{},"osm_tags":{"aquaculture":"fish","landuse":"aquaculture","seamark:type":"marine_farm"}}},{"type":"Feature","geometry":{"type":"Polygon","coordinates":[[[120.9626093,13.9855484],[120.9626435,13.9854598],[120.9625481,13.9854251],[120.9625138,13.9855136],[120.9626093,13.9855484]]]},"properties":{"osm_id":1431204423,"osm_type":"way","seamark_type":"marine_farm","display_class":"OTHER","min_zoom":12,"importance":1,"name":null,"ref":null,"common":{"type":"marine_farm"},"children":{},"osm_tags":{"aquaculture":"fish","landuse":"aquaculture","seamark:type":"marine_farm"}}},{"type":"Feature","geometry":{"type":"Polygon","coordinates":[[[120.9624675,13.9855055],[120.9625012,13.985415],[120.9624039,13.9853809],[120.9623703,13.9854714],[120.9624675,13.9855055]]]},"properties":{"osm_id":1431204424,"osm_type":"way","seamark_type":"marine_farm","display_class":"OTHER","min_zoom":12,"importance":1,"name":null,"ref":null,"common":{"type":"marine_farm"},"children":{},"osm_tags":{"aquaculture":"fish","landuse":"aquaculture","seamark:type":"marine_farm"}}},{"type":"Feature","geometry":{"type":"Polygon","coordinates":[[[120.9623635,13.9854731],[120.9623985,13.9853816],[120.9623037,13.9853475],[120.9622687,13.9854389],[120.9623635,13.9854731]]]},"properties":{"osm_id":1431204425,"osm_type":"way","seamark_type":"marine_farm","display_class":"OTHER","min_zoom":12,"importance":1,"name":null,"ref":null,"common":{"type":"marine_farm"},"children":{},"osm_tags":{"aquaculture":"fish","landuse":"aquaculture","seamark:type":"marine_farm"}}},{"type":"Feature","geometry":{"type":"Polygon","coordinates":[[[120.9622719,13.9853381],[120.9622215,13.9854196],[120.9621373,13.9853706],[120.9621876,13.9852891],[120.9622719,13.9853381]]]},"properties":{"osm_id":1431204426,"osm_type":"way","seamark_type":"marine_farm","display_class":"OTHER","min_zoom":12,"importance":1,"name":null,"ref":null,"common":{"type":"marine_farm"},"children":{},"osm_tags":{"aquaculture":"fish","landuse":"aquaculture","seamark:type":"marine_farm"}}},{"type":"Feature","geometry":{"type":"Polygon","coordinates":[[[120.962681,13.9850985],[120.9626473,13.9851869],[120.9625506,13.9851522],[120.9625842,13.9850638],[120.962681,13.9850985]]]},"properties":{"osm_id":1431204427,"osm_type":"way","seamark_type":"marine_farm","display_class":"OTHER","min_zoom":12,"importance":1,"name":null,"ref":null,"common":{"type":"marine_farm"},"children":{},"osm_tags":{"aquaculture":"fish","landuse":"aquaculture","seamark:type":"marine_farm"}}},{"type":"Feature","geometry":{"type":"Polygon","coordinates":[[[120.9636292,13.9847789],[120.963674,13.9846906],[120.9635852,13.9846482],[120.9635404,13.9847365],[120.9636292,13.9847789]]]},"properties":{"osm_id":1431204428,"osm_type":"way","seamark_type":"marine_farm","display_class":"OTHER","min_zoom":12,"importance":1,"name":null,"ref":null,"common":{"type":"marine_farm"},"children":{},"osm_tags":{"aquaculture":"fish","landuse":"aquaculture","seamark:type":"marine_farm"}}},{"type":"Feature","geometry":{"type":"Polygon","coordinates":[[[120.963533,13.9847326],[120.9635806,13.9846481],[120.9634921,13.9846011],[120.9634445,13.9846857],[120.963533,13.9847326]]]},"properties":{"osm_id":1431204429,"osm_type":"way","seamark_type":"marine_farm","display_class":"OTHER","min_zoom":12,"importance":1,"name":null,"ref":null,"common":{"type":"marine_farm"},"children":{},"osm_tags":{"aquaculture":"fish","landuse":"aquaculture","seamark:type":"marine_farm"}}},{"type":"Feature","geometry":{"type":"Polygon","coordinates":[[[120.964471,13.985219],[120.9645212,13.9851323],[120.9644363,13.985086],[120.9643861,13.9851727],[120.964471,13.985219]]]},"properties":{"osm_id":1431204430,"osm_type":"way","seamark_type":"marine_farm","display_class":"OTHER","min_zoom":12,"importance":1,"name":null,"ref":null,"common":{"type":"marine_farm"},"children":{},"osm_tags":{"aquaculture":"fish","landuse":"aquaculture","seamark:type":"marine_farm"}}},{"type":"Feature","geometry":{"type":"Polygon","coordinates":[[[120.9643828,13.9851685],[120.9644289,13.9850819],[120.964335,13.9850347],[120.9642888,13.9851213],[120.9643828,13.9851685]]]},"properties":{"osm_id":1431204431,"osm_type":"way","seamark_type":"marine_farm","display_class":"OTHER","min_zoom":12,"importance":1,"name":null,"ref":null,"common":{"type":"marine_farm"},"children":{},"osm_tags":{"aquaculture":"fish","landuse":"aquaculture","seamark:type":"marine_farm"}}},{"type":"Feature","geometry":{"type":"Polygon","coordinates":[[[120.9623358,13.9860674],[120.9623678,13.9859744],[120.962268,13.9859421],[120.962236,13.9860351],[120.9623358,13.9860674]]]},"properties":{"osm_id":1431204432,"osm_type":"way","seamark_type":"marine_farm","display_class":"OTHER","min_zoom":12,"importance":1,"name":null,"ref":null,"common":{"type":"marine_farm"},"children":{},"osm_tags":{"aquaculture":"fish","landuse":"aquaculture","seamark:type":"marine_farm"}}},{"type":"Feature","geometry":{"type":"Polygon","coordinates":[[[120.9622601,13.9859437],[120.9622299,13.9860348],[120.962136,13.9860055],[120.9621662,13.9859144],[120.9622601,13.9859437]]]},"properties":{"osm_id":1431204433,"osm_type":"way","seamark_type":"marine_farm","display_class":"OTHER","min_zoom":12,"importance":1,"name":null,"ref":null,"common":{"type":"marine_farm"},"children":{},"osm_tags":{"aquaculture":"fish","landuse":"aquaculture","seamark:type":"marine_farm"}}},{"type":"Feature","geometry":{"type":"Polygon","coordinates":[[[120.9633781,13.9855017],[120.9634193,13.9854136],[120.9633307,13.9853746],[120.9632895,13.9854627],[120.9633781,13.9855017]]]},"properties":{"osm_id":1431204434,"osm_type":"way","seamark_type":"marine_farm","display_class":"OTHER","min_zoom":12,"importance":1,"name":null,"ref":null,"common":{"type":"marine_farm"},"children":{},"osm_tags":{"aquaculture":"fish","landuse":"aquaculture","seamark:type":"marine_farm"}}},{"type":"Feature","geometry":{"type":"Polygon","coordinates":[[[120.9632849,13.9854599],[120.9633263,13.9853748],[120.963237,13.9853338],[120.9631955,13.9854189],[120.9632849,13.9854599]]]},"properties":{"osm_id":1431204435,"osm_type":"way","seamark_type":"marine_farm","display_class":"OTHER","min_zoom":12,"importance":1,"name":null,"ref":null,"common":{"type":"marine_farm"},"children":{},"osm_tags":{"aquaculture":"fish","landuse":"aquaculture","seamark:type":"marine_farm"}}},{"type":"Feature","geometry":{"type":"Polygon","coordinates":[[[120.9632013,13.9853992],[120.963225,13.9853528],[120.9631753,13.9853289],[120.9631515,13.9853752],[120.9632013,13.9853992]]]},"properties":{"osm_id":1431204436,"osm_type":"way","seamark_type":"marine_farm","display_class":"OTHER","min_zoom":12,"importance":1,"name":null,"ref":null,"common":{"type":"marine_farm"},"children":{},"osm_tags":{"aquaculture":"fish","landuse":"aquaculture","seamark:type":"marine_farm"}}},{"type":"Feature","geometry":{"type":"Polygon","coordinates":[[[120.9633623,13.9846884],[120.9633904,13.9845988],[120.963295,13.9845707],[120.963267,13.9846603],[120.9633623,13.9846884]]]},"properties":{"osm_id":1431972308,"osm_type":"way","seamark_type":"marine_farm","display_class":"OTHER","min_zoom":12,"importance":1,"name":null,"ref":null,"common":{"type":"marine_farm"},"children":{},"osm_tags":{"aquaculture":"fish","landuse":"aquaculture","seamark:type":"marine_farm"}}},{"type":"Feature","geometry":{"type":"Polygon","coordinates":[[[120.9630287,13.9845856],[120.9630569,13.9844906],[120.9629583,13.9844631],[120.9629301,13.9845581],[120.9630287,13.9845856]]]},"properties":{"osm_id":1431972309,"osm_type":"way","seamark_type":"marine_farm","display_class":"OTHER","min_zoom":12,"importance":1,"name":null,"ref":null,"common":{"type":"marine_farm"},"children":{},"osm_tags":{"aquaculture":"fish","landuse":"aquaculture","seamark:type":"marine_farm"}}},{"type":"Feature","geometry":{"type":"Polygon","coordinates":[[[120.963126,13.9846153],[120.9631571,13.9845253],[120.9630627,13.9844945],[120.9630316,13.9845846],[120.963126,13.9846153]]]},"properties":{"osm_id":1431972310,"osm_type":"way","seamark_type":"marine_farm","display_class":"OTHER","min_zoom":12,"importance":1,"name":null,"ref":null,"common":{"type":"marine_farm"},"children":{},"osm_tags":{"aquaculture":"fish","landuse":"aquaculture","seamark:type":"marine_farm"}}},{"type":"Feature","geometry":{"type":"Polygon","coordinates":[[[120.9632661,13.9846575],[120.9632897,13.9845617],[120.9631896,13.9845385],[120.963166,13.9846344],[120.9632661,13.9846575]]]},"properties":{"osm_id":1431972311,"osm_type":"way","seamark_type":"marine_farm","display_class":"OTHER","min_zoom":12,"importance":1,"name":null,"ref":null,"common":{"type":"marine_farm"},"children":{},"osm_tags":{"aquaculture":"fish","landuse":"aquaculture","seamark:type":"marine_farm"}}},{"type":"Feature","geometry":{"type":"Polygon","coordinates":[[[120.9628809,13.9845522],[120.9629089,13.9844625],[120.9628136,13.9844344],[120.9627855,13.9845241],[120.9628809,13.9845522]]]},"properties":{"osm_id":1431972312,"osm_type":"way","seamark_type":"marine_farm","display_class":"OTHER","min_zoom":12,"importance":1,"name":null,"ref":null,"common":{"type":"marine_farm"},"children":{},"osm_tags":{"aquaculture":"fish","landuse":"aquaculture","seamark:type":"marine_farm"}}},{"type":"Feature","geometry":{"type":"Polygon","coordinates":[[[120.9622964,13.9843199],[120.9623255,13.9842365],[120.9622366,13.9842073],[120.9622075,13.9842907],[120.9622964,13.9843199]]]},"properties":{"osm_id":1431972313,"osm_type":"way","seamark_type":"marine_farm","display_class":"OTHER","min_zoom":12,"importance":1,"name":null,"ref":null,"common":{"type":"marine_farm"},"children":{},"osm_tags":{"aquaculture":"fish","landuse":"aquaculture","seamark:type":"marine_farm"}}},{"type":"Feature","geometry":{"type":"Polygon","coordinates":[[[120.9623936,13.9843735],[120.9624303,13.9842737],[120.9623291,13.9842387],[120.9622925,13.9843385],[120.9623936,13.9843735]]]},"properties":{"osm_id":1431972314,"osm_type":"way","seamark_type":"marine_farm","display_class":"OTHER","min_zoom":12,"importance":1,"name":null,"ref":null,"common":{"type":"marine_farm"},"children":{},"osm_tags":{"aquaculture":"fish","landuse":"aquaculture","seamark:type":"marine_farm"}}},{"type":"Feature","geometry":{"type":"Polygon","coordinates":[[[120.9626296,13.9844893],[120.9626649,13.9843879],[120.96256,13.9843536],[120.9625248,13.984455],[120.9626296,13.9844893]]]},"properties":{"osm_id":1431972315,"osm_type":"way","seamark_type":"marine_farm","display_class":"OTHER","min_zoom":12,"importance":1,"name":null,"ref":null,"common":{"type":"marine_farm"},"children":{},"osm_tags":{"aquaculture":"fish","landuse":"aquaculture","seamark:type":"marine_farm"}}},{"type":"Feature","geometry":{"type":"Polygon","coordinates":[[[120.962521,13.9844325],[120.9625599,13.9843402],[120.9624714,13.9843051],[120.9624325,13.9843975],[120.962521,13.9844325]]]},"properties":{"osm_id":1431972316,"osm_type":"way","seamark_type":"marine_farm","display_class":"OTHER","min_zoom":12,"importance":1,"name":null,"ref":null,"common":{"type":"marine_farm"},"children":{},"osm_tags":{"aquaculture":"fish","landuse":"aquaculture","seamark:type":"marine_farm"}}},{"type":"Feature","geometry":{"type":"Polygon","coordinates":[[[120.962773,13.9845297],[120.9628015,13.9844301],[120.9626977,13.9844021],[120.9626692,13.9845017],[120.962773,13.9845297]]]},"properties":{"osm_id":1431972317,"osm_type":"way","seamark_type":"marine_farm","display_class":"OTHER","min_zoom":12,"importance":1,"name":null,"ref":null,"common":{"type":"marine_farm"},"children":{},"osm_tags":{"aquaculture":"fish","landuse":"aquaculture","seamark:type":"marine_farm"}}},{"type":"Feature","geometry":{"type":"Polygon","coordinates":[[[120.9644342,13.9840285],[120.9644758,13.9839371],[120.9643876,13.9838992],[120.9643459,13.9839906],[120.9644342,13.9840285]]]},"properties":{"osm_id":1431972318,"osm_type":"way","seamark_type":"marine_farm","display_class":"OTHER","min_zoom":12,"importance":1,"name":null,"ref":null,"common":{"type":"marine_farm"},"children":{},"osm_tags":{"aquaculture":"fish","landuse":"aquaculture","seamark:type":"marine_farm"}}},{"type":"Feature","geometry":{"type":"Polygon","coordinates":[[[120.964549,13.9840768],[120.9645892,13.9839763],[120.964482,13.983936],[120.9644418,13.9840364],[120.964549,13.9840768]]]},"properties":{"osm_id":1431972319,"osm_type":"way","seamark_type":"marine_farm","display_class":"OTHER","min_zoom":12,"importance":1,"name":null,"ref":null,"common":{"type":"marine_farm"},"children":{},"osm_tags":{"aquaculture":"fish","landuse":"aquaculture","seamark:type":"marine_farm"}}},{"type":"Feature","geometry":{"type":"Polygon","coordinates":[[[120.964959,13.9839193],[120.9649707,13.9838205],[120.9648687,13.9838091],[120.964857,13.9839079],[120.964959,13.9839193]]]},"properties":{"osm_id":1431972320,"osm_type":"way","seamark_type":"marine_farm","display_class":"OTHER","min_zoom":12,"importance":1,"name":null,"ref":null,"common":{"type":"marine_farm"},"children":{},"osm_tags":{"aquaculture":"fish","landuse":"aquaculture","seamark:type":"marine_farm"}}},{"type":"Feature","geometry":{"type":"Polygon","coordinates":[[[120.9637787,13.9855739],[120.963824,13.9854882],[120.9637327,13.9854428],[120.9636874,13.9855284],[120.9637787,13.9855739]]]},"properties":{"osm_id":1431973632,"osm_type":"way","seamark_type":"marine_farm","display_class":"OTHER","min_zoom":12,"importance":1,"name":null,"ref":null,"common":{"type":"marine_farm"},"children":{},"osm_tags":{"aquaculture":"fish","landuse":"aquaculture","seamark:type":"marine_farm"}}},{"type":"Feature","geometry":{"type":"Polygon","coordinates":[[[120.963874,13.9856217],[120.9639223,13.985535],[120.9638316,13.9854875],[120.9637833,13.9855742],[120.963874,13.9856217]]]},"properties":{"osm_id":1431973633,"osm_type":"way","seamark_type":"marine_farm","display_class":"OTHER","min_zoom":12,"importance":1,"name":null,"ref":null,"common":{"type":"marine_farm"},"children":{},"osm_tags":{"aquaculture":"fish","landuse":"aquaculture","seamark:type":"marine_farm"}}},{"type":"Feature","geometry":{"type":"Polygon","coordinates":[[[120.9640245,13.9858215],[120.9640726,13.9857348],[120.9639802,13.9856866],[120.9639321,13.9857733],[120.9640245,13.9858215]]]},"properties":{"osm_id":1431973634,"osm_type":"way","seamark_type":"marine_farm","display_class":"OTHER","min_zoom":12,"importance":1,"name":null,"ref":null,"common":{"type":"marine_farm"},"children":{},"osm_tags":{"aquaculture":"fish","landuse":"aquaculture","seamark:type":"marine_farm"}}},{"type":"Feature","geometry":{"type":"Polygon","coordinates":[[[120.9641272,13.9858639],[120.9641714,13.9857713],[120.9640777,13.9857292],[120.9640335,13.9858219],[120.9641272,13.9858639]]]},"properties":{"osm_id":1431973635,"osm_type":"way","seamark_type":"marine_farm","display_class":"OTHER","min_zoom":12,"importance":1,"name":null,"ref":null,"common":{"type":"marine_farm"},"children":{},"osm_tags":{"aquaculture":"fish","landuse":"aquaculture","seamark:type":"marine_farm"}}},{"type":"Feature","geometry":{"type":"Polygon","coordinates":[[[120.9644199,13.9860326],[120.9644862,13.98596],[120.9644126,13.9858967],[120.9643463,13.9859694],[120.9644199,13.9860326]]]},"properties":{"osm_id":1431973636,"osm_type":"way","seamark_type":"marine_farm","display_class":"OTHER","min_zoom":12,"importance":1,"name":null,"ref":null,"common":{"type":"marine_farm"},"children":{},"osm_tags":{"aquaculture":"fish","landuse":"aquaculture","seamark:type":"marine_farm"}}},{"type":"Feature","geometry":{"type":"Polygon","coordinates":[[[120.9645038,13.9861006],[120.96457,13.9860205],[120.9644902,13.9859584],[120.9644241,13.9860385],[120.9645038,13.9861006]]]},"properties":{"osm_id":1431973637,"osm_type":"way","seamark_type":"marine_farm","display_class":"OTHER","min_zoom":12,"importance":1,"name":null,"ref":null,"common":{"type":"marine_farm"},"children":{},"osm_tags":{"aquaculture":"fish","landuse":"aquaculture","seamark:type":"marine_farm"}}},{"type":"Feature","geometry":{"type":"Polygon","coordinates":[[[120.9628872,13.985936],[120.9629206,13.9858416],[120.9628237,13.9858093],[120.9627903,13.9859038],[120.9628872,13.985936]]]},"properties":{"osm_id":1432277872,"osm_type":"way","seamark_type":"marine_farm","display_class":"OTHER","min_zoom":12,"importance":1,"name":null,"ref":null,"common":{"type":"marine_farm"},"children":{},"osm_tags":{"aquaculture":"fish","landuse":"aquaculture","seamark:type":"marine_farm"}}},{"type":"Feature","geometry":{"type":"Polygon","coordinates":[[[120.9629894,13.9859692],[120.9630224,13.9858732],[120.9629269,13.9858423],[120.962894,13.9859384],[120.9629894,13.9859692]]]},"properties":{"osm_id":1432277873,"osm_type":"way","seamark_type":"marine_farm","display_class":"OTHER","min_zoom":12,"importance":1,"name":null,"ref":null,"common":{"type":"marine_farm"},"children":{},"osm_tags":{"aquaculture":"fish","landuse":"aquaculture","seamark:type":"marine_farm"}}},{"type":"Feature","geometry":{"type":"Polygon","coordinates":[[[120.9632738,13.9860998],[120.9633357,13.9860203],[120.9632548,13.985961],[120.9631929,13.9860404],[120.9632738,13.9860998]]]},"properties":{"osm_id":1432277874,"osm_type":"way","seamark_type":"marine_farm","display_class":"OTHER","min_zoom":12,"importance":1,"name":null,"ref":null,"common":{"type":"marine_farm"},"children":{},"osm_tags":{"aquaculture":"fish","landuse":"aquaculture","seamark:type":"marine_farm"}}},{"type":"Feature","geometry":{"type":"Polygon","coordinates":[[[120.9633613,13.9861586],[120.9634185,13.986081],[120.9633396,13.9860263],[120.9632825,13.9861039],[120.9633613,13.9861586]]]},"properties":{"osm_id":1432277875,"osm_type":"way","seamark_type":"marine_farm","display_class":"OTHER","min_zoom":12,"importance":1,"name":null,"ref":null,"common":{"type":"marine_farm"},"children":{},"osm_tags":{"aquaculture":"fish","landuse":"aquaculture","seamark:type":"marine_farm"}}},{"type":"Feature","geometry":{"type":"Polygon","coordinates":[[[120.9636926,13.986245],[120.9637477,13.9861726],[120.9636729,13.9861189],[120.9636177,13.9861912],[120.9636926,13.986245]]]},"properties":{"osm_id":1432277876,"osm_type":"way","seamark_type":"marine_farm","display_class":"OTHER","min_zoom":12,"importance":1,"name":null,"ref":null,"common":{"type":"marine_farm"},"children":{},"osm_tags":{"aquaculture":"fish","landuse":"aquaculture","seamark:type":"marine_farm"}}},{"type":"Feature","geometry":{"type":"Polygon","coordinates":[[[120.963612,13.9861947],[120.9636675,13.9861138],[120.9635821,13.9860586],[120.9635265,13.9861395],[120.963612,13.9861947]]]},"properties":{"osm_id":1432277877,"osm_type":"way","seamark_type":"marine_farm","display_class":"OTHER","min_zoom":12,"importance":1,"name":null,"ref":null,"common":{"type":"marine_farm"},"children":{},"osm_tags":{"aquaculture":"fish","landuse":"aquaculture","seamark:type":"marine_farm"}}},{"type":"Feature","geometry":{"type":"Polygon","coordinates":[[[120.9640387,13.9865137],[120.9640905,13.9864318],[120.9640039,13.9863802],[120.963952,13.9864622],[120.9640387,13.9865137]]]},"properties":{"osm_id":1432277878,"osm_type":"way","seamark_type":"marine_farm","display_class":"OTHER","min_zoom":12,"importance":1,"name":null,"ref":null,"common":{"type":"marine_farm"},"children":{},"osm_tags":{"aquaculture":"fish","landuse":"aquaculture","seamark:type":"marine_farm"}}},{"type":"Feature","geometry":{"type":"Polygon","coordinates":[[[120.9641343,13.9865684],[120.9641845,13.9864867],[120.9640934,13.9864341],[120.9640432,13.9865158],[120.9641343,13.9865684]]]},"properties":{"osm_id":1432277879,"osm_type":"way","seamark_type":"marine_farm","display_class":"OTHER","min_zoom":12,"importance":1,"name":null,"ref":null,"common":{"type":"marine_farm"},"children":{},"osm_tags":{"aquaculture":"fish","landuse":"aquaculture","seamark:type":"marine_farm"}}},{"type":"Feature","geometry":{"type":"Polygon","coordinates":[[[120.9642312,13.9866227],[120.964282,13.9865316],[120.9641881,13.9864824],[120.9641373,13.9865735],[120.9642312,13.9866227]]]},"properties":{"osm_id":1432277880,"osm_type":"way","seamark_type":"marine_farm","display_class":"OTHER","min_zoom":12,"importance":1,"name":null,"ref":null,"common":{"type":"marine_farm"},"children":{},"osm_tags":{"aquaculture":"fish","landuse":"aquaculture","seamark:type":"marine_farm"}}},{"type":"Feature","geometry":{"type":"Polygon","coordinates":[[[120.9643313,13.9866661],[120.9643791,13.9865788],[120.9642887,13.9865322],[120.9642409,13.9866195],[120.9643313,13.9866661]]]},"properties":{"osm_id":1432277881,"osm_type":"way","seamark_type":"marine_farm","display_class":"OTHER","min_zoom":12,"importance":1,"name":null,"ref":null,"common":{"type":"marine_farm"},"children":{},"osm_tags":{"aquaculture":"fish","landuse":"aquaculture","seamark:type":"marine_farm"}}},{"type":"Feature","geometry":{"type":"Polygon","coordinates":[[[120.9636198,13.987072],[120.9636775,13.9869941],[120.9635916,13.9869342],[120.9635339,13.9870121],[120.9636198,13.987072]]]},"properties":{"osm_id":1432277882,"osm_type":"way","seamark_type":"marine_farm","display_class":"OTHER","min_zoom":12,"importance":1,"name":null,"ref":null,"common":{"type":"marine_farm"},"children":{},"osm_tags":{"aquaculture":"fish","landuse":"aquaculture","seamark:type":"marine_farm"}}},{"type":"Feature","geometry":{"type":"Polygon","coordinates":[[[120.9637017,13.987128],[120.9637572,13.9870566],[120.963681,13.9870008],[120.9636255,13.9870723],[120.9637017,13.987128]]]},"properties":{"osm_id":1432277883,"osm_type":"way","seamark_type":"marine_farm","display_class":"OTHER","min_zoom":12,"importance":1,"name":null,"ref":null,"common":{"type":"marine_farm"},"children":{},"osm_tags":{"aquaculture":"fish","landuse":"aquaculture","seamark:type":"marine_farm"}}},{"type":"Feature","geometry":{"type":"Polygon","coordinates":[[[120.9649192,13.9872279],[120.9649555,13.9871383],[120.9648634,13.9871032],[120.9648271,13.9871928],[120.9649192,13.9872279]]]},"properties":{"osm_id":1432277884,"osm_type":"way","seamark_type":"marine_farm","display_class":"OTHER","min_zoom":12,"importance":1,"name":null,"ref":null,"common":{"type":"marine_farm"},"children":{},"osm_tags":{"aquaculture":"fish","landuse":"aquaculture","seamark:type":"marine_farm"}}},{"type":"Feature","geometry":{"type":"Polygon","coordinates":[[[120.9650238,13.9872545],[120.9650484,13.9871712],[120.9649591,13.9871463],[120.9649345,13.9872296],[120.9650238,13.9872545]]]},"properties":{"osm_id":1432277885,"osm_type":"way","seamark_type":"marine_farm","display_class":"OTHER","min_zoom":12,"importance":1,"name":null,"ref":null,"common":{"type":"marine_farm"},"children":{},"osm_tags":{"aquaculture":"fish","landuse":"aquaculture","seamark:type":"marine_farm"}}},{"type":"Feature","geometry":{"type":"Polygon","coordinates":[[[120.9622185,13.9862589],[120.9621833,13.9863498],[120.9620814,13.9863126],[120.9621166,13.9862217],[120.9622185,13.9862589]]]},"properties":{"osm_id":1432280503,"osm_type":"way","seamark_type":"marine_farm","display_class":"OTHER","min_zoom":12,"importance":1,"name":null,"ref":null,"common":{"type":"marine_farm"},"children":{},"osm_tags":{"aquaculture":"fish","landuse":"aquaculture","seamark:type":"marine_farm"}}},{"type":"Feature","geometry":{"type":"Polygon","coordinates":[[[120.9621119,13.9862188],[120.9620747,13.9863153],[120.9619764,13.9862797],[120.9620136,13.9861835],[120.9621119,13.9862188]]]},"properties":{"osm_id":1432280504,"osm_type":"way","seamark_type":"marine_farm","display_class":"OTHER","min_zoom":12,"importance":1,"name":null,"ref":null,"common":{"type":"marine_farm"},"children":{},"osm_tags":{"aquaculture":"fish","landuse":"aquaculture","seamark:type":"marine_farm"}}},{"type":"Feature","geometry":{"type":"Polygon","coordinates":[[[120.9619695,13.9861558],[120.9619268,13.9862439],[120.9618363,13.9862026],[120.961879,13.9861145],[120.9619695,13.9861558]]]},"properties":{"osm_id":1432280505,"osm_type":"way","seamark_type":"marine_farm","display_class":"OTHER","min_zoom":12,"importance":1,"name":null,"ref":null,"common":{"type":"marine_farm"},"children":{},"osm_tags":{"aquaculture":"fish","landuse":"aquaculture","seamark:type":"marine_farm"}}},{"type":"Feature","geometry":{"type":"Polygon","coordinates":[[[120.9617809,13.9860649],[120.9617343,13.9861553],[120.9616395,13.9861093],[120.9616861,13.9860189],[120.9617809,13.9860649]]]},"properties":{"osm_id":1432280506,"osm_type":"way","seamark_type":"marine_farm","display_class":"OTHER","min_zoom":12,"importance":1,"name":null,"ref":null,"common":{"type":"marine_farm"},"children":{},"osm_tags":{"aquaculture":"fish","landuse":"aquaculture","seamark:type":"marine_farm"}}},{"type":"Feature","geometry":{"type":"Polygon","coordinates":[[[120.9618749,13.986113],[120.9618296,13.9862042],[120.9617377,13.9861612],[120.9617829,13.98607],[120.9618749,13.986113]]]},"properties":{"osm_id":1432280507,"osm_type":"way","seamark_type":"marine_farm","display_class":"OTHER","min_zoom":12,"importance":1,"name":null,"ref":null,"common":{"type":"marine_farm"},"children":{},"osm_tags":{"aquaculture":"fish","landuse":"aquaculture","seamark:type":"marine_farm"}}},{"type":"Feature","geometry":{"type":"Polygon","coordinates":[[[120.9621797,13.9852872],[120.9621313,13.9853704],[120.962044,13.9853226],[120.9620924,13.9852394],[120.9621797,13.9852872]]]},"properties":{"osm_id":1432280508,"osm_type":"way","seamark_type":"marine_farm","display_class":"OTHER","min_zoom":12,"importance":1,"name":null,"ref":null,"common":{"type":"marine_farm"},"children":{},"osm_tags":{"aquaculture":"fish","landuse":"aquaculture","seamark:type":"marine_farm"}}},{"type":"Feature","geometry":{"type":"Polygon","coordinates":[[[120.9620459,13.9852132],[120.9619985,13.9852969],[120.9619135,13.9852516],[120.9619608,13.9851679],[120.9620459,13.9852132]]]},"properties":{"osm_id":1432280509,"osm_type":"way","seamark_type":"marine_farm","display_class":"OTHER","min_zoom":12,"importance":1,"name":null,"ref":null,"common":{"type":"marine_farm"},"children":{},"osm_tags":{"aquaculture":"fish","landuse":"aquaculture","seamark:type":"marine_farm"}}},{"type":"Feature","geometry":{"type":"Polygon","coordinates":[[[120.9619553,13.9851658],[120.9619109,13.9852491],[120.9618218,13.9852043],[120.9618662,13.9851211],[120.9619553,13.9851658]]]},"properties":{"osm_id":1432280510,"osm_type":"way","seamark_type":"marine_farm","display_class":"OTHER","min_zoom":12,"importance":1,"name":null,"ref":null,"common":{"type":"marine_farm"},"children":{},"osm_tags":{"aquaculture":"fish","landuse":"aquaculture","seamark:type":"marine_farm"}}},{"type":"Feature","geometry":{"type":"Polygon","coordinates":[[[120.9621627,13.9849527],[120.9620979,13.9850211],[120.9620273,13.984958],[120.9620921,13.9848897],[120.9621627,13.9849527]]]},"properties":{"osm_id":1432280511,"osm_type":"way","seamark_type":"marine_farm","display_class":"OTHER","min_zoom":12,"importance":1,"name":null,"ref":null,"common":{"type":"marine_farm"},"children":{},"osm_tags":{"aquaculture":"fish","landuse":"aquaculture","seamark:type":"marine_farm"}}},{"type":"Feature","geometry":{"type":"Polygon","coordinates":[[[120.9620903,13.9848846],[120.9620235,13.9849555],[120.9619469,13.9848876],[120.9620137,13.9848167],[120.9620903,13.9848846]]]},"properties":{"osm_id":1432280512,"osm_type":"way","seamark_type":"marine_farm","display_class":"OTHER","min_zoom":12,"importance":1,"name":null,"ref":null,"common":{"type":"marine_farm"},"children":{},"osm_tags":{"aquaculture":"fish","landuse":"aquaculture","seamark:type":"marine_farm"}}},{"type":"Feature","geometry":{"type":"Polygon","coordinates":[[[120.9619474,13.9848039],[120.9618826,13.9848824],[120.961808,13.9848245],[120.9618728,13.9847459],[120.9619474,13.9848039]]]},"properties":{"osm_id":1432280513,"osm_type":"way","seamark_type":"marine_farm","display_class":"OTHER","min_zoom":12,"importance":1,"name":null,"ref":null,"common":{"type":"marine_farm"},"children":{},"osm_tags":{"aquaculture":"fish","landuse":"aquaculture","seamark:type":"marine_farm"}}},{"type":"Feature","geometry":{"type":"Polygon","coordinates":[[[120.9618652,13.9847442],[120.9618049,13.9848194],[120.9617248,13.9847589],[120.9617851,13.9846838],[120.9618652,13.9847442]]]},"properties":{"osm_id":1432280514,"osm_type":"way","seamark_type":"marine_farm","display_class":"OTHER","min_zoom":12,"importance":1,"name":null,"ref":null,"common":{"type":"marine_farm"},"children":{},"osm_tags":{"aquaculture":"fish","landuse":"aquaculture","seamark:type":"marine_farm"}}},{"type":"Feature","geometry":{"type":"Polygon","coordinates":[[[120.9618198,13.985473],[120.961777,13.9855607],[120.9616898,13.9855207],[120.9617327,13.9854329],[120.9618198,13.985473]]]},"properties":{"osm_id":1432280515,"osm_type":"way","seamark_type":"marine_farm","display_class":"OTHER","min_zoom":12,"importance":1,"name":null,"ref":null,"common":{"type":"marine_farm"},"children":{},"osm_tags":{"aquaculture":"fish","landuse":"aquaculture","seamark:type":"marine_farm"}}},{"type":"Feature","geometry":{"type":"Polygon","coordinates":[[[120.96173,13.9854256],[120.9616867,13.9855115],[120.9615947,13.9854679],[120.9616379,13.985382],[120.96173,13.9854256]]]},"properties":{"osm_id":1432280516,"osm_type":"way","seamark_type":"marine_farm","display_class":"OTHER","min_zoom":12,"importance":1,"name":null,"ref":null,"common":{"type":"marine_farm"},"children":{},"osm_tags":{"aquaculture":"fish","landuse":"aquaculture","seamark:type":"marine_farm"}}},{"type":"Feature","geometry":{"type":"Polygon","coordinates":[[[120.9616337,13.9853789],[120.9615891,13.9854617],[120.9615011,13.9854172],[120.9615456,13.9853344],[120.9616337,13.9853789]]]},"properties":{"osm_id":1432280517,"osm_type":"way","seamark_type":"marine_farm","display_class":"OTHER","min_zoom":12,"importance":1,"name":null,"ref":null,"common":{"type":"marine_farm"},"children":{},"osm_tags":{"aquaculture":"fish","landuse":"aquaculture","seamark:type":"marine_farm"}}},{"type":"Feature","geometry":{"type":"Polygon","coordinates":[[[120.9615446,13.9856212],[120.9615114,13.9857114],[120.9614211,13.9856801],[120.9614543,13.9855899],[120.9615446,13.9856212]]]},"properties":{"osm_id":1432280518,"osm_type":"way","seamark_type":"marine_farm","display_class":"OTHER","min_zoom":12,"importance":1,"name":null,"ref":null,"common":{"type":"marine_farm"},"children":{},"osm_tags":{"aquaculture":"fish","landuse":"aquaculture","seamark:type":"marine_farm"}}},{"type":"Feature","geometry":{"type":"Polygon","coordinates":[[[120.9614486,13.9855905],[120.9614135,13.9856774],[120.9613178,13.9856411],[120.9613529,13.9855542],[120.9614486,13.9855905]]]},"properties":{"osm_id":1432280519,"osm_type":"way","seamark_type":"marine_farm","display_class":"OTHER","min_zoom":12,"importance":1,"name":null,"ref":null,"common":{"type":"marine_farm"},"children":{},"osm_tags":{"aquaculture":"fish","landuse":"aquaculture","seamark:type":"marine_farm"}}},{"type":"Feature","geometry":{"type":"Polygon","coordinates":[[[120.9616856,13.9856823],[120.9616389,13.9857744],[120.9615489,13.9857314],[120.9615956,13.9856393],[120.9616856,13.9856823]]]},"properties":{"osm_id":1432280520,"osm_type":"way","seamark_type":"marine_farm","display_class":"OTHER","min_zoom":12,"importance":1,"name":null,"ref":null,"common":{"type":"marine_farm"},"children":{},"osm_tags":{"aquaculture":"fish","landuse":"aquaculture","seamark:type":"marine_farm"}}},{"type":"Feature","geometry":{"type":"Polygon","coordinates":[[[120.9617786,13.9857312],[120.9617355,13.9858156],[120.9616461,13.9857726],[120.9616893,13.9856882],[120.9617786,13.9857312]]]},"properties":{"osm_id":1432280521,"osm_type":"way","seamark_type":"marine_farm","display_class":"OTHER","min_zoom":12,"importance":1,"name":null,"ref":null,"common":{"type":"marine_farm"},"children":{},"osm_tags":{"aquaculture":"fish","landuse":"aquaculture","seamark:type":"marine_farm"}}},{"type":"Feature","geometry":{"type":"Polygon","coordinates":[[[120.9614027,13.9871312],[120.9613566,13.9872015],[120.9612825,13.9871558],[120.9613286,13.9870855],[120.9614027,13.9871312]]]},"properties":{"osm_id":1432280522,"osm_type":"way","seamark_type":"marine_farm","display_class":"OTHER","min_zoom":12,"importance":1,"name":null,"ref":null,"common":{"type":"marine_farm"},"children":{},"osm_tags":{"aquaculture":"fish","landuse":"aquaculture","seamark:type":"marine_farm"}}},{"type":"Feature","geometry":{"type":"Polygon","coordinates":[[[120.9613267,13.9870757],[120.9612776,13.9871534],[120.9611992,13.9871068],[120.9612483,13.987029],[120.9613267,13.9870757]]]},"properties":{"osm_id":1432280523,"osm_type":"way","seamark_type":"marine_farm","display_class":"OTHER","min_zoom":12,"importance":1,"name":null,"ref":null,"common":{"type":"marine_farm"},"children":{},"osm_tags":{"aquaculture":"fish","landuse":"aquaculture","seamark:type":"marine_farm"}}},{"type":"Feature","geometry":{"type":"Polygon","coordinates":[[[120.9610919,13.9869489],[120.961034,13.9870172],[120.9609607,13.9869588],[120.9610186,13.9868904],[120.9610919,13.9869489]]]},"properties":{"osm_id":1432280524,"osm_type":"way","seamark_type":"marine_farm","display_class":"OTHER","min_zoom":12,"importance":1,"name":null,"ref":null,"common":{"type":"marine_farm"},"children":{},"osm_tags":{"aquaculture":"fish","landuse":"aquaculture","seamark:type":"marine_farm"}}},{"type":"Feature","geometry":{"type":"Polygon","coordinates":[[[120.9581906,13.9866249],[120.9581256,13.9866915],[120.9580541,13.9866257],[120.958119,13.9865591],[120.9581906,13.9866249]]]},"properties":{"osm_id":1432556211,"osm_type":"way","seamark_type":"marine_farm","display_class":"OTHER","min_zoom":12,"importance":1,"name":null,"ref":null,"common":{"type":"marine_farm"},"children":{},"osm_tags":{"aquaculture":"fish","landuse":"aquaculture","seamark:type":"marine_farm"}}},{"type":"Feature","geometry":{"type":"Polygon","coordinates":[[[120.9582734,13.9866963],[120.958206,13.9867666],[120.9581289,13.986697],[120.9581963,13.9866267],[120.9582734,13.9866963]]]},"properties":{"osm_id":1432556212,"osm_type":"way","seamark_type":"marine_farm","display_class":"OTHER","min_zoom":12,"importance":1,"name":null,"ref":null,"common":{"type":"marine_farm"},"children":{},"osm_tags":{"aquaculture":"fish","landuse":"aquaculture","seamark:type":"marine_farm"}}},{"type":"Feature","geometry":{"type":"Polygon","coordinates":[[[120.9585677,13.9870186],[120.9584923,13.9870732],[120.9584355,13.9869994],[120.958511,13.9869448],[120.9585677,13.9870186]]]},"properties":{"osm_id":1432556213,"osm_type":"way","seamark_type":"marine_farm","display_class":"OTHER","min_zoom":12,"importance":1,"name":null,"ref":null,"common":{"type":"marine_farm"},"children":{},"osm_tags":{"aquaculture":"fish","landuse":"aquaculture","seamark:type":"marine_farm"}}},{"type":"Feature","geometry":{"type":"Polygon","coordinates":[[[120.958505,13.9869372],[120.9584301,13.9869955],[120.958369,13.9869216],[120.9584438,13.9868633],[120.958505,13.9869372]]]},"properties":{"osm_id":1432556214,"osm_type":"way","seamark_type":"marine_farm","display_class":"OTHER","min_zoom":12,"importance":1,"name":null,"ref":null,"common":{"type":"marine_farm"},"children":{},"osm_tags":{"aquaculture":"fish","landuse":"aquaculture","seamark:type":"marine_farm"}}},{"type":"Feature","geometry":{"type":"Polygon","coordinates":[[[120.9570072,13.985266],[120.9569833,13.9852854],[120.9569591,13.9852572],[120.956983,13.9852379],[120.9570072,13.985266]]]},"properties":{"osm_id":1432556215,"osm_type":"way","seamark_type":"marine_farm","display_class":"OTHER","min_zoom":12,"importance":1,"name":null,"ref":null,"common":{"type":"marine_farm"},"children":{},"osm_tags":{"aquaculture":"fish","landuse":"aquaculture","seamark:type":"marine_farm"}}},{"type":"Feature","geometry":{"type":"Polygon","coordinates":[[[120.9570749,13.9851575],[120.9570569,13.9851791],[120.9570316,13.9851591],[120.9570496,13.9851376],[120.9570749,13.9851575]]]},"properties":{"osm_id":1432556216,"osm_type":"way","seamark_type":"marine_farm","display_class":"OTHER","min_zoom":12,"importance":1,"name":null,"ref":null,"common":{"type":"marine_farm"},"children":{},"osm_tags":{"aquaculture":"fish","landuse":"aquaculture","seamark:type":"marine_farm"}}},{"type":"Feature","geometry":{"type":"Polygon","coordinates":[[[120.9576131,13.9847675],[120.9575748,13.9847756],[120.9575648,13.9847309],[120.9576032,13.9847229],[120.9576131,13.9847675]]]},"properties":{"osm_id":1432556217,"osm_type":"way","seamark_type":"marine_farm","display_class":"OTHER","min_zoom":12,"importance":1,"name":null,"ref":null,"common":{"type":"marine_farm"},"children":{},"osm_tags":{"aquaculture":"fish","landuse":"aquaculture","seamark:type":"marine_farm"}}},{"type":"Feature","geometry":{"type":"Polygon","coordinates":[[[120.9576234,13.9846962],[120.9576161,13.9847222],[120.9575956,13.9847168],[120.9576029,13.9846908],[120.9576234,13.9846962]]]},"properties":{"osm_id":1432556218,"osm_type":"way","seamark_type":"marine_farm","display_class":"OTHER","min_zoom":12,"importance":1,"name":null,"ref":null,"common":{"type":"marine_farm"},"children":{},"osm_tags":{"aquaculture":"fish","landuse":"aquaculture","seamark:type":"marine_farm"}}},{"type":"Feature","geometry":{"type":"Polygon","coordinates":[[[120.9584475,13.9848287],[120.9584683,13.9848858],[120.9584394,13.9848957],[120.9584187,13.9848386],[120.9584475,13.9848287]]]},"properties":{"osm_id":1432556219,"osm_type":"way","seamark_type":"marine_farm","display_class":"OTHER","min_zoom":12,"importance":1,"name":null,"ref":null,"common":{"type":"marine_farm"},"children":{},"osm_tags":{"aquaculture":"fish","landuse":"aquaculture","seamark:type":"marine_farm"}}},{"type":"Feature","geometry":{"type":"Polygon","coordinates":[[[120.9585043,13.9848754],[120.9584745,13.984885],[120.9584546,13.9848265],[120.9584843,13.9848169],[120.9585043,13.9848754]]]},"properties":{"osm_id":1432556220,"osm_type":"way","seamark_type":"marine_farm","display_class":"OTHER","min_zoom":12,"importance":1,"name":null,"ref":null,"common":{"type":"marine_farm"},"children":{},"osm_tags":{"aquaculture":"fish","landuse":"aquaculture","seamark:type":"marine_farm"}}},{"type":"Feature","geometry":{"type":"Polygon","coordinates":[[[120.958526,13.9842463],[120.9585003,13.9842587],[120.9584759,13.984211],[120.9585016,13.9841987],[120.958526,13.9842463]]]},"properties":{"osm_id":1432558108,"osm_type":"way","seamark_type":"marine_farm","display_class":"OTHER","min_zoom":12,"importance":1,"name":null,"ref":null,"common":{"type":"marine_farm"},"children":{},"osm_tags":{"aquaculture":"fish","landuse":"aquaculture","seamark:type":"marine_farm"}}},{"type":"Feature","geometry":{"type":"Polygon","coordinates":[[[120.9584853,13.9842333],[120.9584697,13.9842413],[120.95846,13.9842235],[120.9584756,13.9842156],[120.9584853,13.9842333]]]},"properties":{"osm_id":1432558109,"osm_type":"way","seamark_type":"marine_farm","display_class":"OTHER","min_zoom":12,"importance":1,"name":null,"ref":null,"common":{"type":"marine_farm"},"children":{},"osm_tags":{"aquaculture":"fish","landuse":"aquaculture","seamark:type":"marine_farm"}}},{"type":"Feature","geometry":{"type":"Polygon","coordinates":[[[120.9586847,13.9843582],[120.958661,13.984377],[120.9586445,13.9843574],[120.9586682,13.9843387],[120.9586847,13.9843582]]]},"properties":{"osm_id":1432558110,"osm_type":"way","seamark_type":"marine_farm","display_class":"OTHER","min_zoom":12,"importance":1,"name":null,"ref":null,"common":{"type":"marine_farm"},"children":{},"osm_tags":{"aquaculture":"fish","landuse":"aquaculture","seamark:type":"marine_farm"}}},{"type":"Feature","geometry":{"type":"Polygon","coordinates":[[[120.9587057,13.9843415],[120.9586866,13.984357],[120.9586695,13.9843371],[120.9586886,13.9843216],[120.9587057,13.9843415]]]},"properties":{"osm_id":1432558111,"osm_type":"way","seamark_type":"marine_farm","display_class":"OTHER","min_zoom":12,"importance":1,"name":null,"ref":null,"common":{"type":"marine_farm"},"children":{},"osm_tags":{"aquaculture":"fish","landuse":"aquaculture","seamark:type":"marine_farm"}}},{"type":"Feature","geometry":{"type":"Polygon","coordinates":[[[120.9591159,13.9842854],[120.959054,13.9843494],[120.9589887,13.98429],[120.9590506,13.984226],[120.9591159,13.9842854]]]},"properties":{"osm_id":1432558112,"osm_type":"way","seamark_type":"marine_farm","display_class":"OTHER","min_zoom":12,"importance":1,"name":null,"ref":null,"common":{"type":"marine_farm"},"children":{},"osm_tags":{"aquaculture":"fish","landuse":"aquaculture","seamark:type":"marine_farm"}}},{"type":"Feature","geometry":{"type":"Polygon","coordinates":[[[120.9589723,13.9837266],[120.9589456,13.9838255],[120.9588488,13.983801],[120.9588755,13.9837021],[120.9589723,13.9837266]]]},"properties":{"osm_id":1432558113,"osm_type":"way","seamark_type":"marine_farm","display_class":"OTHER","min_zoom":12,"importance":1,"name":null,"ref":null,"common":{"type":"marine_farm"},"children":{},"osm_tags":{"aquaculture":"fish","landuse":"aquaculture","seamark:type":"marine_farm"}}},{"type":"Feature","geometry":{"type":"Polygon","coordinates":[[[120.9592044,13.9834897],[120.959209,13.9835883],[120.9591062,13.9835929],[120.9591016,13.9834942],[120.9592044,13.9834897]]]},"properties":{"osm_id":1432558114,"osm_type":"way","seamark_type":"marine_farm","display_class":"OTHER","min_zoom":12,"importance":1,"name":null,"ref":null,"common":{"type":"marine_farm"},"children":{},"osm_tags":{"aquaculture":"fish","landuse":"aquaculture","seamark:type":"marine_farm"}}},{"type":"Feature","geometry":{"type":"Polygon","coordinates":[[[120.9593248,13.9834307],[120.9592676,13.9835088],[120.9591863,13.9834527],[120.9592435,13.9833746],[120.9593248,13.9834307]]]},"properties":{"osm_id":1432558115,"osm_type":"way","seamark_type":"marine_farm","display_class":"OTHER","min_zoom":12,"importance":1,"name":null,"ref":null,"common":{"type":"marine_farm"},"children":{},"osm_tags":{"aquaculture":"fish","landuse":"aquaculture","seamark:type":"marine_farm"}}},{"type":"Feature","geometry":{"type":"Polygon","coordinates":[[[120.9594334,13.9832845],[120.9593982,13.9833392],[120.9593634,13.9833181],[120.9593986,13.9832634],[120.9594334,13.9832845]]]},"properties":{"osm_id":1432558116,"osm_type":"way","seamark_type":"marine_farm","display_class":"OTHER","min_zoom":12,"importance":1,"name":null,"ref":null,"common":{"type":"marine_farm"},"children":{},"osm_tags":{"aquaculture":"fish","landuse":"aquaculture","seamark:type":"marine_farm"}}},{"type":"Feature","geometry":{"type":"Polygon","coordinates":[[[120.9587453,13.9837179],[120.9587474,13.9837977],[120.9586759,13.9838444],[120.9586865,13.9837563],[120.9587453,13.9837179]]]},"properties":{"osm_id":1432558117,"osm_type":"way","seamark_type":"marine_farm","display_class":"OTHER","min_zoom":12,"importance":1,"name":null,"ref":null,"common":{"type":"marine_farm"},"children":{},"osm_tags":{"aquaculture":"fish","landuse":"aquaculture","seamark:type":"marine_farm"}}},{"type":"Feature","geometry":{"type":"Polygon","coordinates":[[[120.965335,13.9864144],[120.9653656,13.9863255],[120.965276,13.9862964],[120.9652454,13.9863853],[120.965335,13.9864144]]]},"properties":{"osm_id":1434357285,"osm_type":"way","seamark_type":"marine_farm","display_class":"OTHER","min_zoom":12,"importance":1,"name":null,"ref":null,"common":{"type":"marine_farm"},"children":{},"osm_tags":{"aquaculture":"fish","landuse":"aquaculture","seamark:type":"marine_farm"}}},{"type":"Feature","geometry":{"type":"Polygon","coordinates":[[[120.9654376,13.9864385],[120.9654615,13.9863557],[120.9653676,13.9863302],[120.9653437,13.986413],[120.9654376,13.9864385]]]},"properties":{"osm_id":1434357286,"osm_type":"way","seamark_type":"marine_farm","display_class":"OTHER","min_zoom":12,"importance":1,"name":null,"ref":null,"common":{"type":"marine_farm"},"children":{},"osm_tags":{"aquaculture":"fish","landuse":"aquaculture","seamark:type":"marine_farm"}}},{"type":"Feature","geometry":{"type":"Polygon","coordinates":[[[120.9661541,13.987076],[120.9662152,13.9870113],[120.9661469,13.9869505],[120.9660858,13.9870152],[120.9661541,13.987076]]]},"properties":{"osm_id":1434357287,"osm_type":"way","seamark_type":"marine_farm","display_class":"OTHER","min_zoom":12,"importance":1,"name":null,"ref":null,"common":{"type":"marine_farm"},"children":{},"osm_tags":{"aquaculture":"fish","landuse":"aquaculture","seamark:type":"marine_farm"}}},{"type":"Feature","geometry":{"type":"Polygon","coordinates":[[[120.9662288,13.98714],[120.9662895,13.9870748],[120.9662226,13.9870162],[120.9661619,13.9870813],[120.9662288,13.98714]]]},"properties":{"osm_id":1434357288,"osm_type":"way","seamark_type":"marine_farm","display_class":"OTHER","min_zoom":12,"importance":1,"name":null,"ref":null,"common":{"type":"marine_farm"},"children":{},"osm_tags":{"aquaculture":"fish","landuse":"aquaculture","seamark:type":"marine_farm"}}},{"type":"Feature","geometry":{"type":"Polygon","coordinates":[[[120.9663656,13.9872402],[120.9664224,13.9871722],[120.9663503,13.9871155],[120.9662935,13.9871834],[120.9663656,13.9872402]]]},"properties":{"osm_id":1434357289,"osm_type":"way","seamark_type":"marine_farm","display_class":"OTHER","min_zoom":12,"importance":1,"name":null,"ref":null,"common":{"type":"marine_farm"},"children":{},"osm_tags":{"aquaculture":"fish","landuse":"aquaculture","seamark:type":"marine_farm"}}},{"type":"Feature","geometry":{"type":"Polygon","coordinates":[[[120.9664418,13.9873007],[120.9665004,13.9872321],[120.9664297,13.9871753],[120.9663711,13.9872439],[120.9664418,13.9873007]]]},"properties":{"osm_id":1434357290,"osm_type":"way","seamark_type":"marine_farm","display_class":"OTHER","min_zoom":12,"importance":1,"name":null,"ref":null,"common":{"type":"marine_farm"},"children":{},"osm_tags":{"aquaculture":"fish","landuse":"aquaculture","seamark:type":"marine_farm"}}},{"type":"Feature","geometry":{"type":"Polygon","coordinates":[[[120.9664119,13.9863428],[120.9664638,13.9862729],[120.9663909,13.986222],[120.9663391,13.9862919],[120.9664119,13.9863428]]]},"properties":{"osm_id":1434357291,"osm_type":"way","seamark_type":"marine_farm","display_class":"OTHER","min_zoom":12,"importance":1,"name":null,"ref":null,"common":{"type":"marine_farm"},"children":{},"osm_tags":{"aquaculture":"fish","landuse":"aquaculture","seamark:type":"marine_farm"}}},{"type":"Feature","geometry":{"type":"Polygon","coordinates":[[[120.9663347,13.986285],[120.9663892,13.9862157],[120.9663149,13.9861606],[120.9662604,13.9862299],[120.9663347,13.986285]]]},"properties":{"osm_id":1434357292,"osm_type":"way","seamark_type":"marine_farm","display_class":"OTHER","min_zoom":12,"importance":1,"name":null,"ref":null,"common":{"type":"marine_farm"},"children":{},"osm_tags":{"aquaculture":"fish","landuse":"aquaculture","seamark:type":"marine_farm"}}},{"type":"Feature","geometry":{"type":"Polygon","coordinates":[[[120.9665414,13.9864282],[120.9665942,13.9863588],[120.9665231,13.9863078],[120.9664703,13.9863773],[120.9665414,13.9864282]]]},"properties":{"osm_id":1434357293,"osm_type":"way","seamark_type":"marine_farm","display_class":"OTHER","min_zoom":12,"importance":1,"name":null,"ref":null,"common":{"type":"marine_farm"},"children":{},"osm_tags":{"aquaculture":"fish","landuse":"aquaculture","seamark:type":"marine_farm"}}},{"type":"Feature","geometry":{"type":"Polygon","coordinates":[[[120.9666221,13.9864801],[120.9666741,13.986413],[120.9666026,13.9863608],[120.9665506,13.986428],[120.9666221,13.9864801]]]},"properties":{"osm_id":1434357294,"osm_type":"way","seamark_type":"marine_farm","display_class":"OTHER","min_zoom":12,"importance":1,"name":null,"ref":null,"common":{"type":"marine_farm"},"children":{},"osm_tags":{"aquaculture":"fish","landuse":"aquaculture","seamark:type":"marine_farm"}}},{"type":"Feature","geometry":{"type":"Polygon","coordinates":[[[120.9669605,13.986667],[120.9670087,13.9865963],[120.9669309,13.9865464],[120.9668827,13.9866171],[120.9669605,13.986667]]]},"properties":{"osm_id":1434357295,"osm_type":"way","seamark_type":"marine_farm","display_class":"OTHER","min_zoom":12,"importance":1,"name":null,"ref":null,"common":{"type":"marine_farm"},"children":{},"osm_tags":{"aquaculture":"fish","landuse":"aquaculture","seamark:type":"marine_farm"}}},{"type":"Feature","geometry":{"type":"Polygon","coordinates":[[[120.9668717,13.9866096],[120.966922,13.9865403],[120.9668393,13.9864837],[120.966789,13.986553],[120.9668717,13.9866096]]]},"properties":{"osm_id":1434357296,"osm_type":"way","seamark_type":"marine_farm","display_class":"OTHER","min_zoom":12,"importance":1,"name":null,"ref":null,"common":{"type":"marine_farm"},"children":{},"osm_tags":{"aquaculture":"fish","landuse":"aquaculture","seamark:type":"marine_farm"}}},{"type":"Feature","geometry":{"type":"Polygon","coordinates":[[[120.9671524,13.9867988],[120.9672,13.9867291],[120.9671227,13.9866794],[120.9670751,13.9867492],[120.9671524,13.9867988]]]},"properties":{"osm_id":1434357297,"osm_type":"way","seamark_type":"marine_farm","display_class":"OTHER","min_zoom":12,"importance":1,"name":null,"ref":null,"common":{"type":"marine_farm"},"children":{},"osm_tags":{"aquaculture":"fish","landuse":"aquaculture","seamark:type":"marine_farm"}}},{"type":"Feature","geometry":{"type":"Polygon","coordinates":[[[120.9670702,13.9867466],[120.9671162,13.986676],[120.9670423,13.9866306],[120.9669962,13.9867012],[120.9670702,13.9867466]]]},"properties":{"osm_id":1434357298,"osm_type":"way","seamark_type":"marine_farm","display_class":"OTHER","min_zoom":12,"importance":1,"name":null,"ref":null,"common":{"type":"marine_farm"},"children":{},"osm_tags":{"aquaculture":"fish","landuse":"aquaculture","seamark:type":"marine_farm"}}},{"type":"Feature","geometry":{"type":"Polygon","coordinates":[[[120.9668591,13.9874915],[120.9668808,13.9873993],[120.9667818,13.9873774],[120.9667601,13.9874696],[120.9668591,13.9874915]]]},"properties":{"osm_id":1435897874,"osm_type":"way","seamark_type":"marine_farm","display_class":"OTHER","min_zoom":12,"importance":1,"name":null,"ref":null,"common":{"type":"marine_farm"},"children":{},"osm_tags":{"aquaculture":"fish","landuse":"aquaculture","seamark:type":"marine_farm"}}},{"type":"Feature","geometry":{"type":"Polygon","coordinates":[[[120.9669613,13.9875174],[120.9669844,13.9874245],[120.9668863,13.9874016],[120.9668633,13.9874945],[120.9669613,13.9875174]]]},"properties":{"osm_id":1435897875,"osm_type":"way","seamark_type":"marine_farm","display_class":"OTHER","min_zoom":12,"importance":1,"name":null,"ref":null,"common":{"type":"marine_farm"},"children":{},"osm_tags":{"aquaculture":"fish","landuse":"aquaculture","seamark:type":"marine_farm"}}},{"type":"Feature","geometry":{"type":"Polygon","coordinates":[[[120.9659428,13.9877729],[120.9659928,13.9876983],[120.9659073,13.9876445],[120.9658574,13.987719],[120.9659428,13.9877729]]]},"properties":{"osm_id":1435897876,"osm_type":"way","seamark_type":"marine_farm","display_class":"OTHER","min_zoom":12,"importance":1,"name":null,"ref":null,"common":{"type":"marine_farm"},"children":{},"osm_tags":{"aquaculture":"fish","landuse":"aquaculture","seamark:type":"marine_farm"}}},{"type":"Feature","geometry":{"type":"Polygon","coordinates":[[[120.966056,13.9878558],[120.966107,13.987789],[120.9660344,13.9877369],[120.9659835,13.9878037],[120.966056,13.9878558]]]},"properties":{"osm_id":1435897877,"osm_type":"way","seamark_type":"marine_farm","display_class":"OTHER","min_zoom":12,"importance":1,"name":null,"ref":null,"common":{"type":"marine_farm"},"children":{},"osm_tags":{"aquaculture":"fish","landuse":"aquaculture","seamark:type":"marine_farm"}}},{"type":"Feature","geometry":{"type":"Polygon","coordinates":[[[120.9661325,13.9879112],[120.9661823,13.9878427],[120.9661098,13.987793],[120.96606,13.9878615],[120.9661325,13.9879112]]]},"properties":{"osm_id":1435897878,"osm_type":"way","seamark_type":"marine_farm","display_class":"OTHER","min_zoom":12,"importance":1,"name":null,"ref":null,"common":{"type":"marine_farm"},"children":{},"osm_tags":{"aquaculture":"fish","landuse":"aquaculture","seamark:type":"marine_farm"}}},{"type":"Feature","geometry":{"type":"Polygon","coordinates":[[[120.9662715,13.9879954],[120.9663137,13.9879201],[120.9662337,13.987878],[120.9661915,13.9879532],[120.9662715,13.9879954]]]},"properties":{"osm_id":1435897879,"osm_type":"way","seamark_type":"marine_farm","display_class":"OTHER","min_zoom":12,"importance":1,"name":null,"ref":null,"common":{"type":"marine_farm"},"children":{},"osm_tags":{"aquaculture":"fish","landuse":"aquaculture","seamark:type":"marine_farm"}}},{"type":"Feature","geometry":{"type":"Polygon","coordinates":[[[120.9663503,13.9880443],[120.9663955,13.9879694],[120.9663173,13.9879249],[120.9662721,13.9879998],[120.9663503,13.9880443]]]},"properties":{"osm_id":1435897880,"osm_type":"way","seamark_type":"marine_farm","display_class":"OTHER","min_zoom":12,"importance":1,"name":null,"ref":null,"common":{"type":"marine_farm"},"children":{},"osm_tags":{"aquaculture":"fish","landuse":"aquaculture","seamark:type":"marine_farm"}}},{"type":"Feature","geometry":{"type":"Polygon","coordinates":[[[120.9665681,13.9881502],[120.9666162,13.9880878],[120.966551,13.9880404],[120.9665028,13.9881028],[120.9665681,13.9881502]]]},"properties":{"osm_id":1435897881,"osm_type":"way","seamark_type":"marine_farm","display_class":"OTHER","min_zoom":12,"importance":1,"name":null,"ref":null,"common":{"type":"marine_farm"},"children":{},"osm_tags":{"aquaculture":"fish","landuse":"aquaculture","seamark:type":"marine_farm"}}},{"type":"Feature","geometry":{"type":"Polygon","coordinates":[[[120.9666407,13.9882055],[120.9666903,13.9881414],[120.9666254,13.988094],[120.9665757,13.9881581],[120.9666407,13.9882055]]]},"properties":{"osm_id":1435897882,"osm_type":"way","seamark_type":"marine_farm","display_class":"OTHER","min_zoom":12,"importance":1,"name":null,"ref":null,"common":{"type":"marine_farm"},"children":{},"osm_tags":{"aquaculture":"fish","landuse":"aquaculture","seamark:type":"marine_farm"}}},{"type":"Feature","geometry":{"type":"Polygon","coordinates":[[[120.9667695,13.9882706],[120.9668049,13.9881914],[120.9667224,13.9881567],[120.966687,13.9882359],[120.9667695,13.9882706]]]},"properties":{"osm_id":1435897883,"osm_type":"way","seamark_type":"marine_farm","display_class":"OTHER","min_zoom":12,"importance":1,"name":null,"ref":null,"common":{"type":"marine_farm"},"children":{},"osm_tags":{"aquaculture":"fish","landuse":"aquaculture","seamark:type":"marine_farm"}}},{"type":"Feature","geometry":{"type":"Polygon","coordinates":[[[120.9668648,13.9883079],[120.9668987,13.9882235],[120.9668118,13.9881907],[120.9667779,13.9882751],[120.9668648,13.9883079]]]},"properties":{"osm_id":1435897884,"osm_type":"way","seamark_type":"marine_farm","display_class":"OTHER","min_zoom":12,"importance":1,"name":null,"ref":null,"common":{"type":"marine_farm"},"children":{},"osm_tags":{"aquaculture":"fish","landuse":"aquaculture","seamark:type":"marine_farm"}}},{"type":"Feature","geometry":{"type":"Polygon","coordinates":[[[120.9654999,13.9881372],[120.9655642,13.9880804],[120.9655041,13.9880165],[120.9654399,13.9880733],[120.9654999,13.9881372]]]},"properties":{"osm_id":1435897885,"osm_type":"way","seamark_type":"marine_farm","display_class":"OTHER","min_zoom":12,"importance":1,"name":null,"ref":null,"common":{"type":"marine_farm"},"children":{},"osm_tags":{"aquaculture":"fish","landuse":"aquaculture","seamark:type":"marine_farm"}}},{"type":"Feature","geometry":{"type":"Polygon","coordinates":[[[120.9655672,13.9882066],[120.96563,13.988149],[120.9655682,13.9880856],[120.9655054,13.9881431],[120.9655672,13.9882066]]]},"properties":{"osm_id":1435897886,"osm_type":"way","seamark_type":"marine_farm","display_class":"OTHER","min_zoom":12,"importance":1,"name":null,"ref":null,"common":{"type":"marine_farm"},"children":{},"osm_tags":{"aquaculture":"fish","landuse":"aquaculture","seamark:type":"marine_farm"}}},{"type":"Feature","geometry":{"type":"Polygon","coordinates":[[[120.9656667,13.9883326],[120.9657312,13.9882748],[120.9656724,13.988213],[120.9656079,13.9882708],[120.9656667,13.9883326]]]},"properties":{"osm_id":1435897887,"osm_type":"way","seamark_type":"marine_farm","display_class":"OTHER","min_zoom":12,"importance":1,"name":null,"ref":null,"common":{"type":"marine_farm"},"children":{},"osm_tags":{"aquaculture":"fish","landuse":"aquaculture","seamark:type":"marine_farm"}}},{"type":"Feature","geometry":{"type":"Polygon","coordinates":[[[120.965821,13.9884894],[120.9658701,13.9884192],[120.9657973,13.9883712],[120.9657481,13.9884413],[120.965821,13.9884894]]]},"properties":{"osm_id":1435897888,"osm_type":"way","seamark_type":"marine_farm","display_class":"OTHER","min_zoom":12,"importance":1,"name":null,"ref":null,"common":{"type":"marine_farm"},"children":{},"osm_tags":{"aquaculture":"fish","landuse":"aquaculture","seamark:type":"marine_farm"}}},{"type":"Feature","geometry":{"type":"Polygon","coordinates":[[[120.9660767,13.9886299],[120.9661215,13.9885552],[120.9660405,13.9885094],[120.9659957,13.9885841],[120.9660767,13.9886299]]]},"properties":{"osm_id":1435897889,"osm_type":"way","seamark_type":"marine_farm","display_class":"OTHER","min_zoom":12,"importance":1,"name":null,"ref":null,"common":{"type":"marine_farm"},"children":{},"osm_tags":{"aquaculture":"fish","landuse":"aquaculture","seamark:type":"marine_farm"}}},{"type":"Feature","geometry":{"type":"Polygon","coordinates":[[[120.966261,13.9887554],[120.9663212,13.9886934],[120.9662559,13.9886337],[120.9661957,13.9886957],[120.966261,13.9887554]]]},"properties":{"osm_id":1435897890,"osm_type":"way","seamark_type":"marine_farm","display_class":"OTHER","min_zoom":12,"importance":1,"name":null,"ref":null,"common":{"type":"marine_farm"},"children":{},"osm_tags":{"aquaculture":"fish","landuse":"aquaculture","seamark:type":"marine_farm"}}},{"type":"Feature","geometry":{"type":"Polygon","coordinates":[[[120.9663292,13.988822],[120.9663916,13.9887621],[120.9663286,13.9887003],[120.9662662,13.9887603],[120.9663292,13.988822]]]},"properties":{"osm_id":1435897891,"osm_type":"way","seamark_type":"marine_farm","display_class":"OTHER","min_zoom":12,"importance":1,"name":null,"ref":null,"common":{"type":"marine_farm"},"children":{},"osm_tags":{"aquaculture":"fish","landuse":"aquaculture","seamark:type":"marine_farm"}}},{"type":"Feature","geometry":{"type":"Polygon","coordinates":[[[120.9665529,13.9889274],[120.9666045,13.9888526],[120.9665256,13.9888013],[120.966474,13.9888762],[120.9665529,13.9889274]]]},"properties":{"osm_id":1435897892,"osm_type":"way","seamark_type":"marine_farm","display_class":"OTHER","min_zoom":12,"importance":1,"name":null,"ref":null,"common":{"type":"marine_farm"},"children":{},"osm_tags":{"aquaculture":"fish","landuse":"aquaculture","seamark:type":"marine_farm"}}},{"type":"Feature","geometry":{"type":"Polygon","coordinates":[[[120.966635,13.9889862],[120.9666914,13.9889098],[120.9666122,13.9888548],[120.9665559,13.9889312],[120.966635,13.9889862]]]},"properties":{"osm_id":1435897893,"osm_type":"way","seamark_type":"marine_farm","display_class":"OTHER","min_zoom":12,"importance":1,"name":null,"ref":null,"common":{"type":"marine_farm"},"children":{},"osm_tags":{"aquaculture":"fish","landuse":"aquaculture","seamark:type":"marine_farm"}}},{"type":"Feature","geometry":{"type":"Polygon","coordinates":[[[120.9653643,13.9897417],[120.9654068,13.9896599],[120.9653226,13.9896186],[120.9652801,13.9897004],[120.9653643,13.9897417]]]},"properties":{"osm_id":1435897894,"osm_type":"way","seamark_type":"marine_farm","display_class":"OTHER","min_zoom":12,"importance":1,"name":null,"ref":null,"common":{"type":"marine_farm"},"children":{},"osm_tags":{"aquaculture":"fish","landuse":"aquaculture","seamark:type":"marine_farm"}}},{"type":"Feature","geometry":{"type":"Polygon","coordinates":[[[120.9654641,13.9897854],[120.9655044,13.9897037],[120.9654215,13.9896652],[120.9653812,13.989747],[120.9654641,13.9897854]]]},"properties":{"osm_id":1435897895,"osm_type":"way","seamark_type":"marine_farm","display_class":"OTHER","min_zoom":12,"importance":1,"name":null,"ref":null,"common":{"type":"marine_farm"},"children":{},"osm_tags":{"aquaculture":"fish","landuse":"aquaculture","seamark:type":"marine_farm"}}},{"type":"Feature","geometry":{"type":"Polygon","coordinates":[[[120.9677544,13.9884818],[120.9678013,13.9883895],[120.9677044,13.9883432],[120.9676575,13.9884354],[120.9677544,13.9884818]]]},"properties":{"osm_id":1435897896,"osm_type":"way","seamark_type":"marine_farm","display_class":"OTHER","min_zoom":12,"importance":1,"name":null,"ref":null,"common":{"type":"marine_farm"},"children":{},"osm_tags":{"aquaculture":"fish","landuse":"aquaculture","seamark:type":"marine_farm"}}},{"type":"Feature","geometry":{"type":"Polygon","coordinates":[[[120.9675467,13.9891804],[120.9675975,13.9890941],[120.9675044,13.9890425],[120.9674536,13.9891288],[120.9675467,13.9891804]]]},"properties":{"osm_id":1435897897,"osm_type":"way","seamark_type":"marine_farm","display_class":"OTHER","min_zoom":12,"importance":1,"name":null,"ref":null,"common":{"type":"marine_farm"},"children":{},"osm_tags":{"aquaculture":"fish","landuse":"aquaculture","seamark:type":"marine_farm"}}},{"type":"Feature","geometry":{"type":"Polygon","coordinates":[[[120.9676462,13.9892333],[120.967695,13.9891464],[120.9675998,13.9890961],[120.967551,13.989183],[120.9676462,13.9892333]]]},"properties":{"osm_id":1435897898,"osm_type":"way","seamark_type":"marine_farm","display_class":"OTHER","min_zoom":12,"importance":1,"name":null,"ref":null,"common":{"type":"marine_farm"},"children":{},"osm_tags":{"aquaculture":"fish","landuse":"aquaculture","seamark:type":"marine_farm"}}},{"type":"Feature","geometry":{"type":"Polygon","coordinates":[[[120.9677886,13.9893005],[120.9678294,13.9892057],[120.9677362,13.9891679],[120.9676954,13.9892627],[120.9677886,13.9893005]]]},"properties":{"osm_id":1435897899,"osm_type":"way","seamark_type":"marine_farm","display_class":"OTHER","min_zoom":12,"importance":1,"name":null,"ref":null,"common":{"type":"marine_farm"},"children":{},"osm_tags":{"aquaculture":"fish","landuse":"aquaculture","seamark:type":"marine_farm"}}},{"type":"Feature","geometry":{"type":"Polygon","coordinates":[[[120.9676198,13.9898285],[120.9676543,13.9897355],[120.9675512,13.9896996],[120.9675168,13.9897925],[120.9676198,13.9898285]]]},"properties":{"osm_id":1435897900,"osm_type":"way","seamark_type":"marine_farm","display_class":"OTHER","min_zoom":12,"importance":1,"name":null,"ref":null,"common":{"type":"marine_farm"},"children":{},"osm_tags":{"aquaculture":"fish","landuse":"aquaculture","seamark:type":"marine_farm"}}},{"type":"Feature","geometry":{"type":"Polygon","coordinates":[[[120.9677331,13.9898686],[120.9677719,13.9897742],[120.9676712,13.9897352],[120.9676323,13.9898295],[120.9677331,13.9898686]]]},"properties":{"osm_id":1435897901,"osm_type":"way","seamark_type":"marine_farm","display_class":"OTHER","min_zoom":12,"importance":1,"name":null,"ref":null,"common":{"type":"marine_farm"},"children":{},"osm_tags":{"aquaculture":"fish","landuse":"aquaculture","seamark:type":"marine_farm"}}},{"type":"Feature","geometry":{"type":"Polygon","coordinates":[[[120.9679185,13.98936],[120.9679657,13.9892757],[120.9678771,13.9892291],[120.96783,13.9893133],[120.9679185,13.98936]]]},"properties":{"osm_id":1436177370,"osm_type":"way","seamark_type":"marine_farm","display_class":"OTHER","min_zoom":12,"importance":1,"name":null,"ref":null,"common":{"type":"marine_farm"},"children":{},"osm_tags":{"aquaculture":"fish","landuse":"aquaculture","seamark:type":"marine_farm"}}},{"type":"Feature","geometry":{"type":"Polygon","coordinates":[[[120.968053,13.9894432],[120.9681049,13.9893574],[120.968012,13.9893046],[120.9679601,13.9893904],[120.968053,13.9894432]]]},"properties":{"osm_id":1436177371,"osm_type":"way","seamark_type":"marine_farm","display_class":"OTHER","min_zoom":12,"importance":1,"name":null,"ref":null,"common":{"type":"marine_farm"},"children":{},"osm_tags":{"aquaculture":"fish","landuse":"aquaculture","seamark:type":"marine_farm"}}},{"type":"Feature","geometry":{"type":"Polygon","coordinates":[[[120.968147,13.9894972],[120.9681946,13.9894079],[120.968107,13.9893639],[120.9680594,13.9894532],[120.968147,13.9894972]]]},"properties":{"osm_id":1436177372,"osm_type":"way","seamark_type":"marine_farm","display_class":"OTHER","min_zoom":12,"importance":1,"name":null,"ref":null,"common":{"type":"marine_farm"},"children":{},"osm_tags":{"aquaculture":"fish","landuse":"aquaculture","seamark:type":"marine_farm"}}},{"type":"Feature","geometry":{"type":"Polygon","coordinates":[[[120.9682551,13.98955],[120.9683033,13.9894598],[120.968203,13.9894094],[120.9681549,13.9894996],[120.9682551,13.98955]]]},"properties":{"osm_id":1436177373,"osm_type":"way","seamark_type":"marine_farm","display_class":"OTHER","min_zoom":12,"importance":1,"name":null,"ref":null,"common":{"type":"marine_farm"},"children":{},"osm_tags":{"aquaculture":"fish","landuse":"aquaculture","seamark:type":"marine_farm"}}},{"type":"Feature","geometry":{"type":"Polygon","coordinates":[[[120.9678803,13.9899223],[120.9679182,13.9898273],[120.9678176,13.9897894],[120.9677796,13.9898844],[120.9678803,13.9899223]]]},"properties":{"osm_id":1436177374,"osm_type":"way","seamark_type":"marine_farm","display_class":"OTHER","min_zoom":12,"importance":1,"name":null,"ref":null,"common":{"type":"marine_farm"},"children":{},"osm_tags":{"aquaculture":"fish","landuse":"aquaculture","seamark:type":"marine_farm"}}},{"type":"Feature","geometry":{"type":"Polygon","coordinates":[[[120.9679851,13.9899696],[120.9680285,13.9898756],[120.9679373,13.9898359],[120.9678939,13.9899299],[120.9679851,13.9899696]]]},"properties":{"osm_id":1436177375,"osm_type":"way","seamark_type":"marine_farm","display_class":"OTHER","min_zoom":12,"importance":1,"name":null,"ref":null,"common":{"type":"marine_farm"},"children":{},"osm_tags":{"aquaculture":"fish","landuse":"aquaculture","seamark:type":"marine_farm"}}},{"type":"Feature","geometry":{"type":"Polygon","coordinates":[[[120.9678471,13.9885225],[120.9678952,13.9884321],[120.9678067,13.9883906],[120.9677628,13.9884809],[120.9678471,13.9885225]]]},"properties":{"osm_id":1436177376,"osm_type":"way","seamark_type":"marine_farm","display_class":"OTHER","min_zoom":12,"importance":1,"name":null,"ref":null,"common":{"type":"marine_farm"},"children":{},"osm_tags":{"aquaculture":"fish","landuse":"aquaculture","seamark:type":"marine_farm"}}},{"type":"Feature","geometry":{"type":"Polygon","coordinates":[[[120.9679422,13.9885683],[120.9679882,13.9884778],[120.9678966,13.988434],[120.9678506,13.9885245],[120.9679422,13.9885683]]]},"properties":{"osm_id":1436177377,"osm_type":"way","seamark_type":"marine_farm","display_class":"OTHER","min_zoom":12,"importance":1,"name":null,"ref":null,"common":{"type":"marine_farm"},"children":{},"osm_tags":{"aquaculture":"fish","landuse":"aquaculture","seamark:type":"marine_farm"}}},{"type":"Feature","geometry":{"type":"Polygon","coordinates":[[[120.9680412,13.9886111],[120.9680871,13.9885257],[120.9679999,13.9884815],[120.967954,13.9885668],[120.9680412,13.9886111]]]},"properties":{"osm_id":1436177378,"osm_type":"way","seamark_type":"marine_farm","display_class":"OTHER","min_zoom":12,"importance":1,"name":null,"ref":null,"common":{"type":"marine_farm"},"children":{},"osm_tags":{"aquaculture":"fish","landuse":"aquaculture","seamark:type":"marine_farm"}}},{"type":"Feature","geometry":{"type":"Polygon","coordinates":[[[120.968172,13.9886931],[120.9682251,13.9886069],[120.9681324,13.988553],[120.9680793,13.9886392],[120.968172,13.9886931]]]},"properties":{"osm_id":1436177379,"osm_type":"way","seamark_type":"marine_farm","display_class":"OTHER","min_zoom":12,"importance":1,"name":null,"ref":null,"common":{"type":"marine_farm"},"children":{},"osm_tags":{"aquaculture":"fish","landuse":"aquaculture","seamark:type":"marine_farm"}}},{"type":"Feature","geometry":{"type":"Polygon","coordinates":[[[120.9682715,13.9887628],[120.9683218,13.988675],[120.9682304,13.9886257],[120.9681801,13.9887135],[120.9682715,13.9887628]]]},"properties":{"osm_id":1436177380,"osm_type":"way","seamark_type":"marine_farm","display_class":"OTHER","min_zoom":12,"importance":1,"name":null,"ref":null,"common":{"type":"marine_farm"},"children":{},"osm_tags":{"aquaculture":"fish","landuse":"aquaculture","seamark:type":"marine_farm"}}},{"type":"Feature","geometry":{"type":"Polygon","coordinates":[[[120.9683702,13.9888223],[120.9684157,13.9887379],[120.9683273,13.988693],[120.9682817,13.9887774],[120.9683702,13.9888223]]]},"properties":{"osm_id":1436177381,"osm_type":"way","seamark_type":"marine_farm","display_class":"OTHER","min_zoom":12,"importance":1,"name":null,"ref":null,"common":{"type":"marine_farm"},"children":{},"osm_tags":{"aquaculture":"fish","landuse":"aquaculture","seamark:type":"marine_farm"}}},{"type":"Feature","geometry":{"type":"Polygon","coordinates":[[[120.9680315,13.9877265],[120.9681021,13.9876617],[120.9680347,13.9875926],[120.9679641,13.9876574],[120.9680315,13.9877265]]]},"properties":{"osm_id":1436177382,"osm_type":"way","seamark_type":"marine_farm","display_class":"OTHER","min_zoom":12,"importance":1,"name":null,"ref":null,"common":{"type":"marine_farm"},"children":{},"osm_tags":{"aquaculture":"fish","landuse":"aquaculture","seamark:type":"marine_farm"}}},{"type":"Feature","geometry":{"type":"Polygon","coordinates":[[[120.9681354,13.9878343],[120.9682058,13.9877676],[120.9681381,13.9877004],[120.9680678,13.987767],[120.9681354,13.9878343]]]},"properties":{"osm_id":1436177383,"osm_type":"way","seamark_type":"marine_farm","display_class":"OTHER","min_zoom":12,"importance":1,"name":null,"ref":null,"common":{"type":"marine_farm"},"children":{},"osm_tags":{"aquaculture":"fish","landuse":"aquaculture","seamark:type":"marine_farm"}}},{"type":"Feature","geometry":{"type":"Polygon","coordinates":[[[120.9682592,13.9879371],[120.9683278,13.9878606],[120.9682463,13.9877918],[120.9681777,13.9878684],[120.9682592,13.9879371]]]},"properties":{"osm_id":1436177384,"osm_type":"way","seamark_type":"marine_farm","display_class":"OTHER","min_zoom":12,"importance":1,"name":null,"ref":null,"common":{"type":"marine_farm"},"children":{},"osm_tags":{"aquaculture":"fish","landuse":"aquaculture","seamark:type":"marine_farm"}}},{"type":"Feature","geometry":{"type":"Polygon","coordinates":[[[120.9683441,13.9880034],[120.9684109,13.9879255],[120.9683313,13.9878613],[120.9682646,13.9879392],[120.9683441,13.9880034]]]},"properties":{"osm_id":1436177385,"osm_type":"way","seamark_type":"marine_farm","display_class":"OTHER","min_zoom":12,"importance":1,"name":null,"ref":null,"common":{"type":"marine_farm"},"children":{},"osm_tags":{"aquaculture":"fish","landuse":"aquaculture","seamark:type":"marine_farm"}}},{"type":"Feature","geometry":{"type":"Polygon","coordinates":[[[120.9684735,13.9880916],[120.9685412,13.9880147],[120.9684608,13.9879481],[120.9683932,13.988025],[120.9684735,13.9880916]]]},"properties":{"osm_id":1436177386,"osm_type":"way","seamark_type":"marine_farm","display_class":"OTHER","min_zoom":12,"importance":1,"name":null,"ref":null,"common":{"type":"marine_farm"},"children":{},"osm_tags":{"aquaculture":"fish","landuse":"aquaculture","seamark:type":"marine_farm"}}},{"type":"Feature","geometry":{"type":"Polygon","coordinates":[[[120.968554,13.9881663],[120.968626,13.9880944],[120.9685485,13.9880213],[120.9684765,13.9880933],[120.968554,13.9881663]]]},"properties":{"osm_id":1436177387,"osm_type":"way","seamark_type":"marine_farm","display_class":"OTHER","min_zoom":12,"importance":1,"name":null,"ref":null,"common":{"type":"marine_farm"},"children":{},"osm_tags":{"aquaculture":"fish","landuse":"aquaculture","seamark:type":"marine_farm"}}},{"type":"Feature","geometry":{"type":"Polygon","coordinates":[[[120.9686275,13.9882442],[120.9686993,13.9881743],[120.9686272,13.9881046],[120.9685554,13.9881745],[120.9686275,13.9882442]]]},"properties":{"osm_id":1436177388,"osm_type":"way","seamark_type":"marine_farm","display_class":"OTHER","min_zoom":12,"importance":1,"name":null,"ref":null,"common":{"type":"marine_farm"},"children":{},"osm_tags":{"aquaculture":"fish","landuse":"aquaculture","seamark:type":"marine_farm"}}},{"type":"Feature","geometry":{"type":"Polygon","coordinates":[[[120.9690571,13.9892753],[120.9690993,13.9891854],[120.9690017,13.9891423],[120.9689595,13.9892322],[120.9690571,13.9892753]]]},"properties":{"osm_id":1436177389,"osm_type":"way","seamark_type":"marine_farm","display_class":"OTHER","min_zoom":12,"importance":1,"name":null,"ref":null,"common":{"type":"marine_farm"},"children":{},"osm_tags":{"aquaculture":"fish","landuse":"aquaculture","seamark:type":"marine_farm"}}},{"type":"Feature","geometry":{"type":"Polygon","coordinates":[[[120.9691494,13.9893177],[120.9691919,13.9892338],[120.9691055,13.9891926],[120.969063,13.9892766],[120.9691494,13.9893177]]]},"properties":{"osm_id":1436177390,"osm_type":"way","seamark_type":"marine_farm","display_class":"OTHER","min_zoom":12,"importance":1,"name":null,"ref":null,"common":{"type":"marine_farm"},"children":{},"osm_tags":{"aquaculture":"fish","landuse":"aquaculture","seamark:type":"marine_farm"}}},{"type":"Feature","geometry":{"type":"Polygon","coordinates":[[[120.9692411,13.9893686],[120.969285,13.9892882],[120.9691949,13.9892419],[120.969151,13.9893224],[120.9692411,13.9893686]]]},"properties":{"osm_id":1436177391,"osm_type":"way","seamark_type":"marine_farm","display_class":"OTHER","min_zoom":12,"importance":1,"name":null,"ref":null,"common":{"type":"marine_farm"},"children":{},"osm_tags":{"aquaculture":"fish","landuse":"aquaculture","seamark:type":"marine_farm"}}},{"type":"Feature","geometry":{"type":"Polygon","coordinates":[[[120.9693791,13.9894406],[120.9694153,13.9893525],[120.9693223,13.9893166],[120.9692862,13.9894047],[120.9693791,13.9894406]]]},"properties":{"osm_id":1436177392,"osm_type":"way","seamark_type":"marine_farm","display_class":"OTHER","min_zoom":12,"importance":1,"name":null,"ref":null,"common":{"type":"marine_farm"},"children":{},"osm_tags":{"aquaculture":"fish","landuse":"aquaculture","seamark:type":"marine_farm"}}},{"type":"Feature","geometry":{"type":"Polygon","coordinates":[[[120.9694771,13.989477],[120.9695133,13.9893861],[120.9694223,13.9893519],[120.9693861,13.9894428],[120.9694771,13.989477]]]},"properties":{"osm_id":1436177393,"osm_type":"way","seamark_type":"marine_farm","display_class":"OTHER","min_zoom":12,"importance":1,"name":null,"ref":null,"common":{"type":"marine_farm"},"children":{},"osm_tags":{"aquaculture":"fish","landuse":"aquaculture","seamark:type":"marine_farm"}}},{"type":"Feature","geometry":{"type":"Polygon","coordinates":[[[120.9696133,13.989533],[120.9696523,13.9894461],[120.9695664,13.9894098],[120.9695274,13.9894967],[120.9696133,13.989533]]]},"properties":{"osm_id":1436177394,"osm_type":"way","seamark_type":"marine_farm","display_class":"OTHER","min_zoom":12,"importance":1,"name":null,"ref":null,"common":{"type":"marine_farm"},"children":{},"osm_tags":{"aquaculture":"fish","landuse":"aquaculture","seamark:type":"marine_farm"}}},{"type":"Feature","geometry":{"type":"Polygon","coordinates":[[[120.9697149,13.9895801],[120.9697548,13.9894931],[120.9696683,13.9894557],[120.9696284,13.9895428],[120.9697149,13.9895801]]]},"properties":{"osm_id":1436177395,"osm_type":"way","seamark_type":"marine_farm","display_class":"OTHER","min_zoom":12,"importance":1,"name":null,"ref":null,"common":{"type":"marine_farm"},"children":{},"osm_tags":{"aquaculture":"fish","landuse":"aquaculture","seamark:type":"marine_farm"}}},{"type":"Feature","geometry":{"type":"Polygon","coordinates":[[[120.9708241,13.9877903],[120.9709036,13.9877469],[120.970871,13.9876906],[120.9707915,13.987734],[120.9708241,13.9877903]]]},"properties":{"osm_id":1442336908,"osm_type":"way","seamark_type":"marine_farm","display_class":"OTHER","min_zoom":12,"importance":1,"name":null,"ref":null,"common":{"type":"marine_farm"},"children":{},"osm_tags":{"aquaculture":"fish","landuse":"aquaculture","seamark:type":"marine_farm"}}},{"type":"Feature","geometry":{"type":"Polygon","coordinates":[[[120.9716054,13.9883571],[120.9716342,13.9882695],[120.9715458,13.9882421],[120.971517,13.9883298],[120.9716054,13.9883571]]]},"properties":{"osm_id":1442336909,"osm_type":"way","seamark_type":"marine_farm","display_class":"OTHER","min_zoom":12,"importance":1,"name":null,"ref":null,"common":{"type":"marine_farm"},"children":{},"osm_tags":{"aquaculture":"fish","landuse":"aquaculture","seamark:type":"marine_farm"}}},{"type":"Feature","geometry":{"type":"Polygon","coordinates":[[[120.9715577,13.9884795],[120.9715839,13.9883903],[120.9714917,13.9883649],[120.9714656,13.9884541],[120.9715577,13.9884795]]]},"properties":{"osm_id":1442336910,"osm_type":"way","seamark_type":"marine_farm","display_class":"OTHER","min_zoom":12,"importance":1,"name":null,"ref":null,"common":{"type":"marine_farm"},"children":{},"osm_tags":{"aquaculture":"fish","landuse":"aquaculture","seamark:type":"marine_farm"}}},{"type":"Feature","geometry":{"type":"Polygon","coordinates":[[[120.9715278,13.9886025],[120.9715474,13.9885154],[120.9714573,13.9884963],[120.9714378,13.9885835],[120.9715278,13.9886025]]]},"properties":{"osm_id":1442336911,"osm_type":"way","seamark_type":"marine_farm","display_class":"OTHER","min_zoom":12,"importance":1,"name":null,"ref":null,"common":{"type":"marine_farm"},"children":{},"osm_tags":{"aquaculture":"fish","landuse":"aquaculture","seamark:type":"marine_farm"}}},{"type":"Feature","geometry":{"type":"Polygon","coordinates":[[[120.9715504,13.9892747],[120.9715545,13.9891808],[120.9714603,13.9891769],[120.9714563,13.9892709],[120.9715504,13.9892747]]]},"properties":{"osm_id":1442336912,"osm_type":"way","seamark_type":"marine_farm","display_class":"OTHER","min_zoom":12,"importance":1,"name":null,"ref":null,"common":{"type":"marine_farm"},"children":{},"osm_tags":{"aquaculture":"fish","landuse":"aquaculture","seamark:type":"marine_farm"}}},{"type":"Feature","geometry":{"type":"Polygon","coordinates":[[[120.9715739,13.9893882],[120.9715747,13.9892939],[120.9714746,13.9892931],[120.9714738,13.9893874],[120.9715739,13.9893882]]]},"properties":{"osm_id":1442336913,"osm_type":"way","seamark_type":"marine_farm","display_class":"OTHER","min_zoom":12,"importance":1,"name":null,"ref":null,"common":{"type":"marine_farm"},"children":{},"osm_tags":{"aquaculture":"fish","landuse":"aquaculture","seamark:type":"marine_farm"}}},{"type":"Feature","geometry":{"type":"Polygon","coordinates":[[[120.9720069,13.9900498],[120.9720079,13.9899479],[120.9719089,13.989947],[120.971908,13.9900488],[120.9720069,13.9900498]]]},"properties":{"osm_id":1442336914,"osm_type":"way","seamark_type":"marine_farm","display_class":"OTHER","min_zoom":12,"importance":1,"name":null,"ref":null,"common":{"type":"marine_farm"},"children":{},"osm_tags":{"aquaculture":"fish","landuse":"aquaculture","seamark:type":"marine_farm"}}},{"type":"Feature","geometry":{"type":"Polygon","coordinates":[[[120.9718898,13.9900358],[120.9719061,13.9899401],[120.9718066,13.9899241],[120.9717903,13.9900198],[120.9718898,13.9900358]]]},"properties":{"osm_id":1442336915,"osm_type":"way","seamark_type":"marine_farm","display_class":"OTHER","min_zoom":12,"importance":1,"name":null,"ref":null,"common":{"type":"marine_farm"},"children":{},"osm_tags":{"aquaculture":"fish","landuse":"aquaculture","seamark:type":"marine_farm"}}},{"type":"Feature","geometry":{"type":"Polygon","coordinates":[[[120.9719911,13.9898174],[120.9720051,13.9897219],[120.9719083,13.9897086],[120.9718943,13.9898041],[120.9719911,13.9898174]]]},"properties":{"osm_id":1442336916,"osm_type":"way","seamark_type":"marine_farm","display_class":"OTHER","min_zoom":12,"importance":1,"name":null,"ref":null,"common":{"type":"marine_farm"},"children":{},"osm_tags":{"aquaculture":"fish","landuse":"aquaculture","seamark:type":"marine_farm"}}},{"type":"Feature","geometry":{"type":"Polygon","coordinates":[[[120.9720158,13.9896745],[120.972022,13.989579],[120.9719269,13.9895732],[120.9719207,13.9896687],[120.9720158,13.9896745]]]},"properties":{"osm_id":1442336917,"osm_type":"way","seamark_type":"marine_farm","display_class":"OTHER","min_zoom":12,"importance":1,"name":null,"ref":null,"common":{"type":"marine_farm"},"children":{},"osm_tags":{"aquaculture":"fish","landuse":"aquaculture","seamark:type":"marine_farm"}}},{"type":"Feature","geometry":{"type":"Polygon","coordinates":[[[120.9707726,13.9897409],[120.9707589,13.9896406],[120.9706705,13.9896781],[120.9706823,13.9897793],[120.9707726,13.9897409]]]},"properties":{"osm_id":1442336918,"osm_type":"way","seamark_type":"marine_farm","display_class":"OTHER","min_zoom":12,"importance":1,"name":null,"ref":null,"common":{"type":"marine_farm"},"children":{},"osm_tags":{"aquaculture":"fish","landuse":"aquaculture","seamark:type":"marine_farm"}}},{"type":"Feature","geometry":{"type":"Polygon","coordinates":[[[120.9707696,13.9900295],[120.9707656,13.9899353],[120.9706673,13.9899392],[120.9706713,13.9900334],[120.9707696,13.9900295]]]},"properties":{"osm_id":1442336919,"osm_type":"way","seamark_type":"marine_farm","display_class":"OTHER","min_zoom":12,"importance":1,"name":null,"ref":null,"common":{"type":"marine_farm"},"children":{},"osm_tags":{"aquaculture":"fish","landuse":"aquaculture","seamark:type":"marine_farm"}}},{"type":"Feature","geometry":{"type":"Polygon","coordinates":[[[120.9711193,13.988697],[120.9711164,13.9886032],[120.9710216,13.988606],[120.9710246,13.9886998],[120.9711193,13.988697]]]},"properties":{"osm_id":1442336920,"osm_type":"way","seamark_type":"marine_farm","display_class":"OTHER","min_zoom":12,"importance":1,"name":null,"ref":null,"common":{"type":"marine_farm"},"children":{},"osm_tags":{"aquaculture":"fish","landuse":"aquaculture","seamark:type":"marine_farm"}}},{"type":"Feature","geometry":{"type":"Polygon","coordinates":[[[120.9711299,13.9888195],[120.9711259,13.9887236],[120.9710212,13.9887278],[120.9710252,13.9888236],[120.9711299,13.9888195]]]},"properties":{"osm_id":1442336921,"osm_type":"way","seamark_type":"marine_farm","display_class":"OTHER","min_zoom":12,"importance":1,"name":null,"ref":null,"common":{"type":"marine_farm"},"children":{},"osm_tags":{"aquaculture":"fish","landuse":"aquaculture","seamark:type":"marine_farm"}}},{"type":"Feature","geometry":{"type":"Polygon","coordinates":[[[120.9711374,13.9889476],[120.9711304,13.9888522],[120.9710343,13.9888588],[120.9710412,13.9889542],[120.9711374,13.9889476]]]},"properties":{"osm_id":1442336922,"osm_type":"way","seamark_type":"marine_farm","display_class":"OTHER","min_zoom":12,"importance":1,"name":null,"ref":null,"common":{"type":"marine_farm"},"children":{},"osm_tags":{"aquaculture":"fish","landuse":"aquaculture","seamark:type":"marine_farm"}}},{"type":"Feature","geometry":{"type":"Polygon","coordinates":[[[120.9711841,13.9891055],[120.9711625,13.9890133],[120.9710617,13.9890079],[120.9710833,13.9891037],[120.9711841,13.9891055]]]},"properties":{"osm_id":1442336923,"osm_type":"way","seamark_type":"marine_farm","display_class":"OTHER","min_zoom":12,"importance":1,"name":null,"ref":null,"common":{"type":"marine_farm"},"children":{},"osm_tags":{"aquaculture":"fish","landuse":"aquaculture","seamark:type":"marine_farm"}}},{"type":"Feature","geometry":{"type":"Polygon","coordinates":[[[120.971201,13.989276],[120.9712171,13.9891822],[120.9711169,13.9891661],[120.9711008,13.9892599],[120.971201,13.989276]]]},"properties":{"osm_id":1442336924,"osm_type":"way","seamark_type":"marine_farm","display_class":"OTHER","min_zoom":12,"importance":1,"name":null,"ref":null,"common":{"type":"marine_farm"},"children":{},"osm_tags":{"aquaculture":"fish","landuse":"aquaculture","seamark:type":"marine_farm"}}},{"type":"Feature","geometry":{"type":"Polygon","coordinates":[[[120.9711688,13.9894226],[120.9711859,13.9893271],[120.97109,13.9893109],[120.9710729,13.9894064],[120.9711688,13.9894226]]]},"properties":{"osm_id":1442336925,"osm_type":"way","seamark_type":"marine_farm","display_class":"OTHER","min_zoom":12,"importance":1,"name":null,"ref":null,"common":{"type":"marine_farm"},"children":{},"osm_tags":{"aquaculture":"fish","landuse":"aquaculture","seamark:type":"marine_farm"}}},{"type":"Feature","geometry":{"type":"Polygon","coordinates":[[[120.9711775,13.9895833],[120.9711632,13.9894896],[120.9710664,13.9895036],[120.9710807,13.9895972],[120.9711775,13.9895833]]]},"properties":{"osm_id":1442336926,"osm_type":"way","seamark_type":"marine_farm","display_class":"OTHER","min_zoom":12,"importance":1,"name":null,"ref":null,"common":{"type":"marine_farm"},"children":{},"osm_tags":{"aquaculture":"fish","landuse":"aquaculture","seamark:type":"marine_farm"}}},{"type":"Feature","geometry":{"type":"Polygon","coordinates":[[[120.9711897,13.9897007],[120.9711745,13.9896109],[120.9710826,13.9896255],[120.9710978,13.9897153],[120.9711897,13.9897007]]]},"properties":{"osm_id":1442336927,"osm_type":"way","seamark_type":"marine_farm","display_class":"OTHER","min_zoom":12,"importance":1,"name":null,"ref":null,"common":{"type":"marine_farm"},"children":{},"osm_tags":{"aquaculture":"fish","landuse":"aquaculture","seamark:type":"marine_farm"}}},{"type":"Feature","geometry":{"type":"Polygon","coordinates":[[[120.971224,13.988721],[120.9712235,13.9886707],[120.9711664,13.9886713],[120.971167,13.9887216],[120.971224,13.988721]]]},"properties":{"osm_id":1442336928,"osm_type":"way","seamark_type":"marine_farm","display_class":"OTHER","min_zoom":12,"importance":1,"name":null,"ref":null,"common":{"type":"marine_farm"},"children":{},"osm_tags":{"aquaculture":"fish","landuse":"aquaculture","seamark:type":"marine_farm"}}},{"type":"Feature","geometry":{"type":"Polygon","coordinates":[[[120.9712247,13.9887756],[120.9712242,13.9887262],[120.9711692,13.9887268],[120.9711697,13.9887762],[120.9712247,13.9887756]]]},"properties":{"osm_id":1442336929,"osm_type":"way","seamark_type":"marine_farm","display_class":"OTHER","min_zoom":12,"importance":1,"name":null,"ref":null,"common":{"type":"marine_farm"},"children":{},"osm_tags":{"aquaculture":"fish","landuse":"aquaculture","seamark:type":"marine_farm"}}},{"type":"Feature","geometry":{"type":"Polygon","coordinates":[[[120.9712277,13.9888316],[120.9712266,13.9887809],[120.9711754,13.988782],[120.9711765,13.9888326],[120.9712277,13.9888316]]]},"properties":{"osm_id":1442336930,"osm_type":"way","seamark_type":"marine_farm","display_class":"OTHER","min_zoom":12,"importance":1,"name":null,"ref":null,"common":{"type":"marine_farm"},"children":{},"osm_tags":{"aquaculture":"fish","landuse":"aquaculture","seamark:type":"marine_farm"}}},{"type":"Feature","geometry":{"type":"Polygon","coordinates":[[[120.9712301,13.9888863],[120.971229,13.9888357],[120.9711779,13.9888367],[120.971179,13.9888873],[120.9712301,13.9888863]]]},"properties":{"osm_id":1442336931,"osm_type":"way","seamark_type":"marine_farm","display_class":"OTHER","min_zoom":12,"importance":1,"name":null,"ref":null,"common":{"type":"marine_farm"},"children":{},"osm_tags":{"aquaculture":"fish","landuse":"aquaculture","seamark:type":"marine_farm"}}},{"type":"Feature","geometry":{"type":"Polygon","coordinates":[[[120.9712329,13.9889405],[120.9712301,13.9888895],[120.971181,13.988892],[120.9711838,13.9889431],[120.9712329,13.9889405]]]},"properties":{"osm_id":1442336932,"osm_type":"way","seamark_type":"marine_farm","display_class":"OTHER","min_zoom":12,"importance":1,"name":null,"ref":null,"common":{"type":"marine_farm"},"children":{},"osm_tags":{"aquaculture":"fish","landuse":"aquaculture","seamark:type":"marine_farm"}}},{"type":"Feature","geometry":{"type":"Polygon","coordinates":[[[120.9725039,13.9897132],[120.9725026,13.9896182],[120.9724056,13.9896195],[120.972407,13.9897145],[120.9725039,13.9897132]]]},"properties":{"osm_id":1442336933,"osm_type":"way","seamark_type":"marine_farm","display_class":"OTHER","min_zoom":12,"importance":1,"name":null,"ref":null,"common":{"type":"marine_farm"},"children":{},"osm_tags":{"aquaculture":"fish","landuse":"aquaculture","seamark:type":"marine_farm"}}},{"type":"Feature","geometry":{"type":"Polygon","coordinates":[[[120.9726522,13.9899243],[120.9726523,13.9898248],[120.9725574,13.9898247],[120.9725573,13.9899243],[120.9726522,13.9899243]]]},"properties":{"osm_id":1442336934,"osm_type":"way","seamark_type":"marine_farm","display_class":"OTHER","min_zoom":12,"importance":1,"name":null,"ref":null,"common":{"type":"marine_farm"},"children":{},"osm_tags":{"aquaculture":"fish","landuse":"aquaculture","seamark:type":"marine_farm"}}},{"type":"Feature","geometry":{"type":"Polygon","coordinates":[[[120.9726232,13.9897944],[120.9726247,13.9896953],[120.9725257,13.9896939],[120.9725242,13.989793],[120.9726232,13.9897944]]]},"properties":{"osm_id":1442336935,"osm_type":"way","seamark_type":"marine_farm","display_class":"OTHER","min_zoom":12,"importance":1,"name":null,"ref":null,"common":{"type":"marine_farm"},"children":{},"osm_tags":{"aquaculture":"fish","landuse":"aquaculture","seamark:type":"marine_farm"}}},{"type":"Feature","geometry":{"type":"Polygon","coordinates":[[[120.972612,13.9896506],[120.9726121,13.9895565],[120.9725104,13.9895564],[120.9725103,13.9896505],[120.972612,13.9896506]]]},"properties":{"osm_id":1442336936,"osm_type":"way","seamark_type":"marine_farm","display_class":"OTHER","min_zoom":12,"importance":1,"name":null,"ref":null,"common":{"type":"marine_farm"},"children":{},"osm_tags":{"aquaculture":"fish","landuse":"aquaculture","seamark:type":"marine_farm"}}},{"type":"Feature","geometry":{"type":"Polygon","coordinates":[[[120.9725896,13.9895169],[120.9725779,13.9894154],[120.9724825,13.9894257],[120.9724941,13.9895272],[120.9725896,13.9895169]]]},"properties":{"osm_id":1442336937,"osm_type":"way","seamark_type":"marine_farm","display_class":"OTHER","min_zoom":12,"importance":1,"name":null,"ref":null,"common":{"type":"marine_farm"},"children":{},"osm_tags":{"aquaculture":"fish","landuse":"aquaculture","seamark:type":"marine_farm"}}},{"type":"Feature","geometry":{"type":"Polygon","coordinates":[[[120.9725803,13.9893812],[120.9725779,13.9892797],[120.9724808,13.9892819],[120.9724833,13.9893835],[120.9725803,13.9893812]]]},"properties":{"osm_id":1442336938,"osm_type":"way","seamark_type":"marine_farm","display_class":"OTHER","min_zoom":12,"importance":1,"name":null,"ref":null,"common":{"type":"marine_farm"},"children":{},"osm_tags":{"aquaculture":"fish","landuse":"aquaculture","seamark:type":"marine_farm"}}},{"type":"Feature","geometry":{"type":"Polygon","coordinates":[[[120.9725887,13.9892379],[120.9725915,13.9891433],[120.9724946,13.9891406],[120.9724918,13.9892353],[120.9725887,13.9892379]]]},"properties":{"osm_id":1442336939,"osm_type":"way","seamark_type":"marine_farm","display_class":"OTHER","min_zoom":12,"importance":1,"name":null,"ref":null,"common":{"type":"marine_farm"},"children":{},"osm_tags":{"aquaculture":"fish","landuse":"aquaculture","seamark:type":"marine_farm"}}},{"type":"Feature","geometry":{"type":"Polygon","coordinates":[[[120.9726037,13.9891291],[120.9726136,13.9890333],[120.9725099,13.9890232],[120.9725,13.989119],[120.9726037,13.9891291]]]},"properties":{"osm_id":1442336940,"osm_type":"way","seamark_type":"marine_farm","display_class":"OTHER","min_zoom":12,"importance":1,"name":null,"ref":null,"common":{"type":"marine_farm"},"children":{},"osm_tags":{"aquaculture":"fish","landuse":"aquaculture","seamark:type":"marine_farm"}}},{"type":"Feature","geometry":{"type":"Polygon","coordinates":[[[120.9725564,13.9882213],[120.9725897,13.9881359],[120.9724999,13.9881028],[120.9724666,13.9881883],[120.9725564,13.9882213]]]},"properties":{"osm_id":1442336941,"osm_type":"way","seamark_type":"marine_farm","display_class":"OTHER","min_zoom":12,"importance":1,"name":null,"ref":null,"common":{"type":"marine_farm"},"children":{},"osm_tags":{"aquaculture":"fish","landuse":"aquaculture","seamark:type":"marine_farm"}}},{"type":"Feature","geometry":{"type":"Polygon","coordinates":[[[120.9724798,13.988317],[120.972531,13.9882385],[120.9724382,13.9882139],[120.9723886,13.9882909],[120.9724798,13.988317]]]},"properties":{"osm_id":1442336942,"osm_type":"way","seamark_type":"marine_farm","display_class":"OTHER","min_zoom":12,"importance":1,"name":null,"ref":null,"common":{"type":"marine_farm"},"children":{},"osm_tags":{"aquaculture":"fish","landuse":"aquaculture","seamark:type":"marine_farm"}}},{"type":"Feature","geometry":{"type":"Polygon","coordinates":[[[120.9724263,13.9884371],[120.9724625,13.9883473],[120.9723711,13.9883126],[120.972335,13.9884024],[120.9724263,13.9884371]]]},"properties":{"osm_id":1442336943,"osm_type":"way","seamark_type":"marine_farm","display_class":"OTHER","min_zoom":12,"importance":1,"name":null,"ref":null,"common":{"type":"marine_farm"},"children":{},"osm_tags":{"aquaculture":"fish","landuse":"aquaculture","seamark:type":"marine_farm"}}},{"type":"Feature","geometry":{"type":"Polygon","coordinates":[[[120.9723914,13.9885599],[120.9724273,13.9884681],[120.9723308,13.9884325],[120.9722949,13.9885243],[120.9723914,13.9885599]]]},"properties":{"osm_id":1442336944,"osm_type":"way","seamark_type":"marine_farm","display_class":"OTHER","min_zoom":12,"importance":1,"name":null,"ref":null,"common":{"type":"marine_farm"},"children":{},"osm_tags":{"aquaculture":"fish","landuse":"aquaculture","seamark:type":"marine_farm"}}},{"type":"Feature","geometry":{"type":"Polygon","coordinates":[[[120.9723387,13.9886765],[120.9723862,13.9885965],[120.9723028,13.9885499],[120.9722553,13.9886298],[120.9723387,13.9886765]]]},"properties":{"osm_id":1442336945,"osm_type":"way","seamark_type":"marine_farm","display_class":"OTHER","min_zoom":12,"importance":1,"name":null,"ref":null,"common":{"type":"marine_farm"},"children":{},"osm_tags":{"aquaculture":"fish","landuse":"aquaculture","seamark:type":"marine_farm"}}},{"type":"Feature","geometry":{"type":"Polygon","coordinates":[[[120.9733452,13.9886439],[120.9733729,13.9885568],[120.973284,13.9885303],[120.9732564,13.9886173],[120.9733452,13.9886439]]]},"properties":{"osm_id":1443692055,"osm_type":"way","seamark_type":"marine_farm","display_class":"OTHER","min_zoom":12,"importance":1,"name":null,"ref":null,"common":{"type":"marine_farm"},"children":{},"osm_tags":{"aquaculture":"fish","landuse":"aquaculture","seamark:type":"marine_farm"}}},{"type":"Feature","geometry":{"type":"Polygon","coordinates":[[[120.9733162,13.9887718],[120.9733401,13.9886881],[120.9732549,13.9886653],[120.9732311,13.988749],[120.9733162,13.9887718]]]},"properties":{"osm_id":1443692341,"osm_type":"way","seamark_type":"marine_farm","display_class":"OTHER","min_zoom":12,"importance":1,"name":null,"ref":null,"common":{"type":"marine_farm"},"children":{},"osm_tags":{"aquaculture":"fish","landuse":"aquaculture","seamark:type":"marine_farm"}}},{"type":"Feature","geometry":{"type":"Polygon","coordinates":[[[120.9732657,13.9859509],[120.9732149,13.9858674],[120.9731325,13.9859146],[120.9731834,13.9859981],[120.9732657,13.9859509]]]},"properties":{"osm_id":1443692995,"osm_type":"way","seamark_type":"marine_farm","display_class":"OTHER","min_zoom":12,"importance":1,"name":null,"ref":null,"common":{"type":"marine_farm"},"children":{},"osm_tags":{"aquaculture":"fish","landuse":"aquaculture","seamark:type":"marine_farm"}}},{"type":"Feature","geometry":{"type":"Polygon","coordinates":[[[120.9735792,13.9851263],[120.9735325,13.9850524],[120.9734583,13.9850965],[120.9735051,13.9851704],[120.9735792,13.9851263]]]},"properties":{"osm_id":1443692996,"osm_type":"way","seamark_type":"marine_farm","display_class":"OTHER","min_zoom":12,"importance":1,"name":null,"ref":null,"common":{"type":"marine_farm"},"children":{},"osm_tags":{"aquaculture":"fish","landuse":"aquaculture","seamark:type":"marine_farm"}}},{"type":"Feature","geometry":{"type":"Polygon","coordinates":[[[120.9734111,13.9849306],[120.9733559,13.9848622],[120.9732826,13.9849179],[120.9733378,13.9849862],[120.9734111,13.9849306]]]},"properties":{"osm_id":1443692997,"osm_type":"way","seamark_type":"marine_farm","display_class":"OTHER","min_zoom":12,"importance":1,"name":null,"ref":null,"common":{"type":"marine_farm"},"children":{},"osm_tags":{"aquaculture":"fish","landuse":"aquaculture","seamark:type":"marine_farm"}}},{"type":"Feature","geometry":{"type":"Polygon","coordinates":[[[120.9733514,13.9850195],[120.9732853,13.9849469],[120.9732151,13.9850072],[120.9732812,13.9850798],[120.9733514,13.9850195]]]},"properties":{"osm_id":1443692998,"osm_type":"way","seamark_type":"marine_farm","display_class":"OTHER","min_zoom":12,"importance":1,"name":null,"ref":null,"common":{"type":"marine_farm"},"children":{},"osm_tags":{"aquaculture":"fish","landuse":"aquaculture","seamark:type":"marine_farm"}}},{"type":"Feature","geometry":{"type":"Polygon","coordinates":[[[120.9733511,13.9848374],[120.9732981,13.9847656],[120.9732244,13.9848168],[120.9732774,13.9848886],[120.9733511,13.9848374]]]},"properties":{"osm_id":1443692999,"osm_type":"way","seamark_type":"marine_farm","display_class":"OTHER","min_zoom":12,"importance":1,"name":null,"ref":null,"common":{"type":"marine_farm"},"children":{},"osm_tags":{"aquaculture":"fish","landuse":"aquaculture","seamark:type":"marine_farm"}}},{"type":"Feature","geometry":{"type":"Polygon","coordinates":[[[120.9732729,13.9848989],[120.9732023,13.9848309],[120.9731347,13.984897],[120.9732053,13.984965],[120.9732729,13.9848989]]]},"properties":{"osm_id":1443693000,"osm_type":"way","seamark_type":"marine_farm","display_class":"OTHER","min_zoom":12,"importance":1,"name":null,"ref":null,"common":{"type":"marine_farm"},"children":{},"osm_tags":{"aquaculture":"fish","landuse":"aquaculture","seamark:type":"marine_farm"}}},{"type":"Feature","geometry":{"type":"Polygon","coordinates":[[[120.9731689,13.9848014],[120.9731164,13.9847254],[120.9730416,13.984774],[120.973094,13.9848501],[120.9731689,13.9848014]]]},"properties":{"osm_id":1443933731,"osm_type":"way","seamark_type":"marine_farm","display_class":"OTHER","min_zoom":12,"importance":1,"name":null,"ref":null,"common":{"type":"marine_farm"},"children":{},"osm_tags":{"aquaculture":"fish","landuse":"aquaculture","seamark:type":"marine_farm"}}},{"type":"Feature","geometry":{"type":"Polygon","coordinates":[[[120.9730846,13.9846732],[120.9730374,13.9845948],[120.9729603,13.9846385],[120.9730075,13.984717],[120.9730846,13.9846732]]]},"properties":{"osm_id":1443933732,"osm_type":"way","seamark_type":"marine_farm","display_class":"OTHER","min_zoom":12,"importance":1,"name":null,"ref":null,"common":{"type":"marine_farm"},"children":{},"osm_tags":{"aquaculture":"fish","landuse":"aquaculture","seamark:type":"marine_farm"}}},{"type":"Feature","geometry":{"type":"Polygon","coordinates":[[[120.9726317,13.9849184],[120.972588,13.984833],[120.9725027,13.9848742],[120.9725465,13.9849596],[120.9726317,13.9849184]]]},"properties":{"osm_id":1443933733,"osm_type":"way","seamark_type":"marine_farm","display_class":"OTHER","min_zoom":12,"importance":1,"name":null,"ref":null,"common":{"type":"marine_farm"},"children":{},"osm_tags":{"aquaculture":"fish","landuse":"aquaculture","seamark:type":"marine_farm"}}},{"type":"Feature","geometry":{"type":"Polygon","coordinates":[[[120.9727002,13.9850418],[120.9726579,13.9849606],[120.9725756,13.9850008],[120.9726179,13.9850821],[120.9727002,13.9850418]]]},"properties":{"osm_id":1443933734,"osm_type":"way","seamark_type":"marine_farm","display_class":"OTHER","min_zoom":12,"importance":1,"name":null,"ref":null,"common":{"type":"marine_farm"},"children":{},"osm_tags":{"aquaculture":"fish","landuse":"aquaculture","seamark:type":"marine_farm"}}},{"type":"Feature","geometry":{"type":"Polygon","coordinates":[[[120.9728001,13.9851623],[120.9727443,13.9850844],[120.972664,13.9851385],[120.9727197,13.9852164],[120.9728001,13.9851623]]]},"properties":{"osm_id":1443933735,"osm_type":"way","seamark_type":"marine_farm","display_class":"OTHER","min_zoom":12,"importance":1,"name":null,"ref":null,"common":{"type":"marine_farm"},"children":{},"osm_tags":{"aquaculture":"fish","landuse":"aquaculture","seamark:type":"marine_farm"}}},{"type":"Feature","geometry":{"type":"Polygon","coordinates":[[[120.9721138,13.9851223],[120.9720872,13.9850315],[120.9719974,13.9850562],[120.9720241,13.9851471],[120.9721138,13.9851223]]]},"properties":{"osm_id":1443933736,"osm_type":"way","seamark_type":"marine_farm","display_class":"OTHER","min_zoom":12,"importance":1,"name":null,"ref":null,"common":{"type":"marine_farm"},"children":{},"osm_tags":{"aquaculture":"fish","landuse":"aquaculture","seamark:type":"marine_farm"}}},{"type":"Feature","geometry":{"type":"Polygon","coordinates":[[[120.9721608,13.9852318],[120.9721277,13.9851432],[120.9720402,13.9851739],[120.9720733,13.9852626],[120.9721608,13.9852318]]]},"properties":{"osm_id":1443933737,"osm_type":"way","seamark_type":"marine_farm","display_class":"OTHER","min_zoom":12,"importance":1,"name":null,"ref":null,"common":{"type":"marine_farm"},"children":{},"osm_tags":{"aquaculture":"fish","landuse":"aquaculture","seamark:type":"marine_farm"}}},{"type":"Feature","geometry":{"type":"Polygon","coordinates":[[[120.9722103,13.9853523],[120.9721807,13.9852587],[120.9720876,13.9852865],[120.9721172,13.98538],[120.9722103,13.9853523]]]},"properties":{"osm_id":1443933738,"osm_type":"way","seamark_type":"marine_farm","display_class":"OTHER","min_zoom":12,"importance":1,"name":null,"ref":null,"common":{"type":"marine_farm"},"children":{},"osm_tags":{"aquaculture":"fish","landuse":"aquaculture","seamark:type":"marine_farm"}}},{"type":"Feature","geometry":{"type":"Polygon","coordinates":[[[120.972261,13.9854608],[120.9722251,13.9853689],[120.9721353,13.9854019],[120.9721712,13.9854938],[120.972261,13.9854608]]]},"properties":{"osm_id":1443933739,"osm_type":"way","seamark_type":"marine_farm","display_class":"OTHER","min_zoom":12,"importance":1,"name":null,"ref":null,"common":{"type":"marine_farm"},"children":{},"osm_tags":{"aquaculture":"fish","landuse":"aquaculture","seamark:type":"marine_farm"}}},{"type":"Feature","geometry":{"type":"Polygon","coordinates":[[[120.9718587,13.985558],[120.9717708,13.9855748],[120.9717888,13.9856638],[120.9718768,13.985647],[120.9718587,13.985558]]]},"properties":{"osm_id":1443933740,"osm_type":"way","seamark_type":"marine_farm","display_class":"OTHER","min_zoom":12,"importance":1,"name":null,"ref":null,"common":{"type":"marine_farm"},"children":{},"osm_tags":{"aquaculture":"fish","landuse":"aquaculture","seamark:type":"marine_farm"}}},{"type":"Feature","geometry":{"type":"Polygon","coordinates":[[[120.971854,13.9855258],[120.9718352,13.9854351],[120.9717449,13.9854526],[120.9717636,13.9855433],[120.971854,13.9855258]]]},"properties":{"osm_id":1443933741,"osm_type":"way","seamark_type":"marine_farm","display_class":"OTHER","min_zoom":12,"importance":1,"name":null,"ref":null,"common":{"type":"marine_farm"},"children":{},"osm_tags":{"aquaculture":"fish","landuse":"aquaculture","seamark:type":"marine_farm"}}},{"type":"Feature","geometry":{"type":"Polygon","coordinates":[[[120.9718289,13.9853982],[120.9718105,13.9853054],[120.9717179,13.9853226],[120.9717362,13.9854154],[120.9718289,13.9853982]]]},"properties":{"osm_id":1443933742,"osm_type":"way","seamark_type":"marine_farm","display_class":"OTHER","min_zoom":12,"importance":1,"name":null,"ref":null,"common":{"type":"marine_farm"},"children":{},"osm_tags":{"aquaculture":"fish","landuse":"aquaculture","seamark:type":"marine_farm"}}},{"type":"Feature","geometry":{"type":"Polygon","coordinates":[[[120.9718017,13.9852755],[120.9717784,13.9851807],[120.9716878,13.9852017],[120.9717111,13.9852964],[120.9718017,13.9852755]]]},"properties":{"osm_id":1443933743,"osm_type":"way","seamark_type":"marine_farm","display_class":"OTHER","min_zoom":12,"importance":1,"name":null,"ref":null,"common":{"type":"marine_farm"},"children":{},"osm_tags":{"aquaculture":"fish","landuse":"aquaculture","seamark:type":"marine_farm"}}},{"type":"Feature","geometry":{"type":"Polygon","coordinates":[[[120.9712604,13.9853867],[120.9712332,13.985299],[120.9711447,13.9853248],[120.9711719,13.9854125],[120.9712604,13.9853867]]]},"properties":{"osm_id":1443933744,"osm_type":"way","seamark_type":"marine_farm","display_class":"OTHER","min_zoom":12,"importance":1,"name":null,"ref":null,"common":{"type":"marine_farm"},"children":{},"osm_tags":{"aquaculture":"fish","landuse":"aquaculture","seamark:type":"marine_farm"}}},{"type":"Feature","geometry":{"type":"Polygon","coordinates":[[[120.9713131,13.9855034],[120.9712751,13.9854169],[120.971187,13.9854534],[120.971225,13.9855399],[120.9713131,13.9855034]]]},"properties":{"osm_id":1443933745,"osm_type":"way","seamark_type":"marine_farm","display_class":"OTHER","min_zoom":12,"importance":1,"name":null,"ref":null,"common":{"type":"marine_farm"},"children":{},"osm_tags":{"aquaculture":"fish","landuse":"aquaculture","seamark:type":"marine_farm"}}},{"type":"Feature","geometry":{"type":"Polygon","coordinates":[[[120.9713649,13.9856215],[120.9713316,13.98553],[120.971238,13.985562],[120.9712712,13.9856535],[120.9713649,13.9856215]]]},"properties":{"osm_id":1443933746,"osm_type":"way","seamark_type":"marine_farm","display_class":"OTHER","min_zoom":12,"importance":1,"name":null,"ref":null,"common":{"type":"marine_farm"},"children":{},"osm_tags":{"aquaculture":"fish","landuse":"aquaculture","seamark:type":"marine_farm"}}},{"type":"Feature","geometry":{"type":"Polygon","coordinates":[[[120.9714037,13.9857412],[120.9713704,13.9856556],[120.9712844,13.9856872],[120.9713177,13.9857728],[120.9714037,13.9857412]]]},"properties":{"osm_id":1443933747,"osm_type":"way","seamark_type":"marine_farm","display_class":"OTHER","min_zoom":12,"importance":1,"name":null,"ref":null,"common":{"type":"marine_farm"},"children":{},"osm_tags":{"aquaculture":"fish","landuse":"aquaculture","seamark:type":"marine_farm"}}},{"type":"Feature","geometry":{"type":"Polygon","coordinates":[[[120.9708808,13.9855426],[120.9708467,13.9854573],[120.9707591,13.9854902],[120.9707932,13.9855756],[120.9708808,13.9855426]]]},"properties":{"osm_id":1443933748,"osm_type":"way","seamark_type":"marine_farm","display_class":"OTHER","min_zoom":12,"importance":1,"name":null,"ref":null,"common":{"type":"marine_farm"},"children":{},"osm_tags":{"aquaculture":"fish","landuse":"aquaculture","seamark:type":"marine_farm"}}},{"type":"Feature","geometry":{"type":"Polygon","coordinates":[[[120.970817,13.9854085],[120.9707729,13.985325],[120.9706869,13.9853678],[120.970731,13.9854513],[120.970817,13.9854085]]]},"properties":{"osm_id":1443933749,"osm_type":"way","seamark_type":"marine_farm","display_class":"OTHER","min_zoom":12,"importance":1,"name":null,"ref":null,"common":{"type":"marine_farm"},"children":{},"osm_tags":{"aquaculture":"fish","landuse":"aquaculture","seamark:type":"marine_farm"}}},{"type":"Feature","geometry":{"type":"Polygon","coordinates":[[[120.9707427,13.9852792],[120.9706856,13.9852093],[120.9706133,13.9852649],[120.9706704,13.9853348],[120.9707427,13.9852792]]]},"properties":{"osm_id":1443933750,"osm_type":"way","seamark_type":"marine_farm","display_class":"OTHER","min_zoom":12,"importance":1,"name":null,"ref":null,"common":{"type":"marine_farm"},"children":{},"osm_tags":{"aquaculture":"fish","landuse":"aquaculture","seamark:type":"marine_farm"}}},{"type":"Feature","geometry":{"type":"Polygon","coordinates":[[[120.9711013,13.9867026],[120.9710751,13.9866178],[120.9709876,13.9866433],[120.9710138,13.986728],[120.9711013,13.9867026]]]},"properties":{"osm_id":1443933751,"osm_type":"way","seamark_type":"marine_farm","display_class":"OTHER","min_zoom":12,"importance":1,"name":null,"ref":null,"common":{"type":"marine_farm"},"children":{},"osm_tags":{"aquaculture":"fish","landuse":"aquaculture","seamark:type":"marine_farm"}}},{"type":"Feature","geometry":{"type":"Polygon","coordinates":[[[120.971153,13.9868367],[120.971125,13.9867531],[120.9710364,13.9867811],[120.9710645,13.9868647],[120.971153,13.9868367]]]},"properties":{"osm_id":1443933752,"osm_type":"way","seamark_type":"marine_farm","display_class":"OTHER","min_zoom":12,"importance":1,"name":null,"ref":null,"common":{"type":"marine_farm"},"children":{},"osm_tags":{"aquaculture":"fish","landuse":"aquaculture","seamark:type":"marine_farm"}}},{"type":"Feature","geometry":{"type":"Polygon","coordinates":[[[120.9712036,13.9869664],[120.9711653,13.9868857],[120.9710811,13.9869233],[120.9711194,13.9870039],[120.9712036,13.9869664]]]},"properties":{"osm_id":1443933753,"osm_type":"way","seamark_type":"marine_farm","display_class":"OTHER","min_zoom":12,"importance":1,"name":null,"ref":null,"common":{"type":"marine_farm"},"children":{},"osm_tags":{"aquaculture":"fish","landuse":"aquaculture","seamark:type":"marine_farm"}}},{"type":"Feature","geometry":{"type":"Polygon","coordinates":[[[120.971721,13.9866963],[120.9716662,13.986621],[120.9715916,13.9866722],[120.9716463,13.9867474],[120.971721,13.9866963]]]},"properties":{"osm_id":1443933754,"osm_type":"way","seamark_type":"marine_farm","display_class":"OTHER","min_zoom":12,"importance":1,"name":null,"ref":null,"common":{"type":"marine_farm"},"children":{},"osm_tags":{"aquaculture":"fish","landuse":"aquaculture","seamark:type":"marine_farm"}}},{"type":"Feature","geometry":{"type":"Polygon","coordinates":[[[120.9715803,13.9865092],[120.9715255,13.9864349],[120.9714477,13.9864889],[120.9715025,13.9865632],[120.9715803,13.9865092]]]},"properties":{"osm_id":1443933755,"osm_type":"way","seamark_type":"marine_farm","display_class":"OTHER","min_zoom":12,"importance":1,"name":null,"ref":null,"common":{"type":"marine_farm"},"children":{},"osm_tags":{"aquaculture":"fish","landuse":"aquaculture","seamark:type":"marine_farm"}}},{"type":"Feature","geometry":{"type":"Polygon","coordinates":[[[120.9716598,13.9866118],[120.9716003,13.9865351],[120.9715246,13.9865904],[120.9715841,13.9866671],[120.9716598,13.9866118]]]},"properties":{"osm_id":1443933756,"osm_type":"way","seamark_type":"marine_farm","display_class":"OTHER","min_zoom":12,"importance":1,"name":null,"ref":null,"common":{"type":"marine_farm"},"children":{},"osm_tags":{"aquaculture":"fish","landuse":"aquaculture","seamark:type":"marine_farm"}}},{"type":"Feature","geometry":{"type":"Polygon","coordinates":[[[120.972326,13.9862893],[120.9722902,13.986204],[120.9722041,13.9862379],[120.9722399,13.9863233],[120.972326,13.9862893]]]},"properties":{"osm_id":1443933757,"osm_type":"way","seamark_type":"marine_farm","display_class":"OTHER","min_zoom":12,"importance":1,"name":null,"ref":null,"common":{"type":"marine_farm"},"children":{},"osm_tags":{"aquaculture":"fish","landuse":"aquaculture","seamark:type":"marine_farm"}}},{"type":"Feature","geometry":{"type":"Polygon","coordinates":[[[120.9722845,13.9862011],[120.9722434,13.9861106],[120.9721579,13.9861472],[120.972199,13.9862377],[120.9722845,13.9862011]]]},"properties":{"osm_id":1443933758,"osm_type":"way","seamark_type":"marine_farm","display_class":"OTHER","min_zoom":12,"importance":1,"name":null,"ref":null,"common":{"type":"marine_farm"},"children":{},"osm_tags":{"aquaculture":"fish","landuse":"aquaculture","seamark:type":"marine_farm"}}},{"type":"Feature","geometry":{"type":"Polygon","coordinates":[[[120.9722063,13.9861083],[120.9721766,13.9860125],[120.9720868,13.9860387],[120.9721165,13.9861346],[120.9722063,13.9861083]]]},"properties":{"osm_id":1443933759,"osm_type":"way","seamark_type":"marine_farm","display_class":"OTHER","min_zoom":12,"importance":1,"name":null,"ref":null,"common":{"type":"marine_farm"},"children":{},"osm_tags":{"aquaculture":"fish","landuse":"aquaculture","seamark:type":"marine_farm"}}},{"type":"Feature","geometry":{"type":"Polygon","coordinates":[[[120.9726509,13.9861577],[120.9726021,13.9860782],[120.9725208,13.9861252],[120.9725697,13.9862047],[120.9726509,13.9861577]]]},"properties":{"osm_id":1443933760,"osm_type":"way","seamark_type":"marine_farm","display_class":"OTHER","min_zoom":12,"importance":1,"name":null,"ref":null,"common":{"type":"marine_farm"},"children":{},"osm_tags":{"aquaculture":"fish","landuse":"aquaculture","seamark:type":"marine_farm"}}},{"type":"Feature","geometry":{"type":"Polygon","coordinates":[[[120.9725936,13.9860719],[120.9725423,13.9859933],[120.9724648,13.9860409],[120.972516,13.9861196],[120.9725936,13.9860719]]]},"properties":{"osm_id":1443933761,"osm_type":"way","seamark_type":"marine_farm","display_class":"OTHER","min_zoom":12,"importance":1,"name":null,"ref":null,"common":{"type":"marine_farm"},"children":{},"osm_tags":{"aquaculture":"fish","landuse":"aquaculture","seamark:type":"marine_farm"}}},{"type":"Feature","geometry":{"type":"Polygon","coordinates":[[[120.9709233,13.9849333],[120.9709307,13.9848412],[120.9708351,13.9848341],[120.9708277,13.9849262],[120.9709233,13.9849333]]]},"properties":{"osm_id":1443933762,"osm_type":"way","seamark_type":"marine_farm","display_class":"OTHER","min_zoom":12,"importance":1,"name":null,"ref":null,"common":{"type":"marine_farm"},"children":{},"osm_tags":{"aquaculture":"fish","landuse":"aquaculture","seamark:type":"marine_farm"}}},{"type":"Feature","geometry":{"type":"Polygon","coordinates":[[[120.9709548,13.9847046],[120.9708545,13.9846947],[120.9708446,13.9847886],[120.9709449,13.9847985],[120.9709548,13.9847046]]]},"properties":{"osm_id":1443933763,"osm_type":"way","seamark_type":"marine_farm","display_class":"OTHER","min_zoom":12,"importance":1,"name":null,"ref":null,"common":{"type":"marine_farm"},"children":{},"osm_tags":{"aquaculture":"fish","landuse":"aquaculture","seamark:type":"marine_farm"}}},{"type":"Feature","geometry":{"type":"Polygon","coordinates":[[[120.9719885,13.9826569],[120.9720253,13.9827538],[120.9721218,13.9827193],[120.9720851,13.9826224],[120.9719885,13.9826569]]]},"properties":{"osm_id":1444867202,"osm_type":"way","seamark_type":"marine_farm","display_class":"OTHER","min_zoom":12,"importance":1,"name":null,"ref":null,"common":{"type":"marine_farm"},"children":{},"osm_tags":{"aquaculture":"fish","landuse":"aquaculture","seamark:type":"marine_farm"}}},{"type":"Feature","geometry":{"type":"Polygon","coordinates":[[[120.9719194,13.9825684],[120.9719766,13.9826481],[120.9720624,13.9825902],[120.9720053,13.9825105],[120.9719194,13.9825684]]]},"properties":{"osm_id":1444867203,"osm_type":"way","seamark_type":"marine_farm","display_class":"OTHER","min_zoom":12,"importance":1,"name":null,"ref":null,"common":{"type":"marine_farm"},"children":{},"osm_tags":{"aquaculture":"fish","landuse":"aquaculture","seamark:type":"marine_farm"}}},{"type":"Feature","geometry":{"type":"Polygon","coordinates":[[[120.9718457,13.9824564],[120.9719047,13.982541],[120.9719859,13.9824877],[120.9719269,13.9824031],[120.9718457,13.9824564]]]},"properties":{"osm_id":1444867204,"osm_type":"way","seamark_type":"marine_farm","display_class":"OTHER","min_zoom":12,"importance":1,"name":null,"ref":null,"common":{"type":"marine_farm"},"children":{},"osm_tags":{"aquaculture":"fish","landuse":"aquaculture","seamark:type":"marine_farm"}}},{"type":"Feature","geometry":{"type":"Polygon","coordinates":[[[120.9715473,13.9823823],[120.9715962,13.9824747],[120.9716892,13.9824283],[120.9716402,13.9823359],[120.9715473,13.9823823]]]},"properties":{"osm_id":1444867205,"osm_type":"way","seamark_type":"marine_farm","display_class":"OTHER","min_zoom":12,"importance":1,"name":null,"ref":null,"common":{"type":"marine_farm"},"children":{},"osm_tags":{"aquaculture":"fish","landuse":"aquaculture","seamark:type":"marine_farm"}}},{"type":"Feature","geometry":{"type":"Polygon","coordinates":[[[120.9716244,13.982612],[120.9717156,13.9825918],[120.9716934,13.9824972],[120.9716022,13.9825174],[120.9716244,13.982612]]]},"properties":{"osm_id":1444867206,"osm_type":"way","seamark_type":"marine_farm","display_class":"OTHER","min_zoom":12,"importance":1,"name":null,"ref":null,"common":{"type":"marine_farm"},"children":{},"osm_tags":{"aquaculture":"fish","landuse":"aquaculture","seamark:type":"marine_farm"}}},{"type":"Feature","geometry":{"type":"Polygon","coordinates":[[[120.971676,13.9827538],[120.9717636,13.9827123],[120.9717187,13.9826231],[120.9716311,13.9826647],[120.971676,13.9827538]]]},"properties":{"osm_id":1444867207,"osm_type":"way","seamark_type":"marine_farm","display_class":"OTHER","min_zoom":12,"importance":1,"name":null,"ref":null,"common":{"type":"marine_farm"},"children":{},"osm_tags":{"aquaculture":"fish","landuse":"aquaculture","seamark:type":"marine_farm"}}},{"type":"Feature","geometry":{"type":"Polygon","coordinates":[[[120.9714601,13.9826269],[120.97148,13.9827203],[120.9715839,13.9826995],[120.9715641,13.9826061],[120.9714601,13.9826269]]]},"properties":{"osm_id":1444867208,"osm_type":"way","seamark_type":"marine_farm","display_class":"OTHER","min_zoom":12,"importance":1,"name":null,"ref":null,"common":{"type":"marine_farm"},"children":{},"osm_tags":{"aquaculture":"fish","landuse":"aquaculture","seamark:type":"marine_farm"}}},{"type":"Feature","geometry":{"type":"Polygon","coordinates":[[[120.9715091,13.9824506],[120.9714091,13.9824671],[120.9714279,13.9825744],[120.9715278,13.982558],[120.9715091,13.9824506]]]},"properties":{"osm_id":1444867209,"osm_type":"way","seamark_type":"marine_farm","display_class":"OTHER","min_zoom":12,"importance":1,"name":null,"ref":null,"common":{"type":"marine_farm"},"children":{},"osm_tags":{"aquaculture":"fish","landuse":"aquaculture","seamark:type":"marine_farm"}}},{"type":"Feature","geometry":{"type":"Polygon","coordinates":[[[120.9718537,13.9831702],[120.9719045,13.9832571],[120.9719944,13.9832077],[120.9719436,13.9831208],[120.9718537,13.9831702]]]},"properties":{"osm_id":1444867210,"osm_type":"way","seamark_type":"marine_farm","display_class":"OTHER","min_zoom":12,"importance":1,"name":null,"ref":null,"common":{"type":"marine_farm"},"children":{},"osm_tags":{"aquaculture":"fish","landuse":"aquaculture","seamark:type":"marine_farm"}}},{"type":"Feature","geometry":{"type":"Polygon","coordinates":[[[120.9717733,13.9830408],[120.9718256,13.9831247],[120.971912,13.983074],[120.9718597,13.98299],[120.9717733,13.9830408]]]},"properties":{"osm_id":1444867211,"osm_type":"way","seamark_type":"marine_farm","display_class":"OTHER","min_zoom":12,"importance":1,"name":null,"ref":null,"common":{"type":"marine_farm"},"children":{},"osm_tags":{"aquaculture":"fish","landuse":"aquaculture","seamark:type":"marine_farm"}}},{"type":"Feature","geometry":{"type":"Polygon","coordinates":[[[120.9713649,13.9833101],[120.9713806,13.9834048],[120.9714805,13.9833892],[120.9714648,13.9832945],[120.9713649,13.9833101]]]},"properties":{"osm_id":1444867212,"osm_type":"way","seamark_type":"marine_farm","display_class":"OTHER","min_zoom":12,"importance":1,"name":null,"ref":null,"common":{"type":"marine_farm"},"children":{},"osm_tags":{"aquaculture":"fish","landuse":"aquaculture","seamark:type":"marine_farm"}}},{"type":"Feature","geometry":{"type":"Polygon","coordinates":[[[120.9713294,13.9832132],[120.9713724,13.9832974],[120.9714656,13.9832525],[120.9714226,13.9831683],[120.9713294,13.9832132]]]},"properties":{"osm_id":1444867213,"osm_type":"way","seamark_type":"marine_farm","display_class":"OTHER","min_zoom":12,"importance":1,"name":null,"ref":null,"common":{"type":"marine_farm"},"children":{},"osm_tags":{"aquaculture":"fish","landuse":"aquaculture","seamark:type":"marine_farm"}}},{"type":"Feature","geometry":{"type":"Polygon","coordinates":[[[120.9712838,13.9831026],[120.9713298,13.9831912],[120.9714216,13.9831463],[120.9713756,13.9830577],[120.9712838,13.9831026]]]},"properties":{"osm_id":1444867214,"osm_type":"way","seamark_type":"marine_farm","display_class":"OTHER","min_zoom":12,"importance":1,"name":null,"ref":null,"common":{"type":"marine_farm"},"children":{},"osm_tags":{"aquaculture":"fish","landuse":"aquaculture","seamark:type":"marine_farm"}}},{"type":"Feature","geometry":{"type":"Polygon","coordinates":[[[120.9712375,13.9829952],[120.9712824,13.9830889],[120.9713776,13.9830459],[120.9713327,13.9829522],[120.9712375,13.9829952]]]},"properties":{"osm_id":1444867215,"osm_type":"way","seamark_type":"marine_farm","display_class":"OTHER","min_zoom":12,"importance":1,"name":null,"ref":null,"common":{"type":"marine_farm"},"children":{},"osm_tags":{"aquaculture":"fish","landuse":"aquaculture","seamark:type":"marine_farm"}}},{"type":"Feature","geometry":{"type":"Polygon","coordinates":[[[120.9709344,13.9828963],[120.9709746,13.9829917],[120.9710745,13.982952],[120.9710343,13.9828566],[120.9709344,13.9828963]]]},"properties":{"osm_id":1444867216,"osm_type":"way","seamark_type":"marine_farm","display_class":"OTHER","min_zoom":12,"importance":1,"name":null,"ref":null,"common":{"type":"marine_farm"},"children":{},"osm_tags":{"aquaculture":"fish","landuse":"aquaculture","seamark:type":"marine_farm"}}},{"type":"Feature","geometry":{"type":"Polygon","coordinates":[[[120.9708881,13.9827597],[120.9709264,13.9828491],[120.9710169,13.9828127],[120.9709787,13.9827232],[120.9708881,13.9827597]]]},"properties":{"osm_id":1444867217,"osm_type":"way","seamark_type":"marine_farm","display_class":"OTHER","min_zoom":12,"importance":1,"name":null,"ref":null,"common":{"type":"marine_farm"},"children":{},"osm_tags":{"aquaculture":"fish","landuse":"aquaculture","seamark:type":"marine_farm"}}},{"type":"Feature","geometry":{"type":"Polygon","coordinates":[[[120.9707983,13.9826289],[120.9708593,13.982718],[120.9709476,13.9826611],[120.9708866,13.982572],[120.9707983,13.9826289]]]},"properties":{"osm_id":1444867218,"osm_type":"way","seamark_type":"marine_farm","display_class":"OTHER","min_zoom":12,"importance":1,"name":null,"ref":null,"common":{"type":"marine_farm"},"children":{},"osm_tags":{"aquaculture":"fish","landuse":"aquaculture","seamark:type":"marine_farm"}}},{"type":"Feature","geometry":{"type":"Polygon","coordinates":[[[120.9706005,13.9829497],[120.9707064,13.9829458],[120.9707022,13.982838],[120.9705963,13.9828419],[120.9706005,13.9829497]]]},"properties":{"osm_id":1444867219,"osm_type":"way","seamark_type":"marine_farm","display_class":"OTHER","min_zoom":12,"importance":1,"name":null,"ref":null,"common":{"type":"marine_farm"},"children":{},"osm_tags":{"aquaculture":"fish","landuse":"aquaculture","seamark:type":"marine_farm"}}},{"type":"Feature","geometry":{"type":"Polygon","coordinates":[[[120.9706146,13.9829861],[120.9706266,13.9830837],[120.9707332,13.9830714],[120.9707212,13.9829737],[120.9706146,13.9829861]]]},"properties":{"osm_id":1444867220,"osm_type":"way","seamark_type":"marine_farm","display_class":"OTHER","min_zoom":12,"importance":1,"name":null,"ref":null,"common":{"type":"marine_farm"},"children":{},"osm_tags":{"aquaculture":"fish","landuse":"aquaculture","seamark:type":"marine_farm"}}},{"type":"Feature","geometry":{"type":"Polygon","coordinates":[[[120.9717357,13.9835854],[120.9718222,13.9835476],[120.971782,13.9834608],[120.9716955,13.9834985],[120.9717357,13.9835854]]]},"properties":{"osm_id":1444867221,"osm_type":"way","seamark_type":"marine_farm","display_class":"OTHER","min_zoom":12,"importance":1,"name":null,"ref":null,"common":{"type":"marine_farm"},"children":{},"osm_tags":{"aquaculture":"fish","landuse":"aquaculture","seamark:type":"marine_farm"}}},{"type":"Feature","geometry":{"type":"Polygon","coordinates":[[[120.9718034,13.9837038],[120.9718917,13.9836596],[120.9718488,13.9835789],[120.9717605,13.9836231],[120.9718034,13.9837038]]]},"properties":{"osm_id":1444867222,"osm_type":"way","seamark_type":"marine_farm","display_class":"OTHER","min_zoom":12,"importance":1,"name":null,"ref":null,"common":{"type":"marine_farm"},"children":{},"osm_tags":{"aquaculture":"fish","landuse":"aquaculture","seamark:type":"marine_farm"}}},{"type":"Feature","geometry":{"type":"Polygon","coordinates":[[[120.9718115,13.9837559],[120.9718528,13.983841],[120.9719453,13.9837987],[120.971904,13.9837136],[120.9718115,13.9837559]]]},"properties":{"osm_id":1444867223,"osm_type":"way","seamark_type":"marine_farm","display_class":"OTHER","min_zoom":12,"importance":1,"name":null,"ref":null,"common":{"type":"marine_farm"},"children":{},"osm_tags":{"aquaculture":"fish","landuse":"aquaculture","seamark:type":"marine_farm"}}},{"type":"Feature","geometry":{"type":"Polygon","coordinates":[[[120.9720562,13.9835925],[120.9721437,13.9835495],[120.9720994,13.9834649],[120.972012,13.983508],[120.9720562,13.9835925]]]},"properties":{"osm_id":1444867224,"osm_type":"way","seamark_type":"marine_farm","display_class":"OTHER","min_zoom":12,"importance":1,"name":null,"ref":null,"common":{"type":"marine_farm"},"children":{},"osm_tags":{"aquaculture":"fish","landuse":"aquaculture","seamark:type":"marine_farm"}}},{"type":"Feature","geometry":{"type":"Polygon","coordinates":[[[120.9720931,13.9837311],[120.972189,13.9837019],[120.9721593,13.9836103],[120.9720634,13.9836396],[120.9720931,13.9837311]]]},"properties":{"osm_id":1444867225,"osm_type":"way","seamark_type":"marine_farm","display_class":"OTHER","min_zoom":12,"importance":1,"name":null,"ref":null,"common":{"type":"marine_farm"},"children":{},"osm_tags":{"aquaculture":"fish","landuse":"aquaculture","seamark:type":"marine_farm"}}},{"type":"Feature","geometry":{"type":"Polygon","coordinates":[[[120.9721206,13.9837669],[120.9721535,13.9838619],[120.9722458,13.9838318],[120.972213,13.9837368],[120.9721206,13.9837669]]]},"properties":{"osm_id":1444867226,"osm_type":"way","seamark_type":"marine_farm","display_class":"OTHER","min_zoom":12,"importance":1,"name":null,"ref":null,"common":{"type":"marine_farm"},"children":{},"osm_tags":{"aquaculture":"fish","landuse":"aquaculture","seamark:type":"marine_farm"}}},{"type":"Feature","geometry":{"type":"Polygon","coordinates":[[[120.9719355,13.9839677],[120.9720204,13.9839165],[120.9719681,13.9838348],[120.9718832,13.983886],[120.9719355,13.9839677]]]},"properties":{"osm_id":1444867227,"osm_type":"way","seamark_type":"marine_farm","display_class":"OTHER","min_zoom":12,"importance":1,"name":null,"ref":null,"common":{"type":"marine_farm"},"children":{},"osm_tags":{"aquaculture":"fish","landuse":"aquaculture","seamark:type":"marine_farm"}}},{"type":"Feature","geometry":{"type":"Polygon","coordinates":[[[120.9708841,13.9838483],[120.9708994,13.9839498],[120.9710053,13.9839349],[120.9709901,13.9838333],[120.9708841,13.9838483]]]},"properties":{"osm_id":1444867228,"osm_type":"way","seamark_type":"marine_farm","display_class":"OTHER","min_zoom":12,"importance":1,"name":null,"ref":null,"common":{"type":"marine_farm"},"children":{},"osm_tags":{"aquaculture":"fish","landuse":"aquaculture","seamark:type":"marine_farm"}}},{"type":"Feature","geometry":{"type":"Polygon","coordinates":[[[120.970856,13.9837162],[120.9708734,13.9838176],[120.970978,13.9838007],[120.9709606,13.9836993],[120.970856,13.9837162]]]},"properties":{"osm_id":1444867229,"osm_type":"way","seamark_type":"marine_farm","display_class":"OTHER","min_zoom":12,"importance":1,"name":null,"ref":null,"common":{"type":"marine_farm"},"children":{},"osm_tags":{"aquaculture":"fish","landuse":"aquaculture","seamark:type":"marine_farm"}}},{"type":"Feature","geometry":{"type":"Polygon","coordinates":[[[120.9708405,13.9835262],[120.9708513,13.9836322],[120.9709547,13.9836224],[120.9709439,13.9835163],[120.9708405,13.9835262]]]},"properties":{"osm_id":1444867230,"osm_type":"way","seamark_type":"marine_farm","display_class":"OTHER","min_zoom":12,"importance":1,"name":null,"ref":null,"common":{"type":"marine_farm"},"children":{},"osm_tags":{"aquaculture":"fish","landuse":"aquaculture","seamark:type":"marine_farm"}}},{"type":"Feature","geometry":{"type":"Polygon","coordinates":[[[120.9705656,13.983342],[120.9706669,13.9833661],[120.9706909,13.9832709],[120.9705896,13.9832469],[120.9705656,13.983342]]]},"properties":{"osm_id":1444867231,"osm_type":"way","seamark_type":"marine_farm","display_class":"OTHER","min_zoom":12,"importance":1,"name":null,"ref":null,"common":{"type":"marine_farm"},"children":{},"osm_tags":{"aquaculture":"fish","landuse":"aquaculture","seamark:type":"marine_farm"}}},{"type":"Feature","geometry":{"type":"Polygon","coordinates":[[[120.9705441,13.9834578],[120.970638,13.9834748],[120.9706563,13.9833795],[120.9705624,13.9833626],[120.9705441,13.9834578]]]},"properties":{"osm_id":1444867232,"osm_type":"way","seamark_type":"marine_farm","display_class":"OTHER","min_zoom":12,"importance":1,"name":null,"ref":null,"common":{"type":"marine_farm"},"children":{},"osm_tags":{"aquaculture":"fish","landuse":"aquaculture","seamark:type":"marine_farm"}}},{"type":"Feature","geometry":{"type":"Polygon","coordinates":[[[120.9704851,13.9836648],[120.9705918,13.983666],[120.9705931,13.98356],[120.9704865,13.9835587],[120.9704851,13.9836648]]]},"properties":{"osm_id":1444867233,"osm_type":"way","seamark_type":"marine_farm","display_class":"OTHER","min_zoom":12,"importance":1,"name":null,"ref":null,"common":{"type":"marine_farm"},"children":{},"osm_tags":{"aquaculture":"fish","landuse":"aquaculture","seamark:type":"marine_farm"}}},{"type":"Feature","geometry":{"type":"Polygon","coordinates":[[[120.9704684,13.9838138],[120.9705783,13.9838112],[120.9705757,13.9837078],[120.9704658,13.9837104],[120.9704684,13.9838138]]]},"properties":{"osm_id":1444867234,"osm_type":"way","seamark_type":"marine_farm","display_class":"OTHER","min_zoom":12,"importance":1,"name":null,"ref":null,"common":{"type":"marine_farm"},"children":{},"osm_tags":{"aquaculture":"fish","landuse":"aquaculture","seamark:type":"marine_farm"}}},{"type":"Feature","geometry":{"type":"Polygon","coordinates":[[[120.9704711,13.983845],[120.9704757,13.9839498],[120.9705859,13.9839451],[120.9705812,13.9838404],[120.9704711,13.983845]]]},"properties":{"osm_id":1444867235,"osm_type":"way","seamark_type":"marine_farm","display_class":"OTHER","min_zoom":12,"importance":1,"name":null,"ref":null,"common":{"type":"marine_farm"},"children":{},"osm_tags":{"aquaculture":"fish","landuse":"aquaculture","seamark:type":"marine_farm"}}},{"type":"Feature","geometry":{"type":"Polygon","coordinates":[[[120.9704643,13.9841931],[120.9705653,13.9841795],[120.9705512,13.9840815],[120.9704503,13.9840952],[120.9704643,13.9841931]]]},"properties":{"osm_id":1444867236,"osm_type":"way","seamark_type":"marine_farm","display_class":"OTHER","min_zoom":12,"importance":1,"name":null,"ref":null,"common":{"type":"marine_farm"},"children":{},"osm_tags":{"aquaculture":"fish","landuse":"aquaculture","seamark:type":"marine_farm"}}},{"type":"Feature","geometry":{"type":"Polygon","coordinates":[[[120.9704865,13.9843259],[120.9705854,13.9843073],[120.9705658,13.9842089],[120.9704669,13.9842275],[120.9704865,13.9843259]]]},"properties":{"osm_id":1444867237,"osm_type":"way","seamark_type":"marine_farm","display_class":"OTHER","min_zoom":12,"importance":1,"name":null,"ref":null,"common":{"type":"marine_farm"},"children":{},"osm_tags":{"aquaculture":"fish","landuse":"aquaculture","seamark:type":"marine_farm"}}},{"type":"Feature","geometry":{"type":"Polygon","coordinates":[[[120.9704939,13.9843372],[120.9705162,13.98443],[120.9706181,13.9844069],[120.9705958,13.9843141],[120.9704939,13.9843372]]]},"properties":{"osm_id":1444867238,"osm_type":"way","seamark_type":"marine_farm","display_class":"OTHER","min_zoom":12,"importance":1,"name":null,"ref":null,"common":{"type":"marine_farm"},"children":{},"osm_tags":{"aquaculture":"fish","landuse":"aquaculture","seamark:type":"marine_farm"}}},{"type":"Feature","geometry":{"type":"Polygon","coordinates":[[[120.9708596,13.9846623],[120.9708764,13.9845581],[120.970985,13.9845575],[120.9709639,13.9846649],[120.9708596,13.9846623]]]},"properties":{"osm_id":1444867239,"osm_type":"way","seamark_type":"marine_farm","display_class":"OTHER","min_zoom":12,"importance":1,"name":null,"ref":null,"common":{"type":"marine_farm"},"children":{},"osm_tags":{"aquaculture":"fish","landuse":"aquaculture","seamark:type":"marine_farm"}}},{"type":"Feature","geometry":{"type":"Polygon","coordinates":[[[120.9708653,13.9845396],[120.970975,13.984538],[120.9709733,13.9844306],[120.9708636,13.9844322],[120.9708653,13.9845396]]]},"properties":{"osm_id":1444867240,"osm_type":"way","seamark_type":"marine_farm","display_class":"OTHER","min_zoom":12,"importance":1,"name":null,"ref":null,"common":{"type":"marine_farm"},"children":{},"osm_tags":{"aquaculture":"fish","landuse":"aquaculture","seamark:type":"marine_farm"}}},{"type":"Feature","geometry":{"type":"Polygon","coordinates":[[[120.971615,13.9845354],[120.9716482,13.9846367],[120.9717528,13.9846045],[120.9717196,13.9845032],[120.971615,13.9845354]]]},"properties":{"osm_id":1444867241,"osm_type":"way","seamark_type":"marine_farm","display_class":"OTHER","min_zoom":12,"importance":1,"name":null,"ref":null,"common":{"type":"marine_farm"},"children":{},"osm_tags":{"aquaculture":"fish","landuse":"aquaculture","seamark:type":"marine_farm"}}},{"type":"Feature","geometry":{"type":"Polygon","coordinates":[[[120.9715758,13.9843981],[120.9716003,13.9845048],[120.9717042,13.9844824],[120.9716797,13.9843756],[120.9715758,13.9843981]]]},"properties":{"osm_id":1444867242,"osm_type":"way","seamark_type":"marine_farm","display_class":"OTHER","min_zoom":12,"importance":1,"name":null,"ref":null,"common":{"type":"marine_farm"},"children":{},"osm_tags":{"aquaculture":"fish","landuse":"aquaculture","seamark:type":"marine_farm"}}},{"type":"Feature","geometry":{"type":"Polygon","coordinates":[[[120.9715553,13.9842748],[120.9715741,13.9843812],[120.9716756,13.9843643],[120.9716568,13.9842579],[120.9715553,13.9842748]]]},"properties":{"osm_id":1444867243,"osm_type":"way","seamark_type":"marine_farm","display_class":"OTHER","min_zoom":12,"importance":1,"name":null,"ref":null,"common":{"type":"marine_farm"},"children":{},"osm_tags":{"aquaculture":"fish","landuse":"aquaculture","seamark:type":"marine_farm"}}},{"type":"Feature","geometry":{"type":"Polygon","coordinates":[[[120.9716264,13.9841336],[120.9715286,13.9841531],[120.9715494,13.9842511],[120.9716472,13.9842315],[120.9716264,13.9841336]]]},"properties":{"osm_id":1444867244,"osm_type":"way","seamark_type":"marine_farm","display_class":"OTHER","min_zoom":12,"importance":1,"name":null,"ref":null,"common":{"type":"marine_farm"},"children":{},"osm_tags":{"aquaculture":"fish","landuse":"aquaculture","seamark:type":"marine_farm"}}},{"type":"Feature","geometry":{"type":"Polygon","coordinates":[[[120.9720958,13.9846245],[120.972143,13.9847108],[120.9722339,13.9846639],[120.9721867,13.9845777],[120.9720958,13.9846245]]]},"properties":{"osm_id":1444867245,"osm_type":"way","seamark_type":"marine_farm","display_class":"OTHER","min_zoom":12,"importance":1,"name":null,"ref":null,"common":{"type":"marine_farm"},"children":{},"osm_tags":{"aquaculture":"fish","landuse":"aquaculture","seamark:type":"marine_farm"}}},{"type":"Feature","geometry":{"type":"Polygon","coordinates":[[[120.9720237,13.9845129],[120.9720714,13.9845987],[120.9721609,13.9845519],[120.9721132,13.9844661],[120.9720237,13.9845129]]]},"properties":{"osm_id":1444867246,"osm_type":"way","seamark_type":"marine_farm","display_class":"OTHER","min_zoom":12,"importance":1,"name":null,"ref":null,"common":{"type":"marine_farm"},"children":{},"osm_tags":{"aquaculture":"fish","landuse":"aquaculture","seamark:type":"marine_farm"}}},{"type":"Feature","geometry":{"type":"Polygon","coordinates":[[[120.9719624,13.9843948],[120.9720087,13.9844851],[120.9720989,13.9844415],[120.9720526,13.9843512],[120.9719624,13.9843948]]]},"properties":{"osm_id":1444867247,"osm_type":"way","seamark_type":"marine_farm","display_class":"OTHER","min_zoom":12,"importance":1,"name":null,"ref":null,"common":{"type":"marine_farm"},"children":{},"osm_tags":{"aquaculture":"fish","landuse":"aquaculture","seamark:type":"marine_farm"}}},{"type":"Feature","geometry":{"type":"Polygon","coordinates":[[[120.9719976,13.9842325],[120.9719072,13.9842754],[120.9719522,13.9843645],[120.9720425,13.9843216],[120.9719976,13.9842325]]]},"properties":{"osm_id":1444867248,"osm_type":"way","seamark_type":"marine_farm","display_class":"OTHER","min_zoom":12,"importance":1,"name":null,"ref":null,"common":{"type":"marine_farm"},"children":{},"osm_tags":{"aquaculture":"fish","landuse":"aquaculture","seamark:type":"marine_farm"}}},{"type":"Feature","geometry":{"type":"Polygon","coordinates":[[[120.9726906,13.9839605],[120.9728026,13.983954],[120.9727727,13.984061],[120.9726624,13.984061],[120.9726906,13.9839605]]]},"properties":{"osm_id":1444867249,"osm_type":"way","seamark_type":"marine_farm","display_class":"OTHER","min_zoom":12,"importance":1,"name":null,"ref":null,"common":{"type":"marine_farm"},"children":{},"osm_tags":{"aquaculture":"fish","landuse":"aquaculture","seamark:type":"marine_farm"}}},{"type":"Feature","geometry":{"type":"Polygon","coordinates":[[[120.9726718,13.9838528],[120.9726916,13.9839533],[120.9727955,13.9839485],[120.9727721,13.983847],[120.9726718,13.9838528]]]},"properties":{"osm_id":1444867250,"osm_type":"way","seamark_type":"marine_farm","display_class":"OTHER","min_zoom":12,"importance":1,"name":null,"ref":null,"common":{"type":"marine_farm"},"children":{},"osm_tags":{"aquaculture":"fish","landuse":"aquaculture","seamark:type":"marine_farm"}}},{"type":"Feature","geometry":{"type":"Polygon","coordinates":[[[120.9725571,13.9839823],[120.9725437,13.9838808],[120.9726369,13.9838496],[120.972647,13.9839491],[120.9725571,13.9839823]]]},"properties":{"osm_id":1444867251,"osm_type":"way","seamark_type":"marine_farm","display_class":"OTHER","min_zoom":12,"importance":1,"name":null,"ref":null,"common":{"type":"marine_farm"},"children":{},"osm_tags":{"aquaculture":"fish","landuse":"aquaculture","seamark:type":"marine_farm"}}},{"type":"Feature","geometry":{"type":"Polygon","coordinates":[[[120.9725954,13.9835249],[120.9726514,13.9836039],[120.9727352,13.9835479],[120.9726792,13.9834689],[120.9725954,13.9835249]]]},"properties":{"osm_id":1444867252,"osm_type":"way","seamark_type":"marine_farm","display_class":"OTHER","min_zoom":12,"importance":1,"name":null,"ref":null,"common":{"type":"marine_farm"},"children":{},"osm_tags":{"aquaculture":"fish","landuse":"aquaculture","seamark:type":"marine_farm"}}},{"type":"Feature","geometry":{"type":"Polygon","coordinates":[[[120.9725283,13.9834162],[120.9725832,13.9834997],[120.9726704,13.9834457],[120.9726155,13.9833622],[120.9725283,13.9834162]]]},"properties":{"osm_id":1444867253,"osm_type":"way","seamark_type":"marine_farm","display_class":"OTHER","min_zoom":12,"importance":1,"name":null,"ref":null,"common":{"type":"marine_farm"},"children":{},"osm_tags":{"aquaculture":"fish","landuse":"aquaculture","seamark:type":"marine_farm"}}},{"type":"Feature","geometry":{"type":"Polygon","coordinates":[[[120.9725451,13.9832503],[120.9724608,13.9833056],[120.9725198,13.9833902],[120.9726041,13.9833349],[120.9725451,13.9832503]]]},"properties":{"osm_id":1444867254,"osm_type":"way","seamark_type":"marine_farm","display_class":"OTHER","min_zoom":12,"importance":1,"name":null,"ref":null,"common":{"type":"marine_farm"},"children":{},"osm_tags":{"aquaculture":"fish","landuse":"aquaculture","seamark:type":"marine_farm"}}},{"type":"Feature","geometry":{"type":"Polygon","coordinates":[[[120.972482,13.9839205],[120.9723933,13.9839714],[120.9724476,13.9840605],[120.9725364,13.9840096],[120.972482,13.9839205]]]},"properties":{"osm_id":1444867255,"osm_type":"way","seamark_type":"marine_farm","display_class":"OTHER","min_zoom":12,"importance":1,"name":null,"ref":null,"common":{"type":"marine_farm"},"children":{},"osm_tags":{"aquaculture":"fish","landuse":"aquaculture","seamark:type":"marine_farm"}}},{"type":"Feature","geometry":{"type":"Polygon","coordinates":[[[120.972356,13.9840252],[120.9722754,13.9840768],[120.9723324,13.9841607],[120.972413,13.9841092],[120.972356,13.9840252]]]},"properties":{"osm_id":1444867256,"osm_type":"way","seamark_type":"marine_farm","display_class":"OTHER","min_zoom":12,"importance":1,"name":null,"ref":null,"common":{"type":"marine_farm"},"children":{},"osm_tags":{"aquaculture":"fish","landuse":"aquaculture","seamark:type":"marine_farm"}}},{"type":"Feature","geometry":{"type":"Polygon","coordinates":[[[120.9724975,13.9843343],[120.9724064,13.9843703],[120.9724446,13.9844614],[120.9725357,13.9844254],[120.9724975,13.9843343]]]},"properties":{"osm_id":1444867257,"osm_type":"way","seamark_type":"marine_farm","display_class":"OTHER","min_zoom":12,"importance":1,"name":null,"ref":null,"common":{"type":"marine_farm"},"children":{},"osm_tags":{"aquaculture":"fish","landuse":"aquaculture","seamark:type":"marine_farm"}}},{"type":"Feature","geometry":{"type":"Polygon","coordinates":[[[120.9726208,13.9842764],[120.9725364,13.9843143],[120.972578,13.9844015],[120.9726624,13.9843636],[120.9726208,13.9842764]]]},"properties":{"osm_id":1444867258,"osm_type":"way","seamark_type":"marine_farm","display_class":"OTHER","min_zoom":12,"importance":1,"name":null,"ref":null,"common":{"type":"marine_farm"},"children":{},"osm_tags":{"aquaculture":"fish","landuse":"aquaculture","seamark:type":"marine_farm"}}},{"type":"Feature","geometry":{"type":"Polygon","coordinates":[[[120.9727744,13.9842223],[120.9728065,13.9843154],[120.972716,13.9843448],[120.9726839,13.9842517],[120.9727744,13.9842223]]]},"properties":{"osm_id":1444867259,"osm_type":"way","seamark_type":"marine_farm","display_class":"OTHER","min_zoom":12,"importance":1,"name":null,"ref":null,"common":{"type":"marine_farm"},"children":{},"osm_tags":{"aquaculture":"fish","landuse":"aquaculture","seamark:type":"marine_farm"}}},{"type":"Feature","geometry":{"type":"Polygon","coordinates":[[[120.9729219,13.9841938],[120.9728267,13.9842237],[120.9728566,13.9843132],[120.9729518,13.9842832],[120.9729219,13.9841938]]]},"properties":{"osm_id":1444867260,"osm_type":"way","seamark_type":"marine_farm","display_class":"OTHER","min_zoom":12,"importance":1,"name":null,"ref":null,"common":{"type":"marine_farm"},"children":{},"osm_tags":{"aquaculture":"fish","landuse":"aquaculture","seamark:type":"marine_farm"}}},{"type":"Feature","geometry":{"type":"Polygon","coordinates":[[[120.9730896,13.983873],[120.9730091,13.983914],[120.9730559,13.9840005],[120.9731364,13.9839595],[120.9730896,13.983873]]]},"properties":{"osm_id":1444867261,"osm_type":"way","seamark_type":"marine_farm","display_class":"OTHER","min_zoom":12,"importance":1,"name":null,"ref":null,"common":{"type":"marine_farm"},"children":{},"osm_tags":{"aquaculture":"fish","landuse":"aquaculture","seamark:type":"marine_farm"}}},{"type":"Feature","geometry":{"type":"Polygon","coordinates":[[[120.9524882,13.9918463],[120.9524882,13.9919354],[120.9525961,13.9919354],[120.9525961,13.9918463],[120.9524882,13.9918463]]]},"properties":{"osm_id":1444867775,"osm_type":"way","seamark_type":"marine_farm","display_class":"OTHER","min_zoom":12,"importance":1,"name":null,"ref":null,"common":{"type":"marine_farm"},"children":{},"osm_tags":{"aquaculture":"fish","landuse":"aquaculture","seamark:type":"marine_farm"}}},{"type":"Feature","geometry":{"type":"Polygon","coordinates":[[[120.9524902,13.9917174],[120.9524902,13.9918339],[120.9525982,13.9918339],[120.9525982,13.9917174],[120.9524902,13.9917174]]]},"properties":{"osm_id":1444867776,"osm_type":"way","seamark_type":"marine_farm","display_class":"OTHER","min_zoom":12,"importance":1,"name":null,"ref":null,"common":{"type":"marine_farm"},"children":{},"osm_tags":{"aquaculture":"fish","landuse":"aquaculture","seamark:type":"marine_farm"}}},{"type":"Feature","geometry":{"type":"Polygon","coordinates":[[[120.9522897,13.9918255],[120.9522823,13.991709],[120.9523956,13.9916647],[120.9523956,13.9917838],[120.9522897,13.9918255]]]},"properties":{"osm_id":1444867777,"osm_type":"way","seamark_type":"marine_farm","display_class":"OTHER","min_zoom":12,"importance":1,"name":null,"ref":null,"common":{"type":"marine_farm"},"children":{},"osm_tags":{"aquaculture":"fish","landuse":"aquaculture","seamark:type":"marine_farm"}}},{"type":"Feature","geometry":{"type":"Polygon","coordinates":[[[120.9516983,13.9914995],[120.9517472,13.9915873],[120.9518258,13.9915461],[120.9517768,13.9914583],[120.9516983,13.9914995]]]},"properties":{"osm_id":1444867778,"osm_type":"way","seamark_type":"marine_farm","display_class":"OTHER","min_zoom":12,"importance":1,"name":null,"ref":null,"common":{"type":"marine_farm"},"children":{},"osm_tags":{"aquaculture":"fish","landuse":"aquaculture","seamark:type":"marine_farm"}}},{"type":"Feature","geometry":{"type":"Polygon","coordinates":[[[120.951658,13.9914377],[120.9516931,13.9914846],[120.9517615,13.9914364],[120.9517264,13.9913895],[120.951658,13.9914377]]]},"properties":{"osm_id":1444867779,"osm_type":"way","seamark_type":"marine_farm","display_class":"OTHER","min_zoom":12,"importance":1,"name":null,"ref":null,"common":{"type":"marine_farm"},"children":{},"osm_tags":{"aquaculture":"fish","landuse":"aquaculture","seamark:type":"marine_farm"}}},{"type":"Feature","geometry":{"type":"Polygon","coordinates":[[[120.9515762,13.991087],[120.9514873,13.9911327],[120.9515402,13.9912297],[120.9516292,13.9911839],[120.9515762,13.991087]]]},"properties":{"osm_id":1444867780,"osm_type":"way","seamark_type":"marine_farm","display_class":"OTHER","min_zoom":12,"importance":1,"name":null,"ref":null,"common":{"type":"marine_farm"},"children":{},"osm_tags":{"aquaculture":"fish","landuse":"aquaculture","seamark:type":"marine_farm"}}},{"type":"Feature","geometry":{"type":"Polygon","coordinates":[[[120.9513838,13.9904864],[120.9513972,13.9903745],[120.9514964,13.9904194],[120.9514844,13.9905287],[120.9513838,13.9904864]]]},"properties":{"osm_id":1444867781,"osm_type":"way","seamark_type":"marine_farm","display_class":"OTHER","min_zoom":12,"importance":1,"name":null,"ref":null,"common":{"type":"marine_farm"},"children":{},"osm_tags":{"aquaculture":"fish","landuse":"aquaculture","seamark:type":"marine_farm"}}},{"type":"Feature","geometry":{"type":"Polygon","coordinates":[[[120.9702902,13.9851692],[120.9702694,13.98508],[120.9701819,13.9850992],[120.9702028,13.9851884],[120.9702902,13.9851692]]]},"properties":{"osm_id":1445769136,"osm_type":"way","seamark_type":"marine_farm","display_class":"OTHER","min_zoom":12,"importance":1,"name":null,"ref":null,"common":{"type":"marine_farm"},"children":{},"osm_tags":{"aquaculture":"fish","landuse":"aquaculture","seamark:type":"marine_farm"}}},{"type":"Feature","geometry":{"type":"Polygon","coordinates":[[[120.9701207,13.9847298],[120.9701089,13.984637],[120.9700182,13.9846479],[120.97003,13.9847406],[120.9701207,13.9847298]]]},"properties":{"osm_id":1445769137,"osm_type":"way","seamark_type":"marine_farm","display_class":"OTHER","min_zoom":12,"importance":1,"name":null,"ref":null,"common":{"type":"marine_farm"},"children":{},"osm_tags":{"aquaculture":"fish","landuse":"aquaculture","seamark:type":"marine_farm"}}},{"type":"Feature","geometry":{"type":"Polygon","coordinates":[[[120.9701004,13.9855427],[120.9700463,13.9854664],[120.9699679,13.9855187],[120.970022,13.985595],[120.9701004,13.9855427]]]},"properties":{"osm_id":1445769138,"osm_type":"way","seamark_type":"marine_farm","display_class":"OTHER","min_zoom":12,"importance":1,"name":null,"ref":null,"common":{"type":"marine_farm"},"children":{},"osm_tags":{"aquaculture":"fish","landuse":"aquaculture","seamark:type":"marine_farm"}}},{"type":"Feature","geometry":{"type":"Polygon","coordinates":[[[120.9700292,13.9854379],[120.969974,13.9853633],[120.969899,13.9854156],[120.9699542,13.9854902],[120.9700292,13.9854379]]]},"properties":{"osm_id":1445769139,"osm_type":"way","seamark_type":"marine_farm","display_class":"OTHER","min_zoom":12,"importance":1,"name":null,"ref":null,"common":{"type":"marine_farm"},"children":{},"osm_tags":{"aquaculture":"fish","landuse":"aquaculture","seamark:type":"marine_farm"}}},{"type":"Feature","geometry":{"type":"Polygon","coordinates":[[[120.9687132,13.9868402],[120.9686263,13.9868132],[120.9685973,13.9869012],[120.9686842,13.9869282],[120.9687132,13.9868402]]]},"properties":{"osm_id":1445769140,"osm_type":"way","seamark_type":"marine_farm","display_class":"OTHER","min_zoom":12,"importance":1,"name":null,"ref":null,"common":{"type":"marine_farm"},"children":{},"osm_tags":{"aquaculture":"fish","landuse":"aquaculture","seamark:type":"marine_farm"}}},{"type":"Feature","geometry":{"type":"Polygon","coordinates":[[[120.9688108,13.9869063],[120.9687271,13.9868594],[120.9687031,13.9869548],[120.968787,13.9870006],[120.9688108,13.9869063]]]},"properties":{"osm_id":1445769141,"osm_type":"way","seamark_type":"marine_farm","display_class":"OTHER","min_zoom":12,"importance":1,"name":null,"ref":null,"common":{"type":"marine_farm"},"children":{},"osm_tags":{"aquaculture":"fish","landuse":"aquaculture","seamark:type":"marine_farm"}}},{"type":"Feature","geometry":{"type":"Polygon","coordinates":[[[120.9701002,13.9846114],[120.9700884,13.9845186],[120.9699977,13.9845295],[120.9700095,13.9846222],[120.9701002,13.9846114]]]},"properties":{"osm_id":1445769617,"osm_type":"way","seamark_type":"marine_farm","display_class":"OTHER","min_zoom":12,"importance":1,"name":null,"ref":null,"common":{"type":"marine_farm"},"children":{},"osm_tags":{"aquaculture":"fish","landuse":"aquaculture","seamark:type":"marine_farm"}}},{"type":"Feature","geometry":{"type":"Polygon","coordinates":[[[120.970078,13.9844755],[120.9700703,13.9843833],[120.9699726,13.984391],[120.9699803,13.9844832],[120.970078,13.9844755]]]},"properties":{"osm_id":1445769618,"osm_type":"way","seamark_type":"marine_farm","display_class":"OTHER","min_zoom":12,"importance":1,"name":null,"ref":null,"common":{"type":"marine_farm"},"children":{},"osm_tags":{"aquaculture":"fish","landuse":"aquaculture","seamark:type":"marine_farm"}}},{"type":"Feature","geometry":{"type":"Polygon","coordinates":[[[120.9700591,13.9843428],[120.9700515,13.9842481],[120.9699587,13.9842551],[120.9699663,13.9843498],[120.9700591,13.9843428]]]},"properties":{"osm_id":1445769619,"osm_type":"way","seamark_type":"marine_farm","display_class":"OTHER","min_zoom":12,"importance":1,"name":null,"ref":null,"common":{"type":"marine_farm"},"children":{},"osm_tags":{"aquaculture":"fish","landuse":"aquaculture","seamark:type":"marine_farm"}}},{"type":"Feature","geometry":{"type":"Polygon","coordinates":[[[120.9650652,13.9839325],[120.9650776,13.9838348],[120.9649777,13.9838229],[120.9649653,13.9839206],[120.9650652,13.9839325]]]},"properties":{"osm_id":1445988410,"osm_type":"way","seamark_type":"marine_farm","display_class":"OTHER","min_zoom":12,"importance":1,"name":null,"ref":null,"common":{"type":"marine_farm"},"children":{},"osm_tags":{"aquaculture":"fish","landuse":"aquaculture","seamark:type":"marine_farm"}}},{"type":"Feature","geometry":{"type":"Polygon","coordinates":[[[120.9649964,13.9907512],[120.9650275,13.9906625],[120.9651177,13.9906923],[120.9650865,13.9907811],[120.9649964,13.9907512]]]},"properties":{"osm_id":1445989895,"osm_type":"way","seamark_type":"marine_farm","display_class":"OTHER","min_zoom":12,"importance":1,"name":null,"ref":null,"common":{"type":"marine_farm"},"children":{},"osm_tags":{"aquaculture":"fish","landuse":"aquaculture","seamark:type":"marine_farm"}}},{"type":"Feature","geometry":{"type":"Polygon","coordinates":[[[120.9652771,13.9908142],[120.9653083,13.9907337],[120.9653948,13.9907652],[120.9653636,13.9908458],[120.9652771,13.9908142]]]},"properties":{"osm_id":1445989896,"osm_type":"way","seamark_type":"marine_farm","display_class":"OTHER","min_zoom":12,"importance":1,"name":null,"ref":null,"common":{"type":"marine_farm"},"children":{},"osm_tags":{"aquaculture":"fish","landuse":"aquaculture","seamark:type":"marine_farm"}}},{"type":"Feature","geometry":{"type":"Polygon","coordinates":[[[120.9653858,13.9908543],[120.9654161,13.9907669],[120.9655044,13.9907956],[120.9654741,13.9908831],[120.9653858,13.9908543]]]},"properties":{"osm_id":1445989897,"osm_type":"way","seamark_type":"marine_farm","display_class":"OTHER","min_zoom":12,"importance":1,"name":null,"ref":null,"common":{"type":"marine_farm"},"children":{},"osm_tags":{"aquaculture":"fish","landuse":"aquaculture","seamark:type":"marine_farm"}}},{"type":"Feature","geometry":{"type":"Polygon","coordinates":[[[120.9653749,13.9902833],[120.9654301,13.990214],[120.965501,13.9902672],[120.9654458,13.9903365],[120.9653749,13.9902833]]]},"properties":{"osm_id":1445989898,"osm_type":"way","seamark_type":"marine_farm","display_class":"OTHER","min_zoom":12,"importance":1,"name":null,"ref":null,"common":{"type":"marine_farm"},"children":{},"osm_tags":{"aquaculture":"fish","landuse":"aquaculture","seamark:type":"marine_farm"}}},{"type":"Feature","geometry":{"type":"Polygon","coordinates":[[[120.9652948,13.9902111],[120.965344,13.9901383],[120.9654195,13.9901863],[120.9653703,13.9902591],[120.9652948,13.9902111]]]},"properties":{"osm_id":1445989899,"osm_type":"way","seamark_type":"marine_farm","display_class":"OTHER","min_zoom":12,"importance":1,"name":null,"ref":null,"common":{"type":"marine_farm"},"children":{},"osm_tags":{"aquaculture":"fish","landuse":"aquaculture","seamark:type":"marine_farm"}}},{"type":"Feature","geometry":{"type":"Polygon","coordinates":[[[120.9652829,13.991362],[120.9653262,13.9912784],[120.9654121,13.9913203],[120.9653688,13.9914039],[120.9652829,13.991362]]]},"properties":{"osm_id":1445989900,"osm_type":"way","seamark_type":"marine_farm","display_class":"OTHER","min_zoom":12,"importance":1,"name":null,"ref":null,"common":{"type":"marine_farm"},"children":{},"osm_tags":{"aquaculture":"fish","landuse":"aquaculture","seamark:type":"marine_farm"}}},{"type":"Feature","geometry":{"type":"Polygon","coordinates":[[[120.9653804,13.9914175],[120.9654224,13.9913364],[120.965506,13.9913772],[120.965464,13.9914583],[120.9653804,13.9914175]]]},"properties":{"osm_id":1445989901,"osm_type":"way","seamark_type":"marine_farm","display_class":"OTHER","min_zoom":12,"importance":1,"name":null,"ref":null,"common":{"type":"marine_farm"},"children":{},"osm_tags":{"aquaculture":"fish","landuse":"aquaculture","seamark:type":"marine_farm"}}},{"type":"Feature","geometry":{"type":"Polygon","coordinates":[[[120.9651171,13.9917862],[120.9651645,13.991704],[120.9652485,13.9917496],[120.9652011,13.9918318],[120.9651171,13.9917862]]]},"properties":{"osm_id":1445989902,"osm_type":"way","seamark_type":"marine_farm","display_class":"OTHER","min_zoom":12,"importance":1,"name":null,"ref":null,"common":{"type":"marine_farm"},"children":{},"osm_tags":{"aquaculture":"fish","landuse":"aquaculture","seamark:type":"marine_farm"}}},{"type":"Feature","geometry":{"type":"Polygon","coordinates":[[[120.9652216,13.9918402],[120.9652596,13.9917591],[120.9653412,13.9917951],[120.9653032,13.9918762],[120.9652216,13.9918402]]]},"properties":{"osm_id":1445989903,"osm_type":"way","seamark_type":"marine_farm","display_class":"OTHER","min_zoom":12,"importance":1,"name":null,"ref":null,"common":{"type":"marine_farm"},"children":{},"osm_tags":{"aquaculture":"fish","landuse":"aquaculture","seamark:type":"marine_farm"}}},{"type":"Feature","geometry":{"type":"Polygon","coordinates":[[[120.9653367,13.9918941],[120.9653747,13.9918056],[120.9654674,13.991843],[120.9654294,13.9919316],[120.9653367,13.9918941]]]},"properties":{"osm_id":1445989904,"osm_type":"way","seamark_type":"marine_farm","display_class":"OTHER","min_zoom":12,"importance":1,"name":null,"ref":null,"common":{"type":"marine_farm"},"children":{},"osm_tags":{"aquaculture":"fish","landuse":"aquaculture","seamark:type":"marine_farm"}}},{"type":"Feature","geometry":{"type":"Polygon","coordinates":[[[120.9654434,13.9919413],[120.9654847,13.9918475],[120.9655758,13.9918853],[120.9655345,13.991979],[120.9654434,13.9919413]]]},"properties":{"osm_id":1445989905,"osm_type":"way","seamark_type":"marine_farm","display_class":"OTHER","min_zoom":12,"importance":1,"name":null,"ref":null,"common":{"type":"marine_farm"},"children":{},"osm_tags":{"aquaculture":"fish","landuse":"aquaculture","seamark:type":"marine_farm"}}},{"type":"Feature","geometry":{"type":"Polygon","coordinates":[[[120.9649457,13.9923103],[120.9649866,13.9922274],[120.965076,13.9922689],[120.9650352,13.9923518],[120.9649457,13.9923103]]]},"properties":{"osm_id":1445989906,"osm_type":"way","seamark_type":"marine_farm","display_class":"OTHER","min_zoom":12,"importance":1,"name":null,"ref":null,"common":{"type":"marine_farm"},"children":{},"osm_tags":{"aquaculture":"fish","landuse":"aquaculture","seamark:type":"marine_farm"}}},{"type":"Feature","geometry":{"type":"Polygon","coordinates":[[[120.9655664,13.9955321],[120.9656691,13.9955496],[120.9656872,13.9954499],[120.9655846,13.9954323],[120.9655664,13.9955321]]]},"properties":{"osm_id":1448079990,"osm_type":"way","seamark_type":"marine_farm","display_class":"OTHER","min_zoom":12,"importance":1,"name":null,"ref":null,"common":{"type":"marine_farm"},"children":{},"osm_tags":{"aquaculture":"fish","landuse":"aquaculture","seamark:type":"marine_farm"}}},{"type":"Feature","geometry":{"type":"Polygon","coordinates":[[[120.965686,13.9955531],[120.965702,13.9954553],[120.9657869,13.9954684],[120.9657709,13.9955662],[120.965686,13.9955531]]]},"properties":{"osm_id":1448079991,"osm_type":"way","seamark_type":"marine_farm","display_class":"OTHER","min_zoom":12,"importance":1,"name":null,"ref":null,"common":{"type":"marine_farm"},"children":{},"osm_tags":{"aquaculture":"fish","landuse":"aquaculture","seamark:type":"marine_farm"}}},{"type":"Feature","geometry":{"type":"Polygon","coordinates":[[[120.9657939,13.9955719],[120.9658761,13.9955785],[120.9658847,13.9954786],[120.9658025,13.995472],[120.9657939,13.9955719]]]},"properties":{"osm_id":1448079992,"osm_type":"way","seamark_type":"marine_farm","display_class":"OTHER","min_zoom":12,"importance":1,"name":null,"ref":null,"common":{"type":"marine_farm"},"children":{},"osm_tags":{"aquaculture":"fish","landuse":"aquaculture","seamark:type":"marine_farm"}}},{"type":"Feature","geometry":{"type":"Polygon","coordinates":[[[120.9658999,13.9955845],[120.966011,13.9955953],[120.9660215,13.9954936],[120.9659104,13.9954828],[120.9658999,13.9955845]]]},"properties":{"osm_id":1448079993,"osm_type":"way","seamark_type":"marine_farm","display_class":"OTHER","min_zoom":12,"importance":1,"name":null,"ref":null,"common":{"type":"marine_farm"},"children":{},"osm_tags":{"aquaculture":"fish","landuse":"aquaculture","seamark:type":"marine_farm"}}},{"type":"Feature","geometry":{"type":"Polygon","coordinates":[[[120.9660395,13.9955923],[120.9661421,13.9955931],[120.966143,13.9954903],[120.9660404,13.9954895],[120.9660395,13.9955923]]]},"properties":{"osm_id":1448079994,"osm_type":"way","seamark_type":"marine_farm","display_class":"OTHER","min_zoom":12,"importance":1,"name":null,"ref":null,"common":{"type":"marine_farm"},"children":{},"osm_tags":{"aquaculture":"fish","landuse":"aquaculture","seamark:type":"marine_farm"}}},{"type":"Feature","geometry":{"type":"Polygon","coordinates":[[[120.9661586,13.9955909],[120.9661592,13.9954946],[120.9662591,13.9954952],[120.9662586,13.9955915],[120.9661586,13.9955909]]]},"properties":{"osm_id":1448079995,"osm_type":"way","seamark_type":"marine_farm","display_class":"OTHER","min_zoom":12,"importance":1,"name":null,"ref":null,"common":{"type":"marine_farm"},"children":{},"osm_tags":{"aquaculture":"fish","landuse":"aquaculture","seamark:type":"marine_farm"}}},{"type":"Feature","geometry":{"type":"Polygon","coordinates":[[[120.9663043,13.9956101],[120.966301,13.9955163],[120.966404,13.9955129],[120.9664073,13.9956066],[120.9663043,13.9956101]]]},"properties":{"osm_id":1448079996,"osm_type":"way","seamark_type":"marine_farm","display_class":"OTHER","min_zoom":12,"importance":1,"name":null,"ref":null,"common":{"type":"marine_farm"},"children":{},"osm_tags":{"aquaculture":"fish","landuse":"aquaculture","seamark:type":"marine_farm"}}},{"type":"Feature","geometry":{"type":"Polygon","coordinates":[[[120.9670121,13.9956802],[120.9671037,13.9956968],[120.9671219,13.9956025],[120.9670303,13.9955859],[120.9670121,13.9956802]]]},"properties":{"osm_id":1448079997,"osm_type":"way","seamark_type":"marine_farm","display_class":"OTHER","min_zoom":12,"importance":1,"name":null,"ref":null,"common":{"type":"marine_farm"},"children":{},"osm_tags":{"aquaculture":"fish","landuse":"aquaculture","seamark:type":"marine_farm"}}},{"type":"Feature","geometry":{"type":"Polygon","coordinates":[[[120.9671186,13.9957004],[120.9672135,13.9957233],[120.9672365,13.9956338],[120.9671416,13.9956108],[120.9671186,13.9957004]]]},"properties":{"osm_id":1448079998,"osm_type":"way","seamark_type":"marine_farm","display_class":"OTHER","min_zoom":12,"importance":1,"name":null,"ref":null,"common":{"type":"marine_farm"},"children":{},"osm_tags":{"aquaculture":"fish","landuse":"aquaculture","seamark:type":"marine_farm"}}},{"type":"Feature","geometry":{"type":"Polygon","coordinates":[[[120.9672302,13.9957331],[120.9673194,13.9957516],[120.9673411,13.9956527],[120.967252,13.9956342],[120.9672302,13.9957331]]]},"properties":{"osm_id":1448079999,"osm_type":"way","seamark_type":"marine_farm","display_class":"OTHER","min_zoom":12,"importance":1,"name":null,"ref":null,"common":{"type":"marine_farm"},"children":{},"osm_tags":{"aquaculture":"fish","landuse":"aquaculture","seamark:type":"marine_farm"}}},{"type":"Feature","geometry":{"type":"Polygon","coordinates":[[[120.9673513,13.9957586],[120.9674572,13.9957727],[120.9674769,13.9956685],[120.9673621,13.9956563],[120.9673513,13.9957586]]]},"properties":{"osm_id":1448080000,"osm_type":"way","seamark_type":"marine_farm","display_class":"OTHER","min_zoom":12,"importance":1,"name":null,"ref":null,"common":{"type":"marine_farm"},"children":{},"osm_tags":{"aquaculture":"fish","landuse":"aquaculture","seamark:type":"marine_farm"}}},{"type":"Feature","geometry":{"type":"Polygon","coordinates":[[[120.9674839,13.9957739],[120.9675909,13.995783],[120.9676007,13.9956741],[120.9674938,13.995665],[120.9674839,13.9957739]]]},"properties":{"osm_id":1448080001,"osm_type":"way","seamark_type":"marine_farm","display_class":"OTHER","min_zoom":12,"importance":1,"name":null,"ref":null,"common":{"type":"marine_farm"},"children":{},"osm_tags":{"aquaculture":"fish","landuse":"aquaculture","seamark:type":"marine_farm"}}},{"type":"Feature","geometry":{"type":"Polygon","coordinates":[[[120.965469,13.9962102],[120.9655793,13.9962383],[120.9656065,13.9961377],[120.9654962,13.9961096],[120.965469,13.9962102]]]},"properties":{"osm_id":1448080002,"osm_type":"way","seamark_type":"marine_farm","display_class":"OTHER","min_zoom":12,"importance":1,"name":null,"ref":null,"common":{"type":"marine_farm"},"children":{},"osm_tags":{"aquaculture":"fish","landuse":"aquaculture","seamark:type":"marine_farm"}}},{"type":"Feature","geometry":{"type":"Polygon","coordinates":[[[120.9656028,13.9962483],[120.9657044,13.9962713],[120.9657284,13.996172],[120.9656268,13.996149],[120.9656028,13.9962483]]]},"properties":{"osm_id":1448080003,"osm_type":"way","seamark_type":"marine_farm","display_class":"OTHER","min_zoom":12,"importance":1,"name":null,"ref":null,"common":{"type":"marine_farm"},"children":{},"osm_tags":{"aquaculture":"fish","landuse":"aquaculture","seamark:type":"marine_farm"}}},{"type":"Feature","geometry":{"type":"Polygon","coordinates":[[[120.9657248,13.9962729],[120.9658234,13.996291],[120.9658417,13.9961976],[120.9657431,13.9961795],[120.9657248,13.9962729]]]},"properties":{"osm_id":1448080004,"osm_type":"way","seamark_type":"marine_farm","display_class":"OTHER","min_zoom":12,"importance":1,"name":null,"ref":null,"common":{"type":"marine_farm"},"children":{},"osm_tags":{"aquaculture":"fish","landuse":"aquaculture","seamark:type":"marine_farm"}}},{"type":"Feature","geometry":{"type":"Polygon","coordinates":[[[120.9658378,13.9962989],[120.965924,13.9963201],[120.9659484,13.9962268],[120.9658622,13.9962056],[120.9658378,13.9962989]]]},"properties":{"osm_id":1448080005,"osm_type":"way","seamark_type":"marine_farm","display_class":"OTHER","min_zoom":12,"importance":1,"name":null,"ref":null,"common":{"type":"marine_farm"},"children":{},"osm_tags":{"aquaculture":"fish","landuse":"aquaculture","seamark:type":"marine_farm"}}},{"type":"Feature","geometry":{"type":"Polygon","coordinates":[[[120.9659441,13.9963197],[120.9660459,13.9963484],[120.9660727,13.996259],[120.9659709,13.9962303],[120.9659441,13.9963197]]]},"properties":{"osm_id":1448080006,"osm_type":"way","seamark_type":"marine_farm","display_class":"OTHER","min_zoom":12,"importance":1,"name":null,"ref":null,"common":{"type":"marine_farm"},"children":{},"osm_tags":{"aquaculture":"fish","landuse":"aquaculture","seamark:type":"marine_farm"}}},{"type":"Feature","geometry":{"type":"Polygon","coordinates":[[[120.9707828,13.9901605],[120.970769,13.9900696],[120.9706727,13.9900833],[120.9706864,13.9901742],[120.9707828,13.9901605]]]},"properties":{"osm_id":1473896697,"osm_type":"way","seamark_type":"marine_farm","display_class":"OTHER","min_zoom":12,"importance":1,"name":null,"ref":null,"common":{"type":"marine_farm"},"children":{},"osm_tags":{"aquaculture":"fish","landuse":"aquaculture","seamark:type":"marine_farm"}}},{"type":"Feature","geometry":{"type":"Polygon","coordinates":[[[120.9707947,13.9903108],[120.9707806,13.9902175],[120.9706904,13.9902303],[120.9707045,13.9903236],[120.9707947,13.9903108]]]},"properties":{"osm_id":1473896698,"osm_type":"way","seamark_type":"marine_farm","display_class":"OTHER","min_zoom":12,"importance":1,"name":null,"ref":null,"common":{"type":"marine_farm"},"children":{},"osm_tags":{"aquaculture":"fish","landuse":"aquaculture","seamark:type":"marine_farm"}}},{"type":"Feature","geometry":{"type":"Polygon","coordinates":[[[120.9713562,13.9906644],[120.9713795,13.990572],[120.9712839,13.9905493],[120.9712606,13.9906417],[120.9713562,13.9906644]]]},"properties":{"osm_id":1473896699,"osm_type":"way","seamark_type":"marine_farm","display_class":"OTHER","min_zoom":12,"importance":1,"name":null,"ref":null,"common":{"type":"marine_farm"},"children":{},"osm_tags":{"aquaculture":"fish","landuse":"aquaculture","seamark:type":"marine_farm"}}},{"type":"Feature","geometry":{"type":"Polygon","coordinates":[[[120.9713306,13.9907924],[120.9713529,13.9906951],[120.9712582,13.9906746],[120.9712359,13.9907719],[120.9713306,13.9907924]]]},"properties":{"osm_id":1473896700,"osm_type":"way","seamark_type":"marine_farm","display_class":"OTHER","min_zoom":12,"importance":1,"name":null,"ref":null,"common":{"type":"marine_farm"},"children":{},"osm_tags":{"aquaculture":"fish","landuse":"aquaculture","seamark:type":"marine_farm"}}},{"type":"Feature","geometry":{"type":"Polygon","coordinates":[[[120.972025,13.9902571],[120.9720273,13.9901602],[120.9719322,13.9901581],[120.9719298,13.9902549],[120.972025,13.9902571]]]},"properties":{"osm_id":1473896701,"osm_type":"way","seamark_type":"marine_farm","display_class":"OTHER","min_zoom":12,"importance":1,"name":null,"ref":null,"common":{"type":"marine_farm"},"children":{},"osm_tags":{"aquaculture":"fish","landuse":"aquaculture","seamark:type":"marine_farm"}}},{"type":"Feature","geometry":{"type":"Polygon","coordinates":[[[120.9720573,13.9904224],[120.9720505,13.9903243],[120.9719502,13.9903308],[120.971957,13.9904289],[120.9720573,13.9904224]]]},"properties":{"osm_id":1473896702,"osm_type":"way","seamark_type":"marine_farm","display_class":"OTHER","min_zoom":12,"importance":1,"name":null,"ref":null,"common":{"type":"marine_farm"},"children":{},"osm_tags":{"aquaculture":"fish","landuse":"aquaculture","seamark:type":"marine_farm"}}},{"type":"Feature","geometry":{"type":"Polygon","coordinates":[[[120.9720889,13.9905686],[120.972081,13.9904735],[120.9719816,13.9904813],[120.9719895,13.9905763],[120.9720889,13.9905686]]]},"properties":{"osm_id":1473896703,"osm_type":"way","seamark_type":"marine_farm","display_class":"OTHER","min_zoom":12,"importance":1,"name":null,"ref":null,"common":{"type":"marine_farm"},"children":{},"osm_tags":{"aquaculture":"fish","landuse":"aquaculture","seamark:type":"marine_farm"}}},{"type":"Feature","geometry":{"type":"Polygon","coordinates":[[[120.9706147,13.9923793],[120.9706081,13.9922848],[120.970512,13.992291],[120.9705186,13.9923856],[120.9706147,13.9923793]]]},"properties":{"osm_id":1473896704,"osm_type":"way","seamark_type":"marine_farm","display_class":"OTHER","min_zoom":12,"importance":1,"name":null,"ref":null,"common":{"type":"marine_farm"},"children":{},"osm_tags":{"aquaculture":"fish","landuse":"aquaculture","seamark:type":"marine_farm"}}},{"type":"Feature","geometry":{"type":"Polygon","coordinates":[[[120.9706118,13.9924955],[120.9706087,13.9924081],[120.9705144,13.9924112],[120.9705174,13.9924985],[120.9706118,13.9924955]]]},"properties":{"osm_id":1473896705,"osm_type":"way","seamark_type":"marine_farm","display_class":"OTHER","min_zoom":12,"importance":1,"name":null,"ref":null,"common":{"type":"marine_farm"},"children":{},"osm_tags":{"aquaculture":"fish","landuse":"aquaculture","seamark:type":"marine_farm"}}},{"type":"Feature","geometry":{"type":"Polygon","coordinates":[[[120.9705986,13.9926249],[120.9706117,13.9925304],[120.9705183,13.9925182],[120.9705052,13.9926127],[120.9705986,13.9926249]]]},"properties":{"osm_id":1473896706,"osm_type":"way","seamark_type":"marine_farm","display_class":"OTHER","min_zoom":12,"importance":1,"name":null,"ref":null,"common":{"type":"marine_farm"},"children":{},"osm_tags":{"aquaculture":"fish","landuse":"aquaculture","seamark:type":"marine_farm"}}},{"type":"Feature","geometry":{"type":"Polygon","coordinates":[[[120.9705787,13.9927527],[120.9705988,13.9926611],[120.9705056,13.9926419],[120.9704855,13.9927334],[120.9705787,13.9927527]]]},"properties":{"osm_id":1473896707,"osm_type":"way","seamark_type":"marine_farm","display_class":"OTHER","min_zoom":12,"importance":1,"name":null,"ref":null,"common":{"type":"marine_farm"},"children":{},"osm_tags":{"aquaculture":"fish","landuse":"aquaculture","seamark:type":"marine_farm"}}},{"type":"Feature","geometry":{"type":"Polygon","coordinates":[[[120.9669836,13.990459],[120.9670199,13.9903665],[120.9671206,13.9904036],[120.9670843,13.9904962],[120.9669836,13.990459]]]},"properties":{"osm_id":1494296754,"osm_type":"way","seamark_type":"marine_farm","display_class":"OTHER","min_zoom":12,"importance":1,"name":null,"ref":null,"common":{"type":"marine_farm"},"children":{},"osm_tags":{"aquaculture":"fish","landuse":"aquaculture","seamark:type":"marine_farm"}}},{"type":"Feature","geometry":{"type":"Polygon","coordinates":[[[120.9670866,13.9904982],[120.9671224,13.9904049],[120.9672196,13.99044],[120.9671837,13.9905334],[120.9670866,13.9904982]]]},"properties":{"osm_id":1494296755,"osm_type":"way","seamark_type":"marine_farm","display_class":"OTHER","min_zoom":12,"importance":1,"name":null,"ref":null,"common":{"type":"marine_farm"},"children":{},"osm_tags":{"aquaculture":"fish","landuse":"aquaculture","seamark:type":"marine_farm"}}},{"type":"Feature","geometry":{"type":"Polygon","coordinates":[[[120.9675788,13.9906556],[120.9676128,13.9905554],[120.9677138,13.9905876],[120.9676798,13.9906878],[120.9675788,13.9906556]]]},"properties":{"osm_id":1494296756,"osm_type":"way","seamark_type":"marine_farm","display_class":"OTHER","min_zoom":12,"importance":1,"name":null,"ref":null,"common":{"type":"marine_farm"},"children":{},"osm_tags":{"aquaculture":"fish","landuse":"aquaculture","seamark:type":"marine_farm"}}},{"type":"Feature","geometry":{"type":"Polygon","coordinates":[[[120.9674698,13.9906206],[120.9675017,13.9905224],[120.9676068,13.9905546],[120.9675749,13.9906528],[120.9674698,13.9906206]]]},"properties":{"osm_id":1494296757,"osm_type":"way","seamark_type":"marine_farm","display_class":"OTHER","min_zoom":12,"importance":1,"name":null,"ref":null,"common":{"type":"marine_farm"},"children":{},"osm_tags":{"aquaculture":"fish","landuse":"aquaculture","seamark:type":"marine_farm"}}},{"type":"Feature","geometry":{"type":"Polygon","coordinates":[[[120.9673447,13.9905833],[120.9673767,13.9904872],[120.9674794,13.9905193],[120.9674475,13.9906155],[120.9673447,13.9905833]]]},"properties":{"osm_id":1494296758,"osm_type":"way","seamark_type":"marine_farm","display_class":"OTHER","min_zoom":12,"importance":1,"name":null,"ref":null,"common":{"type":"marine_farm"},"children":{},"osm_tags":{"aquaculture":"fish","landuse":"aquaculture","seamark:type":"marine_farm"}}},{"type":"Feature","geometry":{"type":"Polygon","coordinates":[[[120.9672397,13.9905564],[120.9672705,13.9904592],[120.9673698,13.9904887],[120.9673391,13.9905859],[120.9672397,13.9905564]]]},"properties":{"osm_id":1494296759,"osm_type":"way","seamark_type":"marine_farm","display_class":"OTHER","min_zoom":12,"importance":1,"name":null,"ref":null,"common":{"type":"marine_farm"},"children":{},"osm_tags":{"aquaculture":"fish","landuse":"aquaculture","seamark:type":"marine_farm"}}},{"type":"Feature","geometry":{"type":"Polygon","coordinates":[[[120.9664634,13.9910984],[120.966495,13.9910027],[120.966597,13.9910344],[120.9665654,13.9911301],[120.9664634,13.9910984]]]},"properties":{"osm_id":1494296760,"osm_type":"way","seamark_type":"marine_farm","display_class":"OTHER","min_zoom":12,"importance":1,"name":null,"ref":null,"common":{"type":"marine_farm"},"children":{},"osm_tags":{"aquaculture":"fish","landuse":"aquaculture","seamark:type":"marine_farm"}}},{"type":"Feature","geometry":{"type":"Polygon","coordinates":[[[120.9665693,13.9911278],[120.9666055,13.991033],[120.9667023,13.9910678],[120.9666661,13.9911626],[120.9665693,13.9911278]]]},"properties":{"osm_id":1494296761,"osm_type":"way","seamark_type":"marine_farm","display_class":"OTHER","min_zoom":12,"importance":1,"name":null,"ref":null,"common":{"type":"marine_farm"},"children":{},"osm_tags":{"aquaculture":"fish","landuse":"aquaculture","seamark:type":"marine_farm"}}},{"type":"Feature","geometry":{"type":"Polygon","coordinates":[[[120.9667148,13.9911626],[120.9667509,13.9910679],[120.9668475,13.9911025],[120.9668114,13.9911972],[120.9667148,13.9911626]]]},"properties":{"osm_id":1494296762,"osm_type":"way","seamark_type":"marine_farm","display_class":"OTHER","min_zoom":12,"importance":1,"name":null,"ref":null,"common":{"type":"marine_farm"},"children":{},"osm_tags":{"aquaculture":"fish","landuse":"aquaculture","seamark:type":"marine_farm"}}},{"type":"Feature","geometry":{"type":"Polygon","coordinates":[[[120.9668142,13.9911991],[120.9668521,13.9911037],[120.9669504,13.9911406],[120.9669125,13.9912359],[120.9668142,13.9911991]]]},"properties":{"osm_id":1494296763,"osm_type":"way","seamark_type":"marine_farm","display_class":"OTHER","min_zoom":12,"importance":1,"name":null,"ref":null,"common":{"type":"marine_farm"},"children":{},"osm_tags":{"aquaculture":"fish","landuse":"aquaculture","seamark:type":"marine_farm"}}},{"type":"Feature","geometry":{"type":"Polygon","coordinates":[[[120.9669608,13.9912548],[120.9670009,13.9911608],[120.9670914,13.9911972],[120.9670513,13.9912912],[120.9669608,13.9912548]]]},"properties":{"osm_id":1494296764,"osm_type":"way","seamark_type":"marine_farm","display_class":"OTHER","min_zoom":12,"importance":1,"name":null,"ref":null,"common":{"type":"marine_farm"},"children":{},"osm_tags":{"aquaculture":"fish","landuse":"aquaculture","seamark:type":"marine_farm"}}},{"type":"Feature","geometry":{"type":"Polygon","coordinates":[[[120.9670815,13.99131],[120.9671256,13.9912182],[120.9672209,13.9912613],[120.9671768,13.991353],[120.9670815,13.99131]]]},"properties":{"osm_id":1494296765,"osm_type":"way","seamark_type":"marine_farm","display_class":"OTHER","min_zoom":12,"importance":1,"name":null,"ref":null,"common":{"type":"marine_farm"},"children":{},"osm_tags":{"aquaculture":"fish","landuse":"aquaculture","seamark:type":"marine_farm"}}},{"type":"Feature","geometry":{"type":"Polygon","coordinates":[[[120.9665483,13.9917794],[120.9665955,13.9916899],[120.9666897,13.9917366],[120.9666426,13.9918262],[120.9665483,13.9917794]]]},"properties":{"osm_id":1494296766,"osm_type":"way","seamark_type":"marine_farm","display_class":"OTHER","min_zoom":12,"importance":1,"name":null,"ref":null,"common":{"type":"marine_farm"},"children":{},"osm_tags":{"aquaculture":"fish","landuse":"aquaculture","seamark:type":"marine_farm"}}},{"type":"Feature","geometry":{"type":"Polygon","coordinates":[[[120.966857,13.9918886],[120.9669014,13.9917932],[120.9669959,13.9918346],[120.9669515,13.99193],[120.966857,13.9918886]]]},"properties":{"osm_id":1494296767,"osm_type":"way","seamark_type":"marine_farm","display_class":"OTHER","min_zoom":12,"importance":1,"name":null,"ref":null,"common":{"type":"marine_farm"},"children":{},"osm_tags":{"aquaculture":"fish","landuse":"aquaculture","seamark:type":"marine_farm"}}},{"type":"Feature","geometry":{"type":"Polygon","coordinates":[[[120.9669693,13.991932],[120.9670056,13.9918453],[120.967097,13.9918825],[120.9670591,13.9919692],[120.9669693,13.991932]]]},"properties":{"osm_id":1494296768,"osm_type":"way","seamark_type":"marine_farm","display_class":"OTHER","min_zoom":12,"importance":1,"name":null,"ref":null,"common":{"type":"marine_farm"},"children":{},"osm_tags":{"aquaculture":"fish","landuse":"aquaculture","seamark:type":"marine_farm"}}},{"type":"Feature","geometry":{"type":"Polygon","coordinates":[[[120.9670796,13.9919782],[120.9671234,13.9918856],[120.9672201,13.9919287],[120.9671763,13.9920213],[120.9670796,13.9919782]]]},"properties":{"osm_id":1494296769,"osm_type":"way","seamark_type":"marine_farm","display_class":"OTHER","min_zoom":12,"importance":1,"name":null,"ref":null,"common":{"type":"marine_farm"},"children":{},"osm_tags":{"aquaculture":"fish","landuse":"aquaculture","seamark:type":"marine_farm"}}},{"type":"Feature","geometry":{"type":"Polygon","coordinates":[[[120.9665233,13.991875],[120.9665712,13.9917961],[120.9666162,13.9918219],[120.9665683,13.9919008],[120.9665233,13.991875]]]},"properties":{"osm_id":1494296770,"osm_type":"way","seamark_type":"marine_farm","display_class":"OTHER","min_zoom":12,"importance":1,"name":null,"ref":null,"common":{"type":"marine_farm"},"children":{},"osm_tags":{"aquaculture":"fish","landuse":"aquaculture","seamark:type":"marine_farm"}}},{"type":"Feature","geometry":{"type":"Polygon","coordinates":[[[120.9664569,13.992582],[120.966494,13.9924864],[120.966594,13.9925228],[120.9665569,13.9926185],[120.9664569,13.992582]]]},"properties":{"osm_id":1494296771,"osm_type":"way","seamark_type":"marine_farm","display_class":"OTHER","min_zoom":12,"importance":1,"name":null,"ref":null,"common":{"type":"marine_farm"},"children":{},"osm_tags":{"aquaculture":"fish","landuse":"aquaculture","seamark:type":"marine_farm"}}},{"type":"Feature","geometry":{"type":"Polygon","coordinates":[[[120.9666017,13.9926426],[120.9666339,13.9925384],[120.9667361,13.9925681],[120.9667039,13.9926723],[120.9666017,13.9926426]]]},"properties":{"osm_id":1494296772,"osm_type":"way","seamark_type":"marine_farm","display_class":"OTHER","min_zoom":12,"importance":1,"name":null,"ref":null,"common":{"type":"marine_farm"},"children":{},"osm_tags":{"aquaculture":"fish","landuse":"aquaculture","seamark:type":"marine_farm"}}},{"type":"Feature","geometry":{"type":"Polygon","coordinates":[[[120.9667721,13.992656],[120.9668153,13.9925686],[120.9669034,13.9926097],[120.9668602,13.992697],[120.9667721,13.992656]]]},"properties":{"osm_id":1494296773,"osm_type":"way","seamark_type":"marine_farm","display_class":"OTHER","min_zoom":12,"importance":1,"name":null,"ref":null,"common":{"type":"marine_farm"},"children":{},"osm_tags":{"aquaculture":"fish","landuse":"aquaculture","seamark:type":"marine_farm"}}},{"type":"Feature","geometry":{"type":"Polygon","coordinates":[[[120.9668723,13.9927092],[120.9669248,13.9926202],[120.9670164,13.9926711],[120.9669639,13.9927601],[120.9668723,13.9927092]]]},"properties":{"osm_id":1494296774,"osm_type":"way","seamark_type":"marine_farm","display_class":"OTHER","min_zoom":12,"importance":1,"name":null,"ref":null,"common":{"type":"marine_farm"},"children":{},"osm_tags":{"aquaculture":"fish","landuse":"aquaculture","seamark:type":"marine_farm"}}},{"type":"Feature","geometry":{"type":"Polygon","coordinates":[[[120.9663474,13.9925571],[120.9663656,13.9924639],[120.966467,13.9924826],[120.9664489,13.9925757],[120.9663474,13.9925571]]]},"properties":{"osm_id":1494296775,"osm_type":"way","seamark_type":"marine_farm","display_class":"OTHER","min_zoom":12,"importance":1,"name":null,"ref":null,"common":{"type":"marine_farm"},"children":{},"osm_tags":{"aquaculture":"fish","landuse":"aquaculture","seamark:type":"marine_farm"}}},{"type":"Feature","geometry":{"type":"Polygon","coordinates":[[[120.9541029,13.987346],[120.954076,13.9873718],[120.9540538,13.9873501],[120.9540807,13.9873243],[120.9541029,13.987346]]]},"properties":{"osm_id":1494591584,"osm_type":"way","seamark_type":"marine_farm","display_class":"OTHER","min_zoom":12,"importance":1,"name":null,"ref":null,"common":{"type":"marine_farm"},"children":{},"osm_tags":{"aquaculture":"fish","landuse":"aquaculture","seamark:type":"marine_farm"}}},{"type":"Feature","geometry":{"type":"Polygon","coordinates":[[[120.9534698,13.9880574],[120.9533883,13.9880853],[120.9533574,13.9880007],[120.9534389,13.9879727],[120.9534698,13.9880574]]]},"properties":{"osm_id":1494595413,"osm_type":"way","seamark_type":"marine_farm","display_class":"OTHER","min_zoom":12,"importance":1,"name":null,"ref":null,"common":{"type":"marine_farm"},"children":{},"osm_tags":{"aquaculture":"fish","landuse":"aquaculture","seamark:type":"marine_farm"}}},{"type":"Feature","geometry":{"type":"Polygon","coordinates":[[[120.9535063,13.9881446],[120.9534266,13.9881744],[120.9533946,13.9880937],[120.9534743,13.988064],[120.9535063,13.9881446]]]},"properties":{"osm_id":1494595414,"osm_type":"way","seamark_type":"marine_farm","display_class":"OTHER","min_zoom":12,"importance":1,"name":null,"ref":null,"common":{"type":"marine_farm"},"children":{},"osm_tags":{"aquaculture":"fish","landuse":"aquaculture","seamark:type":"marine_farm"}}},{"type":"Feature","geometry":{"type":"Polygon","coordinates":[[[120.9535659,13.9876183],[120.9535339,13.987639],[120.9535132,13.9876089],[120.9535452,13.9875882],[120.9535659,13.9876183]]]},"properties":{"osm_id":1494595415,"osm_type":"way","seamark_type":"marine_farm","display_class":"OTHER","min_zoom":12,"importance":1,"name":null,"ref":null,"common":{"type":"marine_farm"},"children":{},"osm_tags":{"aquaculture":"fish","landuse":"aquaculture","seamark:type":"marine_farm"}}},{"type":"Feature","geometry":{"type":"Polygon","coordinates":[[[120.9530036,13.9877184],[120.9529794,13.987742],[120.9529324,13.9876966],[120.9529566,13.9876731],[120.9530036,13.9877184]]]},"properties":{"osm_id":1494595416,"osm_type":"way","seamark_type":"marine_farm","display_class":"OTHER","min_zoom":12,"importance":1,"name":null,"ref":null,"common":{"type":"marine_farm"},"children":{},"osm_tags":{"aquaculture":"fish","landuse":"aquaculture","seamark:type":"marine_farm"}}},{"type":"Feature","geometry":{"type":"Polygon","coordinates":[[[120.9529371,13.9875877],[120.9529124,13.9876172],[120.9528998,13.9876181],[120.9529015,13.9876423],[120.952887,13.9876595],[120.9528359,13.9876191],[120.9528921,13.9875522],[120.9529371,13.9875877]]]},"properties":{"osm_id":1494595417,"osm_type":"way","seamark_type":"marine_farm","display_class":"OTHER","min_zoom":12,"importance":1,"name":null,"ref":null,"common":{"type":"marine_farm"},"children":{},"osm_tags":{"aquaculture":"fish","landuse":"aquaculture","seamark:type":"marine_farm"}}},{"type":"Feature","geometry":{"type":"Polygon","coordinates":[[[120.952537,13.9888832],[120.9524809,13.9889661],[120.9523944,13.9889109],[120.9524505,13.988828],[120.952537,13.9888832]]]},"properties":{"osm_id":1494595418,"osm_type":"way","seamark_type":"marine_farm","display_class":"OTHER","min_zoom":12,"importance":1,"name":null,"ref":null,"common":{"type":"marine_farm"},"children":{},"osm_tags":{"aquaculture":"fish","landuse":"aquaculture","seamark:type":"marine_farm"}}},{"type":"Feature","geometry":{"type":"Polygon","coordinates":[[[120.9526355,13.9889358],[120.9525793,13.9890186],[120.9524905,13.9889619],[120.9525467,13.988879],[120.9526355,13.9889358]]]},"properties":{"osm_id":1494595419,"osm_type":"way","seamark_type":"marine_farm","display_class":"OTHER","min_zoom":12,"importance":1,"name":null,"ref":null,"common":{"type":"marine_farm"},"children":{},"osm_tags":{"aquaculture":"fish","landuse":"aquaculture","seamark:type":"marine_farm"}}},{"type":"Feature","geometry":{"type":"Polygon","coordinates":[[[120.9525395,13.9890267],[120.9525221,13.9891188],[120.9524249,13.9891016],[120.9524422,13.9890095],[120.9525395,13.9890267]]]},"properties":{"osm_id":1494595420,"osm_type":"way","seamark_type":"marine_farm","display_class":"OTHER","min_zoom":12,"importance":1,"name":null,"ref":null,"common":{"type":"marine_farm"},"children":{},"osm_tags":{"aquaculture":"fish","landuse":"aquaculture","seamark:type":"marine_farm"}}},{"type":"Feature","geometry":{"type":"Polygon","coordinates":[[[120.9525239,13.9891361],[120.952494,13.989227],[120.9523993,13.9891976],[120.9524293,13.9891068],[120.9525239,13.9891361]]]},"properties":{"osm_id":1494595421,"osm_type":"way","seamark_type":"marine_farm","display_class":"OTHER","min_zoom":12,"importance":1,"name":null,"ref":null,"common":{"type":"marine_farm"},"children":{},"osm_tags":{"aquaculture":"fish","landuse":"aquaculture","seamark:type":"marine_farm"}}},{"type":"Feature","geometry":{"type":"Polygon","coordinates":[[[120.952064,13.9887824],[120.951973,13.9887834],[120.9519394,13.9886906],[120.9520372,13.9886917],[120.952064,13.9887824]]]},"properties":{"osm_id":1494595422,"osm_type":"way","seamark_type":"marine_farm","display_class":"OTHER","min_zoom":12,"importance":1,"name":null,"ref":null,"common":{"type":"marine_farm"},"children":{},"osm_tags":{"aquaculture":"fish","landuse":"aquaculture","seamark:type":"marine_farm"}}},{"type":"Feature","geometry":{"type":"Polygon","coordinates":[[[120.9524689,13.9895786],[120.9523794,13.9896095],[120.9523465,13.9895196],[120.952436,13.9894887],[120.9524689,13.9895786]]]},"properties":{"osm_id":1494595423,"osm_type":"way","seamark_type":"marine_farm","display_class":"OTHER","min_zoom":12,"importance":1,"name":null,"ref":null,"common":{"type":"marine_farm"},"children":{},"osm_tags":{"aquaculture":"fish","landuse":"aquaculture","seamark:type":"marine_farm"}}},{"type":"Feature","geometry":{"type":"Polygon","coordinates":[[[120.952568,13.9895494],[120.9524782,13.9895819],[120.952443,13.9894903],[120.9525329,13.9894579],[120.952568,13.9895494]]]},"properties":{"osm_id":1494595424,"osm_type":"way","seamark_type":"marine_farm","display_class":"OTHER","min_zoom":12,"importance":1,"name":null,"ref":null,"common":{"type":"marine_farm"},"children":{},"osm_tags":{"aquaculture":"fish","landuse":"aquaculture","seamark:type":"marine_farm"}}},{"type":"Feature","geometry":{"type":"Polygon","coordinates":[[[120.9519637,13.9898217],[120.95194,13.9899134],[120.9518492,13.9898914],[120.9518729,13.9897996],[120.9519637,13.9898217]]]},"properties":{"osm_id":1494595425,"osm_type":"way","seamark_type":"marine_farm","display_class":"OTHER","min_zoom":12,"importance":1,"name":null,"ref":null,"common":{"type":"marine_farm"},"children":{},"osm_tags":{"aquaculture":"fish","landuse":"aquaculture","seamark:type":"marine_farm"}}},{"type":"Feature","geometry":{"type":"Polygon","coordinates":[[[120.951876,13.9897157],[120.9518155,13.9897954],[120.9517293,13.9897338],[120.9517898,13.9896541],[120.951876,13.9897157]]]},"properties":{"osm_id":1494595426,"osm_type":"way","seamark_type":"marine_farm","display_class":"OTHER","min_zoom":12,"importance":1,"name":null,"ref":null,"common":{"type":"marine_farm"},"children":{},"osm_tags":{"aquaculture":"fish","landuse":"aquaculture","seamark:type":"marine_farm"}}},{"type":"Feature","geometry":{"type":"Polygon","coordinates":[[[120.9517886,13.9896497],[120.9517259,13.9897317],[120.9516305,13.9896629],[120.9516932,13.989581],[120.9517886,13.9896497]]]},"properties":{"osm_id":1494595427,"osm_type":"way","seamark_type":"marine_farm","display_class":"OTHER","min_zoom":12,"importance":1,"name":null,"ref":null,"common":{"type":"marine_farm"},"children":{},"osm_tags":{"aquaculture":"fish","landuse":"aquaculture","seamark:type":"marine_farm"}}},{"type":"Feature","geometry":{"type":"Polygon","coordinates":[[[120.9522625,13.9892245],[120.9522293,13.9893213],[120.9521267,13.9892881],[120.95216,13.9891914],[120.9522625,13.9892245]]]},"properties":{"osm_id":1494595428,"osm_type":"way","seamark_type":"marine_farm","display_class":"OTHER","min_zoom":12,"importance":1,"name":null,"ref":null,"common":{"type":"marine_farm"},"children":{},"osm_tags":{"aquaculture":"fish","landuse":"aquaculture","seamark:type":"marine_farm"}}},{"type":"Feature","geometry":{"type":"Polygon","coordinates":[[[120.9521554,13.9891909],[120.9521233,13.9892865],[120.9520131,13.9892517],[120.9520452,13.9891561],[120.9521554,13.9891909]]]},"properties":{"osm_id":1494595429,"osm_type":"way","seamark_type":"marine_farm","display_class":"OTHER","min_zoom":12,"importance":1,"name":null,"ref":null,"common":{"type":"marine_farm"},"children":{},"osm_tags":{"aquaculture":"fish","landuse":"aquaculture","seamark:type":"marine_farm"}}},{"type":"Feature","geometry":{"type":"Polygon","coordinates":[[[120.9521865,13.9890848],[120.9521535,13.9891747],[120.9520615,13.9891428],[120.9520945,13.989053],[120.9521865,13.9890848]]]},"properties":{"osm_id":1494595430,"osm_type":"way","seamark_type":"marine_farm","display_class":"OTHER","min_zoom":12,"importance":1,"name":null,"ref":null,"common":{"type":"marine_farm"},"children":{},"osm_tags":{"aquaculture":"fish","landuse":"aquaculture","seamark:type":"marine_farm"}}},{"type":"Feature","geometry":{"type":"Polygon","coordinates":[[[120.9519852,13.9890194],[120.9519554,13.9891074],[120.9518648,13.9890785],[120.9518946,13.9889905],[120.9519852,13.9890194]]]},"properties":{"osm_id":1494595431,"osm_type":"way","seamark_type":"marine_farm","display_class":"OTHER","min_zoom":12,"importance":1,"name":null,"ref":null,"common":{"type":"marine_farm"},"children":{},"osm_tags":{"aquaculture":"fish","landuse":"aquaculture","seamark:type":"marine_farm"}}},{"type":"Feature","geometry":{"type":"Polygon","coordinates":[[[120.952089,13.9890472],[120.9520567,13.9891391],[120.9519622,13.9891078],[120.9519945,13.9890159],[120.952089,13.9890472]]]},"properties":{"osm_id":1494595432,"osm_type":"way","seamark_type":"marine_farm","display_class":"OTHER","min_zoom":12,"importance":1,"name":null,"ref":null,"common":{"type":"marine_farm"},"children":{},"osm_tags":{"aquaculture":"fish","landuse":"aquaculture","seamark:type":"marine_farm"}}},{"type":"Feature","geometry":{"type":"Polygon","coordinates":[[[120.952044,13.9891416],[120.9520133,13.9892299],[120.9519215,13.9891999],[120.9519522,13.9891116],[120.952044,13.9891416]]]},"properties":{"osm_id":1494595433,"osm_type":"way","seamark_type":"marine_farm","display_class":"OTHER","min_zoom":12,"importance":1,"name":null,"ref":null,"common":{"type":"marine_farm"},"children":{},"osm_tags":{"aquaculture":"fish","landuse":"aquaculture","seamark:type":"marine_farm"}}},{"type":"Feature","geometry":{"type":"Polygon","coordinates":[[[120.9519344,13.9891062],[120.9519152,13.9892],[120.9518191,13.9891815],[120.9518383,13.9890877],[120.9519344,13.9891062]]]},"properties":{"osm_id":1494595434,"osm_type":"way","seamark_type":"marine_farm","display_class":"OTHER","min_zoom":12,"importance":1,"name":null,"ref":null,"common":{"type":"marine_farm"},"children":{},"osm_tags":{"aquaculture":"fish","landuse":"aquaculture","seamark:type":"marine_farm"}}},{"type":"Feature","geometry":{"type":"Polygon","coordinates":[[[120.9526492,13.9879968],[120.9525588,13.9880087],[120.9525458,13.9879154],[120.9526361,13.9879035],[120.9526492,13.9879968]]]},"properties":{"osm_id":1494595526,"osm_type":"way","seamark_type":"marine_farm","display_class":"OTHER","min_zoom":12,"importance":1,"name":null,"ref":null,"common":{"type":"marine_farm"},"children":{},"osm_tags":{"aquaculture":"fish","landuse":"aquaculture","seamark:type":"marine_farm"}}},{"type":"Feature","geometry":{"type":"Polygon","coordinates":[[[120.9592841,13.9792081],[120.9592114,13.9792747],[120.9591433,13.9792048],[120.9592159,13.9791381],[120.9592841,13.9792081]]]},"properties":{"osm_id":1495045078,"osm_type":"way","seamark_type":"marine_farm","display_class":"OTHER","min_zoom":12,"importance":1,"name":null,"ref":null,"common":{"type":"marine_farm"},"children":{},"osm_tags":{"aquaculture":"fish","landuse":"aquaculture","seamark:type":"marine_farm"}}},{"type":"Feature","geometry":{"type":"Polygon","coordinates":[[[120.959365,13.9791163],[120.9592955,13.9791826],[120.959229,13.979117],[120.9592985,13.9790507],[120.959365,13.9791163]]]},"properties":{"osm_id":1495045079,"osm_type":"way","seamark_type":"marine_farm","display_class":"OTHER","min_zoom":12,"importance":1,"name":null,"ref":null,"common":{"type":"marine_farm"},"children":{},"osm_tags":{"aquaculture":"fish","landuse":"aquaculture","seamark:type":"marine_farm"}}},{"type":"Feature","geometry":{"type":"Polygon","coordinates":[[[120.9594494,13.979026],[120.9593804,13.9790974],[120.9593087,13.9790322],[120.9593777,13.9789608],[120.9594494,13.979026]]]},"properties":{"osm_id":1495045080,"osm_type":"way","seamark_type":"marine_farm","display_class":"OTHER","min_zoom":12,"importance":1,"name":null,"ref":null,"common":{"type":"marine_farm"},"children":{},"osm_tags":{"aquaculture":"fish","landuse":"aquaculture","seamark:type":"marine_farm"}}},{"type":"Feature","geometry":{"type":"Polygon","coordinates":[[[120.9593628,13.9789563],[120.9592914,13.9790284],[120.9592172,13.9789593],[120.9592887,13.9788872],[120.9593628,13.9789563]]]},"properties":{"osm_id":1495045081,"osm_type":"way","seamark_type":"marine_farm","display_class":"OTHER","min_zoom":12,"importance":1,"name":null,"ref":null,"common":{"type":"marine_farm"},"children":{},"osm_tags":{"aquaculture":"fish","landuse":"aquaculture","seamark:type":"marine_farm"}}},{"type":"Feature","geometry":{"type":"Polygon","coordinates":[[[120.9594448,13.978878],[120.9593777,13.9789526],[120.9593007,13.9788873],[120.9593677,13.9788128],[120.9594448,13.978878]]]},"properties":{"osm_id":1495045082,"osm_type":"way","seamark_type":"marine_farm","display_class":"OTHER","min_zoom":12,"importance":1,"name":null,"ref":null,"common":{"type":"marine_farm"},"children":{},"osm_tags":{"aquaculture":"fish","landuse":"aquaculture","seamark:type":"marine_farm"}}},{"type":"Feature","geometry":{"type":"Polygon","coordinates":[[[120.9591634,13.9787143],[120.9591019,13.9787911],[120.9590234,13.9787319],[120.9590849,13.9786551],[120.9591634,13.9787143]]]},"properties":{"osm_id":1495047338,"osm_type":"way","seamark_type":"marine_farm","display_class":"OTHER","min_zoom":12,"importance":1,"name":null,"ref":null,"common":{"type":"marine_farm"},"children":{},"osm_tags":{"aquaculture":"fish","landuse":"aquaculture","seamark:type":"marine_farm"}}},{"type":"Feature","geometry":{"type":"Polygon","coordinates":[[[120.9592642,13.9786248],[120.9591822,13.9787065],[120.9590974,13.9786265],[120.9591794,13.9785448],[120.9592642,13.9786248]]]},"properties":{"osm_id":1495047339,"osm_type":"way","seamark_type":"marine_farm","display_class":"OTHER","min_zoom":12,"importance":1,"name":null,"ref":null,"common":{"type":"marine_farm"},"children":{},"osm_tags":{"aquaculture":"fish","landuse":"aquaculture","seamark:type":"marine_farm"}}},{"type":"Feature","geometry":{"type":"Polygon","coordinates":[[[120.9593372,13.9785286],[120.9592672,13.9785973],[120.959198,13.9785309],[120.959268,13.9784622],[120.9593372,13.9785286]]]},"properties":{"osm_id":1495047340,"osm_type":"way","seamark_type":"marine_farm","display_class":"OTHER","min_zoom":12,"importance":1,"name":null,"ref":null,"common":{"type":"marine_farm"},"children":{},"osm_tags":{"aquaculture":"fish","landuse":"aquaculture","seamark:type":"marine_farm"}}},{"type":"Feature","geometry":{"type":"Polygon","coordinates":[[[120.9594341,13.9784438],[120.9593458,13.9784936],[120.9592811,13.9784205],[120.9593677,13.9783713],[120.9594341,13.9784438]]]},"properties":{"osm_id":1495047341,"osm_type":"way","seamark_type":"marine_farm","display_class":"OTHER","min_zoom":12,"importance":1,"name":null,"ref":null,"common":{"type":"marine_farm"},"children":{},"osm_tags":{"aquaculture":"fish","landuse":"aquaculture","seamark:type":"marine_farm"}}},{"type":"Feature","geometry":{"type":"Polygon","coordinates":[[[120.9588637,13.9783836],[120.9588004,13.9784546],[120.9587266,13.9783927],[120.95879,13.9783216],[120.9588637,13.9783836]]]},"properties":{"osm_id":1495047342,"osm_type":"way","seamark_type":"marine_farm","display_class":"OTHER","min_zoom":12,"importance":1,"name":null,"ref":null,"common":{"type":"marine_farm"},"children":{},"osm_tags":{"aquaculture":"fish","landuse":"aquaculture","seamark:type":"marine_farm"}}},{"type":"Feature","geometry":{"type":"Polygon","coordinates":[[[120.9589433,13.9783149],[120.9588727,13.9783802],[120.9588042,13.9783104],[120.9588747,13.9782451],[120.9589433,13.9783149]]]},"properties":{"osm_id":1495047343,"osm_type":"way","seamark_type":"marine_farm","display_class":"OTHER","min_zoom":12,"importance":1,"name":null,"ref":null,"common":{"type":"marine_farm"},"children":{},"osm_tags":{"aquaculture":"fish","landuse":"aquaculture","seamark:type":"marine_farm"}}},{"type":"Feature","geometry":{"type":"Polygon","coordinates":[[[120.9590877,13.9778885],[120.9590121,13.9779555],[120.9589464,13.9778858],[120.959022,13.9778187],[120.9590877,13.9778885]]]},"properties":{"osm_id":1495047344,"osm_type":"way","seamark_type":"marine_farm","display_class":"OTHER","min_zoom":12,"importance":1,"name":null,"ref":null,"common":{"type":"marine_farm"},"children":{},"osm_tags":{"aquaculture":"fish","landuse":"aquaculture","seamark:type":"marine_farm"}}},{"type":"Feature","geometry":{"type":"Polygon","coordinates":[[[120.9591673,13.9778223],[120.9590937,13.9778852],[120.9590286,13.9778135],[120.9591022,13.9777506],[120.9591673,13.9778223]]]},"properties":{"osm_id":1495047345,"osm_type":"way","seamark_type":"marine_farm","display_class":"OTHER","min_zoom":12,"importance":1,"name":null,"ref":null,"common":{"type":"marine_farm"},"children":{},"osm_tags":{"aquaculture":"fish","landuse":"aquaculture","seamark:type":"marine_farm"}}},{"type":"Feature","geometry":{"type":"Polygon","coordinates":[[[120.9592596,13.9777443],[120.9591866,13.9778098],[120.9591206,13.9777405],[120.9591937,13.9776751],[120.9592596,13.9777443]]]},"properties":{"osm_id":1495047346,"osm_type":"way","seamark_type":"marine_farm","display_class":"OTHER","min_zoom":12,"importance":1,"name":null,"ref":null,"common":{"type":"marine_farm"},"children":{},"osm_tags":{"aquaculture":"fish","landuse":"aquaculture","seamark:type":"marine_farm"}}},{"type":"Feature","geometry":{"type":"Polygon","coordinates":[[[120.9593389,13.9776706],[120.9592675,13.9777375],[120.9591992,13.9776689],[120.9592707,13.977602],[120.9593389,13.9776706]]]},"properties":{"osm_id":1495047347,"osm_type":"way","seamark_type":"marine_farm","display_class":"OTHER","min_zoom":12,"importance":1,"name":null,"ref":null,"common":{"type":"marine_farm"},"children":{},"osm_tags":{"aquaculture":"fish","landuse":"aquaculture","seamark:type":"marine_farm"}}},{"type":"Feature","geometry":{"type":"Polygon","coordinates":[[[120.959425,13.9775879],[120.9593523,13.9776539],[120.9592854,13.9775846],[120.9593582,13.9775186],[120.959425,13.9775879]]]},"properties":{"osm_id":1495047348,"osm_type":"way","seamark_type":"marine_farm","display_class":"OTHER","min_zoom":12,"importance":1,"name":null,"ref":null,"common":{"type":"marine_farm"},"children":{},"osm_tags":{"aquaculture":"fish","landuse":"aquaculture","seamark:type":"marine_farm"}}},{"type":"Feature","geometry":{"type":"Polygon","coordinates":[[[120.959358,13.9770234],[120.9592895,13.9770946],[120.9592184,13.9770303],[120.9592869,13.976959],[120.959358,13.9770234]]]},"properties":{"osm_id":1495047349,"osm_type":"way","seamark_type":"marine_farm","display_class":"OTHER","min_zoom":12,"importance":1,"name":null,"ref":null,"common":{"type":"marine_farm"},"children":{},"osm_tags":{"aquaculture":"fish","landuse":"aquaculture","seamark:type":"marine_farm"}}},{"type":"Feature","geometry":{"type":"Polygon","coordinates":[[[120.9594463,13.9769416],[120.9593791,13.9770123],[120.9593066,13.9769474],[120.9593738,13.9768767],[120.9594463,13.9769416]]]},"properties":{"osm_id":1495047350,"osm_type":"way","seamark_type":"marine_farm","display_class":"OTHER","min_zoom":12,"importance":1,"name":null,"ref":null,"common":{"type":"marine_farm"},"children":{},"osm_tags":{"aquaculture":"fish","landuse":"aquaculture","seamark:type":"marine_farm"}}},{"type":"Feature","geometry":{"type":"Polygon","coordinates":[[[120.9589425,13.9774915],[120.9588767,13.9775667],[120.9588009,13.9775042],[120.9588668,13.977429],[120.9589425,13.9774915]]]},"properties":{"osm_id":1495047351,"osm_type":"way","seamark_type":"marine_farm","display_class":"OTHER","min_zoom":12,"importance":1,"name":null,"ref":null,"common":{"type":"marine_farm"},"children":{},"osm_tags":{"aquaculture":"fish","landuse":"aquaculture","seamark:type":"marine_farm"}}},{"type":"Feature","geometry":{"type":"Polygon","coordinates":[[[120.9590069,13.9774076],[120.9589456,13.9774848],[120.9588663,13.9774255],[120.9589275,13.9773483],[120.9590069,13.9774076]]]},"properties":{"osm_id":1495047352,"osm_type":"way","seamark_type":"marine_farm","display_class":"OTHER","min_zoom":12,"importance":1,"name":null,"ref":null,"common":{"type":"marine_farm"},"children":{},"osm_tags":{"aquaculture":"fish","landuse":"aquaculture","seamark:type":"marine_farm"}}},{"type":"Feature","geometry":{"type":"Polygon","coordinates":[[[120.9590647,13.9773073],[120.9590119,13.97739],[120.9589327,13.9773281],[120.9589866,13.9772447],[120.9590647,13.9773073]]]},"properties":{"osm_id":1495047353,"osm_type":"way","seamark_type":"marine_farm","display_class":"OTHER","min_zoom":12,"importance":1,"name":null,"ref":null,"common":{"type":"marine_farm"},"children":{},"osm_tags":{"aquaculture":"fish","landuse":"aquaculture","seamark:type":"marine_farm"}}},{"type":"Feature","geometry":{"type":"Polygon","coordinates":[[[120.9580531,13.9783016],[120.9579755,13.9783633],[120.9579118,13.9782879],[120.9579894,13.9782262],[120.9580531,13.9783016]]]},"properties":{"osm_id":1495047354,"osm_type":"way","seamark_type":"marine_farm","display_class":"OTHER","min_zoom":12,"importance":1,"name":null,"ref":null,"common":{"type":"marine_farm"},"children":{},"osm_tags":{"aquaculture":"fish","landuse":"aquaculture","seamark:type":"marine_farm"}}},{"type":"Feature","geometry":{"type":"Polygon","coordinates":[[[120.9582195,13.9781472],[120.9581327,13.9782029],[120.9580652,13.9781331],[120.9581486,13.9780768],[120.9582195,13.9781472]]]},"properties":{"osm_id":1495047355,"osm_type":"way","seamark_type":"marine_farm","display_class":"OTHER","min_zoom":12,"importance":1,"name":null,"ref":null,"common":{"type":"marine_farm"},"children":{},"osm_tags":{"aquaculture":"fish","landuse":"aquaculture","seamark:type":"marine_farm"}}},{"type":"Feature","geometry":{"type":"Polygon","coordinates":[[[120.9581299,13.9782087],[120.9580762,13.9782863],[120.9580076,13.9782226],[120.9580559,13.9781392],[120.9581299,13.9782087]]]},"properties":{"osm_id":1495047356,"osm_type":"way","seamark_type":"marine_farm","display_class":"OTHER","min_zoom":12,"importance":1,"name":null,"ref":null,"common":{"type":"marine_farm"},"children":{},"osm_tags":{"aquaculture":"fish","landuse":"aquaculture","seamark:type":"marine_farm"}}},{"type":"Feature","geometry":{"type":"Polygon","coordinates":[[[120.9580849,13.9775132],[120.9580264,13.9775918],[120.9579563,13.9775221],[120.9580158,13.9774412],[120.9580849,13.9775132]]]},"properties":{"osm_id":1495047670,"osm_type":"way","seamark_type":"marine_farm","display_class":"OTHER","min_zoom":12,"importance":1,"name":null,"ref":null,"common":{"type":"marine_farm"},"children":{},"osm_tags":{"aquaculture":"fish","landuse":"aquaculture","seamark:type":"marine_farm"}}},{"type":"Feature","geometry":{"type":"Polygon","coordinates":[[[120.9582029,13.9773781],[120.9581455,13.9774565],[120.958066,13.9774016],[120.9581234,13.9773233],[120.9582029,13.9773781]]]},"properties":{"osm_id":1495047671,"osm_type":"way","seamark_type":"marine_farm","display_class":"OTHER","min_zoom":12,"importance":1,"name":null,"ref":null,"common":{"type":"marine_farm"},"children":{},"osm_tags":{"aquaculture":"fish","landuse":"aquaculture","seamark:type":"marine_farm"}}},{"type":"Feature","geometry":{"type":"Polygon","coordinates":[[[120.9582688,13.9772954],[120.9582062,13.977374],[120.9581287,13.977316],[120.9581913,13.9772373],[120.9582688,13.9772954]]]},"properties":{"osm_id":1495047672,"osm_type":"way","seamark_type":"marine_farm","display_class":"OTHER","min_zoom":12,"importance":1,"name":null,"ref":null,"common":{"type":"marine_farm"},"children":{},"osm_tags":{"aquaculture":"fish","landuse":"aquaculture","seamark:type":"marine_farm"}}},{"type":"Feature","geometry":{"type":"Polygon","coordinates":[[[120.9583568,13.97715],[120.9583223,13.9772273],[120.9582202,13.9772243],[120.9582609,13.9771423],[120.9583568,13.97715]]]},"properties":{"osm_id":1495047673,"osm_type":"way","seamark_type":"marine_farm","display_class":"OTHER","min_zoom":12,"importance":1,"name":null,"ref":null,"common":{"type":"marine_farm"},"children":{},"osm_tags":{"aquaculture":"fish","landuse":"aquaculture","seamark:type":"marine_farm"}}},{"type":"Feature","geometry":{"type":"Polygon","coordinates":[[[120.958402,13.9770502],[120.9583697,13.9771447],[120.9582663,13.9771362],[120.9583016,13.9770428],[120.958402,13.9770502]]]},"properties":{"osm_id":1495047674,"osm_type":"way","seamark_type":"marine_farm","display_class":"OTHER","min_zoom":12,"importance":1,"name":null,"ref":null,"common":{"type":"marine_farm"},"children":{},"osm_tags":{"aquaculture":"fish","landuse":"aquaculture","seamark:type":"marine_farm"}}},{"type":"Feature","geometry":{"type":"Polygon","coordinates":[[[120.9567815,13.9783872],[120.9567654,13.9784057],[120.9567373,13.9783826],[120.9567534,13.9783641],[120.9567815,13.9783872]]]},"properties":{"osm_id":1495048388,"osm_type":"way","seamark_type":"marine_farm","display_class":"OTHER","min_zoom":12,"importance":1,"name":null,"ref":null,"common":{"type":"marine_farm"},"children":{},"osm_tags":{"aquaculture":"fish","landuse":"aquaculture","seamark:type":"marine_farm"}}},{"type":"Feature","geometry":{"type":"Polygon","coordinates":[[[120.9568765,13.9785913],[120.9568628,13.9786228],[120.9568353,13.9786115],[120.956849,13.9785801],[120.9568765,13.9785913]]]},"properties":{"osm_id":1495048389,"osm_type":"way","seamark_type":"marine_farm","display_class":"OTHER","min_zoom":12,"importance":1,"name":null,"ref":null,"common":{"type":"marine_farm"},"children":{},"osm_tags":{"aquaculture":"fish","landuse":"aquaculture","seamark:type":"marine_farm"}}},{"type":"Feature","geometry":{"type":"Polygon","coordinates":[[[120.9568364,13.9786],[120.9568105,13.9785921],[120.9568191,13.9785654],[120.956845,13.9785734],[120.9568364,13.9786]]]},"properties":{"osm_id":1495048390,"osm_type":"way","seamark_type":"marine_farm","display_class":"OTHER","min_zoom":12,"importance":1,"name":null,"ref":null,"common":{"type":"marine_farm"},"children":{},"osm_tags":{"aquaculture":"fish","landuse":"aquaculture","seamark:type":"marine_farm"}}},{"type":"Feature","geometry":{"type":"Polygon","coordinates":[[[120.9570923,13.9789479],[120.9570722,13.9789895],[120.9570289,13.9789698],[120.957049,13.9789282],[120.9570923,13.9789479]]]},"properties":{"osm_id":1495048391,"osm_type":"way","seamark_type":"marine_farm","display_class":"OTHER","min_zoom":12,"importance":1,"name":null,"ref":null,"common":{"type":"marine_farm"},"children":{},"osm_tags":{"aquaculture":"fish","landuse":"aquaculture","seamark:type":"marine_farm"}}},{"type":"Feature","geometry":{"type":"Polygon","coordinates":[[[120.9584423,13.9767963],[120.9584242,13.9767788],[120.9584126,13.9767566],[120.958409,13.9767321],[120.9584135,13.9767076],[120.9584258,13.9766859],[120.9584446,13.976669],[120.9584679,13.9766588],[120.9584934,13.9766563],[120.9585183,13.9766618],[120.9585402,13.9766747],[120.9585567,13.9766937],[120.9585666,13.9767186],[120.9585671,13.9767453],[120.9585583,13.9767705],[120.9585411,13.9767914],[120.9585176,13.9768053],[120.9584906,13.9768106],[120.9584653,13.9768072],[120.9584423,13.9767963]]]},"properties":{"osm_id":1495048392,"osm_type":"way","seamark_type":"marine_farm","display_class":"OTHER","min_zoom":12,"importance":1,"name":null,"ref":null,"common":{"type":"marine_farm"},"children":{},"osm_tags":{"aquaculture":"fish","landuse":"aquaculture","seamark:type":"marine_farm"}}},{"type":"Feature","geometry":{"type":"Polygon","coordinates":[[[120.9587097,13.9768939],[120.9587165,13.9768662],[120.9587305,13.9768489],[120.9587469,13.9768311],[120.9587697,13.9768227],[120.9587927,13.9768177],[120.958817,13.9768209],[120.9588387,13.9768308],[120.9588552,13.9768485],[120.9588648,13.9768705],[120.9588647,13.9768921],[120.9588588,13.9769155],[120.9588459,13.9769345],[120.9588284,13.9769501],[120.9588072,13.9769595],[120.9587803,13.9769637],[120.9587474,13.9769592],[120.9587317,13.9769519],[120.9587225,13.9769421],[120.9587115,13.9769212],[120.9587097,13.9768939]]]},"properties":{"osm_id":1495048393,"osm_type":"way","seamark_type":"marine_farm","display_class":"OTHER","min_zoom":12,"importance":1,"name":null,"ref":null,"common":{"type":"marine_farm"},"children":{},"osm_tags":{"aquaculture":"fish","landuse":"aquaculture","seamark:type":"marine_farm"}}},{"type":"Feature","geometry":{"type":"Polygon","coordinates":[[[120.948144,13.9675125],[120.9481164,13.9674226],[120.9482133,13.9673838],[120.9482423,13.9674833],[120.9481804,13.9675042],[120.948144,13.9675125]]]},"properties":{"osm_id":1505510171,"osm_type":"way","seamark_type":"marine_farm","display_class":"OTHER","min_zoom":12,"importance":1,"name":null,"ref":null,"common":{"type":"marine_farm"},"children":{},"osm_tags":{"aquaculture":"fish","landuse":"aquaculture","seamark:type":"marine_farm"}}},{"type":"Feature","geometry":{"type":"Polygon","coordinates":[[[120.9482738,13.9673679],[120.9483007,13.9674522],[120.9484083,13.9674281],[120.9483731,13.9673338],[120.9482738,13.9673679]]]},"properties":{"osm_id":1505510435,"osm_type":"way","seamark_type":"marine_farm","display_class":"OTHER","min_zoom":12,"importance":1,"name":null,"ref":null,"common":{"type":"marine_farm"},"children":{},"osm_tags":{"aquaculture":"fish","landuse":"aquaculture","seamark:type":"marine_farm"}}},{"type":"Feature","geometry":{"type":"Polygon","coordinates":[[[120.9476018,13.9676288],[120.9476287,13.9677271],[120.9477238,13.967687],[120.9476886,13.9675866],[120.9476018,13.9676288]]]},"properties":{"osm_id":1505510551,"osm_type":"way","seamark_type":"marine_farm","display_class":"OTHER","min_zoom":12,"importance":1,"name":null,"ref":null,"common":{"type":"marine_farm"},"children":{},"osm_tags":{"aquaculture":"fish","landuse":"aquaculture","seamark:type":"marine_farm"}}},{"type":"Feature","geometry":{"type":"Polygon","coordinates":[[[120.968478,13.9949331],[120.9685674,13.9949577],[120.9686091,13.9948631],[120.9685075,13.9948226],[120.968478,13.9949331]]]},"properties":{"osm_id":1527435111,"osm_type":"way","seamark_type":"marine_farm","display_class":"OTHER","min_zoom":12,"importance":1,"name":null,"ref":null,"common":{"type":"marine_farm"},"children":{},"osm_tags":{"aquaculture":"fish","landuse":"aquaculture","seamark:type":"marine_farm"}}},{"type":"Feature","geometry":{"type":"Polygon","coordinates":[[[120.968606,13.9949676],[120.9686325,13.9948739],[120.9687392,13.9949074],[120.9687138,13.995009],[120.968606,13.9949676]]]},"properties":{"osm_id":1527435698,"osm_type":"way","seamark_type":"marine_farm","display_class":"OTHER","min_zoom":12,"importance":1,"name":null,"ref":null,"common":{"type":"marine_farm"},"children":{},"osm_tags":{"aquaculture":"fish","landuse":"aquaculture","seamark:type":"marine_farm"}}},{"type":"Feature","geometry":{"type":"Polygon","coordinates":[[[120.9687219,13.995011],[120.9687494,13.9949104],[120.9688561,13.9949469],[120.9688235,13.9950455],[120.9687219,13.995011]]]},"properties":{"osm_id":1527436063,"osm_type":"way","seamark_type":"marine_farm","display_class":"OTHER","min_zoom":12,"importance":1,"name":null,"ref":null,"common":{"type":"marine_farm"},"children":{},"osm_tags":{"aquaculture":"fish","landuse":"aquaculture","seamark:type":"marine_farm"}}},{"type":"Feature","geometry":{"type":"Polygon","coordinates":[[[120.9685044,13.9948138],[120.9685461,13.994722],[120.9686447,13.9947625],[120.9686091,13.9948631],[120.9685044,13.9948138]]]},"properties":{"osm_id":1527436315,"osm_type":"way","seamark_type":"marine_farm","display_class":"OTHER","min_zoom":12,"importance":1,"name":null,"ref":null,"common":{"type":"marine_farm"},"children":{},"osm_tags":{"aquaculture":"fish","landuse":"aquaculture","seamark:type":"marine_farm"}}},{"type":"Feature","geometry":{"type":"Polygon","coordinates":[[[120.9686233,13.9948611],[120.9686609,13.9947615],[120.9687494,13.994795],[120.9687163,13.9948848],[120.9687138,13.9948917],[120.9686233,13.9948611]]]},"properties":{"osm_id":1527436372,"osm_type":"way","seamark_type":"marine_farm","display_class":"OTHER","min_zoom":12,"importance":1,"name":null,"ref":null,"common":{"type":"marine_farm"},"children":{},"osm_tags":{"aquaculture":"fish","landuse":"aquaculture","seamark:type":"marine_farm"}}},{"type":"Feature","geometry":{"type":"Polygon","coordinates":[[[120.9687163,13.9948848],[120.9688185,13.9949232],[120.9688581,13.9948256],[120.9687494,13.994795],[120.9687163,13.9948848]]]},"properties":{"osm_id":1527436500,"osm_type":"way","seamark_type":"marine_farm","display_class":"OTHER","min_zoom":12,"importance":1,"name":null,"ref":null,"common":{"type":"marine_farm"},"children":{},"osm_tags":{"aquaculture":"fish","landuse":"aquaculture","seamark:type":"marine_farm"}}},{"type":"Feature","geometry":{"type":"Polygon","coordinates":[[[120.969702,13.9942844],[120.9697172,13.994196],[120.9698199,13.9941994],[120.9698094,13.9942946],[120.969702,13.9942844]]]},"properties":{"osm_id":1527436798,"osm_type":"way","seamark_type":"marine_farm","display_class":"OTHER","min_zoom":12,"importance":1,"name":null,"ref":null,"common":{"type":"marine_farm"},"children":{},"osm_tags":{"aquaculture":"fish","landuse":"aquaculture","seamark:type":"marine_farm"}}},{"type":"Feature","geometry":{"type":"Polygon","coordinates":[[[120.9698397,13.99429],[120.9698386,13.9941949],[120.9699378,13.9941926],[120.969932,13.9942934],[120.9698397,13.99429]]]},"properties":{"osm_id":1527436854,"osm_type":"way","seamark_type":"marine_farm","display_class":"OTHER","min_zoom":12,"importance":1,"name":null,"ref":null,"common":{"type":"marine_farm"},"children":{},"osm_tags":{"aquaculture":"fish","landuse":"aquaculture","seamark:type":"marine_farm"}}},{"type":"Feature","geometry":{"type":"Polygon","coordinates":[[[120.96996,13.9942968],[120.9699553,13.9942051],[120.9700499,13.9941983],[120.9700592,13.9943014],[120.96996,13.9942968]]]},"properties":{"osm_id":1527436987,"osm_type":"way","seamark_type":"marine_farm","display_class":"OTHER","min_zoom":12,"importance":1,"name":null,"ref":null,"common":{"type":"marine_farm"},"children":{},"osm_tags":{"aquaculture":"fish","landuse":"aquaculture","seamark:type":"marine_farm"}}},{"type":"Feature","geometry":{"type":"Polygon","coordinates":[[[120.9683121,13.993724],[120.9683576,13.9936265],[120.968451,13.993665],[120.9684219,13.993767],[120.9683121,13.993724]]]},"properties":{"osm_id":1527437230,"osm_type":"way","seamark_type":"marine_farm","display_class":"OTHER","min_zoom":12,"importance":1,"name":null,"ref":null,"common":{"type":"marine_farm"},"children":{},"osm_tags":{"aquaculture":"fish","landuse":"aquaculture","seamark:type":"marine_farm"}}},{"type":"Feature","geometry":{"type":"Polygon","coordinates":[[[120.9684363,13.9937686],[120.9684658,13.993671],[120.9685583,13.9937101],[120.9685235,13.993809],[120.9684363,13.9937686]]]},"properties":{"osm_id":1527437425,"osm_type":"way","seamark_type":"marine_farm","display_class":"OTHER","min_zoom":12,"importance":1,"name":null,"ref":null,"common":{"type":"marine_farm"},"children":{},"osm_tags":{"aquaculture":"fish","landuse":"aquaculture","seamark:type":"marine_farm"}}},{"type":"Feature","geometry":{"type":"Point","coordinates":[120.9161097,13.8890059]},"properties":{"osm_id":1271040229,"osm_type":"node","seamark_type":"light_minor","display_class":"OTHER","min_zoom":12,"importance":1,"name":"Lemery","ref":null,"common":{"information":"Obscured by trees.","name":"Lemery","type":"light_minor"},"children":{"light":{"character":"Fl","colour":"white","height":"9","period":"5","range":"7","reference":"F 2608"}},"osm_tags":{"seamark:information":"Obscured by trees.","seamark:light:character":"Fl","seamark:light:colour":"white","seamark:light:height":"9","seamark:light:period":"5","seamark:light:range":"7","seamark:light:reference":"F 2608","seamark:name":"Lemery","seamark:type":"light_minor","source":"US NGA Pub. 112. 2009-11-12."}}},{"type":"Feature","geometry":{"type":"Point","coordinates":[120.962446,13.5137019]},"properties":{"osm_id":1271040317,"osm_type":"node","seamark_type":"light_minor","display_class":"OTHER","min_zoom":12,"importance":1,"name":"Port Galera","ref":null,"common":{"name":"Port Galera","type":"light_minor"},"children":{"light":{"character":"Fl","colour":"red","height":"18","period":"3","range":"7","reference":"F 2562"}},"osm_tags":{"seamark:light:character":"Fl","seamark:light:colour":"red","seamark:light:height":"18","seamark:light:period":"3","seamark:light:range":"7","seamark:light:reference":"F 2562","seamark:name":"Port Galera","seamark:type":"light_minor","source":"US NGA Pub. 112. 2009-11-12."}}},{"type":"Feature","geometry":{"type":"Point","coordinates":[120.9523857,13.5026]},"properties":{"osm_id":6420371192,"osm_type":"node","seamark_type":"coastguard_station","display_class":"OTHER","min_zoom":12,"importance":1,"name":"Puerto Galera Coast Guard Station","ref":null,"common":{"type":"coastguard_station"},"children":{},"osm_tags":{"amenity":"coast_guard","name":"Puerto Galera Coast Guard Station","nat_name":"Philippine Coast Guard","operator":"Department of Transportation","operator:type":"government","seamark:type":"coastguard_station"}}},{"type":"Feature","geometry":{"type":"Point","coordinates":[120.5238943,13.224071]},"properties":{"osm_id":1271040306,"osm_type":"node","seamark_type":"light_minor","display_class":"OTHER","min_zoom":12,"importance":1,"name":"Tubili Point","ref":null,"common":{"name":"Tubili Point","type":"light_minor"},"children":{"light":{"character":"Fl","colour":"white","group":"4","period":"20","reference":"F 2569"}},"osm_tags":{"name":"Tubili Point","seamark:light:character":"Fl","seamark:light:colour":"white","seamark:light:group":"4","seamark:light:period":"20","seamark:light:reference":"F 2569","seamark:name":"Tubili Point","seamark:type":"light_minor","source":"US NGA Pub. 112. 2009-11-12."}}}],"type":"FeatureCollection"}