{"type":"FeatureCollection","features":[{"type":"Feature","geometry":{"type":"Polygon","coordinates":[[[-79.8432115,32.7579696],[-79.8432578,32.7579805],[-79.843301,32.7579396],[-79.8432896,32.7579033],[-79.8432274,32.7578873],[-79.8431948,32.7579199],[-79.8432115,32.7579696]]]},"properties":{"osm_id":922835996,"osm_type":"way","seamark_type":"beacon_special_purpose","display_class":"LIGHTHOUSE","min_zoom":7,"importance":5,"name":"Charleston Light","ref":null,"common":{"conspicuity":"conspicuous","information":"Triangular","name":"Charleston Light","status":"permanent","type":"beacon_special_purpose"},"children":{"beacon_special_purpose":{"colour":"black;white","colour_pattern":"vertical","height":"49.6","shape":"tower"},"light":{"1:character":"Fl","1:colour":"white","1:exhibition":"night","1:group":"2","1:height":"49.6","1:period":"30","1:range":"20","1:sector_end":"71","1:sector_start":"217","1:sequence":"Fl","2:category":"emergency","2:character":"Fl","2:colour":"white","2:exhibition":"night","2:group":"2","2:height":"49.6","2:period":"30","2:range":"20","2:sequence":"Fl","3:character":"Fl","3:colour":"white","3:exhibition":"night","3:group":"2","3:height":"49.6","3:period":"30","3:range":"20","3:sequence":"Fl"}},"osm_tags":{"building":"yes","description":"USCG Light List Number (LLNR) 195, 163 feet tall, visible to 20 nautical miles;triangular tower, top half black, bottom half white.","designation":"Charleston Light","heritage":"2","heritage:operator":"nrhp","heritage:website":"https://www.nps.gov/subjects/nationalregister/index.htm","historic":"maritime","man_made":"lighthouse","name":"Sullivan's Island Lighthouse","nrhp:criteria":"A, C","nrhp:inscription_date":"1973-06-19","protection_title":"Fort Sumter and Fort Moultrie National Historic Park","ref:nrhp":"73001703","seamark:beacon_special_purpose:colour":"black;white","seamark:beacon_special_purpose:colour_pattern":"vertical","seamark:beacon_special_purpose:height":"49.6","seamark:beacon_special_purpose:shape":"tower","seamark:conspicuity":"conspicuous","seamark:information":"Triangular","seamark:light:1:character":"Fl","seamark:light:1:colour":"white","seamark:light:1:exhibition":"night","seamark:light:1:group":"2","seamark:light:1:height":"49.6","seamark:light:1:period":"30","seamark:light:1:range":"20","seamark:light:1:sector_end":"71","seamark:light:1:sector_start":"217","seamark:light:1:sequence":"Fl","seamark:light:2:category":"emergency","seamark:light:2:character":"Fl","seamark:light:2:colour":"white","seamark:light:2:exhibition":"night","seamark:light:2:group":"2","seamark:light:2:height":"49.6","seamark:light:2:period":"30","seamark:light:2:range":"20","seamark:light:2:sequence":"Fl","seamark:light:3:character":"Fl","seamark:light:3:colour":"white","seamark:light:3:exhibition":"night","seamark:light:3:group":"2","seamark:light:3:height":"49.6","seamark:light:3:period":"30","seamark:light:3:range":"20","seamark:light:3:sequence":"Fl","seamark:name":"Charleston Light","seamark:status":"permanent","seamark:type":"beacon_special_purpose","source_ref":"https://catalog.archives.gov/id/118997482","wikidata":"Q5084156","wikipedia":"en:Charleston Light"}}},{"type":"Feature","geometry":{"type":"Polygon","coordinates":[[[-79.8836032,32.6953767],[-79.8836081,32.6953826],[-79.8836151,32.6953869],[-79.8836233,32.6953892],[-79.8836319,32.6953891],[-79.8836401,32.6953867],[-79.8836469,32.6953823],[-79.8836518,32.6953763],[-79.8836541,32.6953693],[-79.883653,32.6953601],[-79.8836477,32.695352],[-79.883639,32.6953464],[-79.8836283,32.6953442],[-79.8836175,32.6953458],[-79.8836083,32.6953508],[-79.8836023,32.6953586],[-79.8836005,32.6953677],[-79.8836032,32.6953767]]]},"properties":{"osm_id":1528926180,"osm_type":"way","seamark_type":"beacon_special_purpose","display_class":"LIGHTHOUSE","min_zoom":7,"importance":5,"name":"Morris Island Lighthouse","ref":null,"common":{"conspicuity":"conspicuous","construction":"masonry","information":"Light house","status":"not_in_use","type":"beacon_special_purpose"},"children":{"beacon_special_purpose":{"colour":"red;white;red","colour_pattern":"horizontal","shape":"tower"}},"osm_tags":{"alt_name":"Morris Island Light","architect":"Paul J. Pelz","building":"lighthouse","height":"49","man_made":"lighthouse","material":"stone","name":"Morris Island Lighthouse","nrhp:criteria":"(A),(C)","nrhp:inscription_date":"1982-06-28","old_operator":"State of South Carolina","operator":"Save The Light, Inc.","ref:nrhp":"82003837","ref:viaf":"316746970","seamark:beacon_special_purpose:colour":"red;white;red","seamark:beacon_special_purpose:colour_pattern":"horizontal","seamark:beacon_special_purpose:shape":"tower","seamark:conspicuity":"conspicuous","seamark:construction":"masonry","seamark:information":"Light house","seamark:status":"not_in_use","seamark:type":"beacon_special_purpose","start_date":"1876","wikidata":"Q6913753","wikimedia_commons":"Category:Morris Island Light","wikipedia":"en:Morris Island Lighthouse"}}},{"type":"Feature","geometry":{"type":"Point","coordinates":[-79.9530526,32.773425]},"properties":{"osm_id":8601016792,"osm_type":"node","seamark_type":"beacon_special_purpose","display_class":"BEACON","min_zoom":9,"importance":4,"name":null,"ref":null,"common":{"status":"permanent","type":"beacon_special_purpose"},"children":{"beacon_special_purpose":{"category":"notice","shape":"stake"}},"osm_tags":{"seamark:beacon_special_purpose:category":"notice","seamark:beacon_special_purpose:shape":"stake","seamark:status":"permanent","seamark:type":"beacon_special_purpose"}}},{"type":"Feature","geometry":{"type":"Point","coordinates":[-79.857181,32.7651591]},"properties":{"osm_id":8603320338,"osm_type":"node","seamark_type":"beacon_special_purpose","display_class":"BEACON","min_zoom":9,"importance":4,"name":null,"ref":null,"common":{"status":"permanent","type":"beacon_special_purpose"},"children":{"beacon_special_purpose":{"category":"notice","shape":"stake"}},"osm_tags":{"seamark:beacon_special_purpose:category":"notice","seamark:beacon_special_purpose:shape":"stake","seamark:status":"permanent","seamark:type":"beacon_special_purpose"}}},{"type":"Feature","geometry":{"type":"Point","coordinates":[-79.9125874,32.8025875]},"properties":{"osm_id":8603699585,"osm_type":"node","seamark_type":"beacon_special_purpose","display_class":"BEACON","min_zoom":9,"importance":4,"name":null,"ref":null,"common":{"information":"Air obstruction light.","status":"permanent","type":"beacon_special_purpose"},"children":{"beacon_special_purpose":{"shape":"stake"},"light":{"character":"Fl","colour":"red","exhibition":"night","group":"1"}},"osm_tags":{"seamark:beacon_special_purpose:shape":"stake","seamark:information":"Air obstruction light.","seamark:light:character":"Fl","seamark:light:colour":"red","seamark:light:exhibition":"night","seamark:light:group":"1","seamark:status":"permanent","seamark:type":"beacon_special_purpose"}}},{"type":"Feature","geometry":{"type":"Point","coordinates":[-79.9175259,32.8032306]},"properties":{"osm_id":8603699586,"osm_type":"node","seamark_type":"beacon_special_purpose","display_class":"BEACON","min_zoom":9,"importance":4,"name":null,"ref":null,"common":{"information":"Air obstruction light.","status":"permanent","type":"beacon_special_purpose"},"children":{"beacon_special_purpose":{"shape":"stake"},"light":{"character":"Fl","colour":"red","exhibition":"night","group":"1"}},"osm_tags":{"seamark:beacon_special_purpose:shape":"stake","seamark:information":"Air obstruction light.","seamark:light:character":"Fl","seamark:light:colour":"red","seamark:light:exhibition":"night","seamark:light:group":"1","seamark:status":"permanent","seamark:type":"beacon_special_purpose"}}},{"type":"Feature","geometry":{"type":"Point","coordinates":[-79.8406653,32.7958315]},"properties":{"osm_id":8604134242,"osm_type":"node","seamark_type":"beacon_special_purpose","display_class":"BEACON","min_zoom":9,"importance":4,"name":null,"ref":"1059860","common":{"conspicuity":"conspicuous","construction":"metal","status":"permanent","type":"beacon_special_purpose"},"children":{"beacon_special_purpose":{"height":"319.7","shape":"tower"},"light":{"category":"air_obstruction","character":"Fl","colour":"red","exhibition":"night","group":"1"}},"osm_tags":{"addr:city":"Mount Pleasant","addr:country":"US","addr:postcode":"29464","addr:state":"SC","addr:street":"Rifle Range Road","communication:radio":"yes","communication:television":"yes","ele":"1.5","height":"318.2","man_made":"mast","material":"metal","operator":"American Towers LLC","operator:wikidata":"Q4745263","ref":"1059860","seamark:beacon_special_purpose:height":"319.7","seamark:beacon_special_purpose:shape":"tower","seamark:conspicuity":"conspicuous","seamark:construction":"metal","seamark:light:category":"air_obstruction","seamark:light:character":"Fl","seamark:light:colour":"red","seamark:light:exhibition":"night","seamark:light:group":"1","seamark:status":"permanent","seamark:type":"beacon_special_purpose","tower:construction":"lattice","tower:type":"communication"}}},{"type":"Feature","geometry":{"type":"Point","coordinates":[-79.944794,32.7701063]},"properties":{"osm_id":8601016794,"osm_type":"node","seamark_type":"beacon_lateral","display_class":"BEACON","min_zoom":9,"importance":4,"name":"Ashley River Light 3","ref":null,"common":{"name":"Ashley River Light 3","status":"permanent","type":"beacon_lateral"},"children":{"beacon_lateral":{"category":"port","colour":"green","system":"iala-b"},"light":{"character":"Fl","colour":"green","exhibition":"night","group":"1","height":"3.6","period":"6","range":"5"},"topmark":{"colour":"green","shape":"cylinder"}},"osm_tags":{"seamark:beacon_lateral:category":"port","seamark:beacon_lateral:colour":"green","seamark:beacon_lateral:system":"iala-b","seamark:light:character":"Fl","seamark:light:colour":"green","seamark:light:exhibition":"night","seamark:light:group":"1","seamark:light:height":"3.6","seamark:light:period":"6","seamark:light:range":"5","seamark:name":"Ashley River Light 3","seamark:status":"permanent","seamark:topmark:colour":"green","seamark:topmark:shape":"cylinder","seamark:type":"beacon_lateral"}}},{"type":"Feature","geometry":{"type":"Point","coordinates":[-79.9180093,32.760411]},"properties":{"osm_id":4739226502,"osm_type":"node","seamark_type":"beacon_lateral","display_class":"BEACON","min_zoom":9,"importance":4,"name":"Battery Point Light BP","ref":null,"common":{"name":"Battery Point Light BP","status":"permanent","type":"beacon_lateral"},"children":{"beacon_lateral":{"category":"preferred_channel_port","colour":"red;green;red","colour_pattern":"horizontal","system":"iala-b"},"light":{"character":"Fl","colour":"red","exhibition":"night","group":"2+1","height":"4.8","period":"6","range":"5"},"topmark":{"colour":"red;green;red","colour_pattern":"horizontal","shape":"cone, point up"}},"osm_tags":{"seamark:beacon_lateral:category":"preferred_channel_port","seamark:beacon_lateral:colour":"red;green;red","seamark:beacon_lateral:colour_pattern":"horizontal","seamark:beacon_lateral:system":"iala-b","seamark:light:character":"Fl","seamark:light:colour":"red","seamark:light:exhibition":"night","seamark:light:group":"2+1","seamark:light:height":"4.8","seamark:light:period":"6","seamark:light:range":"5","seamark:name":"Battery Point Light BP","seamark:status":"permanent","seamark:topmark:colour":"red;green;red","seamark:topmark:colour_pattern":"horizontal","seamark:topmark:shape":"cone, point up","seamark:type":"beacon_lateral"}}},{"type":"Feature","geometry":{"type":"Point","coordinates":[-79.9245889,32.7882672]},"properties":{"osm_id":8607403899,"osm_type":"node","seamark_type":"beacon_special_purpose","display_class":"BEACON","min_zoom":9,"importance":4,"name":"Bennis Reach Range Front Light","ref":null,"common":{"name":"Bennis Reach Range Front Light","status":"permanent","type":"beacon_special_purpose"},"children":{"beacon_special_purpose":{"category":"leading","colour":"black"},"light":{"character":"Q","colour":"red","exhibition":"night","group":"1","height":"8.8","period":"1"}},"osm_tags":{"seamark:beacon_special_purpose:category":"leading","seamark:beacon_special_purpose:colour":"black","seamark:light:character":"Q","seamark:light:colour":"red","seamark:light:exhibition":"night","seamark:light:group":"1","seamark:light:height":"8.8","seamark:light:period":"1","seamark:name":"Bennis Reach Range Front Light","seamark:status":"permanent","seamark:type":"beacon_special_purpose"}}},{"type":"Feature","geometry":{"type":"Point","coordinates":[-79.9161279,32.7811218]},"properties":{"osm_id":8603395257,"osm_type":"node","seamark_type":"beacon_special_purpose","display_class":"BEACON","min_zoom":9,"importance":4,"name":"Charleston Harbor North Channel Hog Island Reach Range Front Light","ref":null,"common":{"name":"Charleston Harbor North Channel Hog Island Reach Range Front Light","status":"permanent","type":"beacon_special_purpose"},"children":{"beacon_special_purpose":{"category":"leading"},"light":{"1:character":"Fl","1:colour":"white","1:group":"1","1:height":"6.7","1:period":"2.5","1:sector_end":"176.4","1:sector_start":"168.4"}},"osm_tags":{"seamark:beacon_special_purpose:category":"leading","seamark:light:1:character":"Fl","seamark:light:1:colour":"white","seamark:light:1:group":"1","seamark:light:1:height":"6.7","seamark:light:1:period":"2.5","seamark:light:1:sector_end":"176.4","seamark:light:1:sector_start":"168.4","seamark:name":"Charleston Harbor North Channel Hog Island Reach Range Front Light","seamark:status":"permanent","seamark:type":"beacon_special_purpose"}}},{"type":"Feature","geometry":{"type":"Point","coordinates":[-79.9159663,32.7800101]},"properties":{"osm_id":8603395258,"osm_type":"node","seamark_type":"beacon_special_purpose","display_class":"BEACON","min_zoom":9,"importance":4,"name":"Charleston Harbor North Channel Hog Island Reach Range Rear Light","ref":null,"common":{"name":"Charleston Harbor North Channel Hog Island Reach Range Rear Light","status":"permanent","type":"beacon_special_purpose"},"children":{"beacon_special_purpose":{"category":"leading"},"light":{"1:character":"Iso","1:colour":"white","1:group":"1","1:height":"11.2","1:period":"6"}},"osm_tags":{"seamark:beacon_special_purpose:category":"leading","seamark:light:1:character":"Iso","seamark:light:1:colour":"white","seamark:light:1:group":"1","seamark:light:1:height":"11.2","seamark:light:1:period":"6","seamark:name":"Charleston Harbor North Channel Hog Island Reach Range Rear Light","seamark:status":"permanent","seamark:type":"beacon_special_purpose"}}},{"type":"Feature","geometry":{"type":"Point","coordinates":[-79.9084353,32.7769115]},"properties":{"osm_id":8607403901,"osm_type":"node","seamark_type":"beacon_special_purpose","display_class":"BEACON","min_zoom":9,"importance":4,"name":"Charleston Harbor North Channel Horse Reach Range Front Light","ref":null,"common":{"name":"Charleston Harbor North Channel Horse Reach Range Front Light","status":"permanent","type":"beacon_special_purpose"},"children":{"beacon_special_purpose":{"category":"leading"},"light":{"character":"Q","colour":"white","exhibition":"night","group":"1","height":"4.5","period":"1"},"topmark":{"colour":"red;white;red","colour_pattern":"vertical","shape":"board"}},"osm_tags":{"seamark:beacon_special_purpose:category":"leading","seamark:light:character":"Q","seamark:light:colour":"white","seamark:light:exhibition":"night","seamark:light:group":"1","seamark:light:height":"4.5","seamark:light:period":"1","seamark:name":"Charleston Harbor North Channel Horse Reach Range Front Light","seamark:status":"permanent","seamark:topmark:colour":"red;white;red","seamark:topmark:colour_pattern":"vertical","seamark:topmark:shape":"board","seamark:type":"beacon_special_purpose"}}},{"type":"Feature","geometry":{"type":"Point","coordinates":[-79.9054688,32.7731871]},"properties":{"osm_id":8607403902,"osm_type":"node","seamark_type":"beacon_special_purpose","display_class":"BEACON","min_zoom":9,"importance":4,"name":"Charleston Harbor North Channel Horse Reach Range Rear Light","ref":null,"common":{"name":"Charleston Harbor North Channel Horse Reach Range Rear Light","status":"permanent","type":"beacon_special_purpose"},"children":{"beacon_special_purpose":{"category":"leading","shape":"tower"},"light":{"1:character":"Iso","1:colour":"white","1:exhibition":"night","1:group":"1","1:height":"9.1","1:period":"6","1:sector_end":"147.2","1:sector_start":"143.2"},"topmark":{"colour":"red;white;red","colour_pattern":"vertical","shape":"board"}},"osm_tags":{"seamark:beacon_special_purpose:category":"leading","seamark:beacon_special_purpose:shape":"tower","seamark:light:1:character":"Iso","seamark:light:1:colour":"white","seamark:light:1:exhibition":"night","seamark:light:1:group":"1","seamark:light:1:height":"9.1","seamark:light:1:period":"6","seamark:light:1:sector_end":"147.2","seamark:light:1:sector_start":"143.2","seamark:name":"Charleston Harbor North Channel Horse Reach Range Rear Light","seamark:status":"permanent","seamark:topmark:colour":"red;white;red","seamark:topmark:colour_pattern":"vertical","seamark:topmark:shape":"board","seamark:type":"beacon_special_purpose"}}},{"type":"Feature","geometry":{"type":"Point","coordinates":[-79.9229139,32.7699586]},"properties":{"osm_id":8601016797,"osm_type":"node","seamark_type":"beacon_lateral","display_class":"BEACON","min_zoom":9,"importance":4,"name":"Charleston Harbor South Channel Daybeacon 5","ref":null,"common":{"name":"Charleston Harbor South Channel Daybeacon 5","status":"permanent","type":"beacon_lateral"},"children":{"beacon_lateral":{"category":"port","colour":"green","system":"iala-b"},"topmark":{"colour":"green","shape":"cylinder"}},"osm_tags":{"seamark:beacon_lateral:category":"port","seamark:beacon_lateral:colour":"green","seamark:beacon_lateral:system":"iala-b","seamark:name":"Charleston Harbor South Channel Daybeacon 5","seamark:status":"permanent","seamark:topmark:colour":"green","seamark:topmark:shape":"cylinder","seamark:type":"beacon_lateral"}}},{"type":"Feature","geometry":{"type":"Point","coordinates":[-79.917516,32.7789062]},"properties":{"osm_id":8601016796,"osm_type":"node","seamark_type":"beacon_lateral","display_class":"BEACON","min_zoom":9,"importance":4,"name":"Charleston Harbor South Channel Daybeacon 6","ref":null,"common":{"name":"Charleston Harbor South Channel Daybeacon 6","status":"permanent","type":"beacon_lateral"},"children":{"beacon_lateral":{"category":"starboard","colour":"red","system":"iala-b"},"topmark":{"colour":"red","shape":"cone, point up"}},"osm_tags":{"seamark:beacon_lateral:category":"starboard","seamark:beacon_lateral:colour":"red","seamark:beacon_lateral:system":"iala-b","seamark:name":"Charleston Harbor South Channel Daybeacon 6","seamark:status":"permanent","seamark:topmark:colour":"red","seamark:topmark:shape":"cone, point up","seamark:type":"beacon_lateral"}}},{"type":"Feature","geometry":{"type":"Point","coordinates":[-79.9323915,32.845149]},"properties":{"osm_id":8603231594,"osm_type":"node","seamark_type":"beacon_special_purpose","display_class":"BEACON","min_zoom":9,"importance":4,"name":"Cooper River Center Dike Light","ref":null,"common":{"information":"Mounted on dike","name":"Cooper River Center Dike Light","status":"private","type":"beacon_special_purpose"},"children":{"beacon_special_purpose":{"category":"warning","colour":"yellow"},"light":{"character":"Fl","colour":"yellow","exhibition":"night","group":"1","period":"2.5"}},"osm_tags":{"seamark:beacon_special_purpose:category":"warning","seamark:beacon_special_purpose:colour":"yellow","seamark:information":"Mounted on dike","seamark:light:character":"Fl","seamark:light:colour":"yellow","seamark:light:exhibition":"night","seamark:light:group":"1","seamark:light:period":"2.5","seamark:name":"Cooper River Center Dike Light","seamark:status":"private","seamark:type":"beacon_special_purpose"}}},{"type":"Feature","geometry":{"type":"Point","coordinates":[-79.9311902,32.8451536]},"properties":{"osm_id":7965926228,"osm_type":"node","seamark_type":"beacon_special_purpose","display_class":"BEACON","min_zoom":9,"importance":4,"name":"Cooper River Dike Light 49A","ref":null,"common":{"name":"Cooper River Dike Light 49A","status":"permanent","type":"beacon_special_purpose"},"children":{"beacon_special_purpose":{"shape":"tower"},"light":{"character":"Fl","colour":"green","exhibition":"night","group":"1","height":"6","period":"4","range":"5","reference":"LLNR2805;Vol 3"}},"osm_tags":{"seamark:beacon_special_purpose:shape":"tower","seamark:light:character":"Fl","seamark:light:colour":"green","seamark:light:exhibition":"night","seamark:light:group":"1","seamark:light:height":"6","seamark:light:period":"4","seamark:light:range":"5","seamark:light:reference":"LLNR2805;Vol 3","seamark:name":"Cooper River Dike Light 49A","seamark:status":"permanent","seamark:type":"beacon_special_purpose"}}},{"type":"Feature","geometry":{"type":"Point","coordinates":[-79.9318054,32.845149]},"properties":{"osm_id":8603231592,"osm_type":"node","seamark_type":"beacon_special_purpose","display_class":"BEACON","min_zoom":9,"importance":4,"name":"Cooper River East Dike Light","ref":null,"common":{"information":"Mounted on dike","name":"Cooper River East Dike Light","status":"private","type":"beacon_special_purpose"},"children":{"beacon_special_purpose":{"category":"warning","colour":"yellow"},"light":{"character":"Fl","colour":"yellow","exhibition":"night","group":"1","period":"4"}},"osm_tags":{"seamark:beacon_special_purpose:category":"warning","seamark:beacon_special_purpose:colour":"yellow","seamark:information":"Mounted on dike","seamark:light:character":"Fl","seamark:light:colour":"yellow","seamark:light:exhibition":"night","seamark:light:group":"1","seamark:light:period":"4","seamark:name":"Cooper River East Dike Light","seamark:status":"private","seamark:type":"beacon_special_purpose"}}},{"type":"Feature","geometry":{"type":"Point","coordinates":[-79.9212656,32.8149205]},"properties":{"osm_id":8603269086,"osm_type":"node","seamark_type":"beacon_lateral","display_class":"BEACON","min_zoom":9,"importance":4,"name":"Cooper River Light 45","ref":null,"common":{"name":"Cooper River Light 45","status":"permanent","type":"beacon_lateral"},"children":{"beacon_lateral":{"category":"port","colour":"green","system":"iala-b"},"light":{"character":"Fl","colour":"green","exhibition":"night","group":"1","height":"4.8","period":"6","range":"5"},"topmark":{"colour":"green","shape":"cylinder"}},"osm_tags":{"seamark:beacon_lateral:category":"port","seamark:beacon_lateral:colour":"green","seamark:beacon_lateral:system":"iala-b","seamark:light:character":"Fl","seamark:light:colour":"green","seamark:light:exhibition":"night","seamark:light:group":"1","seamark:light:height":"4.8","seamark:light:period":"6","seamark:light:range":"5","seamark:name":"Cooper River Light 45","seamark:status":"permanent","seamark:topmark:colour":"green","seamark:topmark:shape":"cylinder","seamark:type":"beacon_lateral"}}},{"type":"Feature","geometry":{"type":"Point","coordinates":[-79.9329601,32.845149]},"properties":{"osm_id":8603231593,"osm_type":"node","seamark_type":"beacon_special_purpose","display_class":"BEACON","min_zoom":9,"importance":4,"name":"Cooper River West Dike Light","ref":null,"common":{"information":"Mounted on dike","name":"Cooper River West Dike Light","status":"private","type":"beacon_special_purpose"},"children":{"beacon_special_purpose":{"category":"warning","colour":"yellow"},"light":{"character":"Fl","colour":"yellow","exhibition":"night","group":"1","period":"4"}},"osm_tags":{"seamark:beacon_special_purpose:category":"warning","seamark:beacon_special_purpose:colour":"yellow","seamark:information":"Mounted on dike","seamark:light:character":"Fl","seamark:light:colour":"yellow","seamark:light:exhibition":"night","seamark:light:group":"1","seamark:light:period":"4","seamark:name":"Cooper River West Dike Light","seamark:status":"private","seamark:type":"beacon_special_purpose"}}},{"type":"Feature","geometry":{"type":"Point","coordinates":[-79.927621,32.768273]},"properties":{"osm_id":4739226501,"osm_type":"node","seamark_type":"beacon_special_purpose","display_class":"BEACON","min_zoom":9,"importance":4,"name":"Crab Bank Daybeacon","ref":null,"common":{"name":"Crab Bank Daybeacon","status":"permanent","type":"beacon_special_purpose"},"children":{"beacon_special_purpose":{"category":"warning"},"topmark":{"colour":"orange","colour_pattern":"border","shape":"rhombus"}},"osm_tags":{"name":"Crab Bank Daybeacon","seamark:beacon_special_purpose:category":"warning","seamark:name":"Crab Bank Daybeacon","seamark:status":"permanent","seamark:topmark:colour":"orange","seamark:topmark:colour_pattern":"border","seamark:topmark:shape":"rhombus","seamark:type":"beacon_special_purpose"}}},{"type":"Feature","geometry":{"type":"Point","coordinates":[-79.9091689,32.810883]},"properties":{"osm_id":8603207318,"osm_type":"node","seamark_type":"beacon_special_purpose","display_class":"BEACON","min_zoom":9,"importance":4,"name":"Drum Island Channel Range Front Light","ref":null,"common":{"name":"Drum Island Channel Range Front Light","status":"permanent","type":"beacon_special_purpose"},"children":{"beacon_special_purpose":{"category":"leading","shape":"tower"},"light":{"character":"Q","colour":"red","exhibition":"night","group":"1","height":"7","period":"1"},"topmark":{"colour":"red;white;red","colour_pattern":"vertical","shape":"board"}},"osm_tags":{"seamark:beacon_special_purpose:category":"leading","seamark:beacon_special_purpose:shape":"tower","seamark:light:character":"Q","seamark:light:colour":"red","seamark:light:exhibition":"night","seamark:light:group":"1","seamark:light:height":"7","seamark:light:period":"1","seamark:name":"Drum Island Channel Range Front Light","seamark:status":"permanent","seamark:topmark:colour":"red;white;red","seamark:topmark:colour_pattern":"vertical","seamark:topmark:shape":"board","seamark:type":"beacon_special_purpose"}}},{"type":"Feature","geometry":{"type":"Point","coordinates":[-79.907176,32.8099852]},"properties":{"osm_id":8603207319,"osm_type":"node","seamark_type":"beacon_special_purpose","display_class":"BEACON","min_zoom":9,"importance":4,"name":"Drum Island Channel Range Rear Light","ref":null,"common":{"name":"Drum Island Channel Range Rear Light","status":"permanent","type":"beacon_special_purpose"},"children":{"beacon_special_purpose":{"category":"leading","shape":"tower"},"light":{"1:category":"directional","1:character":"Iso","1:colour":"red","1:exhibition":"night","1:group":"1","1:height":"11.2","1:orientation":"124.9","1:period":"6"},"topmark":{"colour":"red;white;red","colour_pattern":"vertical","shape":"board"}},"osm_tags":{"seamark:beacon_special_purpose:category":"leading","seamark:beacon_special_purpose:shape":"tower","seamark:light:1:category":"directional","seamark:light:1:character":"Iso","seamark:light:1:colour":"red","seamark:light:1:exhibition":"night","seamark:light:1:group":"1","seamark:light:1:height":"11.2","seamark:light:1:orientation":"124.9","seamark:light:1:period":"6","seamark:name":"Drum Island Channel Range Rear Light","seamark:status":"permanent","seamark:topmark:colour":"red;white;red","seamark:topmark:colour_pattern":"vertical","seamark:topmark:shape":"board","seamark:type":"beacon_special_purpose"}}},{"type":"Feature","geometry":{"type":"Point","coordinates":[-79.9266145,32.8169422]},"properties":{"osm_id":8603269083,"osm_type":"node","seamark_type":"beacon_lateral","display_class":"BEACON","min_zoom":9,"importance":4,"name":"Drum Island Preferred Channel Light D","ref":null,"common":{"name":"Drum Island Preferred Channel Light D","status":"permanent","type":"beacon_lateral"},"children":{"beacon_lateral":{"category":"preferred_channel_starboard","colour":"green;red;green","colour_pattern":"horizontal","system":"iala-b"},"light":{"character":"Fl","colour":"green","exhibition":"night","group":"2+1","height":"3.6","period":"6","range":"5"},"topmark":{"colour":"green;red;green","colour_pattern":"horizontal","shape":"cylinder"}},"osm_tags":{"seamark:beacon_lateral:category":"preferred_channel_starboard","seamark:beacon_lateral:colour":"green;red;green","seamark:beacon_lateral:colour_pattern":"horizontal","seamark:beacon_lateral:system":"iala-b","seamark:light:character":"Fl","seamark:light:colour":"green","seamark:light:exhibition":"night","seamark:light:group":"2+1","seamark:light:height":"3.6","seamark:light:period":"6","seamark:light:range":"5","seamark:name":"Drum Island Preferred Channel Light D","seamark:status":"permanent","seamark:topmark:colour":"green;red;green","seamark:topmark:colour_pattern":"horizontal","seamark:topmark:shape":"cylinder","seamark:type":"beacon_lateral"}}},{"type":"Feature","geometry":{"type":"Point","coordinates":[-79.8707676,32.751219]},"properties":{"osm_id":1782751622,"osm_type":"node","seamark_type":"beacon_special_purpose","display_class":"BEACON","min_zoom":9,"importance":4,"name":"Fort Sumter Range Front Light and Passing Light","ref":null,"common":{"name":"Fort Sumter Range Front Light and Passing Light","status":"permanent","type":"beacon_special_purpose"},"children":{"beacon_special_purpose":{"category":"leading","shape":"tower"},"light":{"1:category":"directional","1:character":"Q","1:colour":"white","1:exhibition":"day","1:group":"1","1:height":"7.9","1:orientation":"299.1","1:period":"1","1:range":"5","2:category":"subsidairy","2:character":"Fl","2:colour":"white","2:exhibition":"night","2:group":"1","2:height":"24","2:period":"2.5","2:range":"5"}},"osm_tags":{"seamark:beacon_special_purpose:category":"leading","seamark:beacon_special_purpose:shape":"tower","seamark:light:1:category":"directional","seamark:light:1:character":"Q","seamark:light:1:colour":"white","seamark:light:1:exhibition":"day","seamark:light:1:group":"1","seamark:light:1:height":"7.9","seamark:light:1:orientation":"299.1","seamark:light:1:period":"1","seamark:light:1:range":"5","seamark:light:2:category":"subsidairy","seamark:light:2:character":"Fl","seamark:light:2:colour":"white","seamark:light:2:exhibition":"night","seamark:light:2:group":"1","seamark:light:2:height":"24","seamark:light:2:period":"2.5","seamark:light:2:range":"5","seamark:name":"Fort Sumter Range Front Light and Passing Light","seamark:status":"permanent","seamark:type":"beacon_special_purpose"}}},{"type":"Feature","geometry":{"type":"Point","coordinates":[-79.9019388,32.7660148]},"properties":{"osm_id":1782751628,"osm_type":"node","seamark_type":"beacon_special_purpose","display_class":"BEACON","min_zoom":9,"importance":4,"name":"Fort Sumter Range Rear Light and Passing Light","ref":null,"common":{"name":"Fort Sumter Range Rear Light and Passing Light","status":"permanent","type":"beacon_special_purpose"},"children":{"beacon_special_purpose":{"category":"leading","shape":"tower"},"light":{"1:character":"Iso","1:colour":"white","1:exhibition":"day","1:group":"1","1:height":"51.8","1:period":"6","1:sector_end":"299.1","1:sector_start":"298.1","2:character":"Iso","2:colour":"white","2:exhibition":"night","2:group":"1","2:height":"51.8","2:period":"6","2:sector_end":"299.1","2:sector_start":"298.1","3:character":"Fl","3:colour":"white","3:exhibition":"night","3:group":"1","3:height":"15.2","3:period":"6","3:range":"5"}},"osm_tags":{"seamark:beacon_special_purpose:category":"leading","seamark:beacon_special_purpose:shape":"tower","seamark:light:1:character":"Iso","seamark:light:1:colour":"white","seamark:light:1:exhibition":"day","seamark:light:1:group":"1","seamark:light:1:height":"51.8","seamark:light:1:period":"6","seamark:light:1:sector_end":"299.1","seamark:light:1:sector_start":"298.1","seamark:light:2:character":"Iso","seamark:light:2:colour":"white","seamark:light:2:exhibition":"night","seamark:light:2:group":"1","seamark:light:2:height":"51.8","seamark:light:2:period":"6","seamark:light:2:sector_end":"299.1","seamark:light:2:sector_start":"298.1","seamark:light:3:character":"Fl","seamark:light:3:colour":"white","seamark:light:3:exhibition":"night","seamark:light:3:group":"1","seamark:light:3:height":"15.2","seamark:light:3:period":"6","seamark:light:3:range":"5","seamark:name":"Fort Sumter Range Rear Light and Passing Light","seamark:status":"permanent","seamark:type":"beacon_special_purpose"}}},{"type":"Feature","geometry":{"type":"Point","coordinates":[-79.6548325,32.9375366]},"properties":{"osm_id":8604242804,"osm_type":"node","seamark_type":"beacon_special_purpose","display_class":"BEACON","min_zoom":9,"importance":4,"name":"Moores Landing Pier South Light","ref":null,"common":{"name":"Moores Landing Pier South Light","status":"private","type":"beacon_special_purpose"},"children":{"beacon_special_purpose":{"category":"unknown_purpose","colour":"black"},"light":{"character":"Fl","colour":"red","exhibition":"night"}},"osm_tags":{"seamark:beacon_special_purpose:category":"unknown_purpose","seamark:beacon_special_purpose:colour":"black","seamark:light:character":"Fl","seamark:light:colour":"red","seamark:light:exhibition":"night","seamark:name":"Moores Landing Pier South Light","seamark:status":"private","seamark:type":"beacon_special_purpose"}}},{"type":"Feature","geometry":{"type":"Point","coordinates":[-79.8810983,32.7722038]},"properties":{"osm_id":8600883247,"osm_type":"node","seamark_type":"beacon_special_purpose","display_class":"BEACON","min_zoom":9,"importance":4,"name":"Mount Pleasant Range Front","ref":null,"common":{"name":"Mount Pleasant Range Front","status":"permanent","type":"beacon_special_purpose"},"children":{"beacon_special_purpose":{"category":"leading","shape":"tower"},"light":{"1:character":"Fl","1:colour":"white","1:group":"1","1:height":"5.4","1:period":"2.5","1:sector_end":"319.1","1:sector_start":"316.1"}},"osm_tags":{"seamark:beacon_special_purpose:category":"leading","seamark:beacon_special_purpose:shape":"tower","seamark:light:1:character":"Fl","seamark:light:1:colour":"white","seamark:light:1:group":"1","seamark:light:1:height":"5.4","seamark:light:1:period":"2.5","seamark:light:1:sector_end":"319.1","seamark:light:1:sector_start":"316.1","seamark:name":"Mount Pleasant Range Front","seamark:status":"permanent","seamark:type":"beacon_special_purpose"}}},{"type":"Feature","geometry":{"type":"Point","coordinates":[-79.8855092,32.7762756]},"properties":{"osm_id":8600883246,"osm_type":"node","seamark_type":"beacon_special_purpose","display_class":"BEACON","min_zoom":9,"importance":4,"name":"Mount Pleasant Range Rear","ref":null,"common":{"name":"Mount Pleasant Range Rear","status":"permanent","type":"beacon_special_purpose"},"children":{"beacon_special_purpose":{"category":"leading","shape":"tower"},"light":{"1:character":"Iso","1:colour":"white","1:group":"1","1:height":"15.8","1:period":"6","1:sector_end":"319.1","1:sector_start":"316.1"}},"osm_tags":{"seamark:beacon_special_purpose:category":"leading","seamark:beacon_special_purpose:shape":"tower","seamark:light:1:character":"Iso","seamark:light:1:colour":"white","seamark:light:1:group":"1","seamark:light:1:height":"15.8","seamark:light:1:period":"6","seamark:light:1:sector_end":"319.1","seamark:light:1:sector_start":"316.1","seamark:name":"Mount Pleasant Range Rear","seamark:status":"permanent","seamark:type":"beacon_special_purpose"}}},{"type":"Feature","geometry":{"type":"Point","coordinates":[-79.9052757,32.7649522]},"properties":{"osm_id":8600883238,"osm_type":"node","seamark_type":"beacon_special_purpose","display_class":"BEACON","min_zoom":9,"importance":4,"name":"Ripley Daybeacon","ref":null,"common":{"name":"Ripley Daybeacon","status":"permanent","type":"beacon_special_purpose"},"children":{"beacon_special_purpose":{"category":"warning"},"topmark":{"colour":"orange","colour_pattern":"border","shape":"rhombus"}},"osm_tags":{"seamark:beacon_special_purpose:category":"warning","seamark:name":"Ripley Daybeacon","seamark:status":"permanent","seamark:topmark:colour":"orange","seamark:topmark:colour_pattern":"border","seamark:topmark:shape":"rhombus","seamark:type":"beacon_special_purpose"}}},{"type":"Feature","geometry":{"type":"Point","coordinates":[-79.9327268,32.8096223]},"properties":{"osm_id":8603269081,"osm_type":"node","seamark_type":"beacon_lateral","display_class":"BEACON","min_zoom":9,"importance":4,"name":"Town Creek Channel Light 5","ref":null,"common":{"name":"Town Creek Channel Light 5","status":"permanent","type":"beacon_lateral"},"children":{"beacon_lateral":{"category":"port","colour":"green","system":"iala-b"},"light":{"character":"Fl","colour":"green","exhibition":"night","group":"1","height":"4","period":"4","range":"5"},"topmark":{"colour":"green","shape":"cylinder"}},"osm_tags":{"seamark:beacon_lateral:category":"port","seamark:beacon_lateral:colour":"green","seamark:beacon_lateral:system":"iala-b","seamark:light:character":"Fl","seamark:light:colour":"green","seamark:light:exhibition":"night","seamark:light:group":"1","seamark:light:height":"4","seamark:light:period":"4","seamark:light:range":"5","seamark:name":"Town Creek Channel Light 5","seamark:status":"permanent","seamark:topmark:colour":"green","seamark:topmark:shape":"cylinder","seamark:type":"beacon_lateral"}}},{"type":"Feature","geometry":{"type":"Point","coordinates":[-79.9183064,32.8083668]},"properties":{"osm_id":8603207322,"osm_type":"node","seamark_type":"beacon_special_purpose","display_class":"BEACON","min_zoom":9,"importance":4,"name":"Wando River Range A Front Light","ref":null,"common":{"name":"Wando River Range A Front Light","status":"permanent","type":"beacon_special_purpose"},"children":{"beacon_special_purpose":{"category":"leading","shape":"tower"},"light":{"1:category":"directional","1:character":"Fl","1:colour":"green","1:group":"1","1:height":"4.5","1:orientation":"222","1:period":"2.5"}},"osm_tags":{"seamark:beacon_special_purpose:category":"leading","seamark:beacon_special_purpose:shape":"tower","seamark:light:1:category":"directional","seamark:light:1:character":"Fl","seamark:light:1:colour":"green","seamark:light:1:group":"1","seamark:light:1:height":"4.5","seamark:light:1:orientation":"222","seamark:light:1:period":"2.5","seamark:name":"Wando River Range A Front Light","seamark:status":"permanent","seamark:type":"beacon_special_purpose"}}},{"type":"Feature","geometry":{"type":"Point","coordinates":[-79.9200981,32.8065261]},"properties":{"osm_id":8603207323,"osm_type":"node","seamark_type":"beacon_special_purpose","display_class":"BEACON","min_zoom":9,"importance":4,"name":"Wando River Range A Rear Light","ref":null,"common":{"name":"Wando River Range A Rear Light","status":"permanent","type":"beacon_special_purpose"},"children":{"beacon_special_purpose":{"category":"leading","shape":"tower"},"light":{"1:category":"directional","1:character":"Iso","1:colour":"green","1:group":"1","1:height":"11.5","1:period":"6"}},"osm_tags":{"seamark:beacon_special_purpose:category":"leading","seamark:beacon_special_purpose:shape":"tower","seamark:light:1:category":"directional","seamark:light:1:character":"Iso","seamark:light:1:colour":"green","seamark:light:1:group":"1","seamark:light:1:height":"11.5","seamark:light:1:period":"6","seamark:name":"Wando River Range A Rear Light","seamark:status":"permanent","seamark:type":"beacon_special_purpose"}}},{"type":"Feature","geometry":{"type":"Point","coordinates":[-79.9514365,32.7739099]},"properties":{"osm_id":8601016793,"osm_type":"node","seamark_type":"beacon_lateral","display_class":"BEACON","min_zoom":9,"importance":4,"name":"Wappoo Creek Light 2","ref":null,"common":{"name":"Wappoo Creek Light 2","status":"permanent","type":"beacon_lateral"},"children":{"beacon_lateral":{"category":"starboard","colour":"red","system":"iala-b"},"light":{"character":"Q","colour":"red","exhibition":"night","group":"1","height":"4.8","period":"1","range":"4"},"topmark":{"colour":"red","shape":"cone, point up"}},"osm_tags":{"seamark:beacon_lateral:category":"starboard","seamark:beacon_lateral:colour":"red","seamark:beacon_lateral:system":"iala-b","seamark:light:character":"Q","seamark:light:colour":"red","seamark:light:exhibition":"night","seamark:light:group":"1","seamark:light:height":"4.8","seamark:light:period":"1","seamark:light:range":"4","seamark:name":"Wappoo Creek Light 2","seamark:status":"permanent","seamark:topmark:colour":"red","seamark:topmark:shape":"cone, point up","seamark:type":"beacon_lateral"}}},{"type":"Feature","geometry":{"type":"Point","coordinates":[-79.86517,32.768946]},"properties":{"osm_id":8603320342,"osm_type":"node","seamark_type":"beacon_special_purpose","display_class":"BEACON","min_zoom":9,"importance":4,"name":"Winyah Bay - Charleston Harbor Range Front Light C","ref":null,"common":{"name":"Winyah Bay - Charleston Harbor Range Front Light C","status":"permanent","type":"beacon_special_purpose"},"children":{"beacon_special_purpose":{"category":"leading","colour":"black","colour_pattern":"vertical"},"light":{"character":"Q","colour":"red","exhibition":"night","group":"1","height":"3.9","period":"1"},"topmark":{"colour":"red;white;red","colour_pattern":"vertical","shape":"board"}},"osm_tags":{"seamark:beacon_special_purpose:category":"leading","seamark:beacon_special_purpose:colour":"black","seamark:beacon_special_purpose:colour_pattern":"vertical","seamark:light:character":"Q","seamark:light:colour":"red","seamark:light:exhibition":"night","seamark:light:group":"1","seamark:light:height":"3.9","seamark:light:period":"1","seamark:name":"Winyah Bay - Charleston Harbor Range Front Light C","seamark:status":"permanent","seamark:topmark:colour":"red;white;red","seamark:topmark:colour_pattern":"vertical","seamark:topmark:shape":"board","seamark:type":"beacon_special_purpose"}}},{"type":"Feature","geometry":{"type":"Point","coordinates":[-79.7224429,32.8585819]},"properties":{"osm_id":8604260020,"osm_type":"node","seamark_type":"beacon_lateral","display_class":"BEACON","min_zoom":9,"importance":4,"name":"Winyah Bay-Charleston Harbor Daybeacon 100","ref":null,"common":{"name":"Winyah Bay-Charleston Harbor Daybeacon 100","reflectivity":"reflector","status":"permanent","type":"beacon_lateral"},"children":{"beacon_lateral":{"category":"starboard","colour":"red","system":"iala-b"},"topmark":{"colour":"red","shape":"cone, point up"}},"osm_tags":{"seamark:beacon_lateral:category":"starboard","seamark:beacon_lateral:colour":"red","seamark:beacon_lateral:system":"iala-b","seamark:name":"Winyah Bay-Charleston Harbor Daybeacon 100","seamark:reflectivity":"reflector","seamark:status":"permanent","seamark:topmark:colour":"red","seamark:topmark:shape":"cone, point up","seamark:type":"beacon_lateral"}}},{"type":"Feature","geometry":{"type":"Point","coordinates":[-79.7247738,32.8550681]},"properties":{"osm_id":8604260021,"osm_type":"node","seamark_type":"beacon_lateral","display_class":"BEACON","min_zoom":9,"importance":4,"name":"Winyah Bay-Charleston Harbor Daybeacon 101","ref":null,"common":{"name":"Winyah Bay-Charleston Harbor Daybeacon 101","reflectivity":"reflector","status":"permanent","type":"beacon_lateral"},"children":{"beacon_lateral":{"category":"port","colour":"green","system":"iala-b"},"topmark":{"colour":"green","shape":"cylinder"}},"osm_tags":{"seamark:beacon_lateral:category":"port","seamark:beacon_lateral:colour":"green","seamark:beacon_lateral:system":"iala-b","seamark:name":"Winyah Bay-Charleston Harbor Daybeacon 101","seamark:reflectivity":"reflector","seamark:status":"permanent","seamark:topmark:colour":"green","seamark:topmark:shape":"cylinder","seamark:type":"beacon_lateral"}}},{"type":"Feature","geometry":{"type":"Point","coordinates":[-79.7280467,32.8528312]},"properties":{"osm_id":8604260022,"osm_type":"node","seamark_type":"beacon_lateral","display_class":"BEACON","min_zoom":9,"importance":4,"name":"Winyah Bay-Charleston Harbor Daybeacon 102","ref":null,"common":{"name":"Winyah Bay-Charleston Harbor Daybeacon 102","reflectivity":"reflector","status":"permanent","type":"beacon_lateral"},"children":{"beacon_lateral":{"category":"starboard","colour":"red","system":"iala-b"},"topmark":{"colour":"red","shape":"cone, point up"}},"osm_tags":{"seamark:beacon_lateral:category":"starboard","seamark:beacon_lateral:colour":"red","seamark:beacon_lateral:system":"iala-b","seamark:name":"Winyah Bay-Charleston Harbor Daybeacon 102","seamark:reflectivity":"reflector","seamark:status":"permanent","seamark:topmark:colour":"red","seamark:topmark:shape":"cone, point up","seamark:type":"beacon_lateral"}}},{"type":"Feature","geometry":{"type":"Point","coordinates":[-79.7337256,32.8462532]},"properties":{"osm_id":8604260024,"osm_type":"node","seamark_type":"beacon_lateral","display_class":"BEACON","min_zoom":9,"importance":4,"name":"Winyah Bay-Charleston Harbor Daybeacon 104","ref":null,"common":{"name":"Winyah Bay-Charleston Harbor Daybeacon 104","reflectivity":"reflector","status":"permanent","type":"beacon_lateral"},"children":{"beacon_lateral":{"category":"starboard","colour":"red","system":"iala-b"},"topmark":{"colour":"red","shape":"cone, point up"}},"osm_tags":{"seamark:beacon_lateral:category":"starboard","seamark:beacon_lateral:colour":"red","seamark:beacon_lateral:system":"iala-b","seamark:name":"Winyah Bay-Charleston Harbor Daybeacon 104","seamark:reflectivity":"reflector","seamark:status":"permanent","seamark:topmark:colour":"red","seamark:topmark:shape":"cone, point up","seamark:type":"beacon_lateral"}}},{"type":"Feature","geometry":{"type":"Point","coordinates":[-79.7361074,32.8419728]},"properties":{"osm_id":8604260025,"osm_type":"node","seamark_type":"beacon_lateral","display_class":"BEACON","min_zoom":9,"importance":4,"name":"Winyah Bay-Charleston Harbor Daybeacon 105","ref":null,"common":{"name":"Winyah Bay-Charleston Harbor Daybeacon 105","reflectivity":"reflector","status":"permanent","type":"beacon_lateral"},"children":{"beacon_lateral":{"category":"port","colour":"green","system":"iala-b"},"topmark":{"colour":"green","shape":"cylinder"}},"osm_tags":{"seamark:beacon_lateral:category":"port","seamark:beacon_lateral:colour":"green","seamark:beacon_lateral:system":"iala-b","seamark:name":"Winyah Bay-Charleston Harbor Daybeacon 105","seamark:reflectivity":"reflector","seamark:status":"permanent","seamark:topmark:colour":"green","seamark:topmark:shape":"cylinder","seamark:type":"beacon_lateral"}}},{"type":"Feature","geometry":{"type":"Point","coordinates":[-79.7397459,32.838802]},"properties":{"osm_id":8604260026,"osm_type":"node","seamark_type":"beacon_lateral","display_class":"BEACON","min_zoom":9,"importance":4,"name":"Winyah Bay-Charleston Harbor Daybeacon 106","ref":null,"common":{"name":"Winyah Bay-Charleston Harbor Daybeacon 106","reflectivity":"reflector","status":"permanent","type":"beacon_lateral"},"children":{"beacon_lateral":{"category":"starboard","colour":"red","system":"iala-b"},"topmark":{"colour":"red","shape":"cone, point up"}},"osm_tags":{"seamark:beacon_lateral:category":"starboard","seamark:beacon_lateral:colour":"red","seamark:beacon_lateral:system":"iala-b","seamark:name":"Winyah Bay-Charleston Harbor Daybeacon 106","seamark:reflectivity":"reflector","seamark:status":"permanent","seamark:topmark:colour":"red","seamark:topmark:shape":"cone, point up","seamark:type":"beacon_lateral"}}},{"type":"Feature","geometry":{"type":"Point","coordinates":[-79.7418594,32.8329538]},"properties":{"osm_id":8604260028,"osm_type":"node","seamark_type":"beacon_lateral","display_class":"BEACON","min_zoom":9,"importance":4,"name":"Winyah Bay-Charleston Harbor Daybeacon 109","ref":null,"common":{"name":"Winyah Bay-Charleston Harbor Daybeacon 109","reflectivity":"reflector","status":"permanent","type":"beacon_lateral"},"children":{"beacon_lateral":{"category":"port","colour":"green","system":"iala-b"},"topmark":{"colour":"green","shape":"cylinder"}},"osm_tags":{"seamark:beacon_lateral:category":"port","seamark:beacon_lateral:colour":"green","seamark:beacon_lateral:system":"iala-b","seamark:name":"Winyah Bay-Charleston Harbor Daybeacon 109","seamark:reflectivity":"reflector","seamark:status":"permanent","seamark:topmark:colour":"green","seamark:topmark:shape":"cylinder","seamark:type":"beacon_lateral"}}},{"type":"Feature","geometry":{"type":"Point","coordinates":[-79.7440334,32.827628]},"properties":{"osm_id":8604260029,"osm_type":"node","seamark_type":"beacon_lateral","display_class":"BEACON","min_zoom":9,"importance":4,"name":"Winyah Bay-Charleston Harbor Daybeacon 110","ref":null,"common":{"name":"Winyah Bay-Charleston Harbor Daybeacon 110","reflectivity":"reflector","status":"permanent","type":"beacon_lateral"},"children":{"beacon_lateral":{"category":"starboard","colour":"red","system":"iala-b"},"topmark":{"colour":"red","shape":"cone, point up"}},"osm_tags":{"seamark:beacon_lateral:category":"starboard","seamark:beacon_lateral:colour":"red","seamark:beacon_lateral:system":"iala-b","seamark:name":"Winyah Bay-Charleston Harbor Daybeacon 110","seamark:reflectivity":"reflector","seamark:status":"permanent","seamark:topmark:colour":"red","seamark:topmark:shape":"cone, point up","seamark:type":"beacon_lateral"}}},{"type":"Feature","geometry":{"type":"Point","coordinates":[-79.7441004,32.8239846]},"properties":{"osm_id":8604260031,"osm_type":"node","seamark_type":"beacon_lateral","display_class":"BEACON","min_zoom":9,"importance":4,"name":"Winyah Bay-Charleston Harbor Daybeacon 111","ref":null,"common":{"name":"Winyah Bay-Charleston Harbor Daybeacon 111","reflectivity":"reflector","status":"permanent","type":"beacon_lateral"},"children":{"beacon_lateral":{"category":"port","colour":"green","system":"iala-b"},"topmark":{"colour":"green","shape":"cylinder"}},"osm_tags":{"seamark:beacon_lateral:category":"port","seamark:beacon_lateral:colour":"green","seamark:beacon_lateral:system":"iala-b","seamark:name":"Winyah Bay-Charleston Harbor Daybeacon 111","seamark:reflectivity":"reflector","seamark:status":"permanent","seamark:topmark:colour":"green","seamark:topmark:shape":"cylinder","seamark:type":"beacon_lateral"}}},{"type":"Feature","geometry":{"type":"Point","coordinates":[-79.7473043,32.8195301]},"properties":{"osm_id":8604260030,"osm_type":"node","seamark_type":"beacon_lateral","display_class":"BEACON","min_zoom":9,"importance":4,"name":"Winyah Bay-Charleston Harbor Daybeacon 113","ref":null,"common":{"name":"Winyah Bay-Charleston Harbor Daybeacon 113","reflectivity":"reflector","status":"permanent","type":"beacon_lateral"},"children":{"beacon_lateral":{"category":"port","colour":"green","system":"iala-b"},"topmark":{"colour":"green","shape":"cylinder"}},"osm_tags":{"seamark:beacon_lateral:category":"port","seamark:beacon_lateral:colour":"green","seamark:beacon_lateral:system":"iala-b","seamark:name":"Winyah Bay-Charleston Harbor Daybeacon 113","seamark:reflectivity":"reflector","seamark:status":"permanent","seamark:topmark:colour":"green","seamark:topmark:shape":"cylinder","seamark:type":"beacon_lateral"}}},{"type":"Feature","geometry":{"type":"Point","coordinates":[-79.750822,32.8147699]},"properties":{"osm_id":8604260032,"osm_type":"node","seamark_type":"beacon_lateral","display_class":"BEACON","min_zoom":9,"importance":4,"name":"Winyah Bay-Charleston Harbor Daybeacon 115","ref":null,"common":{"name":"Winyah Bay-Charleston Harbor Daybeacon 115","reflectivity":"reflector","status":"permanent","type":"beacon_lateral"},"children":{"beacon_lateral":{"category":"port","colour":"green","system":"iala-b"},"topmark":{"colour":"green","shape":"cylinder"}},"osm_tags":{"seamark:beacon_lateral:category":"port","seamark:beacon_lateral:colour":"green","seamark:beacon_lateral:system":"iala-b","seamark:name":"Winyah Bay-Charleston Harbor Daybeacon 115","seamark:reflectivity":"reflector","seamark:status":"permanent","seamark:topmark:colour":"green","seamark:topmark:shape":"cylinder","seamark:type":"beacon_lateral"}}},{"type":"Feature","geometry":{"type":"Point","coordinates":[-79.7875509,32.7954696]},"properties":{"osm_id":8604170458,"osm_type":"node","seamark_type":"beacon_lateral","display_class":"BEACON","min_zoom":9,"importance":4,"name":"Winyah Bay-Charleston Harbor Daybeacon 117","ref":null,"common":{"name":"Winyah Bay-Charleston Harbor Daybeacon 117","reflectivity":"reflector","status":"permanent","type":"beacon_lateral"},"children":{"beacon_lateral":{"category":"port","colour":"green","system":"iala-b"},"topmark":{"colour":"green","shape":"cylinder"}},"osm_tags":{"seamark:beacon_lateral:category":"port","seamark:beacon_lateral:colour":"green","seamark:beacon_lateral:system":"iala-b","seamark:name":"Winyah Bay-Charleston Harbor Daybeacon 117","seamark:reflectivity":"reflector","seamark:status":"permanent","seamark:topmark:colour":"green","seamark:topmark:shape":"cylinder","seamark:type":"beacon_lateral"}}},{"type":"Feature","geometry":{"type":"Point","coordinates":[-79.8092379,32.786518]},"properties":{"osm_id":8604170462,"osm_type":"node","seamark_type":"beacon_lateral","display_class":"BEACON","min_zoom":9,"importance":4,"name":"Winyah Bay-Charleston Harbor Daybeacon 117A","ref":null,"common":{"name":"Winyah Bay-Charleston Harbor Daybeacon 117A","status":"permanent","type":"beacon_lateral"},"children":{"beacon_lateral":{"category":"port","colour":"green","system":"iala-b"},"topmark":{"colour":"green","shape":"cylinder"}},"osm_tags":{"seamark:beacon_lateral:category":"port","seamark:beacon_lateral:colour":"green","seamark:beacon_lateral:system":"iala-b","seamark:name":"Winyah Bay-Charleston Harbor Daybeacon 117A","seamark:status":"permanent","seamark:topmark:colour":"green","seamark:topmark:shape":"cylinder","seamark:type":"beacon_lateral"}}},{"type":"Feature","geometry":{"type":"Point","coordinates":[-79.8232289,32.7805101]},"properties":{"osm_id":8604170463,"osm_type":"node","seamark_type":"beacon_lateral","display_class":"BEACON","min_zoom":9,"importance":4,"name":"Winyah Bay-Charleston Harbor Daybeacon 119","ref":null,"common":{"name":"Winyah Bay-Charleston Harbor Daybeacon 119","status":"permanent","type":"beacon_lateral"},"children":{"beacon_lateral":{"category":"port","colour":"green","system":"iala-b"},"topmark":{"colour":"green","shape":"cylinder"}},"osm_tags":{"seamark:beacon_lateral:category":"port","seamark:beacon_lateral:colour":"green","seamark:beacon_lateral:system":"iala-b","seamark:name":"Winyah Bay-Charleston Harbor Daybeacon 119","seamark:status":"permanent","seamark:topmark:colour":"green","seamark:topmark:shape":"cylinder","seamark:type":"beacon_lateral"}}},{"type":"Feature","geometry":{"type":"Point","coordinates":[-79.8302553,32.7775492]},"properties":{"osm_id":8603532762,"osm_type":"node","seamark_type":"beacon_lateral","display_class":"BEACON","min_zoom":9,"importance":4,"name":"Winyah Bay-Charleston Harbor Daybeacon 121","ref":null,"common":{"name":"Winyah Bay-Charleston Harbor Daybeacon 121","status":"permanent","type":"beacon_lateral"},"children":{"beacon_lateral":{"category":"port","colour":"green","system":"iala-b"},"topmark":{"colour":"green","shape":"cylinder"}},"osm_tags":{"seamark:beacon_lateral:category":"port","seamark:beacon_lateral:colour":"green","seamark:beacon_lateral:system":"iala-b","seamark:name":"Winyah Bay-Charleston Harbor Daybeacon 121","seamark:status":"permanent","seamark:topmark:colour":"green","seamark:topmark:shape":"cylinder","seamark:type":"beacon_lateral"}}},{"type":"Feature","geometry":{"type":"Point","coordinates":[-79.8515108,32.7690429]},"properties":{"osm_id":8603532765,"osm_type":"node","seamark_type":"beacon_lateral","display_class":"BEACON","min_zoom":9,"importance":4,"name":"Winyah Bay-Charleston Harbor Daybeacon 122","ref":null,"common":{"name":"Winyah Bay-Charleston Harbor Daybeacon 122","status":"permanent","type":"beacon_lateral"},"children":{"beacon_lateral":{"category":"starboard","colour":"red","system":"iala-b"},"topmark":{"colour":"red","shape":"cone, point up"}},"osm_tags":{"seamark:beacon_lateral:category":"starboard","seamark:beacon_lateral:colour":"red","seamark:beacon_lateral:system":"iala-b","seamark:name":"Winyah Bay-Charleston Harbor Daybeacon 122","seamark:status":"permanent","seamark:topmark:colour":"red","seamark:topmark:shape":"cone, point up","seamark:type":"beacon_lateral"}}},{"type":"Feature","geometry":{"type":"Point","coordinates":[-79.8531423,32.7675967]},"properties":{"osm_id":8603532766,"osm_type":"node","seamark_type":"beacon_lateral","display_class":"BEACON","min_zoom":9,"importance":4,"name":"Winyah Bay-Charleston Harbor Daybeacon 123","ref":null,"common":{"name":"Winyah Bay-Charleston Harbor Daybeacon 123","status":"permanent","type":"beacon_lateral"},"children":{"beacon_lateral":{"category":"port","colour":"green","system":"iala-b"},"topmark":{"colour":"green","shape":"cylinder"}},"osm_tags":{"seamark:beacon_lateral:category":"port","seamark:beacon_lateral:colour":"green","seamark:beacon_lateral:system":"iala-b","seamark:name":"Winyah Bay-Charleston Harbor Daybeacon 123","seamark:status":"permanent","seamark:topmark:colour":"green","seamark:topmark:shape":"cylinder","seamark:type":"beacon_lateral"}}},{"type":"Feature","geometry":{"type":"Point","coordinates":[-79.6516608,32.9428974]},"properties":{"osm_id":8604242802,"osm_type":"node","seamark_type":"beacon_lateral","display_class":"BEACON","min_zoom":9,"importance":4,"name":"Winyah Bay-Charleston Harbor Daybeacon 69","ref":null,"common":{"name":"Winyah Bay-Charleston Harbor Daybeacon 69","reflectivity":"reflector","status":"permanent","type":"beacon_lateral"},"children":{"beacon_lateral":{"category":"port","colour":"green","system":"iala-b"},"topmark":{"colour":"green","shape":"cylinder"}},"osm_tags":{"seamark:beacon_lateral:category":"port","seamark:beacon_lateral:colour":"green","seamark:beacon_lateral:system":"iala-b","seamark:name":"Winyah Bay-Charleston Harbor Daybeacon 69","seamark:reflectivity":"reflector","seamark:status":"permanent","seamark:topmark:colour":"green","seamark:topmark:shape":"cylinder","seamark:type":"beacon_lateral"}}},{"type":"Feature","geometry":{"type":"Point","coordinates":[-79.6549666,32.9364313]},"properties":{"osm_id":8604242805,"osm_type":"node","seamark_type":"beacon_lateral","display_class":"BEACON","min_zoom":9,"importance":4,"name":"Winyah Bay-Charleston Harbor Daybeacon 74","ref":null,"common":{"name":"Winyah Bay-Charleston Harbor Daybeacon 74","reflectivity":"reflector","status":"permanent","type":"beacon_lateral"},"children":{"beacon_lateral":{"category":"starboard","colour":"red","system":"iala-b"},"topmark":{"colour":"red","shape":"cone, point up"}},"osm_tags":{"seamark:beacon_lateral:category":"starboard","seamark:beacon_lateral:colour":"red","seamark:beacon_lateral:system":"iala-b","seamark:name":"Winyah Bay-Charleston Harbor Daybeacon 74","seamark:reflectivity":"reflector","seamark:status":"permanent","seamark:topmark:colour":"red","seamark:topmark:shape":"cone, point up","seamark:type":"beacon_lateral"}}},{"type":"Feature","geometry":{"type":"Point","coordinates":[-79.6584293,32.9272587]},"properties":{"osm_id":8604242807,"osm_type":"node","seamark_type":"beacon_lateral","display_class":"BEACON","min_zoom":9,"importance":4,"name":"Winyah Bay-Charleston Harbor Daybeacon 78","ref":null,"common":{"name":"Winyah Bay-Charleston Harbor Daybeacon 78","reflectivity":"reflector","status":"permanent","type":"beacon_lateral"},"children":{"beacon_lateral":{"category":"starboard","colour":"red","system":"iala-b"},"topmark":{"colour":"red","shape":"cone, point up"}},"osm_tags":{"seamark:beacon_lateral:category":"starboard","seamark:beacon_lateral:colour":"red","seamark:beacon_lateral:system":"iala-b","seamark:name":"Winyah Bay-Charleston Harbor Daybeacon 78","seamark:reflectivity":"reflector","seamark:status":"permanent","seamark:topmark:colour":"red","seamark:topmark:shape":"cone, point up","seamark:type":"beacon_lateral"}}},{"type":"Feature","geometry":{"type":"Point","coordinates":[-79.6735369,32.9065383]},"properties":{"osm_id":8604242810,"osm_type":"node","seamark_type":"beacon_lateral","display_class":"BEACON","min_zoom":9,"importance":4,"name":"Winyah Bay-Charleston Harbor Daybeacon 84","ref":null,"common":{"name":"Winyah Bay-Charleston Harbor Daybeacon 84","reflectivity":"reflector","status":"permanent","type":"beacon_lateral"},"children":{"beacon_lateral":{"category":"starboard","colour":"red","system":"iala-b"},"topmark":{"colour":"red","shape":"cone, point up"}},"osm_tags":{"seamark:beacon_lateral:category":"starboard","seamark:beacon_lateral:colour":"red","seamark:beacon_lateral:system":"iala-b","seamark:name":"Winyah Bay-Charleston Harbor Daybeacon 84","seamark:reflectivity":"reflector","seamark:status":"permanent","seamark:topmark:colour":"red","seamark:topmark:shape":"cone, point up","seamark:type":"beacon_lateral"}}},{"type":"Feature","geometry":{"type":"Point","coordinates":[-79.6817485,32.8991631]},"properties":{"osm_id":8604242812,"osm_type":"node","seamark_type":"beacon_lateral","display_class":"BEACON","min_zoom":9,"importance":4,"name":"Winyah Bay-Charleston Harbor Daybeacon 88","ref":null,"common":{"name":"Winyah Bay-Charleston Harbor Daybeacon 88","reflectivity":"reflector","status":"permanent","type":"beacon_lateral"},"children":{"beacon_lateral":{"category":"starboard","colour":"red","system":"iala-b"},"topmark":{"colour":"red","shape":"cone, point up"}},"osm_tags":{"seamark:beacon_lateral:category":"starboard","seamark:beacon_lateral:colour":"red","seamark:beacon_lateral:system":"iala-b","seamark:name":"Winyah Bay-Charleston Harbor Daybeacon 88","seamark:reflectivity":"reflector","seamark:status":"permanent","seamark:topmark:colour":"red","seamark:topmark:shape":"cone, point up","seamark:type":"beacon_lateral"}}},{"type":"Feature","geometry":{"type":"Point","coordinates":[-79.6917906,32.8897828]},"properties":{"osm_id":8604242814,"osm_type":"node","seamark_type":"beacon_lateral","display_class":"BEACON","min_zoom":9,"importance":4,"name":"Winyah Bay-Charleston Harbor Daybeacon 90","ref":null,"common":{"name":"Winyah Bay-Charleston Harbor Daybeacon 90","reflectivity":"reflector","status":"permanent","type":"beacon_lateral"},"children":{"beacon_lateral":{"category":"starboard","colour":"red","system":"iala-b"},"topmark":{"colour":"red","shape":"cone, point up"}},"osm_tags":{"seamark:beacon_lateral:category":"starboard","seamark:beacon_lateral:colour":"red","seamark:beacon_lateral:system":"iala-b","seamark:name":"Winyah Bay-Charleston Harbor Daybeacon 90","seamark:reflectivity":"reflector","seamark:status":"permanent","seamark:topmark:colour":"red","seamark:topmark:shape":"cone, point up","seamark:type":"beacon_lateral"}}},{"type":"Feature","geometry":{"type":"Point","coordinates":[-79.7047175,32.8755865]},"properties":{"osm_id":8604242816,"osm_type":"node","seamark_type":"beacon_lateral","display_class":"BEACON","min_zoom":9,"importance":4,"name":"Winyah Bay-Charleston Harbor Daybeacon 94","ref":null,"common":{"name":"Winyah Bay-Charleston Harbor Daybeacon 94","reflectivity":"reflector","status":"permanent","type":"beacon_lateral"},"children":{"beacon_lateral":{"category":"starboard","colour":"red","system":"iala-b"},"topmark":{"colour":"red","shape":"cone, point up"}},"osm_tags":{"seamark:beacon_lateral:category":"starboard","seamark:beacon_lateral:colour":"red","seamark:beacon_lateral:system":"iala-b","seamark:name":"Winyah Bay-Charleston Harbor Daybeacon 94","seamark:reflectivity":"reflector","seamark:status":"permanent","seamark:topmark:colour":"red","seamark:topmark:shape":"cone, point up","seamark:type":"beacon_lateral"}}},{"type":"Feature","geometry":{"type":"Point","coordinates":[-79.713654,32.8665287]},"properties":{"osm_id":8604260018,"osm_type":"node","seamark_type":"beacon_lateral","display_class":"BEACON","min_zoom":9,"importance":4,"name":"Winyah Bay-Charleston Harbor Daybeacon 97","ref":null,"common":{"name":"Winyah Bay-Charleston Harbor Daybeacon 97","reflectivity":"reflector","status":"permanent","type":"beacon_lateral"},"children":{"beacon_lateral":{"category":"port","colour":"green","system":"iala-b"},"topmark":{"colour":"green","shape":"cylinder"}},"osm_tags":{"seamark:beacon_lateral:category":"port","seamark:beacon_lateral:colour":"green","seamark:beacon_lateral:system":"iala-b","seamark:name":"Winyah Bay-Charleston Harbor Daybeacon 97","seamark:reflectivity":"reflector","seamark:status":"permanent","seamark:topmark:colour":"green","seamark:topmark:shape":"cylinder","seamark:type":"beacon_lateral"}}},{"type":"Feature","geometry":{"type":"Point","coordinates":[-79.7293858,32.8506428]},"properties":{"osm_id":8604260023,"osm_type":"node","seamark_type":"beacon_lateral","display_class":"BEACON","min_zoom":9,"importance":4,"name":"Winyah Bay-Charleston Harbor Light 103","ref":null,"common":{"name":"Winyah Bay-Charleston Harbor Light 103","reflectivity":"reflector","status":"permanent","type":"beacon_lateral"},"children":{"beacon_lateral":{"category":"port","colour":"green","system":"iala-b"},"light":{"character":"Fl","colour":"green","exhibition":"night","group":"1","height":"5","period":"4","range":"5"},"topmark":{"colour":"green","shape":"cylinder"}},"osm_tags":{"seamark:beacon_lateral:category":"port","seamark:beacon_lateral:colour":"green","seamark:beacon_lateral:system":"iala-b","seamark:light:character":"Fl","seamark:light:colour":"green","seamark:light:exhibition":"night","seamark:light:group":"1","seamark:light:height":"5","seamark:light:period":"4","seamark:light:range":"5","seamark:name":"Winyah Bay-Charleston Harbor Light 103","seamark:reflectivity":"reflector","seamark:status":"permanent","seamark:topmark:colour":"green","seamark:topmark:shape":"cylinder","seamark:type":"beacon_lateral"}}},{"type":"Feature","geometry":{"type":"Point","coordinates":[-79.7422215,32.8354982]},"properties":{"osm_id":8604260027,"osm_type":"node","seamark_type":"beacon_lateral","display_class":"BEACON","min_zoom":9,"importance":4,"name":"Winyah Bay-Charleston Harbor Light 108","ref":null,"common":{"name":"Winyah Bay-Charleston Harbor Light 108","reflectivity":"reflector","status":"permanent","type":"beacon_lateral"},"children":{"beacon_lateral":{"category":"starboard","colour":"red","system":"iala-b"},"light":{"character":"Fl","colour":"red","exhibition":"night","group":"1","height":"5","period":"4","range":"3"},"topmark":{"colour":"red","shape":"cone, point up"}},"osm_tags":{"seamark:beacon_lateral:category":"starboard","seamark:beacon_lateral:colour":"red","seamark:beacon_lateral:system":"iala-b","seamark:light:character":"Fl","seamark:light:colour":"red","seamark:light:exhibition":"night","seamark:light:group":"1","seamark:light:height":"5","seamark:light:period":"4","seamark:light:range":"3","seamark:name":"Winyah Bay-Charleston Harbor Light 108","seamark:reflectivity":"reflector","seamark:status":"permanent","seamark:topmark:colour":"red","seamark:topmark:shape":"cone, point up","seamark:type":"beacon_lateral"}}},{"type":"Feature","geometry":{"type":"Point","coordinates":[-79.7980195,32.7915632]},"properties":{"osm_id":8604170461,"osm_type":"node","seamark_type":"beacon_lateral","display_class":"BEACON","min_zoom":9,"importance":4,"name":"Winyah Bay-Charleston Harbor Light 118","ref":null,"common":{"name":"Winyah Bay-Charleston Harbor Light 118","status":"permanent","type":"beacon_lateral"},"children":{"beacon_lateral":{"category":"starboard","colour":"red","system":"iala-b"},"light":{"character":"Fl","colour":"red","exhibition":"night","group":"1","height":"4.8","period":"4","range":"5"},"topmark":{"colour":"red","shape":"cone, point up"}},"osm_tags":{"seamark:beacon_lateral:category":"starboard","seamark:beacon_lateral:colour":"red","seamark:beacon_lateral:system":"iala-b","seamark:light:character":"Fl","seamark:light:colour":"red","seamark:light:exhibition":"night","seamark:light:group":"1","seamark:light:height":"4.8","seamark:light:period":"4","seamark:light:range":"5","seamark:name":"Winyah Bay-Charleston Harbor Light 118","seamark:status":"permanent","seamark:topmark:colour":"red","seamark:topmark:shape":"cone, point up","seamark:type":"beacon_lateral"}}},{"type":"Feature","geometry":{"type":"Point","coordinates":[-79.8583102,32.7647452]},"properties":{"osm_id":8603320339,"osm_type":"node","seamark_type":"beacon_lateral","display_class":"BEACON","min_zoom":9,"importance":4,"name":"Winyah Bay-Charleston Harbor Light 125","ref":null,"common":{"name":"Winyah Bay-Charleston Harbor Light 125","status":"permanent","type":"beacon_lateral"},"children":{"beacon_lateral":{"category":"port","colour":"green","system":"iala-b"},"light":{"character":"Fl","colour":"green","exhibition":"night","group":"1","height":"4","period":"4","range":"5"},"topmark":{"colour":"green","shape":"cylinder"}},"osm_tags":{"seamark:beacon_lateral:category":"port","seamark:beacon_lateral:colour":"green","seamark:beacon_lateral:system":"iala-b","seamark:light:character":"Fl","seamark:light:colour":"green","seamark:light:exhibition":"night","seamark:light:group":"1","seamark:light:height":"4","seamark:light:period":"4","seamark:light:range":"5","seamark:name":"Winyah Bay-Charleston Harbor Light 125","seamark:status":"permanent","seamark:topmark:colour":"green","seamark:topmark:shape":"cylinder","seamark:type":"beacon_lateral"}}},{"type":"Feature","geometry":{"type":"Point","coordinates":[-79.8651338,32.7677878]},"properties":{"osm_id":8603320343,"osm_type":"node","seamark_type":"beacon_lateral","display_class":"BEACON","min_zoom":9,"importance":4,"name":"Winyah Bay-Charleston Harbor Light 127","ref":null,"common":{"name":"Winyah Bay-Charleston Harbor Light 127","status":"permanent","type":"beacon_lateral"},"children":{"beacon_lateral":{"category":"port","colour":"green","system":"iala-b"},"light":{"character":"Fl","colour":"green","exhibition":"night","group":"1","height":"5","period":"4","range":"5"},"topmark":{"colour":"green","shape":"cylinder"}},"osm_tags":{"seamark:beacon_lateral:category":"port","seamark:beacon_lateral:colour":"green","seamark:beacon_lateral:system":"iala-b","seamark:light:character":"Fl","seamark:light:colour":"green","seamark:light:exhibition":"night","seamark:light:group":"1","seamark:light:height":"5","seamark:light:period":"4","seamark:light:range":"5","seamark:name":"Winyah Bay-Charleston Harbor Light 127","seamark:status":"permanent","seamark:topmark:colour":"green","seamark:topmark:shape":"cylinder","seamark:type":"beacon_lateral"}}},{"type":"Feature","geometry":{"type":"Point","coordinates":[-79.6522522,32.9415119]},"properties":{"osm_id":8604242803,"osm_type":"node","seamark_type":"beacon_lateral","display_class":"BEACON","min_zoom":9,"importance":4,"name":"Winyah Bay-Charleston Harbor Light 71","ref":null,"common":{"name":"Winyah Bay-Charleston Harbor Light 71","reflectivity":"reflector","status":"permanent","type":"beacon_lateral"},"children":{"beacon_lateral":{"category":"port","colour":"green","system":"iala-b"},"light":{"character":"Fl","colour":"green","exhibition":"night","group":"1","height":"4","period":"4","range":"5"},"topmark":{"colour":"green","shape":"cylinder"}},"osm_tags":{"seamark:beacon_lateral:category":"port","seamark:beacon_lateral:colour":"green","seamark:beacon_lateral:system":"iala-b","seamark:light:character":"Fl","seamark:light:colour":"green","seamark:light:exhibition":"night","seamark:light:group":"1","seamark:light:height":"4","seamark:light:period":"4","seamark:light:range":"5","seamark:name":"Winyah Bay-Charleston Harbor Light 71","seamark:reflectivity":"reflector","seamark:status":"permanent","seamark:topmark:colour":"green","seamark:topmark:shape":"cylinder","seamark:type":"beacon_lateral"}}},{"type":"Feature","geometry":{"type":"Point","coordinates":[-79.6571901,32.9305658]},"properties":{"osm_id":8604242806,"osm_type":"node","seamark_type":"beacon_lateral","display_class":"BEACON","min_zoom":9,"importance":4,"name":"Winyah Bay-Charleston Harbor Light 76","ref":null,"common":{"name":"Winyah Bay-Charleston Harbor Light 76","reflectivity":"reflector","status":"permanent","type":"beacon_lateral"},"children":{"beacon_lateral":{"category":"starboard","colour":"red","system":"iala-b"},"light":{"character":"Fl","colour":"red","exhibition":"night","group":"1","height":"5","period":"4","range":"5"},"topmark":{"colour":"red","shape":"cone, point up"}},"osm_tags":{"seamark:beacon_lateral:category":"starboard","seamark:beacon_lateral:colour":"red","seamark:beacon_lateral:system":"iala-b","seamark:light:character":"Fl","seamark:light:colour":"red","seamark:light:exhibition":"night","seamark:light:group":"1","seamark:light:height":"5","seamark:light:period":"4","seamark:light:range":"5","seamark:name":"Winyah Bay-Charleston Harbor Light 76","seamark:reflectivity":"reflector","seamark:status":"permanent","seamark:topmark:colour":"red","seamark:topmark:shape":"cone, point up","seamark:type":"beacon_lateral"}}},{"type":"Feature","geometry":{"type":"Point","coordinates":[-79.6620289,32.9188957]},"properties":{"osm_id":8604242808,"osm_type":"node","seamark_type":"beacon_lateral","display_class":"BEACON","min_zoom":9,"importance":4,"name":"Winyah Bay-Charleston Harbor Light 80","ref":null,"common":{"name":"Winyah Bay-Charleston Harbor Light 80","reflectivity":"reflector","status":"permanent","type":"beacon_lateral"},"children":{"beacon_lateral":{"category":"starboard","colour":"red","system":"iala-b"},"light":{"character":"Fl","colour":"red","exhibition":"night","group":"1","height":"5","period":"4","range":"5"},"topmark":{"colour":"red","shape":"cone, point up"}},"osm_tags":{"seamark:beacon_lateral:category":"starboard","seamark:beacon_lateral:colour":"red","seamark:beacon_lateral:system":"iala-b","seamark:light:character":"Fl","seamark:light:colour":"red","seamark:light:exhibition":"night","seamark:light:group":"1","seamark:light:height":"5","seamark:light:period":"4","seamark:light:range":"5","seamark:name":"Winyah Bay-Charleston Harbor Light 80","seamark:reflectivity":"reflector","seamark:status":"permanent","seamark:topmark:colour":"red","seamark:topmark:shape":"cone, point up","seamark:type":"beacon_lateral"}}},{"type":"Feature","geometry":{"type":"Point","coordinates":[-79.6719114,32.9106974]},"properties":{"osm_id":8604242809,"osm_type":"node","seamark_type":"beacon_lateral","display_class":"BEACON","min_zoom":9,"importance":4,"name":"Winyah Bay-Charleston Harbor Light 82","ref":null,"common":{"name":"Winyah Bay-Charleston Harbor Light 82","reflectivity":"reflector","status":"permanent","type":"beacon_lateral"},"children":{"beacon_lateral":{"category":"starboard","colour":"red","system":"iala-b"},"light":{"character":"Fl","colour":"red","exhibition":"night","group":"1","height":"4","period":"4","range":"5"},"topmark":{"colour":"red","shape":"cone, point up"}},"osm_tags":{"seamark:beacon_lateral:category":"starboard","seamark:beacon_lateral:colour":"red","seamark:beacon_lateral:system":"iala-b","seamark:light:character":"Fl","seamark:light:colour":"red","seamark:light:exhibition":"night","seamark:light:group":"1","seamark:light:height":"4","seamark:light:period":"4","seamark:light:range":"5","seamark:name":"Winyah Bay-Charleston Harbor Light 82","seamark:reflectivity":"reflector","seamark:status":"permanent","seamark:topmark:colour":"red","seamark:topmark:shape":"cone, point up","seamark:type":"beacon_lateral"}}},{"type":"Feature","geometry":{"type":"Point","coordinates":[-79.6754573,32.9025186]},"properties":{"osm_id":8604242811,"osm_type":"node","seamark_type":"beacon_lateral","display_class":"BEACON","min_zoom":9,"importance":4,"name":"Winyah Bay-Charleston Harbor Light 86","ref":null,"common":{"name":"Winyah Bay-Charleston Harbor Light 86","reflectivity":"reflector","status":"permanent","type":"beacon_lateral"},"children":{"beacon_lateral":{"category":"starboard","colour":"red","system":"iala-b"},"light":{"character":"Fl","colour":"red","exhibition":"night","group":"1","height":"5","period":"4","range":"3"},"topmark":{"colour":"red","shape":"cone, point up"}},"osm_tags":{"seamark:beacon_lateral:category":"starboard","seamark:beacon_lateral:colour":"red","seamark:beacon_lateral:system":"iala-b","seamark:light:character":"Fl","seamark:light:colour":"red","seamark:light:exhibition":"night","seamark:light:group":"1","seamark:light:height":"5","seamark:light:period":"4","seamark:light:range":"3","seamark:name":"Winyah Bay-Charleston Harbor Light 86","seamark:reflectivity":"reflector","seamark:status":"permanent","seamark:topmark:colour":"red","seamark:topmark:shape":"cone, point up","seamark:type":"beacon_lateral"}}},{"type":"Feature","geometry":{"type":"Point","coordinates":[-79.6886779,32.8941465]},"properties":{"osm_id":8604242813,"osm_type":"node","seamark_type":"beacon_lateral","display_class":"BEACON","min_zoom":9,"importance":4,"name":"Winyah Bay-Charleston Harbor Light 89","ref":null,"common":{"name":"Winyah Bay-Charleston Harbor Light 89","reflectivity":"reflector","status":"permanent","type":"beacon_lateral"},"children":{"beacon_lateral":{"category":"port","colour":"green","system":"iala-b"},"light":{"character":"Fl","colour":"green","exhibition":"night","group":"1","height":"5","period":"4","range":"5"},"topmark":{"colour":"green","shape":"cylinder"}},"osm_tags":{"seamark:beacon_lateral:category":"port","seamark:beacon_lateral:colour":"green","seamark:beacon_lateral:system":"iala-b","seamark:light:character":"Fl","seamark:light:colour":"green","seamark:light:exhibition":"night","seamark:light:group":"1","seamark:light:height":"5","seamark:light:period":"4","seamark:light:range":"5","seamark:name":"Winyah Bay-Charleston Harbor Light 89","seamark:reflectivity":"reflector","seamark:status":"permanent","seamark:topmark:colour":"green","seamark:topmark:shape":"cylinder","seamark:type":"beacon_lateral"}}},{"type":"Feature","geometry":{"type":"Point","coordinates":[-79.6951541,32.8841395]},"properties":{"osm_id":8604242815,"osm_type":"node","seamark_type":"beacon_lateral","display_class":"BEACON","min_zoom":9,"importance":4,"name":"Winyah Bay-Charleston Harbor Light 92","ref":null,"common":{"name":"Winyah Bay-Charleston Harbor Light 92","reflectivity":"reflector","status":"permanent","type":"beacon_lateral"},"children":{"beacon_lateral":{"category":"starboard","colour":"red","system":"iala-b"},"light":{"character":"Fl","colour":"red","exhibition":"night","group":"1","height":"4","period":"4","range":"5"},"topmark":{"colour":"red","shape":"cone, point up"}},"osm_tags":{"seamark:beacon_lateral:category":"starboard","seamark:beacon_lateral:colour":"red","seamark:beacon_lateral:system":"iala-b","seamark:light:character":"Fl","seamark:light:colour":"red","seamark:light:exhibition":"night","seamark:light:group":"1","seamark:light:height":"4","seamark:light:period":"4","seamark:light:range":"5","seamark:name":"Winyah Bay-Charleston Harbor Light 92","seamark:reflectivity":"reflector","seamark:status":"permanent","seamark:topmark:colour":"red","seamark:topmark:shape":"cone, point up","seamark:type":"beacon_lateral"}}},{"type":"Feature","geometry":{"type":"Point","coordinates":[-79.7127441,32.8682764]},"properties":{"osm_id":8604260017,"osm_type":"node","seamark_type":"beacon_lateral","display_class":"BEACON","min_zoom":9,"importance":4,"name":"Winyah Bay-Charleston Harbor Light 96","ref":null,"common":{"name":"Winyah Bay-Charleston Harbor Light 96","reflectivity":"reflector","status":"permanent","type":"beacon_lateral"},"children":{"beacon_lateral":{"category":"starboard","colour":"red","system":"iala-b"},"light":{"character":"Fl","colour":"red","exhibition":"night","group":"1","height":"5","period":"4","range":"5"},"topmark":{"colour":"red","shape":"cone, point up"}},"osm_tags":{"seamark:beacon_lateral:category":"starboard","seamark:beacon_lateral:colour":"red","seamark:beacon_lateral:system":"iala-b","seamark:light:character":"Fl","seamark:light:colour":"red","seamark:light:exhibition":"night","seamark:light:group":"1","seamark:light:height":"5","seamark:light:period":"4","seamark:light:range":"5","seamark:name":"Winyah Bay-Charleston Harbor Light 96","seamark:reflectivity":"reflector","seamark:status":"permanent","seamark:topmark:colour":"red","seamark:topmark:shape":"cone, point up","seamark:type":"beacon_lateral"}}},{"type":"Feature","geometry":{"type":"Point","coordinates":[-79.7193168,32.8606862]},"properties":{"osm_id":8604260019,"osm_type":"node","seamark_type":"beacon_lateral","display_class":"BEACON","min_zoom":9,"importance":4,"name":"Winyah Bay-Charleston Harbor Light 99","ref":null,"common":{"name":"Winyah Bay-Charleston Harbor Light 99","reflectivity":"reflector","status":"permanent","type":"beacon_lateral"},"children":{"beacon_lateral":{"category":"port","colour":"green","system":"iala-b"},"light":{"character":"Fl","colour":"green","exhibition":"night","group":"1","height":"5","period":"4","range":"5"},"topmark":{"colour":"green","shape":"cylinder"}},"osm_tags":{"seamark:beacon_lateral:category":"port","seamark:beacon_lateral:colour":"green","seamark:beacon_lateral:system":"iala-b","seamark:light:character":"Fl","seamark:light:colour":"green","seamark:light:exhibition":"night","seamark:light:group":"1","seamark:light:height":"5","seamark:light:period":"4","seamark:light:range":"5","seamark:name":"Winyah Bay-Charleston Harbor Light 99","seamark:reflectivity":"reflector","seamark:status":"permanent","seamark:topmark:colour":"green","seamark:topmark:shape":"cylinder","seamark:type":"beacon_lateral"}}},{"type":"Feature","geometry":{"type":"Point","coordinates":[-79.862182,32.7696541]},"properties":{"osm_id":8603320341,"osm_type":"node","seamark_type":"beacon_special_purpose","display_class":"BEACON","min_zoom":9,"importance":4,"name":"Winyah Bay-Charleston Harbor Range Rear Light C","ref":null,"common":{"name":"Winyah Bay-Charleston Harbor Range Rear Light C","status":"permanent","type":"beacon_special_purpose"},"children":{"beacon_special_purpose":{"category":"leading"},"light":{"character":"Iso","colour":"red","group":"1","height":"12.1","period":"6"},"topmark":{"colour":"red;white;red","colour_pattern":"vertical","shape":"cylinder"}},"osm_tags":{"seamark:beacon_special_purpose:category":"leading","seamark:light:character":"Iso","seamark:light:colour":"red","seamark:light:group":"1","seamark:light:height":"12.1","seamark:light:period":"6","seamark:name":"Winyah Bay-Charleston Harbor Range Rear Light C","seamark:status":"permanent","seamark:topmark:colour":"red;white;red","seamark:topmark:colour_pattern":"vertical","seamark:topmark:shape":"cylinder","seamark:type":"beacon_special_purpose"}}},{"type":"Feature","geometry":{"type":"Point","coordinates":[-79.7567439,32.8043075]},"properties":{"osm_id":1696434226,"osm_type":"node","seamark_type":"harbour","display_class":"OTHER","min_zoom":12,"importance":1,"name":null,"ref":null,"common":{"type":"harbour"},"children":{"harbour":{"category":"marina"}},"osm_tags":{"leisure":"marina","seamark:harbour:category":"marina","seamark:type":"harbour"}}},{"type":"Feature","geometry":{"type":"Point","coordinates":[-79.8188889,32.7330556]},"properties":{"osm_id":10054809276,"osm_type":"node","seamark_type":"wreck","display_class":"OTHER","min_zoom":12,"importance":1,"name":null,"ref":null,"common":{"type":"wreck"},"children":{"wreck":{"category":"mast_showing"}},"osm_tags":{"seamark:type":"wreck","seamark:wreck:category":"mast_showing"}}},{"type":"Feature","geometry":{"type":"Point","coordinates":[-79.9455623,32.853457]},"properties":{"osm_id":10759112068,"osm_type":"node","seamark_type":"mooring","display_class":"OTHER","min_zoom":12,"importance":1,"name":null,"ref":null,"common":{"type":"mooring"},"children":{"mooring":{"category":"bollard"}},"osm_tags":{"seamark:mooring:category":"bollard","seamark:type":"mooring"}}},{"type":"Feature","geometry":{"type":"Point","coordinates":[-79.9477662,32.854129]},"properties":{"osm_id":10759112086,"osm_type":"node","seamark_type":"mooring","display_class":"OTHER","min_zoom":12,"importance":1,"name":null,"ref":null,"common":{"type":"mooring"},"children":{"mooring":{"category":"bollard"}},"osm_tags":{"seamark:mooring:category":"bollard","seamark:type":"mooring"}}},{"type":"Feature","geometry":{"type":"Point","coordinates":[-79.9545801,32.8550719]},"properties":{"osm_id":10759121548,"osm_type":"node","seamark_type":"mooring","display_class":"OTHER","min_zoom":12,"importance":1,"name":null,"ref":null,"common":{"type":"mooring"},"children":{"mooring":{"category":"bollard"}},"osm_tags":{"seamark:mooring:category":"bollard","seamark:type":"mooring"}}},{"type":"Feature","geometry":{"type":"Point","coordinates":[-79.9533807,32.855921]},"properties":{"osm_id":10759121580,"osm_type":"node","seamark_type":"mooring","display_class":"OTHER","min_zoom":12,"importance":1,"name":null,"ref":null,"common":{"type":"mooring"},"children":{"mooring":{"category":"bollard"}},"osm_tags":{"seamark:mooring:category":"bollard","seamark:type":"mooring"}}},{"type":"Feature","geometry":{"type":"Point","coordinates":[-79.9533549,32.8559392]},"properties":{"osm_id":10759121581,"osm_type":"node","seamark_type":"mooring","display_class":"OTHER","min_zoom":12,"importance":1,"name":null,"ref":null,"common":{"type":"mooring"},"children":{"mooring":{"category":"bollard"}},"osm_tags":{"seamark:mooring:category":"bollard","seamark:type":"mooring"}}},{"type":"Feature","geometry":{"type":"Point","coordinates":[-79.9535579,32.855802]},"properties":{"osm_id":10759121582,"osm_type":"node","seamark_type":"mooring","display_class":"OTHER","min_zoom":12,"importance":1,"name":null,"ref":null,"common":{"type":"mooring"},"children":{"mooring":{"category":"bollard"}},"osm_tags":{"seamark:mooring:category":"bollard","seamark:type":"mooring"}}},{"type":"Feature","geometry":{"type":"Point","coordinates":[-79.953586,32.8557826]},"properties":{"osm_id":10759121583,"osm_type":"node","seamark_type":"mooring","display_class":"OTHER","min_zoom":12,"importance":1,"name":null,"ref":null,"common":{"type":"mooring"},"children":{"mooring":{"category":"bollard"}},"osm_tags":{"seamark:mooring:category":"bollard","seamark:type":"mooring"}}},{"type":"Feature","geometry":{"type":"Point","coordinates":[-79.9537839,32.8556483]},"properties":{"osm_id":10759121584,"osm_type":"node","seamark_type":"mooring","display_class":"OTHER","min_zoom":12,"importance":1,"name":null,"ref":null,"common":{"type":"mooring"},"children":{"mooring":{"category":"bollard"}},"osm_tags":{"seamark:mooring:category":"bollard","seamark:type":"mooring"}}},{"type":"Feature","geometry":{"type":"Point","coordinates":[-79.9537593,32.8556655]},"properties":{"osm_id":10759121585,"osm_type":"node","seamark_type":"mooring","display_class":"OTHER","min_zoom":12,"importance":1,"name":null,"ref":null,"common":{"type":"mooring"},"children":{"mooring":{"category":"bollard"}},"osm_tags":{"seamark:mooring:category":"bollard","seamark:type":"mooring"}}},{"type":"Feature","geometry":{"type":"Point","coordinates":[-79.9539368,32.8555454]},"properties":{"osm_id":10759121586,"osm_type":"node","seamark_type":"mooring","display_class":"OTHER","min_zoom":12,"importance":1,"name":null,"ref":null,"common":{"type":"mooring"},"children":{"mooring":{"category":"bollard"}},"osm_tags":{"seamark:mooring:category":"bollard","seamark:type":"mooring"}}},{"type":"Feature","geometry":{"type":"Point","coordinates":[-79.9539615,32.8555283]},"properties":{"osm_id":10759121587,"osm_type":"node","seamark_type":"mooring","display_class":"OTHER","min_zoom":12,"importance":1,"name":null,"ref":null,"common":{"type":"mooring"},"children":{"mooring":{"category":"bollard"}},"osm_tags":{"seamark:mooring:category":"bollard","seamark:type":"mooring"}}},{"type":"Feature","geometry":{"type":"Point","coordinates":[-79.5374589,32.9953662]},"properties":{"osm_id":11971993073,"osm_type":"node","seamark_type":"wreck","display_class":"OTHER","min_zoom":12,"importance":1,"name":null,"ref":null,"common":{"type":"wreck"},"children":{},"osm_tags":{"historic":"wreck","seamark:type":"wreck"}}},{"type":"Feature","geometry":{"type":"Point","coordinates":[-79.9258974,32.7921828]},"properties":{"osm_id":12790248650,"osm_type":"node","seamark_type":"mooring","display_class":"OTHER","min_zoom":12,"importance":1,"name":null,"ref":null,"common":{"type":"mooring"},"children":{},"osm_tags":{"seamark:type":"mooring"}}},{"type":"Feature","geometry":{"type":"Point","coordinates":[-79.925864,32.7921726]},"properties":{"osm_id":12790248651,"osm_type":"node","seamark_type":"mooring","display_class":"OTHER","min_zoom":12,"importance":1,"name":null,"ref":null,"common":{"type":"mooring"},"children":{},"osm_tags":{"seamark:type":"mooring"}}},{"type":"Feature","geometry":{"type":"Point","coordinates":[-79.9258388,32.7921503]},"properties":{"osm_id":12790248652,"osm_type":"node","seamark_type":"mooring","display_class":"OTHER","min_zoom":12,"importance":1,"name":null,"ref":null,"common":{"type":"mooring"},"children":{},"osm_tags":{"seamark:type":"mooring"}}},{"type":"Feature","geometry":{"type":"Point","coordinates":[-79.9258305,32.7921214]},"properties":{"osm_id":12790248653,"osm_type":"node","seamark_type":"mooring","display_class":"OTHER","min_zoom":12,"importance":1,"name":null,"ref":null,"common":{"type":"mooring"},"children":{},"osm_tags":{"seamark:type":"mooring"}}},{"type":"Feature","geometry":{"type":"Point","coordinates":[-79.9258422,32.7920912]},"properties":{"osm_id":12790248654,"osm_type":"node","seamark_type":"mooring","display_class":"OTHER","min_zoom":12,"importance":1,"name":null,"ref":null,"common":{"type":"mooring"},"children":{},"osm_tags":{"seamark:type":"mooring"}}},{"type":"Feature","geometry":{"type":"Point","coordinates":[-79.9237359,32.7802673]},"properties":{"osm_id":13783548657,"osm_type":"node","seamark_type":"mooring","display_class":"OTHER","min_zoom":12,"importance":1,"name":null,"ref":null,"common":{"type":"mooring"},"children":{"mooring":{"category":"post"}},"osm_tags":{"seamark:mooring:category":"post","seamark:type":"mooring"}}},{"type":"Feature","geometry":{"type":"Point","coordinates":[-79.9236329,32.7802582]},"properties":{"osm_id":13783548658,"osm_type":"node","seamark_type":"mooring","display_class":"OTHER","min_zoom":12,"importance":1,"name":null,"ref":null,"common":{"type":"mooring"},"children":{"mooring":{"category":"post"}},"osm_tags":{"seamark:mooring:category":"post","seamark:type":"mooring"}}},{"type":"Feature","geometry":{"type":"Point","coordinates":[-79.923829,32.7801885]},"properties":{"osm_id":13783548659,"osm_type":"node","seamark_type":"mooring","display_class":"OTHER","min_zoom":12,"importance":1,"name":null,"ref":null,"common":{"type":"mooring"},"children":{"mooring":{"category":"post"}},"osm_tags":{"seamark:mooring:category":"post","seamark:type":"mooring"}}},{"type":"Feature","geometry":{"type":"Point","coordinates":[-79.923577,32.7801939]},"properties":{"osm_id":13783548660,"osm_type":"node","seamark_type":"mooring","display_class":"OTHER","min_zoom":12,"importance":1,"name":null,"ref":null,"common":{"type":"mooring"},"children":{"mooring":{"category":"post"}},"osm_tags":{"seamark:mooring:category":"post","seamark:type":"mooring"}}},{"type":"Feature","geometry":{"type":"Point","coordinates":[-79.923605,32.7801186]},"properties":{"osm_id":13783548661,"osm_type":"node","seamark_type":"mooring","display_class":"OTHER","min_zoom":12,"importance":1,"name":null,"ref":null,"common":{"type":"mooring"},"children":{"mooring":{"category":"post"}},"osm_tags":{"seamark:mooring:category":"post","seamark:type":"mooring"}}},{"type":"Feature","geometry":{"type":"Point","coordinates":[-79.9235733,32.780043]},"properties":{"osm_id":13783548662,"osm_type":"node","seamark_type":"mooring","display_class":"OTHER","min_zoom":12,"importance":1,"name":null,"ref":null,"common":{"type":"mooring"},"children":{"mooring":{"category":"post"}},"osm_tags":{"seamark:mooring:category":"post","seamark:type":"mooring"}}},{"type":"Feature","geometry":{"type":"Point","coordinates":[-79.9238261,32.7800807]},"properties":{"osm_id":13783548663,"osm_type":"node","seamark_type":"mooring","display_class":"OTHER","min_zoom":12,"importance":1,"name":null,"ref":null,"common":{"type":"mooring"},"children":{"mooring":{"category":"post"}},"osm_tags":{"seamark:mooring:category":"post","seamark:type":"mooring"}}},{"type":"Feature","geometry":{"type":"Point","coordinates":[-79.9238251,32.7800457]},"properties":{"osm_id":13783548664,"osm_type":"node","seamark_type":"mooring","display_class":"OTHER","min_zoom":12,"importance":1,"name":null,"ref":null,"common":{"type":"mooring"},"children":{"mooring":{"category":"post"}},"osm_tags":{"seamark:mooring:category":"post","seamark:type":"mooring"}}},{"type":"Feature","geometry":{"type":"Point","coordinates":[-79.9238184,32.7797983]},"properties":{"osm_id":13783548665,"osm_type":"node","seamark_type":"mooring","display_class":"OTHER","min_zoom":12,"importance":1,"name":null,"ref":null,"common":{"type":"mooring"},"children":{"mooring":{"category":"post"}},"osm_tags":{"seamark:mooring:category":"post","seamark:type":"mooring"}}},{"type":"Feature","geometry":{"type":"Point","coordinates":[-79.9235679,32.7798176]},"properties":{"osm_id":13783548666,"osm_type":"node","seamark_type":"mooring","display_class":"OTHER","min_zoom":12,"importance":1,"name":null,"ref":null,"common":{"type":"mooring"},"children":{"mooring":{"category":"post"}},"osm_tags":{"seamark:mooring:category":"post","seamark:type":"mooring"}}},{"type":"Feature","geometry":{"type":"Point","coordinates":[-79.9235972,32.7798568]},"properties":{"osm_id":13783548667,"osm_type":"node","seamark_type":"mooring","display_class":"OTHER","min_zoom":12,"importance":1,"name":null,"ref":null,"common":{"type":"mooring"},"children":{"mooring":{"category":"post"}},"osm_tags":{"seamark:mooring:category":"post","seamark:type":"mooring"}}},{"type":"Feature","geometry":{"type":"Point","coordinates":[-79.9238213,32.779904]},"properties":{"osm_id":13783548668,"osm_type":"node","seamark_type":"mooring","display_class":"OTHER","min_zoom":12,"importance":1,"name":null,"ref":null,"common":{"type":"mooring"},"children":{"mooring":{"category":"post"}},"osm_tags":{"seamark:mooring:category":"post","seamark:type":"mooring"}}},{"type":"Feature","geometry":{"type":"Point","coordinates":[-79.9238222,32.7799372]},"properties":{"osm_id":13783548669,"osm_type":"node","seamark_type":"mooring","display_class":"OTHER","min_zoom":12,"importance":1,"name":null,"ref":null,"common":{"type":"mooring"},"children":{"mooring":{"category":"post"}},"osm_tags":{"seamark:mooring:category":"post","seamark:type":"mooring"}}},{"type":"Feature","geometry":{"type":"Point","coordinates":[-79.9235698,32.7798976]},"properties":{"osm_id":13783548670,"osm_type":"node","seamark_type":"mooring","display_class":"OTHER","min_zoom":12,"importance":1,"name":null,"ref":null,"common":{"type":"mooring"},"children":{"mooring":{"category":"post"}},"osm_tags":{"seamark:mooring:category":"post","seamark:type":"mooring"}}},{"type":"Feature","geometry":{"type":"Point","coordinates":[-79.9236005,32.7799664]},"properties":{"osm_id":13783548671,"osm_type":"node","seamark_type":"mooring","display_class":"OTHER","min_zoom":12,"importance":1,"name":null,"ref":null,"common":{"type":"mooring"},"children":{"mooring":{"category":"post"}},"osm_tags":{"seamark:mooring:category":"post","seamark:type":"mooring"}}},{"type":"Feature","geometry":{"type":"Polygon","coordinates":[[[-79.9592858,32.7791125],[-79.9592484,32.7783845],[-79.9595259,32.7783712],[-79.9596439,32.7783586],[-79.9597536,32.778347],[-79.9599084,32.7782308],[-79.9600595,32.7781229],[-79.9603185,32.7779882],[-79.9604374,32.7779249],[-79.9605859,32.7779155],[-79.9609097,32.7777443],[-79.9610804,32.7776371],[-79.961167,32.7775569],[-79.9611838,32.7775414],[-79.9613105,32.777476],[-79.9615877,32.7773436],[-79.961625,32.7773208],[-79.9619161,32.7771529],[-79.9622202,32.777066],[-79.9623128,32.7770387],[-79.9626538,32.7769439],[-79.9630076,32.7767574],[-79.9631375,32.7766909],[-79.9633351,32.7765598],[-79.9633498,32.7765283],[-79.9634551,32.7764756],[-79.9635454,32.7764914],[-79.9636245,32.7764458],[-79.9637344,32.7763826],[-79.9637496,32.7763738],[-79.9639336,32.7762904],[-79.9643383,32.7761069],[-79.9643873,32.7761083],[-79.9644039,32.7761464],[-79.964405,32.7761855],[-79.9644617,32.7762026],[-79.9645436,32.7763062],[-79.9645548,32.7763231],[-79.9647597,32.7763132],[-79.9647716,32.7764208],[-79.9646549,32.7765622],[-79.9644852,32.7764986],[-79.9643236,32.7766063],[-79.963973,32.7768399],[-79.9640326,32.7768928],[-79.9639726,32.7769594],[-79.9638661,32.7770998],[-79.9637684,32.7772259],[-79.9636789,32.7773359],[-79.9635518,32.7774531],[-79.9634895,32.7775106],[-79.9632343,32.7776326],[-79.963235,32.7776733],[-79.9632356,32.7777086],[-79.9632332,32.7777833],[-79.9632317,32.7778273],[-79.9631347,32.7778344],[-79.963089,32.7778739],[-79.9630275,32.7779564],[-79.962899,32.7779817],[-79.9628127,32.7780606],[-79.9626555,32.7781061],[-79.962466,32.7781547],[-79.9623144,32.7782049],[-79.9621819,32.7782333],[-79.9619427,32.7783108],[-79.9616656,32.7783985],[-79.9614845,32.7784497],[-79.9612653,32.7785119],[-79.961075,32.7785832],[-79.9608081,32.7786163],[-79.9605674,32.7786658],[-79.9603851,32.7787373],[-79.9598419,32.7789222],[-79.9592858,32.7791125]]]},"properties":{"osm_id":123246168,"osm_type":"way","seamark_type":"harbour","display_class":"OTHER","min_zoom":12,"importance":1,"name":null,"ref":null,"common":{"type":"harbour"},"children":{"harbour":{"category":"marina"}},"osm_tags":{"leisure":"marina","natural":"water","seamark:harbour:category":"marina","seamark:type":"harbour","source":"NHD, Bing","water":"river"}}},{"type":"Feature","geometry":{"type":"Polygon","coordinates":[[[-79.9619181,32.8619123],[-79.961949,32.8615436],[-79.9620017,32.8615465],[-79.964439,32.8616828],[-79.9644103,32.861998],[-79.9643083,32.8619922],[-79.9643013,32.8620792],[-79.9620332,32.8619319],[-79.9619729,32.8619216],[-79.9619181,32.8619123]]]},"properties":{"osm_id":440279539,"osm_type":"way","seamark_type":"lock_basin","display_class":"OTHER","min_zoom":12,"importance":1,"name":null,"ref":null,"common":{"type":"lock_basin"},"children":{},"osm_tags":{"dock":"drydock","intermittent":"yes","seamark:type":"lock_basin","waterway":"dock"}}},{"type":"Feature","geometry":{"type":"LineString","coordinates":[[-79.9611552,32.7832528],[-79.9612459,32.7833036],[-79.961408,32.7834217],[-79.961461,32.7835051]]},"properties":{"osm_id":480965841,"osm_type":"way","seamark_type":"shoreline_construction","display_class":"OTHER","min_zoom":12,"importance":1,"name":null,"ref":null,"common":{"type":"shoreline_construction"},"children":{"shoreline_construction":{"category":"fender"}},"osm_tags":{"barrier":"pier","seamark:shoreline_construction:category":"fender","seamark:type":"shoreline_construction"}}},{"type":"Feature","geometry":{"type":"LineString","coordinates":[[-79.9615426,32.7830869],[-79.9616045,32.7831618],[-79.9617475,32.7832848],[-79.961843,32.7833295]]},"properties":{"osm_id":480965842,"osm_type":"way","seamark_type":"shoreline_construction","display_class":"OTHER","min_zoom":12,"importance":1,"name":null,"ref":null,"common":{"type":"shoreline_construction"},"children":{"shoreline_construction":{"category":"fender"}},"osm_tags":{"barrier":"pier","seamark:shoreline_construction:category":"fender","seamark:type":"shoreline_construction"}}},{"type":"Feature","geometry":{"type":"LineString","coordinates":[[-79.9606848,32.7824604],[-79.9607057,32.7825244],[-79.9607572,32.7825819],[-79.9609342,32.7826994],[-79.9610357,32.7827499]]},"properties":{"osm_id":480965843,"osm_type":"way","seamark_type":"shoreline_construction","display_class":"OTHER","min_zoom":12,"importance":1,"name":null,"ref":null,"common":{"type":"shoreline_construction"},"children":{"shoreline_construction":{"category":"fender"}},"osm_tags":{"barrier":"pier","seamark:shoreline_construction:category":"fender","seamark:type":"shoreline_construction"}}},{"type":"Feature","geometry":{"type":"LineString","coordinates":[[-79.9602969,32.7826809],[-79.9604027,32.7827008],[-79.9605979,32.782841],[-79.9606628,32.7829205]]},"properties":{"osm_id":480965844,"osm_type":"way","seamark_type":"shoreline_construction","display_class":"OTHER","min_zoom":12,"importance":1,"name":null,"ref":null,"common":{"type":"shoreline_construction"},"children":{"shoreline_construction":{"category":"fender"}},"osm_tags":{"barrier":"pier","seamark:shoreline_construction:category":"fender","seamark:type":"shoreline_construction"}}},{"type":"Feature","geometry":{"type":"LineString","coordinates":[[-79.8855092,32.7762756],[-79.8666507,32.758787]]},"properties":{"osm_id":926964350,"osm_type":"way","seamark_type":"navigation_line","display_class":"OTHER","min_zoom":12,"importance":1,"name":null,"ref":null,"common":{"type":"navigation_line"},"children":{"recommended_track":{"category":"fixed_marks","orientation":"317.6"}},"osm_tags":{"seamark:recommended_track:category":"fixed_marks","seamark:recommended_track:orientation":"317.6","seamark:type":"navigation_line"}}},{"type":"Feature","geometry":{"type":"Polygon","coordinates":[[[-79.8836682,32.6954594],[-79.8837017,32.6954466],[-79.8837293,32.6954261],[-79.8837485,32.6953996],[-79.8837576,32.6953696],[-79.8837558,32.6953386],[-79.8837432,32.6953095],[-79.8837209,32.6952848],[-79.883691,32.6952667],[-79.8836561,32.6952568],[-79.8836192,32.6952561],[-79.8835838,32.6952645],[-79.8835528,32.6952813],[-79.8835292,32.6953051],[-79.8835149,32.6953336],[-79.8835112,32.6953645],[-79.8835185,32.6953949],[-79.8835362,32.6954221],[-79.8835625,32.6954437],[-79.8835953,32.6954579],[-79.8836316,32.6954632],[-79.8836682,32.6954594]]]},"properties":{"osm_id":926973307,"osm_type":"way","seamark_type":"shoreline_construction","display_class":"OTHER","min_zoom":12,"importance":1,"name":null,"ref":null,"common":{"type":"shoreline_construction"},"children":{"shoreline_construction":{"category":"rip_rap"}},"osm_tags":{"seamark:shoreline_construction:category":"rip_rap","seamark:type":"shoreline_construction"}}},{"type":"Feature","geometry":{"type":"LineString","coordinates":[[-79.9131882,32.8127061],[-79.907176,32.8099852]]},"properties":{"osm_id":927246259,"osm_type":"way","seamark_type":"navigation_line","display_class":"OTHER","min_zoom":12,"importance":1,"name":null,"ref":null,"common":{"type":"navigation_line"},"children":{"navigation_line":{"category":"leading"}},"osm_tags":{"seamark:navigation_line:category":"leading","seamark:type":"navigation_line"}}},{"type":"Feature","geometry":{"type":"LineString","coordinates":[[-79.9200981,32.8065261],[-79.9131882,32.8127061]]},"properties":{"osm_id":927246260,"osm_type":"way","seamark_type":"navigation_line","display_class":"OTHER","min_zoom":12,"importance":1,"name":null,"ref":null,"common":{"type":"navigation_line"},"children":{"navigation_line":{"category":"leading"}},"osm_tags":{"seamark:navigation_line:category":"leading","seamark:type":"navigation_line"}}},{"type":"Feature","geometry":{"type":"LineString","coordinates":[[-79.896993,32.8273666],[-79.9131882,32.8127061]]},"properties":{"osm_id":927251696,"osm_type":"way","seamark_type":"recommended_track","display_class":"OTHER","min_zoom":12,"importance":1,"name":null,"ref":null,"common":{"type":"recommended_track"},"children":{"recommended_track":{"category":"fixed_marks","orientation":"222.5"}},"osm_tags":{"seamark:recommended_track:category":"fixed_marks","seamark:recommended_track:orientation":"222.5","seamark:type":"recommended_track"}}},{"type":"Feature","geometry":{"type":"LineString","coordinates":[[-79.9167983,32.7877122],[-79.9159663,32.7800101]]},"properties":{"osm_id":927270648,"osm_type":"way","seamark_type":"navigation_line","display_class":"OTHER","min_zoom":12,"importance":1,"name":null,"ref":null,"common":{"type":"navigation_line"},"children":{"navigation_line":{"category":"leading"}},"osm_tags":{"seamark:navigation_line:category":"leading","seamark:type":"navigation_line"}}},{"type":"Feature","geometry":{"type":"LineString","coordinates":[[-79.9174945,32.7941568],[-79.9167983,32.7877122]]},"properties":{"osm_id":927270649,"osm_type":"way","seamark_type":"recommended_track","display_class":"OTHER","min_zoom":12,"importance":1,"name":null,"ref":null,"common":{"type":"recommended_track"},"children":{"recommended_track":{"category":"fixed_marks","orientation":"172"}},"osm_tags":{"seamark:recommended_track:category":"fixed_marks","seamark:recommended_track:orientation":"172","seamark:type":"recommended_track"}}},{"type":"Feature","geometry":{"type":"Polygon","coordinates":[[[-79.7802415,32.7979732],[-79.780376,32.7979217],[-79.780596,32.797791],[-79.7808178,32.7977058],[-79.781082,32.7976045],[-79.781613,32.7975008],[-79.7820046,32.797343],[-79.7822755,32.7972099],[-79.7824838,32.7971],[-79.7826466,32.7969736],[-79.7826337,32.7969351],[-79.7828333,32.7968888],[-79.7830854,32.7967776],[-79.7837661,32.7980203],[-79.7833869,32.7981487],[-79.7831229,32.7982867],[-79.7830113,32.7984193],[-79.7827522,32.7984448],[-79.7817364,32.7989077],[-79.7816257,32.798891],[-79.7815272,32.7989257],[-79.7812665,32.7990578],[-79.7811249,32.799061],[-79.7810358,32.7990533],[-79.7809446,32.799121],[-79.7802415,32.7979732]]]},"properties":{"osm_id":927374716,"osm_type":"way","seamark_type":"cable_area","display_class":"OTHER","min_zoom":12,"importance":1,"name":null,"ref":null,"common":{"type":"cable_area"},"children":{"cable_area":{"restriction":"anchoring_restricted;trawling_restricted"}},"osm_tags":{"seamark:cable_area:restriction":"anchoring_restricted;trawling_restricted","seamark:type":"cable_area"}}},{"type":"Feature","geometry":{"type":"LineString","coordinates":[[-79.7946048,32.7913375],[-79.7989084,32.7929801]]},"properties":{"osm_id":927374719,"osm_type":"way","seamark_type":"cable_overhead","display_class":"OTHER","min_zoom":12,"importance":1,"name":null,"ref":null,"common":{"type":"cable_overhead"},"children":{"cable_overhead":{"category":"power","clearance_height":"26.2"}},"osm_tags":{"cables":"3","frequency":"60","operator":"South Carolina Gas & Electric","power":"line","seamark:cable_overhead:category":"power","seamark:cable_overhead:clearance_height":"26.2","seamark:type":"cable_overhead","voltage":"115000"}}},{"type":"Feature","geometry":{"type":"LineString","coordinates":[[-79.8666507,32.758787],[-79.8457146,32.7393676]]},"properties":{"osm_id":927803005,"osm_type":"way","seamark_type":"recommended_track","display_class":"OTHER","min_zoom":12,"importance":1,"name":null,"ref":null,"common":{"type":"recommended_track"},"children":{"recommended_track":{"category":"fixed_marks"}},"osm_tags":{"seamark:recommended_track:category":"fixed_marks","seamark:type":"recommended_track"}}},{"type":"Feature","geometry":{"type":"LineString","coordinates":[[-79.8666507,32.758787],[-79.8882812,32.7722105]]},"properties":{"osm_id":927803006,"osm_type":"way","seamark_type":"recommended_track","display_class":"OTHER","min_zoom":12,"importance":1,"name":null,"ref":null,"common":{"type":"recommended_track"},"children":{"recommended_track":{"category":"fixed_marks"}},"osm_tags":{"seamark:recommended_track:category":"fixed_marks","seamark:type":"recommended_track"}}},{"type":"Feature","geometry":{"type":"LineString","coordinates":[[-79.913582,32.7833998],[-79.9245889,32.7882672]]},"properties":{"osm_id":927803007,"osm_type":"way","seamark_type":"navigation_line","display_class":"OTHER","min_zoom":12,"importance":1,"name":null,"ref":null,"common":{"type":"navigation_line"},"children":{"navigation_line":{"category":"leading"}},"osm_tags":{"seamark:navigation_line:category":"leading","seamark:type":"navigation_line"}}},{"type":"Feature","geometry":{"type":"LineString","coordinates":[[-79.8882812,32.7722105],[-79.913582,32.7833998]]},"properties":{"osm_id":927803008,"osm_type":"way","seamark_type":"recommended_track","display_class":"OTHER","min_zoom":12,"importance":1,"name":null,"ref":null,"common":{"type":"recommended_track"},"children":{"recommended_track":{"category":"fixed_marks"}},"osm_tags":{"seamark:recommended_track:category":"fixed_marks","seamark:type":"recommended_track"}}},{"type":"Feature","geometry":{"type":"LineString","coordinates":[[-79.913582,32.7833998],[-79.9054688,32.7731871]]},"properties":{"osm_id":927803009,"osm_type":"way","seamark_type":"navigation_line","display_class":"OTHER","min_zoom":12,"importance":1,"name":null,"ref":null,"common":{"type":"navigation_line"},"children":{"navigation_line":{"category":"leading"}},"osm_tags":{"seamark:navigation_line:category":"leading","seamark:type":"navigation_line"}}},{"type":"Feature","geometry":{"type":"LineString","coordinates":[[-79.9169004,32.7875767],[-79.913582,32.7833998]]},"properties":{"osm_id":927803010,"osm_type":"way","seamark_type":"recommended_track","display_class":"OTHER","min_zoom":12,"importance":1,"name":null,"ref":null,"common":{"type":"recommended_track"},"children":{"recommended_track":{"category":"fixed_marks"}},"osm_tags":{"seamark:recommended_track:category":"fixed_marks","seamark:type":"recommended_track"}}},{"type":"Feature","geometry":{"type":"LineString","coordinates":[[-79.8457146,32.7393676],[-79.9019388,32.7660148]]},"properties":{"osm_id":927804042,"osm_type":"way","seamark_type":"navigation_line","display_class":"OTHER","min_zoom":12,"importance":1,"name":null,"ref":null,"common":{"type":"navigation_line"},"children":{"recommended_track":{"category":"fixed_marks"}},"osm_tags":{"seamark:recommended_track:category":"fixed_marks","seamark:type":"navigation_line"}}},{"type":"Feature","geometry":{"type":"Polygon","coordinates":[[[-79.9490512,32.6616963],[-79.9490853,32.6609492],[-79.9475258,32.6609062],[-79.9475655,32.661639],[-79.9481581,32.6615459],[-79.9487223,32.6615698],[-79.9490512,32.6616963]]]},"properties":{"osm_id":1087149628,"osm_type":"way","seamark_type":"harbour","display_class":"OTHER","min_zoom":12,"importance":1,"name":null,"ref":null,"common":{"type":"harbour"},"children":{"harbour":{"category":"marina"}},"osm_tags":{"leisure":"marina","seamark:harbour:category":"marina","seamark:type":"harbour"}}},{"type":"Feature","geometry":{"type":"Polygon","coordinates":[[[-79.9446321,32.6623427],[-79.9444416,32.6618062],[-79.9441398,32.6618786],[-79.9443893,32.6625528],[-79.944452,32.6625012],[-79.9444045,32.6623824],[-79.9446321,32.6623427]]]},"properties":{"osm_id":1087149629,"osm_type":"way","seamark_type":"harbour","display_class":"OTHER","min_zoom":12,"importance":1,"name":null,"ref":null,"common":{"type":"harbour"},"children":{"harbour":{"category":"marina"}},"osm_tags":{"leisure":"marina","seamark:harbour:category":"marina","seamark:type":"harbour"}}},{"type":"Feature","geometry":{"type":"Polygon","coordinates":[[[-79.9472965,32.6598437],[-79.9471997,32.6594137],[-79.9465351,32.6595197],[-79.9466319,32.6599496],[-79.9472965,32.6598437]]]},"properties":{"osm_id":1087149635,"osm_type":"way","seamark_type":"harbour","display_class":"OTHER","min_zoom":12,"importance":1,"name":null,"ref":null,"common":{"type":"harbour"},"children":{"harbour":{"category":"marina"}},"osm_tags":{"leisure":"marina","seamark:harbour:category":"marina","seamark:type":"harbour"}}},{"type":"Feature","geometry":{"type":"Polygon","coordinates":[[[-79.9462487,32.6600192],[-79.9459906,32.6595812],[-79.9457939,32.6596633],[-79.9460519,32.6601014],[-79.9462487,32.6600192]]]},"properties":{"osm_id":1087149636,"osm_type":"way","seamark_type":"harbour","display_class":"OTHER","min_zoom":12,"importance":1,"name":null,"ref":null,"common":{"type":"harbour"},"children":{"harbour":{"category":"marina"}},"osm_tags":{"leisure":"marina","seamark:harbour:category":"marina","seamark:type":"harbour"}}},{"type":"Feature","geometry":{"type":"Polygon","coordinates":[[[-79.8975095,32.7522975],[-79.8974995,32.752375],[-79.8974121,32.7524972],[-79.8973287,32.7525844],[-79.8973582,32.7526656],[-79.8974192,32.7526801],[-79.8975178,32.7526083],[-79.8976042,32.7525681],[-79.8976535,32.7525531],[-79.8976396,32.7525371],[-79.8975378,32.7523994],[-79.8975095,32.7522975]]]},"properties":{"osm_id":1150798457,"osm_type":"way","seamark_type":"obstruction","display_class":"OTHER","min_zoom":12,"importance":1,"name":null,"ref":null,"common":{"type":"obstruction"},"children":{"obstruction":{"category":"reef","water_level":"submerged"}},"osm_tags":{"area":"yes","natural":"reef","reef":"rock","seamark:obstruction:category":"reef","seamark:obstruction:water_level":"submerged","seamark:type":"obstruction"}}},{"type":"Feature","geometry":{"type":"Polygon","coordinates":[[[-79.8972614,32.752779],[-79.8971906,32.7526753],[-79.8971474,32.7527077],[-79.8971521,32.7527311],[-79.8970951,32.7527673],[-79.8969441,32.7528412],[-79.8968563,32.7529111],[-79.8969179,32.7529435],[-79.8970365,32.7529008],[-79.8972614,32.752779]]]},"properties":{"osm_id":1150798458,"osm_type":"way","seamark_type":"obstruction","display_class":"OTHER","min_zoom":12,"importance":1,"name":null,"ref":null,"common":{"type":"obstruction"},"children":{"obstruction":{"category":"reef","water_level":"submerged"}},"osm_tags":{"area":"yes","natural":"reef","reef":"rock","seamark:obstruction:category":"reef","seamark:obstruction:water_level":"submerged","seamark:type":"obstruction"}}},{"type":"Feature","geometry":{"type":"Polygon","coordinates":[[[-79.8967654,32.7531236],[-79.8968517,32.7530575],[-79.8968363,32.7529863],[-79.8967839,32.75295],[-79.8967407,32.7529487],[-79.8966884,32.7529863],[-79.8966637,32.75302],[-79.896693,32.7530886],[-79.8967654,32.7531236]]]},"properties":{"osm_id":1150798459,"osm_type":"way","seamark_type":"obstruction","display_class":"OTHER","min_zoom":12,"importance":1,"name":null,"ref":null,"common":{"type":"obstruction"},"children":{"obstruction":{"category":"reef","water_level":"submerged"}},"osm_tags":{"area":"yes","natural":"reef","reef":"rock","seamark:obstruction:category":"reef","seamark:obstruction:water_level":"submerged","seamark:type":"obstruction"}}},{"type":"Feature","geometry":{"type":"Polygon","coordinates":[[[-79.8980362,32.7526087],[-79.8980129,32.7527063],[-79.898035,32.7528045],[-79.8980712,32.7529056],[-79.8980993,32.7530284],[-79.8981249,32.7531423],[-79.8981962,32.7532356],[-79.8982475,32.7533112],[-79.8982405,32.7533897],[-79.8982335,32.7534555],[-79.8982382,32.7535036],[-79.8983024,32.7534398],[-79.8983273,32.7533454],[-79.8983057,32.7533202],[-79.898288,32.7532936],[-79.8982826,32.7532677],[-79.8982783,32.753216],[-79.8983103,32.7531692],[-79.8982709,32.7531241],[-79.8982098,32.7530108],[-79.898198,32.752919],[-79.8981994,32.7527974],[-79.8981404,32.752658],[-79.8980914,32.7526192],[-79.8980362,32.7526087]]]},"properties":{"osm_id":1150798463,"osm_type":"way","seamark_type":"obstruction","display_class":"OTHER","min_zoom":12,"importance":1,"name":null,"ref":null,"common":{"type":"obstruction"},"children":{"obstruction":{"category":"reef","water_level":"submerged"}},"osm_tags":{"area":"yes","natural":"reef","reef":"rock","seamark:obstruction:category":"reef","seamark:obstruction:water_level":"submerged","seamark:type":"obstruction"}}},{"type":"Feature","geometry":{"type":"Polygon","coordinates":[[[-79.9082342,32.7518938],[-79.9082441,32.7516792],[-79.9082149,32.7516782],[-79.9082049,32.7518929],[-79.9082342,32.7518938]]]},"properties":{"osm_id":1150798475,"osm_type":"way","seamark_type":"obstruction","display_class":"OTHER","min_zoom":12,"importance":1,"name":null,"ref":null,"common":{"type":"obstruction"},"children":{"obstruction":{"category":"foul_area","water_level":"submerged"}},"osm_tags":{"area":"yes","natural":"reef","reef":"pilings","seamark:obstruction:category":"foul_area","seamark:obstruction:water_level":"submerged","seamark:type":"obstruction"}}},{"type":"Feature","geometry":{"type":"Polygon","coordinates":[[[-79.9566963,32.8566629],[-79.9565164,32.8564732],[-79.9565426,32.8564543],[-79.9567243,32.856644],[-79.9566963,32.8566629]]]},"properties":{"osm_id":1156989147,"osm_type":"way","seamark_type":"gate","display_class":"OTHER","min_zoom":12,"importance":1,"name":null,"ref":null,"common":{"type":"gate"},"children":{"gate":{"category":"lock"}},"osm_tags":{"seamark:gate:category":"lock","seamark:type":"gate","waterway":"dam"}}},{"type":"Feature","geometry":{"type":"Polygon","coordinates":[[[-79.9619729,32.8619216],[-79.9620055,32.8617172],[-79.9620017,32.8615465],[-79.961949,32.8615436],[-79.9619181,32.8619123],[-79.9619729,32.8619216]]]},"properties":{"osm_id":1156989156,"osm_type":"way","seamark_type":"gate","display_class":"OTHER","min_zoom":12,"importance":1,"name":null,"ref":null,"common":{"type":"gate"},"children":{"gate":{"category":"lock"}},"osm_tags":{"seamark:gate:category":"lock","seamark:type":"gate","waterway":"dam"}}},{"type":"Feature","geometry":{"type":"Polygon","coordinates":[[[-79.9657487,32.8629121],[-79.9657904,32.8629009],[-79.9657889,32.8628589],[-79.9656786,32.8626003],[-79.9656359,32.8626115],[-79.9656378,32.8626165],[-79.9657487,32.8629121]]]},"properties":{"osm_id":1156989157,"osm_type":"way","seamark_type":"gate","display_class":"OTHER","min_zoom":12,"importance":1,"name":null,"ref":null,"common":{"type":"gate"},"children":{"gate":{"category":"lock"}},"osm_tags":{"seamark:gate:category":"lock","seamark:type":"gate","waterway":"dam"}}},{"type":"Feature","geometry":{"type":"Polygon","coordinates":[[[-79.9660484,32.863738],[-79.9660836,32.8637296],[-79.9660572,32.8635798],[-79.9659814,32.8634175],[-79.9659394,32.8634273],[-79.9660484,32.863738]]]},"properties":{"osm_id":1156989158,"osm_type":"way","seamark_type":"gate","display_class":"OTHER","min_zoom":12,"importance":1,"name":null,"ref":null,"common":{"type":"gate"},"children":{"gate":{"category":"lock"}},"osm_tags":{"seamark:gate:category":"lock","seamark:type":"gate","waterway":"dam"}}},{"type":"Feature","geometry":{"type":"Polygon","coordinates":[[[-79.9610346,32.8621974],[-79.9607621,32.8623802],[-79.9615655,32.8632319],[-79.9618451,32.8630536],[-79.9610346,32.8621974]]]},"properties":{"osm_id":1157172668,"osm_type":"way","seamark_type":"floating_dock","display_class":"OTHER","min_zoom":12,"importance":1,"name":null,"ref":null,"common":{"type":"floating_dock"},"children":{},"osm_tags":{"building":"industrial","dock":"floating","seamark:type":"floating_dock","waterway":"dock"}}},{"type":"Feature","geometry":{"type":"Polygon","coordinates":[[[-79.9250318,32.7762678],[-79.9250443,32.7763026],[-79.9250362,32.7763191],[-79.925008,32.7763234],[-79.9249754,32.7763196],[-79.9249562,32.7763234],[-79.9249376,32.7763377],[-79.9249512,32.7763589],[-79.9249733,32.7763788],[-79.9249749,32.7763974],[-79.924975,32.7764197],[-79.9249572,32.7764179],[-79.9249352,32.7764234],[-79.9249072,32.7764358],[-79.9248549,32.7764401],[-79.9247921,32.7764267],[-79.9247749,32.7764128],[-79.9247538,32.776393],[-79.9247462,32.7763821],[-79.9247583,32.7763578],[-79.9247825,32.7763404],[-79.9248195,32.7763164],[-79.9248564,32.776301],[-79.9248998,32.7762961],[-79.9249491,32.7762953],[-79.9250022,32.7763008],[-79.9250318,32.7762678]]]},"properties":{"osm_id":1429113451,"osm_type":"way","seamark_type":"obstruction","display_class":"OTHER","min_zoom":12,"importance":1,"name":null,"ref":null,"common":{"type":"obstruction"},"children":{"obstruction":{"category":"foul_area","water_level":"covers"}},"osm_tags":{"natural":"reef","reef":"oyster","seamark:obstruction:category":"foul_area","seamark:obstruction:water_level":"covers","seamark:type":"obstruction"}}},{"type":"Feature","geometry":{"type":"Polygon","coordinates":[[[-79.9249681,32.7765462],[-79.9249603,32.7765619],[-79.9249472,32.7765699],[-79.9249331,32.7765826],[-79.9249291,32.7765927],[-79.92491,32.7766008],[-79.9248828,32.7766008],[-79.9248652,32.7766012],[-79.9248558,32.776605],[-79.9248481,32.7766122],[-79.924853,32.7766248],[-79.9248642,32.7766342],[-79.9248894,32.7766456],[-79.9249049,32.7766642],[-79.9249065,32.776682],[-79.9248943,32.7766914],[-79.9248877,32.7766864],[-79.924856,32.7766637],[-79.9248151,32.776657],[-79.9247746,32.7766578],[-79.9247566,32.7766509],[-79.9247529,32.7766283],[-79.924762,32.7766142],[-79.9247666,32.7765981],[-79.9248613,32.7765799],[-79.9249178,32.7765679],[-79.9249469,32.7765527],[-79.9249681,32.7765462]]]},"properties":{"osm_id":1429113452,"osm_type":"way","seamark_type":"obstruction","display_class":"OTHER","min_zoom":12,"importance":1,"name":null,"ref":null,"common":{"type":"obstruction"},"children":{"obstruction":{"category":"foul_area","water_level":"covers"}},"osm_tags":{"natural":"reef","reef":"oyster","seamark:obstruction:category":"foul_area","seamark:obstruction:water_level":"covers","seamark:type":"obstruction"}}},{"type":"Feature","geometry":{"type":"Polygon","coordinates":[[[-79.9243572,32.7778557],[-79.9243145,32.7778862],[-79.9242424,32.777892],[-79.9241718,32.7778959],[-79.9241105,32.7779107],[-79.9240568,32.7779326],[-79.9240077,32.7779578],[-79.9239701,32.7779758],[-79.9239517,32.7779997],[-79.9239463,32.7780236],[-79.923967,32.77805],[-79.9239686,32.778079],[-79.9239601,32.7781203],[-79.9239486,32.7781591],[-79.9239502,32.7781951],[-79.9239555,32.7782383],[-79.9239586,32.7782622],[-79.9239535,32.7782965],[-79.9239578,32.7783151],[-79.9239578,32.778335],[-79.9239525,32.7783666],[-79.9239609,32.7783873],[-79.9239716,32.7784253],[-79.9239785,32.7784647],[-79.9239877,32.778504],[-79.9239951,32.7785389],[-79.9240092,32.778573],[-79.9240359,32.7786043],[-79.9239896,32.7786007],[-79.9239306,32.7785873],[-79.9238697,32.7785314],[-79.923826,32.7784887],[-79.9238291,32.7784598],[-79.923834,32.7784048],[-79.9237794,32.7783266],[-79.9237563,32.7782527],[-79.9237506,32.7781922],[-79.9237784,32.7781617],[-79.9237842,32.7781371],[-79.9237932,32.7781183],[-79.9237956,32.7780846],[-79.9237921,32.7780456],[-79.9237799,32.7779821],[-79.9237947,32.7779348],[-79.9238101,32.7779027],[-79.9238449,32.7778918],[-79.9239134,32.7778776],[-79.9239726,32.7778648],[-79.9240313,32.7778602],[-79.924067,32.7778544],[-79.9241231,32.7778522],[-79.924179,32.7778478],[-79.9242363,32.7778422],[-79.9242898,32.7778255],[-79.9243354,32.7778244],[-79.9243572,32.7778557]]]},"properties":{"osm_id":1429113453,"osm_type":"way","seamark_type":"obstruction","display_class":"OTHER","min_zoom":12,"importance":1,"name":null,"ref":null,"common":{"type":"obstruction"},"children":{"obstruction":{"category":"foul_area","water_level":"covers"}},"osm_tags":{"natural":"reef","reef":"oyster","seamark:obstruction:category":"foul_area","seamark:obstruction:water_level":"covers","seamark:type":"obstruction"}}},{"type":"Feature","geometry":{"type":"Polygon","coordinates":[[[-79.9249001,32.7759185],[-79.9248764,32.7759058],[-79.9248604,32.7758926],[-79.9248275,32.7758734],[-79.9248069,32.7758597],[-79.924806,32.7758472],[-79.9247958,32.7758279],[-79.9247735,32.7758428],[-79.9247471,32.775852],[-79.9247269,32.7758611],[-79.9247114,32.775878],[-79.9247071,32.7758873],[-79.9247157,32.7758976],[-79.9247291,32.7759126],[-79.9247475,32.775912],[-79.9247557,32.7759169],[-79.9247646,32.775921],[-79.9247726,32.7759186],[-79.9247809,32.7759138],[-79.9247859,32.7759139],[-79.9248099,32.7759178],[-79.9248518,32.7759203],[-79.9249001,32.7759185]]]},"properties":{"osm_id":1429113454,"osm_type":"way","seamark_type":"obstruction","display_class":"OTHER","min_zoom":12,"importance":1,"name":null,"ref":null,"common":{"type":"obstruction"},"children":{"obstruction":{"category":"foul_area","water_level":"covers"}},"osm_tags":{"natural":"reef","reef":"oyster","seamark:obstruction:category":"foul_area","seamark:obstruction:water_level":"covers","seamark:type":"obstruction"}}},{"type":"Feature","geometry":{"type":"Polygon","coordinates":[[[-79.9251455,32.7748456],[-79.9251019,32.7748344],[-79.9250772,32.7748222],[-79.9250558,32.7748055],[-79.9250502,32.7747854],[-79.9250433,32.7747502],[-79.9250492,32.7747357],[-79.9250098,32.7747374],[-79.9249723,32.7747442],[-79.9249219,32.7747528],[-79.9248838,32.7747577],[-79.9248559,32.7747659],[-79.9248387,32.7747794],[-79.9248387,32.7747947],[-79.9248505,32.7748105],[-79.9248661,32.7748254],[-79.9249009,32.7748394],[-79.9249417,32.7748461],[-79.9249766,32.7748484],[-79.925019,32.7748466],[-79.9250468,32.7748466],[-79.9250871,32.7748457],[-79.9251101,32.7748452],[-79.9251455,32.7748456]]]},"properties":{"osm_id":1430301323,"osm_type":"way","seamark_type":"obstruction","display_class":"OTHER","min_zoom":12,"importance":1,"name":null,"ref":null,"common":{"type":"obstruction"},"children":{"obstruction":{"category":"foul_area","water_level":"covers"}},"osm_tags":{"natural":"reef","reef":"oyster","seamark:obstruction:category":"foul_area","seamark:obstruction:water_level":"covers","seamark:type":"obstruction"}}},{"type":"Feature","geometry":{"type":"Polygon","coordinates":[[[-79.9252447,32.7744025],[-79.9251957,32.774387],[-79.9251705,32.7743513],[-79.9251551,32.7743319],[-79.9251413,32.7742913],[-79.9251376,32.7742695],[-79.9251223,32.7743018],[-79.925111,32.7743261],[-79.9250912,32.7743414],[-79.9250703,32.7743414],[-79.9250472,32.7743369],[-79.9250306,32.774336],[-79.9250145,32.774336],[-79.9249936,32.7743469],[-79.9249877,32.7743536],[-79.924992,32.7743604],[-79.9250064,32.7743694],[-79.9250424,32.7743744],[-79.9250504,32.7743802],[-79.9250654,32.7743856],[-79.925089,32.7743875],[-79.925096,32.7743875],[-79.9251094,32.7743838],[-79.9251245,32.774378],[-79.9251502,32.7743784],[-79.9251636,32.7743879],[-79.9251797,32.7743951],[-79.9252044,32.7744001],[-79.9252447,32.7744025]]]},"properties":{"osm_id":1430351141,"osm_type":"way","seamark_type":"obstruction","display_class":"OTHER","min_zoom":12,"importance":1,"name":null,"ref":null,"common":{"type":"obstruction"},"children":{"obstruction":{"category":"foul_area","water_level":"covers"}},"osm_tags":{"natural":"reef","reef":"oyster","seamark:obstruction:category":"foul_area","seamark:obstruction:water_level":"covers","seamark:type":"obstruction"}}},{"type":"Feature","geometry":{"type":"Polygon","coordinates":[[[-79.9334927,32.8014639],[-79.9335296,32.8015342],[-79.9335852,32.80164],[-79.9336105,32.8016882],[-79.9336697,32.8016663],[-79.933734,32.8016424],[-79.9337017,32.8015809],[-79.933646,32.801475],[-79.9336161,32.8014181],[-79.9335513,32.8014422],[-79.9334927,32.8014639]]]},"properties":{"osm_id":1494095798,"osm_type":"way","seamark_type":"bridge","display_class":"OTHER","min_zoom":12,"importance":1,"name":null,"ref":"000000000006843","common":{"type":"bridge"},"children":{},"osm_tags":{"bridge":"yes","bridge:structure":"beam","layer":"1","man_made":"bridge","material":"concrete","maxweight":"67.9","ref":"000000000006843","seamark:type":"bridge","start_date":"1976"}}},{"type":"Feature","geometry":{"type":"Polygon","coordinates":[[[-79.9327656,32.8018438],[-79.9327438,32.8018503],[-79.9327118,32.8018598],[-79.9327307,32.8019047],[-79.932777,32.8020142],[-79.9328001,32.8020689],[-79.9328291,32.8020603],[-79.932854,32.8020529],[-79.9328415,32.8020234],[-79.9328284,32.8019924],[-79.9327897,32.8019007],[-79.9327656,32.8018438]]]},"properties":{"osm_id":1494095859,"osm_type":"way","seamark_type":"bridge","display_class":"OTHER","min_zoom":12,"importance":1,"name":null,"ref":null,"common":{"type":"bridge"},"children":{},"osm_tags":{"bridge":"yes","bridge:structure":"beam","layer":"1","man_made":"bridge","material":"concrete","seamark:type":"bridge"}}},{"type":"Feature","geometry":{"type":"LineString","coordinates":[[-79.9178066,32.8032175],[-79.9127776,32.802554]]},"properties":{"osm_id":927255592,"osm_type":"way","seamark_type":"bridge","display_class":"OTHER","min_zoom":12,"importance":1,"name":"Arthur Ravenel Jr Bridge","ref":"US 17","common":{"type":"bridge"},"children":{"bridge":{"clearance_height":"56.6","clearance_width":"304.8"}},"osm_tags":{"NHS":"STRAHNET","alt_name":"Cooper River Bridge","bicycle":"no","bridge":"yes","foot":"no","hgv":"designated","hgv:national_network":"yes","highway":"motorway","lanes":"4","layer":"1","maxspeed":"55 mph","name":"Arthur Ravenel Jr Bridge","oneway":"yes","ref":"US 17","seamark:bridge:clearance_height":"56.6","seamark:bridge:clearance_width":"304.8","seamark:type":"bridge","source:hgv:national_network":"Title 23: Highways Part 658 http://ecfr.gpoaccess.gov/cgi/t/text/text-idx?c=ecfr&rgn=div5&view=text&node=23:1.0.1.7.33&idno=23","surface":"concrete","wikidata":"Q4800088","wikipedia":"en:Arthur Ravenel Jr. Bridge"}}},{"type":"Feature","geometry":{"type":"LineString","coordinates":[[-79.9127517,32.8026996],[-79.9178124,32.803346]]},"properties":{"osm_id":927255594,"osm_type":"way","seamark_type":"bridge","display_class":"OTHER","min_zoom":12,"importance":1,"name":"Arthur Ravenel Jr Bridge","ref":"US 17","common":{"type":"bridge"},"children":{"bridge":{"clearance_height":"56.6","clearance_width":"304.8"}},"osm_tags":{"NHS":"STRAHNET","alt_name":"Cooper River Bridge","bicycle":"no","bridge":"yes","foot":"no","hgv":"designated","hgv:national_network":"yes","highway":"motorway","lanes":"4","layer":"1","maxspeed":"55 mph","name":"Arthur Ravenel Jr Bridge","oneway":"yes","ref":"US 17","seamark:bridge:clearance_height":"56.6","seamark:bridge:clearance_width":"304.8","seamark:type":"bridge","source:hgv:national_network":"Title 23: Highways Part 658 http://ecfr.gpoaccess.gov/cgi/t/text/text-idx?c=ecfr&rgn=div5&view=text&node=23:1.0.1.7.33&idno=23","surface":"concrete","wikidata":"Q4800088","wikipedia":"en:Arthur Ravenel Jr. Bridge"}}},{"type":"Feature","geometry":{"type":"Polygon","coordinates":[[[-79.9343796,32.8047469],[-79.9343888,32.8048689],[-79.9344125,32.8051934],[-79.9341524,32.8052006],[-79.9335929,32.8052101],[-79.932954,32.8052065],[-79.9325039,32.8051947],[-79.9319251,32.8051745],[-79.9314643,32.8051447],[-79.9310024,32.8051118],[-79.9306349,32.805078],[-79.9300384,32.8050171],[-79.9295921,32.804963],[-79.9290159,32.8048881],[-79.9285514,32.8048286],[-79.9280015,32.8047587],[-79.9274093,32.8046807],[-79.9268407,32.8046077],[-79.9262361,32.8045306],[-79.9255929,32.8044467],[-79.9247421,32.8043358],[-79.9237213,32.8042037],[-79.9228136,32.804086],[-79.9220374,32.8039855],[-79.9211131,32.8038673],[-79.9202778,32.8037582],[-79.9197714,32.8036933],[-79.9197698,32.8037036],[-79.9175567,32.8034173],[-79.9175538,32.8034338],[-79.917546,32.8034785],[-79.9174553,32.8034683],[-79.9174629,32.8034214],[-79.9174636,32.8034169],[-79.9174146,32.803412],[-79.9174164,32.8033994],[-79.9163355,32.8032699],[-79.9143437,32.8030142],[-79.9137901,32.8029443],[-79.9137919,32.8029346],[-79.9125901,32.802776],[-79.912587,32.8027903],[-79.9125793,32.8028347],[-79.9124896,32.8028238],[-79.9124973,32.8027793],[-79.9125001,32.8027633],[-79.9103177,32.8024871],[-79.910285,32.8024758],[-79.9102861,32.8024637],[-79.9096987,32.8023893],[-79.9074928,32.8021047],[-79.9074905,32.8019502],[-79.9074875,32.8017449],[-79.9082873,32.8018486],[-79.9094251,32.8019983],[-79.9102995,32.8021129],[-79.91038,32.8021043],[-79.9112093,32.802213],[-79.9124903,32.8023821],[-79.9125007,32.8023277],[-79.9127599,32.8023607],[-79.9127499,32.8024154],[-79.9144328,32.8026314],[-79.915107,32.8027258],[-79.9159702,32.8028366],[-79.9173298,32.8030144],[-79.9173318,32.8030035],[-79.9174461,32.8030168],[-79.9174547,32.8029647],[-79.9177177,32.8029944],[-79.9177086,32.8030514],[-79.9177998,32.8030603],[-79.9177975,32.803074],[-79.9186969,32.8031824],[-79.9194592,32.8032766],[-79.9198085,32.803319],[-79.9198857,32.8033515],[-79.9204114,32.8034169],[-79.9210702,32.8035025],[-79.9216629,32.8035778],[-79.9221248,32.8036387],[-79.9226033,32.8036982],[-79.923136,32.803769],[-79.9235416,32.8038213],[-79.9240453,32.8038881],[-79.9244948,32.8039444],[-79.9249975,32.8040112],[-79.9255489,32.8040792],[-79.9260306,32.8041419],[-79.9264759,32.8041987],[-79.9270987,32.8042803],[-79.927891,32.8043836],[-79.9288845,32.8045112],[-79.92987,32.8046365],[-79.9299907,32.8046505],[-79.9304209,32.8046974],[-79.9308849,32.8047416],[-79.9310362,32.8047565],[-79.9315222,32.8047718],[-79.9322217,32.8047939],[-79.9326562,32.8048097],[-79.9330945,32.8048178],[-79.933536,32.8048187],[-79.9338992,32.8048133],[-79.934081,32.8047961],[-79.9341693,32.8047844],[-79.9342632,32.8047713],[-79.9343796,32.8047469]]]},"properties":{"osm_id":1494459861,"osm_type":"way","seamark_type":"bridge","display_class":"OTHER","min_zoom":12,"importance":1,"name":"Arthur Ravenel Jr. Bridge","ref":"000000000009824","common":{"type":"bridge"},"children":{},"osm_tags":{"alt_name":"Cooper River Bridge","bridge":"yes","bridge:structure":"cable-stayed","layer":"1","loc_name":"Ravenel Bridge","man_made":"bridge","manufacturer":"Palmetto Bridge Constructors","material":"concrete","maxweight":"42.5","name":"Arthur Ravenel Jr. Bridge","official_name":"Arthur Ravenel Jr. Bridge","operator":"South Carolina Department of Transportation","operator:wikidata":"Q5569993","operator:wikipedia":"en:South Carolina Department of Transportation","ref":"000000000009824","seamark:type":"bridge","start_date":"2005-07-16","website":"https://ravenelbridge.website","wikidata":"Q4800088","wikimedia_commons":"File:Ravenel Bridge at night from Mt Pleasant.jpg","wikipedia":"en:Arthur Ravenel Jr. Bridge"}}},{"type":"Feature","geometry":{"type":"Polygon","coordinates":[[[-79.9565925,32.7802227],[-79.9559189,32.7806573],[-79.9551765,32.781004],[-79.9547944,32.7812468],[-79.9546156,32.7814779],[-79.9549401,32.7821783],[-79.9555835,32.7817114],[-79.9566695,32.7828441],[-79.957849,32.7837756],[-79.9587728,32.7831954],[-79.9595729,32.7823979],[-79.9565925,32.7802227]]]},"properties":{"osm_id":1380122031,"osm_type":"way","seamark_type":"harbour","display_class":"OTHER","min_zoom":12,"importance":1,"name":"Ashley Marina","ref":null,"common":{"type":"harbour"},"children":{"harbour":{"category":"marina"}},"osm_tags":{"leisure":"marina","name":"Ashley Marina","phone":"+1-843-722-1996","seamark:harbour:category":"marina","seamark:type":"harbour"}}},{"type":"Feature","geometry":{"type":"Point","coordinates":[-79.935637,32.7679615]},"properties":{"osm_id":8601016795,"osm_type":"node","seamark_type":"buoy_lateral","display_class":"OTHER","min_zoom":12,"importance":1,"name":"Ashley River Lighted Buoy 2","ref":null,"common":{"name":"Ashley River Lighted Buoy 2","status":"permanent","type":"buoy_lateral"},"children":{"buoy_lateral":{"category":"starboard","colour":"red","shape":"pillar","system":"iala-b"},"light":{"character":"Fl","colour":"red","exhibition":"night","group":"1","period":"2.5"}},"osm_tags":{"man_made":"buoy","seamark:buoy_lateral:category":"starboard","seamark:buoy_lateral:colour":"red","seamark:buoy_lateral:shape":"pillar","seamark:buoy_lateral:system":"iala-b","seamark:light:character":"Fl","seamark:light:colour":"red","seamark:light:exhibition":"night","seamark:light:group":"1","seamark:light:period":"2.5","seamark:name":"Ashley River Lighted Buoy 2","seamark:status":"permanent","seamark:type":"buoy_lateral"}}},{"type":"Feature","geometry":{"type":"Polygon","coordinates":[[[-79.9635092,32.7823005],[-79.9635159,32.7823111],[-79.9635453,32.7823572],[-79.9635753,32.7824042],[-79.9635793,32.7824105],[-79.9633134,32.7825326],[-79.9633336,32.7825634],[-79.9632819,32.7825871],[-79.9632618,32.7825562],[-79.9631321,32.7826158],[-79.9631527,32.7826462],[-79.9631011,32.7826698],[-79.9630806,32.7826394],[-79.9629312,32.782708],[-79.9629514,32.7827384],[-79.962899,32.7827623],[-79.9628791,32.7827319],[-79.9627144,32.7828075],[-79.9627342,32.7828378],[-79.9626816,32.7828619],[-79.9626619,32.7828316],[-79.9624992,32.7829062],[-79.9625195,32.782936],[-79.9624671,32.78296],[-79.9624468,32.7829303],[-79.9622821,32.7830059],[-79.9623019,32.7830356],[-79.9622476,32.7830605],[-79.9622284,32.7830305],[-79.9620629,32.7831064],[-79.9620821,32.7831362],[-79.9620263,32.7831617],[-79.9620079,32.7831317],[-79.9618774,32.7831916],[-79.9618887,32.7832091],[-79.9618695,32.7832179],[-79.9618578,32.7832006],[-79.9618056,32.7832245],[-79.9618204,32.7832479],[-79.9617835,32.7832661],[-79.9617728,32.7832499],[-79.9617391,32.7832634],[-79.961735,32.783257],[-79.9615835,32.7833265],[-79.9615777,32.7833359],[-79.9615163,32.7833655],[-79.9615031,32.7833634],[-79.9613384,32.783439],[-79.961349,32.7834564],[-79.9613233,32.7834682],[-79.9613358,32.7834874],[-79.9612854,32.7835123],[-79.9612686,32.7834839],[-79.9612473,32.7834897],[-79.9612434,32.7834825],[-79.9610633,32.7835652],[-79.9610816,32.7835942],[-79.9610302,32.7836177],[-79.9610119,32.7835888],[-79.9609499,32.7836172],[-79.960961,32.7836342],[-79.9609418,32.783643],[-79.9609307,32.7836261],[-79.960845,32.7836654],[-79.9608633,32.7836941],[-79.960812,32.7837176],[-79.9607936,32.783689],[-79.960628,32.783765],[-79.9606461,32.7837935],[-79.9605954,32.7838167],[-79.9605775,32.7837881],[-79.9604107,32.7838647],[-79.9604286,32.783893],[-79.960379,32.7839158],[-79.9603608,32.7838876],[-79.9601927,32.7839647],[-79.9602105,32.7839929],[-79.9601598,32.7840161],[-79.9601421,32.783988],[-79.9599769,32.7840638],[-79.9599946,32.7840917],[-79.9599436,32.784115],[-79.9599258,32.7840872],[-79.9597597,32.7841634],[-79.9597774,32.7841911],[-79.9597267,32.7842143],[-79.9597092,32.7841866],[-79.9595425,32.7842631],[-79.95956,32.7842906],[-79.9595113,32.7843129],[-79.9594935,32.7842856],[-79.9593268,32.7843621],[-79.9593445,32.7843892],[-79.9592933,32.7844127],[-79.9592756,32.7843856],[-79.9591264,32.7844541],[-79.9591435,32.7844812],[-79.959092,32.7845048],[-79.9590747,32.7844778],[-79.958945,32.7845374],[-79.9589617,32.7845644],[-79.9589112,32.7845876],[-79.9588938,32.7845608],[-79.9586269,32.7846833],[-79.9586229,32.7846773],[-79.9585912,32.7846284],[-79.958561,32.7845818],[-79.9585544,32.7845717],[-79.9588213,32.7844493],[-79.9588028,32.7844209],[-79.9588575,32.7843958],[-79.9588753,32.7844245],[-79.9590027,32.7843662],[-79.9589843,32.7843376],[-79.9590376,32.7843132],[-79.9590557,32.7843419],[-79.9592027,32.7842745],[-79.959184,32.784246],[-79.9592354,32.7842224],[-79.959254,32.784251],[-79.9594209,32.7841745],[-79.9594022,32.7841459],[-79.9594528,32.7841227],[-79.9594712,32.7841514],[-79.9596386,32.7840747],[-79.9596203,32.7840458],[-79.9596702,32.7840229],[-79.9596886,32.7840518],[-79.9598547,32.7839756],[-79.9598362,32.7839468],[-79.959888,32.783923],[-79.9599063,32.783952],[-79.9600718,32.7838761],[-79.9600536,32.7838471],[-79.9601041,32.7838239],[-79.9601224,32.7838529],[-79.9602889,32.7837766],[-79.9602701,32.7837477],[-79.9603215,32.7837241],[-79.96034,32.7837532],[-79.9605075,32.7836764],[-79.9604892,32.7836472],[-79.9605392,32.7836243],[-79.9605576,32.7836534],[-79.9607221,32.7835781],[-79.9607033,32.783549],[-79.9607558,32.7835249],[-79.9607743,32.7835541],[-79.9608586,32.7835155],[-79.9608486,32.7835],[-79.9608678,32.7834912],[-79.9608779,32.7835067],[-79.9609417,32.7834774],[-79.9609232,32.7834481],[-79.9609744,32.7834246],[-79.9609929,32.7834539],[-79.9611337,32.7833894],[-79.9611233,32.7833741],[-79.961171,32.7833523],[-79.9611688,32.7833476],[-79.9611841,32.7833408],[-79.9611806,32.783335],[-79.9612228,32.7833155],[-79.9612268,32.7833215],[-79.9612418,32.7833147],[-79.9612551,32.7833337],[-79.9614333,32.783252],[-79.9614396,32.7832428],[-79.9614997,32.7832146],[-79.9615126,32.7832157],[-79.9616644,32.7831461],[-79.9616546,32.7831307],[-79.9616659,32.7831255],[-79.9616632,32.78312],[-79.961682,32.7831116],[-79.9616781,32.7831057],[-79.9617181,32.7830873],[-79.9617221,32.7830936],[-79.9617372,32.7830868],[-79.9617406,32.7830913],[-79.9617967,32.7830656],[-79.9618065,32.783081],[-79.9619395,32.7830201],[-79.9619212,32.7829902],[-79.9619729,32.7829665],[-79.9619919,32.782996],[-79.9621573,32.7829202],[-79.9621383,32.7828906],[-79.9621898,32.782867],[-79.9622093,32.7828964],[-79.9623724,32.7828216],[-79.9623523,32.7827924],[-79.9624052,32.7827681],[-79.9624252,32.7827974],[-79.9625904,32.7827217],[-79.9625711,32.7826921],[-79.9626231,32.7826682],[-79.9626425,32.7826978],[-79.9628071,32.7826224],[-79.9627876,32.7825927],[-79.9628392,32.7825691],[-79.9628588,32.7825987],[-79.9630074,32.7825306],[-79.9629875,32.782501],[-79.9630382,32.7824777],[-79.9630583,32.7825072],[-79.9631903,32.7824467],[-79.9631709,32.7824169],[-79.9632219,32.7823934],[-79.9632415,32.7824232],[-79.9635092,32.7823005]]]},"properties":{"osm_id":1499776962,"osm_type":"way","seamark_type":"bridge","display_class":"OTHER","min_zoom":12,"importance":1,"name":"Ashley River Memorial Bridge","ref":"000000000000228","common":{"type":"bridge"},"children":{},"osm_tags":{"bridge":"movable","layer":"1","man_made":"bridge","material":"concrete","maxweight":"41.4","name":"Ashley River Memorial Bridge","ref":"000000000000228","seamark:type":"bridge","start_date":"1926-05-05","wikidata":"Q110312638"}}},{"type":"Feature","geometry":{"type":"LineString","coordinates":[[-79.841871,32.7724155],[-79.842218,32.7730316]]},"properties":{"osm_id":927285596,"osm_type":"way","seamark_type":"bridge","display_class":"OTHER","min_zoom":12,"importance":1,"name":"Ben Sawyer Boulevard","ref":"SC 703","common":{"type":"bridge"},"children":{"bridge":{"category":"swing","clearance_height_closed":"9.4","clearance_width":"28.3"}},"osm_tags":{"alt_name":"State Highway 703","bicycle":"yes","bridge":"movable","bridge:movable":"swing","bridge:name":"Ben Sawyer Memorial","cycleway":"no","foot":"yes","highway":"primary","layer":"1","maxspeed":"50 mph","name":"Ben Sawyer Boulevard","ref":"SC 703","seamark:bridge:category":"swing","seamark:bridge:clearance_height_closed":"9.4","seamark:bridge:clearance_width":"28.3","seamark:type":"bridge","tiger:cfcc":"A31","tiger:county":"Charleston, SC","tiger:name_base":"Ben Sawyer","tiger:name_base_1":"State Highway 703","tiger:name_type":"Blvd"}}},{"type":"Feature","geometry":{"type":"Point","coordinates":[-79.6216667,32.8033333]},"properties":{"osm_id":9334398871,"osm_type":"node","seamark_type":"buoy_special_purpose","display_class":"OTHER","min_zoom":12,"importance":1,"name":"C","ref":null,"common":{"name":"C","type":"buoy_special_purpose"},"children":{"buoy_special_purpose":{"colour":"yellow"},"light":{"character":"Fl","colour":"yellow","period":"4"}},"osm_tags":{"man_made":"buoy","seamark:buoy_special_purpose:colour":"yellow","seamark:light:character":"Fl","seamark:light:colour":"yellow","seamark:light:period":"4","seamark:name":"C","seamark:type":"buoy_special_purpose"}}},{"type":"Feature","geometry":{"type":"Polygon","coordinates":[[[-79.9272535,32.7733701],[-79.9270629,32.7733657],[-79.9270788,32.7730328],[-79.9263754,32.7729276],[-79.925585,32.7735431],[-79.924862,32.7735027],[-79.9248671,32.7731574],[-79.9236331,32.7730877],[-79.9235466,32.7743079],[-79.9253701,32.7744252],[-79.9261761,32.7744634],[-79.9262053,32.773921],[-79.9272195,32.7739396],[-79.9272535,32.7733701]]]},"properties":{"osm_id":491695668,"osm_type":"way","seamark_type":"harbour","display_class":"OTHER","min_zoom":12,"importance":1,"name":"Carolina Yacht Club","ref":null,"common":{"type":"harbour"},"children":{"harbour":{"category":"marina"}},"osm_tags":{"addr:city":"Charleston","addr:housenumber":"50","addr:postcode":"29401","addr:state":"SC","addr:street":"East Bay Street","fee":"no","leisure":"marina","name":"Carolina Yacht Club","operator":"Carolina Yacht Club","operator:type":"private","phone":"+1-843-722-0209","seamark:harbour:category":"marina","seamark:type":"harbour","start_date":"1907"}}},{"type":"Feature","geometry":{"type":"Polygon","coordinates":[[[-79.9235453,32.7750022],[-79.9235794,32.7754543],[-79.9245496,32.7754052],[-79.9248648,32.7754228],[-79.9248702,32.7753266],[-79.9249454,32.7753299],[-79.9249402,32.7753499],[-79.925144,32.7754241],[-79.9256369,32.7754266],[-79.9256321,32.7754527],[-79.9256317,32.7754919],[-79.9256282,32.7755325],[-79.9256337,32.7755682],[-79.925648,32.7756132],[-79.9257904,32.7756132],[-79.9259985,32.775278],[-79.9259912,32.7752619],[-79.92586,32.7752707],[-79.9258505,32.7751978],[-79.9257108,32.7752084],[-79.9256936,32.7752021],[-79.9254638,32.7752105],[-79.9252413,32.7752099],[-79.9249667,32.7752017],[-79.924966,32.7752194],[-79.9249573,32.7752279],[-79.9249476,32.7752755],[-79.9248738,32.7752738],[-79.9248765,32.7752339],[-79.92487,32.7752338],[-79.9248723,32.7752006],[-79.9241004,32.7751636],[-79.9240856,32.7749796],[-79.9235453,32.7750022]]]},"properties":{"osm_id":491696281,"osm_type":"way","seamark_type":"harbour","display_class":"OTHER","min_zoom":12,"importance":1,"name":"Charleston Branch Pilots Association","ref":null,"common":{"type":"harbour"},"children":{"harbour":{"category":"marina"}},"osm_tags":{"access":"private","addr:city":"Charleston","addr:housenumber":"6","addr:postcode":"29401","addr:state":"SC","addr:street":"Concord Street","email":"Dispatcher@CharlestonPilots.com","fax":"+1-843-577-0632","leisure":"marina","name":"Charleston Branch Pilots Association","phone":"+1-843-577-6695","seamark:harbour:category":"marina","seamark:type":"harbour","start_date":"1890","website":"https://www.charlestonpilots.com"}}},{"type":"Feature","geometry":{"type":"Point","coordinates":[-79.8511823,32.742534]},"properties":{"osm_id":8600883250,"osm_type":"node","seamark_type":"buoy_lateral","display_class":"OTHER","min_zoom":12,"importance":1,"name":"Charleston Harbor Channel Lighted Buoy 23","ref":null,"common":{"name":"Charleston Harbor Channel Lighted Buoy 23","status":"permanent","type":"buoy_lateral"},"children":{"buoy_lateral":{"category":"port","colour":"green","shape":"pillar","system":"iala-b"},"light":{"character":"Fl","colour":"green","exhibition":"night","group":"1","period":"2.5"}},"osm_tags":{"man_made":"buoy","seamark:buoy_lateral:category":"port","seamark:buoy_lateral:colour":"green","seamark:buoy_lateral:shape":"pillar","seamark:buoy_lateral:system":"iala-b","seamark:light:character":"Fl","seamark:light:colour":"green","seamark:light:exhibition":"night","seamark:light:group":"1","seamark:light:period":"2.5","seamark:name":"Charleston Harbor Channel Lighted Buoy 23","seamark:status":"permanent","seamark:type":"buoy_lateral"}}},{"type":"Feature","geometry":{"type":"Point","coordinates":[-79.8545109,32.7490187]},"properties":{"osm_id":8600883249,"osm_type":"node","seamark_type":"buoy_lateral","display_class":"OTHER","min_zoom":12,"importance":1,"name":"Charleston Harbor Channel Lighted Buoy 24","ref":null,"common":{"name":"Charleston Harbor Channel Lighted Buoy 24","status":"permanent","type":"buoy_lateral"},"children":{"buoy_lateral":{"category":"starboard","colour":"red","shape":"pillar","system":"iala-b"},"light":{"character":"Fl","colour":"red","exhibition":"night","group":"1","period":"2.5"}},"osm_tags":{"man_made":"buoy","seamark:buoy_lateral:category":"starboard","seamark:buoy_lateral:colour":"red","seamark:buoy_lateral:shape":"pillar","seamark:buoy_lateral:system":"iala-b","seamark:light:character":"Fl","seamark:light:colour":"red","seamark:light:exhibition":"night","seamark:light:group":"1","seamark:light:period":"2.5","seamark:name":"Charleston Harbor Channel Lighted Buoy 24","seamark:status":"permanent","seamark:type":"buoy_lateral"}}},{"type":"Feature","geometry":{"type":"Point","coordinates":[-79.8676255,32.7571643]},"properties":{"osm_id":8600883248,"osm_type":"node","seamark_type":"buoy_lateral","display_class":"OTHER","min_zoom":12,"importance":1,"name":"Charleston Harbor Lighted Buoy 25","ref":null,"common":{"name":"Charleston Harbor Lighted Buoy 25","status":"permanent","type":"buoy_lateral"},"children":{"buoy_lateral":{"category":"port","colour":"green","shape":"pillar","system":"iala-b"},"light":{"character":"Fl","colour":"green","group":"1","period":"4"}},"osm_tags":{"man_made":"buoy","seamark:buoy_lateral:category":"port","seamark:buoy_lateral:colour":"green","seamark:buoy_lateral:shape":"pillar","seamark:buoy_lateral:system":"iala-b","seamark:light:character":"Fl","seamark:light:colour":"green","seamark:light:group":"1","seamark:light:period":"4","seamark:name":"Charleston Harbor Lighted Buoy 25","seamark:status":"permanent","seamark:type":"buoy_lateral"}}},{"type":"Feature","geometry":{"type":"Polygon","coordinates":[[[-79.9075228,32.7886055],[-79.9080042,32.788838],[-79.9082433,32.788842],[-79.9086187,32.7890721],[-79.909244,32.7890968],[-79.9105262,32.7886571],[-79.9109651,32.787875],[-79.9112507,32.7878715],[-79.911236,32.7863663],[-79.9108356,32.7863695],[-79.9105081,32.7848923],[-79.9079529,32.7850113],[-79.9072248,32.785391],[-79.9071994,32.7855259],[-79.9072904,32.7855399],[-79.9076485,32.7856619],[-79.9079894,32.7857221],[-79.9080634,32.7859787],[-79.9080794,32.7862197],[-79.9081041,32.7863918],[-79.9080907,32.7866621],[-79.9080722,32.7869893],[-79.9080655,32.7873929],[-79.9079249,32.7878935],[-79.9078533,32.7881639],[-79.9076463,32.7884033],[-79.9075228,32.7886055]]]},"properties":{"osm_id":1482362792,"osm_type":"way","seamark_type":"harbour","display_class":"OTHER","min_zoom":12,"importance":1,"name":"Charleston Harbor Marina","ref":null,"common":{"type":"harbour"},"children":{"harbour":{"category":"marina"}},"osm_tags":{"addr:city":"Mount Pleasant","addr:housenumber":"24","addr:postcode":"29464","addr:state":"SC","addr:street":"Patriots Point Road","capacity":"459","email":"JLents@Charlestonharborresort.com","fee":"yes","internet_access:fee":"customers","leisure":"marina","name":"Charleston Harbor Marina","operator":"Charleston Harbor Resort & Marina","payment:credit_cards":"yes","phone":"+1-843-297-2949","power_supply":"yes","sanitary_dump_station":"no","seamark:harbour:category":"marina","seamark:type":"harbour","website":"https://charlestonharbormarina.com/"}}},{"type":"Feature","geometry":{"type":"Point","coordinates":[-79.8886742,32.7713952]},"properties":{"osm_id":8600883244,"osm_type":"node","seamark_type":"buoy_lateral","display_class":"OTHER","min_zoom":12,"importance":1,"name":"Charleston Harbor North Channel Lighted Buoy 27","ref":null,"common":{"name":"Charleston Harbor North Channel Lighted Buoy 27","status":"permanent","type":"buoy_lateral"},"children":{"buoy_lateral":{"category":"port","colour":"green","shape":"pillar","system":"iala-b"},"light":{"character":"Fl","colour":"green","exhibition":"night","group":"1","period":"2.5"}},"osm_tags":{"man_made":"buoy","seamark:buoy_lateral:category":"port","seamark:buoy_lateral:colour":"green","seamark:buoy_lateral:shape":"pillar","seamark:buoy_lateral:system":"iala-b","seamark:light:character":"Fl","seamark:light:colour":"green","seamark:light:exhibition":"night","seamark:light:group":"1","seamark:light:period":"2.5","seamark:name":"Charleston Harbor North Channel Lighted Buoy 27","seamark:status":"permanent","seamark:type":"buoy_lateral"}}},{"type":"Feature","geometry":{"type":"Point","coordinates":[-79.8876764,32.7727879]},"properties":{"osm_id":8600883245,"osm_type":"node","seamark_type":"buoy_lateral","display_class":"OTHER","min_zoom":12,"importance":1,"name":"Charleston Harbor North Channel Lighted Buoy 28","ref":null,"common":{"name":"Charleston Harbor North Channel Lighted Buoy 28","status":"permanent","type":"buoy_lateral"},"children":{"buoy_lateral":{"category":"starboard","colour":"red","shape":"pillar","system":"iala-b"},"light":{"character":"Fl","colour":"red","exhibition":"night","group":"1","period":"2.5"}},"osm_tags":{"man_made":"buoy","seamark:buoy_lateral:category":"starboard","seamark:buoy_lateral:colour":"red","seamark:buoy_lateral:shape":"pillar","seamark:buoy_lateral:system":"iala-b","seamark:light:character":"Fl","seamark:light:colour":"red","seamark:light:exhibition":"night","seamark:light:group":"1","seamark:light:period":"2.5","seamark:name":"Charleston Harbor North Channel Lighted Buoy 28","seamark:status":"permanent","seamark:type":"buoy_lateral"}}},{"type":"Feature","geometry":{"type":"Point","coordinates":[-79.8951339,32.7743079]},"properties":{"osm_id":8600883243,"osm_type":"node","seamark_type":"buoy_lateral","display_class":"OTHER","min_zoom":12,"importance":1,"name":"Charleston Harbor North Channel Lighted Buoy 29","ref":null,"common":{"name":"Charleston Harbor North Channel Lighted Buoy 29","status":"permanent","type":"buoy_lateral"},"children":{"buoy_lateral":{"category":"port","colour":"green","shape":"pillar","system":"iala-b"},"light":{"character":"Fl","colour":"green","exhibition":"night","group":"1","period":"6"}},"osm_tags":{"man_made":"buoy","seamark:buoy_lateral:category":"port","seamark:buoy_lateral:colour":"green","seamark:buoy_lateral:shape":"pillar","seamark:buoy_lateral:system":"iala-b","seamark:light:character":"Fl","seamark:light:colour":"green","seamark:light:exhibition":"night","seamark:light:group":"1","seamark:light:period":"6","seamark:name":"Charleston Harbor North Channel Lighted Buoy 29","seamark:status":"permanent","seamark:type":"buoy_lateral"}}},{"type":"Feature","geometry":{"type":"Point","coordinates":[-79.9024272,32.777477]},"properties":{"osm_id":8600883242,"osm_type":"node","seamark_type":"buoy_lateral","display_class":"OTHER","min_zoom":12,"importance":1,"name":"Charleston Harbor North Channel Lighted Buoy 31","ref":null,"common":{"name":"Charleston Harbor North Channel Lighted Buoy 31","status":"permanent","type":"buoy_lateral"},"children":{"buoy_lateral":{"category":"port","colour":"green","shape":"pillar","system":"iala-b"},"light":{"character":"Fl","colour":"green","exhibition":"night","group":"1","period":"4"}},"osm_tags":{"man_made":"buoy","seamark:buoy_lateral:category":"port","seamark:buoy_lateral:colour":"green","seamark:buoy_lateral:shape":"pillar","seamark:buoy_lateral:system":"iala-b","seamark:light:character":"Fl","seamark:light:colour":"green","seamark:light:exhibition":"night","seamark:light:group":"1","seamark:light:period":"4","seamark:name":"Charleston Harbor North Channel Lighted Buoy 31","seamark:status":"permanent","seamark:type":"buoy_lateral"}}},{"type":"Feature","geometry":{"type":"Point","coordinates":[-79.9015059,32.7789051]},"properties":{"osm_id":8600883241,"osm_type":"node","seamark_type":"buoy_lateral","display_class":"OTHER","min_zoom":12,"importance":1,"name":"Charleston Harbor North Channel Lighted Buoy 32","ref":null,"common":{"name":"Charleston Harbor North Channel Lighted Buoy 32","status":"permanent","type":"buoy_lateral"},"children":{"buoy_lateral":{"category":"starboard","colour":"red","shape":"pillar","system":"iala-b"},"light":{"character":"Fl","colour":"red","exhibition":"night","group":"1","period":"4"}},"osm_tags":{"man_made":"buoy","seamark:buoy_lateral:category":"starboard","seamark:buoy_lateral:colour":"red","seamark:buoy_lateral:shape":"pillar","seamark:buoy_lateral:system":"iala-b","seamark:light:character":"Fl","seamark:light:colour":"red","seamark:light:exhibition":"night","seamark:light:group":"1","seamark:light:period":"4","seamark:name":"Charleston Harbor North Channel Lighted Buoy 32","seamark:status":"permanent","seamark:type":"buoy_lateral"}}},{"type":"Feature","geometry":{"type":"Point","coordinates":[-79.9149102,32.78283]},"properties":{"osm_id":8600883239,"osm_type":"node","seamark_type":"buoy_lateral","display_class":"OTHER","min_zoom":12,"importance":1,"name":"Charleston Harbor North Channel Lighted Buoy 34","ref":null,"common":{"name":"Charleston Harbor North Channel Lighted Buoy 34","status":"permanent","type":"buoy_lateral"},"children":{"buoy_lateral":{"category":"port","colour":"green","shape":"pillar","system":"iala-b"},"light":{"character":"Fl","colour":"green","exhibition":"night","group":"1","period":"2.5"}},"osm_tags":{"man_made":"buoy","seamark:buoy_lateral:category":"port","seamark:buoy_lateral:colour":"green","seamark:buoy_lateral:shape":"pillar","seamark:buoy_lateral:system":"iala-b","seamark:light:character":"Fl","seamark:light:colour":"green","seamark:light:exhibition":"night","seamark:light:group":"1","seamark:light:period":"2.5","seamark:name":"Charleston Harbor North Channel Lighted Buoy 34","seamark:status":"permanent","seamark:type":"buoy_lateral"}}},{"type":"Feature","geometry":{"type":"Point","coordinates":[-79.9096111,32.7826389]},"properties":{"osm_id":8600883240,"osm_type":"node","seamark_type":"buoy_lateral","display_class":"OTHER","min_zoom":12,"importance":1,"name":"Charleston Harbor North Channel Lighted Buoy 34","ref":null,"common":{"name":"Charleston Harbor North Channel Lighted Buoy 34","status":"permanent","type":"buoy_lateral"},"children":{"buoy_lateral":{"category":"starboard","colour":"red","shape":"pillar","system":"iala-b"},"light":{"character":"Q","colour":"red","exhibition":"night","period":"1"}},"osm_tags":{"man_made":"buoy","seamark:buoy_lateral:category":"starboard","seamark:buoy_lateral:colour":"red","seamark:buoy_lateral:shape":"pillar","seamark:buoy_lateral:system":"iala-b","seamark:light:character":"Q","seamark:light:colour":"red","seamark:light:exhibition":"night","seamark:light:period":"1","seamark:name":"Charleston Harbor North Channel Lighted Buoy 34","seamark:status":"permanent","seamark:type":"buoy_lateral"}}},{"type":"Feature","geometry":{"type":"Point","coordinates":[-79.9153286,32.7880976]},"properties":{"osm_id":8603064994,"osm_type":"node","seamark_type":"buoy_lateral","display_class":"OTHER","min_zoom":12,"importance":1,"name":"Charleston Harbor North Channel Lighted Buoy 36","ref":null,"common":{"name":"Charleston Harbor North Channel Lighted Buoy 36","status":"permanent","type":"buoy_lateral"},"children":{"buoy_lateral":{"category":"starboard","colour":"red","shape":"pillar","system":"iala-b"},"light":{"character":"Fl","colour":"red","exhibition":"night","group":"1","period":"2.5"}},"osm_tags":{"man_made":"buoy","seamark:buoy_lateral:category":"starboard","seamark:buoy_lateral:colour":"red","seamark:buoy_lateral:shape":"pillar","seamark:buoy_lateral:system":"iala-b","seamark:light:character":"Fl","seamark:light:colour":"red","seamark:light:exhibition":"night","seamark:light:group":"1","seamark:light:period":"2.5","seamark:name":"Charleston Harbor North Channel Lighted Buoy 36","seamark:status":"permanent","seamark:type":"buoy_lateral"}}},{"type":"Feature","geometry":{"type":"Point","coordinates":[-79.9185714,32.793827]},"properties":{"osm_id":8603064993,"osm_type":"node","seamark_type":"buoy_lateral","display_class":"OTHER","min_zoom":12,"importance":1,"name":"Charleston Harbor North Channel Lighted Buoy 37","ref":null,"common":{"name":"Charleston Harbor North Channel Lighted Buoy 37","status":"permanent","type":"buoy_lateral"},"children":{"buoy_lateral":{"category":"port","colour":"green","shape":"pillar","system":"iala-b"},"light":{"character":"Fl","colour":"green","exhibition":"night","group":"1","period":"4"}},"osm_tags":{"man_made":"buoy","seamark:buoy_lateral:category":"port","seamark:buoy_lateral:colour":"green","seamark:buoy_lateral:shape":"pillar","seamark:buoy_lateral:system":"iala-b","seamark:light:character":"Fl","seamark:light:colour":"green","seamark:light:exhibition":"night","seamark:light:group":"1","seamark:light:period":"4","seamark:name":"Charleston Harbor North Channel Lighted Buoy 37","seamark:status":"permanent","seamark:type":"buoy_lateral"}}},{"type":"Feature","geometry":{"type":"Point","coordinates":[-79.9159851,32.7964194]},"properties":{"osm_id":8603064992,"osm_type":"node","seamark_type":"buoy_lateral","display_class":"OTHER","min_zoom":12,"importance":1,"name":"Charleston Harbor North Channel Lighted Buoy 38","ref":null,"common":{"name":"Charleston Harbor North Channel Lighted Buoy 38","status":"permanent","type":"buoy_lateral"},"children":{"buoy_lateral":{"category":"starboard","colour":"red","shape":"pillar","system":"iala-b"},"light":{"character":"Fl","colour":"red","exhibition":"night","group":"1","period":"4"}},"osm_tags":{"man_made":"buoy","seamark:buoy_lateral:category":"starboard","seamark:buoy_lateral:colour":"red","seamark:buoy_lateral:shape":"pillar","seamark:buoy_lateral:system":"iala-b","seamark:light:character":"Fl","seamark:light:colour":"red","seamark:light:exhibition":"night","seamark:light:group":"1","seamark:light:period":"4","seamark:name":"Charleston Harbor North Channel Lighted Buoy 38","seamark:status":"permanent","seamark:type":"buoy_lateral"}}},{"type":"Feature","geometry":{"type":"Point","coordinates":[-79.8580487,32.7554838]},"properties":{"osm_id":8604134245,"osm_type":"node","seamark_type":"buoy_lateral","display_class":"OTHER","min_zoom":12,"importance":1,"name":"Charleston Harbor Rock Groin Buoy 2","ref":null,"common":{"name":"Charleston Harbor Rock Groin Buoy 2","status":"permanent","type":"buoy_lateral"},"children":{"buoy_lateral":{"category":"starboard","colour":"red","shape":"conical","system":"iala-b"}},"osm_tags":{"man_made":"buoy","seamark:buoy_lateral:category":"starboard","seamark:buoy_lateral:colour":"red","seamark:buoy_lateral:shape":"conical","seamark:buoy_lateral:system":"iala-b","seamark:name":"Charleston Harbor Rock Groin Buoy 2","seamark:status":"permanent","seamark:type":"buoy_lateral"}}},{"type":"Feature","geometry":{"type":"Point","coordinates":[-79.8818506,32.7594447]},"properties":{"osm_id":8600883236,"osm_type":"node","seamark_type":"buoy_lateral","display_class":"OTHER","min_zoom":12,"importance":1,"name":"Charleston Harbor South Channel Lighted Buoy 2","ref":null,"common":{"name":"Charleston Harbor South Channel Lighted Buoy 2","retro_reflector":"yes","status":"permanent","type":"buoy_lateral"},"children":{"buoy_lateral":{"category":"starboard","colour":"red","shape":"pillar","system":"iala-b"},"light":{"character":"Fl","colour":"red","exhibition":"night","group":"1","period":"2.5"}},"osm_tags":{"man_made":"buoy","seamark:buoy_lateral:category":"starboard","seamark:buoy_lateral:colour":"red","seamark:buoy_lateral:shape":"pillar","seamark:buoy_lateral:system":"iala-b","seamark:light:character":"Fl","seamark:light:colour":"red","seamark:light:exhibition":"night","seamark:light:group":"1","seamark:light:period":"2.5","seamark:name":"Charleston Harbor South Channel Lighted Buoy 2","seamark:retro_reflector":"yes","seamark:status":"permanent","seamark:type":"buoy_lateral"}}},{"type":"Feature","geometry":{"type":"Point","coordinates":[-79.915916,32.7640314]},"properties":{"osm_id":8600883235,"osm_type":"node","seamark_type":"buoy_lateral","display_class":"OTHER","min_zoom":12,"importance":1,"name":"Charleston Harbor South Channel Lighted Buoy 4","ref":null,"common":{"name":"Charleston Harbor South Channel Lighted Buoy 4","status":"permanent","type":"buoy_lateral"},"children":{"buoy_lateral":{"category":"starboard","colour":"red","shape":"pillar","system":"iala-b"},"light":{"character":"Fl","colour":"red","exhibition":"night","group":"1","period":"4"}},"osm_tags":{"man_made":"buoy","seamark:buoy_lateral:category":"starboard","seamark:buoy_lateral:colour":"red","seamark:buoy_lateral:shape":"pillar","seamark:buoy_lateral:system":"iala-b","seamark:light:character":"Fl","seamark:light:colour":"red","seamark:light:exhibition":"night","seamark:light:group":"1","seamark:light:period":"4","seamark:name":"Charleston Harbor South Channel Lighted Buoy 4","seamark:status":"permanent","seamark:type":"buoy_lateral"}}},{"type":"Feature","geometry":{"type":"Point","coordinates":[-79.9242062,32.788977]},"properties":{"osm_id":1782729317,"osm_type":"node","seamark_type":"harbour","display_class":"OTHER","min_zoom":12,"importance":1,"name":"Charleston Maritime Center","ref":null,"common":{"type":"harbour"},"children":{"harbour":{"category":"marina"}},"osm_tags":{"addr:city":"Charleston","addr:housenumber":"10","addr:postcode":"29401","addr:state":"SC","addr:street":"Wharfside Street","fax":"+1-843-577-6673","leisure":"marina","name":"Charleston Maritime Center","phone":"+1- 843-853-3625","seamark:harbour:category":"marina","seamark:type":"harbour","website":"https://www.charleston-sc.gov/155/Maritime-Center"}}},{"type":"Feature","geometry":{"type":"Polygon","coordinates":[[[-79.9070953,32.7987945],[-79.9070351,32.7988094],[-79.9069909,32.7988116],[-79.906771,32.7987789],[-79.9067325,32.7987707],[-79.9066953,32.7987558],[-79.9066776,32.7987365],[-79.9066768,32.7987186],[-79.9066865,32.7987053],[-79.9067077,32.7986941],[-79.9067537,32.7986956],[-79.9067909,32.7987001],[-79.9070139,32.7987387],[-79.9070563,32.7987588],[-79.9070953,32.7987945]]]},"properties":{"osm_id":407549176,"osm_type":"way","seamark_type":"wreck","display_class":"OTHER","min_zoom":12,"importance":1,"name":"Col. J. E. Sawyer","ref":null,"common":{"type":"wreck"},"children":{"wreck":{"category":"hull_showing"}},"osm_tags":{"access":"no","alt_name":"Old Sunken Hull","historic":"wreck","material":"concrete","name":"Col. J. E. Sawyer","note":"Sunken in 1926 then moved out of the way in June 22, 1929.","seamark:type":"wreck","seamark:wreck:category":"hull_showing","website":"https://mountpleasanthistorical.org/items/show/42","wreck:date_sunk":"1926","wreck:type":"wrecked","wreck:visible_at_high_tide":"yes","wreck:visible_at_low_tide":"yes"}}},{"type":"Feature","geometry":{"type":"Polygon","coordinates":[[[-79.9179502,32.7836083],[-79.9181826,32.7843447],[-79.9187326,32.7849504],[-79.9195163,32.7853329],[-79.9204145,32.7854342],[-79.9212905,32.7852388],[-79.9220108,32.7847765],[-79.9224659,32.7841176],[-79.9225864,32.7833624],[-79.922354,32.782626],[-79.921804,32.7820204],[-79.9210203,32.7816378],[-79.9201221,32.7815365],[-79.9192461,32.7817319],[-79.9185258,32.7821942],[-79.9180707,32.7828531],[-79.9179502,32.7836083]]]},"properties":{"osm_id":927273933,"osm_type":"way","seamark_type":"anchorage","display_class":"OTHER","min_zoom":12,"importance":1,"name":"Commercial Anchorage D","ref":null,"common":{"information":"The use of this anchorage is limited to loaded vessels for a period of not more than 24 hours, 33 CFR 110.173","name":"Commercial Anchorage D","type":"anchorage"},"children":{"anchorage":{"category":"24_hour"}},"osm_tags":{"seamark:anchorage:category":"24_hour","seamark:information":"The use of this anchorage is limited to loaded vessels for a period of not more than 24 hours, 33 CFR 110.173","seamark:name":"Commercial Anchorage D","seamark:type":"anchorage"}}},{"type":"Feature","geometry":{"type":"Point","coordinates":[-79.916797,32.8112372]},"properties":{"osm_id":8603207324,"osm_type":"node","seamark_type":"buoy_lateral","display_class":"OTHER","min_zoom":12,"importance":1,"name":"Cooper River Lighted Buoy 43","ref":null,"common":{"name":"Cooper River Lighted Buoy 43","status":"permanent","type":"buoy_lateral"},"children":{"buoy_lateral":{"category":"port","colour":"green","shape":"pillar","system":"iala-b"},"light":{"character":"Fl","colour":"green","exhibition":"night","group":"1","period":"4"}},"osm_tags":{"man_made":"buoy","seamark:buoy_lateral:category":"port","seamark:buoy_lateral:colour":"green","seamark:buoy_lateral:shape":"pillar","seamark:buoy_lateral:system":"iala-b","seamark:light:character":"Fl","seamark:light:colour":"green","seamark:light:exhibition":"night","seamark:light:group":"1","seamark:light:period":"4","seamark:name":"Cooper River Lighted Buoy 43","seamark:status":"permanent","seamark:type":"buoy_lateral"}}},{"type":"Feature","geometry":{"type":"Point","coordinates":[-79.9177694,32.8160615]},"properties":{"osm_id":8603269085,"osm_type":"node","seamark_type":"buoy_lateral","display_class":"OTHER","min_zoom":12,"importance":1,"name":"Cooper River Lighted Buoy 44","ref":null,"common":{"name":"Cooper River Lighted Buoy 44","status":"permanent","type":"buoy_lateral"},"children":{"buoy_lateral":{"category":"starboard","colour":"red","shape":"pillar","system":"iala-b"},"light":{"character":"Fl","colour":"red","exhibition":"night","group":"1","period":"6"}},"osm_tags":{"man_made":"buoy","seamark:buoy_lateral:category":"starboard","seamark:buoy_lateral:colour":"red","seamark:buoy_lateral:shape":"pillar","seamark:buoy_lateral:system":"iala-b","seamark:light:character":"Fl","seamark:light:colour":"red","seamark:light:exhibition":"night","seamark:light:group":"1","seamark:light:period":"6","seamark:name":"Cooper River Lighted Buoy 44","seamark:status":"permanent","seamark:type":"buoy_lateral"}}},{"type":"Feature","geometry":{"type":"Point","coordinates":[-79.9244575,32.8189401]},"properties":{"osm_id":8603269084,"osm_type":"node","seamark_type":"buoy_lateral","display_class":"OTHER","min_zoom":12,"importance":1,"name":"Cooper River Lighted Buoy 46","ref":null,"common":{"name":"Cooper River Lighted Buoy 46","status":"permanent","type":"buoy_lateral"},"children":{"buoy_lateral":{"category":"starboard","colour":"red","shape":"pillar","system":"iala-b"},"light":{"character":"Fl","colour":"red","exhibition":"night","group":"1","period":"4"}},"osm_tags":{"man_made":"buoy","seamark:buoy_lateral:category":"starboard","seamark:buoy_lateral:colour":"red","seamark:buoy_lateral:shape":"pillar","seamark:buoy_lateral:system":"iala-b","seamark:light:character":"Fl","seamark:light:colour":"red","seamark:light:exhibition":"night","seamark:light:group":"1","seamark:light:period":"4","seamark:name":"Cooper River Lighted Buoy 46","seamark:status":"permanent","seamark:type":"buoy_lateral"}}},{"type":"Feature","geometry":{"type":"Polygon","coordinates":[[[-79.9335697,32.8326452],[-79.9335668,32.8325132],[-79.9334436,32.8325148],[-79.9334426,32.8326485],[-79.9334881,32.8326473],[-79.9335697,32.8326452]]]},"properties":{"osm_id":246260160,"osm_type":"way","seamark_type":"harbour","display_class":"OTHER","min_zoom":12,"importance":1,"name":"Cooper River Marina","ref":null,"common":{"type":"harbour"},"children":{"harbour":{"category":"marina"}},"osm_tags":{"addr:city":"North Charleston","addr:country":"US","addr:housenumber":"1010","addr:postcode":"29405","addr:state":"SC","addr:street":"Juneau Avenue","building":"office","leisure":"marina","name":"Cooper River Marina","phone":"+1-843-554-0790","seamark:harbour:category":"marina","seamark:type":"harbour","website":"https://www.ccprc.com/index.aspx?nid=67"}}},{"type":"Feature","geometry":{"type":"Polygon","coordinates":[[[-79.9360456,32.8329699],[-79.9327723,32.8330797],[-79.932634,32.8305314],[-79.9360481,32.8305715],[-79.9363569,32.8310205],[-79.9362276,32.8311059],[-79.9360364,32.8312047],[-79.9357893,32.8314037],[-79.935807,32.8315663],[-79.9359128,32.8316824],[-79.9360378,32.8319413],[-79.9361043,32.8321286],[-79.9361256,32.832322],[-79.9361448,32.8325238],[-79.9362825,32.8327369],[-79.9360456,32.8329699]]]},"properties":{"osm_id":1087263177,"osm_type":"way","seamark_type":"harbour","display_class":"OTHER","min_zoom":12,"importance":1,"name":"Cooper River Marina","ref":null,"common":{"type":"harbour"},"children":{"harbour":{"category":"marina"}},"osm_tags":{"leisure":"marina","name":"Cooper River Marina","seamark:harbour:category":"marina","seamark:type":"harbour"}}},{"type":"Feature","geometry":{"type":"Polygon","coordinates":[[[-79.966103,32.8310135],[-79.9669876,32.8307297],[-79.9656635,32.8285503],[-79.9649754,32.8287365],[-79.9651374,32.8293141],[-79.9651964,32.8294989],[-79.9651364,32.829647],[-79.9657374,32.8305561],[-79.9658402,32.8307115],[-79.966103,32.8310135]]]},"properties":{"osm_id":1087781723,"osm_type":"way","seamark_type":"harbour","display_class":"OTHER","min_zoom":12,"importance":1,"name":"Dolphin Cove Marina","ref":null,"common":{"type":"harbour"},"children":{"harbour":{"category":"marina"}},"osm_tags":{"leisure":"marina","name":"Dolphin Cove Marina","seamark:harbour:category":"marina","seamark:type":"harbour"}}},{"type":"Feature","geometry":{"type":"Polygon","coordinates":[[[-79.9660484,32.863738],[-79.9659394,32.8634273],[-79.9659814,32.8634175],[-79.966114,32.8633864],[-79.9660991,32.8633517],[-79.9674117,32.8630086],[-79.9679573,32.8629983],[-79.9679933,32.8631092],[-79.9674988,32.8633673],[-79.9662096,32.863714],[-79.9661423,32.8637157],[-79.9660836,32.8637296],[-79.9660484,32.863738]]]},"properties":{"osm_id":440279581,"osm_type":"way","seamark_type":"lock_basin","display_class":"OTHER","min_zoom":12,"importance":1,"name":"Dry Dock 1","ref":null,"common":{"type":"lock_basin"},"children":{},"osm_tags":{"description":"The first dry dock built at the shipyard.","dock":"drydock","heritage":"2","heritage:operator":"nrhp","heritage:website":"https://www.nps.gov/subjects/nationalregister/index.htm","historic":"maritime","intermittent":"yes","name":"Dry Dock 1","natural":"water","nrhp:criteria":"(A), (C)","nrhp:inscription_date":"2006-08-06","protection_title":"private","ref:nrhp":"06000699","seamark:type":"lock_basin","source_ref":"https://catalog.archives.gov/id/118997307","start_date":"1907","waterway":"dock"}}},{"type":"Feature","geometry":{"type":"Polygon","coordinates":[[[-79.9657487,32.8629121],[-79.9656378,32.8626165],[-79.9656359,32.8626115],[-79.9656786,32.8626003],[-79.9670248,32.8622486],[-79.9675535,32.8621724],[-79.9676155,32.8623431],[-79.9671525,32.8625357],[-79.9657904,32.8629009],[-79.9657487,32.8629121]]]},"properties":{"osm_id":440279582,"osm_type":"way","seamark_type":"lock_basin","display_class":"OTHER","min_zoom":12,"importance":1,"name":"Dry Dock 2","ref":null,"common":{"type":"lock_basin"},"children":{},"osm_tags":{"dock":"drydock","heritage":"2","heritage:operator":"nrhp","heritage:website":"https://www.nps.gov/subjects/nationalregister/index.htm","historic":"maritime","intermittent":"yes","name":"Dry Dock 2","natural":"water","nrhp:criteria":"(A), (C)","nrhp:inscription_date":"2006-08-06","protection_title":"private","ref:nrhp":"06000699","seamark:type":"lock_basin","source_ref":"https://catalog.archives.gov/id/118997307","start_date":"1942","waterway":"dock"}}},{"type":"Feature","geometry":{"type":"Polygon","coordinates":[[[-79.9576361,32.8560586],[-79.9574252,32.8558353],[-79.9565756,32.8564034],[-79.9565911,32.8564189],[-79.9565426,32.8564543],[-79.9565164,32.8564732],[-79.9566963,32.8566629],[-79.9567243,32.856644],[-79.9567812,32.8566067],[-79.9568004,32.8566245],[-79.9576361,32.8560586]]]},"properties":{"osm_id":440880082,"osm_type":"way","seamark_type":"lock_basin","display_class":"OTHER","min_zoom":12,"importance":1,"name":"Dry Dock 3","ref":null,"common":{"type":"lock_basin"},"children":{},"osm_tags":{"dock":"drydock","heritage":"2","heritage:operator":"nrhp","heritage:website":"https://www.nps.gov/subjects/nationalregister/index.htm","historic":"maritime","intermittent":"yes","name":"Dry Dock 3","nrhp:criteria":"(A), (C)","nrhp:inscription_date":"2006-08-06","protection_title":"private","ref:nrhp":"06000699","seamark:type":"lock_basin","source_ref":"https://catalog.archives.gov/id/118997307","start_date":"1943","waterway":"dock"}}},{"type":"Feature","geometry":{"type":"Polygon","coordinates":[[[-79.773217,32.7189128],[-79.773191,32.7189108],[-79.7731507,32.7188978],[-79.7731169,32.7188841],[-79.7730956,32.7188707],[-79.7731049,32.7188665],[-79.7731517,32.7188773],[-79.7732063,32.7188994],[-79.773217,32.7189128]]]},"properties":{"osm_id":1382902016,"osm_type":"way","seamark_type":"wreck","display_class":"OTHER","min_zoom":12,"importance":1,"name":"Former Wrecksite of Hunley","ref":null,"common":{"type":"wreck"},"children":{},"osm_tags":{"access":"unknown","historic":"wreck","name":"Former Wrecksite of Hunley","seamark:type":"wreck","source":"survey;https://www.history.navy.mil/content/dam/nhhc/research/underwater-archaeology/PDF/HLHunley_RecoveryOperations_20170404_Tagged.pdf","wreck:date_sunk":"17 February 1864"}}},{"type":"Feature","geometry":{"type":"Polygon","coordinates":[[[-79.8894437,32.8238372],[-79.8895756,32.8239168],[-79.8897562,32.8242357],[-79.8892663,32.8244346],[-79.889012,32.8245914],[-79.8887577,32.8247482],[-79.8883649,32.8243259],[-79.8883978,32.8242884],[-79.8886593,32.8242003],[-79.8889845,32.8239859],[-79.8894437,32.8238372]]]},"properties":{"osm_id":1513240496,"osm_type":"way","seamark_type":"harbour","display_class":"OTHER","min_zoom":12,"importance":1,"name":"Hobcaw Creek Community Docks","ref":null,"common":{"type":"harbour"},"children":{"harbour":{"category":"marina"}},"osm_tags":{"addr:city":"Mount Pleasant","addr:housenumber":"561","addr:postcode":"29464","addr:state":"SC","addr:street":"East Hobcaw Drive","capacity":"36","fee":"yes","leisure":"marina","name":"Hobcaw Creek Community Docks","operator":"Hobcaw Yacht Club","seamark:harbour:category":"marina","seamark:type":"harbour","website":"https://www.hobcawyachtclub.com/boatyard"}}},{"type":"Feature","geometry":{"type":"Point","coordinates":[-79.9162929,32.8072428]},"properties":{"osm_id":8603064989,"osm_type":"node","seamark_type":"buoy_lateral","display_class":"OTHER","min_zoom":12,"importance":1,"name":"Hog Island Reach Channel Lighted Buoy 41","ref":null,"common":{"name":"Hog Island Reach Channel Lighted Buoy 41","status":"permanent","type":"buoy_lateral"},"children":{"buoy_lateral":{"category":"port","colour":"green","shape":"pillar","system":"iala-b"},"light":{"character":"Fl","colour":"green","exhibition":"night","group":"1","period":"2.5"}},"osm_tags":{"man_made":"buoy","seamark:buoy_lateral:category":"port","seamark:buoy_lateral:colour":"green","seamark:buoy_lateral:shape":"pillar","seamark:buoy_lateral:system":"iala-b","seamark:light:character":"Fl","seamark:light:colour":"green","seamark:light:exhibition":"night","seamark:light:group":"1","seamark:light:period":"2.5","seamark:name":"Hog Island Reach Channel Lighted Buoy 41","seamark:status":"permanent","seamark:type":"buoy_lateral"}}},{"type":"Feature","geometry":{"type":"Point","coordinates":[-79.9139866,32.8041475]},"properties":{"osm_id":8603064990,"osm_type":"node","seamark_type":"buoy_lateral","display_class":"OTHER","min_zoom":12,"importance":1,"name":"Hog Island Reach Channel Lighted Buoy 42","ref":null,"common":{"name":"Hog Island Reach Channel Lighted Buoy 42","status":"permanent","type":"buoy_lateral"},"children":{"buoy_lateral":{"category":"starboard","colour":"red","shape":"pillar","system":"iala-b"},"light":{"character":"Fl","colour":"red","exhibition":"night","group":"1","period":"2.5"}},"osm_tags":{"man_made":"buoy","seamark:buoy_lateral:category":"starboard","seamark:buoy_lateral:colour":"red","seamark:buoy_lateral:shape":"pillar","seamark:buoy_lateral:system":"iala-b","seamark:light:character":"Fl","seamark:light:colour":"red","seamark:light:exhibition":"night","seamark:light:group":"1","seamark:light:period":"2.5","seamark:name":"Hog Island Reach Channel Lighted Buoy 42","seamark:status":"permanent","seamark:type":"buoy_lateral"}}},{"type":"Feature","geometry":{"type":"Point","coordinates":[-79.9176058,32.799272]},"properties":{"osm_id":8603064991,"osm_type":"node","seamark_type":"buoy_lateral","display_class":"OTHER","min_zoom":12,"importance":1,"name":"Hog island Reach Channel Lighted Buoy 39","ref":null,"common":{"name":"Hog island Reach Channel Lighted Buoy 39","status":"permanent","type":"buoy_lateral"},"children":{"buoy_lateral":{"category":"port","colour":"green","shape":"pillar","system":"iala-b"},"light":{"character":"Fl","colour":"green","exhibition":"night","group":"1","period":"2.5"}},"osm_tags":{"man_made":"buoy","seamark:buoy_lateral:category":"port","seamark:buoy_lateral:colour":"green","seamark:buoy_lateral:shape":"pillar","seamark:buoy_lateral:system":"iala-b","seamark:light:character":"Fl","seamark:light:colour":"green","seamark:light:exhibition":"night","seamark:light:group":"1","seamark:light:period":"2.5","seamark:name":"Hog island Reach Channel Lighted Buoy 39","seamark:status":"permanent","seamark:type":"buoy_lateral"}}},{"type":"Feature","geometry":{"type":"LineString","coordinates":[[-79.7883691,32.7893298],[-79.7914531,32.793975],[-79.7916321,32.7942447],[-79.7953887,32.7999028],[-79.7963016,32.8012149],[-79.7966441,32.8016928],[-79.797352,32.8026353],[-79.7982028,32.8036614],[-79.8087833,32.8156624]]},"properties":{"osm_id":927374718,"osm_type":"way","seamark_type":"bridge","display_class":"OTHER","min_zoom":12,"importance":1,"name":"Isle of Palms Connector","ref":"SC 517","common":{"type":"bridge"},"children":{"bridge":{"category":"fixed","clearance_height":"19.8","clearance_width":"33.5"}},"osm_tags":{"bridge":"yes","cycleway":"lane","cycleway:left":"lane","cycleway:right":"lane","expressway":"yes","highway":"primary","lanes":"2","layer":"1","maxspeed":"45 mph","name":"Isle of Palms Connector","name_1":"State Highway 517","ref":"SC 517","seamark:bridge:category":"fixed","seamark:bridge:clearance_height":"19.8","seamark:bridge:clearance_width":"33.5","seamark:type":"bridge","sidewalk:both":"no","tiger:cfcc":"A31","tiger:county":"Charleston, SC","tiger:name_base":"Isle of Palms Connector","tiger:name_base_1":"State Highway 517","wikidata":"Q6084044"}}},{"type":"Feature","geometry":{"type":"Point","coordinates":[-79.759701,32.8051856]},"properties":{"osm_id":1988581038,"osm_type":"node","seamark_type":"harbour","display_class":"OTHER","min_zoom":12,"importance":1,"name":"Isle of Palms Marina","ref":null,"common":{"type":"harbour"},"children":{"harbour":{"category":"marina"}},"osm_tags":{"leisure":"marina","name":"Isle of Palms Marina","seamark:harbour:category":"marina","seamark:type":"harbour","wheelchair":"yes"}}},{"type":"Feature","geometry":{"type":"LineString","coordinates":[[-79.9581314,32.7755498],[-79.9581324,32.7756352],[-79.9581459,32.7767621],[-79.9581365,32.7769813],[-79.9581214,32.7772075],[-79.958083,32.7774214],[-79.958038,32.7776451],[-79.9579844,32.7778577],[-79.9579132,32.7780591],[-79.9578355,32.7782675],[-79.9577363,32.7784734],[-79.9576297,32.7786731],[-79.9575176,32.7788641],[-79.9573828,32.7790622],[-79.9572466,32.7792398],[-79.9570241,32.779499],[-79.9567672,32.779756],[-79.9563973,32.7800704],[-79.9561203,32.7802645],[-79.9558894,32.7804044],[-79.9556626,32.7805338]]},"properties":{"osm_id":174309251,"osm_type":"way","seamark_type":"bridge","display_class":"OTHER","min_zoom":12,"importance":1,"name":"James Island Expressway","ref":"SC 30","common":{"type":"bridge"},"children":{"bridge":{"category":"fixed","clearance_height":"17","clearance_width":"33.5"}},"osm_tags":{"bridge":"yes","destination:ref":"SC 30","destination:ref:to":"SC 61","highway":"motorway","lanes":"2","layer":"2","maxspeed":"55 mph","name":"James Island Expressway","name:etymology":"James Island (South Carolina)","name:etymology:wikidata":"Q6136619","oneway":"yes","ref":"SC 30","seamark:bridge:category":"fixed","seamark:bridge:clearance_height":"17","seamark:bridge:clearance_width":"33.5","seamark:type":"bridge","surface":"concrete","turn:lanes":"none|through;slight_right"}}},{"type":"Feature","geometry":{"type":"LineString","coordinates":[[-79.9559537,32.7804999],[-79.9561723,32.7803626],[-79.9563726,32.7802197],[-79.9565662,32.7800774],[-79.9567539,32.7799255],[-79.9569285,32.7797616],[-79.9571715,32.7795074],[-79.9573976,32.7792427],[-79.957533,32.7790487],[-79.9576563,32.7788632],[-79.957781,32.7786558]]},"properties":{"osm_id":490201750,"osm_type":"way","seamark_type":"bridge","display_class":"OTHER","min_zoom":12,"importance":1,"name":"James Island Expressway","ref":"SC 30","common":{"type":"bridge"},"children":{"bridge":{"category":"fixed","clearance_height":"17","clearance_width":"33.5"}},"osm_tags":{"bridge":"yes","destination:ref":"SC 30","destination:ref:to":"SC 61","highway":"motorway","lanes":"3","layer":"2","maxspeed":"55 mph","name":"James Island Expressway","name:etymology":"James Island (South Carolina)","name:etymology:wikidata":"Q6136619","oneway":"yes","ref":"SC 30","seamark:bridge:category":"fixed","seamark:bridge:clearance_height":"17","seamark:bridge:clearance_width":"33.5","seamark:type":"bridge","surface":"concrete","turn:lanes":"none|none|slight_right"}}},{"type":"Feature","geometry":{"type":"LineString","coordinates":[[-79.9556626,32.7805338],[-79.955334,32.7806895],[-79.9550995,32.780788],[-79.9548612,32.7808769],[-79.9546194,32.7809549],[-79.954358,32.7810212],[-79.9538677,32.781128],[-79.9534986,32.7811906],[-79.9527128,32.7813345]]},"properties":{"osm_id":1528679256,"osm_type":"way","seamark_type":"bridge","display_class":"OTHER","min_zoom":12,"importance":1,"name":"James Island Expressway","ref":"SC 30","common":{"type":"bridge"},"children":{"bridge":{"category":"fixed","clearance_height":"17","clearance_width":"33.5"}},"osm_tags":{"bridge":"yes","destination:ref":"SC 30","destination:ref:to":"SC 61","highway":"motorway","lanes":"2","layer":"2","maxspeed":"55 mph","name":"James Island Expressway","name:etymology":"James Island (South Carolina)","name:etymology:wikidata":"Q6136619","oneway":"yes","ref":"SC 30","seamark:bridge:category":"fixed","seamark:bridge:clearance_height":"17","seamark:bridge:clearance_width":"33.5","seamark:type":"bridge","surface":"concrete"}}},{"type":"Feature","geometry":{"type":"Point","coordinates":[-79.8898973,32.7643314]},"properties":{"osm_id":8600883237,"osm_type":"node","seamark_type":"buoy_special_purpose","display_class":"OTHER","min_zoom":12,"importance":1,"name":"Lower Middle Ground Anchorage Lighted Buoy L","ref":null,"common":{"name":"Lower Middle Ground Anchorage Lighted Buoy L","status":"permanent","type":"buoy_special_purpose"},"children":{"buoy_special_purpose":{"category":"anchorage","colour":"yellow","shape":"pillar"},"light":{"character":"Fl","colour":"yellow","exhibition":"night","group":"1","period":"4"}},"osm_tags":{"man_made":"buoy","seamark:buoy_special_purpose:category":"anchorage","seamark:buoy_special_purpose:colour":"yellow","seamark:buoy_special_purpose:shape":"pillar","seamark:light:character":"Fl","seamark:light:colour":"yellow","seamark:light:exhibition":"night","seamark:light:group":"1","seamark:light:period":"4","seamark:name":"Lower Middle Ground Anchorage Lighted Buoy L","seamark:status":"permanent","seamark:type":"buoy_special_purpose"}}},{"type":"Feature","geometry":{"type":"Polygon","coordinates":[[[-79.9577431,32.778281],[-79.9580397,32.7783725],[-79.9579534,32.7785408],[-79.9578504,32.7787383],[-79.9576948,32.7789949],[-79.957506,32.7792642],[-79.9573547,32.7794523],[-79.9572796,32.7795398],[-79.9573021,32.7795542],[-79.9572817,32.7795763],[-79.9572608,32.7795619],[-79.9571761,32.7796534],[-79.9570312,32.7797978],[-79.9570527,32.7798131],[-79.9570537,32.7798244],[-79.9570334,32.7798442],[-79.9570071,32.7798239],[-79.9567796,32.7800305],[-79.9565613,32.7802037],[-79.9563086,32.7803845],[-79.9559433,32.7806105],[-79.9557872,32.7806966],[-79.9555651,32.780808],[-79.9550979,32.7810421],[-79.9549353,32.781121],[-79.954828,32.7811828],[-79.9547658,32.7811188],[-79.9548195,32.7810868],[-79.9548146,32.7810773],[-79.9547685,32.7810913],[-79.9546746,32.7808689],[-79.9547192,32.7808558],[-79.9547036,32.7808207],[-79.954636,32.7808261],[-79.9546296,32.7807422],[-79.9547433,32.7807336],[-79.9548549,32.7807205],[-79.9550464,32.7806872],[-79.9551349,32.7806678],[-79.9553184,32.7806136],[-79.9554514,32.7805622],[-79.9555474,32.7805171],[-79.9557089,32.7804323],[-79.9558527,32.7803498],[-79.9560254,32.7802425],[-79.9561445,32.7801635],[-79.9562797,32.7800684],[-79.9564669,32.7799245],[-79.9566273,32.7797887],[-79.9567775,32.7796512],[-79.9567496,32.7796322],[-79.9567694,32.779611],[-79.9567834,32.779611],[-79.9568022,32.7796246],[-79.956896,32.7795312],[-79.9570065,32.7794099],[-79.9569835,32.7793986],[-79.9569819,32.7793855],[-79.9569963,32.779367],[-79.9570323,32.7793851],[-79.9571766,32.7792137],[-79.9573241,32.7790179],[-79.9574035,32.7789047],[-79.9575473,32.7786711],[-79.957632,32.7785142],[-79.9577431,32.778281]]]},"properties":{"osm_id":1499767453,"osm_type":"way","seamark_type":"bridge","display_class":"OTHER","min_zoom":12,"importance":1,"name":"Robert B. Scarborough Bridge","ref":"001040003000100","common":{"type":"bridge"},"children":{},"osm_tags":{"bridge":"yes","layer":"2","man_made":"bridge","material":"concrete","maxweight":"37.1","name":"Robert B. Scarborough Bridge","name:etymology:wikidata":"Q1486899","ref":"001040003000100","seamark:type":"bridge","start_date":"1993-09-04"}}},{"type":"Feature","geometry":{"type":"Polygon","coordinates":[[[-79.9572294,32.7859716],[-79.9573008,32.7860372],[-79.9573983,32.7861103],[-79.9575035,32.7861902],[-79.9579938,32.7865776],[-79.9582862,32.7862529],[-79.9583513,32.786162],[-79.9583866,32.786135],[-79.9586928,32.7859416],[-79.9592664,32.7861335],[-79.959674,32.7865214],[-79.9629764,32.7851215],[-79.9609937,32.7837108],[-79.9584922,32.7848645],[-79.9584375,32.7847612],[-79.958247,32.7848618],[-79.9581097,32.7849434],[-79.957878,32.7850827],[-79.9576183,32.7852428],[-79.9572777,32.7854575],[-79.9570594,32.7855878],[-79.9570283,32.7856118],[-79.9570143,32.7856289],[-79.9570073,32.7856438],[-79.957002,32.7856596],[-79.9569971,32.7856808],[-79.9569934,32.7857092],[-79.9569928,32.7857313],[-79.9570014,32.7857691],[-79.9570143,32.7857935],[-79.9570331,32.7858201],[-79.9572294,32.7859716]]]},"properties":{"osm_id":1467165036,"osm_type":"way","seamark_type":"harbour","display_class":"OTHER","min_zoom":12,"importance":1,"name":"Safe Harbor Bristol","ref":null,"common":{"type":"harbour"},"children":{"harbour":{"category":"marina"}},"osm_tags":{"addr:city":"Charleston","addr:housenumber":"145","addr:postcode":"29403","addr:state":"SC","addr:street":"Lockwood Drive","internet_access":"wlan","leisure":"marina","name":"Safe Harbor Bristol","phone":"+1-843-723-6600","sanitary_dump_station":"yes","seamark:harbour:category":"marina","seamark:type":"harbour","start_date":"2004","website":"https://shmarinas.com/locations/safe-harbor-bristol"}}},{"type":"Feature","geometry":{"type":"Polygon","coordinates":[[[-79.9491914,32.7789874],[-79.9494097,32.7790777],[-79.9495106,32.7791182],[-79.9512515,32.7801015],[-79.9514549,32.7801882],[-79.9517458,32.7802855],[-79.9523859,32.7803697],[-79.9527525,32.7804395],[-79.9538558,32.7806494],[-79.9543252,32.7807283],[-79.9547087,32.780726],[-79.9550896,32.7806697],[-79.9553686,32.7805953],[-79.9559668,32.7801849],[-79.9561734,32.779982],[-79.9567253,32.7793754],[-79.9523504,32.7762286],[-79.9517957,32.776861],[-79.9489677,32.7748448],[-79.9482285,32.7755709],[-79.9494838,32.7764279],[-79.9493793,32.7765226],[-79.9505808,32.7773818],[-79.9500794,32.7779592],[-79.950592,32.7782743],[-79.9501111,32.7787171],[-79.9497044,32.7784415],[-79.9491999,32.7789564],[-79.9491914,32.7789874]]]},"properties":{"osm_id":489953533,"osm_type":"way","seamark_type":"harbour","display_class":"OTHER","min_zoom":12,"importance":1,"name":"Safe Harbor Marina","ref":null,"common":{"type":"harbour"},"children":{"harbour":{"category":"marina"}},"osm_tags":{"internet_access":"wlan","leisure":"marina","name":"Safe Harbor Marina","operator":"City of Charleston","operator:type":"government","operator:wikidata":"Q47716","phone":"+1-843-723-5098","seamark:harbour:category":"marina","seamark:type":"harbour","vhf":"16","website":"https://www.charleston-sc.com/city-marina.html"}}},{"type":"Feature","geometry":{"type":"Polygon","coordinates":[[[-79.9332728,32.8013469],[-79.9332814,32.8013347],[-79.9332889,32.801323],[-79.9332997,32.8013122],[-79.9333158,32.8012995],[-79.9333399,32.8012756],[-79.9333635,32.8012648],[-79.9333833,32.8012621],[-79.9334064,32.8012684],[-79.9334177,32.8012775],[-79.9334365,32.8013072],[-79.9334901,32.8014389],[-79.9334454,32.8014548],[-79.9334154,32.8014652],[-79.9333988,32.8014733],[-79.9333875,32.8014854],[-79.9333687,32.8015184],[-79.9333537,32.8015504],[-79.9333376,32.801572],[-79.9333242,32.8015824],[-79.9332775,32.8016036],[-79.9332679,32.8016081],[-79.9332652,32.8016153],[-79.9332711,32.8016279],[-79.933063,32.8017059],[-79.9330746,32.8017302],[-79.9329344,32.8021373],[-79.9327874,32.8024349],[-79.9328979,32.8024926],[-79.9329966,32.8025657],[-79.9330556,32.8026604],[-79.9330621,32.8027587],[-79.932958,32.8028624],[-79.9324945,32.803059],[-79.9331039,32.8040627],[-79.9327048,32.804252],[-79.9328969,32.8045532],[-79.9325396,32.8047093],[-79.931353,32.8028822],[-79.9310376,32.8022014],[-79.9332531,32.8013708],[-79.9332728,32.8013469]]]},"properties":{"osm_id":1494095884,"osm_type":"way","seamark_type":"harbour","display_class":"OTHER","min_zoom":12,"importance":1,"name":"Seabreeze Marina","ref":null,"common":{"type":"harbour"},"children":{"harbour":{"category":"marina"}},"osm_tags":{"addr:city":"Charleston","addr:housenumber":"50","addr:postcode":"29403","addr:state":"SC","addr:street":"Immigration Street","charge":"31 USD","contact:facebook":"https://www.facebook.com/SeabreezeMarina","contact:instagram":"https://www.instagram.com/seabreezemarina","email":"Info@SeabreezeMarina.com","fee":"yes","leisure":"marina","name":"Seabreeze Marina","operator":"Town Creek Investors, LLC","phone":"+1-843-853-0932","power_supply":"yes","sanitary_dump_station":"yes","seamark:harbour:category":"marina","seamark:type":"harbour","start_date":"2003-10-02","website":"https://seabreezemarina.com"}}},{"type":"Feature","geometry":{"type":"Polygon","coordinates":[[[-79.877674,32.7927756],[-79.8776535,32.7927604],[-79.8775926,32.7927516],[-79.8775331,32.7927377],[-79.8774917,32.792723],[-79.8774645,32.7927078],[-79.877449,32.7927075],[-79.8773369,32.7927571],[-79.8773236,32.7927696],[-79.8772975,32.792871],[-79.877254,32.7929568],[-79.8772205,32.7929877],[-79.8769424,32.7931105],[-79.8769391,32.7931165],[-79.8770137,32.7932274],[-79.8772332,32.7933026],[-79.8777084,32.7933687],[-79.8778242,32.7933611],[-79.8778415,32.7933348],[-79.8778361,32.7933171],[-79.8777854,32.7931477],[-79.8776772,32.7927865],[-79.877674,32.7927756]]]},"properties":{"osm_id":1546797811,"osm_type":"way","seamark_type":"harbour","display_class":"OTHER","min_zoom":12,"importance":1,"name":"Shem Creek Marina","ref":null,"common":{"type":"harbour"},"children":{"harbour":{"category":"marina"}},"osm_tags":{"leisure":"marina","name":"Shem Creek Marina","operator":"Bowline Marinas","seamark:harbour:category":"marina","seamark:type":"harbour"}}},{"type":"Feature","geometry":{"type":"Polygon","coordinates":[[[-79.9634809,32.6482274],[-79.9626546,32.647466],[-79.9605119,32.6491145],[-79.9613382,32.6498759],[-79.9634809,32.6482274]]]},"properties":{"osm_id":1047005338,"osm_type":"way","seamark_type":"harbour","display_class":"OTHER","min_zoom":12,"importance":1,"name":"Sunset Cay Marina","ref":null,"common":{"type":"harbour"},"children":{"harbour":{"category":"marina"}},"osm_tags":{"email":"sunsetcaymarina@gmail.com","leisure":"marina","name":"Sunset Cay Marina","phone":"+1 843 588 0051","seamark:harbour:category":"marina","seamark:type":"harbour","website":"https://www.sunsetcaymarina.org"}}},{"type":"Feature","geometry":{"type":"Point","coordinates":[-79.9293324,32.8161528]},"properties":{"osm_id":8603269082,"osm_type":"node","seamark_type":"buoy_lateral","display_class":"OTHER","min_zoom":12,"importance":1,"name":"Town Creek Channel Lighted Buoy 7","ref":null,"common":{"name":"Town Creek Channel Lighted Buoy 7","status":"permanent","type":"buoy_lateral"},"children":{"buoy_lateral":{"category":"port","colour":"green","shape":"pillar","system":"iala-b"},"light":{"character":"Fl","colour":"green","exhibition":"night","group":"1","period":"4"}},"osm_tags":{"man_made":"buoy","seamark:buoy_lateral:category":"port","seamark:buoy_lateral:colour":"green","seamark:buoy_lateral:shape":"pillar","seamark:buoy_lateral:system":"iala-b","seamark:light:character":"Fl","seamark:light:colour":"green","seamark:light:exhibition":"night","seamark:light:group":"1","seamark:light:period":"4","seamark:name":"Town Creek Channel Lighted Buoy 7","seamark:status":"permanent","seamark:type":"buoy_lateral"}}},{"type":"Feature","geometry":{"type":"Polygon","coordinates":[[[-79.94247,32.7733825],[-79.9426626,32.7747411],[-79.9421338,32.7747836],[-79.9422035,32.7753008],[-79.9422088,32.7753209],[-79.9422148,32.775333],[-79.9422276,32.7753419],[-79.9422448,32.7753452],[-79.9437028,32.7752037],[-79.9436292,32.7747243],[-79.9445929,32.7745935],[-79.9444146,32.7741364],[-79.9443621,32.7740588],[-79.9442319,32.7738984],[-79.9441051,32.7738062],[-79.9440211,32.7738084],[-79.9439463,32.7737303],[-79.9438211,32.7736687],[-79.9432916,32.7732596],[-79.9432101,32.7732921],[-79.94309,32.7733086],[-79.94247,32.7733825]]]},"properties":{"osm_id":1382893296,"osm_type":"way","seamark_type":"coastguard_station","display_class":"OTHER","min_zoom":12,"importance":1,"name":"U.S. Coast Guard - Sector Charleston","ref":null,"common":{"type":"coastguard_station"},"children":{},"osm_tags":{"addr:city":"Charleston","addr:housenumber":"196","addr:postcode":"29401","addr:state":"SC","addr:street":"Tradd Street","description":"Coast Guard Sector Charleston was originally build as a US Lighthouse Depot, but now serves as headquarters for all Coast Guard operations in South Caroline and Georgia.","ele":"1","gnis:feature_id":"2512091","historic":"yes","landuse":"military","military":"base","military_service":"coast_guard","name":"U.S. Coast Guard - Sector Charleston","note":"Parcel ID: 4570703002 and 4570703001","operator":"United States Coast Guard","operator:wikidata":"Q11224","phone":"+1-843-724-7600","seamark:type":"coastguard_station","website":"https://www.atlanticarea.uscg.mil/Our-Organization/District-7/Units/Sector-Charleston"}}},{"type":"Feature","geometry":{"type":"Polygon","coordinates":[[[-79.7763057,32.7193587],[-79.7762089,32.7193037],[-79.7761081,32.7191979],[-79.7760112,32.7190691],[-79.775951,32.7189766],[-79.7759261,32.7188818],[-79.7759457,32.7188499],[-79.7759942,32.7188609],[-79.7760635,32.7189248],[-79.7762377,32.7191561],[-79.7763044,32.7192563],[-79.7763057,32.7193587]]]},"properties":{"osm_id":1382902044,"osm_type":"way","seamark_type":"wreck","display_class":"OTHER","min_zoom":12,"importance":1,"name":"USS Housatonic","ref":null,"common":{"type":"wreck"},"children":{},"osm_tags":{"access":"unknown","historic":"wreck","name":"USS Housatonic","seamark:type":"wreck","source":"survey;https://www.history.navy.mil/content/dam/nhhc/research/underwater-archaeology/PDF/HLHunley_RecoveryOperations_20170404_Tagged.pdf;local knowledge;https://en.wikipedia.org/wiki/Sinking_of_USS_Housatonic","wreck:date_sunk":"17 February 1864"}}},{"type":"Feature","geometry":{"type":"Point","coordinates":[-79.9101841,32.8143675]},"properties":{"osm_id":8603207320,"osm_type":"node","seamark_type":"buoy_lateral","display_class":"OTHER","min_zoom":12,"importance":1,"name":"Wando River Terminal Lighted Buoy 2","ref":null,"common":{"name":"Wando River Terminal Lighted Buoy 2","status":"permanent","type":"buoy_lateral"},"children":{"buoy_lateral":{"category":"starboard","colour":"red","shape":"pillar","system":"iala-b"},"light":{"character":"Fl","colour":"red","exhibition":"night","group":"1","period":"2.5"},"radio_station":{"category":"ais"}},"osm_tags":{"man_made":"buoy","seamark:buoy_lateral:category":"starboard","seamark:buoy_lateral:colour":"red","seamark:buoy_lateral:shape":"pillar","seamark:buoy_lateral:system":"iala-b","seamark:light:character":"Fl","seamark:light:colour":"red","seamark:light:exhibition":"night","seamark:light:group":"1","seamark:light:period":"2.5","seamark:name":"Wando River Terminal Lighted Buoy 2","seamark:radio_station:category":"ais","seamark:status":"permanent","seamark:type":"buoy_lateral"}}},{"type":"Feature","geometry":{"type":"Point","coordinates":[-79.9058376,32.8202407]},"properties":{"osm_id":8603225628,"osm_type":"node","seamark_type":"buoy_lateral","display_class":"OTHER","min_zoom":12,"importance":1,"name":"Wando River Terminal Lighted Buoy 3","ref":null,"common":{"name":"Wando River Terminal Lighted Buoy 3","status":"permanent","type":"buoy_lateral"},"children":{"buoy_lateral":{"category":"port","colour":"green","shape":"pillar","system":"iala-b"},"light":{"character":"Fl","colour":"green","exhibition":"night","group":"1","period":"4"}},"osm_tags":{"man_made":"buoy","seamark:buoy_lateral:category":"port","seamark:buoy_lateral:colour":"green","seamark:buoy_lateral:shape":"pillar","seamark:buoy_lateral:system":"iala-b","seamark:light:character":"Fl","seamark:light:colour":"green","seamark:light:exhibition":"night","seamark:light:group":"1","seamark:light:period":"4","seamark:name":"Wando River Terminal Lighted Buoy 3","seamark:status":"permanent","seamark:type":"buoy_lateral"}}},{"type":"Feature","geometry":{"type":"Point","coordinates":[-79.9049404,32.8193807]},"properties":{"osm_id":8603225629,"osm_type":"node","seamark_type":"buoy_lateral","display_class":"OTHER","min_zoom":12,"importance":1,"name":"Wando River Terminal Lighted Buoy 4","ref":null,"common":{"name":"Wando River Terminal Lighted Buoy 4","status":"permanent","type":"buoy_lateral"},"children":{"buoy_lateral":{"category":"starboard","colour":"red","shape":"pillar","system":"iala-b"},"light":{"character":"Fl","colour":"red","exhibition":"night","group":"1","period":"4"}},"osm_tags":{"man_made":"buoy","seamark:buoy_lateral:category":"starboard","seamark:buoy_lateral:colour":"red","seamark:buoy_lateral:shape":"pillar","seamark:buoy_lateral:system":"iala-b","seamark:light:character":"Fl","seamark:light:colour":"red","seamark:light:exhibition":"night","seamark:light:group":"1","seamark:light:period":"4","seamark:name":"Wando River Terminal Lighted Buoy 4","seamark:status":"permanent","seamark:type":"buoy_lateral"}}},{"type":"Feature","geometry":{"type":"Point","coordinates":[-79.8994915,32.825932]},"properties":{"osm_id":8603225627,"osm_type":"node","seamark_type":"buoy_lateral","display_class":"OTHER","min_zoom":12,"importance":1,"name":"Wando River Terminal Lighted Buoy 5","ref":null,"common":{"name":"Wando River Terminal Lighted Buoy 5","status":"permanent","type":"buoy_lateral"},"children":{"buoy_lateral":{"category":"port","colour":"green","shape":"pillar","system":"iala-b"},"light":{"character":"Fl","colour":"green","exhibition":"night","group":"1","period":"6"}},"osm_tags":{"man_made":"buoy","seamark:buoy_lateral:category":"port","seamark:buoy_lateral:colour":"green","seamark:buoy_lateral:shape":"pillar","seamark:buoy_lateral:system":"iala-b","seamark:light:character":"Fl","seamark:light:colour":"green","seamark:light:exhibition":"night","seamark:light:group":"1","seamark:light:period":"6","seamark:name":"Wando River Terminal Lighted Buoy 5","seamark:status":"permanent","seamark:type":"buoy_lateral"}}},{"type":"Feature","geometry":{"type":"Point","coordinates":[-79.8960811,32.8272652]},"properties":{"osm_id":8603231591,"osm_type":"node","seamark_type":"buoy_lateral","display_class":"OTHER","min_zoom":12,"importance":1,"name":"Wando River Terminal Lighted Buoy 6","ref":null,"common":{"name":"Wando River Terminal Lighted Buoy 6","status":"permanent","type":"buoy_lateral"},"children":{"buoy_lateral":{"category":"starboard","colour":"red","shape":"pillar","system":"iala-b"},"light":{"character":"Fl","colour":"red","exhibition":"night","group":"1","period":"2.5"}},"osm_tags":{"man_made":"buoy","seamark:buoy_lateral:category":"starboard","seamark:buoy_lateral:colour":"red","seamark:buoy_lateral:shape":"pillar","seamark:buoy_lateral:system":"iala-b","seamark:light:character":"Fl","seamark:light:colour":"red","seamark:light:exhibition":"night","seamark:light:group":"1","seamark:light:period":"2.5","seamark:name":"Wando River Terminal Lighted Buoy 6","seamark:status":"permanent","seamark:type":"buoy_lateral"}}},{"type":"Feature","geometry":{"type":"Point","coordinates":[-79.8979444,32.8328889]},"properties":{"osm_id":8603225626,"osm_type":"node","seamark_type":"buoy_lateral","display_class":"OTHER","min_zoom":12,"importance":1,"name":"Wando River Terminal Lighted Buoy 7","ref":null,"common":{"name":"Wando River Terminal Lighted Buoy 7","status":"permanent","type":"buoy_lateral"},"children":{"buoy_lateral":{"category":"port","colour":"green","shape":"pillar","system":"iala-b"},"light":{"character":"Fl","colour":"green","exhibition":"night","period":"2.5"}},"osm_tags":{"man_made":"buoy","seamark:buoy_lateral:category":"port","seamark:buoy_lateral:colour":"green","seamark:buoy_lateral:shape":"pillar","seamark:buoy_lateral:system":"iala-b","seamark:light:character":"Fl","seamark:light:colour":"green","seamark:light:exhibition":"night","seamark:light:period":"2.5","seamark:name":"Wando River Terminal Lighted Buoy 7","seamark:status":"permanent","seamark:type":"buoy_lateral"}}},{"type":"Feature","geometry":{"type":"Point","coordinates":[-79.8963681,32.8349799]},"properties":{"osm_id":8603225625,"osm_type":"node","seamark_type":"buoy_lateral","display_class":"OTHER","min_zoom":12,"importance":1,"name":"Wando River Terminal Lighted Buoy 7A","ref":null,"common":{"name":"Wando River Terminal Lighted Buoy 7A","status":"permanent","type":"buoy_lateral"},"children":{"buoy_lateral":{"category":"port","colour":"green","shape":"pillar","system":"iala-b"},"light":{"character":"Fl","colour":"green","exhibition":"night","group":"1","period":"4"}},"osm_tags":{"man_made":"buoy","seamark:buoy_lateral:category":"port","seamark:buoy_lateral:colour":"green","seamark:buoy_lateral:shape":"pillar","seamark:buoy_lateral:system":"iala-b","seamark:light:character":"Fl","seamark:light:colour":"green","seamark:light:exhibition":"night","seamark:light:group":"1","seamark:light:period":"4","seamark:name":"Wando River Terminal Lighted Buoy 7A","seamark:status":"permanent","seamark:type":"buoy_lateral"}}},{"type":"Feature","geometry":{"type":"Point","coordinates":[-79.893069,32.8378736]},"properties":{"osm_id":8603225624,"osm_type":"node","seamark_type":"buoy_lateral","display_class":"OTHER","min_zoom":12,"importance":1,"name":"Wando River Terminal Lighted Buoy 8","ref":null,"common":{"name":"Wando River Terminal Lighted Buoy 8","status":"permanent","type":"buoy_lateral"},"children":{"buoy_lateral":{"category":"starboard","colour":"red","shape":"pillar","system":"iala-b"},"light":{"character":"Fl","colour":"red","exhibition":"night","group":"1","period":"6"}},"osm_tags":{"man_made":"buoy","seamark:buoy_lateral:category":"starboard","seamark:buoy_lateral:colour":"red","seamark:buoy_lateral:shape":"pillar","seamark:buoy_lateral:system":"iala-b","seamark:light:character":"Fl","seamark:light:colour":"red","seamark:light:exhibition":"night","seamark:light:group":"1","seamark:light:period":"6","seamark:name":"Wando River Terminal Lighted Buoy 8","seamark:status":"permanent","seamark:type":"buoy_lateral"}}},{"type":"Feature","geometry":{"type":"Point","coordinates":[-79.990402,32.7809604]},"properties":{"osm_id":2868603482,"osm_type":"node","seamark_type":"small_craft_facility","display_class":"OTHER","min_zoom":12,"importance":1,"name":"West Marine","ref":null,"common":{"type":"small_craft_facility"},"children":{"small_craft_facility":{"category":"chandler"}},"osm_tags":{"brand":"West Marine","brand:wikidata":"Q7985852","check_date":"2023-11-25","name":"West Marine","seamark:small_craft_facility:category":"chandler","seamark:type":"small_craft_facility","shop":"boat"}}},{"type":"Feature","geometry":{"type":"Point","coordinates":[-79.8530262,32.7937128]},"properties":{"osm_id":4973887531,"osm_type":"node","seamark_type":"small_craft_facility","display_class":"OTHER","min_zoom":12,"importance":1,"name":"West Marine","ref":null,"common":{"type":"small_craft_facility"},"children":{"small_craft_facility":{"category":"chandler"}},"osm_tags":{"brand":"West Marine","brand:wikidata":"Q7985852","name":"West Marine","name:en":"West Marine","seamark:small_craft_facility:category":"chandler","seamark:type":"small_craft_facility","shop":"boat"}}},{"type":"Feature","geometry":{"type":"Point","coordinates":[-79.8601998,32.7654783]},"properties":{"osm_id":8603320340,"osm_type":"node","seamark_type":"buoy_lateral","display_class":"OTHER","min_zoom":12,"importance":1,"name":"Winyah Bay-Charleston Harbor Buoy 126","ref":null,"common":{"name":"Winyah Bay-Charleston Harbor Buoy 126","status":"permanent","type":"buoy_lateral"},"children":{"buoy_lateral":{"category":"starboard","colour":"red","shape":"conical","system":"iala-b"}},"osm_tags":{"man_made":"buoy","seamark:buoy_lateral:category":"starboard","seamark:buoy_lateral:colour":"red","seamark:buoy_lateral:shape":"conical","seamark:buoy_lateral:system":"iala-b","seamark:name":"Winyah Bay-Charleston Harbor Buoy 126","seamark:status":"permanent","seamark:type":"buoy_lateral"}}},{"type":"Feature","geometry":{"type":"Point","coordinates":[-79.7558619,32.8087093]},"properties":{"osm_id":8604260033,"osm_type":"node","seamark_type":"buoy_lateral","display_class":"OTHER","min_zoom":12,"importance":1,"name":"Winyah Bay-Charleston Harbor Lighted Buoy 116","ref":null,"common":{"name":"Winyah Bay-Charleston Harbor Lighted Buoy 116","reflectivity":"reflector","status":"permanent","type":"buoy_lateral"},"children":{"buoy_lateral":{"category":"starboard","colour":"red","shape":"pillar","system":"iala-b"},"light":{"character":"Fl","colour":"red","exhibition":"night","group":"1","period":"4"}},"osm_tags":{"man_made":"buoy","seamark:buoy_lateral:category":"starboard","seamark:buoy_lateral:colour":"red","seamark:buoy_lateral:shape":"pillar","seamark:buoy_lateral:system":"iala-b","seamark:light:character":"Fl","seamark:light:colour":"red","seamark:light:exhibition":"night","seamark:light:group":"1","seamark:light:period":"4","seamark:name":"Winyah Bay-Charleston Harbor Lighted Buoy 116","seamark:reflectivity":"reflector","seamark:status":"permanent","seamark:type":"buoy_lateral"}}}],"type":"FeatureCollection"}