{"type":"FeatureCollection","features":[{"type":"Feature","geometry":{"type":"Point","coordinates":[119.5590556,35.3945]},"properties":{"osm_id":9420312104,"osm_type":"node","seamark_type":"light_major","display_class":"LIGHTHOUSE","min_zoom":7,"importance":5,"name":"日照灯塔","ref":null,"common":{"type":"light_major"},"children":{"light":{"character":"Fl","colour":"white","height":"39","period":"8","range":"18"},"radio_station":{"category":"ais"}},"osm_tags":{"man_made":"lighthouse","name":"日照灯塔","seamark:light:character":"Fl","seamark:light:colour":"white","seamark:light:height":"39","seamark:light:period":"8","seamark:light:range":"18","seamark:radio_station:category":"ais","seamark:type":"light_major","source":"China MSA Notice No. 1266/2024"}}},{"type":"Feature","geometry":{"type":"Point","coordinates":[119.3113518,35.4313854]},"properties":{"osm_id":9528928683,"osm_type":"node","seamark_type":"harbour","display_class":"OTHER","min_zoom":12,"importance":1,"name":null,"ref":null,"common":{"type":"harbour"},"children":{"harbour":{"category":"marina"}},"osm_tags":{"leisure":"marina","seamark:harbour:category":"marina","seamark:type":"harbour"}}},{"type":"Feature","geometry":{"type":"Point","coordinates":[119.3199463,35.4496939]},"properties":{"osm_id":9589198483,"osm_type":"node","seamark_type":"harbour","display_class":"OTHER","min_zoom":12,"importance":1,"name":null,"ref":null,"common":{"type":"harbour"},"children":{"harbour":{"category":"marina"}},"osm_tags":{"leisure":"marina","seamark:harbour:category":"marina","seamark:type":"harbour"}}},{"type":"Feature","geometry":{"type":"Point","coordinates":[119.3825556,35.17425]},"properties":{"osm_id":13352356433,"osm_type":"node","seamark_type":"radio_station","display_class":"OTHER","min_zoom":12,"importance":1,"name":null,"ref":null,"common":{"type":"radio_station"},"children":{"radio_station":{"category":"ais_base"}},"osm_tags":{"seamark:radio_station:category":"ais_base","seamark:type":"radio_station","source":"China MSA Notice No. 1128/2025"}}},{"type":"Feature","geometry":{"type":"Point","coordinates":[119.3737222,35.0882778]},"properties":{"osm_id":13695133444,"osm_type":"node","seamark_type":"light_minor","display_class":"OTHER","min_zoom":12,"importance":1,"name":null,"ref":null,"common":{"type":"light_minor"},"children":{"light":{"character":"Fl","colour":"white","height":"16","period":"6","range":"8","reference":"P 3806.5"}},"osm_tags":{"seamark:light:character":"Fl","seamark:light:colour":"white","seamark:light:height":"16","seamark:light:period":"6","seamark:light:range":"8","seamark:light:reference":"P 3806.5","seamark:type":"light_minor","source":"China MSA Notice No. 125/2020"}}},{"type":"Feature","geometry":{"type":"Point","coordinates":[119.3988889,35.1215833]},"properties":{"osm_id":13695169661,"osm_type":"node","seamark_type":"light_minor","display_class":"OTHER","min_zoom":12,"importance":1,"name":null,"ref":null,"common":{"type":"light_minor"},"children":{"light":{"character":"Fl","colour":"green","period":"3","reference":"P 3806.586"}},"osm_tags":{"seamark:light:character":"Fl","seamark:light:colour":"green","seamark:light:period":"3","seamark:light:reference":"P 3806.586","seamark:type":"light_minor","source":"China MSA Notice No. 375/2018"}}},{"type":"Feature","geometry":{"type":"LineString","coordinates":[[119.6179685,35.5628011],[119.6183365,35.5604057]]},"properties":{"osm_id":1042840862,"osm_type":"way","seamark_type":"gate","display_class":"OTHER","min_zoom":12,"importance":1,"name":null,"ref":null,"common":{"type":"gate"},"children":{},"osm_tags":{"seamark:type":"gate","waterway":"lock_gate"}}},{"type":"Feature","geometry":{"type":"LineString","coordinates":[[119.5194444,35.2888889],[119.5194722,35.2856667],[119.5302222,35.2705833],[119.7753056,35.169]]},"properties":{"osm_id":1188100854,"osm_type":"way","seamark_type":"separation_boundary","display_class":"OTHER","min_zoom":12,"importance":1,"name":null,"ref":null,"common":{"type":"separation_boundary"},"children":{},"osm_tags":{"seamark:type":"separation_boundary","source":"China MSA Notice No. 696/2023"}}},{"type":"Feature","geometry":{"type":"LineString","coordinates":[[119.52825,35.2889167],[119.5282778,35.2840278],[119.5351111,35.2744167],[119.5479444,35.2664722],[119.7768889,35.1715556]]},"properties":{"osm_id":1188100855,"osm_type":"way","seamark_type":"separation_boundary","display_class":"OTHER","min_zoom":12,"importance":1,"name":null,"ref":null,"common":{"type":"separation_boundary"},"children":{},"osm_tags":{"seamark:type":"separation_boundary","source":"China MSA Notice No. 696/2023"}}},{"type":"Feature","geometry":{"type":"LineString","coordinates":[[119.5233056,35.2889167],[119.5233056,35.2856389],[119.534,35.2706389],[119.7760833,35.1702778]]},"properties":{"osm_id":1188100856,"osm_type":"way","seamark_type":"separation_line","display_class":"OTHER","min_zoom":12,"importance":1,"name":null,"ref":null,"common":{"type":"separation_line"},"children":{},"osm_tags":{"seamark:type":"separation_line","source":"China MSA Notice No. 696/2023"}}},{"type":"Feature","geometry":{"type":"LineString","coordinates":[[119.7029444,35.1200278],[119.7245833,35.1221667],[119.7358611,35.1219444],[119.9031667,35.0995833]]},"properties":{"osm_id":1188102421,"osm_type":"way","seamark_type":"separation_boundary","display_class":"OTHER","min_zoom":12,"importance":1,"name":null,"ref":null,"common":{"type":"separation_boundary"},"children":{},"osm_tags":{"seamark:type":"separation_boundary","source":"China MSA Notice No. 697/2023"}}},{"type":"Feature","geometry":{"type":"LineString","coordinates":[[119.7024444,35.1235],[119.7303333,35.12625],[119.9038611,35.1030556]]},"properties":{"osm_id":1188102422,"osm_type":"way","seamark_type":"separation_boundary","display_class":"OTHER","min_zoom":12,"importance":1,"name":null,"ref":null,"common":{"type":"separation_boundary"},"children":{},"osm_tags":{"seamark:type":"separation_boundary","source":"China MSA Notice No. 697/2023"}}},{"type":"Feature","geometry":{"type":"LineString","coordinates":[[119.4380556,35.0955556],[119.4442778,35.0961667],[119.5515278,35.1068611],[119.7302778,35.1244722],[119.9035278,35.1013333]]},"properties":{"osm_id":1188102423,"osm_type":"way","seamark_type":"separation_line","display_class":"OTHER","min_zoom":12,"importance":1,"name":null,"ref":null,"common":{"type":"separation_line"},"children":{},"osm_tags":{"seamark:type":"separation_line","source":"China MSA Notice No. 697/2023"}}},{"type":"Feature","geometry":{"type":"Polygon","coordinates":[[[119.9094167,35.1991389],[119.9336667,35.1991667],[119.9371389,35.18675],[119.9059167,35.18675],[119.9094167,35.1991389]]]},"properties":{"osm_id":1243357896,"osm_type":"way","seamark_type":"marine_farm","display_class":"OTHER","min_zoom":12,"importance":1,"name":null,"ref":null,"common":{"type":"marine_farm"},"children":{},"osm_tags":{"seamark:type":"marine_farm","source":"China MSA Notice No. 1268/2023"}}},{"type":"Feature","geometry":{"type":"Polygon","coordinates":[[[119.3751042,35.1385092],[119.3771779,35.1381664],[119.3767257,35.135794],[119.3755895,35.1356497],[119.3745637,35.1359834],[119.3751042,35.1385092]]]},"properties":{"osm_id":1314843080,"osm_type":"way","seamark_type":"harbour","display_class":"OTHER","min_zoom":12,"importance":1,"name":null,"ref":null,"common":{"type":"harbour"},"children":{"harbour":{"category":"marina"}},"osm_tags":{"leisure":"marina","seamark:harbour:category":"marina","seamark:type":"harbour"}}},{"type":"Feature","geometry":{"type":"Point","coordinates":[119.2876389,35.0240556]},"properties":{"osm_id":7690368870,"osm_type":"node","seamark_type":"buoy_lateral","display_class":"OTHER","min_zoom":12,"importance":1,"name":"325","ref":null,"common":{"name":"325","type":"buoy_lateral"},"children":{"buoy_lateral":{"category":"starboard","colour":"green","shape":"pillar"},"light":{"character":"Fl","colour":"green","group":"2","period":"6"},"topmark":{"colour":"green","shape":"cone, point up"}},"osm_tags":{"seamark:buoy_lateral:category":"starboard","seamark:buoy_lateral:colour":"green","seamark:buoy_lateral:shape":"pillar","seamark:light:character":"Fl","seamark:light:colour":"green","seamark:light:group":"2","seamark:light:period":"6","seamark:name":"325","seamark:topmark:colour":"green","seamark:topmark:shape":"cone, point up","seamark:type":"buoy_lateral","source":"China MSA Notice No. 811/2020"}}},{"type":"Feature","geometry":{"type":"Point","coordinates":[119.2830556,35.0316111]},"properties":{"osm_id":13072526857,"osm_type":"node","seamark_type":"virtual_aton","display_class":"OTHER","min_zoom":12,"importance":1,"name":"327HAO","ref":null,"common":{"name":"327HAO","type":"virtual_aton"},"children":{"virtual_aton":{"category":"starboard_lateral","mmsi":"994126549"}},"osm_tags":{"seamark:name":"327HAO","seamark:type":"virtual_aton","seamark:virtual_aton:category":"starboard_lateral","seamark:virtual_aton:mmsi":"994126549","source":"China MSA Notice No. 323/2024"}}},{"type":"Feature","geometry":{"type":"Point","coordinates":[119.9102778,35.0752778]},"properties":{"osm_id":13404226666,"osm_type":"node","seamark_type":"virtual_aton","display_class":"OTHER","min_zoom":12,"importance":1,"name":"AHWJ 3","ref":null,"common":{"name":"AHWJ 3","type":"virtual_aton"},"children":{"virtual_aton":{"category":"special_purpose","mmsi":"994136431"}},"osm_tags":{"seamark:name":"AHWJ 3","seamark:type":"virtual_aton","seamark:virtual_aton:category":"special_purpose","seamark:virtual_aton:mmsi":"994136431","source":"China MSA Notice No. 1194/2025"}}},{"type":"Feature","geometry":{"type":"Point","coordinates":[119.8102778,35.08]},"properties":{"osm_id":13404226665,"osm_type":"node","seamark_type":"virtual_aton","display_class":"OTHER","min_zoom":12,"importance":1,"name":"AHWJ 4","ref":null,"common":{"name":"AHWJ 4","type":"virtual_aton"},"children":{"virtual_aton":{"category":"special_purpose","mmsi":"994136432"}},"osm_tags":{"seamark:name":"AHWJ 4","seamark:type":"virtual_aton","seamark:virtual_aton:category":"special_purpose","seamark:virtual_aton:mmsi":"994136432","source":"China MSA Notice No. 1194/2025"}}},{"type":"Feature","geometry":{"type":"Point","coordinates":[119.6763889,35.0213889]},"properties":{"osm_id":13404226664,"osm_type":"node","seamark_type":"virtual_aton","display_class":"OTHER","min_zoom":12,"importance":1,"name":"AHWJ 5","ref":null,"common":{"name":"AHWJ 5","type":"virtual_aton"},"children":{"virtual_aton":{"category":"special_purpose","mmsi":"994136433"}},"osm_tags":{"seamark:name":"AHWJ 5","seamark:type":"virtual_aton","seamark:virtual_aton:category":"special_purpose","seamark:virtual_aton:mmsi":"994136433","source":"China MSA Notice No. 1194/2025"}}},{"type":"Feature","geometry":{"type":"Point","coordinates":[119.2923333,35.0287222]},"properties":{"osm_id":7690368869,"osm_type":"node","seamark_type":"buoy_special_purpose","display_class":"OTHER","min_zoom":12,"importance":1,"name":"Basin No.1","ref":null,"common":{"name":"Basin No.1","type":"buoy_special_purpose"},"children":{"buoy_special_purpose":{"colour":"yellow","shape":"pillar"},"light":{"character":"Mo","colour":"yellow","group":"O","period":"12"},"topmark":{"colour":"yellow","shape":"x-shape"}},"osm_tags":{"seamark:buoy_special_purpose:colour":"yellow","seamark:buoy_special_purpose:shape":"pillar","seamark:light:character":"Mo","seamark:light:colour":"yellow","seamark:light:group":"O","seamark:light:period":"12","seamark:name":"Basin No.1","seamark:topmark:colour":"yellow","seamark:topmark:shape":"x-shape","seamark:type":"buoy_special_purpose","source":"China MSA Notice No. 811/2020"}}},{"type":"Feature","geometry":{"type":"Point","coordinates":[119.3800556,35.08425]},"properties":{"osm_id":13269996439,"osm_type":"node","seamark_type":"light_minor","display_class":"OTHER","min_zoom":12,"importance":1,"name":"Berth No.17","ref":null,"common":{"name":"Berth No.17","type":"light_minor"},"children":{"light":{"character":"Fl","colour":"green","group":"2","height":"14","period":"5","range":"8"}},"osm_tags":{"seamark:light:character":"Fl","seamark:light:colour":"green","seamark:light:group":"2","seamark:light:height":"14","seamark:light:period":"5","seamark:light:range":"8","seamark:name":"Berth No.17","seamark:type":"light_minor","source":"China MSA Notice No. 1069/2024"}}},{"type":"Feature","geometry":{"type":"Point","coordinates":[119.3053611,35.0110833]},"properties":{"osm_id":13270047158,"osm_type":"node","seamark_type":"buoy_special_purpose","display_class":"OTHER","min_zoom":12,"importance":1,"name":"Breakwater Head No.1","ref":null,"common":{"name":"Breakwater Head No.1","type":"buoy_special_purpose"},"children":{"buoy_special_purpose":{"colour":"yellow","shape":"pillar"},"light":{"character":"Mo","colour":"yellow","group":"C","period":"12"},"topmark":{"colour":"yellow","shape":"x-shape"}},"osm_tags":{"seamark:buoy_special_purpose:colour":"yellow","seamark:buoy_special_purpose:shape":"pillar","seamark:light:character":"Mo","seamark:light:colour":"yellow","seamark:light:group":"C","seamark:light:period":"12","seamark:name":"Breakwater Head No.1","seamark:topmark:colour":"yellow","seamark:topmark:shape":"x-shape","seamark:type":"buoy_special_purpose","source":"China MSA Notice No. 959/2023"}}},{"type":"Feature","geometry":{"type":"Point","coordinates":[119.2998611,35.0148611]},"properties":{"osm_id":13270047157,"osm_type":"node","seamark_type":"buoy_special_purpose","display_class":"OTHER","min_zoom":12,"importance":1,"name":"Breakwater Head No.2","ref":null,"common":{"name":"Breakwater Head No.2","type":"buoy_special_purpose"},"children":{"buoy_special_purpose":{"colour":"yellow","shape":"pillar"},"light":{"character":"Mo","colour":"yellow","group":"C","period":"15"},"topmark":{"colour":"yellow","shape":"x-shape"}},"osm_tags":{"seamark:buoy_special_purpose:colour":"yellow","seamark:buoy_special_purpose:shape":"pillar","seamark:light:character":"Mo","seamark:light:colour":"yellow","seamark:light:group":"C","seamark:light:period":"15","seamark:name":"Breakwater Head No.2","seamark:topmark:colour":"yellow","seamark:topmark:shape":"x-shape","seamark:type":"buoy_special_purpose","source":"China MSA Notice No. 959/2023"}}},{"type":"Feature","geometry":{"type":"Point","coordinates":[119.7742222,35.56275]},"properties":{"osm_id":8039725200,"osm_type":"node","seamark_type":"buoy_lateral","display_class":"OTHER","min_zoom":12,"importance":1,"name":"Dongjiakou Harbour No.158","ref":null,"common":{"name":"Dongjiakou Harbour No.158","type":"buoy_lateral"},"children":{"buoy_lateral":{"category":"port","colour":"red","shape":"pillar","system":"iala-a"},"light":{"character":"Fl","colour":"red","period":"4"},"radio_station":{"category":"ais","mmsi":"994121225"},"topmark":{"colour":"red","shape":"cylinder"}},"osm_tags":{"seamark:buoy_lateral:category":"port","seamark:buoy_lateral:colour":"red","seamark:buoy_lateral:shape":"pillar","seamark:buoy_lateral:system":"iala-a","seamark:light:character":"Fl","seamark:light:colour":"red","seamark:light:period":"4","seamark:name":"Dongjiakou Harbour No.158","seamark:radio_station:category":"ais","seamark:radio_station:mmsi":"994121225","seamark:topmark:colour":"red","seamark:topmark:shape":"cylinder","seamark:type":"buoy_lateral","source":"China MSA Notice No. 295/2022"}}},{"type":"Feature","geometry":{"type":"Point","coordinates":[119.7959444,35.5578333]},"properties":{"osm_id":11005586073,"osm_type":"node","seamark_type":"buoy_lateral","display_class":"OTHER","min_zoom":12,"importance":1,"name":"Dongjiakou Harbour No.210","ref":null,"common":{"name":"Dongjiakou Harbour No.210","type":"buoy_lateral"},"children":{"buoy_lateral":{"category":"port","colour":"red","shape":"pillar","system":"iala-a"},"light":{"character":"Fl","colour":"red","group":"2","period":"6"},"radio_station":{"category":"ais","mmsi":"994121229"},"topmark":{"colour":"red","shape":"cylinder"}},"osm_tags":{"seamark:buoy_lateral:category":"port","seamark:buoy_lateral:colour":"red","seamark:buoy_lateral:shape":"pillar","seamark:buoy_lateral:system":"iala-a","seamark:light:character":"Fl","seamark:light:colour":"red","seamark:light:group":"2","seamark:light:period":"6","seamark:name":"Dongjiakou Harbour No.210","seamark:radio_station:category":"ais","seamark:radio_station:mmsi":"994121229","seamark:topmark:colour":"red","seamark:topmark:shape":"cylinder","seamark:type":"buoy_lateral","source":"China MSA Notice No. 295/2022"}}},{"type":"Feature","geometry":{"type":"Point","coordinates":[119.7835,35.57325]},"properties":{"osm_id":13269493380,"osm_type":"node","seamark_type":"light_minor","display_class":"OTHER","min_zoom":12,"importance":1,"name":"Dongjiakou Harbour Ore Pier Warning","ref":null,"common":{"name":"Dongjiakou Harbour Ore Pier Warning","type":"light_minor"},"children":{"light":{"character":"Iso","colour":"white","height":"9.2","period":"4","range":"8","reference":"P 3808.6035"}},"osm_tags":{"seamark:light:character":"Iso","seamark:light:colour":"white","seamark:light:height":"9.2","seamark:light:period":"4","seamark:light:range":"8","seamark:light:reference":"P 3808.6035","seamark:name":"Dongjiakou Harbour Ore Pier Warning","seamark:type":"light_minor","source":"China MSA Notice No. 935/2025"}}},{"type":"Feature","geometry":{"type":"Point","coordinates":[119.7598611,35.5559444]},"properties":{"osm_id":9770962119,"osm_type":"node","seamark_type":"buoy_cardinal","display_class":"OTHER","min_zoom":12,"importance":1,"name":"Dongjiakou Port No.L1","ref":null,"common":{"name":"Dongjiakou Port No.L1","type":"buoy_cardinal"},"children":{"buoy_cardinal":{"category":"south","colour":"yellow;black","colour_pattern":"horizontal","shape":"pillar"},"light":{"character":"Q+LFl","colour":"white","group":"6","period":"15"},"radio_station":{"category":"ais","mmsi":"994121250"},"topmark":{"colour":"black","shape":"2 cones down"}},"osm_tags":{"seamark:buoy_cardinal:category":"south","seamark:buoy_cardinal:colour":"yellow;black","seamark:buoy_cardinal:colour_pattern":"horizontal","seamark:buoy_cardinal:shape":"pillar","seamark:light:character":"Q+LFl","seamark:light:colour":"white","seamark:light:group":"6","seamark:light:period":"15","seamark:name":"Dongjiakou Port No.L1","seamark:radio_station:category":"ais","seamark:radio_station:mmsi":"994121250","seamark:topmark:colour":"black","seamark:topmark:shape":"2 cones down","seamark:type":"buoy_cardinal","source":"China MSA Notice No. 497/2022"}}},{"type":"Feature","geometry":{"type":"Point","coordinates":[119.7557778,35.5533056]},"properties":{"osm_id":9770962118,"osm_type":"node","seamark_type":"buoy_lateral","display_class":"OTHER","min_zoom":12,"importance":1,"name":"Dongjiakou Port No.L2","ref":null,"common":{"name":"Dongjiakou Port No.L2","type":"buoy_lateral"},"children":{"buoy_lateral":{"category":"port","colour":"red","shape":"pillar","system":"iala-a"},"light":{"character":"Q","colour":"red"},"radio_station":{"category":"ais","mmsi":"994121251"},"topmark":{"colour":"red","shape":"cylinder"}},"osm_tags":{"seamark:buoy_lateral:category":"port","seamark:buoy_lateral:colour":"red","seamark:buoy_lateral:shape":"pillar","seamark:buoy_lateral:system":"iala-a","seamark:light:character":"Q","seamark:light:colour":"red","seamark:name":"Dongjiakou Port No.L2","seamark:radio_station:category":"ais","seamark:radio_station:mmsi":"994121251","seamark:topmark:colour":"red","seamark:topmark:shape":"cylinder","seamark:type":"buoy_lateral","source":"China MSA Notice No. 497/2022"}}},{"type":"Feature","geometry":{"type":"Point","coordinates":[119.7555,35.5670833]},"properties":{"osm_id":9770962117,"osm_type":"node","seamark_type":"buoy_lateral","display_class":"OTHER","min_zoom":12,"importance":1,"name":"Dongjiakou Port No.L3","ref":null,"common":{"name":"Dongjiakou Port No.L3","type":"buoy_lateral"},"children":{"buoy_lateral":{"category":"starboard","colour":"green","shape":"pillar","system":"iala-a"},"light":{"character":"Fl","colour":"green","period":"4"},"radio_station":{"category":"ais","mmsi":"994121252"},"topmark":{"colour":"green","shape":"cone, point up"}},"osm_tags":{"seamark:buoy_lateral:category":"starboard","seamark:buoy_lateral:colour":"green","seamark:buoy_lateral:shape":"pillar","seamark:buoy_lateral:system":"iala-a","seamark:light:character":"Fl","seamark:light:colour":"green","seamark:light:period":"4","seamark:name":"Dongjiakou Port No.L3","seamark:radio_station:category":"ais","seamark:radio_station:mmsi":"994121252","seamark:topmark:colour":"green","seamark:topmark:shape":"cone, point up","seamark:type":"buoy_lateral","source":"China MSA Notice No. 497/2022"}}},{"type":"Feature","geometry":{"type":"Point","coordinates":[119.7495833,35.1196944]},"properties":{"osm_id":11032981893,"osm_type":"node","seamark_type":"buoy_lateral","display_class":"OTHER","min_zoom":12,"importance":1,"name":"LANSHANPORETNO322","ref":null,"common":{"name":"LANSHANPORETNO322","type":"buoy_lateral"},"children":{"buoy_lateral":{"category":"port","colour":"red","shape":"pillar","system":"iala-a"},"light":{"character":"Fl","colour":"red","period":"4"},"radio_station":{"category":"ais","mmsi":"994121275"},"topmark":{"colour":"red","shape":"cylinder"}},"osm_tags":{"seamark:buoy_lateral:category":"port","seamark:buoy_lateral:colour":"red","seamark:buoy_lateral:shape":"pillar","seamark:buoy_lateral:system":"iala-a","seamark:light:character":"Fl","seamark:light:colour":"red","seamark:light:period":"4","seamark:name":"LANSHANPORETNO322","seamark:radio_station:category":"ais","seamark:radio_station:mmsi":"994121275","seamark:topmark:colour":"red","seamark:topmark:shape":"cylinder","seamark:type":"buoy_lateral","source":"China MSA Notice No. 162/2026"}}},{"type":"Feature","geometry":{"type":"Point","coordinates":[119.6400833,35.1241389]},"properties":{"osm_id":13592327063,"osm_type":"node","seamark_type":"virtual_aton","display_class":"OTHER","min_zoom":12,"importance":1,"name":"LANSHANPORT Y11","ref":null,"common":{"name":"LANSHANPORT Y11","type":"virtual_aton"},"children":{"virtual_aton":{"category":"west_cardinal","mmsi":"994126221"}},"osm_tags":{"seamark:name":"LANSHANPORT Y11","seamark:type":"virtual_aton","seamark:virtual_aton:category":"west_cardinal","seamark:virtual_aton:mmsi":"994126221","source":"China MSA Notice No. 162/2026"}}},{"type":"Feature","geometry":{"type":"Point","coordinates":[119.6291389,35.1294722]},"properties":{"osm_id":13592327062,"osm_type":"node","seamark_type":"virtual_aton","display_class":"OTHER","min_zoom":12,"importance":1,"name":"LANSHANPORT Y12","ref":null,"common":{"name":"LANSHANPORT Y12","type":"virtual_aton"},"children":{"virtual_aton":{"category":"south_cardinal","mmsi":"994126222"}},"osm_tags":{"seamark:name":"LANSHANPORT Y12","seamark:type":"virtual_aton","seamark:virtual_aton:category":"south_cardinal","seamark:virtual_aton:mmsi":"994126222","source":"China MSA Notice No. 162/2026"}}},{"type":"Feature","geometry":{"type":"Point","coordinates":[119.6106667,35.1276667]},"properties":{"osm_id":13592327061,"osm_type":"node","seamark_type":"virtual_aton","display_class":"OTHER","min_zoom":12,"importance":1,"name":"LANSHANPORT Y13","ref":null,"common":{"name":"LANSHANPORT Y13","type":"virtual_aton"},"children":{"virtual_aton":{"category":"south_cardinal","mmsi":"994126223"}},"osm_tags":{"seamark:name":"LANSHANPORT Y13","seamark:type":"virtual_aton","seamark:virtual_aton:category":"south_cardinal","seamark:virtual_aton:mmsi":"994126223","source":"China MSA Notice No. 162/2026"}}},{"type":"Feature","geometry":{"type":"Point","coordinates":[119.3944167,35.161]},"properties":{"osm_id":13695041882,"osm_type":"node","seamark_type":"light_minor","display_class":"OTHER","min_zoom":12,"importance":1,"name":"Lanbei Harbour North Operation Area Pier No.3","ref":null,"common":{"name":"Lanbei Harbour North Operation Area Pier No.3","type":"light_minor"},"children":{"light":{"character":"Iso","colour":"white","height":"7.9","period":"6","range":"4","reference":"P 3806.625"}},"osm_tags":{"seamark:light:character":"Iso","seamark:light:colour":"white","seamark:light:height":"7.9","seamark:light:period":"6","seamark:light:range":"4","seamark:light:reference":"P 3806.625","seamark:name":"Lanbei Harbour North Operation Area Pier No.3","seamark:type":"light_minor","source":"China MSA Notice No. 388/2025"}}},{"type":"Feature","geometry":{"type":"Point","coordinates":[119.3891111,35.1609722]},"properties":{"osm_id":13695041881,"osm_type":"node","seamark_type":"light_minor","display_class":"OTHER","min_zoom":12,"importance":1,"name":"Lanbei Harbour North Operation Area Pier No.4","ref":null,"common":{"name":"Lanbei Harbour North Operation Area Pier No.4","type":"light_minor"},"children":{"light":{"character":"Iso","colour":"red","height":"7.9","period":"6","range":"4","reference":"P 3806.628"}},"osm_tags":{"seamark:light:character":"Iso","seamark:light:colour":"red","seamark:light:height":"7.9","seamark:light:period":"6","seamark:light:range":"4","seamark:light:reference":"P 3806.628","seamark:name":"Lanbei Harbour North Operation Area Pier No.4","seamark:type":"light_minor","source":"China MSA Notice No. 388/2025"}}},{"type":"Feature","geometry":{"type":"Point","coordinates":[119.36575,35.0754722]},"properties":{"osm_id":13269996438,"osm_type":"node","seamark_type":"light_minor","display_class":"OTHER","min_zoom":12,"importance":1,"name":"Lannan Berth No.20","ref":null,"common":{"name":"Lannan Berth No.20","type":"light_minor"},"children":{"light":{"character":"Iso","colour":"red","height":"13","period":"4","range":"8"}},"osm_tags":{"seamark:light:character":"Iso","seamark:light:colour":"red","seamark:light:height":"13","seamark:light:period":"4","seamark:light:range":"8","seamark:name":"Lannan Berth No.20","seamark:type":"light_minor","source":"China MSA Notice No. 1069/2024"}}},{"type":"Feature","geometry":{"type":"Point","coordinates":[119.4140556,35.1046389]},"properties":{"osm_id":13270057730,"osm_type":"node","seamark_type":"light_minor","display_class":"OTHER","min_zoom":12,"importance":1,"name":"Lanshan Gang 300,000t Ships Base Oil Pier E","ref":null,"common":{"name":"Lanshan Gang 300,000t Ships Base Oil Pier E","type":"light_minor"},"children":{"light":{"character":"Iso","colour":"green","height":"15","period":"4","range":"8","reference":"P 3806.577"}},"osm_tags":{"seamark:light:character":"Iso","seamark:light:colour":"green","seamark:light:height":"15","seamark:light:period":"4","seamark:light:range":"8","seamark:light:reference":"P 3806.577","seamark:name":"Lanshan Gang 300,000t Ships Base Oil Pier E","seamark:type":"light_minor","source":"China MSA Notice No. 247/2023"}}},{"type":"Feature","geometry":{"type":"Point","coordinates":[119.4079722,35.0675]},"properties":{"osm_id":13690620036,"osm_type":"node","seamark_type":"buoy_lateral","display_class":"OTHER","min_zoom":12,"importance":1,"name":"Lanshan Harbour No.201","ref":null,"common":{"name":"Lanshan Harbour No.201","type":"buoy_lateral"},"children":{"buoy_lateral":{"category":"starboard","colour":"green","shape":"pillar","system":"iala-a"},"light":{"character":"Q","colour":"green"},"radio_station":{"category":"ais","mmsi":"994141105"},"topmark":{"colour":"green","shape":"cone, point up"}},"osm_tags":{"seamark:buoy_lateral:category":"starboard","seamark:buoy_lateral:colour":"green","seamark:buoy_lateral:shape":"pillar","seamark:buoy_lateral:system":"iala-a","seamark:light:character":"Q","seamark:light:colour":"green","seamark:name":"Lanshan Harbour No.201","seamark:radio_station:category":"ais","seamark:radio_station:mmsi":"994141105","seamark:topmark:colour":"green","seamark:topmark:shape":"cone, point up","seamark:type":"buoy_lateral","source":"China MSA Notice No. 325/2026"}}},{"type":"Feature","geometry":{"type":"Point","coordinates":[119.4051111,35.0668611]},"properties":{"osm_id":13690620035,"osm_type":"node","seamark_type":"buoy_lateral","display_class":"OTHER","min_zoom":12,"importance":1,"name":"Lanshan Harbour No.202","ref":null,"common":{"name":"Lanshan Harbour No.202","type":"buoy_lateral"},"children":{"buoy_lateral":{"category":"port","colour":"red","shape":"pillar","system":"iala-a"},"light":{"character":"Q","colour":"red"},"radio_station":{"category":"ais","mmsi":"994141106"},"topmark":{"colour":"red","shape":"cylinder"}},"osm_tags":{"seamark:buoy_lateral:category":"port","seamark:buoy_lateral:colour":"red","seamark:buoy_lateral:shape":"pillar","seamark:buoy_lateral:system":"iala-a","seamark:light:character":"Q","seamark:light:colour":"red","seamark:name":"Lanshan Harbour No.202","seamark:radio_station:category":"ais","seamark:radio_station:mmsi":"994141106","seamark:topmark:colour":"red","seamark:topmark:shape":"cylinder","seamark:type":"buoy_lateral","source":"China MSA Notice No. 325/2026"}}},{"type":"Feature","geometry":{"type":"Point","coordinates":[119.4041389,35.0768333]},"properties":{"osm_id":13690691326,"osm_type":"node","seamark_type":"buoy_lateral","display_class":"OTHER","min_zoom":12,"importance":1,"name":"Lanshan Harbour No.203","ref":null,"common":{"name":"Lanshan Harbour No.203","type":"buoy_lateral"},"children":{"buoy_lateral":{"category":"starboard","colour":"green","shape":"pillar","system":"iala-a"},"light":{"character":"Fl","colour":"green","period":"4"},"topmark":{"colour":"green","shape":"cone, point up"}},"osm_tags":{"seamark:buoy_lateral:category":"starboard","seamark:buoy_lateral:colour":"green","seamark:buoy_lateral:shape":"pillar","seamark:buoy_lateral:system":"iala-a","seamark:light:character":"Fl","seamark:light:colour":"green","seamark:light:period":"4","seamark:name":"Lanshan Harbour No.203","seamark:topmark:colour":"green","seamark:topmark:shape":"cone, point up","seamark:type":"buoy_lateral","source":"China MSA Notice No. 325/2026"}}},{"type":"Feature","geometry":{"type":"Point","coordinates":[119.4012778,35.0761944]},"properties":{"osm_id":13690691325,"osm_type":"node","seamark_type":"buoy_lateral","display_class":"OTHER","min_zoom":12,"importance":1,"name":"Lanshan Harbour No.204","ref":null,"common":{"name":"Lanshan Harbour No.204","type":"buoy_lateral"},"children":{"buoy_lateral":{"category":"port","colour":"red","shape":"pillar","system":"iala-a"},"light":{"character":"Fl","colour":"red","period":"4"},"topmark":{"colour":"red","shape":"cylinder"}},"osm_tags":{"seamark:buoy_lateral:category":"port","seamark:buoy_lateral:colour":"red","seamark:buoy_lateral:shape":"pillar","seamark:buoy_lateral:system":"iala-a","seamark:light:character":"Fl","seamark:light:colour":"red","seamark:light:period":"4","seamark:name":"Lanshan Harbour No.204","seamark:topmark:colour":"red","seamark:topmark:shape":"cylinder","seamark:type":"buoy_lateral","source":"China MSA Notice No. 325/2026"}}},{"type":"Feature","geometry":{"type":"Point","coordinates":[119.4003056,35.0861944]},"properties":{"osm_id":13690691324,"osm_type":"node","seamark_type":"buoy_lateral","display_class":"OTHER","min_zoom":12,"importance":1,"name":"Lanshan Harbour No.205","ref":null,"common":{"name":"Lanshan Harbour No.205","type":"buoy_lateral"},"children":{"buoy_lateral":{"category":"starboard","colour":"green","shape":"pillar","system":"iala-a"},"light":{"character":"Fl","colour":"green","group":"2","period":"6"},"topmark":{"colour":"green","shape":"cone, point up"}},"osm_tags":{"seamark:buoy_lateral:category":"starboard","seamark:buoy_lateral:colour":"green","seamark:buoy_lateral:shape":"pillar","seamark:buoy_lateral:system":"iala-a","seamark:light:character":"Fl","seamark:light:colour":"green","seamark:light:group":"2","seamark:light:period":"6","seamark:name":"Lanshan Harbour No.205","seamark:topmark:colour":"green","seamark:topmark:shape":"cone, point up","seamark:type":"buoy_lateral","source":"China MSA Notice No. 325/2026"}}},{"type":"Feature","geometry":{"type":"Point","coordinates":[119.3974167,35.0855278]},"properties":{"osm_id":13690691323,"osm_type":"node","seamark_type":"buoy_lateral","display_class":"OTHER","min_zoom":12,"importance":1,"name":"Lanshan Harbour No.206","ref":null,"common":{"name":"Lanshan Harbour No.206","type":"buoy_lateral"},"children":{"buoy_lateral":{"category":"port","colour":"red","shape":"pillar","system":"iala-a"},"light":{"character":"Fl","colour":"red","group":"2","period":"6"},"topmark":{"colour":"red","shape":"cylinder"}},"osm_tags":{"seamark:buoy_lateral:category":"port","seamark:buoy_lateral:colour":"red","seamark:buoy_lateral:shape":"pillar","seamark:buoy_lateral:system":"iala-a","seamark:light:character":"Fl","seamark:light:colour":"red","seamark:light:group":"2","seamark:light:period":"6","seamark:name":"Lanshan Harbour No.206","seamark:topmark:colour":"red","seamark:topmark:shape":"cylinder","seamark:type":"buoy_lateral","source":"China MSA Notice No. 325/2026"}}},{"type":"Feature","geometry":{"type":"Point","coordinates":[119.3834167,35.0704444]},"properties":{"osm_id":13270057729,"osm_type":"node","seamark_type":"light_minor","display_class":"OTHER","min_zoom":12,"importance":1,"name":"Lanshan Harbour S Operation Area Breakwater W","ref":null,"common":{"name":"Lanshan Harbour S Operation Area Breakwater W","type":"light_minor"},"children":{"light":{"character":"Iso","colour":"red","height":"24.4","period":"6","range":"8","reference":"P 3806.47"}},"osm_tags":{"seamark:light:character":"Iso","seamark:light:colour":"red","seamark:light:height":"24.4","seamark:light:period":"6","seamark:light:range":"8","seamark:light:reference":"P 3806.47","seamark:name":"Lanshan Harbour S Operation Area Breakwater W","seamark:type":"light_minor","source":"China MSA Notice No. 247/2023"}}},{"type":"Feature","geometry":{"type":"Point","coordinates":[119.6354444,35.0466944]},"properties":{"osm_id":11053242561,"osm_type":"node","seamark_type":"buoy_safe_water","display_class":"OTHER","min_zoom":12,"importance":1,"name":"Lanshangang No.100","ref":null,"common":{"name":"Lanshangang No.100","type":"buoy_safe_water"},"children":{"buoy_safe_water":{"colour":"red;white","colour_pattern":"vertical","shape":"pillar"},"light":{"character":"Iso","colour":"white","period":"4"},"radar_transponder":{"category":"racon","group":"X"},"radio_station":{"category":"ais","mmsi":"994141008"},"topmark":{"colour":"red","shape":"sphere"}},"osm_tags":{"seamark:buoy_safe_water:colour":"red;white","seamark:buoy_safe_water:colour_pattern":"vertical","seamark:buoy_safe_water:shape":"pillar","seamark:light:character":"Iso","seamark:light:colour":"white","seamark:light:period":"4","seamark:name":"Lanshangang No.100","seamark:radar_transponder:category":"racon","seamark:radar_transponder:group":"X","seamark:radio_station:category":"ais","seamark:radio_station:mmsi":"994141008","seamark:topmark:colour":"red","seamark:topmark:shape":"sphere","seamark:type":"buoy_safe_water","source":"China MSA Notice No. 202/2023"}}},{"type":"Feature","geometry":{"type":"Point","coordinates":[119.5814722,35.0500278]},"properties":{"osm_id":11053242560,"osm_type":"node","seamark_type":"buoy_lateral","display_class":"OTHER","min_zoom":12,"importance":1,"name":"Lanshangang No.101","ref":null,"common":{"name":"Lanshangang No.101","type":"buoy_lateral"},"children":{"buoy_lateral":{"category":"starboard","colour":"green","shape":"pillar","system":"iala-a"},"light":{"character":"Q","colour":"green"},"radio_station":{"category":"ais","mmsi":"994141009"},"topmark":{"colour":"green","shape":"cone, point up"}},"osm_tags":{"seamark:buoy_lateral:category":"starboard","seamark:buoy_lateral:colour":"green","seamark:buoy_lateral:shape":"pillar","seamark:buoy_lateral:system":"iala-a","seamark:light:character":"Q","seamark:light:colour":"green","seamark:name":"Lanshangang No.101","seamark:radio_station:category":"ais","seamark:radio_station:mmsi":"994141009","seamark:topmark:colour":"green","seamark:topmark:shape":"cone, point up","seamark:type":"buoy_lateral","source":"China MSA Notice No. 202/2023"}}},{"type":"Feature","geometry":{"type":"Point","coordinates":[119.5813056,35.0465833]},"properties":{"osm_id":11053242559,"osm_type":"node","seamark_type":"buoy_lateral","display_class":"OTHER","min_zoom":12,"importance":1,"name":"Lanshangang No.102","ref":null,"common":{"name":"Lanshangang No.102","type":"buoy_lateral"},"children":{"buoy_lateral":{"category":"port","colour":"red","shape":"pillar","system":"iala-a"},"light":{"character":"Q","colour":"red"},"radio_station":{"category":"ais","mmsi":"994141010"},"topmark":{"colour":"red","shape":"cylinder"}},"osm_tags":{"seamark:buoy_lateral:category":"port","seamark:buoy_lateral:colour":"red","seamark:buoy_lateral:shape":"pillar","seamark:buoy_lateral:system":"iala-a","seamark:light:character":"Q","seamark:light:colour":"red","seamark:name":"Lanshangang No.102","seamark:radio_station:category":"ais","seamark:radio_station:mmsi":"994141010","seamark:topmark:colour":"red","seamark:topmark:shape":"cylinder","seamark:type":"buoy_lateral","source":"China MSA Notice No. 202/2023"}}},{"type":"Feature","geometry":{"type":"Point","coordinates":[119.5406389,35.0511944]},"properties":{"osm_id":11053242558,"osm_type":"node","seamark_type":"buoy_lateral","display_class":"OTHER","min_zoom":12,"importance":1,"name":"Lanshangang No.107","ref":null,"common":{"name":"Lanshangang No.107","type":"buoy_lateral"},"children":{"buoy_lateral":{"category":"starboard","colour":"green","shape":"pillar","system":"iala-a"},"light":{"character":"Fl","colour":"green","period":"4"},"radio_station":{"category":"ais","mmsi":"994141011"},"topmark":{"colour":"green","shape":"cone, point up"}},"osm_tags":{"seamark:buoy_lateral:category":"starboard","seamark:buoy_lateral:colour":"green","seamark:buoy_lateral:shape":"pillar","seamark:buoy_lateral:system":"iala-a","seamark:light:character":"Fl","seamark:light:colour":"green","seamark:light:period":"4","seamark:name":"Lanshangang No.107","seamark:radio_station:category":"ais","seamark:radio_station:mmsi":"994141011","seamark:topmark:colour":"green","seamark:topmark:shape":"cone, point up","seamark:type":"buoy_lateral","source":"China MSA Notice No. 202/2023"}}},{"type":"Feature","geometry":{"type":"Point","coordinates":[119.5405,35.0477778]},"properties":{"osm_id":11053242557,"osm_type":"node","seamark_type":"buoy_lateral","display_class":"OTHER","min_zoom":12,"importance":1,"name":"Lanshangang No.108","ref":null,"common":{"name":"Lanshangang No.108","type":"buoy_lateral"},"children":{"buoy_lateral":{"category":"port","colour":"red","shape":"pillar","system":"iala-a"},"light":{"character":"Fl","colour":"red","period":"4"},"radio_station":{"category":"ais","mmsi":"994141012"},"topmark":{"colour":"red","shape":"cylinder"}},"osm_tags":{"seamark:buoy_lateral:category":"port","seamark:buoy_lateral:colour":"red","seamark:buoy_lateral:shape":"pillar","seamark:buoy_lateral:system":"iala-a","seamark:light:character":"Fl","seamark:light:colour":"red","seamark:light:period":"4","seamark:name":"Lanshangang No.108","seamark:radio_station:category":"ais","seamark:radio_station:mmsi":"994141012","seamark:topmark:colour":"red","seamark:topmark:shape":"cylinder","seamark:type":"buoy_lateral","source":"China MSA Notice No. 202/2023"}}},{"type":"Feature","geometry":{"type":"Point","coordinates":[119.4998333,35.0523889]},"properties":{"osm_id":11053242556,"osm_type":"node","seamark_type":"buoy_lateral","display_class":"OTHER","min_zoom":12,"importance":1,"name":"Lanshangang No.113","ref":null,"common":{"name":"Lanshangang No.113","type":"buoy_lateral"},"children":{"buoy_lateral":{"category":"starboard","colour":"green","shape":"pillar","system":"iala-a"},"light":{"character":"Fl","colour":"green","period":"4"},"radio_station":{"category":"ais","mmsi":"994141013"},"topmark":{"colour":"green","shape":"cone, point up"}},"osm_tags":{"seamark:buoy_lateral:category":"starboard","seamark:buoy_lateral:colour":"green","seamark:buoy_lateral:shape":"pillar","seamark:buoy_lateral:system":"iala-a","seamark:light:character":"Fl","seamark:light:colour":"green","seamark:light:period":"4","seamark:name":"Lanshangang No.113","seamark:radio_station:category":"ais","seamark:radio_station:mmsi":"994141013","seamark:topmark:colour":"green","seamark:topmark:shape":"cone, point up","seamark:type":"buoy_lateral","source":"China MSA Notice No. 202/2023"}}},{"type":"Feature","geometry":{"type":"Point","coordinates":[119.4996944,35.0489722]},"properties":{"osm_id":11053242555,"osm_type":"node","seamark_type":"buoy_lateral","display_class":"OTHER","min_zoom":12,"importance":1,"name":"Lanshangang No.114","ref":null,"common":{"name":"Lanshangang No.114","type":"buoy_lateral"},"children":{"buoy_lateral":{"category":"port","colour":"red","shape":"pillar","system":"iala-a"},"light":{"character":"Fl","colour":"red","period":"4"},"radio_station":{"category":"ais","mmsi":"994141014"},"topmark":{"colour":"red","shape":"cylinder"}},"osm_tags":{"seamark:buoy_lateral:category":"port","seamark:buoy_lateral:colour":"red","seamark:buoy_lateral:shape":"pillar","seamark:buoy_lateral:system":"iala-a","seamark:light:character":"Fl","seamark:light:colour":"red","seamark:light:period":"4","seamark:name":"Lanshangang No.114","seamark:radio_station:category":"ais","seamark:radio_station:mmsi":"994141014","seamark:topmark:colour":"red","seamark:topmark:shape":"cylinder","seamark:type":"buoy_lateral","source":"China MSA Notice No. 202/2023"}}},{"type":"Feature","geometry":{"type":"Point","coordinates":[119.459,35.0535556]},"properties":{"osm_id":11053242554,"osm_type":"node","seamark_type":"buoy_lateral","display_class":"OTHER","min_zoom":12,"importance":1,"name":"Lanshangang No.119","ref":null,"common":{"name":"Lanshangang No.119","type":"buoy_lateral"},"children":{"buoy_lateral":{"category":"starboard","colour":"green","shape":"pillar","system":"iala-a"},"light":{"character":"Fl","colour":"green","period":"4"},"radio_station":{"category":"ais","mmsi":"994141015"},"topmark":{"colour":"green","shape":"cone, point up"}},"osm_tags":{"seamark:buoy_lateral:category":"starboard","seamark:buoy_lateral:colour":"green","seamark:buoy_lateral:shape":"pillar","seamark:buoy_lateral:system":"iala-a","seamark:light:character":"Fl","seamark:light:colour":"green","seamark:light:period":"4","seamark:name":"Lanshangang No.119","seamark:radio_station:category":"ais","seamark:radio_station:mmsi":"994141015","seamark:topmark:colour":"green","seamark:topmark:shape":"cone, point up","seamark:type":"buoy_lateral","source":"China MSA Notice No. 202/2023"}}},{"type":"Feature","geometry":{"type":"Point","coordinates":[119.4588889,35.0501111]},"properties":{"osm_id":11053242553,"osm_type":"node","seamark_type":"buoy_lateral","display_class":"OTHER","min_zoom":12,"importance":1,"name":"Lanshangang No.120","ref":null,"common":{"name":"Lanshangang No.120","type":"buoy_lateral"},"children":{"buoy_lateral":{"category":"port","colour":"red","shape":"pillar","system":"iala-a"},"light":{"character":"Fl","colour":"red","period":"4"},"radio_station":{"category":"ais","mmsi":"994141016"},"topmark":{"colour":"red","shape":"cylinder"}},"osm_tags":{"seamark:buoy_lateral:category":"port","seamark:buoy_lateral:colour":"red","seamark:buoy_lateral:shape":"pillar","seamark:buoy_lateral:system":"iala-a","seamark:light:character":"Fl","seamark:light:colour":"red","seamark:light:period":"4","seamark:name":"Lanshangang No.120","seamark:radio_station:category":"ais","seamark:radio_station:mmsi":"994141016","seamark:topmark:colour":"red","seamark:topmark:shape":"cylinder","seamark:type":"buoy_lateral","source":"China MSA Notice No. 202/2023"}}},{"type":"Feature","geometry":{"type":"Point","coordinates":[119.4316667,35.0508889]},"properties":{"osm_id":11053242552,"osm_type":"node","seamark_type":"buoy_lateral","display_class":"OTHER","min_zoom":12,"importance":1,"name":"Lanshangang No.124","ref":null,"common":{"name":"Lanshangang No.124","type":"buoy_lateral"},"children":{"buoy_lateral":{"category":"port","colour":"red","shape":"pillar","system":"iala-a"},"light":{"character":"Fl","colour":"red","group":"3","period":"10"},"radio_station":{"category":"ais","mmsi":"994141017"},"topmark":{"colour":"red","shape":"cylinder"}},"osm_tags":{"seamark:buoy_lateral:category":"port","seamark:buoy_lateral:colour":"red","seamark:buoy_lateral:shape":"pillar","seamark:buoy_lateral:system":"iala-a","seamark:light:character":"Fl","seamark:light:colour":"red","seamark:light:group":"3","seamark:light:period":"10","seamark:name":"Lanshangang No.124","seamark:radio_station:category":"ais","seamark:radio_station:mmsi":"994141017","seamark:topmark:colour":"red","seamark:topmark:shape":"cylinder","seamark:type":"buoy_lateral","source":"China MSA Notice No. 202/2023"}}},{"type":"Feature","geometry":{"type":"Point","coordinates":[119.4268333,35.0544722]},"properties":{"osm_id":11053242551,"osm_type":"node","seamark_type":"buoy_lateral","display_class":"OTHER","min_zoom":12,"importance":1,"name":"Lanshangang No.125","ref":null,"common":{"name":"Lanshangang No.125","type":"buoy_lateral"},"children":{"buoy_lateral":{"category":"starboard","colour":"green","shape":"pillar","system":"iala-a"},"light":{"character":"Fl","colour":"green","group":"3","period":"10"},"radio_station":{"category":"ais","mmsi":"994141018"},"topmark":{"colour":"green","shape":"cone, point up"}},"osm_tags":{"seamark:buoy_lateral:category":"starboard","seamark:buoy_lateral:colour":"green","seamark:buoy_lateral:shape":"pillar","seamark:buoy_lateral:system":"iala-a","seamark:light:character":"Fl","seamark:light:colour":"green","seamark:light:group":"3","seamark:light:period":"10","seamark:name":"Lanshangang No.125","seamark:radio_station:category":"ais","seamark:radio_station:mmsi":"994141018","seamark:topmark:colour":"green","seamark:topmark:shape":"cone, point up","seamark:type":"buoy_lateral","source":"China MSA Notice No. 202/2023"}}},{"type":"Feature","geometry":{"type":"Point","coordinates":[119.4175833,35.0513056]},"properties":{"osm_id":11053242550,"osm_type":"node","seamark_type":"buoy_lateral","display_class":"OTHER","min_zoom":12,"importance":1,"name":"Lanshangang No.126","ref":null,"common":{"name":"Lanshangang No.126","type":"buoy_lateral"},"children":{"buoy_lateral":{"category":"port","colour":"red","shape":"pillar","system":"iala-a"},"light":{"character":"Q","colour":"red"},"radar_transponder":{"category":"racon","group":"Z"},"radio_station":{"category":"ais","mmsi":"994141019"},"topmark":{"colour":"red","shape":"cylinder"}},"osm_tags":{"seamark:buoy_lateral:category":"port","seamark:buoy_lateral:colour":"red","seamark:buoy_lateral:shape":"pillar","seamark:buoy_lateral:system":"iala-a","seamark:light:character":"Q","seamark:light:colour":"red","seamark:name":"Lanshangang No.126","seamark:radar_transponder:category":"racon","seamark:radar_transponder:group":"Z","seamark:radio_station:category":"ais","seamark:radio_station:mmsi":"994141019","seamark:topmark:colour":"red","seamark:topmark:shape":"cylinder","seamark:type":"buoy_lateral","source":"China MSA Notice No. 202/2023"}}},{"type":"Feature","geometry":{"type":"Point","coordinates":[119.4170278,35.0563889]},"properties":{"osm_id":11053242549,"osm_type":"node","seamark_type":"buoy_lateral","display_class":"OTHER","min_zoom":12,"importance":1,"name":"Lanshangang No.127","ref":null,"common":{"name":"Lanshangang No.127","type":"buoy_lateral"},"children":{"buoy_lateral":{"category":"preferred_channel_port","colour":"green;red;green","colour_pattern":"horizontal","shape":"pillar","system":"iala-a"},"light":{"character":"Fl","colour":"green","group":"2+1","period":"6"},"radio_station":{"category":"ais","mmsi":"994141020"},"topmark":{"colour":"green","shape":"cone, point up"}},"osm_tags":{"seamark:buoy_lateral:category":"preferred_channel_port","seamark:buoy_lateral:colour":"green;red;green","seamark:buoy_lateral:colour_pattern":"horizontal","seamark:buoy_lateral:shape":"pillar","seamark:buoy_lateral:system":"iala-a","seamark:light:character":"Fl","seamark:light:colour":"green","seamark:light:group":"2+1","seamark:light:period":"6","seamark:name":"Lanshangang No.127","seamark:radio_station:category":"ais","seamark:radio_station:mmsi":"994141020","seamark:topmark:colour":"green","seamark:topmark:shape":"cone, point up","seamark:type":"buoy_lateral","source":"China MSA Notice No. 202/2023"}}},{"type":"Feature","geometry":{"type":"Point","coordinates":[119.4091667,35.0564444]},"properties":{"osm_id":11053242548,"osm_type":"node","seamark_type":"buoy_lateral","display_class":"OTHER","min_zoom":12,"importance":1,"name":"Lanshangang No.128","ref":null,"common":{"name":"Lanshangang No.128","type":"buoy_lateral"},"children":{"buoy_lateral":{"category":"port","colour":"red","shape":"pillar","system":"iala-a"},"light":{"character":"Fl","colour":"red","group":"2","period":"6"},"radio_station":{"category":"ais","mmsi":"994141021"},"topmark":{"colour":"red","shape":"cylinder"}},"osm_tags":{"seamark:buoy_lateral:category":"port","seamark:buoy_lateral:colour":"red","seamark:buoy_lateral:shape":"pillar","seamark:buoy_lateral:system":"iala-a","seamark:light:character":"Fl","seamark:light:colour":"red","seamark:light:group":"2","seamark:light:period":"6","seamark:name":"Lanshangang No.128","seamark:radio_station:category":"ais","seamark:radio_station:mmsi":"994141021","seamark:topmark:colour":"red","seamark:topmark:shape":"cylinder","seamark:type":"buoy_lateral","source":"China MSA Notice No. 202/2023"}}},{"type":"Feature","geometry":{"type":"Point","coordinates":[119.4080278,35.0614722]},"properties":{"osm_id":11053242547,"osm_type":"node","seamark_type":"buoy_cardinal","display_class":"OTHER","min_zoom":12,"importance":1,"name":"Lanshangang No.129","ref":null,"common":{"name":"Lanshangang No.129","type":"buoy_cardinal"},"children":{"buoy_cardinal":{"category":"south","colour":"yellow;black","colour_pattern":"horizontal","shape":"pillar"},"light":{"character":"Q+LFl","colour":"white","group":"6","period":"15"},"radio_station":{"category":"ais","mmsi":"994141022"},"topmark":{"colour":"black","shape":"2 cones down"}},"osm_tags":{"seamark:buoy_cardinal:category":"south","seamark:buoy_cardinal:colour":"yellow;black","seamark:buoy_cardinal:colour_pattern":"horizontal","seamark:buoy_cardinal:shape":"pillar","seamark:light:character":"Q+LFl","seamark:light:colour":"white","seamark:light:group":"6","seamark:light:period":"15","seamark:name":"Lanshangang No.129","seamark:radio_station:category":"ais","seamark:radio_station:mmsi":"994141022","seamark:topmark:colour":"black","seamark:topmark:shape":"2 cones down","seamark:type":"buoy_cardinal","source":"China MSA Notice No. 202/2023"}}},{"type":"Feature","geometry":{"type":"Point","coordinates":[119.3862222,35.0748611]},"properties":{"osm_id":11053242546,"osm_type":"node","seamark_type":"buoy_lateral","display_class":"OTHER","min_zoom":12,"importance":1,"name":"Lanshangang No.133","ref":null,"common":{"name":"Lanshangang No.133","type":"buoy_lateral"},"children":{"buoy_lateral":{"category":"starboard","colour":"green","shape":"pillar","system":"iala-a"},"light":{"character":"Fl","colour":"green","period":"4"},"radio_station":{"category":"ais","mmsi":"994141023"},"topmark":{"colour":"green","shape":"cone, point up"}},"osm_tags":{"seamark:buoy_lateral:category":"starboard","seamark:buoy_lateral:colour":"green","seamark:buoy_lateral:shape":"pillar","seamark:buoy_lateral:system":"iala-a","seamark:light:character":"Fl","seamark:light:colour":"green","seamark:light:period":"4","seamark:name":"Lanshangang No.133","seamark:radio_station:category":"ais","seamark:radio_station:mmsi":"994141023","seamark:topmark:colour":"green","seamark:topmark:shape":"cone, point up","seamark:type":"buoy_lateral","source":"China MSA Notice No. 202/2023"}}},{"type":"Feature","geometry":{"type":"Point","coordinates":[119.3848333,35.071]},"properties":{"osm_id":9441114078,"osm_type":"node","seamark_type":"buoy_lateral","display_class":"OTHER","min_zoom":12,"importance":1,"name":"Lanshangang No.134","ref":null,"common":{"name":"Lanshangang No.134","type":"buoy_lateral"},"children":{"buoy_lateral":{"category":"port","colour":"red","shape":"pillar","system":"iala-a"},"light":{"character":"Fl","colour":"red","group":"2","period":"6"},"radio_station":{"category":"ais","mmsi":"994141024"},"topmark":{"colour":"red","shape":"cylinder"}},"osm_tags":{"seamark:buoy_lateral:category":"port","seamark:buoy_lateral:colour":"red","seamark:buoy_lateral:shape":"pillar","seamark:buoy_lateral:system":"iala-a","seamark:light:character":"Fl","seamark:light:colour":"red","seamark:light:group":"2","seamark:light:period":"6","seamark:name":"Lanshangang No.134","seamark:radio_station:category":"ais","seamark:radio_station:mmsi":"994141024","seamark:topmark:colour":"red","seamark:topmark:shape":"cylinder","seamark:type":"buoy_lateral","source":"China MSA Notice No. 202/2023"}}},{"type":"Feature","geometry":{"type":"Point","coordinates":[119.382,35.0774722]},"properties":{"osm_id":11053242544,"osm_type":"node","seamark_type":"buoy_lateral","display_class":"OTHER","min_zoom":12,"importance":1,"name":"Lanshangang No.135","ref":null,"common":{"name":"Lanshangang No.135","type":"buoy_lateral"},"children":{"buoy_lateral":{"category":"starboard","colour":"green","shape":"pillar","system":"iala-a"},"light":{"character":"Fl","colour":"green","group":"2","period":"6"},"radio_station":{"category":"ais","mmsi":"994141025"},"topmark":{"colour":"green","shape":"cone, point up"}},"osm_tags":{"seamark:buoy_lateral:category":"starboard","seamark:buoy_lateral:colour":"green","seamark:buoy_lateral:shape":"pillar","seamark:buoy_lateral:system":"iala-a","seamark:light:character":"Fl","seamark:light:colour":"green","seamark:light:group":"2","seamark:light:period":"6","seamark:name":"Lanshangang No.135","seamark:radio_station:category":"ais","seamark:radio_station:mmsi":"994141025","seamark:topmark:colour":"green","seamark:topmark:shape":"cone, point up","seamark:type":"buoy_lateral","source":"China MSA Notice No. 202/2023"}}},{"type":"Feature","geometry":{"type":"Point","coordinates":[119.3778889,35.0733056]},"properties":{"osm_id":9441114077,"osm_type":"node","seamark_type":"buoy_lateral","display_class":"OTHER","min_zoom":12,"importance":1,"name":"Lanshangang No.136","ref":null,"common":{"name":"Lanshangang No.136","type":"buoy_lateral"},"children":{"buoy_lateral":{"category":"port","colour":"red","shape":"pillar","system":"iala-a"},"light":{"character":"Fl","colour":"red","group":"3","period":"10"},"topmark":{"colour":"red","shape":"cylinder"}},"osm_tags":{"seamark:buoy_lateral:category":"port","seamark:buoy_lateral:colour":"red","seamark:buoy_lateral:shape":"pillar","seamark:buoy_lateral:system":"iala-a","seamark:light:character":"Fl","seamark:light:colour":"red","seamark:light:group":"3","seamark:light:period":"10","seamark:name":"Lanshangang No.136","seamark:topmark:colour":"red","seamark:topmark:shape":"cylinder","seamark:type":"buoy_lateral","source":"China MSA Notice No. 717/2023"}}},{"type":"Feature","geometry":{"type":"Point","coordinates":[119.3781111,35.0816944]},"properties":{"osm_id":13695157010,"osm_type":"node","seamark_type":"buoy_lateral","display_class":"OTHER","min_zoom":12,"importance":1,"name":"Lanshangang No.137","ref":null,"common":{"name":"Lanshangang No.137","type":"buoy_lateral"},"children":{"buoy_lateral":{"category":"starboard","colour":"green","shape":"pillar","system":"iala-a"},"light":{"character":"Fl","colour":"green","group":"3","period":"10"},"topmark":{"colour":"green","shape":"cone, point up"}},"osm_tags":{"seamark:buoy_lateral:category":"starboard","seamark:buoy_lateral:colour":"green","seamark:buoy_lateral:shape":"pillar","seamark:buoy_lateral:system":"iala-a","seamark:light:character":"Fl","seamark:light:colour":"green","seamark:light:group":"3","seamark:light:period":"10","seamark:name":"Lanshangang No.137","seamark:topmark:colour":"green","seamark:topmark:shape":"cone, point up","seamark:type":"buoy_lateral","source":"China MSA Notice No. 126/2020"}}},{"type":"Feature","geometry":{"type":"Point","coordinates":[119.3669444,35.0826111]},"properties":{"osm_id":13695157011,"osm_type":"node","seamark_type":"buoy_cardinal","display_class":"OTHER","min_zoom":12,"importance":1,"name":"Lanshangang No.138","ref":null,"common":{"name":"Lanshangang No.138","type":"buoy_cardinal"},"children":{"buoy_cardinal":{"category":"east","colour":"black;yellow;black","colour_pattern":"horizontal","shape":"pillar"},"light":{"character":"Q","colour":"white","group":"3","period":"10"},"topmark":{"colour":"black","shape":"2 cones base together"}},"osm_tags":{"seamark:buoy_cardinal:category":"east","seamark:buoy_cardinal:colour":"black;yellow;black","seamark:buoy_cardinal:colour_pattern":"horizontal","seamark:buoy_cardinal:shape":"pillar","seamark:light:character":"Q","seamark:light:colour":"white","seamark:light:group":"3","seamark:light:period":"10","seamark:name":"Lanshangang No.138","seamark:topmark:colour":"black","seamark:topmark:shape":"2 cones base together","seamark:type":"buoy_cardinal","source":"China MSA Notice No. 127/2020"}}},{"type":"Feature","geometry":{"type":"Point","coordinates":[119.9039444,35.1035]},"properties":{"osm_id":11032797212,"osm_type":"node","seamark_type":"buoy_lateral","display_class":"OTHER","min_zoom":12,"importance":1,"name":"Lanshangangqu No.301","ref":null,"common":{"name":"Lanshangangqu No.301","type":"buoy_lateral"},"children":{"buoy_lateral":{"category":"starboard","colour":"green","shape":"pillar","system":"iala-a"},"light":{"character":"Q","colour":"green"},"radar_transponder":{"category":"racon","group":"M"},"radio_station":{"category":"ais","mmsi":"994121266"},"topmark":{"colour":"green","shape":"cone, point up"}},"osm_tags":{"seamark:buoy_lateral:category":"starboard","seamark:buoy_lateral:colour":"green","seamark:buoy_lateral:shape":"pillar","seamark:buoy_lateral:system":"iala-a","seamark:light:character":"Q","seamark:light:colour":"green","seamark:name":"Lanshangangqu No.301","seamark:radar_transponder:category":"racon","seamark:radar_transponder:group":"M","seamark:radio_station:category":"ais","seamark:radio_station:mmsi":"994121266","seamark:topmark:colour":"green","seamark:topmark:shape":"cone, point up","seamark:type":"buoy_lateral","source":"China MSA Notice No. 698/2023"}}},{"type":"Feature","geometry":{"type":"Point","coordinates":[119.9030833,35.0991389]},"properties":{"osm_id":11032797211,"osm_type":"node","seamark_type":"buoy_lateral","display_class":"OTHER","min_zoom":12,"importance":1,"name":"Lanshangangqu No.302","ref":null,"common":{"name":"Lanshangangqu No.302","type":"buoy_lateral"},"children":{"buoy_lateral":{"category":"port","colour":"red","shape":"pillar","system":"iala-a"},"light":{"character":"Q","colour":"red"},"radio_station":{"category":"ais","mmsi":"994121267"},"topmark":{"colour":"red","shape":"cylinder"}},"osm_tags":{"seamark:buoy_lateral:category":"port","seamark:buoy_lateral:colour":"red","seamark:buoy_lateral:shape":"pillar","seamark:buoy_lateral:system":"iala-a","seamark:light:character":"Q","seamark:light:colour":"red","seamark:name":"Lanshangangqu No.302","seamark:radio_station:category":"ais","seamark:radio_station:mmsi":"994121267","seamark:topmark:colour":"red","seamark:topmark:shape":"cylinder","seamark:type":"buoy_lateral","source":"China MSA Notice No. 698/2023"}}},{"type":"Feature","geometry":{"type":"Point","coordinates":[119.89,35.1053611]},"properties":{"osm_id":11032797210,"osm_type":"node","seamark_type":"buoy_lateral","display_class":"OTHER","min_zoom":12,"importance":1,"name":"Lanshangangqu No.303","ref":null,"common":{"name":"Lanshangangqu No.303","type":"buoy_lateral"},"children":{"buoy_lateral":{"category":"starboard","colour":"green","shape":"pillar","system":"iala-a"},"light":{"character":"Fl","colour":"green","period":"4"},"topmark":{"colour":"green","shape":"cone, point up"}},"osm_tags":{"seamark:buoy_lateral:category":"starboard","seamark:buoy_lateral:colour":"green","seamark:buoy_lateral:shape":"pillar","seamark:buoy_lateral:system":"iala-a","seamark:light:character":"Fl","seamark:light:colour":"green","seamark:light:period":"4","seamark:name":"Lanshangangqu No.303","seamark:topmark:colour":"green","seamark:topmark:shape":"cone, point up","seamark:type":"buoy_lateral","source":"China MSA Notice No. 698/2023"}}},{"type":"Feature","geometry":{"type":"Point","coordinates":[119.8891389,35.1010278]},"properties":{"osm_id":11032797209,"osm_type":"node","seamark_type":"buoy_lateral","display_class":"OTHER","min_zoom":12,"importance":1,"name":"Lanshangangqu No.304","ref":null,"common":{"name":"Lanshangangqu No.304","type":"buoy_lateral"},"children":{"buoy_lateral":{"category":"port","colour":"red","shape":"pillar","system":"iala-a"},"light":{"character":"Fl","colour":"red","period":"4"},"topmark":{"colour":"red","shape":"cylinder"}},"osm_tags":{"seamark:buoy_lateral:category":"port","seamark:buoy_lateral:colour":"red","seamark:buoy_lateral:shape":"pillar","seamark:buoy_lateral:system":"iala-a","seamark:light:character":"Fl","seamark:light:colour":"red","seamark:light:period":"4","seamark:name":"Lanshangangqu No.304","seamark:topmark:colour":"red","seamark:topmark:shape":"cylinder","seamark:type":"buoy_lateral","source":"China MSA Notice No. 698/2023"}}},{"type":"Feature","geometry":{"type":"Point","coordinates":[119.8760556,35.10725]},"properties":{"osm_id":11032797208,"osm_type":"node","seamark_type":"buoy_lateral","display_class":"OTHER","min_zoom":12,"importance":1,"name":"Lanshangangqu No.305","ref":null,"common":{"name":"Lanshangangqu No.305","type":"buoy_lateral"},"children":{"buoy_lateral":{"category":"starboard","colour":"green","shape":"pillar","system":"iala-a"},"light":{"character":"Fl","colour":"green","group":"2","period":"6"},"topmark":{"colour":"green","shape":"cone, point up"}},"osm_tags":{"seamark:buoy_lateral:category":"starboard","seamark:buoy_lateral:colour":"green","seamark:buoy_lateral:shape":"pillar","seamark:buoy_lateral:system":"iala-a","seamark:light:character":"Fl","seamark:light:colour":"green","seamark:light:group":"2","seamark:light:period":"6","seamark:name":"Lanshangangqu No.305","seamark:topmark:colour":"green","seamark:topmark:shape":"cone, point up","seamark:type":"buoy_lateral","source":"China MSA Notice No. 698/2023"}}},{"type":"Feature","geometry":{"type":"Point","coordinates":[119.8751944,35.1028889]},"properties":{"osm_id":11032797207,"osm_type":"node","seamark_type":"buoy_lateral","display_class":"OTHER","min_zoom":12,"importance":1,"name":"Lanshangangqu No.306","ref":null,"common":{"name":"Lanshangangqu No.306","type":"buoy_lateral"},"children":{"buoy_lateral":{"category":"port","colour":"red","shape":"pillar","system":"iala-a"},"light":{"character":"Fl","colour":"red","group":"2","period":"6"},"topmark":{"colour":"red","shape":"cylinder"}},"osm_tags":{"seamark:buoy_lateral:category":"port","seamark:buoy_lateral:colour":"red","seamark:buoy_lateral:shape":"pillar","seamark:buoy_lateral:system":"iala-a","seamark:light:character":"Fl","seamark:light:colour":"red","seamark:light:group":"2","seamark:light:period":"6","seamark:name":"Lanshangangqu No.306","seamark:topmark:colour":"red","seamark:topmark:shape":"cylinder","seamark:type":"buoy_lateral","source":"China MSA Notice No. 698/2023"}}},{"type":"Feature","geometry":{"type":"Point","coordinates":[119.8621389,35.1091111]},"properties":{"osm_id":11032797206,"osm_type":"node","seamark_type":"buoy_lateral","display_class":"OTHER","min_zoom":12,"importance":1,"name":"Lanshangangqu No.307","ref":null,"common":{"name":"Lanshangangqu No.307","type":"buoy_lateral"},"children":{"buoy_lateral":{"category":"starboard","colour":"green","shape":"pillar","system":"iala-a"},"light":{"character":"Fl","colour":"green","group":"3","period":"10"},"radio_station":{"category":"ais","mmsi":"994121268"},"topmark":{"colour":"green","shape":"cone, point up"}},"osm_tags":{"seamark:buoy_lateral:category":"starboard","seamark:buoy_lateral:colour":"green","seamark:buoy_lateral:shape":"pillar","seamark:buoy_lateral:system":"iala-a","seamark:light:character":"Fl","seamark:light:colour":"green","seamark:light:group":"3","seamark:light:period":"10","seamark:name":"Lanshangangqu No.307","seamark:radio_station:category":"ais","seamark:radio_station:mmsi":"994121268","seamark:topmark:colour":"green","seamark:topmark:shape":"cone, point up","seamark:type":"buoy_lateral","source":"China MSA Notice No. 698/2023"}}},{"type":"Feature","geometry":{"type":"Point","coordinates":[119.86125,35.10475]},"properties":{"osm_id":11032797205,"osm_type":"node","seamark_type":"buoy_lateral","display_class":"OTHER","min_zoom":12,"importance":1,"name":"Lanshangangqu No.308","ref":null,"common":{"name":"Lanshangangqu No.308","type":"buoy_lateral"},"children":{"buoy_lateral":{"category":"port","colour":"red","shape":"pillar","system":"iala-a"},"light":{"character":"Fl","colour":"red","group":"3","period":"10"},"radio_station":{"category":"ais","mmsi":"994121269"},"topmark":{"colour":"red","shape":"cylinder"}},"osm_tags":{"seamark:buoy_lateral:category":"port","seamark:buoy_lateral:colour":"red","seamark:buoy_lateral:shape":"pillar","seamark:buoy_lateral:system":"iala-a","seamark:light:character":"Fl","seamark:light:colour":"red","seamark:light:group":"3","seamark:light:period":"10","seamark:name":"Lanshangangqu No.308","seamark:radio_station:category":"ais","seamark:radio_station:mmsi":"994121269","seamark:topmark:colour":"red","seamark:topmark:shape":"cylinder","seamark:type":"buoy_lateral","source":"China MSA Notice No. 698/2023"}}},{"type":"Feature","geometry":{"type":"Point","coordinates":[119.8481944,35.1109722]},"properties":{"osm_id":11032471139,"osm_type":"node","seamark_type":"buoy_lateral","display_class":"OTHER","min_zoom":12,"importance":1,"name":"Lanshangangqu No.309","ref":null,"common":{"name":"Lanshangangqu No.309","type":"buoy_lateral"},"children":{"buoy_lateral":{"category":"starboard","colour":"green","shape":"pillar","system":"iala-a"},"light":{"character":"Fl","colour":"green","period":"4"},"topmark":{"colour":"green","shape":"cone, point up"}},"osm_tags":{"seamark:buoy_lateral:category":"starboard","seamark:buoy_lateral:colour":"green","seamark:buoy_lateral:shape":"pillar","seamark:buoy_lateral:system":"iala-a","seamark:light:character":"Fl","seamark:light:colour":"green","seamark:light:period":"4","seamark:name":"Lanshangangqu No.309","seamark:topmark:colour":"green","seamark:topmark:shape":"cone, point up","seamark:type":"buoy_lateral","source":"China MSA Notice No. 698/2023"}}},{"type":"Feature","geometry":{"type":"Point","coordinates":[119.8473056,35.1066389]},"properties":{"osm_id":11032471138,"osm_type":"node","seamark_type":"buoy_lateral","display_class":"OTHER","min_zoom":12,"importance":1,"name":"Lanshangangqu No.310","ref":null,"common":{"name":"Lanshangangqu No.310","type":"buoy_lateral"},"children":{"buoy_lateral":{"category":"port","colour":"red","shape":"pillar","system":"iala-a"},"light":{"character":"Fl","colour":"red","period":"4"},"topmark":{"colour":"red","shape":"cylinder"}},"osm_tags":{"seamark:buoy_lateral:category":"port","seamark:buoy_lateral:colour":"red","seamark:buoy_lateral:shape":"pillar","seamark:buoy_lateral:system":"iala-a","seamark:light:character":"Fl","seamark:light:colour":"red","seamark:light:period":"4","seamark:name":"Lanshangangqu No.310","seamark:topmark:colour":"red","seamark:topmark:shape":"cylinder","seamark:type":"buoy_lateral","source":"China MSA Notice No. 698/2023"}}},{"type":"Feature","geometry":{"type":"Point","coordinates":[119.83425,35.1128611]},"properties":{"osm_id":11032471137,"osm_type":"node","seamark_type":"buoy_lateral","display_class":"OTHER","min_zoom":12,"importance":1,"name":"Lanshangangqu No.311","ref":null,"common":{"name":"Lanshangangqu No.311","type":"buoy_lateral"},"children":{"buoy_lateral":{"category":"starboard","colour":"green","shape":"pillar","system":"iala-a"},"light":{"character":"Fl","colour":"green","group":"2","period":"6"},"topmark":{"colour":"green","shape":"cone, point up"}},"osm_tags":{"seamark:buoy_lateral:category":"starboard","seamark:buoy_lateral:colour":"green","seamark:buoy_lateral:shape":"pillar","seamark:buoy_lateral:system":"iala-a","seamark:light:character":"Fl","seamark:light:colour":"green","seamark:light:group":"2","seamark:light:period":"6","seamark:name":"Lanshangangqu No.311","seamark:topmark:colour":"green","seamark:topmark:shape":"cone, point up","seamark:type":"buoy_lateral","source":"China MSA Notice No. 698/2023"}}},{"type":"Feature","geometry":{"type":"Point","coordinates":[119.8333611,35.1085]},"properties":{"osm_id":11032471136,"osm_type":"node","seamark_type":"buoy_lateral","display_class":"OTHER","min_zoom":12,"importance":1,"name":"Lanshangangqu No.312","ref":null,"common":{"name":"Lanshangangqu No.312","type":"buoy_lateral"},"children":{"buoy_lateral":{"category":"port","colour":"red","shape":"pillar","system":"iala-a"},"light":{"character":"Fl","colour":"red","group":"2","period":"6"},"topmark":{"colour":"red","shape":"cylinder"}},"osm_tags":{"seamark:buoy_lateral:category":"port","seamark:buoy_lateral:colour":"red","seamark:buoy_lateral:shape":"pillar","seamark:buoy_lateral:system":"iala-a","seamark:light:character":"Fl","seamark:light:colour":"red","seamark:light:group":"2","seamark:light:period":"6","seamark:name":"Lanshangangqu No.312","seamark:topmark:colour":"red","seamark:topmark:shape":"cylinder","seamark:type":"buoy_lateral","source":"China MSA Notice No. 698/2023"}}},{"type":"Feature","geometry":{"type":"Point","coordinates":[119.8203056,35.1147222]},"properties":{"osm_id":11032471135,"osm_type":"node","seamark_type":"buoy_lateral","display_class":"OTHER","min_zoom":12,"importance":1,"name":"Lanshangangqu No.313","ref":null,"common":{"name":"Lanshangangqu No.313","type":"buoy_lateral"},"children":{"buoy_lateral":{"category":"starboard","colour":"green","shape":"pillar","system":"iala-a"},"light":{"character":"Fl","colour":"green","group":"3","period":"10"},"radio_station":{"category":"ais","mmsi":"994121270"},"topmark":{"colour":"green","shape":"cone, point up"}},"osm_tags":{"seamark:buoy_lateral:category":"starboard","seamark:buoy_lateral:colour":"green","seamark:buoy_lateral:shape":"pillar","seamark:buoy_lateral:system":"iala-a","seamark:light:character":"Fl","seamark:light:colour":"green","seamark:light:group":"3","seamark:light:period":"10","seamark:name":"Lanshangangqu No.313","seamark:radio_station:category":"ais","seamark:radio_station:mmsi":"994121270","seamark:topmark:colour":"green","seamark:topmark:shape":"cone, point up","seamark:type":"buoy_lateral","source":"China MSA Notice No. 698/2023"}}},{"type":"Feature","geometry":{"type":"Point","coordinates":[119.8194167,35.1103611]},"properties":{"osm_id":11032471134,"osm_type":"node","seamark_type":"buoy_lateral","display_class":"OTHER","min_zoom":12,"importance":1,"name":"Lanshangangqu No.314","ref":null,"common":{"name":"Lanshangangqu No.314","type":"buoy_lateral"},"children":{"buoy_lateral":{"category":"port","colour":"red","shape":"pillar","system":"iala-a"},"light":{"character":"Fl","colour":"red","group":"3","period":"10"},"radio_station":{"category":"ais","mmsi":"994121271"},"topmark":{"colour":"red","shape":"cylinder"}},"osm_tags":{"seamark:buoy_lateral:category":"port","seamark:buoy_lateral:colour":"red","seamark:buoy_lateral:shape":"pillar","seamark:buoy_lateral:system":"iala-a","seamark:light:character":"Fl","seamark:light:colour":"red","seamark:light:group":"3","seamark:light:period":"10","seamark:name":"Lanshangangqu No.314","seamark:radio_station:category":"ais","seamark:radio_station:mmsi":"994121271","seamark:topmark:colour":"red","seamark:topmark:shape":"cylinder","seamark:type":"buoy_lateral","source":"China MSA Notice No. 698/2023"}}},{"type":"Feature","geometry":{"type":"Point","coordinates":[119.8063333,35.1165833]},"properties":{"osm_id":11032789604,"osm_type":"node","seamark_type":"buoy_lateral","display_class":"OTHER","min_zoom":12,"importance":1,"name":"Lanshangangqu No.315","ref":null,"common":{"name":"Lanshangangqu No.315","type":"buoy_lateral"},"children":{"buoy_lateral":{"category":"starboard","colour":"green","shape":"pillar","system":"iala-a"},"light":{"character":"Fl","colour":"green","period":"4"},"topmark":{"colour":"green","shape":"cone, point up"}},"osm_tags":{"seamark:buoy_lateral:category":"starboard","seamark:buoy_lateral:colour":"green","seamark:buoy_lateral:shape":"pillar","seamark:buoy_lateral:system":"iala-a","seamark:light:character":"Fl","seamark:light:colour":"green","seamark:light:period":"4","seamark:name":"Lanshangangqu No.315","seamark:topmark:colour":"green","seamark:topmark:shape":"cone, point up","seamark:type":"buoy_lateral","source":"China MSA Notice No. 698/2023"}}},{"type":"Feature","geometry":{"type":"Point","coordinates":[119.8054722,35.1122222]},"properties":{"osm_id":11032789603,"osm_type":"node","seamark_type":"buoy_lateral","display_class":"OTHER","min_zoom":12,"importance":1,"name":"Lanshangangqu No.316","ref":null,"common":{"name":"Lanshangangqu No.316","type":"buoy_lateral"},"children":{"buoy_lateral":{"category":"port","colour":"red","shape":"pillar","system":"iala-a"},"light":{"character":"Fl","colour":"red","period":"4"},"topmark":{"colour":"red","shape":"cylinder"}},"osm_tags":{"seamark:buoy_lateral:category":"port","seamark:buoy_lateral:colour":"red","seamark:buoy_lateral:shape":"pillar","seamark:buoy_lateral:system":"iala-a","seamark:light:character":"Fl","seamark:light:colour":"red","seamark:light:period":"4","seamark:name":"Lanshangangqu No.316","seamark:topmark:colour":"red","seamark:topmark:shape":"cylinder","seamark:type":"buoy_lateral","source":"China MSA Notice No. 698/2023"}}},{"type":"Feature","geometry":{"type":"Point","coordinates":[119.7923889,35.1184444]},"properties":{"osm_id":11032789602,"osm_type":"node","seamark_type":"buoy_lateral","display_class":"OTHER","min_zoom":12,"importance":1,"name":"Lanshangangqu No.317","ref":null,"common":{"name":"Lanshangangqu No.317","type":"buoy_lateral"},"children":{"buoy_lateral":{"category":"starboard","colour":"green","shape":"pillar","system":"iala-a"},"light":{"character":"Fl","colour":"green","group":"2","period":"6"},"topmark":{"colour":"green","shape":"cone, point up"}},"osm_tags":{"seamark:buoy_lateral:category":"starboard","seamark:buoy_lateral:colour":"green","seamark:buoy_lateral:shape":"pillar","seamark:buoy_lateral:system":"iala-a","seamark:light:character":"Fl","seamark:light:colour":"green","seamark:light:group":"2","seamark:light:period":"6","seamark:name":"Lanshangangqu No.317","seamark:topmark:colour":"green","seamark:topmark:shape":"cone, point up","seamark:type":"buoy_lateral","source":"China MSA Notice No. 698/2023"}}},{"type":"Feature","geometry":{"type":"Point","coordinates":[119.7915278,35.1140833]},"properties":{"osm_id":11032789601,"osm_type":"node","seamark_type":"buoy_lateral","display_class":"OTHER","min_zoom":12,"importance":1,"name":"Lanshangangqu No.318","ref":null,"common":{"name":"Lanshangangqu No.318","type":"buoy_lateral"},"children":{"buoy_lateral":{"category":"port","colour":"red","shape":"pillar","system":"iala-a"},"light":{"character":"Fl","colour":"red","group":"2","period":"6"},"topmark":{"colour":"red","shape":"cylinder"}},"osm_tags":{"seamark:buoy_lateral:category":"port","seamark:buoy_lateral:colour":"red","seamark:buoy_lateral:shape":"pillar","seamark:buoy_lateral:system":"iala-a","seamark:light:character":"Fl","seamark:light:colour":"red","seamark:light:group":"2","seamark:light:period":"6","seamark:name":"Lanshangangqu No.318","seamark:topmark:colour":"red","seamark:topmark:shape":"cylinder","seamark:type":"buoy_lateral","source":"China MSA Notice No. 698/2023"}}},{"type":"Feature","geometry":{"type":"Point","coordinates":[119.7784444,35.1203056]},"properties":{"osm_id":11032981896,"osm_type":"node","seamark_type":"buoy_lateral","display_class":"OTHER","min_zoom":12,"importance":1,"name":"Lanshangangqu No.319","ref":null,"common":{"name":"Lanshangangqu No.319","type":"buoy_lateral"},"children":{"buoy_lateral":{"category":"starboard","colour":"green","shape":"pillar","system":"iala-a"},"light":{"character":"Fl","colour":"green","group":"3","period":"10"},"radio_station":{"category":"ais","mmsi":"994121272"},"topmark":{"colour":"green","shape":"cone, point up"}},"osm_tags":{"seamark:buoy_lateral:category":"starboard","seamark:buoy_lateral:colour":"green","seamark:buoy_lateral:shape":"pillar","seamark:buoy_lateral:system":"iala-a","seamark:light:character":"Fl","seamark:light:colour":"green","seamark:light:group":"3","seamark:light:period":"10","seamark:name":"Lanshangangqu No.319","seamark:radio_station:category":"ais","seamark:radio_station:mmsi":"994121272","seamark:topmark:colour":"green","seamark:topmark:shape":"cone, point up","seamark:type":"buoy_lateral","source":"China MSA Notice No. 698/2023"}}},{"type":"Feature","geometry":{"type":"Point","coordinates":[119.7775833,35.1159444]},"properties":{"osm_id":11032981895,"osm_type":"node","seamark_type":"buoy_lateral","display_class":"OTHER","min_zoom":12,"importance":1,"name":"Lanshangangqu No.320","ref":null,"common":{"name":"Lanshangangqu No.320","type":"buoy_lateral"},"children":{"buoy_lateral":{"category":"port","colour":"red","shape":"pillar","system":"iala-a"},"light":{"character":"Fl","colour":"red","group":"3","period":"10"},"radio_station":{"category":"ais","mmsi":"994121273"},"topmark":{"colour":"red","shape":"cylinder"}},"osm_tags":{"seamark:buoy_lateral:category":"port","seamark:buoy_lateral:colour":"red","seamark:buoy_lateral:shape":"pillar","seamark:buoy_lateral:system":"iala-a","seamark:light:character":"Fl","seamark:light:colour":"red","seamark:light:group":"3","seamark:light:period":"10","seamark:name":"Lanshangangqu No.320","seamark:radio_station:category":"ais","seamark:radio_station:mmsi":"994121273","seamark:topmark:colour":"red","seamark:topmark:shape":"cylinder","seamark:type":"buoy_lateral","source":"China MSA Notice No. 698/2023"}}},{"type":"Feature","geometry":{"type":"Point","coordinates":[119.7544444,35.1235]},"properties":{"osm_id":11032981894,"osm_type":"node","seamark_type":"buoy_lateral","display_class":"OTHER","min_zoom":12,"importance":1,"name":"Lanshangangqu No.321","ref":null,"common":{"name":"Lanshangangqu No.321","type":"buoy_lateral"},"children":{"buoy_lateral":{"category":"starboard","colour":"green","shape":"pillar","system":"iala-a"},"light":{"character":"Fl","colour":"green","period":"4"},"topmark":{"colour":"green","shape":"cone, point up"}},"osm_tags":{"seamark:buoy_lateral:category":"starboard","seamark:buoy_lateral:colour":"green","seamark:buoy_lateral:shape":"pillar","seamark:buoy_lateral:system":"iala-a","seamark:light:character":"Fl","seamark:light:colour":"green","seamark:light:period":"4","seamark:name":"Lanshangangqu No.321","seamark:topmark:colour":"green","seamark:topmark:shape":"cone, point up","seamark:type":"buoy_lateral","source":"China MSA Notice No. 698/2023"}}},{"type":"Feature","geometry":{"type":"Point","coordinates":[119.7302777,35.1266944]},"properties":{"osm_id":11032981892,"osm_type":"node","seamark_type":"buoy_lateral","display_class":"OTHER","min_zoom":12,"importance":1,"name":"Lanshangangqu No.323","ref":null,"common":{"name":"Lanshangangqu No.323","type":"buoy_lateral"},"children":{"buoy_lateral":{"category":"starboard","colour":"green","shape":"pillar","system":"iala-a"},"light":{"character":"Q","colour":"green"},"radar_transponder":{"category":"racon","group":"K"},"radio_station":{"category":"ais","mmsi":"994121274"},"topmark":{"colour":"green","shape":"cone, point up"}},"osm_tags":{"seamark:buoy_lateral:category":"starboard","seamark:buoy_lateral:colour":"green","seamark:buoy_lateral:shape":"pillar","seamark:buoy_lateral:system":"iala-a","seamark:light:character":"Q","seamark:light:colour":"green","seamark:name":"Lanshangangqu No.323","seamark:radar_transponder:category":"racon","seamark:radar_transponder:group":"K","seamark:radio_station:category":"ais","seamark:radio_station:mmsi":"994121274","seamark:topmark:colour":"green","seamark:topmark:shape":"cone, point up","seamark:type":"buoy_lateral","source":"China MSA Notice No. 698/2023"}}},{"type":"Feature","geometry":{"type":"Point","coordinates":[119.7364167,35.1199167]},"properties":{"osm_id":11032981891,"osm_type":"node","seamark_type":"buoy_lateral","display_class":"OTHER","min_zoom":12,"importance":1,"name":"Lanshangangqu No.324","ref":null,"common":{"name":"Lanshangangqu No.324","type":"buoy_lateral"},"children":{"buoy_lateral":{"category":"port","colour":"red","shape":"pillar","system":"iala-a"},"light":{"character":"Fl","colour":"red","group":"2","period":"6"},"topmark":{"colour":"red","shape":"cylinder"}},"osm_tags":{"seamark:buoy_lateral:category":"port","seamark:buoy_lateral:colour":"red","seamark:buoy_lateral:shape":"pillar","seamark:buoy_lateral:system":"iala-a","seamark:light:character":"Fl","seamark:light:colour":"red","seamark:light:group":"2","seamark:light:period":"6","seamark:name":"Lanshangangqu No.324","seamark:topmark:colour":"red","seamark:topmark:shape":"cylinder","seamark:type":"buoy_lateral","source":"China MSA Notice No. 162/2026"}}},{"type":"Feature","geometry":{"type":"Point","coordinates":[119.7239444,35.1201111]},"properties":{"osm_id":11032981890,"osm_type":"node","seamark_type":"buoy_lateral","display_class":"OTHER","min_zoom":12,"importance":1,"name":"Lanshangangqu No.326","ref":null,"common":{"name":"Lanshangangqu No.326","type":"buoy_lateral"},"children":{"buoy_lateral":{"category":"port","colour":"red","shape":"pillar","system":"iala-a"},"light":{"character":"Fl","colour":"red","group":"3","period":"10"},"topmark":{"colour":"red","shape":"cylinder"}},"osm_tags":{"seamark:buoy_lateral:category":"port","seamark:buoy_lateral:colour":"red","seamark:buoy_lateral:shape":"pillar","seamark:buoy_lateral:system":"iala-a","seamark:light:character":"Fl","seamark:light:colour":"red","seamark:light:group":"3","seamark:light:period":"10","seamark:name":"Lanshangangqu No.326","seamark:topmark:colour":"red","seamark:topmark:shape":"cylinder","seamark:type":"buoy_lateral","source":"China MSA Notice No. 162/2026"}}},{"type":"Feature","geometry":{"type":"Point","coordinates":[119.7101389,35.1247222]},"properties":{"osm_id":11032981889,"osm_type":"node","seamark_type":"buoy_lateral","display_class":"OTHER","min_zoom":12,"importance":1,"name":"Lanshangangqu No.327","ref":null,"common":{"name":"Lanshangangqu No.327","type":"buoy_lateral"},"children":{"buoy_lateral":{"category":"starboard","colour":"green","shape":"pillar","system":"iala-a"},"light":{"character":"Fl","colour":"green","period":"4"},"topmark":{"colour":"green","shape":"cone, point up"}},"osm_tags":{"seamark:buoy_lateral:category":"starboard","seamark:buoy_lateral:colour":"green","seamark:buoy_lateral:shape":"pillar","seamark:buoy_lateral:system":"iala-a","seamark:light:character":"Fl","seamark:light:colour":"green","seamark:light:period":"4","seamark:name":"Lanshangangqu No.327","seamark:topmark:colour":"green","seamark:topmark:shape":"cone, point up","seamark:type":"buoy_lateral","source":"China MSA Notice No. 698/2023"}}},{"type":"Feature","geometry":{"type":"Point","coordinates":[119.7107778,35.1203611]},"properties":{"osm_id":11032981888,"osm_type":"node","seamark_type":"buoy_lateral","display_class":"OTHER","min_zoom":12,"importance":1,"name":"Lanshangangqu No.328","ref":null,"common":{"name":"Lanshangangqu No.328","type":"buoy_lateral"},"children":{"buoy_lateral":{"category":"port","colour":"red","shape":"pillar","system":"iala-a"},"light":{"character":"Fl","colour":"red","period":"4"},"topmark":{"colour":"red","shape":"cylinder"}},"osm_tags":{"seamark:buoy_lateral:category":"port","seamark:buoy_lateral:colour":"red","seamark:buoy_lateral:shape":"pillar","seamark:buoy_lateral:system":"iala-a","seamark:light:character":"Fl","seamark:light:colour":"red","seamark:light:period":"4","seamark:name":"Lanshangangqu No.328","seamark:topmark:colour":"red","seamark:topmark:shape":"cylinder","seamark:type":"buoy_lateral","source":"China MSA Notice No. 698/2023"}}},{"type":"Feature","geometry":{"type":"Point","coordinates":[119.6962778,35.1233889]},"properties":{"osm_id":11032981887,"osm_type":"node","seamark_type":"buoy_lateral","display_class":"OTHER","min_zoom":12,"importance":1,"name":"Lanshangangqu No.329","ref":null,"common":{"name":"Lanshangangqu No.329","type":"buoy_lateral"},"children":{"buoy_lateral":{"category":"starboard","colour":"green","shape":"pillar","system":"iala-a"},"light":{"character":"Fl","colour":"green","group":"2","period":"6"},"topmark":{"colour":"green","shape":"cone, point up"}},"osm_tags":{"seamark:buoy_lateral:category":"starboard","seamark:buoy_lateral:colour":"green","seamark:buoy_lateral:shape":"pillar","seamark:buoy_lateral:system":"iala-a","seamark:light:character":"Fl","seamark:light:colour":"green","seamark:light:group":"2","seamark:light:period":"6","seamark:name":"Lanshangangqu No.329","seamark:topmark:colour":"green","seamark:topmark:shape":"cone, point up","seamark:type":"buoy_lateral","source":"China MSA Notice No. 698/2023"}}},{"type":"Feature","geometry":{"type":"Point","coordinates":[119.6969167,35.119]},"properties":{"osm_id":11032981886,"osm_type":"node","seamark_type":"buoy_lateral","display_class":"OTHER","min_zoom":12,"importance":1,"name":"Lanshangangqu No.330","ref":null,"common":{"name":"Lanshangangqu No.330","type":"buoy_lateral"},"children":{"buoy_lateral":{"category":"port","colour":"red","shape":"pillar","system":"iala-a"},"light":{"character":"Fl","colour":"red","group":"2","period":"6"},"topmark":{"colour":"red","shape":"cylinder"}},"osm_tags":{"seamark:buoy_lateral:category":"port","seamark:buoy_lateral:colour":"red","seamark:buoy_lateral:shape":"pillar","seamark:buoy_lateral:system":"iala-a","seamark:light:character":"Fl","seamark:light:colour":"red","seamark:light:group":"2","seamark:light:period":"6","seamark:name":"Lanshangangqu No.330","seamark:topmark:colour":"red","seamark:topmark:shape":"cylinder","seamark:type":"buoy_lateral","source":"China MSA Notice No. 698/2023"}}},{"type":"Feature","geometry":{"type":"Point","coordinates":[119.6824167,35.1220278]},"properties":{"osm_id":11032981885,"osm_type":"node","seamark_type":"buoy_lateral","display_class":"OTHER","min_zoom":12,"importance":1,"name":"Lanshangangqu No.331","ref":null,"common":{"name":"Lanshangangqu No.331","type":"buoy_lateral"},"children":{"buoy_lateral":{"category":"starboard","colour":"green","shape":"pillar","system":"iala-a"},"light":{"character":"Fl","colour":"green","group":"3","period":"10"},"radio_station":{"category":"ais","mmsi":"994121276"},"topmark":{"colour":"green","shape":"cone, point up"}},"osm_tags":{"seamark:buoy_lateral:category":"starboard","seamark:buoy_lateral:colour":"green","seamark:buoy_lateral:shape":"pillar","seamark:buoy_lateral:system":"iala-a","seamark:light:character":"Fl","seamark:light:colour":"green","seamark:light:group":"3","seamark:light:period":"10","seamark:name":"Lanshangangqu No.331","seamark:radio_station:category":"ais","seamark:radio_station:mmsi":"994121276","seamark:topmark:colour":"green","seamark:topmark:shape":"cone, point up","seamark:type":"buoy_lateral","source":"China MSA Notice No. 698/2023"}}},{"type":"Feature","geometry":{"type":"Point","coordinates":[119.6830556,35.1176389]},"properties":{"osm_id":11032981884,"osm_type":"node","seamark_type":"buoy_lateral","display_class":"OTHER","min_zoom":12,"importance":1,"name":"Lanshangangqu No.332","ref":null,"common":{"name":"Lanshangangqu No.332","type":"buoy_lateral"},"children":{"buoy_lateral":{"category":"port","colour":"red","shape":"pillar","system":"iala-a"},"light":{"character":"Fl","colour":"red","group":"3","period":"10"},"radio_station":{"category":"ais","mmsi":"994121277"},"topmark":{"colour":"red","shape":"cylinder"}},"osm_tags":{"seamark:buoy_lateral:category":"port","seamark:buoy_lateral:colour":"red","seamark:buoy_lateral:shape":"pillar","seamark:buoy_lateral:system":"iala-a","seamark:light:character":"Fl","seamark:light:colour":"red","seamark:light:group":"3","seamark:light:period":"10","seamark:name":"Lanshangangqu No.332","seamark:radio_station:category":"ais","seamark:radio_station:mmsi":"994121277","seamark:topmark:colour":"red","seamark:topmark:shape":"cylinder","seamark:type":"buoy_lateral","source":"China MSA Notice No. 698/2023"}}},{"type":"Feature","geometry":{"type":"Point","coordinates":[119.6685556,35.1206667]},"properties":{"osm_id":11032981883,"osm_type":"node","seamark_type":"buoy_lateral","display_class":"OTHER","min_zoom":12,"importance":1,"name":"Lanshangangqu No.333","ref":null,"common":{"name":"Lanshangangqu No.333","type":"buoy_lateral"},"children":{"buoy_lateral":{"category":"starboard","colour":"green","shape":"pillar","system":"iala-a"},"light":{"character":"Fl","colour":"green","period":"4"},"topmark":{"colour":"green","shape":"cone, point up"}},"osm_tags":{"seamark:buoy_lateral:category":"starboard","seamark:buoy_lateral:colour":"green","seamark:buoy_lateral:shape":"pillar","seamark:buoy_lateral:system":"iala-a","seamark:light:character":"Fl","seamark:light:colour":"green","seamark:light:period":"4","seamark:name":"Lanshangangqu No.333","seamark:topmark:colour":"green","seamark:topmark:shape":"cone, point up","seamark:type":"buoy_lateral","source":"China MSA Notice No. 698/2023"}}},{"type":"Feature","geometry":{"type":"Point","coordinates":[119.6691944,35.1162778]},"properties":{"osm_id":11032981882,"osm_type":"node","seamark_type":"buoy_lateral","display_class":"OTHER","min_zoom":12,"importance":1,"name":"Lanshangangqu No.334","ref":null,"common":{"name":"Lanshangangqu No.334","type":"buoy_lateral"},"children":{"buoy_lateral":{"category":"port","colour":"red","shape":"pillar","system":"iala-a"},"light":{"character":"Fl","colour":"red","period":"4"},"topmark":{"colour":"red","shape":"cylinder"}},"osm_tags":{"seamark:buoy_lateral:category":"port","seamark:buoy_lateral:colour":"red","seamark:buoy_lateral:shape":"pillar","seamark:buoy_lateral:system":"iala-a","seamark:light:character":"Fl","seamark:light:colour":"red","seamark:light:period":"4","seamark:name":"Lanshangangqu No.334","seamark:topmark:colour":"red","seamark:topmark:shape":"cylinder","seamark:type":"buoy_lateral","source":"China MSA Notice No. 698/2023"}}},{"type":"Feature","geometry":{"type":"Point","coordinates":[119.6508611,35.1189167]},"properties":{"osm_id":11032789600,"osm_type":"node","seamark_type":"buoy_lateral","display_class":"OTHER","min_zoom":12,"importance":1,"name":"Lanshangangqu No.335","ref":null,"common":{"name":"Lanshangangqu No.335","type":"buoy_lateral"},"children":{"buoy_lateral":{"category":"starboard","colour":"green","shape":"pillar","system":"iala-a"},"light":{"character":"Fl","colour":"green","group":"2","period":"6"},"topmark":{"colour":"green","shape":"cone, point up"}},"osm_tags":{"seamark:buoy_lateral:category":"starboard","seamark:buoy_lateral:colour":"green","seamark:buoy_lateral:shape":"pillar","seamark:buoy_lateral:system":"iala-a","seamark:light:character":"Fl","seamark:light:colour":"green","seamark:light:group":"2","seamark:light:period":"6","seamark:name":"Lanshangangqu No.335","seamark:topmark:colour":"green","seamark:topmark:shape":"cone, point up","seamark:type":"buoy_lateral","source":"China MSA Notice No. 162/2026"}}},{"type":"Feature","geometry":{"type":"Point","coordinates":[119.6553611,35.1149167]},"properties":{"osm_id":11032789599,"osm_type":"node","seamark_type":"buoy_lateral","display_class":"OTHER","min_zoom":12,"importance":1,"name":"Lanshangangqu No.336","ref":null,"common":{"name":"Lanshangangqu No.336","type":"buoy_lateral"},"children":{"buoy_lateral":{"category":"port","colour":"red","shape":"pillar","system":"iala-a"},"light":{"character":"Fl","colour":"red","group":"2","period":"6"},"topmark":{"colour":"red","shape":"cylinder"}},"osm_tags":{"seamark:buoy_lateral:category":"port","seamark:buoy_lateral:colour":"red","seamark:buoy_lateral:shape":"pillar","seamark:buoy_lateral:system":"iala-a","seamark:light:character":"Fl","seamark:light:colour":"red","seamark:light:group":"2","seamark:light:period":"6","seamark:name":"Lanshangangqu No.336","seamark:topmark:colour":"red","seamark:topmark:shape":"cylinder","seamark:type":"buoy_lateral","source":"China MSA Notice No. 698/2023"}}},{"type":"Feature","geometry":{"type":"Point","coordinates":[119.6408611,35.1179167]},"properties":{"osm_id":11032981881,"osm_type":"node","seamark_type":"buoy_lateral","display_class":"OTHER","min_zoom":12,"importance":1,"name":"Lanshangangqu No.337","ref":null,"common":{"name":"Lanshangangqu No.337","type":"buoy_lateral"},"children":{"buoy_lateral":{"category":"starboard","colour":"green","shape":"pillar","system":"iala-a"},"light":{"character":"Fl","colour":"green","group":"3","period":"10"},"radio_station":{"category":"ais","mmsi":"994121278"},"topmark":{"colour":"green","shape":"cone, point up"}},"osm_tags":{"seamark:buoy_lateral:category":"starboard","seamark:buoy_lateral:colour":"green","seamark:buoy_lateral:shape":"pillar","seamark:buoy_lateral:system":"iala-a","seamark:light:character":"Fl","seamark:light:colour":"green","seamark:light:group":"3","seamark:light:period":"10","seamark:name":"Lanshangangqu No.337","seamark:radio_station:category":"ais","seamark:radio_station:mmsi":"994121278","seamark:topmark:colour":"green","seamark:topmark:shape":"cone, point up","seamark:type":"buoy_lateral","source":"China MSA Notice No. 698/2023"}}},{"type":"Feature","geometry":{"type":"Point","coordinates":[119.6415,35.1135278]},"properties":{"osm_id":11032981880,"osm_type":"node","seamark_type":"buoy_lateral","display_class":"OTHER","min_zoom":12,"importance":1,"name":"Lanshangangqu No.338","ref":null,"common":{"name":"Lanshangangqu No.338","type":"buoy_lateral"},"children":{"buoy_lateral":{"category":"port","colour":"red","shape":"pillar","system":"iala-a"},"light":{"character":"Fl","colour":"red","group":"3","period":"10"},"radio_station":{"category":"ais","mmsi":"994121279"},"topmark":{"colour":"red","shape":"cylinder"}},"osm_tags":{"seamark:buoy_lateral:category":"port","seamark:buoy_lateral:colour":"red","seamark:buoy_lateral:shape":"pillar","seamark:buoy_lateral:system":"iala-a","seamark:light:character":"Fl","seamark:light:colour":"red","seamark:light:group":"3","seamark:light:period":"10","seamark:name":"Lanshangangqu No.338","seamark:radio_station:category":"ais","seamark:radio_station:mmsi":"994121279","seamark:topmark:colour":"red","seamark:topmark:shape":"cylinder","seamark:type":"buoy_lateral","source":"China MSA Notice No. 698/2023"}}},{"type":"Feature","geometry":{"type":"Point","coordinates":[119.627,35.1165556]},"properties":{"osm_id":11032981879,"osm_type":"node","seamark_type":"buoy_lateral","display_class":"OTHER","min_zoom":12,"importance":1,"name":"Lanshangangqu No.339","ref":null,"common":{"name":"Lanshangangqu No.339","type":"buoy_lateral"},"children":{"buoy_lateral":{"category":"starboard","colour":"green","shape":"pillar","system":"iala-a"},"light":{"character":"Fl","colour":"green","period":"4"},"topmark":{"colour":"green","shape":"cone, point up"}},"osm_tags":{"seamark:buoy_lateral:category":"starboard","seamark:buoy_lateral:colour":"green","seamark:buoy_lateral:shape":"pillar","seamark:buoy_lateral:system":"iala-a","seamark:light:character":"Fl","seamark:light:colour":"green","seamark:light:period":"4","seamark:name":"Lanshangangqu No.339","seamark:topmark:colour":"green","seamark:topmark:shape":"cone, point up","seamark:type":"buoy_lateral","source":"China MSA Notice No. 698/2023"}}},{"type":"Feature","geometry":{"type":"Point","coordinates":[119.6276389,35.1121667]},"properties":{"osm_id":11032981878,"osm_type":"node","seamark_type":"buoy_lateral","display_class":"OTHER","min_zoom":12,"importance":1,"name":"Lanshangangqu No.340","ref":null,"common":{"name":"Lanshangangqu No.340","type":"buoy_lateral"},"children":{"buoy_lateral":{"category":"port","colour":"red","shape":"pillar","system":"iala-a"},"light":{"character":"Fl","colour":"red","period":"4"},"topmark":{"colour":"red","shape":"cylinder"}},"osm_tags":{"seamark:buoy_lateral:category":"port","seamark:buoy_lateral:colour":"red","seamark:buoy_lateral:shape":"pillar","seamark:buoy_lateral:system":"iala-a","seamark:light:character":"Fl","seamark:light:colour":"red","seamark:light:period":"4","seamark:name":"Lanshangangqu No.340","seamark:topmark:colour":"red","seamark:topmark:shape":"cylinder","seamark:type":"buoy_lateral","source":"China MSA Notice No. 698/2023"}}},{"type":"Feature","geometry":{"type":"Point","coordinates":[119.6125,35.1151389]},"properties":{"osm_id":11032981877,"osm_type":"node","seamark_type":"buoy_lateral","display_class":"OTHER","min_zoom":12,"importance":1,"name":"Lanshangangqu No.341","ref":null,"common":{"name":"Lanshangangqu No.341","type":"buoy_lateral"},"children":{"buoy_lateral":{"category":"starboard","colour":"green","shape":"pillar","system":"iala-a"},"light":{"character":"Fl","colour":"green","group":"2","period":"6"},"topmark":{"colour":"green","shape":"cone, point up"}},"osm_tags":{"seamark:buoy_lateral:category":"starboard","seamark:buoy_lateral:colour":"green","seamark:buoy_lateral:shape":"pillar","seamark:buoy_lateral:system":"iala-a","seamark:light:character":"Fl","seamark:light:colour":"green","seamark:light:group":"2","seamark:light:period":"6","seamark:name":"Lanshangangqu No.341","seamark:topmark:colour":"green","seamark:topmark:shape":"cone, point up","seamark:type":"buoy_lateral","source":"China MSA Notice No. 162/2026"}}},{"type":"Feature","geometry":{"type":"Point","coordinates":[119.6138056,35.1108056]},"properties":{"osm_id":11032981876,"osm_type":"node","seamark_type":"buoy_lateral","display_class":"OTHER","min_zoom":12,"importance":1,"name":"Lanshangangqu No.342","ref":null,"common":{"name":"Lanshangangqu No.342","type":"buoy_lateral"},"children":{"buoy_lateral":{"category":"port","colour":"red","shape":"pillar","system":"iala-a"},"light":{"character":"Fl","colour":"red","group":"2","period":"6"},"topmark":{"colour":"red","shape":"cylinder"}},"osm_tags":{"seamark:buoy_lateral:category":"port","seamark:buoy_lateral:colour":"red","seamark:buoy_lateral:shape":"pillar","seamark:buoy_lateral:system":"iala-a","seamark:light:character":"Fl","seamark:light:colour":"red","seamark:light:group":"2","seamark:light:period":"6","seamark:name":"Lanshangangqu No.342","seamark:topmark:colour":"red","seamark:topmark:shape":"cylinder","seamark:type":"buoy_lateral","source":"China MSA Notice No. 698/2023"}}},{"type":"Feature","geometry":{"type":"Point","coordinates":[119.5993056,35.1138333]},"properties":{"osm_id":11032981875,"osm_type":"node","seamark_type":"buoy_lateral","display_class":"OTHER","min_zoom":12,"importance":1,"name":"Lanshangangqu No.343","ref":null,"common":{"name":"Lanshangangqu No.343","type":"buoy_lateral"},"children":{"buoy_lateral":{"category":"starboard","colour":"green","shape":"pillar","system":"iala-a"},"light":{"character":"Fl","colour":"green","group":"3","period":"10"},"radio_station":{"category":"ais","mmsi":"994121280"},"topmark":{"colour":"green","shape":"cone, point up"}},"osm_tags":{"seamark:buoy_lateral:category":"starboard","seamark:buoy_lateral:colour":"green","seamark:buoy_lateral:shape":"pillar","seamark:buoy_lateral:system":"iala-a","seamark:light:character":"Fl","seamark:light:colour":"green","seamark:light:group":"3","seamark:light:period":"10","seamark:name":"Lanshangangqu No.343","seamark:radio_station:category":"ais","seamark:radio_station:mmsi":"994121280","seamark:topmark:colour":"green","seamark:topmark:shape":"cone, point up","seamark:type":"buoy_lateral","source":"China MSA Notice No. 698/2023"}}},{"type":"Feature","geometry":{"type":"Point","coordinates":[119.5999444,35.1094444]},"properties":{"osm_id":11032981874,"osm_type":"node","seamark_type":"buoy_lateral","display_class":"OTHER","min_zoom":12,"importance":1,"name":"Lanshangangqu No.344","ref":null,"common":{"name":"Lanshangangqu No.344","type":"buoy_lateral"},"children":{"buoy_lateral":{"category":"port","colour":"red","shape":"pillar","system":"iala-a"},"light":{"character":"Fl","colour":"red","group":"3","period":"10"},"radio_station":{"category":"ais","mmsi":"994121281"},"topmark":{"colour":"red","shape":"cylinder"}},"osm_tags":{"seamark:buoy_lateral:category":"port","seamark:buoy_lateral:colour":"red","seamark:buoy_lateral:shape":"pillar","seamark:buoy_lateral:system":"iala-a","seamark:light:character":"Fl","seamark:light:colour":"red","seamark:light:group":"3","seamark:light:period":"10","seamark:name":"Lanshangangqu No.344","seamark:radio_station:category":"ais","seamark:radio_station:mmsi":"994121281","seamark:topmark:colour":"red","seamark:topmark:shape":"cylinder","seamark:type":"buoy_lateral","source":"China MSA Notice No. 698/2023"}}},{"type":"Feature","geometry":{"type":"Point","coordinates":[119.5854444,35.1124444]},"properties":{"osm_id":11032981873,"osm_type":"node","seamark_type":"buoy_lateral","display_class":"OTHER","min_zoom":12,"importance":1,"name":"Lanshangangqu No.345","ref":null,"common":{"name":"Lanshangangqu No.345","type":"buoy_lateral"},"children":{"buoy_lateral":{"category":"starboard","colour":"green","shape":"pillar","system":"iala-a"},"light":{"character":"Fl","colour":"green","period":"4"},"topmark":{"colour":"green","shape":"cone, point up"}},"osm_tags":{"seamark:buoy_lateral:category":"starboard","seamark:buoy_lateral:colour":"green","seamark:buoy_lateral:shape":"pillar","seamark:buoy_lateral:system":"iala-a","seamark:light:character":"Fl","seamark:light:colour":"green","seamark:light:period":"4","seamark:name":"Lanshangangqu No.345","seamark:topmark:colour":"green","seamark:topmark:shape":"cone, point up","seamark:type":"buoy_lateral","source":"China MSA Notice No. 698/2023"}}},{"type":"Feature","geometry":{"type":"Point","coordinates":[119.5860833,35.1080556]},"properties":{"osm_id":11032981872,"osm_type":"node","seamark_type":"buoy_lateral","display_class":"OTHER","min_zoom":12,"importance":1,"name":"Lanshangangqu No.346","ref":null,"common":{"name":"Lanshangangqu No.346","type":"buoy_lateral"},"children":{"buoy_lateral":{"category":"port","colour":"red","shape":"pillar","system":"iala-a"},"light":{"character":"Fl","colour":"red","period":"4"},"topmark":{"colour":"red","shape":"cylinder"}},"osm_tags":{"seamark:buoy_lateral:category":"port","seamark:buoy_lateral:colour":"red","seamark:buoy_lateral:shape":"pillar","seamark:buoy_lateral:system":"iala-a","seamark:light:character":"Fl","seamark:light:colour":"red","seamark:light:period":"4","seamark:name":"Lanshangangqu No.346","seamark:topmark:colour":"red","seamark:topmark:shape":"cylinder","seamark:type":"buoy_lateral","source":"China MSA Notice No. 698/2023"}}},{"type":"Feature","geometry":{"type":"Point","coordinates":[119.5715833,35.1110833]},"properties":{"osm_id":11032981871,"osm_type":"node","seamark_type":"buoy_lateral","display_class":"OTHER","min_zoom":12,"importance":1,"name":"Lanshangangqu No.347","ref":null,"common":{"name":"Lanshangangqu No.347","type":"buoy_lateral"},"children":{"buoy_lateral":{"category":"starboard","colour":"green","shape":"pillar","system":"iala-a"},"light":{"character":"Fl","colour":"green","group":"2","period":"6"},"topmark":{"colour":"green","shape":"cone, point up"}},"osm_tags":{"seamark:buoy_lateral:category":"starboard","seamark:buoy_lateral:colour":"green","seamark:buoy_lateral:shape":"pillar","seamark:buoy_lateral:system":"iala-a","seamark:light:character":"Fl","seamark:light:colour":"green","seamark:light:group":"2","seamark:light:period":"6","seamark:name":"Lanshangangqu No.347","seamark:topmark:colour":"green","seamark:topmark:shape":"cone, point up","seamark:type":"buoy_lateral","source":"China MSA Notice No. 698/2023"}}},{"type":"Feature","geometry":{"type":"Point","coordinates":[119.5722222,35.1066944]},"properties":{"osm_id":11032981870,"osm_type":"node","seamark_type":"buoy_lateral","display_class":"OTHER","min_zoom":12,"importance":1,"name":"Lanshangangqu No.348","ref":null,"common":{"name":"Lanshangangqu No.348","type":"buoy_lateral"},"children":{"buoy_lateral":{"category":"port","colour":"red","shape":"pillar","system":"iala-a"},"light":{"character":"Fl","colour":"red","group":"2","period":"6"},"topmark":{"colour":"red","shape":"cylinder"}},"osm_tags":{"seamark:buoy_lateral:category":"port","seamark:buoy_lateral:colour":"red","seamark:buoy_lateral:shape":"pillar","seamark:buoy_lateral:system":"iala-a","seamark:light:character":"Fl","seamark:light:colour":"red","seamark:light:group":"2","seamark:light:period":"6","seamark:name":"Lanshangangqu No.348","seamark:topmark:colour":"red","seamark:topmark:shape":"cylinder","seamark:type":"buoy_lateral","source":"China MSA Notice No. 698/2023"}}},{"type":"Feature","geometry":{"type":"Point","coordinates":[119.55775,35.1096944]},"properties":{"osm_id":11032981869,"osm_type":"node","seamark_type":"buoy_lateral","display_class":"OTHER","min_zoom":12,"importance":1,"name":"Lanshangangqu No.349","ref":null,"common":{"name":"Lanshangangqu No.349","type":"buoy_lateral"},"children":{"buoy_lateral":{"category":"starboard","colour":"green","shape":"pillar","system":"iala-a"},"light":{"character":"Fl","colour":"green","group":"3","period":"10"},"radio_station":{"category":"ais","mmsi":"994121282"},"topmark":{"colour":"green","shape":"cone, point up"}},"osm_tags":{"seamark:buoy_lateral:category":"starboard","seamark:buoy_lateral:colour":"green","seamark:buoy_lateral:shape":"pillar","seamark:buoy_lateral:system":"iala-a","seamark:light:character":"Fl","seamark:light:colour":"green","seamark:light:group":"3","seamark:light:period":"10","seamark:name":"Lanshangangqu No.349","seamark:radio_station:category":"ais","seamark:radio_station:mmsi":"994121282","seamark:topmark:colour":"green","seamark:topmark:shape":"cone, point up","seamark:type":"buoy_lateral","source":"China MSA Notice No. 698/2023"}}},{"type":"Feature","geometry":{"type":"Point","coordinates":[119.5583889,35.1053333]},"properties":{"osm_id":11032981868,"osm_type":"node","seamark_type":"buoy_lateral","display_class":"OTHER","min_zoom":12,"importance":1,"name":"Lanshangangqu No.350","ref":null,"common":{"name":"Lanshangangqu No.350","type":"buoy_lateral"},"children":{"buoy_lateral":{"category":"port","colour":"red","shape":"pillar","system":"iala-a"},"light":{"character":"Fl","colour":"red","group":"3","period":"10"},"radio_station":{"category":"ais","mmsi":"994121283"},"topmark":{"colour":"red","shape":"cylinder"}},"osm_tags":{"seamark:buoy_lateral:category":"port","seamark:buoy_lateral:colour":"red","seamark:buoy_lateral:shape":"pillar","seamark:buoy_lateral:system":"iala-a","seamark:light:character":"Fl","seamark:light:colour":"red","seamark:light:group":"3","seamark:light:period":"10","seamark:name":"Lanshangangqu No.350","seamark:radio_station:category":"ais","seamark:radio_station:mmsi":"994121283","seamark:topmark:colour":"red","seamark:topmark:shape":"cylinder","seamark:type":"buoy_lateral","source":"China MSA Notice No. 698/2023"}}},{"type":"Feature","geometry":{"type":"Point","coordinates":[119.5438889,35.1083333]},"properties":{"osm_id":11032981867,"osm_type":"node","seamark_type":"buoy_lateral","display_class":"OTHER","min_zoom":12,"importance":1,"name":"Lanshangangqu No.351","ref":null,"common":{"name":"Lanshangangqu No.351","type":"buoy_lateral"},"children":{"buoy_lateral":{"category":"starboard","colour":"green","shape":"pillar","system":"iala-a"},"light":{"character":"Fl","colour":"green","period":"4"},"topmark":{"colour":"green","shape":"cone, point up"}},"osm_tags":{"seamark:buoy_lateral:category":"starboard","seamark:buoy_lateral:colour":"green","seamark:buoy_lateral:shape":"pillar","seamark:buoy_lateral:system":"iala-a","seamark:light:character":"Fl","seamark:light:colour":"green","seamark:light:period":"4","seamark:name":"Lanshangangqu No.351","seamark:topmark:colour":"green","seamark:topmark:shape":"cone, point up","seamark:type":"buoy_lateral","source":"China MSA Notice No. 698/2023"}}},{"type":"Feature","geometry":{"type":"Point","coordinates":[119.5445278,35.1039444]},"properties":{"osm_id":11032981866,"osm_type":"node","seamark_type":"buoy_lateral","display_class":"OTHER","min_zoom":12,"importance":1,"name":"Lanshangangqu No.352","ref":null,"common":{"name":"Lanshangangqu No.352","type":"buoy_lateral"},"children":{"buoy_lateral":{"category":"port","colour":"red","shape":"pillar","system":"iala-a"},"light":{"character":"Fl","colour":"red","period":"4"},"topmark":{"colour":"red","shape":"cylinder"}},"osm_tags":{"seamark:buoy_lateral:category":"port","seamark:buoy_lateral:colour":"red","seamark:buoy_lateral:shape":"pillar","seamark:buoy_lateral:system":"iala-a","seamark:light:character":"Fl","seamark:light:colour":"red","seamark:light:period":"4","seamark:name":"Lanshangangqu No.352","seamark:topmark:colour":"red","seamark:topmark:shape":"cylinder","seamark:type":"buoy_lateral","source":"China MSA Notice No. 698/2023"}}},{"type":"Feature","geometry":{"type":"Point","coordinates":[119.5300278,35.1069444]},"properties":{"osm_id":11032981865,"osm_type":"node","seamark_type":"buoy_lateral","display_class":"OTHER","min_zoom":12,"importance":1,"name":"Lanshangangqu No.353","ref":null,"common":{"name":"Lanshangangqu No.353","type":"buoy_lateral"},"children":{"buoy_lateral":{"category":"starboard","colour":"green","shape":"pillar","system":"iala-a"},"light":{"character":"Fl","colour":"green","group":"2","period":"6"},"topmark":{"colour":"green","shape":"cone, point up"}},"osm_tags":{"seamark:buoy_lateral:category":"starboard","seamark:buoy_lateral:colour":"green","seamark:buoy_lateral:shape":"pillar","seamark:buoy_lateral:system":"iala-a","seamark:light:character":"Fl","seamark:light:colour":"green","seamark:light:group":"2","seamark:light:period":"6","seamark:name":"Lanshangangqu No.353","seamark:topmark:colour":"green","seamark:topmark:shape":"cone, point up","seamark:type":"buoy_lateral","source":"China MSA Notice No. 698/2023"}}},{"type":"Feature","geometry":{"type":"Point","coordinates":[119.5306944,35.1025556]},"properties":{"osm_id":11032981864,"osm_type":"node","seamark_type":"buoy_lateral","display_class":"OTHER","min_zoom":12,"importance":1,"name":"Lanshangangqu No.354","ref":null,"common":{"name":"Lanshangangqu No.354","type":"buoy_lateral"},"children":{"buoy_lateral":{"category":"port","colour":"red","shape":"pillar","system":"iala-a"},"light":{"character":"Fl","colour":"red","group":"2","period":"6"},"topmark":{"colour":"red","shape":"cylinder"}},"osm_tags":{"seamark:buoy_lateral:category":"port","seamark:buoy_lateral:colour":"red","seamark:buoy_lateral:shape":"pillar","seamark:buoy_lateral:system":"iala-a","seamark:light:character":"Fl","seamark:light:colour":"red","seamark:light:group":"2","seamark:light:period":"6","seamark:name":"Lanshangangqu No.354","seamark:topmark:colour":"red","seamark:topmark:shape":"cylinder","seamark:type":"buoy_lateral","source":"China MSA Notice No. 698/2023"}}},{"type":"Feature","geometry":{"type":"Point","coordinates":[119.5161944,35.1055833]},"properties":{"osm_id":11032981863,"osm_type":"node","seamark_type":"buoy_lateral","display_class":"OTHER","min_zoom":12,"importance":1,"name":"Lanshangangqu No.355","ref":null,"common":{"name":"Lanshangangqu No.355","type":"buoy_lateral"},"children":{"buoy_lateral":{"category":"starboard","colour":"green","shape":"pillar","system":"iala-a"},"light":{"character":"Fl","colour":"green","group":"3","period":"10"},"radio_station":{"category":"ais","mmsi":"994121284"},"topmark":{"colour":"green","shape":"cone, point up"}},"osm_tags":{"seamark:buoy_lateral:category":"starboard","seamark:buoy_lateral:colour":"green","seamark:buoy_lateral:shape":"pillar","seamark:buoy_lateral:system":"iala-a","seamark:light:character":"Fl","seamark:light:colour":"green","seamark:light:group":"3","seamark:light:period":"10","seamark:name":"Lanshangangqu No.355","seamark:radio_station:category":"ais","seamark:radio_station:mmsi":"994121284","seamark:topmark:colour":"green","seamark:topmark:shape":"cone, point up","seamark:type":"buoy_lateral","source":"China MSA Notice No. 698/2023"}}},{"type":"Feature","geometry":{"type":"Point","coordinates":[119.5168333,35.1011944]},"properties":{"osm_id":11032981862,"osm_type":"node","seamark_type":"buoy_lateral","display_class":"OTHER","min_zoom":12,"importance":1,"name":"Lanshangangqu No.356","ref":null,"common":{"name":"Lanshangangqu No.356","type":"buoy_lateral"},"children":{"buoy_lateral":{"category":"port","colour":"red","shape":"pillar","system":"iala-a"},"light":{"character":"Fl","colour":"red","group":"3","period":"10"},"radio_station":{"category":"ais","mmsi":"994121285"},"topmark":{"colour":"red","shape":"cylinder"}},"osm_tags":{"seamark:buoy_lateral:category":"port","seamark:buoy_lateral:colour":"red","seamark:buoy_lateral:shape":"pillar","seamark:buoy_lateral:system":"iala-a","seamark:light:character":"Fl","seamark:light:colour":"red","seamark:light:group":"3","seamark:light:period":"10","seamark:name":"Lanshangangqu No.356","seamark:radio_station:category":"ais","seamark:radio_station:mmsi":"994121285","seamark:topmark:colour":"red","seamark:topmark:shape":"cylinder","seamark:type":"buoy_lateral","source":"China MSA Notice No. 698/2023"}}},{"type":"Feature","geometry":{"type":"Point","coordinates":[119.5023333,35.1041944]},"properties":{"osm_id":11032981861,"osm_type":"node","seamark_type":"buoy_lateral","display_class":"OTHER","min_zoom":12,"importance":1,"name":"Lanshangangqu No.357","ref":null,"common":{"name":"Lanshangangqu No.357","type":"buoy_lateral"},"children":{"buoy_lateral":{"category":"starboard","colour":"green","shape":"pillar","system":"iala-a"},"light":{"character":"Fl","colour":"green","period":"4"},"topmark":{"colour":"green","shape":"cone, point up"}},"osm_tags":{"seamark:buoy_lateral:category":"starboard","seamark:buoy_lateral:colour":"green","seamark:buoy_lateral:shape":"pillar","seamark:buoy_lateral:system":"iala-a","seamark:light:character":"Fl","seamark:light:colour":"green","seamark:light:period":"4","seamark:name":"Lanshangangqu No.357","seamark:topmark:colour":"green","seamark:topmark:shape":"cone, point up","seamark:type":"buoy_lateral","source":"China MSA Notice No. 698/2023"}}},{"type":"Feature","geometry":{"type":"Point","coordinates":[119.5029722,35.0998056]},"properties":{"osm_id":11032981860,"osm_type":"node","seamark_type":"buoy_lateral","display_class":"OTHER","min_zoom":12,"importance":1,"name":"Lanshangangqu No.358","ref":null,"common":{"name":"Lanshangangqu No.358","type":"buoy_lateral"},"children":{"buoy_lateral":{"category":"port","colour":"red","shape":"pillar","system":"iala-a"},"light":{"character":"Fl","colour":"red","period":"4"},"topmark":{"colour":"red","shape":"cylinder"}},"osm_tags":{"seamark:buoy_lateral:category":"port","seamark:buoy_lateral:colour":"red","seamark:buoy_lateral:shape":"pillar","seamark:buoy_lateral:system":"iala-a","seamark:light:character":"Fl","seamark:light:colour":"red","seamark:light:period":"4","seamark:name":"Lanshangangqu No.358","seamark:topmark:colour":"red","seamark:topmark:shape":"cylinder","seamark:type":"buoy_lateral","source":"China MSA Notice No. 698/2023"}}},{"type":"Feature","geometry":{"type":"Point","coordinates":[119.4885,35.1028056]},"properties":{"osm_id":11032981859,"osm_type":"node","seamark_type":"buoy_lateral","display_class":"OTHER","min_zoom":12,"importance":1,"name":"Lanshangangqu No.359","ref":null,"common":{"name":"Lanshangangqu No.359","type":"buoy_lateral"},"children":{"buoy_lateral":{"category":"starboard","colour":"green","shape":"pillar","system":"iala-a"},"light":{"character":"Fl","colour":"green","group":"2","period":"6"},"topmark":{"colour":"green","shape":"cone, point up"}},"osm_tags":{"seamark:buoy_lateral:category":"starboard","seamark:buoy_lateral:colour":"green","seamark:buoy_lateral:shape":"pillar","seamark:buoy_lateral:system":"iala-a","seamark:light:character":"Fl","seamark:light:colour":"green","seamark:light:group":"2","seamark:light:period":"6","seamark:name":"Lanshangangqu No.359","seamark:topmark:colour":"green","seamark:topmark:shape":"cone, point up","seamark:type":"buoy_lateral","source":"China MSA Notice No. 698/2023"}}},{"type":"Feature","geometry":{"type":"Point","coordinates":[119.4891389,35.0984167]},"properties":{"osm_id":11032981858,"osm_type":"node","seamark_type":"buoy_lateral","display_class":"OTHER","min_zoom":12,"importance":1,"name":"Lanshangangqu No.360","ref":null,"common":{"name":"Lanshangangqu No.360","type":"buoy_lateral"},"children":{"buoy_lateral":{"category":"port","colour":"red","shape":"pillar","system":"iala-a"},"light":{"character":"Fl","colour":"red","group":"2","period":"6"},"topmark":{"colour":"red","shape":"cylinder"}},"osm_tags":{"seamark:buoy_lateral:category":"port","seamark:buoy_lateral:colour":"red","seamark:buoy_lateral:shape":"pillar","seamark:buoy_lateral:system":"iala-a","seamark:light:character":"Fl","seamark:light:colour":"red","seamark:light:group":"2","seamark:light:period":"6","seamark:name":"Lanshangangqu No.360","seamark:topmark:colour":"red","seamark:topmark:shape":"cylinder","seamark:type":"buoy_lateral","source":"China MSA Notice No. 698/2023"}}},{"type":"Feature","geometry":{"type":"Point","coordinates":[119.4746389,35.1014167]},"properties":{"osm_id":11032981857,"osm_type":"node","seamark_type":"buoy_lateral","display_class":"OTHER","min_zoom":12,"importance":1,"name":"Lanshangangqu No.361","ref":null,"common":{"name":"Lanshangangqu No.361","type":"buoy_lateral"},"children":{"buoy_lateral":{"category":"starboard","colour":"green","shape":"pillar","system":"iala-a"},"light":{"character":"Fl","colour":"green","group":"3","period":"10"},"radio_station":{"category":"ais","mmsi":"994121286"},"topmark":{"colour":"green","shape":"cone, point up"}},"osm_tags":{"seamark:buoy_lateral:category":"starboard","seamark:buoy_lateral:colour":"green","seamark:buoy_lateral:shape":"pillar","seamark:buoy_lateral:system":"iala-a","seamark:light:character":"Fl","seamark:light:colour":"green","seamark:light:group":"3","seamark:light:period":"10","seamark:name":"Lanshangangqu No.361","seamark:radio_station:category":"ais","seamark:radio_station:mmsi":"994121286","seamark:topmark:colour":"green","seamark:topmark:shape":"cone, point up","seamark:type":"buoy_lateral","source":"China MSA Notice No. 698/2023"}}},{"type":"Feature","geometry":{"type":"Point","coordinates":[119.4752778,35.0970556]},"properties":{"osm_id":11032981856,"osm_type":"node","seamark_type":"buoy_lateral","display_class":"OTHER","min_zoom":12,"importance":1,"name":"Lanshangangqu No.362","ref":null,"common":{"name":"Lanshangangqu No.362","type":"buoy_lateral"},"children":{"buoy_lateral":{"category":"port","colour":"red","shape":"pillar","system":"iala-a"},"light":{"character":"Fl","colour":"red","group":"3","period":"10"},"radio_station":{"category":"ais","mmsi":"994121287"},"topmark":{"colour":"red","shape":"cylinder"}},"osm_tags":{"seamark:buoy_lateral:category":"port","seamark:buoy_lateral:colour":"red","seamark:buoy_lateral:shape":"pillar","seamark:buoy_lateral:system":"iala-a","seamark:light:character":"Fl","seamark:light:colour":"red","seamark:light:group":"3","seamark:light:period":"10","seamark:name":"Lanshangangqu No.362","seamark:radio_station:category":"ais","seamark:radio_station:mmsi":"994121287","seamark:topmark:colour":"red","seamark:topmark:shape":"cylinder","seamark:type":"buoy_lateral","source":"China MSA Notice No. 698/2023"}}},{"type":"Feature","geometry":{"type":"Point","coordinates":[119.4607778,35.1000556]},"properties":{"osm_id":11032981855,"osm_type":"node","seamark_type":"buoy_lateral","display_class":"OTHER","min_zoom":12,"importance":1,"name":"Lanshangangqu No.363","ref":null,"common":{"name":"Lanshangangqu No.363","type":"buoy_lateral"},"children":{"buoy_lateral":{"category":"starboard","colour":"green","shape":"pillar","system":"iala-a"},"light":{"character":"Fl","colour":"green","period":"4"},"topmark":{"colour":"green","shape":"cone, point up"}},"osm_tags":{"seamark:buoy_lateral:category":"starboard","seamark:buoy_lateral:colour":"green","seamark:buoy_lateral:shape":"pillar","seamark:buoy_lateral:system":"iala-a","seamark:light:character":"Fl","seamark:light:colour":"green","seamark:light:period":"4","seamark:name":"Lanshangangqu No.363","seamark:topmark:colour":"green","seamark:topmark:shape":"cone, point up","seamark:type":"buoy_lateral","source":"China MSA Notice No. 698/2023"}}},{"type":"Feature","geometry":{"type":"Point","coordinates":[119.4614444,35.0956667]},"properties":{"osm_id":11032981854,"osm_type":"node","seamark_type":"buoy_lateral","display_class":"OTHER","min_zoom":12,"importance":1,"name":"Lanshangangqu No.364","ref":null,"common":{"name":"Lanshangangqu No.364","type":"buoy_lateral"},"children":{"buoy_lateral":{"category":"port","colour":"red","shape":"pillar","system":"iala-a"},"light":{"character":"Fl","colour":"red","period":"4"},"topmark":{"colour":"red","shape":"cylinder"}},"osm_tags":{"seamark:buoy_lateral:category":"port","seamark:buoy_lateral:colour":"red","seamark:buoy_lateral:shape":"pillar","seamark:buoy_lateral:system":"iala-a","seamark:light:character":"Fl","seamark:light:colour":"red","seamark:light:period":"4","seamark:name":"Lanshangangqu No.364","seamark:topmark:colour":"red","seamark:topmark:shape":"cylinder","seamark:type":"buoy_lateral","source":"China MSA Notice No. 698/2023"}}},{"type":"Feature","geometry":{"type":"Point","coordinates":[119.4514167,35.0991111]},"properties":{"osm_id":11032981853,"osm_type":"node","seamark_type":"buoy_lateral","display_class":"OTHER","min_zoom":12,"importance":1,"name":"Lanshangangqu No.365","ref":null,"common":{"name":"Lanshangangqu No.365","type":"buoy_lateral"},"children":{"buoy_lateral":{"category":"preferred_channel_port","colour":"green;red;green","colour_pattern":"horizontal","shape":"pillar","system":"iala-a"},"light":{"character":"Fl","colour":"green","group":"2+1","period":"6"},"radar_transponder":{"category":"racon","group":"O"},"topmark":{"colour":"green","shape":"cone, point up"}},"osm_tags":{"seamark:buoy_lateral:category":"preferred_channel_port","seamark:buoy_lateral:colour":"green;red;green","seamark:buoy_lateral:colour_pattern":"horizontal","seamark:buoy_lateral:shape":"pillar","seamark:buoy_lateral:system":"iala-a","seamark:light:character":"Fl","seamark:light:colour":"green","seamark:light:group":"2+1","seamark:light:period":"6","seamark:name":"Lanshangangqu No.365","seamark:radar_transponder:category":"racon","seamark:radar_transponder:group":"O","seamark:topmark:colour":"green","seamark:topmark:shape":"cone, point up","seamark:type":"buoy_lateral","source":"China MSA Notice No. 698/2023"}}},{"type":"Feature","geometry":{"type":"Point","coordinates":[119.4475833,35.0942778]},"properties":{"osm_id":11032981852,"osm_type":"node","seamark_type":"buoy_lateral","display_class":"OTHER","min_zoom":12,"importance":1,"name":"Lanshangangqu No.366","ref":null,"common":{"name":"Lanshangangqu No.366","type":"buoy_lateral"},"children":{"buoy_lateral":{"category":"port","colour":"red","shape":"pillar","system":"iala-a"},"light":{"character":"Fl","colour":"red","group":"2","period":"6"},"topmark":{"colour":"red","shape":"cylinder"}},"osm_tags":{"seamark:buoy_lateral:category":"port","seamark:buoy_lateral:colour":"red","seamark:buoy_lateral:shape":"pillar","seamark:buoy_lateral:system":"iala-a","seamark:light:character":"Fl","seamark:light:colour":"red","seamark:light:group":"2","seamark:light:period":"6","seamark:name":"Lanshangangqu No.366","seamark:topmark:colour":"red","seamark:topmark:shape":"cylinder","seamark:type":"buoy_lateral","source":"China MSA Notice No. 698/2023"}}},{"type":"Feature","geometry":{"type":"Point","coordinates":[119.4338333,35.0973333]},"properties":{"osm_id":11032981851,"osm_type":"node","seamark_type":"buoy_cardinal","display_class":"OTHER","min_zoom":12,"importance":1,"name":"Lanshangangqu No.367","ref":null,"common":{"name":"Lanshangangqu No.367","type":"buoy_cardinal"},"children":{"buoy_cardinal":{"category":"east","colour":"black;yellow;black","colour_pattern":"horizontal","shape":"pillar"},"light":{"character":"Q","colour":"white","group":"3","period":"10"},"radio_station":{"category":"ais","mmsi":"994121288"},"topmark":{"colour":"black","shape":"2 cones base together"}},"osm_tags":{"seamark:buoy_cardinal:category":"east","seamark:buoy_cardinal:colour":"black;yellow;black","seamark:buoy_cardinal:colour_pattern":"horizontal","seamark:buoy_cardinal:shape":"pillar","seamark:light:character":"Q","seamark:light:colour":"white","seamark:light:group":"3","seamark:light:period":"10","seamark:name":"Lanshangangqu No.367","seamark:radio_station:category":"ais","seamark:radio_station:mmsi":"994121288","seamark:topmark:colour":"black","seamark:topmark:shape":"2 cones base together","seamark:type":"buoy_cardinal","source":"China MSA Notice No. 698/2023"}}},{"type":"Feature","geometry":{"type":"Point","coordinates":[119.43375,35.0928889]},"properties":{"osm_id":11032981850,"osm_type":"node","seamark_type":"buoy_lateral","display_class":"OTHER","min_zoom":12,"importance":1,"name":"Lanshangangqu No.368","ref":null,"common":{"name":"Lanshangangqu No.368","type":"buoy_lateral"},"children":{"buoy_lateral":{"category":"port","colour":"red","shape":"pillar","system":"iala-a"},"light":{"character":"Fl","colour":"red","group":"3","period":"10"},"radio_station":{"category":"ais","mmsi":"994121289"},"topmark":{"colour":"red","shape":"cylinder"}},"osm_tags":{"seamark:buoy_lateral:category":"port","seamark:buoy_lateral:colour":"red","seamark:buoy_lateral:shape":"pillar","seamark:buoy_lateral:system":"iala-a","seamark:light:character":"Fl","seamark:light:colour":"red","seamark:light:group":"3","seamark:light:period":"10","seamark:name":"Lanshangangqu No.368","seamark:radio_station:category":"ais","seamark:radio_station:mmsi":"994121289","seamark:topmark:colour":"red","seamark:topmark:shape":"cylinder","seamark:type":"buoy_lateral","source":"China MSA Notice No. 698/2023"}}},{"type":"Feature","geometry":{"type":"Point","coordinates":[119.4293611,35.0983611]},"properties":{"osm_id":11032981849,"osm_type":"node","seamark_type":"buoy_lateral","display_class":"OTHER","min_zoom":12,"importance":1,"name":"Lanshangangqu No.369","ref":null,"common":{"name":"Lanshangangqu No.369","type":"buoy_lateral"},"children":{"buoy_lateral":{"category":"starboard","colour":"green","shape":"pillar","system":"iala-a"},"light":{"character":"Fl","colour":"green","group":"3","period":"10"},"topmark":{"colour":"green","shape":"cone, point up"}},"osm_tags":{"seamark:buoy_lateral:category":"starboard","seamark:buoy_lateral:colour":"green","seamark:buoy_lateral:shape":"pillar","seamark:buoy_lateral:system":"iala-a","seamark:light:character":"Fl","seamark:light:colour":"green","seamark:light:group":"3","seamark:light:period":"10","seamark:name":"Lanshangangqu No.369","seamark:topmark:colour":"green","seamark:topmark:shape":"cone, point up","seamark:type":"buoy_lateral","source":"China MSA Notice No. 698/2023"}}},{"type":"Feature","geometry":{"type":"Point","coordinates":[119.4198889,35.0915]},"properties":{"osm_id":11032981848,"osm_type":"node","seamark_type":"buoy_lateral","display_class":"OTHER","min_zoom":12,"importance":1,"name":"Lanshangangqu No.370","ref":null,"common":{"name":"Lanshangangqu No.370","type":"buoy_lateral"},"children":{"buoy_lateral":{"category":"port","colour":"red","shape":"pillar","system":"iala-a"},"light":{"character":"Fl","colour":"red","period":"4"},"topmark":{"colour":"red","shape":"cylinder"}},"osm_tags":{"seamark:buoy_lateral:category":"port","seamark:buoy_lateral:colour":"red","seamark:buoy_lateral:shape":"pillar","seamark:buoy_lateral:system":"iala-a","seamark:light:character":"Fl","seamark:light:colour":"red","seamark:light:period":"4","seamark:name":"Lanshangangqu No.370","seamark:topmark:colour":"red","seamark:topmark:shape":"cylinder","seamark:type":"buoy_lateral","source":"China MSA Notice No. 698/2023"}}},{"type":"Feature","geometry":{"type":"Point","coordinates":[119.4169167,35.1016389]},"properties":{"osm_id":11032981847,"osm_type":"node","seamark_type":"buoy_lateral","display_class":"OTHER","min_zoom":12,"importance":1,"name":"Lanshangangqu No.371","ref":null,"common":{"name":"Lanshangangqu No.371","type":"buoy_lateral"},"children":{"buoy_lateral":{"category":"starboard","colour":"green","shape":"pillar","system":"iala-a"},"light":{"character":"Fl","colour":"green","period":"4"},"topmark":{"colour":"green","shape":"cone, point up"}},"osm_tags":{"seamark:buoy_lateral:category":"starboard","seamark:buoy_lateral:colour":"green","seamark:buoy_lateral:shape":"pillar","seamark:buoy_lateral:system":"iala-a","seamark:light:character":"Fl","seamark:light:colour":"green","seamark:light:period":"4","seamark:name":"Lanshangangqu No.371","seamark:topmark:colour":"green","seamark:topmark:shape":"cone, point up","seamark:type":"buoy_lateral","source":"China MSA Notice No. 698/2023"}}},{"type":"Feature","geometry":{"type":"Point","coordinates":[119.4069167,35.0866389]},"properties":{"osm_id":11032981846,"osm_type":"node","seamark_type":"buoy_cardinal","display_class":"OTHER","min_zoom":12,"importance":1,"name":"Lanshangangqu No.372","ref":null,"common":{"name":"Lanshangangqu No.372","type":"buoy_cardinal"},"children":{"buoy_cardinal":{"category":"north","colour":"black;yellow","colour_pattern":"horizontal","shape":"pillar"},"light":{"character":"Q","colour":"white"},"topmark":{"colour":"black","shape":"2 cones up"}},"osm_tags":{"seamark:buoy_cardinal:category":"north","seamark:buoy_cardinal:colour":"black;yellow","seamark:buoy_cardinal:colour_pattern":"horizontal","seamark:buoy_cardinal:shape":"pillar","seamark:light:character":"Q","seamark:light:colour":"white","seamark:name":"Lanshangangqu No.372","seamark:topmark:colour":"black","seamark:topmark:shape":"2 cones up","seamark:type":"buoy_cardinal","source":"China MSA Notice No. 698/2023"}}},{"type":"Feature","geometry":{"type":"Point","coordinates":[119.40375,35.0867778]},"properties":{"osm_id":11032981845,"osm_type":"node","seamark_type":"buoy_cardinal","display_class":"OTHER","min_zoom":12,"importance":1,"name":"Lanshangangqu No.374","ref":null,"common":{"name":"Lanshangangqu No.374","type":"buoy_cardinal"},"children":{"buoy_cardinal":{"category":"north","colour":"black;yellow","colour_pattern":"horizontal","shape":"pillar"},"light":{"character":"VQ","colour":"white"},"topmark":{"colour":"black","shape":"2 cones up"}},"osm_tags":{"seamark:buoy_cardinal:category":"north","seamark:buoy_cardinal:colour":"black;yellow","seamark:buoy_cardinal:colour_pattern":"horizontal","seamark:buoy_cardinal:shape":"pillar","seamark:light:character":"VQ","seamark:light:colour":"white","seamark:name":"Lanshangangqu No.374","seamark:topmark:colour":"black","seamark:topmark:shape":"2 cones up","seamark:type":"buoy_cardinal","source":"China MSA Notice No. 698/2023"}}},{"type":"Feature","geometry":{"type":"Point","coordinates":[119.4170556,35.1053611]},"properties":{"osm_id":13270063453,"osm_type":"node","seamark_type":"buoy_lateral","display_class":"OTHER","min_zoom":12,"importance":1,"name":"Lanshangangqu No.404","ref":null,"common":{"name":"Lanshangangqu No.404","type":"buoy_lateral"},"children":{"buoy_lateral":{"category":"preferred_channel_starboard","colour":"red;green;red","colour_pattern":"horizontal","shape":"pillar","system":"iala-a"},"light":{"character":"Fl","colour":"red","group":"2+1","period":"6"},"topmark":{"colour":"red","shape":"cylinder"}},"osm_tags":{"seamark:buoy_lateral:category":"preferred_channel_starboard","seamark:buoy_lateral:colour":"red;green;red","seamark:buoy_lateral:colour_pattern":"horizontal","seamark:buoy_lateral:shape":"pillar","seamark:buoy_lateral:system":"iala-a","seamark:light:character":"Fl","seamark:light:colour":"red","seamark:light:group":"2+1","seamark:light:period":"6","seamark:name":"Lanshangangqu No.404","seamark:topmark:colour":"red","seamark:topmark:shape":"cylinder","seamark:type":"buoy_lateral","source":"China MSA Notice No. 247/2023"}}},{"type":"Feature","geometry":{"type":"Point","coordinates":[119.4068889,35.1551111]},"properties":{"osm_id":13695031472,"osm_type":"node","seamark_type":"buoy_lateral","display_class":"OTHER","min_zoom":12,"importance":1,"name":"Lanshangangqu No.513","ref":null,"common":{"name":"Lanshangangqu No.513","type":"buoy_lateral"},"children":{"buoy_lateral":{"category":"starboard","colour":"green","shape":"pillar","system":"iala-a"},"light":{"character":"Fl","colour":"green","group":"2","period":"6"},"topmark":{"colour":"green","shape":"cone, point up"}},"osm_tags":{"seamark:buoy_lateral:category":"starboard","seamark:buoy_lateral:colour":"green","seamark:buoy_lateral:shape":"pillar","seamark:buoy_lateral:system":"iala-a","seamark:light:character":"Fl","seamark:light:colour":"green","seamark:light:group":"2","seamark:light:period":"6","seamark:name":"Lanshangangqu No.513","seamark:topmark:colour":"green","seamark:topmark:shape":"cone, point up","seamark:type":"buoy_lateral","source":"China MSA Notice No. 102/2021"}}},{"type":"Feature","geometry":{"type":"Point","coordinates":[119.398,35.155]},"properties":{"osm_id":13695041880,"osm_type":"node","seamark_type":"buoy_lateral","display_class":"OTHER","min_zoom":12,"importance":1,"name":"Lanshangangqu No.518","ref":null,"common":{"name":"Lanshangangqu No.518","type":"buoy_lateral"},"children":{"buoy_lateral":{"category":"port","colour":"red","shape":"pillar","system":"iala-a"},"light":{"character":"Q","colour":"red"},"topmark":{"colour":"red","shape":"cylinder"}},"osm_tags":{"seamark:buoy_lateral:category":"port","seamark:buoy_lateral:colour":"red","seamark:buoy_lateral:shape":"pillar","seamark:buoy_lateral:system":"iala-a","seamark:light:character":"Q","seamark:light:colour":"red","seamark:name":"Lanshangangqu No.518","seamark:topmark:colour":"red","seamark:topmark:shape":"cylinder","seamark:type":"buoy_lateral","source":"China MSA Notice No. 388/2025"}}},{"type":"Feature","geometry":{"type":"Point","coordinates":[119.3944444,35.1565278]},"properties":{"osm_id":13695031471,"osm_type":"node","seamark_type":"buoy_cardinal","display_class":"OTHER","min_zoom":12,"importance":1,"name":"Lanshangangqu No.520","ref":null,"common":{"name":"Lanshangangqu No.520","type":"buoy_cardinal"},"children":{"buoy_cardinal":{"category":"north","colour":"black;yellow","colour_pattern":"horizontal","shape":"pillar"},"light":{"character":"Q","colour":"white"},"topmark":{"colour":"black","shape":"2 cones up"}},"osm_tags":{"seamark:buoy_cardinal:category":"north","seamark:buoy_cardinal:colour":"black;yellow","seamark:buoy_cardinal:colour_pattern":"horizontal","seamark:buoy_cardinal:shape":"pillar","seamark:light:character":"Q","seamark:light:colour":"white","seamark:name":"Lanshangangqu No.520","seamark:topmark:colour":"black","seamark:topmark:shape":"2 cones up","seamark:type":"buoy_cardinal","source":"China MSA Notice No. 388/2025"}}},{"type":"Feature","geometry":{"type":"Point","coordinates":[119.3890278,35.158]},"properties":{"osm_id":13695031470,"osm_type":"node","seamark_type":"buoy_cardinal","display_class":"OTHER","min_zoom":12,"importance":1,"name":"Lanshangangqu No.522","ref":null,"common":{"name":"Lanshangangqu No.522","type":"buoy_cardinal"},"children":{"buoy_cardinal":{"category":"east","colour":"black;yellow;black","colour_pattern":"horizontal","shape":"pillar"},"light":{"character":"Q","colour":"white","group":"3","period":"10"},"topmark":{"colour":"black","shape":"2 cones base together"}},"osm_tags":{"seamark:buoy_cardinal:category":"east","seamark:buoy_cardinal:colour":"black;yellow;black","seamark:buoy_cardinal:colour_pattern":"horizontal","seamark:buoy_cardinal:shape":"pillar","seamark:light:character":"Q","seamark:light:colour":"white","seamark:light:group":"3","seamark:light:period":"10","seamark:name":"Lanshangangqu No.522","seamark:topmark:colour":"black","seamark:topmark:shape":"2 cones base together","seamark:type":"buoy_cardinal","source":"China MSA Notice No. 388/2025"}}},{"type":"Feature","geometry":{"type":"Point","coordinates":[119.77275,35.5672778]},"properties":{"osm_id":8039725199,"osm_type":"node","seamark_type":"buoy_cardinal","display_class":"OTHER","min_zoom":12,"importance":1,"name":"No.159","ref":null,"common":{"name":"No.159","type":"buoy_cardinal"},"children":{"buoy_cardinal":{"category":"east","colour":"black;yellow;black","colour_pattern":"horizontal","shape":"pillar"},"light":{"character":"Q","colour":"white","group":"3","period":"10"},"topmark":{"colour":"black","shape":"2 cones base together"}},"osm_tags":{"seamark:buoy_cardinal:category":"east","seamark:buoy_cardinal:colour":"black;yellow;black","seamark:buoy_cardinal:colour_pattern":"horizontal","seamark:buoy_cardinal:shape":"pillar","seamark:light:character":"Q","seamark:light:colour":"white","seamark:light:group":"3","seamark:light:period":"10","seamark:name":"No.159","seamark:topmark:colour":"black","seamark:topmark:shape":"2 cones base together","seamark:type":"buoy_cardinal"}}},{"type":"Feature","geometry":{"type":"Point","coordinates":[119.5314444,35.3408889]},"properties":{"osm_id":13592304251,"osm_type":"node","seamark_type":"light_minor","display_class":"OTHER","min_zoom":12,"importance":1,"name":"No.17A Berth","ref":"1748.003","common":{"name":"No.17A Berth","type":"light_minor"},"children":{"light":{"character":"Iso","colour":"green","height":"9.6","period":"4","range":"3","reference":"P 3808.0965"}},"osm_tags":{"ref":"1748.003","seamark:light:character":"Iso","seamark:light:colour":"green","seamark:light:height":"9.6","seamark:light:period":"4","seamark:light:range":"3","seamark:light:reference":"P 3808.0965","seamark:name":"No.17A Berth","seamark:type":"light_minor","source":"China MSA Notice No. 162/2026"}}},{"type":"Feature","geometry":{"type":"Point","coordinates":[119.5314444,35.3389722]},"properties":{"osm_id":13592304250,"osm_type":"node","seamark_type":"light_minor","display_class":"OTHER","min_zoom":12,"importance":1,"name":"No.18A Berth","ref":"1748.004","common":{"name":"No.18A Berth","type":"light_minor"},"children":{"light":{"character":"Iso","colour":"red","height":"9.9","period":"4","range":"3","reference":"P 3808.0964"}},"osm_tags":{"ref":"1748.004","seamark:light:character":"Iso","seamark:light:colour":"red","seamark:light:height":"9.9","seamark:light:period":"4","seamark:light:range":"3","seamark:light:reference":"P 3808.0964","seamark:name":"No.18A Berth","seamark:type":"light_minor","source":"China MSA Notice No. 162/2026"}}},{"type":"Feature","geometry":{"type":"Point","coordinates":[119.2840833,35.0215278]},"properties":{"osm_id":13072526859,"osm_type":"node","seamark_type":"buoy_lateral","display_class":"OTHER","min_zoom":12,"importance":1,"name":"No.324","ref":null,"common":{"name":"No.324","type":"buoy_lateral"},"children":{"buoy_lateral":{"category":"port","colour":"red","shape":"pillar","system":"iala-a"},"light":{"character":"Fl","colour":"red","period":"4"},"topmark":{"colour":"red","shape":"cylinder"}},"osm_tags":{"seamark:buoy_lateral:category":"port","seamark:buoy_lateral:colour":"red","seamark:buoy_lateral:shape":"pillar","seamark:buoy_lateral:system":"iala-a","seamark:light:character":"Fl","seamark:light:colour":"red","seamark:light:period":"4","seamark:name":"No.324","seamark:topmark:colour":"red","seamark:topmark:shape":"cylinder","seamark:type":"buoy_lateral","source":"China MSA Notice No. 323/2024"}}},{"type":"Feature","geometry":{"type":"Point","coordinates":[119.2815556,35.0276944]},"properties":{"osm_id":13072526858,"osm_type":"node","seamark_type":"buoy_lateral","display_class":"OTHER","min_zoom":12,"importance":1,"name":"No.326","ref":null,"common":{"name":"No.326","type":"buoy_lateral"},"children":{"buoy_lateral":{"category":"port","colour":"red","shape":"pillar","system":"iala-a"},"light":{"character":"Fl","colour":"red","period":"4"},"topmark":{"colour":"red","shape":"cylinder"}},"osm_tags":{"seamark:buoy_lateral:category":"port","seamark:buoy_lateral:colour":"red","seamark:buoy_lateral:shape":"pillar","seamark:buoy_lateral:system":"iala-a","seamark:light:character":"Fl","seamark:light:colour":"red","seamark:light:period":"4","seamark:name":"No.326","seamark:topmark:colour":"red","seamark:topmark:shape":"cylinder","seamark:type":"buoy_lateral","source":"China MSA Notice No. 323/2024"}}},{"type":"Feature","geometry":{"type":"Point","coordinates":[119.2783333,35.0351111]},"properties":{"osm_id":13072526856,"osm_type":"node","seamark_type":"buoy_lateral","display_class":"OTHER","min_zoom":12,"importance":1,"name":"No.328","ref":null,"common":{"name":"No.328","type":"buoy_lateral"},"children":{"buoy_lateral":{"category":"port","colour":"red","shape":"pillar","system":"iala-a"},"light":{"character":"Fl","colour":"red","group":"3","period":"10"},"topmark":{"colour":"red","shape":"cylinder"}},"osm_tags":{"seamark:buoy_lateral:category":"port","seamark:buoy_lateral:colour":"red","seamark:buoy_lateral:shape":"pillar","seamark:buoy_lateral:system":"iala-a","seamark:light:character":"Fl","seamark:light:colour":"red","seamark:light:group":"3","seamark:light:period":"10","seamark:name":"No.328","seamark:topmark:colour":"red","seamark:topmark:shape":"cylinder","seamark:type":"buoy_lateral","source":"China MSA Notice No. 323/2024"}}},{"type":"Feature","geometry":{"type":"Point","coordinates":[119.61575,35.2835278]},"properties":{"osm_id":8049259486,"osm_type":"node","seamark_type":"buoy_cardinal","display_class":"OTHER","min_zoom":12,"importance":1,"name":"P1","ref":null,"common":{"name":"P1","type":"buoy_cardinal"},"children":{"buoy_cardinal":{"category":"east","colour":"black;yellow;black","colour_pattern":"horizontal"},"light":{"character":"VQ","colour":"white","group":"3","period":"5"},"topmark":{"colour":"black","shape":"2 cones base together"}},"osm_tags":{"seamark:buoy_cardinal:category":"east","seamark:buoy_cardinal:colour":"black;yellow;black","seamark:buoy_cardinal:colour_pattern":"horizontal","seamark:light:character":"VQ","seamark:light:colour":"white","seamark:light:group":"3","seamark:light:period":"5","seamark:name":"P1","seamark:topmark:colour":"black","seamark:topmark:shape":"2 cones base together","seamark:type":"buoy_cardinal"}}},{"type":"Feature","geometry":{"type":"Point","coordinates":[119.61575,35.3046389]},"properties":{"osm_id":8049259485,"osm_type":"node","seamark_type":"buoy_cardinal","display_class":"OTHER","min_zoom":12,"importance":1,"name":"P2","ref":null,"common":{"name":"P2","type":"buoy_cardinal"},"children":{"buoy_cardinal":{"category":"east","colour":"black;yellow;black","colour_pattern":"horizontal"},"light":{"character":"VQ","colour":"white","group":"3","period":"5"},"topmark":{"colour":"black","shape":"2 cones base together"}},"osm_tags":{"seamark:buoy_cardinal:category":"east","seamark:buoy_cardinal:colour":"black;yellow;black","seamark:buoy_cardinal:colour_pattern":"horizontal","seamark:light:character":"VQ","seamark:light:colour":"white","seamark:light:group":"3","seamark:light:period":"5","seamark:name":"P2","seamark:topmark:colour":"black","seamark:topmark:shape":"2 cones base together","seamark:type":"buoy_cardinal"}}},{"type":"Feature","geometry":{"type":"Point","coordinates":[119.57,35.365]},"properties":{"osm_id":7715468865,"osm_type":"node","seamark_type":"light_minor","display_class":"OTHER","min_zoom":12,"importance":1,"name":"Rizhao Gang Coal Pier","ref":null,"common":{"name":"Rizhao Gang Coal Pier","type":"light_minor"},"children":{"light":{"character":"F","colour":"red","height":"18.5","range":"5"}},"osm_tags":{"seamark:light:character":"F","seamark:light:colour":"red","seamark:light:height":"18.5","seamark:light:range":"5","seamark:name":"Rizhao Gang Coal Pier","seamark:type":"light_minor","source":"China MSA Notice No. 694/2020"}}},{"type":"Feature","geometry":{"type":"Point","coordinates":[119.6159444,35.3152778]},"properties":{"osm_id":11052642882,"osm_type":"node","seamark_type":"buoy_lateral","display_class":"OTHER","min_zoom":12,"importance":1,"name":"Rizhao Gang No.101","ref":null,"common":{"name":"Rizhao Gang No.101","type":"buoy_lateral"},"children":{"buoy_lateral":{"category":"starboard","colour":"green","shape":"pillar","system":"iala-a"},"light":{"character":"Q","colour":"green"},"radar_transponder":{"category":"racon","group":"K"},"radio_station":{"category":"ais","mmsi":"994141000"},"topmark":{"colour":"green","shape":"cone, point up"}},"osm_tags":{"seamark:buoy_lateral:category":"starboard","seamark:buoy_lateral:colour":"green","seamark:buoy_lateral:shape":"pillar","seamark:buoy_lateral:system":"iala-a","seamark:light:character":"Q","seamark:light:colour":"green","seamark:name":"Rizhao Gang No.101","seamark:radar_transponder:category":"racon","seamark:radar_transponder:group":"K","seamark:radio_station:category":"ais","seamark:radio_station:mmsi":"994141000","seamark:topmark:colour":"green","seamark:topmark:shape":"cone, point up","seamark:type":"buoy_lateral","source":"China MSA Notice No. 201/2023"}}},{"type":"Feature","geometry":{"type":"Point","coordinates":[119.6139167,35.312]},"properties":{"osm_id":11052642881,"osm_type":"node","seamark_type":"buoy_lateral","display_class":"OTHER","min_zoom":12,"importance":1,"name":"Rizhao Gang No.102","ref":null,"common":{"name":"Rizhao Gang No.102","type":"buoy_lateral"},"children":{"buoy_lateral":{"category":"port","colour":"red","shape":"pillar","system":"iala-a"},"light":{"character":"Q","colour":"red"},"radio_station":{"category":"ais","mmsi":"994141001"},"topmark":{"colour":"red","shape":"cylinder"}},"osm_tags":{"seamark:buoy_lateral:category":"port","seamark:buoy_lateral:colour":"red","seamark:buoy_lateral:shape":"pillar","seamark:buoy_lateral:system":"iala-a","seamark:light:character":"Q","seamark:light:colour":"red","seamark:name":"Rizhao Gang No.102","seamark:radio_station:category":"ais","seamark:radio_station:mmsi":"994141001","seamark:topmark:colour":"red","seamark:topmark:shape":"cylinder","seamark:type":"buoy_lateral","source":"China MSA Notice No. 201/2023"}}},{"type":"Feature","geometry":{"type":"Point","coordinates":[119.5761111,35.3316111]},"properties":{"osm_id":11052642880,"osm_type":"node","seamark_type":"buoy_lateral","display_class":"OTHER","min_zoom":12,"importance":1,"name":"Rizhao Gang No.107","ref":null,"common":{"name":"Rizhao Gang No.107","type":"buoy_lateral"},"children":{"buoy_lateral":{"category":"preferred_channel_port","colour":"green;red;green","colour_pattern":"horizontal","shape":"pillar","system":"iala-a"},"light":{"character":"Fl","colour":"green","group":"2+1","period":"9"},"radio_station":{"category":"ais","mmsi":"994141002"},"topmark":{"colour":"green","shape":"cone, point up"}},"osm_tags":{"seamark:buoy_lateral:category":"preferred_channel_port","seamark:buoy_lateral:colour":"green;red;green","seamark:buoy_lateral:colour_pattern":"horizontal","seamark:buoy_lateral:shape":"pillar","seamark:buoy_lateral:system":"iala-a","seamark:light:character":"Fl","seamark:light:colour":"green","seamark:light:group":"2+1","seamark:light:period":"9","seamark:name":"Rizhao Gang No.107","seamark:radio_station:category":"ais","seamark:radio_station:mmsi":"994141002","seamark:topmark:colour":"green","seamark:topmark:shape":"cone, point up","seamark:type":"buoy_lateral","source":"China MSA Notice No. 201/2023"}}},{"type":"Feature","geometry":{"type":"Point","coordinates":[119.5743611,35.3285278]},"properties":{"osm_id":11053189770,"osm_type":"node","seamark_type":"buoy_lateral","display_class":"OTHER","min_zoom":12,"importance":1,"name":"Rizhao Gang No.108","ref":null,"common":{"name":"Rizhao Gang No.108","type":"buoy_lateral"},"children":{"buoy_lateral":{"category":"port","colour":"red","shape":"pillar","system":"iala-a"},"light":{"character":"Fl","colour":"red","group":"3","period":"10"},"radio_station":{"category":"ais","mmsi":"994141003"},"topmark":{"colour":"red","shape":"cylinder"}},"osm_tags":{"seamark:buoy_lateral:category":"port","seamark:buoy_lateral:colour":"red","seamark:buoy_lateral:shape":"pillar","seamark:buoy_lateral:system":"iala-a","seamark:light:character":"Fl","seamark:light:colour":"red","seamark:light:group":"3","seamark:light:period":"10","seamark:name":"Rizhao Gang No.108","seamark:radio_station:category":"ais","seamark:radio_station:mmsi":"994141003","seamark:topmark:colour":"red","seamark:topmark:shape":"cylinder","seamark:type":"buoy_lateral","source":"China MSA Notice No. 201/2023"}}},{"type":"Feature","geometry":{"type":"Point","coordinates":[119.55825,35.3393333]},"properties":{"osm_id":11053189769,"osm_type":"node","seamark_type":"buoy_lateral","display_class":"OTHER","min_zoom":12,"importance":1,"name":"Rizhao Gang No.111","ref":null,"common":{"name":"Rizhao Gang No.111","type":"buoy_lateral"},"children":{"buoy_lateral":{"category":"starboard","colour":"green","shape":"pillar","system":"iala-a"},"light":{"character":"Q","colour":"green"},"radio_station":{"category":"ais","mmsi":"994141004"},"topmark":{"colour":"green","shape":"cone, point up"}},"osm_tags":{"seamark:buoy_lateral:category":"starboard","seamark:buoy_lateral:colour":"green","seamark:buoy_lateral:shape":"pillar","seamark:buoy_lateral:system":"iala-a","seamark:light:character":"Q","seamark:light:colour":"green","seamark:name":"Rizhao Gang No.111","seamark:radio_station:category":"ais","seamark:radio_station:mmsi":"994141004","seamark:topmark:colour":"green","seamark:topmark:shape":"cone, point up","seamark:type":"buoy_lateral","source":"China MSA Notice No. 201/2023"}}},{"type":"Feature","geometry":{"type":"Point","coordinates":[119.5547778,35.3365]},"properties":{"osm_id":11053189768,"osm_type":"node","seamark_type":"buoy_lateral","display_class":"OTHER","min_zoom":12,"importance":1,"name":"Rizhao Gang No.112","ref":null,"common":{"name":"Rizhao Gang No.112","type":"buoy_lateral"},"children":{"buoy_lateral":{"category":"port","colour":"red","shape":"pillar","system":"iala-a"},"light":{"character":"Q","colour":"red"},"radio_station":{"category":"ais","mmsi":"994141005"},"topmark":{"colour":"red","shape":"cylinder"}},"osm_tags":{"seamark:buoy_lateral:category":"port","seamark:buoy_lateral:colour":"red","seamark:buoy_lateral:shape":"pillar","seamark:buoy_lateral:system":"iala-a","seamark:light:character":"Q","seamark:light:colour":"red","seamark:name":"Rizhao Gang No.112","seamark:radio_station:category":"ais","seamark:radio_station:mmsi":"994141005","seamark:topmark:colour":"red","seamark:topmark:shape":"cylinder","seamark:type":"buoy_lateral","source":"China MSA Notice No. 201/2023"}}},{"type":"Feature","geometry":{"type":"Point","coordinates":[119.5389722,35.3469167]},"properties":{"osm_id":11053189767,"osm_type":"node","seamark_type":"buoy_lateral","display_class":"OTHER","min_zoom":12,"importance":1,"name":"Rizhao Gang No.116","ref":null,"common":{"name":"Rizhao Gang No.116","type":"buoy_lateral"},"children":{"buoy_lateral":{"category":"port","colour":"red","shape":"pillar","system":"iala-a"},"light":{"character":"Fl","colour":"red","group":"2","period":"6"},"radio_station":{"category":"ais","mmsi":"994141006"},"topmark":{"colour":"red","shape":"cylinder"}},"osm_tags":{"seamark:buoy_lateral:category":"port","seamark:buoy_lateral:colour":"red","seamark:buoy_lateral:shape":"pillar","seamark:buoy_lateral:system":"iala-a","seamark:light:character":"Fl","seamark:light:colour":"red","seamark:light:group":"2","seamark:light:period":"6","seamark:name":"Rizhao Gang No.116","seamark:radio_station:category":"ais","seamark:radio_station:mmsi":"994141006","seamark:topmark:colour":"red","seamark:topmark:shape":"cylinder","seamark:type":"buoy_lateral","source":"China MSA Notice No. 201/2023"}}},{"type":"Feature","geometry":{"type":"Point","coordinates":[119.5414722,35.3633056]},"properties":{"osm_id":11053189766,"osm_type":"node","seamark_type":"buoy_special_purpose","display_class":"OTHER","min_zoom":12,"importance":1,"name":"Rizhao Gang No.120","ref":null,"common":{"name":"Rizhao Gang No.120","type":"buoy_special_purpose"},"children":{"buoy_special_purpose":{"colour":"yellow","shape":"pillar"},"light":{"character":"Mo","colour":"yellow","group":"N","period":"6"},"radio_station":{"category":"ais","mmsi":"994141007"},"topmark":{"colour":"yellow","shape":"x-shape"}},"osm_tags":{"seamark:buoy_special_purpose:colour":"yellow","seamark:buoy_special_purpose:shape":"pillar","seamark:light:character":"Mo","seamark:light:colour":"yellow","seamark:light:group":"N","seamark:light:period":"6","seamark:name":"Rizhao Gang No.120","seamark:radio_station:category":"ais","seamark:radio_station:mmsi":"994141007","seamark:topmark:colour":"yellow","seamark:topmark:shape":"x-shape","seamark:type":"buoy_special_purpose","source":"China MSA Notice No. 201/2023"}}},{"type":"Feature","geometry":{"type":"Point","coordinates":[119.5456389,35.3551111]},"properties":{"osm_id":7715468864,"osm_type":"node","seamark_type":"light_minor","display_class":"OTHER","min_zoom":12,"importance":1,"name":"Rizhao Gang Ore Pier","ref":null,"common":{"name":"Rizhao Gang Ore Pier","type":"light_minor"},"children":{"light":{"character":"Iso","colour":"green","height":"18","period":"4","range":"7"}},"osm_tags":{"seamark:light:character":"Iso","seamark:light:colour":"green","seamark:light:height":"18","seamark:light:period":"4","seamark:light:range":"7","seamark:name":"Rizhao Gang Ore Pier","seamark:type":"light_minor","source":"China MSA Notice No. 694/2020"}}},{"type":"Feature","geometry":{"type":"Point","coordinates":[119.7771389,35.1719722]},"properties":{"osm_id":7977600512,"osm_type":"node","seamark_type":"buoy_lateral","display_class":"OTHER","min_zoom":12,"importance":1,"name":"S01","ref":null,"common":{"name":"S01","type":"buoy_lateral"},"children":{"buoy_lateral":{"category":"starboard","colour":"green","shape":"pillar"},"light":{"character":"Fl","colour":"green","period":"4"},"radar_transponder":{"category":"racon","group":"M"},"radio_station":{"category":"ais","mmsi":"994131650"},"topmark":{"colour":"green","shape":"cone, point up"}},"osm_tags":{"seamark:buoy_lateral:category":"starboard","seamark:buoy_lateral:colour":"green","seamark:buoy_lateral:shape":"pillar","seamark:light:character":"Fl","seamark:light:colour":"green","seamark:light:period":"4","seamark:name":"S01","seamark:radar_transponder:category":"racon","seamark:radar_transponder:group":"M","seamark:radio_station:category":"ais","seamark:radio_station:mmsi":"994131650","seamark:topmark:colour":"green","seamark:topmark:shape":"cone, point up","seamark:type":"buoy_lateral","source":"China MSA Notice No. 1098/2020"}}},{"type":"Feature","geometry":{"type":"Point","coordinates":[119.7750556,35.1685833]},"properties":{"osm_id":7977600511,"osm_type":"node","seamark_type":"buoy_lateral","display_class":"OTHER","min_zoom":12,"importance":1,"name":"S02","ref":null,"common":{"name":"S02","type":"buoy_lateral"},"children":{"buoy_lateral":{"category":"port","colour":"red","shape":"pillar"},"light":{"character":"Fl","colour":"red","period":"4"},"radio_station":{"category":"ais","mmsi":"994131651"},"topmark":{"colour":"red","shape":"cylinder"}},"osm_tags":{"seamark:buoy_lateral:category":"port","seamark:buoy_lateral:colour":"red","seamark:buoy_lateral:shape":"pillar","seamark:light:character":"Fl","seamark:light:colour":"red","seamark:light:period":"4","seamark:name":"S02","seamark:radio_station:category":"ais","seamark:radio_station:mmsi":"994131651","seamark:topmark:colour":"red","seamark:topmark:shape":"cylinder","seamark:type":"buoy_lateral","source":"China MSA Notice No. 1098/2020"}}},{"type":"Feature","geometry":{"type":"Point","coordinates":[119.7648889,35.1770556]},"properties":{"osm_id":7977600510,"osm_type":"node","seamark_type":"buoy_lateral","display_class":"OTHER","min_zoom":12,"importance":1,"name":"S03","ref":null,"common":{"name":"S03","type":"buoy_lateral"},"children":{"buoy_lateral":{"category":"starboard","colour":"green","shape":"pillar"},"light":{"character":"Fl","colour":"green","group":"2","period":"6"},"topmark":{"colour":"green","shape":"cone, point up"}},"osm_tags":{"seamark:buoy_lateral:category":"starboard","seamark:buoy_lateral:colour":"green","seamark:buoy_lateral:shape":"pillar","seamark:light:character":"Fl","seamark:light:colour":"green","seamark:light:group":"2","seamark:light:period":"6","seamark:name":"S03","seamark:topmark:colour":"green","seamark:topmark:shape":"cone, point up","seamark:type":"buoy_lateral","source":"China MSA Notice No. 1098/2020"}}},{"type":"Feature","geometry":{"type":"Point","coordinates":[119.7628056,35.1736667]},"properties":{"osm_id":7977600509,"osm_type":"node","seamark_type":"buoy_lateral","display_class":"OTHER","min_zoom":12,"importance":1,"name":"S04","ref":null,"common":{"name":"S04","type":"buoy_lateral"},"children":{"buoy_lateral":{"category":"port","colour":"red","shape":"pillar"},"light":{"character":"Fl","colour":"red","group":"2","period":"6"},"topmark":{"colour":"red","shape":"cylinder"}},"osm_tags":{"seamark:buoy_lateral:category":"port","seamark:buoy_lateral:colour":"red","seamark:buoy_lateral:shape":"pillar","seamark:light:character":"Fl","seamark:light:colour":"red","seamark:light:group":"2","seamark:light:period":"6","seamark:name":"S04","seamark:topmark:colour":"red","seamark:topmark:shape":"cylinder","seamark:type":"buoy_lateral","source":"China MSA Notice No. 1098/2020"}}},{"type":"Feature","geometry":{"type":"Point","coordinates":[119.7526389,35.1821389]},"properties":{"osm_id":7977600508,"osm_type":"node","seamark_type":"buoy_lateral","display_class":"OTHER","min_zoom":12,"importance":1,"name":"S05","ref":null,"common":{"name":"S05","type":"buoy_lateral"},"children":{"buoy_lateral":{"category":"starboard","colour":"green","shape":"pillar"},"light":{"character":"Fl","colour":"green","group":"3","period":"10"},"topmark":{"colour":"green","shape":"cone, point up"}},"osm_tags":{"seamark:buoy_lateral:category":"starboard","seamark:buoy_lateral:colour":"green","seamark:buoy_lateral:shape":"pillar","seamark:light:character":"Fl","seamark:light:colour":"green","seamark:light:group":"3","seamark:light:period":"10","seamark:name":"S05","seamark:topmark:colour":"green","seamark:topmark:shape":"cone, point up","seamark:type":"buoy_lateral","source":"China MSA Notice No. 1098/2020"}}},{"type":"Feature","geometry":{"type":"Point","coordinates":[119.7505833,35.1787778]},"properties":{"osm_id":7977600507,"osm_type":"node","seamark_type":"buoy_lateral","display_class":"OTHER","min_zoom":12,"importance":1,"name":"S06","ref":null,"common":{"name":"S06","type":"buoy_lateral"},"children":{"buoy_lateral":{"category":"port","colour":"red","shape":"pillar"},"light":{"character":"Fl","colour":"red","group":"3","period":"10"},"topmark":{"colour":"red","shape":"cylinder"}},"osm_tags":{"seamark:buoy_lateral:category":"port","seamark:buoy_lateral:colour":"red","seamark:buoy_lateral:shape":"pillar","seamark:light:character":"Fl","seamark:light:colour":"red","seamark:light:group":"3","seamark:light:period":"10","seamark:name":"S06","seamark:topmark:colour":"red","seamark:topmark:shape":"cylinder","seamark:type":"buoy_lateral","source":"China MSA Notice No. 1098/2020"}}},{"type":"Feature","geometry":{"type":"Point","coordinates":[119.7404167,35.1872222]},"properties":{"osm_id":7979669360,"osm_type":"node","seamark_type":"buoy_lateral","display_class":"OTHER","min_zoom":12,"importance":1,"name":"S07","ref":null,"common":{"name":"S07","type":"buoy_lateral"},"children":{"buoy_lateral":{"category":"starboard","colour":"green","shape":"pillar"},"light":{"character":"Fl","colour":"green","period":"4"},"radio_station":{"category":"ais","mmsi":"994131652"},"topmark":{"colour":"green","shape":"cone, point up"}},"osm_tags":{"seamark:buoy_lateral:category":"starboard","seamark:buoy_lateral:colour":"green","seamark:buoy_lateral:shape":"pillar","seamark:light:character":"Fl","seamark:light:colour":"green","seamark:light:period":"4","seamark:name":"S07","seamark:radio_station:category":"ais","seamark:radio_station:mmsi":"994131652","seamark:topmark:colour":"green","seamark:topmark:shape":"cone, point up","seamark:type":"buoy_lateral","source":"China MSA Notice No. 1097/2020"}}},{"type":"Feature","geometry":{"type":"Point","coordinates":[119.7383333,35.1838611]},"properties":{"osm_id":7979669359,"osm_type":"node","seamark_type":"buoy_lateral","display_class":"OTHER","min_zoom":12,"importance":1,"name":"S08","ref":null,"common":{"name":"S08","type":"buoy_lateral"},"children":{"buoy_lateral":{"category":"port","colour":"red","shape":"pillar"},"light":{"character":"Fl","colour":"red","period":"4"},"radio_station":{"category":"ais","mmsi":"994131653"},"topmark":{"colour":"red","shape":"cylinder"}},"osm_tags":{"seamark:buoy_lateral:category":"port","seamark:buoy_lateral:colour":"red","seamark:buoy_lateral:shape":"pillar","seamark:light:character":"Fl","seamark:light:colour":"red","seamark:light:period":"4","seamark:name":"S08","seamark:radio_station:category":"ais","seamark:radio_station:mmsi":"994131653","seamark:topmark:colour":"red","seamark:topmark:shape":"cylinder","seamark:type":"buoy_lateral","source":"China MSA Notice No. 1097/2020"}}},{"type":"Feature","geometry":{"type":"Point","coordinates":[119.7281667,35.1923333]},"properties":{"osm_id":7979669358,"osm_type":"node","seamark_type":"buoy_lateral","display_class":"OTHER","min_zoom":12,"importance":1,"name":"S09","ref":null,"common":{"name":"S09","type":"buoy_lateral"},"children":{"buoy_lateral":{"category":"starboard","colour":"green","shape":"pillar"},"light":{"character":"Fl","colour":"green","group":"2","period":"6"},"topmark":{"colour":"green","shape":"cone, point up"}},"osm_tags":{"seamark:buoy_lateral:category":"starboard","seamark:buoy_lateral:colour":"green","seamark:buoy_lateral:shape":"pillar","seamark:light:character":"Fl","seamark:light:colour":"green","seamark:light:group":"2","seamark:light:period":"6","seamark:name":"S09","seamark:topmark:colour":"green","seamark:topmark:shape":"cone, point up","seamark:type":"buoy_lateral","source":"China MSA Notice No. 1097/2020"}}},{"type":"Feature","geometry":{"type":"Point","coordinates":[119.7260833,35.1889444]},"properties":{"osm_id":7979669357,"osm_type":"node","seamark_type":"buoy_lateral","display_class":"OTHER","min_zoom":12,"importance":1,"name":"S10","ref":null,"common":{"name":"S10","type":"buoy_lateral"},"children":{"buoy_lateral":{"category":"port","colour":"red","shape":"pillar"},"light":{"character":"Fl","colour":"red","group":"2","period":"6"},"topmark":{"colour":"red","shape":"cylinder"}},"osm_tags":{"seamark:buoy_lateral:category":"port","seamark:buoy_lateral:colour":"red","seamark:buoy_lateral:shape":"pillar","seamark:light:character":"Fl","seamark:light:colour":"red","seamark:light:group":"2","seamark:light:period":"6","seamark:name":"S10","seamark:topmark:colour":"red","seamark:topmark:shape":"cylinder","seamark:type":"buoy_lateral","source":"China MSA Notice No. 1097/2020"}}},{"type":"Feature","geometry":{"type":"Point","coordinates":[119.7159167,35.1974167]},"properties":{"osm_id":7979669356,"osm_type":"node","seamark_type":"buoy_lateral","display_class":"OTHER","min_zoom":12,"importance":1,"name":"S11","ref":null,"common":{"name":"S11","type":"buoy_lateral"},"children":{"buoy_lateral":{"category":"starboard","colour":"green","shape":"pillar"},"light":{"character":"Fl","colour":"green","group":"3","period":"10"},"topmark":{"colour":"green","shape":"cone, point up"}},"osm_tags":{"seamark:buoy_lateral:category":"starboard","seamark:buoy_lateral:colour":"green","seamark:buoy_lateral:shape":"pillar","seamark:light:character":"Fl","seamark:light:colour":"green","seamark:light:group":"3","seamark:light:period":"10","seamark:name":"S11","seamark:topmark:colour":"green","seamark:topmark:shape":"cone, point up","seamark:type":"buoy_lateral","source":"China MSA Notice No. 1097/2020"}}},{"type":"Feature","geometry":{"type":"Point","coordinates":[119.7138333,35.1940278]},"properties":{"osm_id":7979669355,"osm_type":"node","seamark_type":"buoy_lateral","display_class":"OTHER","min_zoom":12,"importance":1,"name":"S12","ref":null,"common":{"name":"S12","type":"buoy_lateral"},"children":{"buoy_lateral":{"category":"port","colour":"red","shape":"pillar"},"light":{"character":"Fl","colour":"red","group":"3","period":"10"},"topmark":{"colour":"red","shape":"cylinder"}},"osm_tags":{"seamark:buoy_lateral:category":"port","seamark:buoy_lateral:colour":"red","seamark:buoy_lateral:shape":"pillar","seamark:light:character":"Fl","seamark:light:colour":"red","seamark:light:group":"3","seamark:light:period":"10","seamark:name":"S12","seamark:topmark:colour":"red","seamark:topmark:shape":"cylinder","seamark:type":"buoy_lateral","source":"China MSA Notice No. 1097/2020"}}},{"type":"Feature","geometry":{"type":"Point","coordinates":[119.7036667,35.2025]},"properties":{"osm_id":7979669354,"osm_type":"node","seamark_type":"buoy_lateral","display_class":"OTHER","min_zoom":12,"importance":1,"name":"S13","ref":null,"common":{"name":"S13","type":"buoy_lateral"},"children":{"buoy_lateral":{"category":"starboard","colour":"green","shape":"pillar"},"light":{"character":"Fl","colour":"green","period":"4"},"radio_station":{"category":"ais","mmsi":"994131654"},"topmark":{"colour":"green","shape":"cone, point up"}},"osm_tags":{"seamark:buoy_lateral:category":"starboard","seamark:buoy_lateral:colour":"green","seamark:buoy_lateral:shape":"pillar","seamark:light:character":"Fl","seamark:light:colour":"green","seamark:light:period":"4","seamark:name":"S13","seamark:radio_station:category":"ais","seamark:radio_station:mmsi":"994131654","seamark:topmark:colour":"green","seamark:topmark:shape":"cone, point up","seamark:type":"buoy_lateral","source":"China MSA Notice No. 1097/2020"}}},{"type":"Feature","geometry":{"type":"Point","coordinates":[119.7015833,35.1991111]},"properties":{"osm_id":7979669353,"osm_type":"node","seamark_type":"buoy_lateral","display_class":"OTHER","min_zoom":12,"importance":1,"name":"S14","ref":null,"common":{"name":"S14","type":"buoy_lateral"},"children":{"buoy_lateral":{"category":"port","colour":"red","shape":"pillar"},"light":{"character":"Fl","colour":"red","period":"4"},"radio_station":{"category":"ais","mmsi":"994131655"},"topmark":{"colour":"red","shape":"cylinder"}},"osm_tags":{"seamark:buoy_lateral:category":"port","seamark:buoy_lateral:colour":"red","seamark:buoy_lateral:shape":"pillar","seamark:light:character":"Fl","seamark:light:colour":"red","seamark:light:period":"4","seamark:name":"S14","seamark:radio_station:category":"ais","seamark:radio_station:mmsi":"994131655","seamark:topmark:colour":"red","seamark:topmark:shape":"cylinder","seamark:type":"buoy_lateral","source":"China MSA Notice No. 1097/2020"}}},{"type":"Feature","geometry":{"type":"Point","coordinates":[119.6914167,35.2075833]},"properties":{"osm_id":7979669352,"osm_type":"node","seamark_type":"buoy_lateral","display_class":"OTHER","min_zoom":12,"importance":1,"name":"S15","ref":null,"common":{"name":"S15","type":"buoy_lateral"},"children":{"buoy_lateral":{"category":"starboard","colour":"green","shape":"pillar"},"light":{"character":"Fl","colour":"green","group":"2","period":"6"},"topmark":{"colour":"green","shape":"cone, point up"}},"osm_tags":{"seamark:buoy_lateral:category":"starboard","seamark:buoy_lateral:colour":"green","seamark:buoy_lateral:shape":"pillar","seamark:light:character":"Fl","seamark:light:colour":"green","seamark:light:group":"2","seamark:light:period":"6","seamark:name":"S15","seamark:topmark:colour":"green","seamark:topmark:shape":"cone, point up","seamark:type":"buoy_lateral","source":"China MSA Notice No. 1097/2020"}}},{"type":"Feature","geometry":{"type":"Point","coordinates":[119.6893333,35.2041944]},"properties":{"osm_id":7979669351,"osm_type":"node","seamark_type":"buoy_lateral","display_class":"OTHER","min_zoom":12,"importance":1,"name":"S16","ref":null,"common":{"name":"S16","type":"buoy_lateral"},"children":{"buoy_lateral":{"category":"port","colour":"red","shape":"pillar"},"light":{"character":"Fl","colour":"red","group":"2","period":"6"},"topmark":{"colour":"red","shape":"cylinder"}},"osm_tags":{"seamark:buoy_lateral:category":"port","seamark:buoy_lateral:colour":"red","seamark:buoy_lateral:shape":"pillar","seamark:light:character":"Fl","seamark:light:colour":"red","seamark:light:group":"2","seamark:light:period":"6","seamark:name":"S16","seamark:topmark:colour":"red","seamark:topmark:shape":"cylinder","seamark:type":"buoy_lateral","source":"China MSA Notice No. 1097/2020"}}},{"type":"Feature","geometry":{"type":"Point","coordinates":[119.6791667,35.2126667]},"properties":{"osm_id":7979669350,"osm_type":"node","seamark_type":"buoy_lateral","display_class":"OTHER","min_zoom":12,"importance":1,"name":"S17","ref":null,"common":{"name":"S17","type":"buoy_lateral"},"children":{"buoy_lateral":{"category":"starboard","colour":"green","shape":"pillar"},"light":{"character":"Fl","colour":"green","group":"3","period":"10"},"topmark":{"colour":"green","shape":"cone, point up"}},"osm_tags":{"seamark:buoy_lateral:category":"starboard","seamark:buoy_lateral:colour":"green","seamark:buoy_lateral:shape":"pillar","seamark:light:character":"Fl","seamark:light:colour":"green","seamark:light:group":"3","seamark:light:period":"10","seamark:name":"S17","seamark:topmark:colour":"green","seamark:topmark:shape":"cone, point up","seamark:type":"buoy_lateral","source":"China MSA Notice No. 1097/2020"}}},{"type":"Feature","geometry":{"type":"Point","coordinates":[119.6770833,35.2092778]},"properties":{"osm_id":7979669349,"osm_type":"node","seamark_type":"buoy_lateral","display_class":"OTHER","min_zoom":12,"importance":1,"name":"S18","ref":null,"common":{"name":"S18","type":"buoy_lateral"},"children":{"buoy_lateral":{"category":"port","colour":"red","shape":"pillar"},"light":{"character":"Fl","colour":"red","group":"3","period":"10"},"topmark":{"colour":"red","shape":"cylinder"}},"osm_tags":{"seamark:buoy_lateral:category":"port","seamark:buoy_lateral:colour":"red","seamark:buoy_lateral:shape":"pillar","seamark:light:character":"Fl","seamark:light:colour":"red","seamark:light:group":"3","seamark:light:period":"10","seamark:name":"S18","seamark:topmark:colour":"red","seamark:topmark:shape":"cylinder","seamark:type":"buoy_lateral","source":"China MSA Notice No. 1097/2020"}}},{"type":"Feature","geometry":{"type":"Point","coordinates":[119.6669167,35.21775]},"properties":{"osm_id":7979669348,"osm_type":"node","seamark_type":"buoy_lateral","display_class":"OTHER","min_zoom":12,"importance":1,"name":"S19","ref":null,"common":{"name":"S19","type":"buoy_lateral"},"children":{"buoy_lateral":{"category":"starboard","colour":"green","shape":"pillar"},"light":{"character":"Fl","colour":"green","period":"4"},"radio_station":{"category":"ais","mmsi":"994131656"},"topmark":{"colour":"green","shape":"cone, point up"}},"osm_tags":{"seamark:buoy_lateral:category":"starboard","seamark:buoy_lateral:colour":"green","seamark:buoy_lateral:shape":"pillar","seamark:light:character":"Fl","seamark:light:colour":"green","seamark:light:period":"4","seamark:name":"S19","seamark:radio_station:category":"ais","seamark:radio_station:mmsi":"994131656","seamark:topmark:colour":"green","seamark:topmark:shape":"cone, point up","seamark:type":"buoy_lateral","source":"China MSA Notice No. 1097/2020"}}},{"type":"Feature","geometry":{"type":"Point","coordinates":[119.6648333,35.2143611]},"properties":{"osm_id":7979669347,"osm_type":"node","seamark_type":"buoy_lateral","display_class":"OTHER","min_zoom":12,"importance":1,"name":"S20","ref":null,"common":{"name":"S20","type":"buoy_lateral"},"children":{"buoy_lateral":{"category":"port","colour":"red","shape":"pillar"},"light":{"character":"Fl","colour":"red","period":"4"},"radio_station":{"category":"ais","mmsi":"994131657"},"topmark":{"colour":"red","shape":"cylinder"}},"osm_tags":{"seamark:buoy_lateral:category":"port","seamark:buoy_lateral:colour":"red","seamark:buoy_lateral:shape":"pillar","seamark:light:character":"Fl","seamark:light:colour":"red","seamark:light:period":"4","seamark:name":"S20","seamark:radio_station:category":"ais","seamark:radio_station:mmsi":"994131657","seamark:topmark:colour":"red","seamark:topmark:shape":"cylinder","seamark:type":"buoy_lateral","source":"China MSA Notice No. 1097/2020"}}},{"type":"Feature","geometry":{"type":"Point","coordinates":[119.6546667,35.2228056]},"properties":{"osm_id":7979669346,"osm_type":"node","seamark_type":"buoy_lateral","display_class":"OTHER","min_zoom":12,"importance":1,"name":"S21","ref":null,"common":{"name":"S21","type":"buoy_lateral"},"children":{"buoy_lateral":{"category":"starboard","colour":"green","shape":"pillar"},"light":{"character":"Fl","colour":"green","group":"2","period":"6"},"topmark":{"colour":"green","shape":"cone, point up"}},"osm_tags":{"seamark:buoy_lateral:category":"starboard","seamark:buoy_lateral:colour":"green","seamark:buoy_lateral:shape":"pillar","seamark:light:character":"Fl","seamark:light:colour":"green","seamark:light:group":"2","seamark:light:period":"6","seamark:name":"S21","seamark:topmark:colour":"green","seamark:topmark:shape":"cone, point up","seamark:type":"buoy_lateral","source":"China MSA Notice No. 1097/2020"}}},{"type":"Feature","geometry":{"type":"Point","coordinates":[119.6525833,35.2194444]},"properties":{"osm_id":7979669345,"osm_type":"node","seamark_type":"buoy_lateral","display_class":"OTHER","min_zoom":12,"importance":1,"name":"S22","ref":null,"common":{"name":"S22","type":"buoy_lateral"},"children":{"buoy_lateral":{"category":"port","colour":"red","shape":"pillar"},"light":{"character":"Fl","colour":"red","group":"2","period":"6"},"topmark":{"colour":"red","shape":"cylinder"}},"osm_tags":{"seamark:buoy_lateral:category":"port","seamark:buoy_lateral:colour":"red","seamark:buoy_lateral:shape":"pillar","seamark:light:character":"Fl","seamark:light:colour":"red","seamark:light:group":"2","seamark:light:period":"6","seamark:name":"S22","seamark:topmark:colour":"red","seamark:topmark:shape":"cylinder","seamark:type":"buoy_lateral","source":"China MSA Notice No. 1097/2020"}}},{"type":"Feature","geometry":{"type":"Point","coordinates":[119.6424167,35.2279167]},"properties":{"osm_id":7979669344,"osm_type":"node","seamark_type":"buoy_lateral","display_class":"OTHER","min_zoom":12,"importance":1,"name":"S23","ref":null,"common":{"name":"S23","type":"buoy_lateral"},"children":{"buoy_lateral":{"category":"starboard","colour":"green","shape":"pillar"},"light":{"character":"Fl","colour":"green","group":"3","period":"10"},"topmark":{"colour":"green","shape":"cone, point up"}},"osm_tags":{"seamark:buoy_lateral:category":"starboard","seamark:buoy_lateral:colour":"green","seamark:buoy_lateral:shape":"pillar","seamark:light:character":"Fl","seamark:light:colour":"green","seamark:light:group":"3","seamark:light:period":"10","seamark:name":"S23","seamark:topmark:colour":"green","seamark:topmark:shape":"cone, point up","seamark:type":"buoy_lateral","source":"China MSA Notice No. 1097/2020"}}},{"type":"Feature","geometry":{"type":"Point","coordinates":[119.6403333,35.2245278]},"properties":{"osm_id":7979669343,"osm_type":"node","seamark_type":"buoy_lateral","display_class":"OTHER","min_zoom":12,"importance":1,"name":"S24","ref":null,"common":{"name":"S24","type":"buoy_lateral"},"children":{"buoy_lateral":{"category":"port","colour":"red","shape":"pillar"},"light":{"character":"Fl","colour":"red","group":"3","period":"10"},"topmark":{"colour":"red","shape":"cylinder"}},"osm_tags":{"seamark:buoy_lateral:category":"port","seamark:buoy_lateral:colour":"red","seamark:buoy_lateral:shape":"pillar","seamark:light:character":"Fl","seamark:light:colour":"red","seamark:light:group":"3","seamark:light:period":"10","seamark:name":"S24","seamark:topmark:colour":"red","seamark:topmark:shape":"cylinder","seamark:type":"buoy_lateral","source":"China MSA Notice No. 1097/2020"}}},{"type":"Feature","geometry":{"type":"Point","coordinates":[119.6301389,35.2329722]},"properties":{"osm_id":7979669342,"osm_type":"node","seamark_type":"buoy_lateral","display_class":"OTHER","min_zoom":12,"importance":1,"name":"S25","ref":null,"common":{"name":"S25","type":"buoy_lateral"},"children":{"buoy_lateral":{"category":"starboard","colour":"green","shape":"pillar"},"light":{"character":"Fl","colour":"green","period":"4"},"radio_station":{"category":"ais","mmsi":"994131658"},"topmark":{"colour":"green","shape":"cone, point up"}},"osm_tags":{"seamark:buoy_lateral:category":"starboard","seamark:buoy_lateral:colour":"green","seamark:buoy_lateral:shape":"pillar","seamark:light:character":"Fl","seamark:light:colour":"green","seamark:light:period":"4","seamark:name":"S25","seamark:radio_station:category":"ais","seamark:radio_station:mmsi":"994131658","seamark:topmark:colour":"green","seamark:topmark:shape":"cone, point up","seamark:type":"buoy_lateral","source":"China MSA Notice No. 1097/2020"}}},{"type":"Feature","geometry":{"type":"Point","coordinates":[119.6280556,35.2296111]},"properties":{"osm_id":7979669341,"osm_type":"node","seamark_type":"buoy_lateral","display_class":"OTHER","min_zoom":12,"importance":1,"name":"S26","ref":null,"common":{"name":"S26","type":"buoy_lateral"},"children":{"buoy_lateral":{"category":"port","colour":"red","shape":"pillar"},"light":{"character":"Fl","colour":"red","period":"4"},"radio_station":{"category":"ais","mmsi":"994131660"},"topmark":{"colour":"red","shape":"cylinder"}},"osm_tags":{"seamark:buoy_lateral:category":"port","seamark:buoy_lateral:colour":"red","seamark:buoy_lateral:shape":"pillar","seamark:light:character":"Fl","seamark:light:colour":"red","seamark:light:period":"4","seamark:name":"S26","seamark:radio_station:category":"ais","seamark:radio_station:mmsi":"994131660","seamark:topmark:colour":"red","seamark:topmark:shape":"cylinder","seamark:type":"buoy_lateral","source":"China MSA Notice No. 1097/2020"}}},{"type":"Feature","geometry":{"type":"Point","coordinates":[119.6178889,35.2380556]},"properties":{"osm_id":7979669340,"osm_type":"node","seamark_type":"buoy_lateral","display_class":"OTHER","min_zoom":12,"importance":1,"name":"S27","ref":null,"common":{"name":"S27","type":"buoy_lateral"},"children":{"buoy_lateral":{"category":"starboard","colour":"green","shape":"pillar"},"light":{"character":"Fl","colour":"green","group":"2","period":"6"},"topmark":{"colour":"green","shape":"cone, point up"}},"osm_tags":{"seamark:buoy_lateral:category":"starboard","seamark:buoy_lateral:colour":"green","seamark:buoy_lateral:shape":"pillar","seamark:light:character":"Fl","seamark:light:colour":"green","seamark:light:group":"2","seamark:light:period":"6","seamark:name":"S27","seamark:topmark:colour":"green","seamark:topmark:shape":"cone, point up","seamark:type":"buoy_lateral","source":"China MSA Notice No. 1097/2020"}}},{"type":"Feature","geometry":{"type":"Point","coordinates":[119.6158056,35.2346667]},"properties":{"osm_id":7979669339,"osm_type":"node","seamark_type":"buoy_lateral","display_class":"OTHER","min_zoom":12,"importance":1,"name":"S28","ref":null,"common":{"name":"S28","type":"buoy_lateral"},"children":{"buoy_lateral":{"category":"port","colour":"red","shape":"pillar"},"light":{"character":"Fl","colour":"red","group":"2","period":"6"},"topmark":{"colour":"red","shape":"cylinder"}},"osm_tags":{"seamark:buoy_lateral:category":"port","seamark:buoy_lateral:colour":"red","seamark:buoy_lateral:shape":"pillar","seamark:light:character":"Fl","seamark:light:colour":"red","seamark:light:group":"2","seamark:light:period":"6","seamark:name":"S28","seamark:topmark:colour":"red","seamark:topmark:shape":"cylinder","seamark:type":"buoy_lateral","source":"China MSA Notice No. 1097/2020"}}},{"type":"Feature","geometry":{"type":"Point","coordinates":[119.6056389,35.2431389]},"properties":{"osm_id":7979669338,"osm_type":"node","seamark_type":"buoy_lateral","display_class":"OTHER","min_zoom":12,"importance":1,"name":"S29","ref":null,"common":{"name":"S29","type":"buoy_lateral"},"children":{"buoy_lateral":{"category":"starboard","colour":"green","shape":"pillar"},"light":{"character":"Fl","colour":"green","group":"3","period":"10"},"topmark":{"colour":"green","shape":"cone, point up"}},"osm_tags":{"seamark:buoy_lateral:category":"starboard","seamark:buoy_lateral:colour":"green","seamark:buoy_lateral:shape":"pillar","seamark:light:character":"Fl","seamark:light:colour":"green","seamark:light:group":"3","seamark:light:period":"10","seamark:name":"S29","seamark:topmark:colour":"green","seamark:topmark:shape":"cone, point up","seamark:type":"buoy_lateral","source":"China MSA Notice No. 1097/2020"}}},{"type":"Feature","geometry":{"type":"Point","coordinates":[119.6035556,35.23975]},"properties":{"osm_id":7979669337,"osm_type":"node","seamark_type":"buoy_lateral","display_class":"OTHER","min_zoom":12,"importance":1,"name":"S30","ref":null,"common":{"name":"S30","type":"buoy_lateral"},"children":{"buoy_lateral":{"category":"port","colour":"red","shape":"pillar"},"light":{"character":"Fl","colour":"red","group":"3","period":"10"},"topmark":{"colour":"red","shape":"cylinder"}},"osm_tags":{"seamark:buoy_lateral:category":"port","seamark:buoy_lateral:colour":"red","seamark:buoy_lateral:shape":"pillar","seamark:light:character":"Fl","seamark:light:colour":"red","seamark:light:group":"3","seamark:light:period":"10","seamark:name":"S30","seamark:topmark:colour":"red","seamark:topmark:shape":"cylinder","seamark:type":"buoy_lateral","source":"China MSA Notice No. 1097/2020"}}},{"type":"Feature","geometry":{"type":"Point","coordinates":[119.5933611,35.2482222]},"properties":{"osm_id":7979669336,"osm_type":"node","seamark_type":"buoy_lateral","display_class":"OTHER","min_zoom":12,"importance":1,"name":"S31","ref":null,"common":{"name":"S31","type":"buoy_lateral"},"children":{"buoy_lateral":{"category":"starboard","colour":"green","shape":"pillar"},"light":{"character":"Fl","colour":"green","period":"4"},"radio_station":{"category":"ais","mmsi":"994131661"},"topmark":{"colour":"green","shape":"cone, point up"}},"osm_tags":{"seamark:buoy_lateral:category":"starboard","seamark:buoy_lateral:colour":"green","seamark:buoy_lateral:shape":"pillar","seamark:light:character":"Fl","seamark:light:colour":"green","seamark:light:period":"4","seamark:name":"S31","seamark:radio_station:category":"ais","seamark:radio_station:mmsi":"994131661","seamark:topmark:colour":"green","seamark:topmark:shape":"cone, point up","seamark:type":"buoy_lateral","source":"China MSA Notice No. 1097/2020"}}},{"type":"Feature","geometry":{"type":"Point","coordinates":[119.5912778,35.2448333]},"properties":{"osm_id":7979669335,"osm_type":"node","seamark_type":"buoy_lateral","display_class":"OTHER","min_zoom":12,"importance":1,"name":"S32","ref":null,"common":{"name":"S32","type":"buoy_lateral"},"children":{"buoy_lateral":{"category":"port","colour":"red","shape":"pillar"},"light":{"character":"Fl","colour":"red","period":"4"},"radio_station":{"category":"ais","mmsi":"994131662"},"topmark":{"colour":"red","shape":"cylinder"}},"osm_tags":{"seamark:buoy_lateral:category":"port","seamark:buoy_lateral:colour":"red","seamark:buoy_lateral:shape":"pillar","seamark:light:character":"Fl","seamark:light:colour":"red","seamark:light:period":"4","seamark:name":"S32","seamark:radio_station:category":"ais","seamark:radio_station:mmsi":"994131662","seamark:topmark:colour":"red","seamark:topmark:shape":"cylinder","seamark:type":"buoy_lateral","source":"China MSA Notice No. 1097/2020"}}},{"type":"Feature","geometry":{"type":"Point","coordinates":[119.5811111,35.2532778]},"properties":{"osm_id":7979669334,"osm_type":"node","seamark_type":"buoy_lateral","display_class":"OTHER","min_zoom":12,"importance":1,"name":"S33","ref":null,"common":{"name":"S33","type":"buoy_lateral"},"children":{"buoy_lateral":{"category":"starboard","colour":"green","shape":"pillar"},"light":{"character":"Fl","colour":"green","group":"2","period":"6"},"topmark":{"colour":"green","shape":"cone, point up"}},"osm_tags":{"seamark:buoy_lateral:category":"starboard","seamark:buoy_lateral:colour":"green","seamark:buoy_lateral:shape":"pillar","seamark:light:character":"Fl","seamark:light:colour":"green","seamark:light:group":"2","seamark:light:period":"6","seamark:name":"S33","seamark:topmark:colour":"green","seamark:topmark:shape":"cone, point up","seamark:type":"buoy_lateral","source":"China MSA Notice No. 1097/2020"}}},{"type":"Feature","geometry":{"type":"Point","coordinates":[119.5790278,35.2499167]},"properties":{"osm_id":7979669333,"osm_type":"node","seamark_type":"buoy_lateral","display_class":"OTHER","min_zoom":12,"importance":1,"name":"S34","ref":null,"common":{"name":"S34","type":"buoy_lateral"},"children":{"buoy_lateral":{"category":"port","colour":"red","shape":"pillar"},"light":{"character":"Fl","colour":"red","group":"2","period":"6"},"topmark":{"colour":"red","shape":"cylinder"}},"osm_tags":{"seamark:buoy_lateral:category":"port","seamark:buoy_lateral:colour":"red","seamark:buoy_lateral:shape":"pillar","seamark:light:character":"Fl","seamark:light:colour":"red","seamark:light:group":"2","seamark:light:period":"6","seamark:name":"S34","seamark:topmark:colour":"red","seamark:topmark:shape":"cylinder","seamark:type":"buoy_lateral","source":"China MSA Notice No. 1097/2020"}}},{"type":"Feature","geometry":{"type":"Point","coordinates":[119.5688333,35.2583611]},"properties":{"osm_id":7979669332,"osm_type":"node","seamark_type":"buoy_lateral","display_class":"OTHER","min_zoom":12,"importance":1,"name":"S35","ref":null,"common":{"name":"S35","type":"buoy_lateral"},"children":{"buoy_lateral":{"category":"starboard","colour":"green","shape":"pillar"},"light":{"character":"Fl","colour":"green","group":"3","period":"10"},"topmark":{"colour":"green","shape":"cone, point up"}},"osm_tags":{"seamark:buoy_lateral:category":"starboard","seamark:buoy_lateral:colour":"green","seamark:buoy_lateral:shape":"pillar","seamark:light:character":"Fl","seamark:light:colour":"green","seamark:light:group":"3","seamark:light:period":"10","seamark:name":"S35","seamark:topmark:colour":"green","seamark:topmark:shape":"cone, point up","seamark:type":"buoy_lateral","source":"China MSA Notice No. 1097/2020"}}},{"type":"Feature","geometry":{"type":"Point","coordinates":[119.56675,35.2549722]},"properties":{"osm_id":7979669331,"osm_type":"node","seamark_type":"buoy_lateral","display_class":"OTHER","min_zoom":12,"importance":1,"name":"S36","ref":null,"common":{"name":"S36","type":"buoy_lateral"},"children":{"buoy_lateral":{"category":"port","colour":"red","shape":"pillar"},"light":{"character":"Fl","colour":"red","group":"3","period":"10"},"topmark":{"colour":"red","shape":"cylinder"}},"osm_tags":{"seamark:buoy_lateral:category":"port","seamark:buoy_lateral:colour":"red","seamark:buoy_lateral:shape":"pillar","seamark:light:character":"Fl","seamark:light:colour":"red","seamark:light:group":"3","seamark:light:period":"10","seamark:name":"S36","seamark:topmark:colour":"red","seamark:topmark:shape":"cylinder","seamark:type":"buoy_lateral","source":"China MSA Notice No. 1097/2020"}}},{"type":"Feature","geometry":{"type":"Point","coordinates":[119.5565556,35.2634167]},"properties":{"osm_id":7743160522,"osm_type":"node","seamark_type":"buoy_lateral","display_class":"OTHER","min_zoom":12,"importance":1,"name":"S37","ref":null,"common":{"name":"S37","type":"buoy_lateral"},"children":{"buoy_lateral":{"category":"starboard","colour":"green","shape":"pillar"},"light":{"character":"Fl","colour":"green","period":"4"},"radio_station":{"category":"ais","mmsi":"994131663"},"topmark":{"colour":"green","shape":"cone, point up"}},"osm_tags":{"seamark:buoy_lateral:category":"starboard","seamark:buoy_lateral:colour":"green","seamark:buoy_lateral:shape":"pillar","seamark:light:character":"Fl","seamark:light:colour":"green","seamark:light:period":"4","seamark:name":"S37","seamark:radio_station:category":"ais","seamark:radio_station:mmsi":"994131663","seamark:topmark:colour":"green","seamark:topmark:shape":"cone, point up","seamark:type":"buoy_lateral","source":"China MSA Notice No. 1097/2020"}}},{"type":"Feature","geometry":{"type":"Point","coordinates":[119.5545,35.2600556]},"properties":{"osm_id":7743160521,"osm_type":"node","seamark_type":"buoy_lateral","display_class":"OTHER","min_zoom":12,"importance":1,"name":"S38","ref":null,"common":{"name":"S38","type":"buoy_lateral"},"children":{"buoy_lateral":{"category":"port","colour":"red","shape":"pillar"},"light":{"character":"Fl","colour":"red","period":"4"},"radio_station":{"category":"ais","mmsi":"994131664"},"topmark":{"colour":"red","shape":"cylinder"}},"osm_tags":{"seamark:buoy_lateral:category":"port","seamark:buoy_lateral:colour":"red","seamark:buoy_lateral:shape":"pillar","seamark:light:character":"Fl","seamark:light:colour":"red","seamark:light:period":"4","seamark:name":"S38","seamark:radio_station:category":"ais","seamark:radio_station:mmsi":"994131664","seamark:topmark:colour":"red","seamark:topmark:shape":"cylinder","seamark:type":"buoy_lateral","source":"China MSA Notice No. 1097/2020"}}},{"type":"Feature","geometry":{"type":"Point","coordinates":[119.54825,35.2668611]},"properties":{"osm_id":7977600501,"osm_type":"node","seamark_type":"buoy_lateral","display_class":"OTHER","min_zoom":12,"importance":1,"name":"S39","ref":null,"common":{"name":"S39","type":"buoy_lateral"},"children":{"buoy_lateral":{"category":"starboard","colour":"green","shape":"pillar"},"light":{"character":"Fl","colour":"green","group":"2","period":"6"},"topmark":{"colour":"green","shape":"cone, point up"}},"osm_tags":{"seamark:buoy_lateral:category":"starboard","seamark:buoy_lateral:colour":"green","seamark:buoy_lateral:shape":"pillar","seamark:light:character":"Fl","seamark:light:colour":"green","seamark:light:group":"2","seamark:light:period":"6","seamark:name":"S39","seamark:topmark:colour":"green","seamark:topmark:shape":"cone, point up","seamark:type":"buoy_lateral","source":"China MSA Notice No. 1097/2020"}}},{"type":"Feature","geometry":{"type":"Point","coordinates":[119.5422222,35.2651111]},"properties":{"osm_id":7977600500,"osm_type":"node","seamark_type":"buoy_lateral","display_class":"OTHER","min_zoom":12,"importance":1,"name":"S40","ref":null,"common":{"name":"S40","type":"buoy_lateral"},"children":{"buoy_lateral":{"category":"port","colour":"red","shape":"pillar"},"light":{"character":"Fl","colour":"red","group":"2","period":"6"},"topmark":{"colour":"red","shape":"cylinder"}},"osm_tags":{"seamark:buoy_lateral:category":"port","seamark:buoy_lateral:colour":"red","seamark:buoy_lateral:shape":"pillar","seamark:light:character":"Fl","seamark:light:colour":"red","seamark:light:group":"2","seamark:light:period":"6","seamark:name":"S40","seamark:topmark:colour":"red","seamark:topmark:shape":"cylinder","seamark:type":"buoy_lateral","source":"China MSA Notice No. 1097/2020"}}},{"type":"Feature","geometry":{"type":"Point","coordinates":[119.5355278,35.2747222]},"properties":{"osm_id":7977600502,"osm_type":"node","seamark_type":"buoy_lateral","display_class":"OTHER","min_zoom":12,"importance":1,"name":"S41","ref":null,"common":{"name":"S41","type":"buoy_lateral"},"children":{"buoy_lateral":{"category":"starboard","colour":"green","shape":"pillar"},"light":{"character":"Fl","colour":"green","group":"3","period":"10"},"radio_station":{"category":"ais","mmsi":"994131665"},"topmark":{"colour":"green","shape":"cone, point up"}},"osm_tags":{"seamark:buoy_lateral:category":"starboard","seamark:buoy_lateral:colour":"green","seamark:buoy_lateral:shape":"pillar","seamark:light:character":"Fl","seamark:light:colour":"green","seamark:light:group":"3","seamark:light:period":"10","seamark:name":"S41","seamark:radio_station:category":"ais","seamark:radio_station:mmsi":"994131665","seamark:topmark:colour":"green","seamark:topmark:shape":"cone, point up","seamark:type":"buoy_lateral","source":"China MSA Notice No. 1097/2020"}}},{"type":"Feature","geometry":{"type":"Point","coordinates":[119.5299722,35.2701667]},"properties":{"osm_id":7977600503,"osm_type":"node","seamark_type":"buoy_lateral","display_class":"OTHER","min_zoom":12,"importance":1,"name":"S42","ref":null,"common":{"name":"S42","type":"buoy_lateral"},"children":{"buoy_lateral":{"category":"port","colour":"red","shape":"pillar"},"light":{"character":"Fl","colour":"red","group":"3","period":"10"},"radar_transponder":{"category":"racon","group":"K"},"radio_station":{"category":"ais","mmsi":"994131666"},"topmark":{"colour":"red","shape":"cylinder"}},"osm_tags":{"seamark:buoy_lateral:category":"port","seamark:buoy_lateral:colour":"red","seamark:buoy_lateral:shape":"pillar","seamark:light:character":"Fl","seamark:light:colour":"red","seamark:light:group":"3","seamark:light:period":"10","seamark:name":"S42","seamark:radar_transponder:category":"racon","seamark:radar_transponder:group":"K","seamark:radio_station:category":"ais","seamark:radio_station:mmsi":"994131666","seamark:topmark:colour":"red","seamark:topmark:shape":"cylinder","seamark:type":"buoy_lateral","source":"China MSA Notice No. 1097/2020"}}},{"type":"Feature","geometry":{"type":"Point","coordinates":[119.5288333,35.2841667]},"properties":{"osm_id":7977600504,"osm_type":"node","seamark_type":"buoy_lateral","display_class":"OTHER","min_zoom":12,"importance":1,"name":"S43","ref":null,"common":{"name":"S43","type":"buoy_lateral"},"children":{"buoy_lateral":{"category":"starboard","colour":"green","shape":"pillar"},"light":{"character":"Fl","colour":"green","period":"4"},"topmark":{"colour":"green","shape":"cone, point up"}},"osm_tags":{"seamark:buoy_lateral:category":"starboard","seamark:buoy_lateral:colour":"green","seamark:buoy_lateral:shape":"pillar","seamark:light:character":"Fl","seamark:light:colour":"green","seamark:light:period":"4","seamark:name":"S43","seamark:topmark:colour":"green","seamark:topmark:shape":"cone, point up","seamark:type":"buoy_lateral","source":"China MSA Notice No. 1097/2020"}}},{"type":"Feature","geometry":{"type":"Point","coordinates":[119.5242222,35.2781111]},"properties":{"osm_id":7977600505,"osm_type":"node","seamark_type":"buoy_lateral","display_class":"OTHER","min_zoom":12,"importance":1,"name":"S44","ref":null,"common":{"name":"S44","type":"buoy_lateral"},"children":{"buoy_lateral":{"category":"port","colour":"red","shape":"pillar"},"light":{"character":"Fl","colour":"red","period":"4"},"topmark":{"colour":"red","shape":"cylinder"}},"osm_tags":{"seamark:buoy_lateral:category":"port","seamark:buoy_lateral:colour":"red","seamark:buoy_lateral:shape":"pillar","seamark:light:character":"Fl","seamark:light:colour":"red","seamark:light:period":"4","seamark:name":"S44","seamark:topmark:colour":"red","seamark:topmark:shape":"cylinder","seamark:type":"buoy_lateral","source":"China MSA Notice No. 1097/2020"}}},{"type":"Feature","geometry":{"type":"Point","coordinates":[119.5255278,35.3008333]},"properties":{"osm_id":7977600515,"osm_type":"node","seamark_type":"buoy_cardinal","display_class":"OTHER","min_zoom":12,"importance":1,"name":"S45","ref":null,"common":{"name":"S45","type":"buoy_cardinal"},"children":{"buoy_cardinal":{"category":"south","colour":"yellow;black","colour_pattern":"horizontal","shape":"pillar"},"light":{"character":"VQ+LFl","colour":"white","group":"6","period":"10"},"topmark":{"colour":"black","shape":"2 cones down"}},"osm_tags":{"seamark:buoy_cardinal:category":"south","seamark:buoy_cardinal:colour":"yellow;black","seamark:buoy_cardinal:colour_pattern":"horizontal","seamark:buoy_cardinal:shape":"pillar","seamark:light:character":"VQ+LFl","seamark:light:colour":"white","seamark:light:group":"6","seamark:light:period":"10","seamark:name":"S45","seamark:topmark:colour":"black","seamark:topmark:shape":"2 cones down","seamark:type":"buoy_cardinal","source":"China MSA Notice No. 1100/2020"}}},{"type":"Feature","geometry":{"type":"Point","coordinates":[119.519,35.2855833]},"properties":{"osm_id":7977600506,"osm_type":"node","seamark_type":"buoy_lateral","display_class":"OTHER","min_zoom":12,"importance":1,"name":"S46","ref":null,"common":{"name":"S46","type":"buoy_lateral"},"children":{"buoy_lateral":{"category":"port","colour":"red","shape":"pillar"},"light":{"character":"Fl","colour":"red","group":"2","period":"6"},"radio_station":{"category":"ais","mmsi":"994131667"},"topmark":{"colour":"red","shape":"cylinder"}},"osm_tags":{"seamark:buoy_lateral:category":"port","seamark:buoy_lateral:colour":"red","seamark:buoy_lateral:shape":"pillar","seamark:light:character":"Fl","seamark:light:colour":"red","seamark:light:group":"2","seamark:light:period":"6","seamark:name":"S46","seamark:radio_station:category":"ais","seamark:radio_station:mmsi":"994131667","seamark:topmark:colour":"red","seamark:topmark:shape":"cylinder","seamark:type":"buoy_lateral","source":"China MSA Notice No. 1097/2020"}}},{"type":"Feature","geometry":{"type":"Point","coordinates":[119.5193889,35.3008056]},"properties":{"osm_id":7977600514,"osm_type":"node","seamark_type":"buoy_cardinal","display_class":"OTHER","min_zoom":12,"importance":1,"name":"S47","ref":null,"common":{"name":"S47","type":"buoy_cardinal"},"children":{"buoy_cardinal":{"category":"south","colour":"yellow;black","colour_pattern":"horizontal","shape":"pillar"},"light":{"character":"VQ+LFl","colour":"white","group":"6","period":"10"},"topmark":{"colour":"black","shape":"2 cones down"}},"osm_tags":{"seamark:buoy_cardinal:category":"south","seamark:buoy_cardinal:colour":"yellow;black","seamark:buoy_cardinal:colour_pattern":"horizontal","seamark:buoy_cardinal:shape":"pillar","seamark:light:character":"VQ+LFl","seamark:light:colour":"white","seamark:light:group":"6","seamark:light:period":"10","seamark:name":"S47","seamark:topmark:colour":"black","seamark:topmark:shape":"2 cones down","seamark:type":"buoy_cardinal","source":"China MSA Notice No. 1100/2020"}}},{"type":"Feature","geometry":{"type":"Point","coordinates":[119.5189167,35.2889167]},"properties":{"osm_id":7977600516,"osm_type":"node","seamark_type":"buoy_lateral","display_class":"OTHER","min_zoom":12,"importance":1,"name":"S48","ref":null,"common":{"name":"S48","type":"buoy_lateral"},"children":{"buoy_lateral":{"category":"port","colour":"red","shape":"pillar"},"light":{"character":"Fl","colour":"red","period":"4"},"topmark":{"colour":"red","shape":"cylinder"}},"osm_tags":{"seamark:buoy_lateral:category":"port","seamark:buoy_lateral:colour":"red","seamark:buoy_lateral:shape":"pillar","seamark:light:character":"Fl","seamark:light:colour":"red","seamark:light:period":"4","seamark:name":"S48","seamark:topmark:colour":"red","seamark:topmark:shape":"cylinder","seamark:type":"buoy_lateral","source":"China MSA Notice No. 1102/2020"}}},{"type":"Feature","geometry":{"type":"Point","coordinates":[119.5165278,35.3008056]},"properties":{"osm_id":7977600524,"osm_type":"node","seamark_type":"buoy_lateral","display_class":"OTHER","min_zoom":12,"importance":1,"name":"S49","ref":null,"common":{"name":"S49","type":"buoy_lateral"},"children":{"buoy_lateral":{"category":"starboard","colour":"green","shape":"pillar"},"light":{"character":"Q","colour":"green"},"topmark":{"colour":"green","shape":"cone, point up"}},"osm_tags":{"seamark:buoy_lateral:category":"starboard","seamark:buoy_lateral:colour":"green","seamark:buoy_lateral:shape":"pillar","seamark:light:character":"Q","seamark:light:colour":"green","seamark:name":"S49","seamark:topmark:colour":"green","seamark:topmark:shape":"cone, point up","seamark:type":"buoy_lateral","source":"China MSA Notice No. 1102/2020"}}},{"type":"Feature","geometry":{"type":"Point","coordinates":[119.5095833,35.2947222]},"properties":{"osm_id":7977600523,"osm_type":"node","seamark_type":"buoy_lateral","display_class":"OTHER","min_zoom":12,"importance":1,"name":"S50","ref":null,"common":{"name":"S50","type":"buoy_lateral"},"children":{"buoy_lateral":{"category":"port","colour":"red","shape":"pillar"},"light":{"character":"Q","colour":"red"},"topmark":{"colour":"red","shape":"cylinder"}},"osm_tags":{"seamark:buoy_lateral:category":"port","seamark:buoy_lateral:colour":"red","seamark:buoy_lateral:shape":"pillar","seamark:light:character":"Q","seamark:light:colour":"red","seamark:name":"S50","seamark:topmark:colour":"red","seamark:topmark:shape":"cylinder","seamark:type":"buoy_lateral","source":"China MSA Notice No. 1102/2020"}}},{"type":"Feature","geometry":{"type":"Point","coordinates":[119.5095278,35.3053611]},"properties":{"osm_id":7977600522,"osm_type":"node","seamark_type":"buoy_lateral","display_class":"OTHER","min_zoom":12,"importance":1,"name":"S52","ref":null,"common":{"name":"S52","type":"buoy_lateral"},"children":{"buoy_lateral":{"category":"port","colour":"red","shape":"pillar"},"light":{"character":"Fl","colour":"red","group":"3","period":"10"},"topmark":{"colour":"red","shape":"cylinder"}},"osm_tags":{"seamark:buoy_lateral:category":"port","seamark:buoy_lateral:colour":"red","seamark:buoy_lateral:shape":"pillar","seamark:light:character":"Fl","seamark:light:colour":"red","seamark:light:group":"3","seamark:light:period":"10","seamark:name":"S52","seamark:topmark:colour":"red","seamark:topmark:shape":"cylinder","seamark:type":"buoy_lateral","source":"China MSA Notice No. 1102/2020"}}},{"type":"Feature","geometry":{"type":"Point","coordinates":[119.5095278,35.3109722]},"properties":{"osm_id":7977600521,"osm_type":"node","seamark_type":"buoy_lateral","display_class":"OTHER","min_zoom":12,"importance":1,"name":"S54","ref":null,"common":{"name":"S54","type":"buoy_lateral"},"children":{"buoy_lateral":{"category":"port","colour":"red","shape":"pillar"},"light":{"character":"Q","colour":"red"},"topmark":{"colour":"red","shape":"cylinder"}},"osm_tags":{"seamark:buoy_lateral:category":"port","seamark:buoy_lateral:colour":"red","seamark:buoy_lateral:shape":"pillar","seamark:light:character":"Q","seamark:light:colour":"red","seamark:name":"S54","seamark:topmark:colour":"red","seamark:topmark:shape":"cylinder","seamark:type":"buoy_lateral","source":"China MSA Notice No. 1102/2020"}}},{"type":"Feature","geometry":{"type":"Point","coordinates":[119.5100833,35.3152222]},"properties":{"osm_id":7977600520,"osm_type":"node","seamark_type":"buoy_lateral","display_class":"OTHER","min_zoom":12,"importance":1,"name":"S56","ref":null,"common":{"name":"S56","type":"buoy_lateral"},"children":{"buoy_lateral":{"category":"port","colour":"red","shape":"pillar"},"light":{"character":"Fl","colour":"red","period":"4"},"topmark":{"colour":"red","shape":"cylinder"}},"osm_tags":{"seamark:buoy_lateral:category":"port","seamark:buoy_lateral:colour":"red","seamark:buoy_lateral:shape":"pillar","seamark:light:character":"Fl","seamark:light:colour":"red","seamark:light:period":"4","seamark:name":"S56","seamark:topmark:colour":"red","seamark:topmark:shape":"cylinder","seamark:type":"buoy_lateral","source":"China MSA Notice No. 1102/2020"}}},{"type":"Feature","geometry":{"type":"Point","coordinates":[119.5115,35.3186111]},"properties":{"osm_id":7977600519,"osm_type":"node","seamark_type":"buoy_lateral","display_class":"OTHER","min_zoom":12,"importance":1,"name":"S58","ref":null,"common":{"name":"S58","type":"buoy_lateral"},"children":{"buoy_lateral":{"category":"port","colour":"red","shape":"pillar"},"light":{"character":"Fl","colour":"red","group":"2","period":"6"},"topmark":{"colour":"red","shape":"cylinder"}},"osm_tags":{"seamark:buoy_lateral:category":"port","seamark:buoy_lateral:colour":"red","seamark:buoy_lateral:shape":"pillar","seamark:light:character":"Fl","seamark:light:colour":"red","seamark:light:group":"2","seamark:light:period":"6","seamark:name":"S58","seamark:topmark:colour":"red","seamark:topmark:shape":"cylinder","seamark:type":"buoy_lateral","source":"China MSA Notice No. 1102/2020"}}},{"type":"Feature","geometry":{"type":"Point","coordinates":[119.5126389,35.3201111]},"properties":{"osm_id":7977600518,"osm_type":"node","seamark_type":"buoy_lateral","display_class":"OTHER","min_zoom":12,"importance":1,"name":"S60","ref":null,"common":{"name":"S60","type":"buoy_lateral"},"children":{"buoy_lateral":{"category":"port","colour":"red","shape":"pillar"},"light":{"character":"Fl","colour":"red","group":"3","period":"10"},"topmark":{"colour":"red","shape":"cylinder"}},"osm_tags":{"seamark:buoy_lateral:category":"port","seamark:buoy_lateral:colour":"red","seamark:buoy_lateral:shape":"pillar","seamark:light:character":"Fl","seamark:light:colour":"red","seamark:light:group":"3","seamark:light:period":"10","seamark:name":"S60","seamark:topmark:colour":"red","seamark:topmark:shape":"cylinder","seamark:type":"buoy_lateral","source":"China MSA Notice No. 1102/2020"}}},{"type":"Feature","geometry":{"type":"Point","coordinates":[119.5126389,35.3210833]},"properties":{"osm_id":7977600517,"osm_type":"node","seamark_type":"buoy_cardinal","display_class":"OTHER","min_zoom":12,"importance":1,"name":"S62","ref":null,"common":{"name":"S62","type":"buoy_cardinal"},"children":{"buoy_cardinal":{"category":"south","colour":"yellow;black","colour_pattern":"horizontal","shape":"pillar"},"light":{"character":"Q+LFl","colour":"white","group":"6","period":"15"},"topmark":{"colour":"black","shape":"2 cones down"}},"osm_tags":{"seamark:buoy_cardinal:category":"south","seamark:buoy_cardinal:colour":"yellow;black","seamark:buoy_cardinal:colour_pattern":"horizontal","seamark:buoy_cardinal:shape":"pillar","seamark:light:character":"Q+LFl","seamark:light:colour":"white","seamark:light:group":"6","seamark:light:period":"15","seamark:name":"S62","seamark:topmark:colour":"black","seamark:topmark:shape":"2 cones down","seamark:type":"buoy_cardinal","source":"China MSA Notice No. 1102/2020"}}},{"type":"Feature","geometry":{"type":"Point","coordinates":[119.4041389,35.2085833]},"properties":{"osm_id":13592252690,"osm_type":"node","seamark_type":"light_minor","display_class":"OTHER","min_zoom":12,"importance":1,"name":"Shangang Finished Product Pier N Berth E","ref":null,"common":{"name":"Shangang Finished Product Pier N Berth E","type":"light_minor"},"children":{"light":{"character":"Iso","colour":"green","height":"11.3","period":"6","range":"7","reference":"P 3806.8"}},"osm_tags":{"seamark:light:character":"Iso","seamark:light:colour":"green","seamark:light:height":"11.3","seamark:light:period":"6","seamark:light:range":"7","seamark:light:reference":"P 3806.8","seamark:name":"Shangang Finished Product Pier N Berth E","seamark:type":"light_minor","source":"China MSA Notice No. 162/2026"}}},{"type":"Feature","geometry":{"type":"Point","coordinates":[119.3987778,35.2053056]},"properties":{"osm_id":13592252689,"osm_type":"node","seamark_type":"light_minor","display_class":"OTHER","min_zoom":12,"importance":1,"name":"Shangang Finished Product Pier W Berth S","ref":null,"common":{"name":"Shangang Finished Product Pier W Berth S","type":"light_minor"},"children":{"light":{"character":"Iso","colour":"red","height":"11.3","period":"6","range":"7","reference":"P 3806.7"}},"osm_tags":{"seamark:light:character":"Iso","seamark:light:colour":"red","seamark:light:height":"11.3","seamark:light:period":"6","seamark:light:range":"7","seamark:light:reference":"P 3806.7","seamark:name":"Shangang Finished Product Pier W Berth S","seamark:type":"light_minor","source":"China MSA Notice No. 162/2026"}}},{"type":"Feature","geometry":{"type":"Point","coordinates":[119.52825,35.29275]},"properties":{"osm_id":7977600513,"osm_type":"node","seamark_type":"light_minor","display_class":"OTHER","min_zoom":12,"importance":1,"name":"Shijiu Harbour South Operation Area S Berth No. 15","ref":null,"common":{"name":"Shijiu Harbour South Operation Area S Berth No. 15","type":"light_minor"},"children":{"light":{"character":"Iso","colour":"green","height":"13.2","period":"6","range":"8"}},"osm_tags":{"seamark:light:character":"Iso","seamark:light:colour":"green","seamark:light:height":"13.2","seamark:light:period":"6","seamark:light:range":"8","seamark:name":"Shijiu Harbour South Operation Area S Berth No. 15","seamark:type":"light_minor","source":"China MSA Notice No. 1099/2020"}}},{"type":"Feature","geometry":{"type":"Point","coordinates":[119.2404722,35.0632778]},"properties":{"osm_id":13269472282,"osm_type":"node","seamark_type":"light_minor","display_class":"OTHER","min_zoom":12,"importance":1,"name":"Shiyanghekou Left","ref":null,"common":{"name":"Shiyanghekou Left","type":"light_minor"},"children":{"light":{"character":"Fl","colour":"red","group":"3","height":"11","period":"10","range":"5"}},"osm_tags":{"seamark:light:character":"Fl","seamark:light:colour":"red","seamark:light:group":"3","seamark:light:height":"11","seamark:light:period":"10","seamark:light:range":"5","seamark:name":"Shiyanghekou Left","seamark:type":"light_minor","source":"China MSA Notice No. 936/2025"}}},{"type":"Feature","geometry":{"type":"Point","coordinates":[119.2959444,35.0234167]},"properties":{"osm_id":13190514295,"osm_type":"node","seamark_type":"buoy_cardinal","display_class":"OTHER","min_zoom":12,"importance":1,"name":"Xinxu No.1","ref":null,"common":{"name":"Xinxu No.1","type":"buoy_cardinal"},"children":{"buoy_cardinal":{"category":"north","colour":"black;yellow","colour_pattern":"horizontal","shape":"pillar"},"light":{"character":"Q","colour":"white"},"topmark":{"colour":"black","shape":"2 cones up"}},"osm_tags":{"seamark:buoy_cardinal:category":"north","seamark:buoy_cardinal:colour":"black;yellow","seamark:buoy_cardinal:colour_pattern":"horizontal","seamark:buoy_cardinal:shape":"pillar","seamark:light:character":"Q","seamark:light:colour":"white","seamark:name":"Xinxu No.1","seamark:topmark:colour":"black","seamark:topmark:shape":"2 cones up","seamark:type":"buoy_cardinal","source":"China MSA Notice No. 911/2025"}}},{"type":"Feature","geometry":{"type":"Point","coordinates":[119.3019167,35.0256389]},"properties":{"osm_id":13269472280,"osm_type":"node","seamark_type":"light_minor","display_class":"OTHER","min_zoom":12,"importance":1,"name":"Xinxu No.1","ref":null,"common":{"name":"Xinxu No.1","type":"light_minor"},"children":{"light":{"character":"Fl","colour":"white","height":"9.7","period":"6","range":"4","reference":"P 3805.843"}},"osm_tags":{"seamark:light:character":"Fl","seamark:light:colour":"white","seamark:light:height":"9.7","seamark:light:period":"6","seamark:light:range":"4","seamark:light:reference":"P 3805.843","seamark:name":"Xinxu No.1","seamark:type":"light_minor","source":"China MSA Notice No. 936/2025"}}},{"type":"Feature","geometry":{"type":"Point","coordinates":[119.2932222,35.0273611]},"properties":{"osm_id":13190514294,"osm_type":"node","seamark_type":"buoy_cardinal","display_class":"OTHER","min_zoom":12,"importance":1,"name":"Xinxu No.2","ref":null,"common":{"name":"Xinxu No.2","type":"buoy_cardinal"},"children":{"buoy_cardinal":{"category":"south","colour":"yellow;black","colour_pattern":"horizontal","shape":"pillar"},"light":{"character":"VQ+LFl","colour":"white","group":"6","period":"10"},"topmark":{"colour":"black","shape":"2 cones down"}},"osm_tags":{"seamark:buoy_cardinal:category":"south","seamark:buoy_cardinal:colour":"yellow;black","seamark:buoy_cardinal:colour_pattern":"horizontal","seamark:buoy_cardinal:shape":"pillar","seamark:light:character":"VQ+LFl","seamark:light:colour":"white","seamark:light:group":"6","seamark:light:period":"10","seamark:name":"Xinxu No.2","seamark:topmark:colour":"black","seamark:topmark:shape":"2 cones down","seamark:type":"buoy_cardinal","source":"China MSA Notice No. 911/2025"}}},{"type":"Feature","geometry":{"type":"Point","coordinates":[119.3008056,35.0281389]},"properties":{"osm_id":13269472279,"osm_type":"node","seamark_type":"light_minor","display_class":"OTHER","min_zoom":12,"importance":1,"name":"Xinxu No.2","ref":null,"common":{"name":"Xinxu No.2","type":"light_minor"},"children":{"light":{"character":"Fl","colour":"white","height":"9.7","period":"3","range":"4"}},"osm_tags":{"seamark:light:character":"Fl","seamark:light:colour":"white","seamark:light:height":"9.7","seamark:light:period":"3","seamark:light:range":"4","seamark:name":"Xinxu No.2","seamark:type":"light_minor","source":"China MSA Notice No. 936/2025"}}},{"type":"Feature","geometry":{"type":"Point","coordinates":[119.2968611,35.0292778]},"properties":{"osm_id":13190514293,"osm_type":"node","seamark_type":"buoy_cardinal","display_class":"OTHER","min_zoom":12,"importance":1,"name":"Xinxu No.3","ref":null,"common":{"name":"Xinxu No.3","type":"buoy_cardinal"},"children":{"buoy_cardinal":{"category":"south","colour":"yellow;black","colour_pattern":"horizontal","shape":"pillar"},"light":{"character":"VQ+LFl","colour":"white","group":"6","period":"10"},"topmark":{"colour":"black","shape":"2 cones down"}},"osm_tags":{"seamark:buoy_cardinal:category":"south","seamark:buoy_cardinal:colour":"yellow;black","seamark:buoy_cardinal:colour_pattern":"horizontal","seamark:buoy_cardinal:shape":"pillar","seamark:light:character":"VQ+LFl","seamark:light:colour":"white","seamark:light:group":"6","seamark:light:period":"10","seamark:name":"Xinxu No.3","seamark:topmark:colour":"black","seamark:topmark:shape":"2 cones down","seamark:type":"buoy_cardinal","source":"China MSA Notice No. 911/2025"}}},{"type":"Feature","geometry":{"type":"Point","coordinates":[119.2750556,35.0384444]},"properties":{"osm_id":13072526855,"osm_type":"node","seamark_type":"buoy_special_purpose","display_class":"OTHER","min_zoom":12,"importance":1,"name":"Xinyinwan No.1","ref":null,"common":{"name":"Xinyinwan No.1","type":"buoy_special_purpose"},"children":{"buoy_special_purpose":{"colour":"yellow","shape":"pillar"},"light":{"character":"Mo","colour":"yellow","group":"O","period":"12"},"topmark":{"colour":"yellow","shape":"x-shape"}},"osm_tags":{"seamark:buoy_special_purpose:colour":"yellow","seamark:buoy_special_purpose:shape":"pillar","seamark:light:character":"Mo","seamark:light:colour":"yellow","seamark:light:group":"O","seamark:light:period":"12","seamark:name":"Xinyinwan No.1","seamark:topmark:colour":"yellow","seamark:topmark:shape":"x-shape","seamark:type":"buoy_special_purpose","source":"China MSA Notice No. 323/2024"}}},{"type":"Feature","geometry":{"type":"Point","coordinates":[119.277,35.0450556]},"properties":{"osm_id":13072526854,"osm_type":"node","seamark_type":"buoy_special_purpose","display_class":"OTHER","min_zoom":12,"importance":1,"name":"Xinyinwan No.2","ref":null,"common":{"name":"Xinyinwan No.2","type":"buoy_special_purpose"},"children":{"buoy_special_purpose":{"colour":"yellow","shape":"pillar"},"light":{"character":"Mo","colour":"yellow","group":"O","period":"12"},"topmark":{"colour":"yellow","shape":"x-shape"}},"osm_tags":{"seamark:buoy_special_purpose:colour":"yellow","seamark:buoy_special_purpose:shape":"pillar","seamark:light:character":"Mo","seamark:light:colour":"yellow","seamark:light:group":"O","seamark:light:period":"12","seamark:name":"Xinyinwan No.2","seamark:topmark:colour":"yellow","seamark:topmark:shape":"x-shape","seamark:type":"buoy_special_purpose","source":"China MSA Notice No. 323/2024"}}},{"type":"Feature","geometry":{"type":"Point","coordinates":[119.2803889,35.0456944]},"properties":{"osm_id":13072526853,"osm_type":"node","seamark_type":"light_minor","display_class":"OTHER","min_zoom":12,"importance":1,"name":"Xinyinwan Pier","ref":null,"common":{"name":"Xinyinwan Pier","type":"light_minor"},"children":{"light":{"character":"Fl","colour":"white","height":"12.4","period":"6","range":"4","reference":"P 3805.845"}},"osm_tags":{"seamark:light:character":"Fl","seamark:light:colour":"white","seamark:light:height":"12.4","seamark:light:period":"6","seamark:light:range":"4","seamark:light:reference":"P 3805.845","seamark:name":"Xinyinwan Pier","seamark:type":"light_minor","source":"China MSA Notice No. 323/2024"}}},{"type":"Feature","geometry":{"type":"Point","coordinates":[119.6209243,35.5048471]},"properties":{"osm_id":4109704309,"osm_type":"node","seamark_type":"harbour","display_class":"OTHER","min_zoom":12,"importance":1,"name":"任家台渔港","ref":null,"common":{"type":"harbour"},"children":{"harbour":{"category":"marina"}},"osm_tags":{"leisure":"marina","name":"任家台渔港","seamark:harbour:category":"marina","seamark:type":"harbour"}}},{"type":"Feature","geometry":{"type":"Polygon","coordinates":[[[119.5171111,35.1415],[119.5172222,35.1243889],[119.5541667,35.1144444],[119.6598333,35.1248889],[119.6597778,35.1408056],[119.5171111,35.1415]]]},"properties":{"osm_id":1494575403,"osm_type":"way","seamark_type":"anchorage","display_class":"OTHER","min_zoom":12,"importance":1,"name":"北作业区锚地","ref":null,"common":{"name":"北作业区锚地","type":"anchorage"},"children":{},"osm_tags":{"seamark:name":"北作业区锚地","seamark:type":"anchorage","source":"China MSA Notice No. 1325/2021"}}},{"type":"Feature","geometry":{"type":"Point","coordinates":[119.3740455,35.108815]},"properties":{"osm_id":916287766,"osm_type":"node","seamark_type":"harbour","display_class":"OTHER","min_zoom":12,"importance":1,"name":"岚山港 Lanshan","ref":null,"common":{"type":"harbour"},"children":{"harbour":{"category":"cargo"}},"osm_tags":{"harbour":"yes","name":"岚山港 Lanshan","phone":"+86 633 843 1046","seamark:harbour:category":"cargo","seamark:type":"harbour"}}}],"type":"FeatureCollection"}