{"type":"FeatureCollection","features":[{"type":"Feature","geometry":{"type":"Point","coordinates":[-76.0272467,35.9053644]},"properties":{"osm_id":7545487799,"osm_type":"node","seamark_type":"beacon_lateral","display_class":"BEACON","min_zoom":9,"importance":4,"name":null,"ref":null,"common":{"status":"private","type":"beacon_lateral"},"children":{"beacon_lateral":{"category":"port","colour":"green","shape":"stake","system":"iala-b"},"topmark":{"colour":"green","shape":"cylinder"}},"osm_tags":{"seamark:beacon_lateral:category":"port","seamark:beacon_lateral:colour":"green","seamark:beacon_lateral:shape":"stake","seamark:beacon_lateral:system":"iala-b","seamark:status":"private","seamark:topmark:colour":"green","seamark:topmark:shape":"cylinder","seamark:type":"beacon_lateral"}}},{"type":"Feature","geometry":{"type":"Point","coordinates":[-76.0271911,35.9050803]},"properties":{"osm_id":7545487800,"osm_type":"node","seamark_type":"beacon_lateral","display_class":"BEACON","min_zoom":9,"importance":4,"name":null,"ref":null,"common":{"status":"private","type":"beacon_lateral"},"children":{"beacon_lateral":{"category":"starboard","colour":"red","shape":"stake","system":"iala-b"},"topmark":{"colour":"red","shape":"cone, point up"}},"osm_tags":{"seamark:beacon_lateral:category":"starboard","seamark:beacon_lateral:colour":"red","seamark:beacon_lateral:shape":"stake","seamark:beacon_lateral:system":"iala-b","seamark:status":"private","seamark:topmark:colour":"red","seamark:topmark:shape":"cone, point up","seamark:type":"beacon_lateral"}}},{"type":"Feature","geometry":{"type":"Point","coordinates":[-76.4968713,35.5220657]},"properties":{"osm_id":7545732176,"osm_type":"node","seamark_type":"beacon_special_purpose","display_class":"BEACON","min_zoom":9,"importance":4,"name":null,"ref":null,"common":{"status":"permanent","type":"beacon_special_purpose"},"children":{"beacon_special_purpose":{"category":"unknown_purpose","shape":"stake"}},"osm_tags":{"seamark:beacon_special_purpose:category":"unknown_purpose","seamark:beacon_special_purpose:shape":"stake","seamark:status":"permanent","seamark:type":"beacon_special_purpose"}}},{"type":"Feature","geometry":{"type":"Point","coordinates":[-76.4564111,35.5528651]},"properties":{"osm_id":7545801685,"osm_type":"node","seamark_type":"beacon_special_purpose","display_class":"BEACON","min_zoom":9,"importance":4,"name":null,"ref":null,"common":{"status":"permanent","type":"beacon_special_purpose"},"children":{"beacon_special_purpose":{"category":"notice","shape":"stake"}},"osm_tags":{"seamark:beacon_special_purpose:category":"notice","seamark:beacon_special_purpose:shape":"stake","seamark:status":"permanent","seamark:type":"beacon_special_purpose"}}},{"type":"Feature","geometry":{"type":"Point","coordinates":[-76.4549433,35.5522709]},"properties":{"osm_id":7545801686,"osm_type":"node","seamark_type":"beacon_special_purpose","display_class":"BEACON","min_zoom":9,"importance":4,"name":null,"ref":null,"common":{"status":"permanent","type":"beacon_special_purpose"},"children":{"beacon_special_purpose":{"category":"notice","shape":"stake"}},"osm_tags":{"seamark:beacon_special_purpose:category":"notice","seamark:beacon_special_purpose:shape":"stake","seamark:status":"permanent","seamark:type":"beacon_special_purpose"}}},{"type":"Feature","geometry":{"type":"Point","coordinates":[-76.6224289,35.5364694]},"properties":{"osm_id":7545948756,"osm_type":"node","seamark_type":"beacon_special_purpose","display_class":"BEACON","min_zoom":9,"importance":4,"name":null,"ref":null,"common":{"type":"beacon_special_purpose"},"children":{"beacon_special_purpose":{"category":"unknown_purpose","shape":"stake"}},"osm_tags":{"seamark:beacon_special_purpose:category":"unknown_purpose","seamark:beacon_special_purpose:shape":"stake","seamark:type":"beacon_special_purpose"}}},{"type":"Feature","geometry":{"type":"Point","coordinates":[-76.6032565,35.5387906]},"properties":{"osm_id":7546043217,"osm_type":"node","seamark_type":"beacon_special_purpose","display_class":"BEACON","min_zoom":9,"importance":4,"name":null,"ref":null,"common":{"type":"beacon_special_purpose"},"children":{"beacon_special_purpose":{"category":"unknown_purpose","shape":"stake"}},"osm_tags":{"seamark:beacon_special_purpose:category":"unknown_purpose","seamark:beacon_special_purpose:shape":"stake","seamark:type":"beacon_special_purpose"}}},{"type":"Feature","geometry":{"type":"Point","coordinates":[-76.6054713,35.5390825]},"properties":{"osm_id":7546043218,"osm_type":"node","seamark_type":"beacon_special_purpose","display_class":"BEACON","min_zoom":9,"importance":4,"name":null,"ref":null,"common":{"type":"beacon_special_purpose"},"children":{"beacon_special_purpose":{"category":"unknown_purpose","shape":"stake"}},"osm_tags":{"seamark:beacon_special_purpose:category":"unknown_purpose","seamark:beacon_special_purpose:shape":"stake","seamark:type":"beacon_special_purpose"}}},{"type":"Feature","geometry":{"type":"Point","coordinates":[-76.6072429,35.5399967]},"properties":{"osm_id":7546043219,"osm_type":"node","seamark_type":"beacon_special_purpose","display_class":"BEACON","min_zoom":9,"importance":4,"name":null,"ref":null,"common":{"type":"beacon_special_purpose"},"children":{"beacon_special_purpose":{"category":"unknown_purpose","shape":"stake"}},"osm_tags":{"seamark:beacon_special_purpose:category":"unknown_purpose","seamark:beacon_special_purpose:shape":"stake","seamark:type":"beacon_special_purpose"}}},{"type":"Feature","geometry":{"type":"Point","coordinates":[-76.5102143,35.3872515]},"properties":{"osm_id":7546630165,"osm_type":"node","seamark_type":"beacon_lateral","display_class":"BEACON","min_zoom":9,"importance":4,"name":"Abel Bay Light 1","ref":null,"common":{"name":"Abel Bay Light 1","status":"permanent","type":"beacon_lateral"},"children":{"beacon_lateral":{"category":"port","colour":"green","shape":"stake","system":"iala-b"},"light":{"character":"Fl","colour":"green","exhibition":"night","group":"1","height":"4.5","period":"4","range":"4","sequence":"00.4+(03.6)"},"topmark":{"colour":"green","shape":"cylinder"}},"osm_tags":{"seamark:beacon_lateral:category":"port","seamark:beacon_lateral:colour":"green","seamark:beacon_lateral:shape":"stake","seamark:beacon_lateral:system":"iala-b","seamark:light:character":"Fl","seamark:light:colour":"green","seamark:light:exhibition":"night","seamark:light:group":"1","seamark:light:height":"4.5","seamark:light:period":"4","seamark:light:range":"4","seamark:light:sequence":"00.4+(03.6)","seamark:name":"Abel Bay Light 1","seamark:status":"permanent","seamark:topmark:colour":"green","seamark:topmark:shape":"cylinder","seamark:type":"beacon_lateral"}}},{"type":"Feature","geometry":{"type":"Point","coordinates":[-76.5874614,35.9862839]},"properties":{"osm_id":7490921696,"osm_type":"node","seamark_type":"beacon_lateral","display_class":"BEACON","min_zoom":9,"importance":4,"name":"Albemarle Sound Light 8AS","ref":null,"common":{"name":"Albemarle Sound Light 8AS","status":"permanent","type":"beacon_lateral"},"children":{"beacon_lateral":{"category":"starboard","colour":"red","system":"iala-b"},"light":{"character":"Fl","colour":"red","exhibition":"night","group":"1","height":"1.8","period":"4","range":"5","sequence":"00.4+(03.6)","visibility":"intensified"},"topmark":{"colour":"red","shape":"cone, point up"}},"osm_tags":{"seamark:beacon_lateral:category":"starboard","seamark:beacon_lateral:colour":"red","seamark:beacon_lateral:system":"iala-b","seamark:light:character":"Fl","seamark:light:colour":"red","seamark:light:exhibition":"night","seamark:light:group":"1","seamark:light:height":"1.8","seamark:light:period":"4","seamark:light:range":"5","seamark:light:sequence":"00.4+(03.6)","seamark:light:visibility":"intensified","seamark:name":"Albemarle Sound Light 8AS","seamark:status":"permanent","seamark:topmark:colour":"red","seamark:topmark:shape":"cone, point up","seamark:type":"beacon_lateral"}}},{"type":"Feature","geometry":{"type":"Point","coordinates":[-76.5886935,35.9845575]},"properties":{"osm_id":7490921695,"osm_type":"node","seamark_type":"beacon_lateral","display_class":"BEACON","min_zoom":9,"importance":4,"name":"Albemarle Sound Light 9AS","ref":null,"common":{"name":"Albemarle Sound Light 9AS","status":"permanent","type":"beacon_lateral"},"children":{"beacon_lateral":{"category":"port","colour":"green","system":"iala-b"},"light":{"character":"Fl","colour":"green","exhibition":"night","group":"1","height":"1.8","period":"4","range":"5","sequence":"00.4+(03.6)"},"topmark":{"colour":"green","shape":"cylinder"}},"osm_tags":{"seamark:beacon_lateral:category":"port","seamark:beacon_lateral:colour":"green","seamark:beacon_lateral:system":"iala-b","seamark:light:character":"Fl","seamark:light:colour":"green","seamark:light:exhibition":"night","seamark:light:group":"1","seamark:light:height":"1.8","seamark:light:period":"4","seamark:light:range":"5","seamark:light:sequence":"00.4+(03.6)","seamark:name":"Albemarle Sound Light 9AS","seamark:status":"permanent","seamark:topmark:colour":"green","seamark:topmark:shape":"cylinder","seamark:type":"beacon_lateral"}}},{"type":"Feature","geometry":{"type":"Point","coordinates":[-76.2215699,35.5975229]},"properties":{"osm_id":7545801698,"osm_type":"node","seamark_type":"beacon_lateral","display_class":"BEACON","min_zoom":9,"importance":4,"name":"Alligator River - Pungo River Light 55","ref":null,"common":{"name":"Alligator River - Pungo River Light 55","status":"permanent","type":"beacon_lateral"},"children":{"beacon_lateral":{"category":"port","colour":"green","shape":"stake","system":"iala-b"},"light":{"character":"Fl","colour":"green","exhibition":"night","group":"1","height":"4.5","period":"2.5","range":"4","sequence":"00.3+(02.2)"},"topmark":{"colour":"green","shape":"cylinder"}},"osm_tags":{"seamark:beacon_lateral:category":"port","seamark:beacon_lateral:colour":"green","seamark:beacon_lateral:shape":"stake","seamark:beacon_lateral:system":"iala-b","seamark:light:character":"Fl","seamark:light:colour":"green","seamark:light:exhibition":"night","seamark:light:group":"1","seamark:light:height":"4.5","seamark:light:period":"2.5","seamark:light:range":"4","seamark:light:sequence":"00.3+(02.2)","seamark:name":"Alligator River - Pungo River Light 55","seamark:status":"permanent","seamark:topmark:colour":"green","seamark:topmark:shape":"cylinder","seamark:type":"beacon_lateral"}}},{"type":"Feature","geometry":{"type":"Point","coordinates":[-76.2402746,35.5905181]},"properties":{"osm_id":7545801695,"osm_type":"node","seamark_type":"beacon_lateral","display_class":"BEACON","min_zoom":9,"importance":4,"name":"Alligator River - Pungo River Light 57","ref":null,"common":{"information":"Higher intensity toward Pungo River.","name":"Alligator River - Pungo River Light 57","status":"permanent","type":"beacon_lateral"},"children":{"beacon_lateral":{"category":"port","colour":"green","shape":"stake","system":"iala-b"},"light":{"character":"Fl","colour":"green","exhibition":"night","group":"1","height":"4.5","period":"4","range":"4","sequence":"00.4+(03.6)","visibility":"intensified"},"topmark":{"colour":"green","shape":"cylinder"}},"osm_tags":{"seamark:beacon_lateral:category":"port","seamark:beacon_lateral:colour":"green","seamark:beacon_lateral:shape":"stake","seamark:beacon_lateral:system":"iala-b","seamark:information":"Higher intensity toward Pungo River.","seamark:light:character":"Fl","seamark:light:colour":"green","seamark:light:exhibition":"night","seamark:light:group":"1","seamark:light:height":"4.5","seamark:light:period":"4","seamark:light:range":"4","seamark:light:sequence":"00.4+(03.6)","seamark:light:visibility":"intensified","seamark:name":"Alligator River - Pungo River Light 57","seamark:status":"permanent","seamark:topmark:colour":"green","seamark:topmark:shape":"cylinder","seamark:type":"beacon_lateral"}}},{"type":"Feature","geometry":{"type":"Point","coordinates":[-76.3677166,35.5678426]},"properties":{"osm_id":7545801693,"osm_type":"node","seamark_type":"beacon_lateral","display_class":"BEACON","min_zoom":9,"importance":4,"name":"Alligator River - Pungo River Light 59AR","ref":null,"common":{"name":"Alligator River - Pungo River Light 59AR","status":"permanent","type":"beacon_lateral"},"children":{"beacon_lateral":{"category":"port","colour":"green","shape":"stake","system":"iala-b"},"light":{"character":"Fl","colour":"green","exhibition":"night","group":"1","height":"4.5","period":"6","range":"4","sequence":"00.6+(05.4)"},"topmark":{"colour":"green","shape":"cylinder"}},"osm_tags":{"seamark:beacon_lateral:category":"port","seamark:beacon_lateral:colour":"green","seamark:beacon_lateral:shape":"stake","seamark:beacon_lateral:system":"iala-b","seamark:light:character":"Fl","seamark:light:colour":"green","seamark:light:exhibition":"night","seamark:light:group":"1","seamark:light:height":"4.5","seamark:light:period":"6","seamark:light:range":"4","seamark:light:sequence":"00.6+(05.4)","seamark:name":"Alligator River - Pungo River Light 59AR","seamark:status":"permanent","seamark:topmark:colour":"green","seamark:topmark:shape":"cylinder","seamark:type":"beacon_lateral"}}},{"type":"Feature","geometry":{"type":"Point","coordinates":[-76.3535149,35.5702798]},"properties":{"osm_id":7545801694,"osm_type":"node","seamark_type":"beacon_lateral","display_class":"BEACON","min_zoom":9,"importance":4,"name":"Alligator River - Pungo River Warning Daybeacon","ref":null,"common":{"name":"Alligator River - Pungo River Warning Daybeacon","status":"permanent","type":"beacon_lateral"},"children":{"beacon_lateral":{"category":"port","colour":"green","shape":"stake","system":"iala-b"},"topmark":{"colour":"green","shape":"cylinder"}},"osm_tags":{"seamark:beacon_lateral:category":"port","seamark:beacon_lateral:colour":"green","seamark:beacon_lateral:shape":"stake","seamark:beacon_lateral:system":"iala-b","seamark:name":"Alligator River - Pungo River Warning Daybeacon","seamark:status":"permanent","seamark:topmark:colour":"green","seamark:topmark:shape":"cylinder","seamark:type":"beacon_lateral"}}},{"type":"Feature","geometry":{"type":"Point","coordinates":[-76.0181621,35.6938714]},"properties":{"osm_id":7545234322,"osm_type":"node","seamark_type":"beacon_lateral","display_class":"BEACON","min_zoom":9,"importance":4,"name":"Alligator River Daybeacon 33","ref":null,"common":{"name":"Alligator River Daybeacon 33","status":"permanent","type":"beacon_lateral"},"children":{"beacon_lateral":{"category":"port","colour":"green","shape":"stake","system":"iala-b"},"topmark":{"colour":"green","shape":"cylinder"}},"osm_tags":{"seamark:beacon_lateral:category":"port","seamark:beacon_lateral:colour":"green","seamark:beacon_lateral:shape":"stake","seamark:beacon_lateral:system":"iala-b","seamark:name":"Alligator River Daybeacon 33","seamark:status":"permanent","seamark:topmark:colour":"green","seamark:topmark:shape":"cylinder","seamark:type":"beacon_lateral"}}},{"type":"Feature","geometry":{"type":"Point","coordinates":[-76.0237384,35.6842393]},"properties":{"osm_id":7545154366,"osm_type":"node","seamark_type":"beacon_lateral","display_class":"BEACON","min_zoom":9,"importance":4,"name":"Alligator River Daybeacon 35","ref":null,"common":{"name":"Alligator River Daybeacon 35","status":"permanent","type":"beacon_lateral"},"children":{"beacon_lateral":{"category":"port","colour":"green","shape":"stake","system":"iala-b"},"topmark":{"colour":"green","shape":"cylinder"}},"osm_tags":{"seamark:beacon_lateral:category":"port","seamark:beacon_lateral:colour":"green","seamark:beacon_lateral:shape":"stake","seamark:beacon_lateral:system":"iala-b","seamark:name":"Alligator River Daybeacon 35","seamark:status":"permanent","seamark:topmark:colour":"green","seamark:topmark:shape":"cylinder","seamark:type":"beacon_lateral"}}},{"type":"Feature","geometry":{"type":"Point","coordinates":[-76.049039,35.6702476]},"properties":{"osm_id":7545154369,"osm_type":"node","seamark_type":"beacon_lateral","display_class":"BEACON","min_zoom":9,"importance":4,"name":"Alligator River Daybeacon 41","ref":null,"common":{"name":"Alligator River Daybeacon 41","status":"permanent","type":"beacon_lateral"},"children":{"beacon_lateral":{"category":"port","colour":"green","shape":"stake","system":"iala-b"},"topmark":{"colour":"green","shape":"cylinder"}},"osm_tags":{"seamark:beacon_lateral:category":"port","seamark:beacon_lateral:colour":"green","seamark:beacon_lateral:shape":"stake","seamark:beacon_lateral:system":"iala-b","seamark:name":"Alligator River Daybeacon 41","seamark:status":"permanent","seamark:topmark:colour":"green","seamark:topmark:shape":"cylinder","seamark:type":"beacon_lateral"}}},{"type":"Feature","geometry":{"type":"Point","coordinates":[-76.0598449,35.6723737]},"properties":{"osm_id":7545154370,"osm_type":"node","seamark_type":"beacon_lateral","display_class":"BEACON","min_zoom":9,"importance":4,"name":"Alligator River Daybeacon 43","ref":null,"common":{"name":"Alligator River Daybeacon 43","status":"permanent","type":"beacon_lateral"},"children":{"beacon_lateral":{"category":"port","colour":"green","shape":"stake","system":"iala-b"},"topmark":{"colour":"green","shape":"cylinder"}},"osm_tags":{"seamark:beacon_lateral:category":"port","seamark:beacon_lateral:colour":"green","seamark:beacon_lateral:shape":"stake","seamark:beacon_lateral:system":"iala-b","seamark:name":"Alligator River Daybeacon 43","seamark:status":"permanent","seamark:topmark:colour":"green","seamark:topmark:shape":"cylinder","seamark:type":"beacon_lateral"}}},{"type":"Feature","geometry":{"type":"Point","coordinates":[-76.0720477,35.6743222]},"properties":{"osm_id":7545154371,"osm_type":"node","seamark_type":"beacon_lateral","display_class":"BEACON","min_zoom":9,"importance":4,"name":"Alligator River Daybeacon 45","ref":null,"common":{"name":"Alligator River Daybeacon 45","status":"permanent","type":"beacon_lateral"},"children":{"beacon_lateral":{"category":"port","colour":"green","shape":"stake","system":"iala-b"},"topmark":{"colour":"green","shape":"cylinder"}},"osm_tags":{"seamark:beacon_lateral:category":"port","seamark:beacon_lateral:colour":"green","seamark:beacon_lateral:shape":"stake","seamark:beacon_lateral:system":"iala-b","seamark:name":"Alligator River Daybeacon 45","seamark:status":"permanent","seamark:topmark:colour":"green","seamark:topmark:shape":"cylinder","seamark:type":"beacon_lateral"}}},{"type":"Feature","geometry":{"type":"Point","coordinates":[-76.0754943,35.6734566]},"properties":{"osm_id":7545154373,"osm_type":"node","seamark_type":"beacon_lateral","display_class":"BEACON","min_zoom":9,"importance":4,"name":"Alligator River Daybeacon 47","ref":null,"common":{"name":"Alligator River Daybeacon 47","status":"permanent","type":"beacon_lateral"},"children":{"beacon_lateral":{"category":"port","colour":"green","shape":"stake","system":"iala-b"},"topmark":{"colour":"green","shape":"cylinder"}},"osm_tags":{"seamark:beacon_lateral:category":"port","seamark:beacon_lateral:colour":"green","seamark:beacon_lateral:shape":"stake","seamark:beacon_lateral:system":"iala-b","seamark:name":"Alligator River Daybeacon 47","seamark:status":"permanent","seamark:topmark:colour":"green","seamark:topmark:shape":"cylinder","seamark:type":"beacon_lateral"}}},{"type":"Feature","geometry":{"type":"Point","coordinates":[-76.0829616,35.6720921]},"properties":{"osm_id":7545154374,"osm_type":"node","seamark_type":"beacon_lateral","display_class":"BEACON","min_zoom":9,"importance":4,"name":"Alligator River Daybeacon 49","ref":null,"common":{"name":"Alligator River Daybeacon 49","status":"permanent","type":"beacon_lateral"},"children":{"beacon_lateral":{"category":"port","colour":"green","shape":"stake","system":"iala-b"},"topmark":{"colour":"green","shape":"cylinder"}},"osm_tags":{"seamark:beacon_lateral:category":"port","seamark:beacon_lateral:colour":"green","seamark:beacon_lateral:shape":"stake","seamark:beacon_lateral:system":"iala-b","seamark:name":"Alligator River Daybeacon 49","seamark:status":"permanent","seamark:topmark:colour":"green","seamark:topmark:shape":"cylinder","seamark:type":"beacon_lateral"}}},{"type":"Feature","geometry":{"type":"Point","coordinates":[-76.0979494,35.6688631]},"properties":{"osm_id":7545154375,"osm_type":"node","seamark_type":"beacon_lateral","display_class":"BEACON","min_zoom":9,"importance":4,"name":"Alligator River Daybeacon 52","ref":null,"common":{"name":"Alligator River Daybeacon 52","status":"permanent","type":"beacon_lateral"},"children":{"beacon_lateral":{"category":"starboard","colour":"red","shape":"stake","system":"iala-b"},"topmark":{"colour":"red","shape":"cone, point up"}},"osm_tags":{"seamark:beacon_lateral:category":"starboard","seamark:beacon_lateral:colour":"red","seamark:beacon_lateral:shape":"stake","seamark:beacon_lateral:system":"iala-b","seamark:name":"Alligator River Daybeacon 52","seamark:status":"permanent","seamark:topmark:colour":"red","seamark:topmark:shape":"cone, point up","seamark:type":"beacon_lateral"}}},{"type":"Feature","geometry":{"type":"Point","coordinates":[-76.0035407,35.9150751]},"properties":{"osm_id":7545528494,"osm_type":"node","seamark_type":"beacon_lateral","display_class":"BEACON","min_zoom":9,"importance":4,"name":"Alligator River Light 12","ref":null,"common":{"name":"Alligator River Light 12","status":"permanent","type":"beacon_lateral"},"children":{"beacon_lateral":{"category":"starboard","colour":"red","shape":"stake","system":"iala-b"},"light":{"character":"Fl","colour":"red","exhibition":"night","group":"1","height":"4.5","period":"4","range":"4","sequence":"00.4+(03.6)"},"topmark":{"colour":"red","shape":"cone, point up"}},"osm_tags":{"seamark:beacon_lateral:category":"starboard","seamark:beacon_lateral:colour":"red","seamark:beacon_lateral:shape":"stake","seamark:beacon_lateral:system":"iala-b","seamark:light:character":"Fl","seamark:light:colour":"red","seamark:light:exhibition":"night","seamark:light:group":"1","seamark:light:height":"4.5","seamark:light:period":"4","seamark:light:range":"4","seamark:light:sequence":"00.4+(03.6)","seamark:name":"Alligator River Light 12","seamark:status":"permanent","seamark:topmark:colour":"red","seamark:topmark:shape":"cone, point up","seamark:type":"beacon_lateral"}}},{"type":"Feature","geometry":{"type":"Point","coordinates":[-76.0168961,35.8833153]},"properties":{"osm_id":7545460122,"osm_type":"node","seamark_type":"beacon_lateral","display_class":"BEACON","min_zoom":9,"importance":4,"name":"Alligator River Light 14","ref":null,"common":{"name":"Alligator River Light 14","status":"permanent","type":"beacon_lateral"},"children":{"beacon_lateral":{"category":"starboard","colour":"red","shape":"stake","system":"iala-b"},"light":{"character":"Fl","colour":"red","exhibition":"night","group":"1","height":"4.5","period":"2.5","range":"5","sequence":"00.3+(02.2)"},"topmark":{"colour":"red","shape":"cone, point up"}},"osm_tags":{"seamark:beacon_lateral:category":"starboard","seamark:beacon_lateral:colour":"red","seamark:beacon_lateral:shape":"stake","seamark:beacon_lateral:system":"iala-b","seamark:light:character":"Fl","seamark:light:colour":"red","seamark:light:exhibition":"night","seamark:light:group":"1","seamark:light:height":"4.5","seamark:light:period":"2.5","seamark:light:range":"5","seamark:light:sequence":"00.3+(02.2)","seamark:name":"Alligator River Light 14","seamark:status":"permanent","seamark:topmark:colour":"red","seamark:topmark:shape":"cone, point up","seamark:type":"beacon_lateral"}}},{"type":"Feature","geometry":{"type":"Point","coordinates":[-76.0242051,35.8665933]},"properties":{"osm_id":7545409372,"osm_type":"node","seamark_type":"beacon_lateral","display_class":"BEACON","min_zoom":9,"importance":4,"name":"Alligator River Light 16","ref":null,"common":{"name":"Alligator River Light 16","status":"permanent","type":"beacon_lateral"},"children":{"beacon_lateral":{"category":"starboard","colour":"red","shape":"stake","system":"iala-b"},"light":{"character":"Fl","colour":"red","exhibition":"night","group":"1","height":"4.5","period":"4","range":"4","sequence":"00.4+(03.6)"},"topmark":{"colour":"red","shape":"cone, point up"}},"osm_tags":{"seamark:beacon_lateral:category":"starboard","seamark:beacon_lateral:colour":"red","seamark:beacon_lateral:shape":"stake","seamark:beacon_lateral:system":"iala-b","seamark:light:character":"Fl","seamark:light:colour":"red","seamark:light:exhibition":"night","seamark:light:group":"1","seamark:light:height":"4.5","seamark:light:period":"4","seamark:light:range":"4","seamark:light:sequence":"00.4+(03.6)","seamark:name":"Alligator River Light 16","seamark:status":"permanent","seamark:topmark:colour":"red","seamark:topmark:shape":"cone, point up","seamark:type":"beacon_lateral"}}},{"type":"Feature","geometry":{"type":"Point","coordinates":[-76.031148,35.8506993]},"properties":{"osm_id":7545409374,"osm_type":"node","seamark_type":"beacon_lateral","display_class":"BEACON","min_zoom":9,"importance":4,"name":"Alligator River Light 18","ref":null,"common":{"name":"Alligator River Light 18","status":"permanent","type":"beacon_lateral"},"children":{"beacon_lateral":{"category":"starboard","colour":"red","system":"iala-b"},"light":{"character":"Q","colour":"red","exhibition":"night","group":"1","height":"4.5","period":"1","range":"4","sequence":"00.3+(00.7)"},"topmark":{"colour":"red","shape":"cone, point up"}},"osm_tags":{"seamark:beacon_lateral:category":"starboard","seamark:beacon_lateral:colour":"red","seamark:beacon_lateral:system":"iala-b","seamark:light:character":"Q","seamark:light:colour":"red","seamark:light:exhibition":"night","seamark:light:group":"1","seamark:light:height":"4.5","seamark:light:period":"1","seamark:light:range":"4","seamark:light:sequence":"00.3+(00.7)","seamark:name":"Alligator River Light 18","seamark:status":"permanent","seamark:topmark:colour":"red","seamark:topmark:shape":"cone, point up","seamark:type":"beacon_lateral"}}},{"type":"Feature","geometry":{"type":"Point","coordinates":[-76.0272554,35.8250576]},"properties":{"osm_id":7545409375,"osm_type":"node","seamark_type":"beacon_lateral","display_class":"BEACON","min_zoom":9,"importance":4,"name":"Alligator River Light 20","ref":null,"common":{"name":"Alligator River Light 20","status":"permanent","type":"beacon_lateral"},"children":{"beacon_lateral":{"category":"starboard","colour":"red","shape":"stake","system":"iala-b"},"light":{"character":"Fl","colour":"red","exhibition":"night","group":"1","height":"4.5","period":"4","range":"4","sequence":"00.4+(03.6)"},"topmark":{"colour":"red","shape":"cone, point up"}},"osm_tags":{"seamark:beacon_lateral:category":"starboard","seamark:beacon_lateral:colour":"red","seamark:beacon_lateral:shape":"stake","seamark:beacon_lateral:system":"iala-b","seamark:light:character":"Fl","seamark:light:colour":"red","seamark:light:exhibition":"night","seamark:light:group":"1","seamark:light:height":"4.5","seamark:light:period":"4","seamark:light:range":"4","seamark:light:sequence":"00.4+(03.6)","seamark:name":"Alligator River Light 20","seamark:status":"permanent","seamark:topmark:colour":"red","seamark:topmark:shape":"cone, point up","seamark:type":"beacon_lateral"}}},{"type":"Feature","geometry":{"type":"Point","coordinates":[-76.0240341,35.8038452]},"properties":{"osm_id":7545409376,"osm_type":"node","seamark_type":"beacon_lateral","display_class":"BEACON","min_zoom":9,"importance":4,"name":"Alligator River Light 22","ref":null,"common":{"name":"Alligator River Light 22","status":"permanent","type":"beacon_lateral"},"children":{"beacon_lateral":{"category":"starboard","colour":"red","system":"iala-b"},"light":{"character":"Fl","colour":"red","exhibition":"night","group":"1","height":"4.5","period":"2.5","range":"4","sequence":"00.3+(02.2)"},"topmark":{"colour":"red","shape":"cone, point up"}},"osm_tags":{"seamark:beacon_lateral:category":"starboard","seamark:beacon_lateral:colour":"red","seamark:beacon_lateral:system":"iala-b","seamark:light:character":"Fl","seamark:light:colour":"red","seamark:light:exhibition":"night","seamark:light:group":"1","seamark:light:height":"4.5","seamark:light:period":"2.5","seamark:light:range":"4","seamark:light:sequence":"00.3+(02.2)","seamark:name":"Alligator River Light 22","seamark:status":"permanent","seamark:topmark:colour":"red","seamark:topmark:shape":"cone, point up","seamark:type":"beacon_lateral"}}},{"type":"Feature","geometry":{"type":"Point","coordinates":[-76.0213224,35.7803984]},"properties":{"osm_id":7545409377,"osm_type":"node","seamark_type":"beacon_lateral","display_class":"BEACON","min_zoom":9,"importance":4,"name":"Alligator River Light 24","ref":null,"common":{"name":"Alligator River Light 24","status":"permanent","type":"beacon_lateral"},"children":{"beacon_lateral":{"category":"starboard","colour":"red","shape":"stake","system":"iala-b"},"light":{"character":"Fl","colour":"red","exhibition":"night","group":"1","height":"4.5","period":"4","range":"4","sequence":"00.4+(03.6)"},"topmark":{"colour":"red","shape":"cone, point up"}},"osm_tags":{"seamark:beacon_lateral:category":"starboard","seamark:beacon_lateral:colour":"red","seamark:beacon_lateral:shape":"stake","seamark:beacon_lateral:system":"iala-b","seamark:light:character":"Fl","seamark:light:colour":"red","seamark:light:exhibition":"night","seamark:light:group":"1","seamark:light:height":"4.5","seamark:light:period":"4","seamark:light:range":"4","seamark:light:sequence":"00.4+(03.6)","seamark:name":"Alligator River Light 24","seamark:status":"permanent","seamark:topmark:colour":"red","seamark:topmark:shape":"cone, point up","seamark:type":"beacon_lateral"}}},{"type":"Feature","geometry":{"type":"Point","coordinates":[-76.0185027,35.7541452]},"properties":{"osm_id":7545409378,"osm_type":"node","seamark_type":"beacon_lateral","display_class":"BEACON","min_zoom":9,"importance":4,"name":"Alligator River Light 26","ref":null,"common":{"name":"Alligator River Light 26","status":"permanent","type":"beacon_lateral"},"children":{"beacon_lateral":{"category":"starboard","colour":"red","shape":"stake","system":"iala-b"},"light":{"character":"Fl","colour":"red","exhibition":"night","group":"1","height":"4.5","period":"2.5","range":"4","sequence":"00.3+(02.2)"},"topmark":{"colour":"red","shape":"cone, point up"}},"osm_tags":{"seamark:beacon_lateral:category":"starboard","seamark:beacon_lateral:colour":"red","seamark:beacon_lateral:shape":"stake","seamark:beacon_lateral:system":"iala-b","seamark:light:character":"Fl","seamark:light:colour":"red","seamark:light:exhibition":"night","seamark:light:group":"1","seamark:light:height":"4.5","seamark:light:period":"2.5","seamark:light:range":"4","seamark:light:sequence":"00.3+(02.2)","seamark:name":"Alligator River Light 26","seamark:status":"permanent","seamark:topmark:colour":"red","seamark:topmark:shape":"cone, point up","seamark:type":"beacon_lateral"}}},{"type":"Feature","geometry":{"type":"Point","coordinates":[-76.015856,35.7296601]},"properties":{"osm_id":7545234320,"osm_type":"node","seamark_type":"beacon_lateral","display_class":"BEACON","min_zoom":9,"importance":4,"name":"Alligator River Light 28","ref":null,"common":{"name":"Alligator River Light 28","status":"permanent","type":"beacon_lateral"},"children":{"beacon_lateral":{"category":"starboard","colour":"red","shape":"stake","system":"iala-b"},"light":{"character":"Fl","colour":"red","exhibition":"night","group":"1","height":"4.8","period":"4","range":"4","sequence":"00.4+(03.6)"},"topmark":{"colour":"red","shape":"cone, point up"}},"osm_tags":{"seamark:beacon_lateral:category":"starboard","seamark:beacon_lateral:colour":"red","seamark:beacon_lateral:shape":"stake","seamark:beacon_lateral:system":"iala-b","seamark:light:character":"Fl","seamark:light:colour":"red","seamark:light:exhibition":"night","seamark:light:group":"1","seamark:light:height":"4.8","seamark:light:period":"4","seamark:light:range":"4","seamark:light:sequence":"00.4+(03.6)","seamark:name":"Alligator River Light 28","seamark:status":"permanent","seamark:topmark:colour":"red","seamark:topmark:shape":"cone, point up","seamark:type":"beacon_lateral"}}},{"type":"Feature","geometry":{"type":"Point","coordinates":[-76.01194,35.7042021]},"properties":{"osm_id":7545234321,"osm_type":"node","seamark_type":"beacon_lateral","display_class":"BEACON","min_zoom":9,"importance":4,"name":"Alligator River Light 31","ref":null,"common":{"name":"Alligator River Light 31","status":"permanent","type":"beacon_lateral"},"children":{"beacon_lateral":{"category":"port","colour":"green","system":"iala-b"},"light":{"character":"Q","colour":"green","exhibition":"night","group":"1","height":"4.5","period":"1","range":"4","sequence":"00.3+(00.7)"},"topmark":{"colour":"green","shape":"cylinder"}},"osm_tags":{"seamark:beacon_lateral:category":"port","seamark:beacon_lateral:colour":"green","seamark:beacon_lateral:system":"iala-b","seamark:light:character":"Q","seamark:light:colour":"green","seamark:light:exhibition":"night","seamark:light:group":"1","seamark:light:height":"4.5","seamark:light:period":"1","seamark:light:range":"4","seamark:light:sequence":"00.3+(00.7)","seamark:name":"Alligator River Light 31","seamark:status":"permanent","seamark:topmark:colour":"green","seamark:topmark:shape":"cylinder","seamark:type":"beacon_lateral"}}},{"type":"Feature","geometry":{"type":"Point","coordinates":[-76.0299041,35.6738096]},"properties":{"osm_id":7545154367,"osm_type":"node","seamark_type":"beacon_lateral","display_class":"BEACON","min_zoom":9,"importance":4,"name":"Alligator River Light 37","ref":null,"common":{"name":"Alligator River Light 37","status":"permanent","type":"beacon_lateral"},"children":{"beacon_lateral":{"category":"port","colour":"green","shape":"stake","system":"iala-b"},"light":{"character":"Q","colour":"green","exhibition":"night","group":"1","height":"4.5","period":"1","range":"4","sequence":"00.3+(00.7)"},"topmark":{"colour":"green","shape":"cylinder"}},"osm_tags":{"seamark:beacon_lateral:category":"port","seamark:beacon_lateral:colour":"green","seamark:beacon_lateral:shape":"stake","seamark:beacon_lateral:system":"iala-b","seamark:light:character":"Q","seamark:light:colour":"green","seamark:light:exhibition":"night","seamark:light:group":"1","seamark:light:height":"4.5","seamark:light:period":"1","seamark:light:range":"4","seamark:light:sequence":"00.3+(00.7)","seamark:name":"Alligator River Light 37","seamark:status":"permanent","seamark:topmark:colour":"green","seamark:topmark:shape":"cylinder","seamark:type":"beacon_lateral"}}},{"type":"Feature","geometry":{"type":"Point","coordinates":[-76.039381,35.6687991]},"properties":{"osm_id":7545154368,"osm_type":"node","seamark_type":"beacon_lateral","display_class":"BEACON","min_zoom":9,"importance":4,"name":"Alligator River Light 39","ref":null,"common":{"name":"Alligator River Light 39","status":"permanent","type":"beacon_lateral"},"children":{"beacon_lateral":{"category":"port","colour":"green","system":"iala-b"},"light":{"character":"Q","colour":"green","exhibition":"night","group":"1","height":"4.5","period":"1","range":"4","sequence":"00.3+(00.7)"},"topmark":{"colour":"green","shape":"cylinder"}},"osm_tags":{"seamark:beacon_lateral:category":"port","seamark:beacon_lateral:colour":"green","seamark:beacon_lateral:system":"iala-b","seamark:light:character":"Q","seamark:light:colour":"green","seamark:light:exhibition":"night","seamark:light:group":"1","seamark:light:height":"4.5","seamark:light:period":"1","seamark:light:range":"4","seamark:light:sequence":"00.3+(00.7)","seamark:name":"Alligator River Light 39","seamark:status":"permanent","seamark:topmark:colour":"green","seamark:topmark:shape":"cylinder","seamark:type":"beacon_lateral"}}},{"type":"Feature","geometry":{"type":"Point","coordinates":[-76.0735188,35.6756845]},"properties":{"osm_id":7545154372,"osm_type":"node","seamark_type":"beacon_lateral","display_class":"BEACON","min_zoom":9,"importance":4,"name":"Alligator River Light 46","ref":null,"common":{"name":"Alligator River Light 46","status":"permanent","type":"beacon_lateral"},"children":{"beacon_lateral":{"category":"starboard","colour":"red","shape":"stake","system":"iala-b"},"light":{"character":"Q","colour":"red","exhibition":"night","group":"1","height":"4.5","period":"1","range":"4","sequence":"00.3+(00.7)"},"topmark":{"colour":"red","shape":"cone, point up"}},"osm_tags":{"seamark:beacon_lateral:category":"starboard","seamark:beacon_lateral:colour":"red","seamark:beacon_lateral:shape":"stake","seamark:beacon_lateral:system":"iala-b","seamark:light:character":"Q","seamark:light:colour":"red","seamark:light:exhibition":"night","seamark:light:group":"1","seamark:light:height":"4.5","seamark:light:period":"1","seamark:light:range":"4","seamark:light:sequence":"00.3+(00.7)","seamark:name":"Alligator River Light 46","seamark:status":"permanent","seamark:topmark:colour":"red","seamark:topmark:shape":"cone, point up","seamark:type":"beacon_lateral"}}},{"type":"Feature","geometry":{"type":"Point","coordinates":[-76.1034597,35.6671125]},"properties":{"osm_id":7543234875,"osm_type":"node","seamark_type":"beacon_lateral","display_class":"BEACON","min_zoom":9,"importance":4,"name":"Alligator River Light 54","ref":null,"common":{"name":"Alligator River Light 54","retro_reflector":"yes","status":"permanent","type":"beacon_lateral"},"children":{"beacon_lateral":{"category":"starboard","colour":"red","shape":"stake","system":"iala-b"},"light":{"character":"Q","colour":"red","exhibition":"night","group":"1","height":"4.8","period":"1","range":"4","sequence":"00.3+(00.7)"},"topmark":{"colour":"red","shape":"cone, point up"}},"osm_tags":{"seamark:beacon_lateral:category":"starboard","seamark:beacon_lateral:colour":"red","seamark:beacon_lateral:shape":"stake","seamark:beacon_lateral:system":"iala-b","seamark:light:character":"Q","seamark:light:colour":"red","seamark:light:exhibition":"night","seamark:light:group":"1","seamark:light:height":"4.8","seamark:light:period":"1","seamark:light:range":"4","seamark:light:sequence":"00.3+(00.7)","seamark:name":"Alligator River Light 54","seamark:retro_reflector":"yes","seamark:status":"permanent","seamark:topmark:colour":"red","seamark:topmark:shape":"cone, point up","seamark:type":"beacon_lateral"}}},{"type":"Feature","geometry":{"type":"Point","coordinates":[-76.6277625,35.5384528]},"properties":{"osm_id":7545943819,"osm_type":"node","seamark_type":"beacon_lateral","display_class":"BEACON","min_zoom":9,"importance":4,"name":"Belhaven Channel Daybeacon 11","ref":null,"common":{"name":"Belhaven Channel Daybeacon 11","status":"permanent","type":"beacon_lateral"},"children":{"beacon_lateral":{"category":"port","colour":"green","shape":"stake","system":"iala-b"},"topmark":{"colour":"green","shape":"cylinder"}},"osm_tags":{"seamark:beacon_lateral:category":"port","seamark:beacon_lateral:colour":"green","seamark:beacon_lateral:shape":"stake","seamark:beacon_lateral:system":"iala-b","seamark:name":"Belhaven Channel Daybeacon 11","seamark:status":"permanent","seamark:topmark:colour":"green","seamark:topmark:shape":"cylinder","seamark:type":"beacon_lateral"}}},{"type":"Feature","geometry":{"type":"Point","coordinates":[-76.6295441,35.5402065]},"properties":{"osm_id":7545943818,"osm_type":"node","seamark_type":"beacon_lateral","display_class":"BEACON","min_zoom":9,"importance":4,"name":"Belhaven Channel Daybeacon 12","ref":null,"common":{"name":"Belhaven Channel Daybeacon 12","status":"permanent","type":"beacon_lateral"},"children":{"beacon_lateral":{"category":"starboard","colour":"red","shape":"stake","system":"iala-b"},"topmark":{"colour":"red","shape":"cone, point up"}},"osm_tags":{"seamark:beacon_lateral:category":"starboard","seamark:beacon_lateral:colour":"red","seamark:beacon_lateral:shape":"stake","seamark:beacon_lateral:system":"iala-b","seamark:name":"Belhaven Channel Daybeacon 12","seamark:status":"permanent","seamark:topmark:colour":"red","seamark:topmark:shape":"cone, point up","seamark:type":"beacon_lateral"}}},{"type":"Feature","geometry":{"type":"Point","coordinates":[-76.6014165,35.5211938]},"properties":{"osm_id":7545943826,"osm_type":"node","seamark_type":"beacon_lateral","display_class":"BEACON","min_zoom":9,"importance":4,"name":"Belhaven Channel Daybeacon 2BC","ref":null,"common":{"name":"Belhaven Channel Daybeacon 2BC","status":"permanent","type":"beacon_lateral"},"children":{"beacon_lateral":{"category":"starboard","colour":"red","shape":"stake","system":"iala-b"},"topmark":{"colour":"red","shape":"cone, point up"}},"osm_tags":{"seamark:beacon_lateral:category":"starboard","seamark:beacon_lateral:colour":"red","seamark:beacon_lateral:shape":"stake","seamark:beacon_lateral:system":"iala-b","seamark:name":"Belhaven Channel Daybeacon 2BC","seamark:status":"permanent","seamark:topmark:colour":"red","seamark:topmark:shape":"cone, point up","seamark:type":"beacon_lateral"}}},{"type":"Feature","geometry":{"type":"Point","coordinates":[-76.6080026,35.5233529]},"properties":{"osm_id":7545943825,"osm_type":"node","seamark_type":"beacon_lateral","display_class":"BEACON","min_zoom":9,"importance":4,"name":"Belhaven Channel Daybeacon 3","ref":null,"common":{"name":"Belhaven Channel Daybeacon 3","status":"permanent","type":"beacon_lateral"},"children":{"beacon_lateral":{"category":"port","colour":"green","shape":"stake","system":"iala-b"},"topmark":{"colour":"green","shape":"cylinder"}},"osm_tags":{"seamark:beacon_lateral:category":"port","seamark:beacon_lateral:colour":"green","seamark:beacon_lateral:shape":"stake","seamark:beacon_lateral:system":"iala-b","seamark:name":"Belhaven Channel Daybeacon 3","seamark:status":"permanent","seamark:topmark:colour":"green","seamark:topmark:shape":"cylinder","seamark:type":"beacon_lateral"}}},{"type":"Feature","geometry":{"type":"Point","coordinates":[-76.6075601,35.5242752]},"properties":{"osm_id":7545943824,"osm_type":"node","seamark_type":"beacon_lateral","display_class":"BEACON","min_zoom":9,"importance":4,"name":"Belhaven Channel Daybeacon 4","ref":null,"common":{"name":"Belhaven Channel Daybeacon 4","status":"permanent","type":"beacon_lateral"},"children":{"beacon_lateral":{"category":"starboard","colour":"red","shape":"stake","system":"iala-b"},"topmark":{"colour":"red","shape":"cone, point up"}},"osm_tags":{"seamark:beacon_lateral:category":"starboard","seamark:beacon_lateral:colour":"red","seamark:beacon_lateral:shape":"stake","seamark:beacon_lateral:system":"iala-b","seamark:name":"Belhaven Channel Daybeacon 4","seamark:status":"permanent","seamark:topmark:colour":"red","seamark:topmark:shape":"cone, point up","seamark:type":"beacon_lateral"}}},{"type":"Feature","geometry":{"type":"Point","coordinates":[-76.6185115,35.5318623]},"properties":{"osm_id":7545943821,"osm_type":"node","seamark_type":"beacon_lateral","display_class":"BEACON","min_zoom":9,"importance":4,"name":"Belhaven Channel Daybeacon 8","ref":null,"common":{"name":"Belhaven Channel Daybeacon 8","status":"permanent","type":"beacon_lateral"},"children":{"beacon_lateral":{"category":"starboard","colour":"red","shape":"stake","system":"iala-b"},"topmark":{"colour":"red","shape":"cone, point up"}},"osm_tags":{"seamark:beacon_lateral:category":"starboard","seamark:beacon_lateral:colour":"red","seamark:beacon_lateral:shape":"stake","seamark:beacon_lateral:system":"iala-b","seamark:name":"Belhaven Channel Daybeacon 8","seamark:status":"permanent","seamark:topmark:colour":"red","seamark:topmark:shape":"cone, point up","seamark:type":"beacon_lateral"}}},{"type":"Feature","geometry":{"type":"Point","coordinates":[-76.6236071,35.5354266]},"properties":{"osm_id":7545943820,"osm_type":"node","seamark_type":"beacon_lateral","display_class":"BEACON","min_zoom":9,"importance":4,"name":"Belhaven Channel Daybeacon 9","ref":null,"common":{"name":"Belhaven Channel Daybeacon 9","status":"permanent","type":"beacon_lateral"},"children":{"beacon_lateral":{"category":"port","colour":"green","shape":"stake","system":"iala-b"},"topmark":{"colour":"green","shape":"cylinder"}},"osm_tags":{"seamark:beacon_lateral:category":"port","seamark:beacon_lateral:colour":"green","seamark:beacon_lateral:shape":"stake","seamark:beacon_lateral:system":"iala-b","seamark:name":"Belhaven Channel Daybeacon 9","seamark:status":"permanent","seamark:topmark:colour":"green","seamark:topmark:shape":"cylinder","seamark:type":"beacon_lateral"}}},{"type":"Feature","geometry":{"type":"Point","coordinates":[-76.6016029,35.5200947]},"properties":{"osm_id":7545943827,"osm_type":"node","seamark_type":"beacon_lateral","display_class":"BEACON","min_zoom":9,"importance":4,"name":"Belhaven Channel Light 1BC","ref":null,"common":{"name":"Belhaven Channel Light 1BC","status":"permanent","type":"beacon_lateral"},"children":{"beacon_lateral":{"category":"port","colour":"green","shape":"stake","system":"iala-b"},"light":{"character":"Fl","colour":"green","exhibition":"night","group":"1","height":"4.5","period":"2.5","range":"4","sequence":"00.3+(02.2)"},"topmark":{"colour":"green","shape":"cylinder"}},"osm_tags":{"seamark:beacon_lateral:category":"port","seamark:beacon_lateral:colour":"green","seamark:beacon_lateral:shape":"stake","seamark:beacon_lateral:system":"iala-b","seamark:light:character":"Fl","seamark:light:colour":"green","seamark:light:exhibition":"night","seamark:light:group":"1","seamark:light:height":"4.5","seamark:light:period":"2.5","seamark:light:range":"4","seamark:light:sequence":"00.3+(02.2)","seamark:name":"Belhaven Channel Light 1BC","seamark:status":"permanent","seamark:topmark:colour":"green","seamark:topmark:shape":"cylinder","seamark:type":"beacon_lateral"}}},{"type":"Feature","geometry":{"type":"Point","coordinates":[-76.6160493,35.5275954]},"properties":{"osm_id":7545943822,"osm_type":"node","seamark_type":"beacon_lateral","display_class":"BEACON","min_zoom":9,"importance":4,"name":"Belhaven Channel Light 5","ref":null,"common":{"name":"Belhaven Channel Light 5","status":"permanent","type":"beacon_lateral"},"children":{"beacon_lateral":{"category":"port","colour":"green","shape":"stake","system":"iala-b"},"light":{"character":"Fl","colour":"green","exhibition":"night","group":"1","height":"4.5","period":"4","range":"5","sequence":"00.4+(03.6)"},"topmark":{"colour":"green","shape":"cylinder"}},"osm_tags":{"seamark:beacon_lateral:category":"port","seamark:beacon_lateral:colour":"green","seamark:beacon_lateral:shape":"stake","seamark:beacon_lateral:system":"iala-b","seamark:light:character":"Fl","seamark:light:colour":"green","seamark:light:exhibition":"night","seamark:light:group":"1","seamark:light:height":"4.5","seamark:light:period":"4","seamark:light:range":"5","seamark:light:sequence":"00.4+(03.6)","seamark:name":"Belhaven Channel Light 5","seamark:status":"permanent","seamark:topmark:colour":"green","seamark:topmark:shape":"cylinder","seamark:type":"beacon_lateral"}}},{"type":"Feature","geometry":{"type":"Point","coordinates":[-76.6152419,35.5283725]},"properties":{"osm_id":7545943823,"osm_type":"node","seamark_type":"beacon_lateral","display_class":"BEACON","min_zoom":9,"importance":4,"name":"Belhaven Channel Light 6","ref":null,"common":{"name":"Belhaven Channel Light 6","status":"permanent","type":"beacon_lateral"},"children":{"beacon_lateral":{"category":"starboard","colour":"red","shape":"stake","system":"iala-b"},"light":{"character":"Fl","colour":"red","exhibition":"night","group":"1","height":"4.5","period":"4","range":"4","sequence":"00.4+(03.6)"},"topmark":{"colour":"red","shape":"cone, point up"}},"osm_tags":{"seamark:beacon_lateral:category":"starboard","seamark:beacon_lateral:colour":"red","seamark:beacon_lateral:shape":"stake","seamark:beacon_lateral:system":"iala-b","seamark:light:character":"Fl","seamark:light:colour":"red","seamark:light:exhibition":"night","seamark:light:group":"1","seamark:light:height":"4.5","seamark:light:period":"4","seamark:light:range":"4","seamark:light:sequence":"00.4+(03.6)","seamark:name":"Belhaven Channel Light 6","seamark:status":"permanent","seamark:topmark:colour":"red","seamark:topmark:shape":"cone, point up","seamark:type":"beacon_lateral"}}},{"type":"Feature","geometry":{"type":"Point","coordinates":[-76.6121564,35.9424373]},"properties":{"osm_id":7490960494,"osm_type":"node","seamark_type":"beacon_lateral","display_class":"BEACON","min_zoom":9,"importance":4,"name":"Kendrick Creek Channel Daybeacon 2","ref":null,"common":{"name":"Kendrick Creek Channel Daybeacon 2","status":"permanent","type":"beacon_lateral"},"children":{"beacon_lateral":{"category":"starboard","colour":"red","shape":"stake","system":"iala-b"},"topmark":{"colour":"red","shape":"cone, point up"}},"osm_tags":{"seamark:beacon_lateral:category":"starboard","seamark:beacon_lateral:colour":"red","seamark:beacon_lateral:shape":"stake","seamark:beacon_lateral:system":"iala-b","seamark:name":"Kendrick Creek Channel Daybeacon 2","seamark:status":"permanent","seamark:topmark:colour":"red","seamark:topmark:shape":"cone, point up","seamark:type":"beacon_lateral"}}},{"type":"Feature","geometry":{"type":"Point","coordinates":[-76.6117955,35.9425841]},"properties":{"osm_id":7490960493,"osm_type":"node","seamark_type":"beacon_lateral","display_class":"BEACON","min_zoom":9,"importance":4,"name":"Kendrick Creek Channel Entrance Light 1KC","ref":null,"common":{"name":"Kendrick Creek Channel Entrance Light 1KC","status":"permanent","type":"beacon_lateral"},"children":{"beacon_lateral":{"category":"port","colour":"green","shape":"stake","system":"iala-b"},"light":{"character":"Fl","colour":"green","exhibition":"night","group":"1","height":"4.5","period":"2.5","range":"4","sequence":"00.3+(02.2)"},"topmark":{"colour":"green","shape":"cylinder"}},"osm_tags":{"seamark:beacon_lateral:category":"port","seamark:beacon_lateral:colour":"green","seamark:beacon_lateral:shape":"stake","seamark:beacon_lateral:system":"iala-b","seamark:light:character":"Fl","seamark:light:colour":"green","seamark:light:exhibition":"night","seamark:light:group":"1","seamark:light:height":"4.5","seamark:light:period":"2.5","seamark:light:range":"4","seamark:light:sequence":"00.3+(02.2)","seamark:name":"Kendrick Creek Channel Entrance Light 1KC","seamark:status":"permanent","seamark:topmark:colour":"green","seamark:topmark:shape":"cylinder","seamark:type":"beacon_lateral"}}},{"type":"Feature","geometry":{"type":"Point","coordinates":[-76.5855485,35.5236476]},"properties":{"osm_id":7545943829,"osm_type":"node","seamark_type":"beacon_lateral","display_class":"BEACON","min_zoom":9,"importance":4,"name":"Pungo River Channel Daybeacon 11","ref":null,"common":{"name":"Pungo River Channel Daybeacon 11","status":"permanent","type":"beacon_lateral"},"children":{"beacon_lateral":{"category":"port","colour":"green","shape":"stake","system":"iala-b"},"topmark":{"colour":"green","shape":"cylinder"}},"osm_tags":{"seamark:beacon_lateral:category":"port","seamark:beacon_lateral:colour":"green","seamark:beacon_lateral:shape":"stake","seamark:beacon_lateral:system":"iala-b","seamark:name":"Pungo River Channel Daybeacon 11","seamark:status":"permanent","seamark:topmark:colour":"green","seamark:topmark:shape":"cylinder","seamark:type":"beacon_lateral"}}},{"type":"Feature","geometry":{"type":"Point","coordinates":[-76.5587868,35.5201531]},"properties":{"osm_id":7545943831,"osm_type":"node","seamark_type":"beacon_lateral","display_class":"BEACON","min_zoom":9,"importance":4,"name":"Pungo River Channel Daybeacon 12","ref":null,"common":{"name":"Pungo River Channel Daybeacon 12","status":"permanent","type":"beacon_lateral"},"children":{"beacon_lateral":{"category":"starboard","colour":"red","shape":"stake","system":"iala-b"},"topmark":{"colour":"red","shape":"cone, point up"}},"osm_tags":{"seamark:beacon_lateral:category":"starboard","seamark:beacon_lateral:colour":"red","seamark:beacon_lateral:shape":"stake","seamark:beacon_lateral:system":"iala-b","seamark:name":"Pungo River Channel Daybeacon 12","seamark:status":"permanent","seamark:topmark:colour":"red","seamark:topmark:shape":"cone, point up","seamark:type":"beacon_lateral"}}},{"type":"Feature","geometry":{"type":"Point","coordinates":[-76.5256182,35.5203678]},"properties":{"osm_id":7545732172,"osm_type":"node","seamark_type":"beacon_lateral","display_class":"BEACON","min_zoom":9,"importance":4,"name":"Pungo River Channel Daybeacon 15","ref":null,"common":{"name":"Pungo River Channel Daybeacon 15","status":"permanent","type":"beacon_lateral"},"children":{"beacon_lateral":{"category":"port","shape":"tower","system":"iala-b"},"topmark":{"colour":"green","shape":"cylinder"}},"osm_tags":{"seamark:beacon_lateral:category":"port","seamark:beacon_lateral:shape":"tower","seamark:beacon_lateral:system":"iala-b","seamark:name":"Pungo River Channel Daybeacon 15","seamark:status":"permanent","seamark:topmark:colour":"green","seamark:topmark:shape":"cylinder","seamark:type":"beacon_lateral"}}},{"type":"Feature","geometry":{"type":"Point","coordinates":[-76.505496,35.5184448]},"properties":{"osm_id":7545732173,"osm_type":"node","seamark_type":"beacon_lateral","display_class":"BEACON","min_zoom":9,"importance":4,"name":"Pungo River Channel Daybeacon 16","ref":null,"common":{"name":"Pungo River Channel Daybeacon 16","status":"permanent","type":"beacon_lateral"},"children":{"beacon_lateral":{"category":"starboard","colour":"red","shape":"stake","system":"iala-b"},"topmark":{"colour":"red","shape":"cone, point up"}},"osm_tags":{"seamark:beacon_lateral:category":"starboard","seamark:beacon_lateral:colour":"red","seamark:beacon_lateral:shape":"stake","seamark:beacon_lateral:system":"iala-b","seamark:name":"Pungo River Channel Daybeacon 16","seamark:status":"permanent","seamark:topmark:colour":"red","seamark:topmark:shape":"cone, point up","seamark:type":"beacon_lateral"}}},{"type":"Feature","geometry":{"type":"Point","coordinates":[-76.5016826,35.5197268]},"properties":{"osm_id":7545732174,"osm_type":"node","seamark_type":"beacon_lateral","display_class":"BEACON","min_zoom":9,"importance":4,"name":"Pungo River Channel Daybeacon 17","ref":null,"common":{"name":"Pungo River Channel Daybeacon 17","status":"permanent","type":"beacon_lateral"},"children":{"beacon_lateral":{"category":"port","colour":"green","shape":"stake","system":"iala-b"},"topmark":{"colour":"green","shape":"cylinder"}},"osm_tags":{"seamark:beacon_lateral:category":"port","seamark:beacon_lateral:colour":"green","seamark:beacon_lateral:shape":"stake","seamark:beacon_lateral:system":"iala-b","seamark:name":"Pungo River Channel Daybeacon 17","seamark:status":"permanent","seamark:topmark:colour":"green","seamark:topmark:shape":"cylinder","seamark:type":"beacon_lateral"}}},{"type":"Feature","geometry":{"type":"Point","coordinates":[-76.4943313,35.5220207]},"properties":{"osm_id":7545732175,"osm_type":"node","seamark_type":"beacon_lateral","display_class":"BEACON","min_zoom":9,"importance":4,"name":"Pungo River Channel Daybeacon 19","ref":null,"common":{"name":"Pungo River Channel Daybeacon 19","status":"permanent","type":"beacon_lateral"},"children":{"beacon_lateral":{"category":"port","colour":"green","shape":"stake","system":"iala-b"},"topmark":{"colour":"green","shape":"cylinder"}},"osm_tags":{"seamark:beacon_lateral:category":"port","seamark:beacon_lateral:colour":"green","seamark:beacon_lateral:shape":"stake","seamark:beacon_lateral:system":"iala-b","seamark:name":"Pungo River Channel Daybeacon 19","seamark:status":"permanent","seamark:topmark:colour":"green","seamark:topmark:shape":"cylinder","seamark:type":"beacon_lateral"}}},{"type":"Feature","geometry":{"type":"Point","coordinates":[-76.4670123,35.5499968]},"properties":{"osm_id":7545732181,"osm_type":"node","seamark_type":"beacon_lateral","display_class":"BEACON","min_zoom":9,"importance":4,"name":"Pungo River Channel Daybeacon 22","ref":null,"common":{"name":"Pungo River Channel Daybeacon 22","status":"permanent","type":"beacon_lateral"},"children":{"beacon_lateral":{"category":"starboard","colour":"red","shape":"stake","system":"iala-b"},"topmark":{"colour":"red","shape":"cone, point up"}},"osm_tags":{"seamark:beacon_lateral:category":"starboard","seamark:beacon_lateral:colour":"red","seamark:beacon_lateral:shape":"stake","seamark:beacon_lateral:system":"iala-b","seamark:name":"Pungo River Channel Daybeacon 22","seamark:status":"permanent","seamark:topmark:colour":"red","seamark:topmark:shape":"cone, point up","seamark:type":"beacon_lateral"}}},{"type":"Feature","geometry":{"type":"Point","coordinates":[-76.4648893,35.550239]},"properties":{"osm_id":7545732182,"osm_type":"node","seamark_type":"beacon_lateral","display_class":"BEACON","min_zoom":9,"importance":4,"name":"Pungo River Channel Daybeacon 24","ref":null,"common":{"name":"Pungo River Channel Daybeacon 24","status":"permanent","type":"beacon_lateral"},"children":{"beacon_lateral":{"category":"starboard","colour":"red","shape":"stake","system":"iala-b"},"topmark":{"colour":"red","shape":"cone, point up"}},"osm_tags":{"seamark:beacon_lateral:category":"starboard","seamark:beacon_lateral:colour":"red","seamark:beacon_lateral:shape":"stake","seamark:beacon_lateral:system":"iala-b","seamark:name":"Pungo River Channel Daybeacon 24","seamark:status":"permanent","seamark:topmark:colour":"red","seamark:topmark:shape":"cone, point up","seamark:type":"beacon_lateral"}}},{"type":"Feature","geometry":{"type":"Point","coordinates":[-76.5924928,35.5217189]},"properties":{"osm_id":7545943828,"osm_type":"node","seamark_type":"beacon_lateral","display_class":"BEACON","min_zoom":9,"importance":4,"name":"Pungo River Channel Light 10","ref":null,"common":{"name":"Pungo River Channel Light 10","status":"permanent","type":"beacon_lateral"},"children":{"beacon_lateral":{"category":"starboard","colour":"red","system":"iala-b"},"light":{"character":"Q","colour":"red","exhibition":"night","group":"1","height":"4.5","period":"1","range":"4","sequence":"00.3+(00.7)"},"topmark":{"colour":"red","shape":"cone, point up"}},"osm_tags":{"seamark:beacon_lateral:category":"starboard","seamark:beacon_lateral:colour":"red","seamark:beacon_lateral:system":"iala-b","seamark:light:character":"Q","seamark:light:colour":"red","seamark:light:exhibition":"night","seamark:light:group":"1","seamark:light:height":"4.5","seamark:light:period":"1","seamark:light:range":"4","seamark:light:sequence":"00.3+(00.7)","seamark:name":"Pungo River Channel Light 10","seamark:status":"permanent","seamark:topmark:colour":"red","seamark:topmark:shape":"cone, point up","seamark:type":"beacon_lateral"}}},{"type":"Feature","geometry":{"type":"Point","coordinates":[-76.558819,35.5216141]},"properties":{"osm_id":7545943830,"osm_type":"node","seamark_type":"beacon_lateral","display_class":"BEACON","min_zoom":9,"importance":4,"name":"Pungo River Channel Light 13","ref":null,"common":{"name":"Pungo River Channel Light 13","status":"permanent","type":"beacon_lateral"},"children":{"beacon_lateral":{"category":"port","colour":"green","shape":"stake","system":"iala-b"},"light":{"character":"Fl","colour":"green","exhibition":"night","group":"1","height":"4.5","period":"4","range":"4","sequence":"00.4+(03.6)"},"topmark":{"colour":"green","shape":"cylinder"}},"osm_tags":{"seamark:beacon_lateral:category":"port","seamark:beacon_lateral:colour":"green","seamark:beacon_lateral:shape":"stake","seamark:beacon_lateral:system":"iala-b","seamark:light:character":"Fl","seamark:light:colour":"green","seamark:light:exhibition":"night","seamark:light:group":"1","seamark:light:height":"4.5","seamark:light:period":"4","seamark:light:range":"4","seamark:light:sequence":"00.4+(03.6)","seamark:name":"Pungo River Channel Light 13","seamark:status":"permanent","seamark:topmark:colour":"green","seamark:topmark:shape":"cylinder","seamark:type":"beacon_lateral"}}},{"type":"Feature","geometry":{"type":"Point","coordinates":[-76.4961693,35.5177991]},"properties":{"osm_id":7545732179,"osm_type":"node","seamark_type":"beacon_lateral","display_class":"BEACON","min_zoom":9,"importance":4,"name":"Pungo River Channel Light 18","ref":null,"common":{"name":"Pungo River Channel Light 18","status":"permanent","type":"beacon_lateral"},"children":{"beacon_lateral":{"category":"starboard","colour":"red","system":"iala-b"},"light":{"character":"Q","colour":"red","exhibition":"night","group":"1","height":"4.5","period":"1","range":"4","sequence":"00.3+(00.7)"},"topmark":{"colour":"red","shape":"cone, point up"}},"osm_tags":{"seamark:beacon_lateral:category":"starboard","seamark:beacon_lateral:colour":"red","seamark:beacon_lateral:system":"iala-b","seamark:light:character":"Q","seamark:light:colour":"red","seamark:light:exhibition":"night","seamark:light:group":"1","seamark:light:height":"4.5","seamark:light:period":"1","seamark:light:range":"4","seamark:light:sequence":"00.3+(00.7)","seamark:name":"Pungo River Channel Light 18","seamark:status":"permanent","seamark:topmark:colour":"red","seamark:topmark:shape":"cone, point up","seamark:type":"beacon_lateral"}}},{"type":"Feature","geometry":{"type":"Point","coordinates":[-76.481633,35.5357387]},"properties":{"osm_id":7545732180,"osm_type":"node","seamark_type":"beacon_lateral","display_class":"BEACON","min_zoom":9,"importance":4,"name":"Pungo River Channel Light 21","ref":null,"common":{"name":"Pungo River Channel Light 21","status":"permanent","type":"beacon_lateral"},"children":{"beacon_lateral":{"category":"port","colour":"green","system":"iala-b"},"light":{"character":"Fl","colour":"green","exhibition":"night","group":"1","height":"4.5","period":"4","range":"4","sequence":"00.4+(03.6)"},"topmark":{"colour":"green","shape":"cylinder"}},"osm_tags":{"seamark:beacon_lateral:category":"port","seamark:beacon_lateral:colour":"green","seamark:beacon_lateral:system":"iala-b","seamark:light:character":"Fl","seamark:light:colour":"green","seamark:light:exhibition":"night","seamark:light:group":"1","seamark:light:height":"4.5","seamark:light:period":"4","seamark:light:range":"4","seamark:light:sequence":"00.4+(03.6)","seamark:name":"Pungo River Channel Light 21","seamark:status":"permanent","seamark:topmark:colour":"green","seamark:topmark:shape":"cylinder","seamark:type":"beacon_lateral"}}},{"type":"Feature","geometry":{"type":"Point","coordinates":[-76.4666683,35.5508064]},"properties":{"osm_id":7545732183,"osm_type":"node","seamark_type":"beacon_lateral","display_class":"BEACON","min_zoom":9,"importance":4,"name":"Pungo River Channel Light 23","ref":null,"common":{"name":"Pungo River Channel Light 23","status":"permanent","type":"beacon_lateral"},"children":{"beacon_lateral":{"category":"port","colour":"green","shape":"stake","system":"iala-b"},"light":{"character":"Q","colour":"green","exhibition":"night","group":"1","height":"4.5","period":"1","range":"3","sequence":"00.3+(00.7)"},"topmark":{"colour":"green","shape":"cylinder"}},"osm_tags":{"seamark:beacon_lateral:category":"port","seamark:beacon_lateral:colour":"green","seamark:beacon_lateral:shape":"stake","seamark:beacon_lateral:system":"iala-b","seamark:light:character":"Q","seamark:light:colour":"green","seamark:light:exhibition":"night","seamark:light:group":"1","seamark:light:height":"4.5","seamark:light:period":"1","seamark:light:range":"3","seamark:light:sequence":"00.3+(00.7)","seamark:name":"Pungo River Channel Light 23","seamark:status":"permanent","seamark:topmark:colour":"green","seamark:topmark:shape":"cylinder","seamark:type":"beacon_lateral"}}},{"type":"Feature","geometry":{"type":"Point","coordinates":[-76.4570258,35.5523236]},"properties":{"osm_id":7545732184,"osm_type":"node","seamark_type":"beacon_lateral","display_class":"BEACON","min_zoom":9,"importance":4,"name":"Pungo River Channel Light 25","ref":null,"common":{"name":"Pungo River Channel Light 25","status":"permanent","type":"beacon_lateral"},"children":{"beacon_lateral":{"category":"port","colour":"green","shape":"stake","system":"iala-b"},"light":{"character":"Fl","colour":"green","exhibition":"night","group":"1","height":"4.5","period":"4","range":"4","sequence":"00.4+(03.6)"},"topmark":{"colour":"green","shape":"cylinder"}},"osm_tags":{"seamark:beacon_lateral:category":"port","seamark:beacon_lateral:colour":"green","seamark:beacon_lateral:shape":"stake","seamark:beacon_lateral:system":"iala-b","seamark:light:character":"Fl","seamark:light:colour":"green","seamark:light:exhibition":"night","seamark:light:group":"1","seamark:light:height":"4.5","seamark:light:period":"4","seamark:light:range":"4","seamark:light:sequence":"00.4+(03.6)","seamark:name":"Pungo River Channel Light 25","seamark:status":"permanent","seamark:topmark:colour":"green","seamark:topmark:shape":"cylinder","seamark:type":"beacon_lateral"}}},{"type":"Feature","geometry":{"type":"Point","coordinates":[-76.4494787,35.5537581]},"properties":{"osm_id":7545801687,"osm_type":"node","seamark_type":"beacon_lateral","display_class":"BEACON","min_zoom":9,"importance":4,"name":"Pungo River Daybeacon 27PR","ref":null,"common":{"name":"Pungo River Daybeacon 27PR","status":"permanent","type":"beacon_lateral"},"children":{"beacon_lateral":{"category":"port","colour":"green","shape":"stake","system":"iala-b"},"topmark":{"colour":"green","shape":"cylinder"}},"osm_tags":{"seamark:beacon_lateral:category":"port","seamark:beacon_lateral:colour":"green","seamark:beacon_lateral:shape":"stake","seamark:beacon_lateral:system":"iala-b","seamark:name":"Pungo River Daybeacon 27PR","seamark:status":"permanent","seamark:topmark:colour":"green","seamark:topmark:shape":"cylinder","seamark:type":"beacon_lateral"}}},{"type":"Feature","geometry":{"type":"Point","coordinates":[-76.4491758,35.5533321]},"properties":{"osm_id":7545801688,"osm_type":"node","seamark_type":"beacon_lateral","display_class":"BEACON","min_zoom":9,"importance":4,"name":"Pungo River Daybeacon 28","ref":null,"common":{"name":"Pungo River Daybeacon 28","status":"permanent","type":"beacon_lateral"},"children":{"beacon_lateral":{"category":"starboard","colour":"red","shape":"stake","system":"iala-b"},"topmark":{"colour":"red","shape":"cone, point up"}},"osm_tags":{"seamark:beacon_lateral:category":"starboard","seamark:beacon_lateral:colour":"red","seamark:beacon_lateral:shape":"stake","seamark:beacon_lateral:system":"iala-b","seamark:name":"Pungo River Daybeacon 28","seamark:status":"permanent","seamark:topmark:colour":"red","seamark:topmark:shape":"cone, point up","seamark:type":"beacon_lateral"}}},{"type":"Feature","geometry":{"type":"Point","coordinates":[-76.5878178,35.4711357]},"properties":{"osm_id":7546621124,"osm_type":"node","seamark_type":"beacon_lateral","display_class":"BEACON","min_zoom":9,"importance":4,"name":"Pungo River Daybeacon 5","ref":null,"common":{"name":"Pungo River Daybeacon 5","status":"permanent","type":"beacon_lateral"},"children":{"beacon_lateral":{"category":"port","colour":"green","shape":"stake","system":"iala-b"},"topmark":{"colour":"green","shape":"cylinder"}},"osm_tags":{"seamark:beacon_lateral:category":"port","seamark:beacon_lateral:colour":"green","seamark:beacon_lateral:shape":"stake","seamark:beacon_lateral:system":"iala-b","seamark:name":"Pungo River Daybeacon 5","seamark:status":"permanent","seamark:topmark:colour":"green","seamark:topmark:shape":"cylinder","seamark:type":"beacon_lateral"}}},{"type":"Feature","geometry":{"type":"Point","coordinates":[-76.5597175,35.3776426]},"properties":{"osm_id":7546621119,"osm_type":"node","seamark_type":"beacon_lateral","display_class":"BEACON","min_zoom":9,"importance":4,"name":"Pungo River Junction Light PR","ref":null,"common":{"name":"Pungo River Junction Light PR","status":"permanent","type":"beacon_lateral"},"children":{"beacon_lateral":{"category":"preferred_channel_port","colour":"red;green;red","colour_pattern":"horizontal","system":"iala-b"},"light":{"character":"Fl","colour":"red","exhibition":"night","group":"2+1","height":"5.4","period":"6","range":"5","sequence":"00.3+(00.4)+00.3+(01.2)+00.3+(03.5)"},"topmark":{"colour":"red","shape":"cone, point up"}},"osm_tags":{"seamark:beacon_lateral:category":"preferred_channel_port","seamark:beacon_lateral:colour":"red;green;red","seamark:beacon_lateral:colour_pattern":"horizontal","seamark:beacon_lateral:system":"iala-b","seamark:light:character":"Fl","seamark:light:colour":"red","seamark:light:exhibition":"night","seamark:light:group":"2+1","seamark:light:height":"5.4","seamark:light:period":"6","seamark:light:range":"5","seamark:light:sequence":"00.3+(00.4)+00.3+(01.2)+00.3+(03.5)","seamark:name":"Pungo River Junction Light PR","seamark:status":"permanent","seamark:topmark:colour":"red","seamark:topmark:shape":"cone, point up","seamark:type":"beacon_lateral"}}},{"type":"Feature","geometry":{"type":"Point","coordinates":[-76.5706762,35.4291429]},"properties":{"osm_id":7546621122,"osm_type":"node","seamark_type":"beacon_lateral","display_class":"BEACON","min_zoom":9,"importance":4,"name":"Pungo River Light 3","ref":null,"common":{"name":"Pungo River Light 3","status":"permanent","type":"beacon_lateral"},"children":{"beacon_lateral":{"category":"port","colour":"green","shape":"stake","system":"iala-b"},"light":{"character":"Fl","colour":"green","exhibition":"night","group":"1","height":"4.5","period":"4","range":"4","sequence":"00.4+(03.6)"},"topmark":{"colour":"green","shape":"cylinder"}},"osm_tags":{"seamark:beacon_lateral:category":"port","seamark:beacon_lateral:colour":"green","seamark:beacon_lateral:shape":"stake","seamark:beacon_lateral:system":"iala-b","seamark:light:character":"Fl","seamark:light:colour":"green","seamark:light:exhibition":"night","seamark:light:group":"1","seamark:light:height":"4.5","seamark:light:period":"4","seamark:light:range":"4","seamark:light:sequence":"00.4+(03.6)","seamark:name":"Pungo River Light 3","seamark:status":"permanent","seamark:topmark:colour":"green","seamark:topmark:shape":"cylinder","seamark:type":"beacon_lateral"}}},{"type":"Feature","geometry":{"type":"Point","coordinates":[-76.5740209,35.4491257]},"properties":{"osm_id":7546621123,"osm_type":"node","seamark_type":"beacon_lateral","display_class":"BEACON","min_zoom":9,"importance":4,"name":"Pungo River Light 4","ref":null,"common":{"name":"Pungo River Light 4","status":"permanent","type":"beacon_lateral"},"children":{"beacon_lateral":{"category":"starboard","colour":"red","shape":"stake","system":"iala-b"},"light":{"character":"Fl","colour":"red","exhibition":"night","group":"1","height":"4.5","period":"4","range":"3","sequence":"00.4+(03.6)"},"topmark":{"colour":"red","shape":"cone, point up"}},"osm_tags":{"seamark:beacon_lateral:category":"starboard","seamark:beacon_lateral:colour":"red","seamark:beacon_lateral:shape":"stake","seamark:beacon_lateral:system":"iala-b","seamark:light:character":"Fl","seamark:light:colour":"red","seamark:light:exhibition":"night","seamark:light:group":"1","seamark:light:height":"4.5","seamark:light:period":"4","seamark:light:range":"3","seamark:light:sequence":"00.4+(03.6)","seamark:name":"Pungo River Light 4","seamark:status":"permanent","seamark:topmark:colour":"red","seamark:topmark:shape":"cone, point up","seamark:type":"beacon_lateral"}}},{"type":"Feature","geometry":{"type":"Point","coordinates":[-76.58741,35.4834172]},"properties":{"osm_id":7546621125,"osm_type":"node","seamark_type":"beacon_lateral","display_class":"BEACON","min_zoom":9,"importance":4,"name":"Pungo River Light 7","ref":null,"common":{"name":"Pungo River Light 7","status":"permanent","type":"beacon_lateral"},"children":{"beacon_lateral":{"category":"port","colour":"green","shape":"stake","system":"iala-b"},"light":{"character":"Fl","colour":"green","exhibition":"night","group":"1","height":"4.5","period":"4","range":"4","sequence":"00.4+(03.6)"},"topmark":{"colour":"green","shape":"cylinder"}},"osm_tags":{"seamark:beacon_lateral:category":"port","seamark:beacon_lateral:colour":"green","seamark:beacon_lateral:shape":"stake","seamark:beacon_lateral:system":"iala-b","seamark:light:character":"Fl","seamark:light:colour":"green","seamark:light:exhibition":"night","seamark:light:group":"1","seamark:light:height":"4.5","seamark:light:period":"4","seamark:light:range":"4","seamark:light:sequence":"00.4+(03.6)","seamark:name":"Pungo River Light 7","seamark:status":"permanent","seamark:topmark:colour":"green","seamark:topmark:shape":"cylinder","seamark:type":"beacon_lateral"}}},{"type":"Feature","geometry":{"type":"Point","coordinates":[-76.5935268,35.5024226]},"properties":{"osm_id":7546621126,"osm_type":"node","seamark_type":"beacon_lateral","display_class":"BEACON","min_zoom":9,"importance":4,"name":"Pungo River Light 8","ref":null,"common":{"name":"Pungo River Light 8","status":"permanent","type":"beacon_lateral"},"children":{"beacon_lateral":{"category":"starboard","colour":"red","system":"iala-b"},"light":{"character":"Fl","colour":"red","exhibition":"night","group":"1","height":"4.5","period":"4","range":"5","sequence":"00.4+(03.6)"},"topmark":{"colour":"red","shape":"cone, point up"}},"osm_tags":{"seamark:beacon_lateral:category":"starboard","seamark:beacon_lateral:colour":"red","seamark:beacon_lateral:system":"iala-b","seamark:light:character":"Fl","seamark:light:colour":"red","seamark:light:exhibition":"night","seamark:light:group":"1","seamark:light:height":"4.5","seamark:light:period":"4","seamark:light:range":"5","seamark:light:sequence":"00.4+(03.6)","seamark:name":"Pungo River Light 8","seamark:status":"permanent","seamark:topmark:colour":"red","seamark:topmark:shape":"cone, point up","seamark:type":"beacon_lateral"}}},{"type":"Feature","geometry":{"type":"Point","coordinates":[-76.5584871,35.4218057]},"properties":{"osm_id":7546621121,"osm_type":"node","seamark_type":"beacon_lateral","display_class":"BEACON","min_zoom":9,"importance":4,"name":"Pungo River Wreck Light WR2","ref":null,"common":{"name":"Pungo River Wreck Light WR2","status":"permanent","type":"beacon_lateral"},"children":{"beacon_lateral":{"category":"starboard","colour":"red","shape":"stake","system":"iala-b"},"light":{"character":"Q","colour":"red","exhibition":"night","group":"1","height":"4.5","period":"1","range":"3","sequence":"00.3+(00.7)"},"topmark":{"colour":"red","shape":"cone, point up"}},"osm_tags":{"seamark:beacon_lateral:category":"starboard","seamark:beacon_lateral:colour":"red","seamark:beacon_lateral:shape":"stake","seamark:beacon_lateral:system":"iala-b","seamark:light:character":"Q","seamark:light:colour":"red","seamark:light:exhibition":"night","seamark:light:group":"1","seamark:light:height":"4.5","seamark:light:period":"1","seamark:light:range":"3","seamark:light:sequence":"00.3+(00.7)","seamark:name":"Pungo River Wreck Light WR2","seamark:status":"permanent","seamark:topmark:colour":"red","seamark:topmark:shape":"cone, point up","seamark:type":"beacon_lateral"}}},{"type":"Feature","geometry":{"type":"Point","coordinates":[-76.699301,35.9307868]},"properties":{"osm_id":5993427870,"osm_type":"node","seamark_type":"beacon_lateral","display_class":"BEACON","min_zoom":9,"importance":4,"name":"Roanoke River Channel Daybeacon 12","ref":null,"common":{"name":"Roanoke River Channel Daybeacon 12","status":"permanent","type":"beacon_lateral"},"children":{"beacon_lateral":{"category":"starboard","colour":"red","shape":"stake","system":"iala-b"},"topmark":{"colour":"red","shape":"cone, point up"}},"osm_tags":{"height":"4","seamark:beacon_lateral:category":"starboard","seamark:beacon_lateral:colour":"red","seamark:beacon_lateral:shape":"stake","seamark:beacon_lateral:system":"iala-b","seamark:name":"Roanoke River Channel Daybeacon 12","seamark:status":"permanent","seamark:topmark:colour":"red","seamark:topmark:shape":"cone, point up","seamark:type":"beacon_lateral"}}},{"type":"Feature","geometry":{"type":"Point","coordinates":[-76.7253909,35.9119806]},"properties":{"osm_id":5993427865,"osm_type":"node","seamark_type":"beacon_lateral","display_class":"BEACON","min_zoom":9,"importance":4,"name":"Roanoke River Channel Daybeacon 16","ref":null,"common":{"name":"Roanoke River Channel Daybeacon 16","type":"beacon_lateral"},"children":{"beacon_lateral":{"category":"starboard","colour":"red","shape":"stake","system":"iala-b"},"topmark":{"colour":"red","shape":"cone, point up"}},"osm_tags":{"height":"4","seamark:beacon_lateral:category":"starboard","seamark:beacon_lateral:colour":"red","seamark:beacon_lateral:shape":"stake","seamark:beacon_lateral:system":"iala-b","seamark:name":"Roanoke River Channel Daybeacon 16","seamark:topmark:colour":"red","seamark:topmark:shape":"cone, point up","seamark:type":"beacon_lateral"}}},{"type":"Feature","geometry":{"type":"Point","coordinates":[-76.6714768,35.952126]},"properties":{"osm_id":7494477070,"osm_type":"node","seamark_type":"beacon_lateral","display_class":"BEACON","min_zoom":9,"importance":4,"name":"Roanoke River Channel Daybeacon 2","ref":null,"common":{"name":"Roanoke River Channel Daybeacon 2","status":"permanent","type":"beacon_lateral"},"children":{"beacon_lateral":{"category":"starboard","colour":"red","shape":"stake","system":"iala-b"},"topmark":{"colour":"red","shape":"cone, point up"}},"osm_tags":{"seamark:beacon_lateral:category":"starboard","seamark:beacon_lateral:colour":"red","seamark:beacon_lateral:shape":"stake","seamark:beacon_lateral:system":"iala-b","seamark:name":"Roanoke River Channel Daybeacon 2","seamark:status":"permanent","seamark:topmark:colour":"red","seamark:topmark:shape":"cone, point up","seamark:type":"beacon_lateral"}}},{"type":"Feature","geometry":{"type":"Point","coordinates":[-76.691894,35.9451435]},"properties":{"osm_id":7494477072,"osm_type":"node","seamark_type":"beacon_lateral","display_class":"BEACON","min_zoom":9,"importance":4,"name":"Roanoke River Channel Daybeacon 5","ref":null,"common":{"name":"Roanoke River Channel Daybeacon 5","status":"permanent","type":"beacon_lateral"},"children":{"beacon_lateral":{"category":"port","colour":"green","shape":"stake","system":"iala-b"},"topmark":{"colour":"green","shape":"cylinder"}},"osm_tags":{"seamark:beacon_lateral:category":"port","seamark:beacon_lateral:colour":"green","seamark:beacon_lateral:shape":"stake","seamark:beacon_lateral:system":"iala-b","seamark:name":"Roanoke River Channel Daybeacon 5","seamark:status":"permanent","seamark:topmark:colour":"green","seamark:topmark:shape":"cylinder","seamark:type":"beacon_lateral"}}},{"type":"Feature","geometry":{"type":"Point","coordinates":[-76.6955975,35.9432527]},"properties":{"osm_id":7494477073,"osm_type":"node","seamark_type":"beacon_lateral","display_class":"BEACON","min_zoom":9,"importance":4,"name":"Roanoke River Channel Daybeacon 8","ref":null,"common":{"name":"Roanoke River Channel Daybeacon 8","status":"permanent","type":"beacon_lateral"},"children":{"beacon_lateral":{"category":"starboard","colour":"red","shape":"stake","system":"iala-b"},"topmark":{"colour":"red","shape":"cone, point up"}},"osm_tags":{"seamark:beacon_lateral:category":"starboard","seamark:beacon_lateral:colour":"red","seamark:beacon_lateral:shape":"stake","seamark:beacon_lateral:system":"iala-b","seamark:name":"Roanoke River Channel Daybeacon 8","seamark:status":"permanent","seamark:topmark:colour":"red","seamark:topmark:shape":"cone, point up","seamark:type":"beacon_lateral"}}},{"type":"Feature","geometry":{"type":"Point","coordinates":[-76.6585814,35.9549806]},"properties":{"osm_id":7494477069,"osm_type":"node","seamark_type":"beacon_lateral","display_class":"BEACON","min_zoom":9,"importance":4,"name":"Roanoke River Channel Entrance Light 1RR","ref":null,"common":{"name":"Roanoke River Channel Entrance Light 1RR","status":"permanent","type":"beacon_lateral"},"children":{"beacon_lateral":{"category":"port","colour":"green","system":"iala-b"},"light":{"character":"Fl","colour":"green","exhibition":"night","group":"1","height":"4.5","period":"4","range":"5","sequence":"00.4+(03.6)"},"topmark":{"colour":"green","shape":"cylinder"}},"osm_tags":{"seamark:beacon_lateral:category":"port","seamark:beacon_lateral:colour":"green","seamark:beacon_lateral:system":"iala-b","seamark:light:character":"Fl","seamark:light:colour":"green","seamark:light:exhibition":"night","seamark:light:group":"1","seamark:light:height":"4.5","seamark:light:period":"4","seamark:light:range":"5","seamark:light:sequence":"00.4+(03.6)","seamark:name":"Roanoke River Channel Entrance Light 1RR","seamark:status":"permanent","seamark:topmark:colour":"green","seamark:topmark:shape":"cylinder","seamark:type":"beacon_lateral"}}},{"type":"Feature","geometry":{"type":"Point","coordinates":[-76.6964847,35.9408809]},"properties":{"osm_id":5993427872,"osm_type":"node","seamark_type":"beacon_lateral","display_class":"BEACON","min_zoom":9,"importance":4,"name":"Roanoke River Channel Light 10","ref":null,"common":{"name":"Roanoke River Channel Light 10","status":"permanent","type":"beacon_lateral"},"children":{"beacon_lateral":{"category":"starboard","colour":"red","shape":"stake","system":"iala-b"},"light":{"character":"Fl","colour":"red","exhibition":"night","group":"1","height":"4.5","period":"4","range":"4","sequence":"00.4+(03.6)"},"topmark":{"colour":"red","shape":"cone, point up"}},"osm_tags":{"height":"4","seamark:beacon_lateral:category":"starboard","seamark:beacon_lateral:colour":"red","seamark:beacon_lateral:shape":"stake","seamark:beacon_lateral:system":"iala-b","seamark:light:character":"Fl","seamark:light:colour":"red","seamark:light:exhibition":"night","seamark:light:group":"1","seamark:light:height":"4.5","seamark:light:period":"4","seamark:light:range":"4","seamark:light:sequence":"00.4+(03.6)","seamark:name":"Roanoke River Channel Light 10","seamark:status":"permanent","seamark:topmark:colour":"red","seamark:topmark:shape":"cone, point up","seamark:type":"beacon_lateral"}}},{"type":"Feature","geometry":{"type":"Point","coordinates":[-76.6963238,35.9374237]},"properties":{"osm_id":5993427871,"osm_type":"node","seamark_type":"beacon_lateral","display_class":"BEACON","min_zoom":9,"importance":4,"name":"Roanoke River Channel Light 11","ref":null,"common":{"name":"Roanoke River Channel Light 11","status":"permanent","type":"beacon_lateral"},"children":{"beacon_lateral":{"category":"port","colour":"green","shape":"stake","system":"iala-b"},"light":{"character":"Fl","colour":"green","exhibition":"night","group":"1","height":"4.5","period":"4","range":"4","sequence":"00.4+(03.6)"},"topmark":{"colour":"green","shape":"cylinder"}},"osm_tags":{"height":"4","seamark:beacon_lateral:category":"port","seamark:beacon_lateral:colour":"green","seamark:beacon_lateral:shape":"stake","seamark:beacon_lateral:system":"iala-b","seamark:light:character":"Fl","seamark:light:colour":"green","seamark:light:exhibition":"night","seamark:light:group":"1","seamark:light:height":"4.5","seamark:light:period":"4","seamark:light:range":"4","seamark:light:sequence":"00.4+(03.6)","seamark:name":"Roanoke River Channel Light 11","seamark:status":"permanent","seamark:topmark:colour":"green","seamark:topmark:shape":"cylinder","seamark:type":"beacon_lateral"}}},{"type":"Feature","geometry":{"type":"Point","coordinates":[-76.7021763,35.9234499]},"properties":{"osm_id":5993427869,"osm_type":"node","seamark_type":"beacon_lateral","display_class":"BEACON","min_zoom":9,"importance":4,"name":"Roanoke River Channel Light 13","ref":null,"common":{"name":"Roanoke River Channel Light 13","status":"permanent","type":"beacon_lateral"},"children":{"beacon_lateral":{"category":"port","colour":"green","shape":"stake","system":"iala-b"},"light":{"character":"Fl","colour":"green","exhibition":"night","group":"1","height":"4.5","period":"4","range":"4","sequence":"00.4+(03.6)"},"topmark":{"colour":"green","shape":"cylinder"}},"osm_tags":{"height":"4","seamark:beacon_lateral:category":"port","seamark:beacon_lateral:colour":"green","seamark:beacon_lateral:shape":"stake","seamark:beacon_lateral:system":"iala-b","seamark:light:character":"Fl","seamark:light:colour":"green","seamark:light:exhibition":"night","seamark:light:group":"1","seamark:light:height":"4.5","seamark:light:period":"4","seamark:light:range":"4","seamark:light:sequence":"00.4+(03.6)","seamark:name":"Roanoke River Channel Light 13","seamark:status":"permanent","seamark:topmark:colour":"green","seamark:topmark:shape":"cylinder","seamark:type":"beacon_lateral"}}},{"type":"Feature","geometry":{"type":"Point","coordinates":[-76.7111,35.9240972]},"properties":{"osm_id":5993427868,"osm_type":"node","seamark_type":"beacon_lateral","display_class":"BEACON","min_zoom":9,"importance":4,"name":"Roanoke River Channel Light 14","ref":null,"common":{"name":"Roanoke River Channel Light 14","status":"permanent","type":"beacon_lateral"},"children":{"beacon_lateral":{"category":"starboard","colour":"red","shape":"stake","system":"iala-b"},"light":{"character":"Fl","colour":"red","exhibition":"night","group":"1","height":"4.5","period":"2.5","range":"4","sequence":"00.3+(02.2)"},"topmark":{"colour":"red","shape":"cone, point up"}},"osm_tags":{"height":"4","seamark:beacon_lateral:category":"starboard","seamark:beacon_lateral:colour":"red","seamark:beacon_lateral:shape":"stake","seamark:beacon_lateral:system":"iala-b","seamark:light:character":"Fl","seamark:light:colour":"red","seamark:light:exhibition":"night","seamark:light:group":"1","seamark:light:height":"4.5","seamark:light:period":"2.5","seamark:light:range":"4","seamark:light:sequence":"00.3+(02.2)","seamark:name":"Roanoke River Channel Light 14","seamark:status":"permanent","seamark:topmark:colour":"red","seamark:topmark:shape":"cone, point up","seamark:type":"beacon_lateral"}}},{"type":"Feature","geometry":{"type":"Point","coordinates":[-76.718627,35.9190016]},"properties":{"osm_id":5993427867,"osm_type":"node","seamark_type":"beacon_lateral","display_class":"BEACON","min_zoom":9,"importance":4,"name":"Roanoke River Channel Light 15","ref":null,"common":{"name":"Roanoke River Channel Light 15","status":"permanent","type":"beacon_lateral"},"children":{"beacon_lateral":{"category":"port","colour":"green","shape":"stake","system":"iala-b"},"light":{"character":"Fl","colour":"green","exhibition":"night","group":"1","height":"4.5","period":"4","range":"4","sequence":"00.4+(03.6)"},"topmark":{"colour":"green","shape":"cylinder"}},"osm_tags":{"height":"4","seamark:beacon_lateral:category":"port","seamark:beacon_lateral:colour":"green","seamark:beacon_lateral:shape":"stake","seamark:beacon_lateral:system":"iala-b","seamark:light:character":"Fl","seamark:light:colour":"green","seamark:light:exhibition":"night","seamark:light:group":"1","seamark:light:height":"4.5","seamark:light:period":"4","seamark:light:range":"4","seamark:light:sequence":"00.4+(03.6)","seamark:name":"Roanoke River Channel Light 15","seamark:status":"permanent","seamark:topmark:colour":"green","seamark:topmark:shape":"cylinder","seamark:type":"beacon_lateral"}}},{"type":"Feature","geometry":{"type":"Point","coordinates":[-76.7378229,35.8783691]},"properties":{"osm_id":5993427864,"osm_type":"node","seamark_type":"beacon_lateral","display_class":"BEACON","min_zoom":9,"importance":4,"name":"Roanoke River Channel Light 17","ref":null,"common":{"name":"Roanoke River Channel Light 17","status":"permanent","type":"beacon_lateral"},"children":{"beacon_lateral":{"category":"port","colour":"green","shape":"stake","system":"iala-b"},"light":{"character":"Fl","colour":"green","exhibition":"night","group":"1","height":"4.5","period":"2.5","range":"4","sequence":"00.3+(02.2)"},"topmark":{"colour":"green","shape":"cylinder"}},"osm_tags":{"height":"4","seamark:beacon_lateral:category":"port","seamark:beacon_lateral:colour":"green","seamark:beacon_lateral:shape":"stake","seamark:beacon_lateral:system":"iala-b","seamark:light:character":"Fl","seamark:light:colour":"green","seamark:light:exhibition":"night","seamark:light:group":"1","seamark:light:height":"4.5","seamark:light:period":"2.5","seamark:light:range":"4","seamark:light:sequence":"00.3+(02.2)","seamark:name":"Roanoke River Channel Light 17","seamark:status":"permanent","seamark:topmark:colour":"green","seamark:topmark:shape":"cylinder","seamark:type":"beacon_lateral"}}},{"type":"Feature","geometry":{"type":"Point","coordinates":[-76.683492,35.9469154]},"properties":{"osm_id":7494477071,"osm_type":"node","seamark_type":"beacon_lateral","display_class":"BEACON","min_zoom":9,"importance":4,"name":"Roanoke River Channel Light 3","ref":null,"common":{"name":"Roanoke River Channel Light 3","status":"permanent","type":"beacon_lateral"},"children":{"beacon_lateral":{"category":"port","colour":"green","shape":"stake","system":"iala-b"},"light":{"character":"Fl","colour":"green","exhibition":"night","group":"1","height":"4.5","period":"2.5","range":"4","sequence":"00.3+(02.2)"},"topmark":{"colour":"green","shape":"cylinder"}},"osm_tags":{"seamark:beacon_lateral:category":"port","seamark:beacon_lateral:colour":"green","seamark:beacon_lateral:shape":"stake","seamark:beacon_lateral:system":"iala-b","seamark:light:character":"Fl","seamark:light:colour":"green","seamark:light:exhibition":"night","seamark:light:group":"1","seamark:light:height":"4.5","seamark:light:period":"2.5","seamark:light:range":"4","seamark:light:sequence":"00.3+(02.2)","seamark:name":"Roanoke River Channel Light 3","seamark:status":"permanent","seamark:topmark:colour":"green","seamark:topmark:shape":"cylinder","seamark:type":"beacon_lateral"}}},{"type":"Feature","geometry":{"type":"Point","coordinates":[-76.6929308,35.9454997]},"properties":{"osm_id":5993427874,"osm_type":"node","seamark_type":"beacon_lateral","display_class":"BEACON","min_zoom":9,"importance":4,"name":"Roanoke River Channel Light 6","ref":null,"common":{"name":"Roanoke River Channel Light 6","status":"permanent","type":"beacon_lateral"},"children":{"beacon_lateral":{"category":"starboard","colour":"red","shape":"stake","system":"iala-b"},"light":{"character":"Q","colour":"red","exhibition":"night","group":"1","height":"4.5","period":"1","range":"4","sequence":"00.3+(00.7)"},"topmark":{"colour":"red","shape":"cone, point up"}},"osm_tags":{"height":"4","seamark:beacon_lateral:category":"starboard","seamark:beacon_lateral:colour":"red","seamark:beacon_lateral:shape":"stake","seamark:beacon_lateral:system":"iala-b","seamark:light:character":"Q","seamark:light:colour":"red","seamark:light:exhibition":"night","seamark:light:group":"1","seamark:light:height":"4.5","seamark:light:period":"1","seamark:light:range":"4","seamark:light:sequence":"00.3+(00.7)","seamark:name":"Roanoke River Channel Light 6","seamark:status":"permanent","seamark:topmark:colour":"red","seamark:topmark:shape":"cone, point up","seamark:type":"beacon_lateral"}}},{"type":"Feature","geometry":{"type":"Point","coordinates":[-76.3247131,35.9466978]},"properties":{"osm_id":7495681012,"osm_type":"node","seamark_type":"beacon_lateral","display_class":"BEACON","min_zoom":9,"importance":4,"name":"Scuppernong River Channel Daybeacon 2","ref":null,"common":{"name":"Scuppernong River Channel Daybeacon 2","type":"beacon_lateral"},"children":{"beacon_lateral":{"category":"starboard","colour":"red","shape":"stake","system":"iala-b"},"topmark":{"colour":"red","shape":"cone, point up"}},"osm_tags":{"seamark:beacon_lateral:category":"starboard","seamark:beacon_lateral:colour":"red","seamark:beacon_lateral:shape":"stake","seamark:beacon_lateral:system":"iala-b","seamark:name":"Scuppernong River Channel Daybeacon 2","seamark:topmark:colour":"red","seamark:topmark:shape":"cone, point up","seamark:type":"beacon_lateral"}}},{"type":"Feature","geometry":{"type":"Point","coordinates":[-76.3213547,35.9441622]},"properties":{"osm_id":7495681011,"osm_type":"node","seamark_type":"beacon_lateral","display_class":"BEACON","min_zoom":9,"importance":4,"name":"Scuppernong River Channel Daybeacon 2A","ref":null,"common":{"name":"Scuppernong River Channel Daybeacon 2A","type":"beacon_lateral"},"children":{"beacon_lateral":{"category":"starboard","colour":"red","shape":"stake","system":"iala-b"},"topmark":{"colour":"red","shape":"cone, point up"}},"osm_tags":{"seamark:beacon_lateral:category":"starboard","seamark:beacon_lateral:colour":"red","seamark:beacon_lateral:shape":"stake","seamark:beacon_lateral:system":"iala-b","seamark:name":"Scuppernong River Channel Daybeacon 2A","seamark:topmark:colour":"red","seamark:topmark:shape":"cone, point up","seamark:type":"beacon_lateral"}}},{"type":"Feature","geometry":{"type":"Point","coordinates":[-76.2811584,35.9250937]},"properties":{"osm_id":7495681008,"osm_type":"node","seamark_type":"beacon_lateral","display_class":"BEACON","min_zoom":9,"importance":4,"name":"Scuppernong River Channel Daybeacon 5","ref":null,"common":{"name":"Scuppernong River Channel Daybeacon 5","status":"permanent","type":"beacon_lateral"},"children":{"beacon_lateral":{"category":"port","colour":"green","shape":"stake","system":"iala-b"},"topmark":{"colour":"green","shape":"cylinder"}},"osm_tags":{"seamark:beacon_lateral:category":"port","seamark:beacon_lateral:colour":"green","seamark:beacon_lateral:shape":"stake","seamark:beacon_lateral:system":"iala-b","seamark:name":"Scuppernong River Channel Daybeacon 5","seamark:status":"permanent","seamark:topmark:colour":"green","seamark:topmark:shape":"cylinder","seamark:type":"beacon_lateral"}}},{"type":"Feature","geometry":{"type":"Point","coordinates":[-76.2697664,35.9220691]},"properties":{"osm_id":7495681006,"osm_type":"node","seamark_type":"beacon_lateral","display_class":"BEACON","min_zoom":9,"importance":4,"name":"Scuppernong River Channel Daybeacon 8","ref":null,"common":{"name":"Scuppernong River Channel Daybeacon 8","status":"permanent","type":"beacon_lateral"},"children":{"beacon_lateral":{"category":"starboard","colour":"red","shape":"stake","system":"iala-b"},"topmark":{"colour":"red","shape":"cone, point up"}},"osm_tags":{"seamark:beacon_lateral:category":"starboard","seamark:beacon_lateral:colour":"red","seamark:beacon_lateral:shape":"stake","seamark:beacon_lateral:system":"iala-b","seamark:name":"Scuppernong River Channel Daybeacon 8","seamark:status":"permanent","seamark:topmark:colour":"red","seamark:topmark:shape":"cone, point up","seamark:type":"beacon_lateral"}}},{"type":"Feature","geometry":{"type":"Point","coordinates":[-76.2626309,35.9235719]},"properties":{"osm_id":7495681005,"osm_type":"node","seamark_type":"beacon_lateral","display_class":"BEACON","min_zoom":9,"importance":4,"name":"Scuppernong River Channel Light 10","ref":null,"common":{"name":"Scuppernong River Channel Light 10","type":"beacon_lateral"},"children":{"beacon_lateral":{"category":"starboard","colour":"red","shape":"stake","system":"iala-b"},"light":{"character":"Fl","colour":"red","exhibition":"night","group":"1","height":"4.5","period":"2.5","range":"3","sequence":"00.3+(02.2)"},"topmark":{"colour":"red","shape":"cone, point up"}},"osm_tags":{"seamark:beacon_lateral:category":"starboard","seamark:beacon_lateral:colour":"red","seamark:beacon_lateral:shape":"stake","seamark:beacon_lateral:system":"iala-b","seamark:light:character":"Fl","seamark:light:colour":"red","seamark:light:exhibition":"night","seamark:light:group":"1","seamark:light:height":"4.5","seamark:light:period":"2.5","seamark:light:range":"3","seamark:light:sequence":"00.3+(02.2)","seamark:name":"Scuppernong River Channel Light 10","seamark:topmark:colour":"red","seamark:topmark:shape":"cone, point up","seamark:type":"beacon_lateral"}}},{"type":"Feature","geometry":{"type":"Point","coordinates":[-76.3267898,35.9494886]},"properties":{"osm_id":7495681013,"osm_type":"node","seamark_type":"beacon_lateral","display_class":"BEACON","min_zoom":9,"importance":4,"name":"Scuppernong River Channel Light 1SR","ref":null,"common":{"name":"Scuppernong River Channel Light 1SR","status":"permanent","type":"beacon_lateral"},"children":{"beacon_lateral":{"category":"port","colour":"green","system":"iala-b"},"light":{"character":"Fl","colour":"green","exhibition":"night","group":"1","height":"4.5","period":"4","range":"5","sequence":"00.4+(03.6)"},"topmark":{"colour":"green","shape":"cylinder"}},"osm_tags":{"seamark:beacon_lateral:category":"port","seamark:beacon_lateral:colour":"green","seamark:beacon_lateral:system":"iala-b","seamark:light:character":"Fl","seamark:light:colour":"green","seamark:light:exhibition":"night","seamark:light:group":"1","seamark:light:height":"4.5","seamark:light:period":"4","seamark:light:range":"5","seamark:light:sequence":"00.4+(03.6)","seamark:name":"Scuppernong River Channel Light 1SR","seamark:status":"permanent","seamark:topmark:colour":"green","seamark:topmark:shape":"cylinder","seamark:type":"beacon_lateral"}}},{"type":"Feature","geometry":{"type":"Point","coordinates":[-76.3145608,35.9410934]},"properties":{"osm_id":7495681010,"osm_type":"node","seamark_type":"beacon_lateral","display_class":"BEACON","min_zoom":9,"importance":4,"name":"Scuppernong River Channel Light 3","ref":null,"common":{"name":"Scuppernong River Channel Light 3","status":"permanent","type":"beacon_lateral"},"children":{"beacon_lateral":{"category":"port","colour":"green","shape":"stake","system":"iala-b"},"light":{"character":"Fl","colour":"green","exhibition":"night","group":"1","height":"4.5","period":"4","range":"4","sequence":"00.4+(03.6)"},"topmark":{"colour":"green","shape":"cylinder"}},"osm_tags":{"seamark:beacon_lateral:category":"port","seamark:beacon_lateral:colour":"green","seamark:beacon_lateral:shape":"stake","seamark:beacon_lateral:system":"iala-b","seamark:light:character":"Fl","seamark:light:colour":"green","seamark:light:exhibition":"night","seamark:light:group":"1","seamark:light:height":"4.5","seamark:light:period":"4","seamark:light:range":"4","seamark:light:sequence":"00.4+(03.6)","seamark:name":"Scuppernong River Channel Light 3","seamark:status":"permanent","seamark:topmark:colour":"green","seamark:topmark:shape":"cylinder","seamark:type":"beacon_lateral"}}},{"type":"Feature","geometry":{"type":"Point","coordinates":[-76.2865294,35.9296317]},"properties":{"osm_id":7495681009,"osm_type":"node","seamark_type":"beacon_lateral","display_class":"BEACON","min_zoom":9,"importance":4,"name":"Scuppernong River Channel Light 4","ref":null,"common":{"name":"Scuppernong River Channel Light 4","status":"permanent","type":"beacon_lateral"},"children":{"beacon_lateral":{"category":"starboard","colour":"red","shape":"stake","system":"iala-b"},"light":{"character":"Fl","colour":"red","exhibition":"night","group":"1","height":"4.5","period":"4","range":"4","sequence":"00.4+(03.6)"},"topmark":{"colour":"red","shape":"cone, point up"}},"osm_tags":{"seamark:beacon_lateral:category":"starboard","seamark:beacon_lateral:colour":"red","seamark:beacon_lateral:shape":"stake","seamark:beacon_lateral:system":"iala-b","seamark:light:character":"Fl","seamark:light:colour":"red","seamark:light:exhibition":"night","seamark:light:group":"1","seamark:light:height":"4.5","seamark:light:period":"4","seamark:light:range":"4","seamark:light:sequence":"00.4+(03.6)","seamark:name":"Scuppernong River Channel Light 4","seamark:status":"permanent","seamark:topmark:colour":"red","seamark:topmark:shape":"cone, point up","seamark:type":"beacon_lateral"}}},{"type":"Feature","geometry":{"type":"Point","coordinates":[-76.27963,35.9206569]},"properties":{"osm_id":7495681007,"osm_type":"node","seamark_type":"beacon_lateral","display_class":"BEACON","min_zoom":9,"importance":4,"name":"Scuppernong River Channel Light 7","ref":null,"common":{"name":"Scuppernong River Channel Light 7","status":"permanent","type":"beacon_lateral"},"children":{"beacon_lateral":{"category":"port","colour":"green","shape":"stake","system":"iala-b"},"light":{"character":"Q","colour":"green","exhibition":"night","group":"1","height":"4.5","period":"1","range":"4","sequence":"00.3+(00.7)"},"topmark":{"colour":"green","shape":"cylinder"}},"osm_tags":{"seamark:beacon_lateral:category":"port","seamark:beacon_lateral:colour":"green","seamark:beacon_lateral:shape":"stake","seamark:beacon_lateral:system":"iala-b","seamark:light:character":"Q","seamark:light:colour":"green","seamark:light:exhibition":"night","seamark:light:group":"1","seamark:light:height":"4.5","seamark:light:period":"1","seamark:light:range":"4","seamark:light:sequence":"00.3+(00.7)","seamark:name":"Scuppernong River Channel Light 7","seamark:status":"permanent","seamark:topmark:colour":"green","seamark:topmark:shape":"cylinder","seamark:type":"beacon_lateral"}}},{"type":"Feature","geometry":{"type":"Point","coordinates":[-76.4868821,35.5137875]},"properties":{"osm_id":7545732178,"osm_type":"node","seamark_type":"beacon_lateral","display_class":"BEACON","min_zoom":9,"importance":4,"name":"Smith Creek Wreck Light WR1","ref":null,"common":{"name":"Smith Creek Wreck Light WR1","status":"permanent","type":"beacon_lateral"},"children":{"beacon_lateral":{"category":"port","colour":"green","shape":"stake","system":"iala-b"},"light":{"character":"Fl","colour":"green","exhibition":"night","group":"1","height":"4.5","period":"1","range":"3","sequence":"00.3+(00.7)"},"topmark":{"colour":"green","shape":"cylinder"}},"osm_tags":{"seamark:beacon_lateral:category":"port","seamark:beacon_lateral:colour":"green","seamark:beacon_lateral:shape":"stake","seamark:beacon_lateral:system":"iala-b","seamark:light:character":"Fl","seamark:light:colour":"green","seamark:light:exhibition":"night","seamark:light:group":"1","seamark:light:height":"4.5","seamark:light:period":"1","seamark:light:range":"3","seamark:light:sequence":"00.3+(00.7)","seamark:name":"Smith Creek Wreck Light WR1","seamark:status":"permanent","seamark:topmark:colour":"green","seamark:topmark:shape":"cylinder","seamark:type":"beacon_lateral"}}},{"type":"Feature","geometry":{"type":"Point","coordinates":[-76.0029224,35.1249552]},"properties":{"osm_id":5916482182,"osm_type":"node","seamark_type":"beacon_lateral","display_class":"BEACON","min_zoom":9,"importance":4,"name":"Swash Channel Daybeacon 1","ref":null,"common":{"name":"Swash Channel Daybeacon 1","status":"permanent","type":"beacon_lateral"},"children":{"beacon_lateral":{"category":"port","colour":"green","shape":"stake","system":"iala-b"},"topmark":{"colour":"green","shape":"cylinder"}},"osm_tags":{"seamark:beacon_lateral:category":"port","seamark:beacon_lateral:colour":"green","seamark:beacon_lateral:shape":"stake","seamark:beacon_lateral:system":"iala-b","seamark:name":"Swash Channel Daybeacon 1","seamark:status":"permanent","seamark:topmark:colour":"green","seamark:topmark:shape":"cylinder","seamark:type":"beacon_lateral"}}},{"type":"Feature","geometry":{"type":"Point","coordinates":[-76.0030635,35.1257339]},"properties":{"osm_id":5916482181,"osm_type":"node","seamark_type":"beacon_lateral","display_class":"BEACON","min_zoom":9,"importance":4,"name":"Swash Channel Daybeacon 2","ref":null,"common":{"name":"Swash Channel Daybeacon 2","status":"permanent","type":"beacon_lateral"},"children":{"beacon_lateral":{"category":"starboard","colour":"red","shape":"stake","system":"iala-b"},"topmark":{"colour":"red","shape":"cone, point up"}},"osm_tags":{"seamark:beacon_lateral:category":"starboard","seamark:beacon_lateral:colour":"red","seamark:beacon_lateral:shape":"stake","seamark:beacon_lateral:system":"iala-b","seamark:name":"Swash Channel Daybeacon 2","seamark:status":"permanent","seamark:topmark:colour":"red","seamark:topmark:shape":"cone, point up","seamark:type":"beacon_lateral"}}},{"type":"Feature","geometry":{"type":"Point","coordinates":[-76.5997119,35.5351729]},"properties":{"osm_id":7546043220,"osm_type":"node","seamark_type":"beacon_lateral","display_class":"BEACON","min_zoom":9,"importance":4,"name":"Tooleys Creek Light 1","ref":null,"common":{"name":"Tooleys Creek Light 1","status":"permanent","type":"beacon_lateral"},"children":{"beacon_lateral":{"category":"port","colour":"green","shape":"stake","system":"iala-b"},"light":{"character":"Fl","colour":"green","exhibition":"night","group":"1","height":"4.5","period":"2.5","range":"3","sequence":"00.3+(02.2)"},"topmark":{"colour":"green","shape":"cylinder"}},"osm_tags":{"seamark:beacon_lateral:category":"port","seamark:beacon_lateral:colour":"green","seamark:beacon_lateral:shape":"stake","seamark:beacon_lateral:system":"iala-b","seamark:light:character":"Fl","seamark:light:colour":"green","seamark:light:exhibition":"night","seamark:light:group":"1","seamark:light:height":"4.5","seamark:light:period":"2.5","seamark:light:range":"3","seamark:light:sequence":"00.3+(02.2)","seamark:name":"Tooleys Creek Light 1","seamark:status":"permanent","seamark:topmark:colour":"green","seamark:topmark:shape":"cylinder","seamark:type":"beacon_lateral"}}},{"type":"Feature","geometry":{"type":"Point","coordinates":[-76.2578399,35.921709]},"properties":{"osm_id":7495681004,"osm_type":"node","seamark_type":"beacon_special_purpose","display_class":"BEACON","min_zoom":9,"importance":4,"name":"Town of Columbia Warning Light A","ref":null,"common":{"name":"Town of Columbia Warning Light A","status":"private","type":"beacon_special_purpose"},"children":{"beacon_special_purpose":{"category":"warning","colour":"yellow","shape":"stake"},"light":{"character":"Fl","colour":"white","exhibition":"night","group":"1","period":"4","sequence":"00.4+(03.6)"},"topmark":{"colour":"orange","shape":"rhombus"}},"osm_tags":{"seamark:beacon_special_purpose:category":"warning","seamark:beacon_special_purpose:colour":"yellow","seamark:beacon_special_purpose:shape":"stake","seamark:light:character":"Fl","seamark:light:colour":"white","seamark:light:exhibition":"night","seamark:light:group":"1","seamark:light:period":"4","seamark:light:sequence":"00.4+(03.6)","seamark:name":"Town of Columbia Warning Light A","seamark:status":"private","seamark:topmark:colour":"orange","seamark:topmark:shape":"rhombus","seamark:type":"beacon_special_purpose"}}},{"type":"Feature","geometry":{"type":"Point","coordinates":[-76.5326554,35.5315092]},"properties":{"osm_id":7545818582,"osm_type":"node","seamark_type":"beacon_lateral","display_class":"BEACON","min_zoom":9,"importance":4,"name":"Upper Dowry Creek Daybeacon 10","ref":null,"common":{"name":"Upper Dowry Creek Daybeacon 10","status":"private","type":"beacon_lateral"},"children":{"beacon_lateral":{"category":"starboard","colour":"red","shape":"stake","system":"iala-b"},"topmark":{"colour":"red","shape":"cone, point up"}},"osm_tags":{"seamark:beacon_lateral:category":"starboard","seamark:beacon_lateral:colour":"red","seamark:beacon_lateral:shape":"stake","seamark:beacon_lateral:system":"iala-b","seamark:name":"Upper Dowry Creek Daybeacon 10","seamark:status":"private","seamark:topmark:colour":"red","seamark:topmark:shape":"cone, point up","seamark:type":"beacon_lateral"}}},{"type":"Feature","geometry":{"type":"Point","coordinates":[-76.5336652,35.5320407]},"properties":{"osm_id":7545818583,"osm_type":"node","seamark_type":"beacon_lateral","display_class":"BEACON","min_zoom":9,"importance":4,"name":"Upper Dowry Creek Daybeacon 12","ref":null,"common":{"name":"Upper Dowry Creek Daybeacon 12","status":"private","type":"beacon_lateral"},"children":{"beacon_lateral":{"category":"starboard","colour":"red","shape":"stake","system":"iala-b"},"topmark":{"colour":"red","shape":"cone, point up"}},"osm_tags":{"seamark:beacon_lateral:category":"starboard","seamark:beacon_lateral:colour":"red","seamark:beacon_lateral:shape":"stake","seamark:beacon_lateral:system":"iala-b","seamark:name":"Upper Dowry Creek Daybeacon 12","seamark:status":"private","seamark:topmark:colour":"red","seamark:topmark:shape":"cone, point up","seamark:type":"beacon_lateral"}}},{"type":"Feature","geometry":{"type":"Point","coordinates":[-76.5282995,35.5276783]},"properties":{"osm_id":7545818575,"osm_type":"node","seamark_type":"beacon_lateral","display_class":"BEACON","min_zoom":9,"importance":4,"name":"Upper Dowry Creek Daybeacon 2","ref":null,"common":{"name":"Upper Dowry Creek Daybeacon 2","status":"private","type":"beacon_lateral"},"children":{"beacon_lateral":{"category":"starboard","colour":"red","shape":"stake","system":"iala-b"},"topmark":{"colour":"red","shape":"cone, point up"}},"osm_tags":{"seamark:beacon_lateral:category":"starboard","seamark:beacon_lateral:colour":"red","seamark:beacon_lateral:shape":"stake","seamark:beacon_lateral:system":"iala-b","seamark:name":"Upper Dowry Creek Daybeacon 2","seamark:status":"private","seamark:topmark:colour":"red","seamark:topmark:shape":"cone, point up","seamark:type":"beacon_lateral"}}},{"type":"Feature","geometry":{"type":"Point","coordinates":[-76.5287983,35.5276762]},"properties":{"osm_id":7545818576,"osm_type":"node","seamark_type":"beacon_lateral","display_class":"BEACON","min_zoom":9,"importance":4,"name":"Upper Dowry Creek Daybeacon 3","ref":null,"common":{"name":"Upper Dowry Creek Daybeacon 3","status":"private","type":"beacon_lateral"},"children":{"beacon_lateral":{"category":"port","colour":"green","shape":"stake","system":"iala-b"},"topmark":{"colour":"green","shape":"cylinder"}},"osm_tags":{"seamark:beacon_lateral:category":"port","seamark:beacon_lateral:colour":"green","seamark:beacon_lateral:shape":"stake","seamark:beacon_lateral:system":"iala-b","seamark:name":"Upper Dowry Creek Daybeacon 3","seamark:status":"private","seamark:topmark:colour":"green","seamark:topmark:shape":"cylinder","seamark:type":"beacon_lateral"}}},{"type":"Feature","geometry":{"type":"Point","coordinates":[-76.5292282,35.5292063]},"properties":{"osm_id":7545818577,"osm_type":"node","seamark_type":"beacon_lateral","display_class":"BEACON","min_zoom":9,"importance":4,"name":"Upper Dowry Creek Daybeacon 4","ref":null,"common":{"name":"Upper Dowry Creek Daybeacon 4","status":"private","type":"beacon_lateral"},"children":{"beacon_lateral":{"category":"starboard","colour":"red","shape":"stake","system":"iala-b"},"topmark":{"colour":"red","shape":"cone, point up"}},"osm_tags":{"seamark:beacon_lateral:category":"starboard","seamark:beacon_lateral:colour":"red","seamark:beacon_lateral:shape":"stake","seamark:beacon_lateral:system":"iala-b","seamark:name":"Upper Dowry Creek Daybeacon 4","seamark:status":"private","seamark:topmark:colour":"red","seamark:topmark:shape":"cone, point up","seamark:type":"beacon_lateral"}}},{"type":"Feature","geometry":{"type":"Point","coordinates":[-76.5305713,35.5299834]},"properties":{"osm_id":7545818578,"osm_type":"node","seamark_type":"beacon_lateral","display_class":"BEACON","min_zoom":9,"importance":4,"name":"Upper Dowry Creek Daybeacon 5","ref":null,"common":{"name":"Upper Dowry Creek Daybeacon 5","status":"private","type":"beacon_lateral"},"children":{"beacon_lateral":{"category":"port","colour":"green","shape":"stake","system":"iala-b"},"topmark":{"colour":"green","shape":"cylinder"}},"osm_tags":{"seamark:beacon_lateral:category":"port","seamark:beacon_lateral:colour":"green","seamark:beacon_lateral:shape":"stake","seamark:beacon_lateral:system":"iala-b","seamark:name":"Upper Dowry Creek Daybeacon 5","seamark:status":"private","seamark:topmark:colour":"green","seamark:topmark:shape":"cylinder","seamark:type":"beacon_lateral"}}},{"type":"Feature","geometry":{"type":"Point","coordinates":[-76.5305525,35.5303992]},"properties":{"osm_id":7545818579,"osm_type":"node","seamark_type":"beacon_lateral","display_class":"BEACON","min_zoom":9,"importance":4,"name":"Upper Dowry Creek Daybeacon 6","ref":null,"common":{"name":"Upper Dowry Creek Daybeacon 6","status":"private","type":"beacon_lateral"},"children":{"beacon_lateral":{"category":"starboard","colour":"red","shape":"stake","system":"iala-b"},"topmark":{"colour":"red","shape":"cone, point up"}},"osm_tags":{"seamark:beacon_lateral:category":"starboard","seamark:beacon_lateral:colour":"red","seamark:beacon_lateral:shape":"stake","seamark:beacon_lateral:system":"iala-b","seamark:name":"Upper Dowry Creek Daybeacon 6","seamark:status":"private","seamark:topmark:colour":"red","seamark:topmark:shape":"cone, point up","seamark:type":"beacon_lateral"}}},{"type":"Feature","geometry":{"type":"Point","coordinates":[-76.5329584,35.5311927]},"properties":{"osm_id":7545818581,"osm_type":"node","seamark_type":"beacon_lateral","display_class":"BEACON","min_zoom":9,"importance":4,"name":"Upper Dowry Creek Daybeacon 7","ref":null,"common":{"name":"Upper Dowry Creek Daybeacon 7","status":"private","type":"beacon_lateral"},"children":{"beacon_lateral":{"category":"port","colour":"green","shape":"stake","system":"iala-b"},"topmark":{"colour":"green","shape":"cylinder"}},"osm_tags":{"seamark:beacon_lateral:category":"port","seamark:beacon_lateral:colour":"green","seamark:beacon_lateral:shape":"stake","seamark:beacon_lateral:system":"iala-b","seamark:name":"Upper Dowry Creek Daybeacon 7","seamark:status":"private","seamark:topmark:colour":"green","seamark:topmark:shape":"cylinder","seamark:type":"beacon_lateral"}}},{"type":"Feature","geometry":{"type":"Point","coordinates":[-76.5315671,35.5309329]},"properties":{"osm_id":7545818580,"osm_type":"node","seamark_type":"beacon_lateral","display_class":"BEACON","min_zoom":9,"importance":4,"name":"Upper Dowry Creek Daybeacon 8","ref":null,"common":{"name":"Upper Dowry Creek Daybeacon 8","status":"private","type":"beacon_lateral"},"children":{"beacon_lateral":{"category":"starboard","colour":"red","shape":"stake","system":"iala-b"},"topmark":{"colour":"red","shape":"cone, point up"}},"osm_tags":{"seamark:beacon_lateral:category":"starboard","seamark:beacon_lateral:colour":"red","seamark:beacon_lateral:shape":"stake","seamark:beacon_lateral:system":"iala-b","seamark:name":"Upper Dowry Creek Daybeacon 8","seamark:status":"private","seamark:topmark:colour":"red","seamark:topmark:shape":"cone, point up","seamark:type":"beacon_lateral"}}},{"type":"Feature","geometry":{"type":"Point","coordinates":[-76.4804171,35.363228]},"properties":{"osm_id":7546630164,"osm_type":"node","seamark_type":"beacon_special_purpose","display_class":"BEACON","min_zoom":9,"importance":4,"name":"Willow Point Shoal Light","ref":null,"common":{"name":"Willow Point Shoal Light","status":"permanent","type":"beacon_special_purpose"},"children":{"beacon_special_purpose":{"category":"warning","shape":"stake"},"light":{"colour":"white","exhibition":"night","group":"1","height":"4.5","period":"4","range":"5","sequence":"00.4+(03.6)"},"topmark":{"colour":"black;white;white;black","colour_pattern":"squared","shape":"rhombus"}},"osm_tags":{"seamark:beacon_special_purpose:category":"warning","seamark:beacon_special_purpose:shape":"stake","seamark:light:colour":"white","seamark:light:exhibition":"night","seamark:light:group":"1","seamark:light:height":"4.5","seamark:light:period":"4","seamark:light:range":"5","seamark:light:sequence":"00.4+(03.6)","seamark:name":"Willow Point Shoal Light","seamark:status":"permanent","seamark:topmark:colour":"black;white;white;black","seamark:topmark:colour_pattern":"squared","seamark:topmark:shape":"rhombus","seamark:type":"beacon_special_purpose"}}},{"type":"Feature","geometry":{"type":"Point","coordinates":[-76.4775067,35.9529202]},"properties":{"osm_id":1277371712,"osm_type":"node","seamark_type":"tank","display_class":"OTHER","min_zoom":12,"importance":1,"name":null,"ref":null,"common":{"conspicuity":"conspicuous","status":"permanent","type":"tank"},"children":{"tank":{"category":"water_tower"}},"osm_tags":{"man_made":"water_tower","seamark:conspicuity":"conspicuous","seamark:status":"permanent","seamark:tank:category":"water_tower","seamark:type":"tank"}}},{"type":"Feature","geometry":{"type":"Point","coordinates":[-76.0313638,35.9069472]},"properties":{"osm_id":1925776309,"osm_type":"node","seamark_type":"landmark","display_class":"OTHER","min_zoom":12,"importance":1,"name":null,"ref":null,"common":{"conspicuity":"conspicuous","construction":"metal","type":"landmark"},"children":{"landmark":{"category":"tower"}},"osm_tags":{"communication:mobile_phone":"yes","ele":"1.8","fcc:registration_number":"1028803","height":"77.7","man_made":"mast","operator":"United States Cellular Corporation","seamark:conspicuity":"conspicuous","seamark:construction":"metal","seamark:landmark:category":"tower","seamark:type":"landmark","start_date":"1997-12-29","tower:construction":"lattice","tower:type":"communication"}}},{"type":"Feature","geometry":{"type":"Point","coordinates":[-76.7410987,35.8741423]},"properties":{"osm_id":2081687543,"osm_type":"node","seamark_type":"landmark","display_class":"OTHER","min_zoom":12,"importance":1,"name":null,"ref":null,"common":{"conspicuity":"conspicuous","construction":"masonry","type":"landmark"},"children":{"landmark":{"category":"chimney"}},"osm_tags":{"man_made":"chimney","seamark:conspicuity":"conspicuous","seamark:construction":"masonry","seamark:landmark:category":"chimney","seamark:type":"landmark"}}},{"type":"Feature","geometry":{"type":"Point","coordinates":[-76.6313124,35.5451165]},"properties":{"osm_id":4600882208,"osm_type":"node","seamark_type":"landmark","display_class":"OTHER","min_zoom":12,"importance":1,"name":null,"ref":null,"common":{"conspicuity":"conspicuous","type":"landmark"},"children":{"landmark":{"category":"chimney","colour":"red"}},"osm_tags":{"man_made":"chimney","seamark:conspicuity":"conspicuous","seamark:landmark:category":"chimney","seamark:landmark:colour":"red","seamark:type":"landmark"}}},{"type":"Feature","geometry":{"type":"Point","coordinates":[-76.7535184,35.8668537]},"properties":{"osm_id":6432776384,"osm_type":"node","seamark_type":"small_craft_facility","display_class":"OTHER","min_zoom":12,"importance":1,"name":null,"ref":null,"common":{"type":"small_craft_facility"},"children":{"small_craft_facility":{"category":"pump-out"}},"osm_tags":{"seamark:small_craft_facility:category":"pump-out","seamark:type":"small_craft_facility","waterway":"sanitary_dump_station"}}},{"type":"Feature","geometry":{"type":"Point","coordinates":[-76.5712917,35.735097]},"properties":{"osm_id":7096310480,"osm_type":"node","seamark_type":"gate","display_class":"OTHER","min_zoom":12,"importance":1,"name":null,"ref":null,"common":{"type":"gate"},"children":{},"osm_tags":{"seamark:type":"gate","waterway":"lock_gate"}}},{"type":"Feature","geometry":{"type":"Point","coordinates":[-76.0310055,35.8507879]},"properties":{"osm_id":7545409373,"osm_type":"node","seamark_type":"pile","display_class":"OTHER","min_zoom":12,"importance":1,"name":null,"ref":null,"common":{"type":"pile"},"children":{},"osm_tags":{"seamark:type":"pile"}}},{"type":"Feature","geometry":{"type":"Point","coordinates":[-76.0136077,35.9406866]},"properties":{"osm_id":7545531766,"osm_type":"node","seamark_type":"platform","display_class":"OTHER","min_zoom":12,"importance":1,"name":null,"ref":null,"common":{"information":"Duck blind","type":"platform"},"children":{"platform":{"category":"observation"}},"osm_tags":{"seamark:information":"Duck blind","seamark:platform:category":"observation","seamark:type":"platform"}}},{"type":"Feature","geometry":{"type":"Point","coordinates":[-76.0093591,35.9412284]},"properties":{"osm_id":7545531767,"osm_type":"node","seamark_type":"platform","display_class":"OTHER","min_zoom":12,"importance":1,"name":null,"ref":null,"common":{"information":"Duck blind","type":"platform"},"children":{"platform":{"category":"observation"}},"osm_tags":{"seamark:information":"Duck blind","seamark:platform:category":"observation","seamark:type":"platform"}}},{"type":"Feature","geometry":{"type":"Point","coordinates":[-76.0050541,35.941641]},"properties":{"osm_id":7545531768,"osm_type":"node","seamark_type":"platform","display_class":"OTHER","min_zoom":12,"importance":1,"name":null,"ref":null,"common":{"information":"Duck blind","type":"platform"},"children":{"platform":{"category":"observation"}},"osm_tags":{"seamark:information":"Duck blind","seamark:platform:category":"observation","seamark:type":"platform"}}},{"type":"Feature","geometry":{"type":"Point","coordinates":[-76.0072213,35.9436431]},"properties":{"osm_id":7545531769,"osm_type":"node","seamark_type":"platform","display_class":"OTHER","min_zoom":12,"importance":1,"name":null,"ref":null,"common":{"information":"Duck blind","type":"platform"},"children":{"platform":{"category":"observation"}},"osm_tags":{"seamark:information":"Duck blind","seamark:platform:category":"observation","seamark:type":"platform"}}},{"type":"Feature","geometry":{"type":"Point","coordinates":[-76.0099277,35.9460556]},"properties":{"osm_id":7545531770,"osm_type":"node","seamark_type":"platform","display_class":"OTHER","min_zoom":12,"importance":1,"name":null,"ref":null,"common":{"information":"Duck blind","type":"platform"},"children":{"platform":{"category":"observation"}},"osm_tags":{"seamark:information":"Duck blind","seamark:platform:category":"observation","seamark:type":"platform"}}},{"type":"Feature","geometry":{"type":"Point","coordinates":[-76.0073769,35.9491119]},"properties":{"osm_id":7545531771,"osm_type":"node","seamark_type":"platform","display_class":"OTHER","min_zoom":12,"importance":1,"name":null,"ref":null,"common":{"information":"Duck blind","type":"platform"},"children":{"platform":{"category":"observation"}},"osm_tags":{"seamark:information":"Duck blind","seamark:platform:category":"observation","seamark:type":"platform"}}},{"type":"Feature","geometry":{"type":"Point","coordinates":[-76.0018677,35.9488535]},"properties":{"osm_id":7545531772,"osm_type":"node","seamark_type":"platform","display_class":"OTHER","min_zoom":12,"importance":1,"name":null,"ref":null,"common":{"information":"Duck blind","type":"platform"},"children":{"platform":{"category":"observation"}},"osm_tags":{"seamark:information":"Duck blind","seamark:platform:category":"observation","seamark:type":"platform"}}},{"type":"Feature","geometry":{"type":"Point","coordinates":[-76.0048194,35.9470686]},"properties":{"osm_id":7545531773,"osm_type":"node","seamark_type":"platform","display_class":"OTHER","min_zoom":12,"importance":1,"name":null,"ref":null,"common":{"information":"Duck blind","type":"platform"},"children":{"platform":{"category":"observation"}},"osm_tags":{"seamark:information":"Duck blind","seamark:platform:category":"observation","seamark:type":"platform"}}},{"type":"Feature","geometry":{"type":"Point","coordinates":[-76.0019065,35.9448103]},"properties":{"osm_id":7545531775,"osm_type":"node","seamark_type":"platform","display_class":"OTHER","min_zoom":12,"importance":1,"name":null,"ref":null,"common":{"information":"Duck blind","type":"platform"},"children":{"platform":{"category":"observation"}},"osm_tags":{"seamark:information":"Duck blind","seamark:platform:category":"observation","seamark:type":"platform"}}},{"type":"Feature","geometry":{"type":"Point","coordinates":[-76.536338,35.5331899]},"properties":{"osm_id":7545732166,"osm_type":"node","seamark_type":"small_craft_facility","display_class":"OTHER","min_zoom":12,"importance":1,"name":null,"ref":null,"common":{"type":"small_craft_facility"},"children":{"small_craft_facility":{"category":"launderette"}},"osm_tags":{"seamark:small_craft_facility:category":"launderette","seamark:type":"small_craft_facility","self_service":"yes","shop":"laundry"}}},{"type":"Feature","geometry":{"type":"Point","coordinates":[-76.5355448,35.5327856]},"properties":{"osm_id":7545732167,"osm_type":"node","seamark_type":"small_craft_facility","display_class":"OTHER","min_zoom":12,"importance":1,"name":null,"ref":null,"common":{"type":"small_craft_facility"},"children":{"small_craft_facility":{"category":"pump-out"}},"osm_tags":{"access":"customers","amenity":"sanitary_dump_station","sanitary_dump_station:pump-out":"yes","seamark:small_craft_facility:category":"pump-out","seamark:type":"small_craft_facility"}}},{"type":"Feature","geometry":{"type":"Point","coordinates":[-76.535522,35.5327785]},"properties":{"osm_id":7545732168,"osm_type":"node","seamark_type":"small_craft_facility","display_class":"OTHER","min_zoom":12,"importance":1,"name":null,"ref":null,"common":{"type":"small_craft_facility"},"children":{"small_craft_facility":{"category":"fuel_station"}},"osm_tags":{"fuel:diesel":"yes","fuel:octane_98":"yes","seamark:small_craft_facility:category":"fuel_station","seamark:type":"small_craft_facility","waterway":"fuel"}}},{"type":"Feature","geometry":{"type":"Point","coordinates":[-76.5355642,35.5327916]},"properties":{"osm_id":7545732169,"osm_type":"node","seamark_type":"small_craft_facility","display_class":"OTHER","min_zoom":12,"importance":1,"name":null,"ref":null,"common":{"type":"small_craft_facility"},"children":{"small_craft_facility":{"category":"fuel_station"}},"osm_tags":{"fuel:diesel":"yes","fuel:octane_98":"yes","seamark:small_craft_facility:category":"fuel_station","seamark:type":"small_craft_facility","waterway":"fuel"}}},{"type":"Feature","geometry":{"type":"Point","coordinates":[-76.6076057,35.5401831]},"properties":{"osm_id":7546043216,"osm_type":"node","seamark_type":"wreck","display_class":"OTHER","min_zoom":12,"importance":1,"name":null,"ref":null,"common":{"type":"wreck"},"children":{"wreck":{"category":"dangerous","water_level":"submerged"}},"osm_tags":{"seamark:type":"wreck","seamark:wreck:category":"dangerous","seamark:wreck:water_level":"submerged"}}},{"type":"Feature","geometry":{"type":"Point","coordinates":[-76.5585038,35.4217795]},"properties":{"osm_id":7546621120,"osm_type":"node","seamark_type":"wreck","display_class":"OTHER","min_zoom":12,"importance":1,"name":null,"ref":null,"common":{"type":"wreck"},"children":{"wreck":{"category":"dangerous","water_level":"submerged"}},"osm_tags":{"seamark:type":"wreck","seamark:wreck:category":"dangerous","seamark:wreck:water_level":"submerged"}}},{"type":"Feature","geometry":{"type":"Point","coordinates":[-76.029225,35.9057053]},"properties":{"osm_id":7572435070,"osm_type":"node","seamark_type":"small_craft_facility","display_class":"OTHER","min_zoom":12,"importance":1,"name":null,"ref":null,"common":{"type":"small_craft_facility"},"children":{"small_craft_facility":{"category":"fuel_station"}},"osm_tags":{"seamark:small_craft_facility:category":"fuel_station","seamark:type":"small_craft_facility"}}},{"type":"Feature","geometry":{"type":"Point","coordinates":[-76.6080993,35.933775]},"properties":{"osm_id":7585124900,"osm_type":"node","seamark_type":"small_craft_facility","display_class":"OTHER","min_zoom":12,"importance":1,"name":null,"ref":null,"common":{"type":"small_craft_facility"},"children":{"small_craft_facility":{"category":"boat_hoist"}},"osm_tags":{"seamark:small_craft_facility:category":"boat_hoist","seamark:type":"small_craft_facility"}}},{"type":"Feature","geometry":{"type":"Point","coordinates":[-76.7409525,35.8751869]},"properties":{"osm_id":8613650554,"osm_type":"node","seamark_type":"pile","display_class":"OTHER","min_zoom":12,"importance":1,"name":null,"ref":null,"common":{"type":"pile"},"children":{"pile":{"category":"post"}},"osm_tags":{"seamark:pile:category":"post","seamark:type":"pile"}}},{"type":"Feature","geometry":{"type":"Point","coordinates":[-76.7408656,35.8751129]},"properties":{"osm_id":8613650555,"osm_type":"node","seamark_type":"pile","display_class":"OTHER","min_zoom":12,"importance":1,"name":null,"ref":null,"common":{"type":"pile"},"children":{"pile":{"category":"post"}},"osm_tags":{"seamark:pile:category":"post","seamark:type":"pile"}}},{"type":"Feature","geometry":{"type":"Point","coordinates":[-76.7408019,35.875054]},"properties":{"osm_id":8613650556,"osm_type":"node","seamark_type":"pile","display_class":"OTHER","min_zoom":12,"importance":1,"name":null,"ref":null,"common":{"type":"pile"},"children":{"pile":{"category":"post"}},"osm_tags":{"seamark:pile:category":"post","seamark:type":"pile"}}},{"type":"Feature","geometry":{"type":"Point","coordinates":[-76.7408641,35.875006]},"properties":{"osm_id":8613650557,"osm_type":"node","seamark_type":"pile","display_class":"OTHER","min_zoom":12,"importance":1,"name":null,"ref":null,"common":{"type":"pile"},"children":{"pile":{"category":"post"}},"osm_tags":{"seamark:pile:category":"post","seamark:type":"pile"}}},{"type":"Feature","geometry":{"type":"Point","coordinates":[-76.7408926,35.8749805]},"properties":{"osm_id":8613650558,"osm_type":"node","seamark_type":"pile","display_class":"OTHER","min_zoom":12,"importance":1,"name":null,"ref":null,"common":{"type":"pile"},"children":{"pile":{"category":"post"}},"osm_tags":{"seamark:pile:category":"post","seamark:type":"pile"}}},{"type":"Feature","geometry":{"type":"Point","coordinates":[-76.7409555,35.8749362]},"properties":{"osm_id":8613650559,"osm_type":"node","seamark_type":"pile","display_class":"OTHER","min_zoom":12,"importance":1,"name":null,"ref":null,"common":{"type":"pile"},"children":{"pile":{"category":"post"}},"osm_tags":{"seamark:pile:category":"post","seamark:type":"pile"}}},{"type":"Feature","geometry":{"type":"Point","coordinates":[-76.7409758,35.8749131]},"properties":{"osm_id":8613650560,"osm_type":"node","seamark_type":"pile","display_class":"OTHER","min_zoom":12,"importance":1,"name":null,"ref":null,"common":{"type":"pile"},"children":{"pile":{"category":"post"}},"osm_tags":{"seamark:pile:category":"post","seamark:type":"pile"}}},{"type":"Feature","geometry":{"type":"Point","coordinates":[-76.7410425,35.8748633]},"properties":{"osm_id":8613650561,"osm_type":"node","seamark_type":"pile","display_class":"OTHER","min_zoom":12,"importance":1,"name":null,"ref":null,"common":{"type":"pile"},"children":{"pile":{"category":"post"}},"osm_tags":{"seamark:pile:category":"post","seamark:type":"pile"}}},{"type":"Feature","geometry":{"type":"Point","coordinates":[-76.7415971,35.8746225]},"properties":{"osm_id":8613650562,"osm_type":"node","seamark_type":"pile","display_class":"OTHER","min_zoom":12,"importance":1,"name":null,"ref":null,"common":{"type":"pile"},"children":{"pile":{"category":"tripodal"}},"osm_tags":{"seamark:pile:category":"tripodal","seamark:type":"pile"}}},{"type":"Feature","geometry":{"type":"Point","coordinates":[-76.7417098,35.8745015]},"properties":{"osm_id":8613650563,"osm_type":"node","seamark_type":"pile","display_class":"OTHER","min_zoom":12,"importance":1,"name":null,"ref":null,"common":{"type":"pile"},"children":{"pile":{"category":"tripodal"}},"osm_tags":{"seamark:pile:category":"tripodal","seamark:type":"pile"}}},{"type":"Feature","geometry":{"type":"Point","coordinates":[-76.7417888,35.874409]},"properties":{"osm_id":8613650564,"osm_type":"node","seamark_type":"pile","display_class":"OTHER","min_zoom":12,"importance":1,"name":null,"ref":null,"common":{"type":"pile"},"children":{"pile":{"category":"tripodal"}},"osm_tags":{"seamark:pile:category":"tripodal","seamark:type":"pile"}}},{"type":"Feature","geometry":{"type":"Point","coordinates":[-76.7418942,35.8742856]},"properties":{"osm_id":8613650565,"osm_type":"node","seamark_type":"pile","display_class":"OTHER","min_zoom":12,"importance":1,"name":null,"ref":null,"common":{"type":"pile"},"children":{"pile":{"category":"tripodal"}},"osm_tags":{"seamark:pile:category":"tripodal","seamark:type":"pile"}}},{"type":"Feature","geometry":{"type":"Point","coordinates":[-76.7420011,35.8741753]},"properties":{"osm_id":8613650566,"osm_type":"node","seamark_type":"pile","display_class":"OTHER","min_zoom":12,"importance":1,"name":null,"ref":null,"common":{"type":"pile"},"children":{"pile":{"category":"tripodal"}},"osm_tags":{"seamark:pile:category":"tripodal","seamark:type":"pile"}}},{"type":"Feature","geometry":{"type":"Point","coordinates":[-76.7421036,35.874059]},"properties":{"osm_id":8613650567,"osm_type":"node","seamark_type":"pile","display_class":"OTHER","min_zoom":12,"importance":1,"name":null,"ref":null,"common":{"type":"pile"},"children":{"pile":{"category":"tripodal"}},"osm_tags":{"seamark:pile:category":"tripodal","seamark:type":"pile"}}},{"type":"Feature","geometry":{"type":"Point","coordinates":[-76.7422032,35.8739582]},"properties":{"osm_id":8613650568,"osm_type":"node","seamark_type":"pile","display_class":"OTHER","min_zoom":12,"importance":1,"name":null,"ref":null,"common":{"type":"pile"},"children":{"pile":{"category":"tripodal"}},"osm_tags":{"seamark:pile:category":"tripodal","seamark:type":"pile"}}},{"type":"Feature","geometry":{"type":"Point","coordinates":[-76.7544693,35.8666075]},"properties":{"osm_id":8613650569,"osm_type":"node","seamark_type":"pile","display_class":"OTHER","min_zoom":12,"importance":1,"name":null,"ref":null,"common":{"type":"pile"},"children":{"pile":{"category":"post"}},"osm_tags":{"seamark:pile:category":"post","seamark:type":"pile"}}},{"type":"Feature","geometry":{"type":"Point","coordinates":[-76.7544343,35.8666203]},"properties":{"osm_id":8613650570,"osm_type":"node","seamark_type":"pile","display_class":"OTHER","min_zoom":12,"importance":1,"name":null,"ref":null,"common":{"type":"pile"},"children":{"pile":{"category":"post"}},"osm_tags":{"seamark:pile:category":"post","seamark:type":"pile"}}},{"type":"Feature","geometry":{"type":"Point","coordinates":[-76.7505346,35.8680422]},"properties":{"osm_id":8613650571,"osm_type":"node","seamark_type":"pile","display_class":"OTHER","min_zoom":12,"importance":1,"name":null,"ref":null,"common":{"type":"pile"},"children":{"pile":{"category":"post"}},"osm_tags":{"seamark:pile:category":"post","seamark:type":"pile"}}},{"type":"Feature","geometry":{"type":"Point","coordinates":[-76.7505094,35.8680094]},"properties":{"osm_id":8613650572,"osm_type":"node","seamark_type":"pile","display_class":"OTHER","min_zoom":12,"importance":1,"name":null,"ref":null,"common":{"type":"pile"},"children":{"pile":{"category":"post"}},"osm_tags":{"seamark:pile:category":"post","seamark:type":"pile"}}},{"type":"Feature","geometry":{"type":"Point","coordinates":[-76.7504815,35.8679646]},"properties":{"osm_id":8613650573,"osm_type":"node","seamark_type":"pile","display_class":"OTHER","min_zoom":12,"importance":1,"name":null,"ref":null,"common":{"type":"pile"},"children":{"pile":{"category":"post"}},"osm_tags":{"seamark:pile:category":"post","seamark:type":"pile"}}},{"type":"Feature","geometry":{"type":"Point","coordinates":[-76.7506142,35.8679839]},"properties":{"osm_id":8613650574,"osm_type":"node","seamark_type":"pile","display_class":"OTHER","min_zoom":12,"importance":1,"name":null,"ref":null,"common":{"type":"pile"},"children":{"pile":{"category":"post"}},"osm_tags":{"seamark:pile:category":"post","seamark:type":"pile"}}},{"type":"Feature","geometry":{"type":"Point","coordinates":[-76.7505856,35.8679477]},"properties":{"osm_id":8613650575,"osm_type":"node","seamark_type":"pile","display_class":"OTHER","min_zoom":12,"importance":1,"name":null,"ref":null,"common":{"type":"pile"},"children":{"pile":{"category":"post"}},"osm_tags":{"seamark:pile:category":"post","seamark:type":"pile"}}},{"type":"Feature","geometry":{"type":"Point","coordinates":[-76.7505625,35.8679154]},"properties":{"osm_id":8613650576,"osm_type":"node","seamark_type":"pile","display_class":"OTHER","min_zoom":12,"importance":1,"name":null,"ref":null,"common":{"type":"pile"},"children":{"pile":{"category":"post"}},"osm_tags":{"seamark:pile:category":"post","seamark:type":"pile"}}},{"type":"Feature","geometry":{"type":"Point","coordinates":[-76.7514392,35.8676193]},"properties":{"osm_id":8613650577,"osm_type":"node","seamark_type":"pile","display_class":"OTHER","min_zoom":12,"importance":1,"name":null,"ref":null,"common":{"type":"pile"},"children":{"pile":{"category":"post"}},"osm_tags":{"seamark:pile:category":"post","seamark:type":"pile"}}},{"type":"Feature","geometry":{"type":"Point","coordinates":[-76.7514218,35.867587]},"properties":{"osm_id":8613650578,"osm_type":"node","seamark_type":"pile","display_class":"OTHER","min_zoom":12,"importance":1,"name":null,"ref":null,"common":{"type":"pile"},"children":{"pile":{"category":"post"}},"osm_tags":{"seamark:pile:category":"post","seamark:type":"pile"}}},{"type":"Feature","geometry":{"type":"Point","coordinates":[-76.7515804,35.867557]},"properties":{"osm_id":8613650579,"osm_type":"node","seamark_type":"pile","display_class":"OTHER","min_zoom":12,"importance":1,"name":null,"ref":null,"common":{"type":"pile"},"children":{"pile":{"category":"post"}},"osm_tags":{"seamark:pile:category":"post","seamark:type":"pile"}}},{"type":"Feature","geometry":{"type":"Point","coordinates":[-76.7515601,35.8675265]},"properties":{"osm_id":8613650580,"osm_type":"node","seamark_type":"pile","display_class":"OTHER","min_zoom":12,"importance":1,"name":null,"ref":null,"common":{"type":"pile"},"children":{"pile":{"category":"post"}},"osm_tags":{"seamark:pile:category":"post","seamark:type":"pile"}}},{"type":"Feature","geometry":{"type":"Point","coordinates":[-76.7515398,35.8674942]},"properties":{"osm_id":8613650581,"osm_type":"node","seamark_type":"pile","display_class":"OTHER","min_zoom":12,"importance":1,"name":null,"ref":null,"common":{"type":"pile"},"children":{"pile":{"category":"post"}},"osm_tags":{"seamark:pile:category":"post","seamark:type":"pile"}}},{"type":"Feature","geometry":{"type":"Point","coordinates":[-76.7516656,35.8674749]},"properties":{"osm_id":8613650582,"osm_type":"node","seamark_type":"pile","display_class":"OTHER","min_zoom":12,"importance":1,"name":null,"ref":null,"common":{"type":"pile"},"children":{"pile":{"category":"post"}},"osm_tags":{"seamark:pile:category":"post","seamark:type":"pile"}}},{"type":"Feature","geometry":{"type":"Point","coordinates":[-76.7517054,35.8675412]},"properties":{"osm_id":8613650583,"osm_type":"node","seamark_type":"pile","display_class":"OTHER","min_zoom":12,"importance":1,"name":null,"ref":null,"common":{"type":"pile"},"children":{"pile":{"category":"post"}},"osm_tags":{"seamark:pile:category":"post","seamark:type":"pile"}}},{"type":"Feature","geometry":{"type":"Point","coordinates":[-76.7520282,35.8674387]},"properties":{"osm_id":8613650584,"osm_type":"node","seamark_type":"pile","display_class":"OTHER","min_zoom":12,"importance":1,"name":null,"ref":null,"common":{"type":"pile"},"children":{"pile":{"category":"post"}},"osm_tags":{"seamark:pile:category":"post","seamark:type":"pile"}}},{"type":"Feature","geometry":{"type":"Point","coordinates":[-76.7521462,35.8673991]},"properties":{"osm_id":8613650585,"osm_type":"node","seamark_type":"pile","display_class":"OTHER","min_zoom":12,"importance":1,"name":null,"ref":null,"common":{"type":"pile"},"children":{"pile":{"category":"post"}},"osm_tags":{"seamark:pile:category":"post","seamark:type":"pile"}}},{"type":"Feature","geometry":{"type":"Point","coordinates":[-76.7528371,35.8670464]},"properties":{"osm_id":8613650586,"osm_type":"node","seamark_type":"pile","display_class":"OTHER","min_zoom":12,"importance":1,"name":null,"ref":null,"common":{"type":"pile"},"children":{"pile":{"category":"post"}},"osm_tags":{"seamark:pile:category":"post","seamark:type":"pile"}}},{"type":"Feature","geometry":{"type":"Point","coordinates":[-76.7528155,35.8670153]},"properties":{"osm_id":8613650587,"osm_type":"node","seamark_type":"pile","display_class":"OTHER","min_zoom":12,"importance":1,"name":null,"ref":null,"common":{"type":"pile"},"children":{"pile":{"category":"post"}},"osm_tags":{"seamark:pile:category":"post","seamark:type":"pile"}}},{"type":"Feature","geometry":{"type":"Point","coordinates":[-76.7528413,35.8670056]},"properties":{"osm_id":8613650588,"osm_type":"node","seamark_type":"pile","display_class":"OTHER","min_zoom":12,"importance":1,"name":null,"ref":null,"common":{"type":"pile"},"children":{"pile":{"category":"post"}},"osm_tags":{"seamark:pile:category":"post","seamark:type":"pile"}}},{"type":"Feature","geometry":{"type":"Point","coordinates":[-76.7541078,35.866713]},"properties":{"osm_id":8613650589,"osm_type":"node","seamark_type":"pile","display_class":"OTHER","min_zoom":12,"importance":1,"name":null,"ref":null,"common":{"type":"pile"},"children":{"pile":{"category":"post"}},"osm_tags":{"seamark:pile:category":"post","seamark:type":"pile"}}},{"type":"Feature","geometry":{"type":"Point","coordinates":[-76.7540457,35.8667424]},"properties":{"osm_id":8613650590,"osm_type":"node","seamark_type":"pile","display_class":"OTHER","min_zoom":12,"importance":1,"name":null,"ref":null,"common":{"type":"pile"},"children":{"pile":{"category":"post"}},"osm_tags":{"seamark:pile:category":"post","seamark:type":"pile"}}},{"type":"Feature","geometry":{"type":"Point","coordinates":[-76.7540317,35.8667209]},"properties":{"osm_id":8613650591,"osm_type":"node","seamark_type":"pile","display_class":"OTHER","min_zoom":12,"importance":1,"name":null,"ref":null,"common":{"type":"pile"},"children":{"pile":{"category":"post"}},"osm_tags":{"seamark:pile:category":"post","seamark:type":"pile"}}},{"type":"Feature","geometry":{"type":"Point","coordinates":[-76.7539877,35.8667639]},"properties":{"osm_id":8613650592,"osm_type":"node","seamark_type":"pile","display_class":"OTHER","min_zoom":12,"importance":1,"name":null,"ref":null,"common":{"type":"pile"},"children":{"pile":{"category":"post"}},"osm_tags":{"seamark:pile:category":"post","seamark:type":"pile"}}},{"type":"Feature","geometry":{"type":"Point","coordinates":[-76.753922,35.8667939]},"properties":{"osm_id":8613650593,"osm_type":"node","seamark_type":"pile","display_class":"OTHER","min_zoom":12,"importance":1,"name":null,"ref":null,"common":{"type":"pile"},"children":{"pile":{"category":"post"}},"osm_tags":{"seamark:pile:category":"post","seamark:type":"pile"}}},{"type":"Feature","geometry":{"type":"Point","coordinates":[-76.7539067,35.8667735]},"properties":{"osm_id":8613650594,"osm_type":"node","seamark_type":"pile","display_class":"OTHER","min_zoom":12,"importance":1,"name":null,"ref":null,"common":{"type":"pile"},"children":{"pile":{"category":"post"}},"osm_tags":{"seamark:pile:category":"post","seamark:type":"pile"}}},{"type":"Feature","geometry":{"type":"Point","coordinates":[-76.7538605,35.8668199]},"properties":{"osm_id":8613650595,"osm_type":"node","seamark_type":"pile","display_class":"OTHER","min_zoom":12,"importance":1,"name":null,"ref":null,"common":{"type":"pile"},"children":{"pile":{"category":"post"}},"osm_tags":{"seamark:pile:category":"post","seamark:type":"pile"}}},{"type":"Feature","geometry":{"type":"Point","coordinates":[-76.7537893,35.8668477]},"properties":{"osm_id":8613650596,"osm_type":"node","seamark_type":"pile","display_class":"OTHER","min_zoom":12,"importance":1,"name":null,"ref":null,"common":{"type":"pile"},"children":{"pile":{"category":"post"}},"osm_tags":{"seamark:pile:category":"post","seamark:type":"pile"}}},{"type":"Feature","geometry":{"type":"Point","coordinates":[-76.7537802,35.8668279]},"properties":{"osm_id":8613650597,"osm_type":"node","seamark_type":"pile","display_class":"OTHER","min_zoom":12,"importance":1,"name":null,"ref":null,"common":{"type":"pile"},"children":{"pile":{"category":"post"}},"osm_tags":{"seamark:pile:category":"post","seamark:type":"pile"}}},{"type":"Feature","geometry":{"type":"Point","coordinates":[-76.7537425,35.8669173]},"properties":{"osm_id":8613650598,"osm_type":"node","seamark_type":"pile","display_class":"OTHER","min_zoom":12,"importance":1,"name":null,"ref":null,"common":{"type":"pile"},"children":{"pile":{"category":"post"}},"osm_tags":{"seamark:pile:category":"post","seamark:type":"pile"}}},{"type":"Feature","geometry":{"type":"Point","coordinates":[-76.753718,35.8668817]},"properties":{"osm_id":8613650599,"osm_type":"node","seamark_type":"pile","display_class":"OTHER","min_zoom":12,"importance":1,"name":null,"ref":null,"common":{"type":"pile"},"children":{"pile":{"category":"post"}},"osm_tags":{"seamark:pile:category":"post","seamark:type":"pile"}}},{"type":"Feature","geometry":{"type":"Point","coordinates":[-76.7536517,35.8669105]},"properties":{"osm_id":8613650600,"osm_type":"node","seamark_type":"pile","display_class":"OTHER","min_zoom":12,"importance":1,"name":null,"ref":null,"common":{"type":"pile"},"children":{"pile":{"category":"post"}},"osm_tags":{"seamark:pile:category":"post","seamark:type":"pile"}}},{"type":"Feature","geometry":{"type":"Point","coordinates":[-76.7536398,35.8668873]},"properties":{"osm_id":8613650601,"osm_type":"node","seamark_type":"pile","display_class":"OTHER","min_zoom":12,"importance":1,"name":null,"ref":null,"common":{"type":"pile"},"children":{"pile":{"category":"post"}},"osm_tags":{"seamark:pile:category":"post","seamark:type":"pile"}}},{"type":"Feature","geometry":{"type":"Point","coordinates":[-76.7535811,35.86694]},"properties":{"osm_id":8613650602,"osm_type":"node","seamark_type":"pile","display_class":"OTHER","min_zoom":12,"importance":1,"name":null,"ref":null,"common":{"type":"pile"},"children":{"pile":{"category":"post"}},"osm_tags":{"seamark:pile:category":"post","seamark:type":"pile"}}},{"type":"Feature","geometry":{"type":"Point","coordinates":[-76.7535315,35.8670079]},"properties":{"osm_id":8613650603,"osm_type":"node","seamark_type":"pile","display_class":"OTHER","min_zoom":12,"importance":1,"name":null,"ref":null,"common":{"type":"pile"},"children":{"pile":{"category":"post"}},"osm_tags":{"seamark:pile:category":"post","seamark:type":"pile"}}},{"type":"Feature","geometry":{"type":"Point","coordinates":[-76.7535064,35.8669734]},"properties":{"osm_id":8613650604,"osm_type":"node","seamark_type":"pile","display_class":"OTHER","min_zoom":12,"importance":1,"name":null,"ref":null,"common":{"type":"pile"},"children":{"pile":{"category":"post"}},"osm_tags":{"seamark:pile:category":"post","seamark:type":"pile"}}},{"type":"Feature","geometry":{"type":"Point","coordinates":[-76.7534959,35.8669507]},"properties":{"osm_id":8613650605,"osm_type":"node","seamark_type":"pile","display_class":"OTHER","min_zoom":12,"importance":1,"name":null,"ref":null,"common":{"type":"pile"},"children":{"pile":{"category":"post"}},"osm_tags":{"seamark:pile:category":"post","seamark:type":"pile"}}},{"type":"Feature","geometry":{"type":"Point","coordinates":[-76.7534631,35.8669094]},"properties":{"osm_id":8613650606,"osm_type":"node","seamark_type":"pile","display_class":"OTHER","min_zoom":12,"importance":1,"name":null,"ref":null,"common":{"type":"pile"},"children":{"pile":{"category":"post"}},"osm_tags":{"seamark:pile:category":"post","seamark:type":"pile"}}},{"type":"Feature","geometry":{"type":"Point","coordinates":[-76.75344,35.8668766]},"properties":{"osm_id":8613650607,"osm_type":"node","seamark_type":"pile","display_class":"OTHER","min_zoom":12,"importance":1,"name":null,"ref":null,"common":{"type":"pile"},"children":{"pile":{"category":"post"}},"osm_tags":{"seamark:pile:category":"post","seamark:type":"pile"}}},{"type":"Feature","geometry":{"type":"Point","coordinates":[-76.685521,35.0334458]},"properties":{"osm_id":9982591130,"osm_type":"node","seamark_type":"harbour","display_class":"OTHER","min_zoom":12,"importance":1,"name":null,"ref":null,"common":{"type":"harbour"},"children":{"harbour":{"category":"marina"}},"osm_tags":{"leisure":"marina","seamark:harbour:category":"marina","seamark:type":"harbour"}}},{"type":"Feature","geometry":{"type":"Point","coordinates":[-76.0087974,35.9001572]},"properties":{"osm_id":12396323075,"osm_type":"node","seamark_type":"pile","display_class":"OTHER","min_zoom":12,"importance":1,"name":null,"ref":null,"common":{"type":"pile"},"children":{},"osm_tags":{"seamark:type":"pile"}}},{"type":"Feature","geometry":{"type":"Point","coordinates":[-76.0088156,35.9001018]},"properties":{"osm_id":12396323076,"osm_type":"node","seamark_type":"pile","display_class":"OTHER","min_zoom":12,"importance":1,"name":null,"ref":null,"common":{"type":"pile"},"children":{},"osm_tags":{"seamark:type":"pile"}}},{"type":"Feature","geometry":{"type":"Point","coordinates":[-76.0083433,35.9000554]},"properties":{"osm_id":12396323077,"osm_type":"node","seamark_type":"pile","display_class":"OTHER","min_zoom":12,"importance":1,"name":null,"ref":null,"common":{"type":"pile"},"children":{},"osm_tags":{"seamark:type":"pile"}}},{"type":"Feature","geometry":{"type":"Point","coordinates":[-76.0083685,35.9000033]},"properties":{"osm_id":12396323078,"osm_type":"node","seamark_type":"pile","display_class":"OTHER","min_zoom":12,"importance":1,"name":null,"ref":null,"common":{"type":"pile"},"children":{},"osm_tags":{"seamark:type":"pile"}}},{"type":"Feature","geometry":{"type":"Point","coordinates":[-76.0092655,35.900198]},"properties":{"osm_id":12396323079,"osm_type":"node","seamark_type":"pile","display_class":"OTHER","min_zoom":12,"importance":1,"name":null,"ref":null,"common":{"type":"pile"},"children":{},"osm_tags":{"seamark:type":"pile"}}},{"type":"Feature","geometry":{"type":"Point","coordinates":[-76.0092445,35.9002478]},"properties":{"osm_id":12396323080,"osm_type":"node","seamark_type":"pile","display_class":"OTHER","min_zoom":12,"importance":1,"name":null,"ref":null,"common":{"type":"pile"},"children":{},"osm_tags":{"seamark:type":"pile"}}},{"type":"Feature","geometry":{"type":"Point","coordinates":[-76.0088645,35.9011837]},"properties":{"osm_id":12396323081,"osm_type":"node","seamark_type":"pile","display_class":"OTHER","min_zoom":12,"importance":1,"name":null,"ref":null,"common":{"type":"pile"},"children":{},"osm_tags":{"seamark:type":"pile"}}},{"type":"Feature","geometry":{"type":"Point","coordinates":[-76.0088491,35.9012415]},"properties":{"osm_id":12396323082,"osm_type":"node","seamark_type":"pile","display_class":"OTHER","min_zoom":12,"importance":1,"name":null,"ref":null,"common":{"type":"pile"},"children":{},"osm_tags":{"seamark:type":"pile"}}},{"type":"Feature","geometry":{"type":"Point","coordinates":[-76.0084146,35.9010819]},"properties":{"osm_id":12396323083,"osm_type":"node","seamark_type":"pile","display_class":"OTHER","min_zoom":12,"importance":1,"name":null,"ref":null,"common":{"type":"pile"},"children":{},"osm_tags":{"seamark:type":"pile"}}},{"type":"Feature","geometry":{"type":"Point","coordinates":[-76.0084006,35.9011305]},"properties":{"osm_id":12396323084,"osm_type":"node","seamark_type":"pile","display_class":"OTHER","min_zoom":12,"importance":1,"name":null,"ref":null,"common":{"type":"pile"},"children":{},"osm_tags":{"seamark:type":"pile"}}},{"type":"Feature","geometry":{"type":"Point","coordinates":[-76.0079466,35.9010377]},"properties":{"osm_id":12396323085,"osm_type":"node","seamark_type":"pile","display_class":"OTHER","min_zoom":12,"importance":1,"name":null,"ref":null,"common":{"type":"pile"},"children":{},"osm_tags":{"seamark:type":"pile"}}},{"type":"Feature","geometry":{"type":"Point","coordinates":[-76.0079689,35.9009868]},"properties":{"osm_id":12396323086,"osm_type":"node","seamark_type":"pile","display_class":"OTHER","min_zoom":12,"importance":1,"name":null,"ref":null,"common":{"type":"pile"},"children":{},"osm_tags":{"seamark:type":"pile"}}},{"type":"Feature","geometry":{"type":"Point","coordinates":[-76.7796489,35.3044797]},"properties":{"osm_id":12922009475,"osm_type":"node","seamark_type":"small_craft_facility","display_class":"OTHER","min_zoom":12,"importance":1,"name":null,"ref":null,"common":{"type":"small_craft_facility"},"children":{"small_craft_facility":{"category":"slipway"}},"osm_tags":{"leisure":"slipway","seamark:small_craft_facility:category":"slipway","seamark:type":"small_craft_facility"}}},{"type":"Feature","geometry":{"type":"Point","coordinates":[-76.779696,35.3044284]},"properties":{"osm_id":12922009476,"osm_type":"node","seamark_type":"small_craft_facility","display_class":"OTHER","min_zoom":12,"importance":1,"name":null,"ref":null,"common":{"type":"small_craft_facility"},"children":{"small_craft_facility":{"category":"slipway"}},"osm_tags":{"leisure":"slipway","seamark:small_craft_facility:category":"slipway","seamark:type":"small_craft_facility"}}},{"type":"Feature","geometry":{"type":"LineString","coordinates":[[-76.2592573,35.9170047],[-76.2583955,35.916935],[-76.2576502,35.9168201],[-76.2540005,35.9162997]]},"properties":{"osm_id":16784838,"osm_type":"way","seamark_type":"bridge","display_class":"OTHER","min_zoom":12,"importance":1,"name":null,"ref":"US 64;NC 94","common":{"type":"bridge"},"children":{"bridge":{"category":"fixed","clearance_height":"3.6","clearance_width":"10.6"}},"osm_tags":{"NHS":"yes","bridge":"yes","hgv":"designated","highway":"trunk","lanes":"4","layer":"2","maxspeed":"65 mph","ref":"US 64;NC 94","seamark:bridge:category":"fixed","seamark:bridge:clearance_height":"3.6","seamark:bridge:clearance_width":"10.6","seamark:type":"bridge","source:hgv":"https://ncdot.maps.arcgis.com/home/webmap/viewer.html?webmap=a8f091b8fadc4c5d8bb905bf44556a5d","tiger:cfcc":"A21","tiger:county":"Tyrrell, NC","tiger:name_base":"US Hwy 64 (Bypass)"}}},{"type":"Feature","geometry":{"type":"LineString","coordinates":[[-76.0789175,35.4836961],[-76.0787927,35.4837646]]},"properties":{"osm_id":38502936,"osm_type":"way","seamark_type":"gate","display_class":"OTHER","min_zoom":12,"importance":1,"name":null,"ref":null,"common":{"type":"gate"},"children":{},"osm_tags":{"NHD:ComID":"136048869","NHD:FCode":"36900","NHD:FType":"Gate","NHD:RESOLUTION":"High","NHD:way_id":"136048869","attribution":"NHD","seamark:type":"gate","source":"NHD_import_v0.2_20090802232719","waterway":"lock_gate"}}},{"type":"Feature","geometry":{"type":"LineString","coordinates":[[-76.4897769,35.9601379],[-76.490918,35.963203],[-76.4910355,35.9635094],[-76.4915053,35.9646018],[-76.4919926,35.9656881],[-76.492222,35.966183],[-76.493143,35.968012],[-76.5091689,35.9992622],[-76.5100693,36.0009738],[-76.5107381,36.0021824],[-76.5114174,36.0033234],[-76.5121545,36.0044961],[-76.512779,36.00547],[-76.5138012,36.0069539]]},"properties":{"osm_id":48772517,"osm_type":"way","seamark_type":"bridge","display_class":"OTHER","min_zoom":12,"importance":1,"name":null,"ref":"NC 32;NC 37;NC 94","common":{"type":"bridge"},"children":{"bridge":{"category":"fixed","clearance_height":"19.8","clearance_width":"36.5"}},"osm_tags":{"bridge":"yes","bridge:structure":"beam","highway":"primary","lanes":"2","layer":"1","maxspeed":"55 mph","ref":"NC 32;NC 37;NC 94","seamark:bridge:category":"fixed","seamark:bridge:clearance_height":"19.8","seamark:bridge:clearance_width":"36.5","seamark:type":"bridge","surface":"concrete","tiger:cfcc":"A31:A39","tiger:county":"Chowan, NC:Washington, NC","tiger:name_base":"Haughton:State Highway 32","tiger:name_base_1":"State Highway 32","tiger:name_type":"Rd"}}},{"type":"Feature","geometry":{"type":"Polygon","coordinates":[[[-76.0455063,35.067215],[-76.0458791,35.0669868],[-76.0458559,35.0669597],[-76.0454255,35.0672075],[-76.0455063,35.067215]]]},"properties":{"osm_id":425027997,"osm_type":"way","seamark_type":"obstruction","display_class":"OTHER","min_zoom":12,"importance":1,"name":null,"ref":null,"common":{"type":"obstruction"},"children":{},"osm_tags":{"natural":"reef","reef":"pilings","seamark:type":"obstruction"}}},{"type":"Feature","geometry":{"type":"LineString","coordinates":[[-76.6400528,35.5368693],[-76.6397683,35.5371915],[-76.6394943,35.5375311],[-76.6392348,35.5378775],[-76.6390019,35.5382312],[-76.6387532,35.5386468],[-76.6351221,35.5451241]]},"properties":{"osm_id":465067166,"osm_type":"way","seamark_type":"bridge","display_class":"OTHER","min_zoom":12,"importance":1,"name":null,"ref":"NC 99","common":{"type":"bridge"},"children":{"bridge":{"category":"fixed","clearance_height":"3.9","clearance_width":"9.7"}},"osm_tags":{"bridge":"yes","highway":"secondary","layer":"1","maxspeed":"50 mph","rcn_ref":"2","ref":"NC 99","seamark:bridge:category":"fixed","seamark:bridge:clearance_height":"3.9","seamark:bridge:clearance_width":"9.7","seamark:type":"bridge"}}},{"type":"Feature","geometry":{"type":"LineString","coordinates":[[-76.7228058,35.9149264],[-76.7231479,35.9152115]]},"properties":{"osm_id":801318976,"osm_type":"way","seamark_type":"bridge","display_class":"OTHER","min_zoom":12,"importance":1,"name":null,"ref":"NC 45;NC 308","common":{"type":"bridge"},"children":{"bridge":{"category":"fixed","clearance_height":"15.2","clearance_width":"24.3"}},"osm_tags":{"bridge":"yes","bridge:structure":"beam","highway":"primary","lanes":"2","layer":"1","maxspeed":"55 mph","rcn_ref":"3","ref":"NC 45;NC 308","seamark:bridge:category":"fixed","seamark:bridge:clearance_height":"15.2","seamark:bridge:clearance_width":"24.3","seamark:type":"bridge"}}},{"type":"Feature","geometry":{"type":"LineString","coordinates":[[-76.6057414,35.9370381],[-76.6049097,35.9377118]]},"properties":{"osm_id":801331405,"osm_type":"way","seamark_type":"cable_overhead","display_class":"OTHER","min_zoom":12,"importance":1,"name":null,"ref":null,"common":{"type":"cable_overhead"},"children":{"cable_area":{"clearance_height_safe":"14.9"},"cable_overhead":{"category":"power"}},"osm_tags":{"cables":"3","frequency":"60","operator":"Dominion Energy","operator:wikidata":"Q677464","power":"line","seamark:cable_area:clearance_height_safe":"14.9","seamark:cable_overhead:category":"power","seamark:type":"cable_overhead","voltage":"230000"}}},{"type":"Feature","geometry":{"type":"LineString","coordinates":[[-76.6029399,35.9396755],[-76.6018963,35.9429028],[-76.6008598,35.9460671],[-76.5997982,35.9492854],[-76.5987548,35.9524588],[-76.5976883,35.9556322],[-76.5967144,35.9588091],[-76.5956628,35.9620178],[-76.5946231,35.9652258],[-76.5935627,35.9683844],[-76.5925229,35.9715824],[-76.5914908,35.9747566],[-76.5904541,35.9779448],[-76.5894197,35.9811258],[-76.5884687,35.9840503]]},"properties":{"osm_id":801331406,"osm_type":"way","seamark_type":"cable_overhead","display_class":"OTHER","min_zoom":12,"importance":1,"name":null,"ref":"64","common":{"type":"cable_overhead"},"children":{"cable_overhead":{"category":"transmission","clearance_height_safe":"16.4"}},"osm_tags":{"cables":"3","circuits":"1","frequency":"60","operator":"Dominion Energy","operator:wikidata":"Q677464","power":"line","ref":"64","seamark:cable_overhead:category":"transmission","seamark:cable_overhead:clearance_height_safe":"16.4","seamark:type":"cable_overhead","voltage":"230000"}}},{"type":"Feature","geometry":{"type":"LineString","coordinates":[[-76.6153425,35.5286636],[-76.6101477,35.5332449]]},"properties":{"osm_id":806152864,"osm_type":"way","seamark_type":"shoreline_construction","display_class":"OTHER","min_zoom":12,"importance":1,"name":null,"ref":null,"common":{"type":"shoreline_construction"},"children":{"shoreline_construction":{"category":"breakwater"}},"osm_tags":{"man_made":"breakwater","material":"wood","seamark:shoreline_construction:category":"breakwater","seamark:type":"shoreline_construction"}}},{"type":"Feature","geometry":{"type":"LineString","coordinates":[[-76.5884687,35.9840503],[-76.587423,35.9872659]]},"properties":{"osm_id":806888153,"osm_type":"way","seamark_type":"cable_overhead","display_class":"OTHER","min_zoom":12,"importance":1,"name":null,"ref":"64","common":{"type":"cable_overhead"},"children":{"cable_overhead":{"category":"transmission","clearance_height_safe":"28.6"}},"osm_tags":{"cables":"3","frequency":"60","operator":"Dominion Energy","operator:wikidata":"Q677464","power":"line","ref":"64","seamark:cable_overhead:category":"transmission","seamark:cable_overhead:clearance_height_safe":"28.6","seamark:type":"cable_overhead","voltage":"230000"}}},{"type":"Feature","geometry":{"type":"LineString","coordinates":[[-76.4397717,35.556294],[-76.4397763,35.5545977]]},"properties":{"osm_id":806908438,"osm_type":"way","seamark_type":"cable_overhead","display_class":"OTHER","min_zoom":12,"importance":1,"name":null,"ref":null,"common":{"type":"cable_overhead"},"children":{"cable_overhead":{"category":"power","clearance_height":"30.4"}},"osm_tags":{"power":"line","seamark:cable_overhead:category":"power","seamark:cable_overhead:clearance_height":"30.4","seamark:type":"cable_overhead"}}},{"type":"Feature","geometry":{"type":"LineString","coordinates":[[-76.4388054,35.5555212],[-76.4388402,35.5552395]]},"properties":{"osm_id":806908440,"osm_type":"way","seamark_type":"bridge","display_class":"OTHER","min_zoom":12,"importance":1,"name":null,"ref":"US 264;NC 45","common":{"type":"bridge"},"children":{"bridge":{"category":"fixed","clearance_height":"19.5","clearance_width":"27.4"}},"osm_tags":{"bridge":"yes","bridge:name":"Wilkerson Bridge","highway":"primary","lanes":"2","maxspeed":"55 mph","rcn_ref":"2","ref":"US 264;NC 45","seamark:bridge:category":"fixed","seamark:bridge:clearance_height":"19.5","seamark:bridge:clearance_width":"27.4","seamark:type":"bridge","surface":"asphalt"}}},{"type":"Feature","geometry":{"type":"LineString","coordinates":[[-76.232481,35.5930441],[-76.2328765,35.5940436]]},"properties":{"osm_id":806908441,"osm_type":"way","seamark_type":"bridge","display_class":"OTHER","min_zoom":12,"importance":1,"name":null,"ref":"NC 94","common":{"type":"bridge"},"children":{"bridge":{"category":"fixed","clearance_height":"19.8","clearance_width":"36.5"}},"osm_tags":{"bridge":"yes","bridge:structure":"beam","highway":"secondary","layer":"1","maxspeed":"55 mph","ref":"NC 94","seamark:bridge:category":"fixed","seamark:bridge:clearance_height":"19.8","seamark:bridge:clearance_width":"36.5","seamark:type":"bridge","tiger:cfcc":"A31","tiger:county":"Hyde, NC:Tyrrell, NC","tiger:name_base":"Canal:State Highway 94:State Road 94","tiger:name_base_1":"State Road 94","tiger:name_type":"St"}}},{"type":"Feature","geometry":{"type":"Polygon","coordinates":[[[-76.628206,35.5421083],[-76.6282114,35.5421278],[-76.628231,35.5421398],[-76.6282555,35.5421388],[-76.6282735,35.5421252],[-76.6282765,35.5421054],[-76.6282632,35.5420886],[-76.6282397,35.5420828],[-76.6282171,35.5420905],[-76.628206,35.5421083]]]},"properties":{"osm_id":806929974,"osm_type":"way","seamark_type":"landmark","display_class":"OTHER","min_zoom":12,"importance":1,"name":null,"ref":null,"common":{"conspicuity":"conspicuous","information":"grain elevator","type":"landmark"},"children":{},"osm_tags":{"building":"silo","man_made":"storage_tank","seamark:conspicuity":"conspicuous","seamark:information":"grain elevator","seamark:type":"landmark"}}},{"type":"Feature","geometry":{"type":"Polygon","coordinates":[[[-76.6281516,35.5421516],[-76.628157,35.5421711],[-76.6281766,35.5421831],[-76.6282011,35.5421821],[-76.6282191,35.5421685],[-76.6282221,35.5421487],[-76.6282088,35.542132],[-76.6281854,35.5421261],[-76.6281627,35.5421339],[-76.6281516,35.5421516]]]},"properties":{"osm_id":806929975,"osm_type":"way","seamark_type":"landmark","display_class":"OTHER","min_zoom":12,"importance":1,"name":null,"ref":null,"common":{"conspicuity":"conspicuous","information":"grain elevator","type":"landmark"},"children":{},"osm_tags":{"building":"silo","man_made":"storage_tank","seamark:conspicuity":"conspicuous","seamark:information":"grain elevator","seamark:type":"landmark"}}},{"type":"Feature","geometry":{"type":"Polygon","coordinates":[[[-76.6280672,35.5422127],[-76.6280676,35.5422337],[-76.6280784,35.5422527],[-76.6280978,35.5422666],[-76.6281224,35.5422728],[-76.628148,35.5422703],[-76.6281701,35.5422595],[-76.628185,35.5422424],[-76.62819,35.5422218],[-76.6281843,35.5422014],[-76.6281688,35.5421846],[-76.6281463,35.5421744],[-76.6281207,35.5421725],[-76.6280963,35.5421792],[-76.6280774,35.5421935],[-76.6280672,35.5422127]]]},"properties":{"osm_id":806929976,"osm_type":"way","seamark_type":"landmark","display_class":"OTHER","min_zoom":12,"importance":1,"name":null,"ref":null,"common":{"conspicuity":"conspicuous","information":"grain elevator","type":"landmark"},"children":{},"osm_tags":{"building":"silo","man_made":"storage_tank","seamark:conspicuity":"conspicuous","seamark:information":"grain elevator","seamark:type":"landmark"}}},{"type":"Feature","geometry":{"type":"Polygon","coordinates":[[[-76.6279715,35.5422884],[-76.6279719,35.5423094],[-76.6279827,35.5423284],[-76.6280021,35.5423422],[-76.6280267,35.5423484],[-76.6280523,35.5423459],[-76.6280744,35.5423352],[-76.6280893,35.542318],[-76.6280943,35.5422975],[-76.6280886,35.542277],[-76.6280731,35.5422602],[-76.6280506,35.54225],[-76.628025,35.5422481],[-76.6280006,35.5422549],[-76.6279817,35.5422691],[-76.6279715,35.5422884]]]},"properties":{"osm_id":806929977,"osm_type":"way","seamark_type":"landmark","display_class":"OTHER","min_zoom":12,"importance":1,"name":null,"ref":null,"common":{"conspicuity":"conspicuous","information":"grain elevator","type":"landmark"},"children":{},"osm_tags":{"building":"silo","man_made":"storage_tank","seamark:conspicuity":"conspicuous","seamark:information":"grain elevator","seamark:type":"landmark"}}},{"type":"Feature","geometry":{"type":"Polygon","coordinates":[[[-76.6278281,35.5423909],[-76.6278315,35.5424221],[-76.6278512,35.5424491],[-76.6278834,35.5424665],[-76.6279216,35.5424707],[-76.6279583,35.5424611],[-76.6279863,35.5424395],[-76.6279999,35.5424101],[-76.6279965,35.5423788],[-76.6279768,35.5423518],[-76.6279446,35.5423345],[-76.6279064,35.5423302],[-76.6278697,35.5423399],[-76.6278418,35.5423615],[-76.6278281,35.5423909]]]},"properties":{"osm_id":806929978,"osm_type":"way","seamark_type":"landmark","display_class":"OTHER","min_zoom":12,"importance":1,"name":null,"ref":null,"common":{"conspicuity":"conspicuous","information":"grain elevator","type":"landmark"},"children":{},"osm_tags":{"building":"silo","man_made":"storage_tank","seamark:conspicuity":"conspicuous","seamark:information":"grain elevator","seamark:type":"landmark"}}},{"type":"Feature","geometry":{"type":"Polygon","coordinates":[[[-76.6276833,35.5424978],[-76.6276867,35.5425291],[-76.6277064,35.5425561],[-76.6277385,35.5425734],[-76.6277768,35.5425777],[-76.6278135,35.542568],[-76.6278414,35.5425464],[-76.6278551,35.542517],[-76.6278517,35.5424858],[-76.627832,35.5424588],[-76.6277998,35.5424414],[-76.6277616,35.5424372],[-76.6277249,35.5424468],[-76.6276969,35.5424684],[-76.6276833,35.5424978]]]},"properties":{"osm_id":806929979,"osm_type":"way","seamark_type":"landmark","display_class":"OTHER","min_zoom":12,"importance":1,"name":null,"ref":null,"common":{"conspicuity":"conspicuous","information":"grain elevator","type":"landmark"},"children":{},"osm_tags":{"building":"silo","man_made":"storage_tank","seamark:conspicuity":"conspicuous","seamark:information":"grain elevator","seamark:type":"landmark"}}},{"type":"Feature","geometry":{"type":"Polygon","coordinates":[[[-76.6275505,35.5426069],[-76.6275539,35.5426382],[-76.6275736,35.5426652],[-76.6276058,35.5426825],[-76.627644,35.5426868],[-76.6276807,35.5426772],[-76.6277087,35.5426555],[-76.6277223,35.5426262],[-76.6277189,35.5425949],[-76.6276992,35.5425679],[-76.627667,35.5425506],[-76.6276288,35.5425463],[-76.6275921,35.5425559],[-76.6275642,35.5425776],[-76.6275505,35.5426069]]]},"properties":{"osm_id":806929980,"osm_type":"way","seamark_type":"landmark","display_class":"OTHER","min_zoom":12,"importance":1,"name":null,"ref":null,"common":{"conspicuity":"conspicuous","information":"grain elevator","type":"landmark"},"children":{},"osm_tags":{"building":"silo","man_made":"storage_tank","seamark:conspicuity":"conspicuous","seamark:information":"grain elevator","seamark:type":"landmark"}}},{"type":"Feature","geometry":{"type":"Polygon","coordinates":[[[-76.6273648,35.5427474],[-76.6273681,35.5427787],[-76.6273879,35.5428057],[-76.62742,35.542823],[-76.6274582,35.5428273],[-76.6274949,35.5428177],[-76.6275229,35.542796],[-76.6275365,35.5427666],[-76.6275331,35.5427354],[-76.6275134,35.5427084],[-76.6274813,35.542691],[-76.627443,35.5426868],[-76.6274063,35.5426964],[-76.6273784,35.542718],[-76.6273648,35.5427474]]]},"properties":{"osm_id":806929981,"osm_type":"way","seamark_type":"landmark","display_class":"OTHER","min_zoom":12,"importance":1,"name":null,"ref":null,"common":{"conspicuity":"conspicuous","information":"grain elevator","type":"landmark"},"children":{},"osm_tags":{"building":"silo","man_made":"storage_tank","seamark:conspicuity":"conspicuous","seamark:information":"grain elevator","seamark:type":"landmark"}}},{"type":"Feature","geometry":{"type":"LineString","coordinates":[[-76.6103523,35.9301152],[-76.6093828,35.9299238]]},"properties":{"osm_id":830606110,"osm_type":"way","seamark_type":"cable_overhead","display_class":"OTHER","min_zoom":12,"importance":1,"name":null,"ref":null,"common":{"type":"cable_overhead"},"children":{"cable_area":{"clearance_height_safe":"2.7"},"cable_overhead":{"category":"power"}},"osm_tags":{"power":"minor_line","seamark:cable_area:clearance_height_safe":"2.7","seamark:cable_overhead:category":"power","seamark:type":"cable_overhead"}}},{"type":"Feature","geometry":{"type":"Polygon","coordinates":[[[-76.9665288,35.0764032],[-76.9666691,35.0763428],[-76.966756,35.0763318],[-76.9670471,35.0759893],[-76.9660315,35.0755523],[-76.9657934,35.0758539],[-76.965867,35.0760737],[-76.9661076,35.0761946],[-76.9664151,35.0763264],[-76.9665288,35.0764032]]]},"properties":{"osm_id":1086566730,"osm_type":"way","seamark_type":"harbour","display_class":"OTHER","min_zoom":12,"importance":1,"name":null,"ref":null,"common":{"type":"harbour"},"children":{"harbour":{"category":"marina"}},"osm_tags":{"leisure":"marina","seamark:harbour:category":"marina","seamark:type":"harbour"}}},{"type":"Feature","geometry":{"type":"Polygon","coordinates":[[[-76.9621559,35.0724645],[-76.9619622,35.0726295],[-76.9610464,35.0721571],[-76.9612268,35.0719482],[-76.9619352,35.0719041],[-76.9621559,35.0724645]]]},"properties":{"osm_id":1086566736,"osm_type":"way","seamark_type":"harbour","display_class":"OTHER","min_zoom":12,"importance":1,"name":null,"ref":null,"common":{"type":"harbour"},"children":{"harbour":{"category":"marina"}},"osm_tags":{"leisure":"marina","seamark:harbour:category":"marina","seamark:type":"harbour"}}},{"type":"Feature","geometry":{"type":"Polygon","coordinates":[[[-76.9695201,35.0668926],[-76.9691438,35.0640387],[-76.9689099,35.0641762],[-76.9687362,35.0642147],[-76.9686025,35.0642147],[-76.9684822,35.0642312],[-76.9682416,35.0642533],[-76.9680477,35.0642643],[-76.9677738,35.0642975],[-76.9677117,35.0643114],[-76.9676522,35.0642047],[-76.9675626,35.0641044],[-76.9674441,35.0640508],[-76.9673392,35.0640183],[-76.9672094,35.0640102],[-76.9670192,35.0640545],[-76.9669023,35.0641386],[-76.9668033,35.0642659],[-76.9667708,35.0643957],[-76.9667864,35.0645437],[-76.9668553,35.0646673],[-76.9669913,35.0647619],[-76.9671538,35.064817],[-76.9673679,35.0648082],[-76.96755,35.0647928],[-76.9676278,35.0656486],[-76.9675715,35.0656504],[-76.9675729,35.0657404],[-76.9675997,35.0661707],[-76.9676372,35.0667349],[-76.9677227,35.0668815],[-76.9677895,35.0669669],[-76.9684817,35.0669337],[-76.9690378,35.0669137],[-76.9695201,35.0668926]]]},"properties":{"osm_id":1086566737,"osm_type":"way","seamark_type":"harbour","display_class":"OTHER","min_zoom":12,"importance":1,"name":null,"ref":null,"common":{"type":"harbour"},"children":{"harbour":{"category":"marina"}},"osm_tags":{"leisure":"marina","seamark:harbour:category":"marina","seamark:type":"harbour"}}},{"type":"Feature","geometry":{"type":"Polygon","coordinates":[[[-76.9486494,35.0636223],[-76.9496087,35.0641859],[-76.9497365,35.0641282],[-76.9499496,35.064032],[-76.9501901,35.0639222],[-76.9502837,35.0638287],[-76.9503426,35.0637551],[-76.9503814,35.0637219],[-76.9503771,35.0632792],[-76.9503304,35.0632133],[-76.95019,35.0631034],[-76.9501164,35.0629166],[-76.9500897,35.0626089],[-76.9501631,35.0623835],[-76.9500561,35.0622077],[-76.9479647,35.06226],[-76.9486494,35.0636223]]]},"properties":{"osm_id":1086567018,"osm_type":"way","seamark_type":"harbour","display_class":"OTHER","min_zoom":12,"importance":1,"name":null,"ref":null,"common":{"type":"harbour"},"children":{"harbour":{"category":"marina"}},"osm_tags":{"leisure":"marina","seamark:harbour:category":"marina","seamark:type":"harbour"}}},{"type":"Feature","geometry":{"type":"Polygon","coordinates":[[[-76.7028413,35.0314995],[-76.702643,35.0310889],[-76.7028022,35.0310374],[-76.7030004,35.031448],[-76.7028413,35.0314995]]]},"properties":{"osm_id":1092612251,"osm_type":"way","seamark_type":"harbour","display_class":"OTHER","min_zoom":12,"importance":1,"name":null,"ref":null,"common":{"type":"harbour"},"children":{"harbour":{"category":"marina"}},"osm_tags":{"leisure":"marina","seamark:harbour:category":"marina","seamark:type":"harbour"}}},{"type":"Feature","geometry":{"type":"Polygon","coordinates":[[[-76.7027644,35.0309818],[-76.7028309,35.0305332],[-76.7026152,35.0305117],[-76.7025486,35.0309604],[-76.7027644,35.0309818]]]},"properties":{"osm_id":1092612252,"osm_type":"way","seamark_type":"harbour","display_class":"OTHER","min_zoom":12,"importance":1,"name":null,"ref":null,"common":{"type":"harbour"},"children":{"harbour":{"category":"marina"}},"osm_tags":{"leisure":"marina","seamark:harbour:category":"marina","seamark:type":"harbour"}}},{"type":"Feature","geometry":{"type":"Polygon","coordinates":[[[-76.7027778,35.0303671],[-76.7027778,35.0299474],[-76.7021995,35.0299309],[-76.7022754,35.0301656],[-76.7024575,35.0303712],[-76.7027778,35.0303671]]]},"properties":{"osm_id":1092612253,"osm_type":"way","seamark_type":"harbour","display_class":"OTHER","min_zoom":12,"importance":1,"name":null,"ref":null,"common":{"type":"harbour"},"children":{"harbour":{"category":"marina"}},"osm_tags":{"leisure":"marina","seamark:harbour:category":"marina","seamark:type":"harbour"}}},{"type":"Feature","geometry":{"type":"Polygon","coordinates":[[[-76.7027438,35.0298368],[-76.7026589,35.0294601],[-76.702466,35.0294892],[-76.7025509,35.029866],[-76.7027438,35.0298368]]]},"properties":{"osm_id":1092612254,"osm_type":"way","seamark_type":"harbour","display_class":"OTHER","min_zoom":12,"importance":1,"name":null,"ref":null,"common":{"type":"harbour"},"children":{"harbour":{"category":"marina"}},"osm_tags":{"leisure":"marina","seamark:harbour:category":"marina","seamark:type":"harbour"}}},{"type":"Feature","geometry":{"type":"Polygon","coordinates":[[[-76.6011295,35.0856577],[-76.6015573,35.0847204],[-76.6013007,35.0846449],[-76.6020184,35.0828763],[-76.6008978,35.0825526],[-76.6008264,35.0826189],[-76.6007566,35.0827023],[-76.6007274,35.0827536],[-76.6006681,35.0828581],[-76.600536,35.0832673],[-76.6003614,35.0838081],[-76.6003007,35.0839962],[-76.6003744,35.0845493],[-76.6002792,35.0848105],[-76.6003704,35.0852714],[-76.6005662,35.085458],[-76.6010557,35.0856248],[-76.6011295,35.0856577]]]},"properties":{"osm_id":1092616855,"osm_type":"way","seamark_type":"harbour","display_class":"OTHER","min_zoom":12,"importance":1,"name":null,"ref":null,"common":{"type":"harbour"},"children":{"harbour":{"category":"marina"}},"osm_tags":{"leisure":"marina","seamark:harbour:category":"marina","seamark:type":"harbour"}}},{"type":"Feature","geometry":{"type":"Polygon","coordinates":[[[-76.7006437,35.0261584],[-76.7005296,35.0263375],[-76.7008005,35.0264377],[-76.700905,35.0262474],[-76.7006437,35.0261584]]]},"properties":{"osm_id":1118717408,"osm_type":"way","seamark_type":"harbour","display_class":"OTHER","min_zoom":12,"importance":1,"name":null,"ref":null,"common":{"type":"harbour"},"children":{"harbour":{"category":"marina"}},"osm_tags":{"leisure":"marina","seamark:harbour:category":"marina","seamark:type":"harbour"}}},{"type":"Feature","geometry":{"type":"Polygon","coordinates":[[[-76.7003838,35.0265863],[-76.7008665,35.0267811],[-76.7007207,35.0270097],[-76.7003797,35.0268656],[-76.7003715,35.026807],[-76.7003123,35.0267102],[-76.7003838,35.0265863]]]},"properties":{"osm_id":1118717409,"osm_type":"way","seamark_type":"harbour","display_class":"OTHER","min_zoom":12,"importance":1,"name":null,"ref":null,"common":{"type":"harbour"},"children":{"harbour":{"category":"marina"}},"osm_tags":{"leisure":"marina","seamark:harbour:category":"marina","seamark:type":"harbour"}}},{"type":"Feature","geometry":{"type":"Polygon","coordinates":[[[-76.7000717,35.0273407],[-76.7004801,35.0276211],[-76.7003646,35.0277168],[-76.6999768,35.0274634],[-76.7000717,35.0273407]]]},"properties":{"osm_id":1118717410,"osm_type":"way","seamark_type":"harbour","display_class":"OTHER","min_zoom":12,"importance":1,"name":null,"ref":null,"common":{"type":"harbour"},"children":{"harbour":{"category":"marina"}},"osm_tags":{"leisure":"marina","seamark:harbour:category":"marina","seamark:type":"harbour"}}},{"type":"Feature","geometry":{"type":"Polygon","coordinates":[[[-76.7001253,35.0276751],[-76.7002972,35.0277708],[-76.7001913,35.0278913],[-76.7000291,35.0277922],[-76.7001253,35.0276751]]]},"properties":{"osm_id":1118717411,"osm_type":"way","seamark_type":"harbour","display_class":"OTHER","min_zoom":12,"importance":1,"name":null,"ref":null,"common":{"type":"harbour"},"children":{"harbour":{"category":"marina"}},"osm_tags":{"leisure":"marina","seamark:harbour:category":"marina","seamark:type":"harbour"}}},{"type":"Feature","geometry":{"type":"Polygon","coordinates":[[[-76.6846202,35.0322582],[-76.6845024,35.0322793],[-76.6843479,35.0324209],[-76.6849771,35.0328577],[-76.685838,35.034111],[-76.6859925,35.0339905],[-76.685245,35.0327714],[-76.6860558,35.0322758],[-76.6867555,35.0320906],[-76.6867234,35.0318702],[-76.6866226,35.0317178],[-76.6857835,35.0320227],[-76.6858391,35.032113],[-76.6850332,35.0325766],[-76.6848888,35.0323456],[-76.6846202,35.0322582]]]},"properties":{"osm_id":1119476959,"osm_type":"way","seamark_type":"harbour","display_class":"OTHER","min_zoom":12,"importance":1,"name":null,"ref":null,"common":{"type":"harbour"},"children":{"harbour":{"category":"marina"}},"osm_tags":{"leisure":"marina","seamark:harbour:category":"marina","seamark:type":"harbour"}}},{"type":"Feature","geometry":{"type":"Polygon","coordinates":[[[-76.0277134,35.90552],[-76.0278176,35.9057139],[-76.0283398,35.9058221],[-76.0282874,35.9060227],[-76.0294438,35.9062422],[-76.0295269,35.9060436],[-76.0296375,35.9060701],[-76.0296469,35.9060472],[-76.0296563,35.9060278],[-76.0295474,35.9059952],[-76.029569,35.9059404],[-76.0298986,35.906045],[-76.0299581,35.9059134],[-76.029225,35.9057053],[-76.0287939,35.905583],[-76.0288124,35.90552],[-76.0278577,35.9052652],[-76.0277134,35.90552]]]},"properties":{"osm_id":806873225,"osm_type":"way","seamark_type":"harbour","display_class":"OTHER","min_zoom":12,"importance":1,"name":"Alligator River Marina","ref":null,"common":{"name":"Alligator River Marina","type":"harbour"},"children":{"harbour":{"category":"marina"}},"osm_tags":{"addr:city":"Columbia","addr:country":"US","addr:housenumber":"13435","addr:postcode":"27925","addr:state":"NC","addr:street":"United States Highway 64 East","leisure":"marina","name":"Alligator River Marina","phone":"+1 252 796 0333","sanitary_dump_station":"yes","seamark:harbour:category":"marina","seamark:name":"Alligator River Marina","seamark:type":"harbour","vhf":"16","website":"https://www.facebook.com/Alligator-River-Marina-173478805996447/"}}},{"type":"Feature","geometry":{"type":"Polygon","coordinates":[[[-76.6220536,35.5367281],[-76.6223019,35.5365581],[-76.6231037,35.5359371],[-76.6227957,35.5356778],[-76.6219245,35.5363628],[-76.6216325,35.5365979],[-76.6217286,35.5366792],[-76.6218562,35.5365794],[-76.6219728,35.536678],[-76.6218549,35.5367622],[-76.621883,35.5367912],[-76.6219983,35.5367009],[-76.6220536,35.5367281]]]},"properties":{"osm_id":806931596,"osm_type":"way","seamark_type":"harbour","display_class":"OTHER","min_zoom":12,"importance":1,"name":"Belhaven Marina","ref":null,"common":{"name":"Belhaven Marina","type":"harbour"},"children":{"harbour":{"category":"marina"}},"osm_tags":{"email":"whiteglove.belhaven@gmail.com","internet_access":"wlan","leisure":"marina","name":"Belhaven Marina","phone":"+1 252 944 0066","seamark:harbour:category":"marina","seamark:name":"Belhaven Marina","seamark:type":"harbour","vhf":"16;9","website":"https://www.belhavenmarina.com/"}}},{"type":"Feature","geometry":{"type":"Polygon","coordinates":[[[-76.6261779,35.5489365],[-76.6261169,35.5489163],[-76.6261243,35.5488989],[-76.6260418,35.54887],[-76.6260304,35.5488912],[-76.6259761,35.5488732],[-76.6259345,35.5489671],[-76.6259117,35.5489622],[-76.6258963,35.5489927],[-76.6259191,35.5489993],[-76.6258936,35.5490626],[-76.6259412,35.5490789],[-76.6259151,35.5491346],[-76.6260049,35.5491597],[-76.6260271,35.5491073],[-76.6260888,35.5491231],[-76.6261779,35.5489365]]]},"properties":{"osm_id":1013238578,"osm_type":"way","seamark_type":"small_craft_facility","display_class":"OTHER","min_zoom":12,"importance":1,"name":"Belhaven Post Office","ref":null,"common":{"type":"small_craft_facility"},"children":{"small_craft_facility":{"category":"post_box"}},"osm_tags":{"addr:city":"Belhaven","addr:housenumber":"614","addr:postcode":"27810","addr:state":"NC","addr:street":"Old County Road","amenity":"post_office","building":"yes","check_date":"2026-06-28","ele":"1","gnis:feature_id":"2505331","name":"Belhaven Post Office","operator":"USPS","seamark:small_craft_facility:category":"post_box","seamark:type":"small_craft_facility","source":"esri_USDOT_NCCGIA_NC","website":"https://tools.usps.com/locations/details/1438115"}}},{"type":"Feature","geometry":{"type":"Polygon","coordinates":[[[-76.2780595,35.9175316],[-76.2780759,35.9176916],[-76.2777055,35.9177615],[-76.277569,35.9178781],[-76.2772658,35.917856],[-76.277237,35.9180242],[-76.2764017,35.917872],[-76.2768201,35.9166369],[-76.2777259,35.9166402],[-76.2783679,35.916638],[-76.2784165,35.9166774],[-76.2781628,35.9174199],[-76.2780595,35.9175316]]]},"properties":{"osm_id":801434684,"osm_type":"way","seamark_type":"harbour","display_class":"OTHER","min_zoom":12,"importance":1,"name":"Cypress Cove Marina","ref":null,"common":{"type":"harbour"},"children":{"harbour":{"category":"marina"}},"osm_tags":{"addr:city":"Columbia","addr:country":"US","addr:housenumber":"175","addr:postcode":"27925","addr:state":"NC","addr:street":"Ramp Road","leisure":"marina","name":"Cypress Cove Marina","phone":"+1 252 796 0435","seamark:harbour:category":"marina","seamark:type":"harbour","website":"https://cypresscovemarinanc.com/"}}},{"type":"Feature","geometry":{"type":"Polygon","coordinates":[[[-76.5353349,35.5324139],[-76.5346536,35.5341121],[-76.5355972,35.5342282],[-76.5359025,35.5341697],[-76.536089,35.5342574],[-76.5361456,35.5340371],[-76.5361788,35.5339089],[-76.5360669,35.5336875],[-76.5359605,35.5336043],[-76.5359647,35.5334727],[-76.5360503,35.5334278],[-76.5361525,35.5333345],[-76.5361525,35.5331906],[-76.5362188,35.533167],[-76.5362845,35.5330352],[-76.5363045,35.532995],[-76.5362492,35.5329354],[-76.5363037,35.5328691],[-76.5363175,35.5326937],[-76.5353349,35.5324139]]]},"properties":{"osm_id":806908437,"osm_type":"way","seamark_type":"harbour","display_class":"OTHER","min_zoom":12,"importance":1,"name":"Dowry Creek Marina","ref":null,"common":{"name":"Dowry Creek Marina","type":"harbour"},"children":{"harbour":{"category":"marina"}},"osm_tags":{"addr:city":"Belhaven","addr:country":"US","addr:housenumber":"110","addr:postcode":"27810","addr:state":"NC","addr:street":"Spinnaker Run Road","capacity":"73","contact:email":"dowrycreek@gmail.com","contact:facebook":"dowrycreekmarina","contact:instagram":"dowrycreek","contact:phone":"+1 252 943 2728","contact:vhf":"16;71","contact:website":"https://dowrycreekmarina.com","contact:yelp":"https://yelp.com/biz/dowry-creek-marina-belhaven","leisure":"marina","maxdraft":"2.4","maxlength":"39.6","name":"Dowry Creek Marina","opening_hours":"sunrise-sunset","seamark:harbour:category":"marina","seamark:name":"Dowry Creek Marina","seamark:type":"harbour"}}},{"type":"Feature","geometry":{"type":"Polygon","coordinates":[[[-76.7062385,35.0188236],[-76.7062609,35.0188627],[-76.7062927,35.0189066],[-76.7063689,35.0190317],[-76.7055786,35.0193662],[-76.705533,35.0193035],[-76.7055128,35.0192704],[-76.7054362,35.0191449],[-76.7062385,35.0188236]]]},"properties":{"osm_id":1356394624,"osm_type":"way","seamark_type":"harbour","display_class":"OTHER","min_zoom":12,"importance":1,"name":"Dragon Island Marina","ref":null,"common":{"type":"harbour"},"children":{"harbour":{"category":"marina"}},"osm_tags":{"leisure":"marina","name":"Dragon Island Marina","seamark:harbour:category":"marina","seamark:type":"harbour"}}},{"type":"Feature","geometry":{"type":"Polygon","coordinates":[[[-76.7112993,35.0275237],[-76.7113972,35.0275965],[-76.7113053,35.0276512],[-76.7111916,35.0276837],[-76.7110529,35.0276743],[-76.7109725,35.0276324],[-76.7108991,35.0278272],[-76.710816,35.0280476],[-76.7106944,35.0284061],[-76.7106887,35.0284227],[-76.7103517,35.0283791],[-76.7102672,35.0279767],[-76.7102734,35.02787],[-76.7102549,35.0278206],[-76.7102833,35.0277005],[-76.7102596,35.0276222],[-76.710337,35.0274564],[-76.7103761,35.0273831],[-76.7106572,35.027446],[-76.7111397,35.0276373],[-76.7111913,35.0276506],[-76.711214,35.027652],[-76.7112405,35.0276395],[-76.7112856,35.0275507],[-76.7112993,35.0275237]]]},"properties":{"osm_id":1361731949,"osm_type":"way","seamark_type":"harbour","display_class":"OTHER","min_zoom":12,"importance":1,"name":"Green Bay Marina","ref":null,"common":{"type":"harbour"},"children":{"harbour":{"category":"marina"}},"osm_tags":{"leisure":"marina","name":"Green Bay Marina","seamark:harbour:category":"marina","seamark:type":"harbour"}}},{"type":"Feature","geometry":{"type":"LineString","coordinates":[[-76.0090411,35.900719],[-76.0081776,35.9005316]]},"properties":{"osm_id":801435923,"osm_type":"way","seamark_type":"bridge","display_class":"OTHER","min_zoom":12,"importance":1,"name":"Lindsay C. Warren Alligator River Bridge","ref":"US 64","common":{"type":"bridge"},"children":{"bridge":{"category":"swing","clearance_height_closed":"4.2","clearance_width":"30.4"}},"osm_tags":{"NHS":"yes","bridge":"movable","bridge:movable":"swing","bridge:name":"Lindsay C. Warren Alligator River Bridge","bridge:structure":"beam","hgv":"yes","highway":"trunk","lanes":"2","layer":"1","maxspeed":"55 mph","name":"Lindsay C. Warren Alligator River Bridge","ref":"US 64","seamark:bridge:category":"swing","seamark:bridge:clearance_height_closed":"4.2","seamark:bridge:clearance_width":"30.4","seamark:type":"bridge"}}},{"type":"Feature","geometry":{"type":"Point","coordinates":[-76.6078936,35.933835]},"properties":{"osm_id":7584511772,"osm_type":"node","seamark_type":"small_craft_facility","display_class":"OTHER","min_zoom":12,"importance":1,"name":"Mackeys Marina","ref":null,"common":{"type":"small_craft_facility"},"children":{"small_craft_facility":{"category":"slipway"}},"osm_tags":{"fee":"yes","leisure":"slipway","name":"Mackeys Marina","seamark:small_craft_facility:category":"slipway","seamark:type":"small_craft_facility"}}},{"type":"Feature","geometry":{"type":"Polygon","coordinates":[[[-76.6090776,35.9332371],[-76.6099698,35.9329933],[-76.6103796,35.9331959],[-76.6098563,35.9336092],[-76.6083014,35.9337655],[-76.6081513,35.9338662],[-76.6079694,35.9337641],[-76.6080004,35.9337351],[-76.6080703,35.9337912],[-76.608124,35.9337516],[-76.6080629,35.9336961],[-76.6081838,35.9336284],[-76.6082721,35.9335371],[-76.6083563,35.9334727],[-76.6084236,35.9334425],[-76.6085119,35.933333],[-76.6086593,35.9331889],[-76.6087762,35.9330816],[-76.6090776,35.9332371]]]},"properties":{"osm_id":811754304,"osm_type":"way","seamark_type":"small_craft_facility","display_class":"OTHER","min_zoom":12,"importance":1,"name":"Mackeys Marina","ref":null,"common":{"type":"small_craft_facility"},"children":{"small_craft_facility":{"category":"boatyard"}},"osm_tags":{"name":"Mackeys Marina","phone":"+1 252 793 5031","seamark:small_craft_facility:category":"boatyard","seamark:type":"small_craft_facility","waterway":"boatyard","website":"https://mackeysmarina.com/"}}},{"type":"Feature","geometry":{"type":"Polygon","coordinates":[[[-76.6087001,35.9330233],[-76.6079664,35.9336372],[-76.6071349,35.9340762],[-76.6058808,35.9341092],[-76.6054217,35.9341666],[-76.6055047,35.9343715],[-76.6056784,35.9343468],[-76.6056825,35.9343171],[-76.6060072,35.9342742],[-76.6066485,35.9342357],[-76.6071947,35.9342159],[-76.6073251,35.9341411],[-76.6074352,35.9340982],[-76.6075235,35.9340905],[-76.6075316,35.9340299],[-76.6078781,35.9338495],[-76.6078936,35.933835],[-76.6079694,35.9337641],[-76.6080004,35.9337351],[-76.6080703,35.9337912],[-76.608124,35.9337516],[-76.6080629,35.9336961],[-76.6081838,35.9336284],[-76.6082721,35.9335371],[-76.6083563,35.9334727],[-76.6084236,35.9334425],[-76.6085119,35.933333],[-76.6086593,35.9331889],[-76.6087762,35.9330816],[-76.6087001,35.9330233]]]},"properties":{"osm_id":811754305,"osm_type":"way","seamark_type":"harbour","display_class":"OTHER","min_zoom":12,"importance":1,"name":"Mackeys Marina","ref":null,"common":{"type":"harbour"},"children":{"harbour":{"category":"marina"}},"osm_tags":{"check_date":"2023-08-05","leisure":"marina","name":"Mackeys Marina","phone":"+1 252 793 5031","seamark:harbour:category":"marina","seamark:type":"harbour","website":"https://mackeysmarina.com/"}}},{"type":"Feature","geometry":{"type":"Point","coordinates":[-76.6084406,35.9339738]},"properties":{"osm_id":7580411043,"osm_type":"node","seamark_type":"small_craft_facility","display_class":"OTHER","min_zoom":12,"importance":1,"name":"Mackeys Marine Store","ref":null,"common":{"name":"Mackeys Marine Store","type":"small_craft_facility"},"children":{"small_craft_facility":{"category":"chandler"}},"osm_tags":{"boat:clothes":"yes","boat:parts":"yes","boat:repair":"yes","boat:sales":"used","name":"Mackeys Marine Store","opening_hours":"Mo-Fr 10:00-16:00; Sa 10:00-14:00","payment:credit_cards":"yes","payment:debit_cards":"yes","seamark:name":"Mackeys Marine Store","seamark:small_craft_facility:category":"chandler","seamark:type":"small_craft_facility","shop":"boat;convenience","website":"https://mackeysmarina.com/marine-store"}}},{"type":"Feature","geometry":{"type":"LineString","coordinates":[[-76.6093832,35.9300534],[-76.6102394,35.9302162]]},"properties":{"osm_id":434559259,"osm_type":"way","seamark_type":"bridge","display_class":"OTHER","min_zoom":12,"importance":1,"name":"Mackeys Road","ref":"NC 308","common":{"type":"bridge"},"children":{"bridge":{"category":"fixed","clearance_height":"2.4","clearance_width":"10.3"}},"osm_tags":{"bridge":"yes","highway":"secondary","layer":"1","maxspeed":"55 mph","name":"Mackeys Road","ref":"NC 308","seamark:bridge:category":"fixed","seamark:bridge:clearance_height":"2.4","seamark:bridge:clearance_width":"10.3","seamark:type":"bridge","tiger:cfcc":"A31","tiger:county":"Washington, NC","tiger:name_base":"Mackeys","tiger:name_base_1":"State Highway 308","tiger:name_type":"Rd","tiger:zip_left":"27970","tiger:zip_left_1":"27970"}}},{"type":"Feature","geometry":{"type":"Point","coordinates":[-76.62887,35.093776]},"properties":{"osm_id":10589179492,"osm_type":"node","seamark_type":"harbour","display_class":"OTHER","min_zoom":12,"importance":1,"name":"Marine Craft","ref":null,"common":{"type":"harbour"},"children":{"harbour":{"category":"marina"}},"osm_tags":{"addr:city":"Merritt","addr:housenumber":"319","addr:postcode":"28556","addr:state":"NC","addr:street":"Old Lupton Road","capacity":"42 Slips","leisure":"marina","name":"Marine Craft","operator":"Marine Craft","seamark:harbour:category":"marina","seamark:type":"harbour","website":"https://www.marinecraftnc.com/"}}},{"type":"Feature","geometry":{"type":"Polygon","coordinates":[[[-76.6995852,35.0247974],[-76.6992886,35.0250299],[-76.6988925,35.0249621],[-76.6985117,35.0249889],[-76.6977246,35.0244363],[-76.697747,35.0244127],[-76.6978143,35.0243417],[-76.6983969,35.0237817],[-76.6983706,35.0237634],[-76.6988469,35.0232977],[-76.6991061,35.0232938],[-76.7001257,35.0241798],[-76.7001084,35.0243783],[-76.6995852,35.0247974]]]},"properties":{"osm_id":640730162,"osm_type":"way","seamark_type":"harbour","display_class":"OTHER","min_zoom":12,"importance":1,"name":"Oriental Harbor Marina","ref":null,"common":{"type":"harbour"},"children":{"harbour":{"category":"marina"}},"osm_tags":{"addr:city":"Oriental","addr:housenumber":"516","addr:postcode":"28571","addr:state":"NC","addr:street":"Water Street","capacity":"110","fee":"yes","internet_access":"wlan","internet_access:fee":"yes","leisure":"marina","name":"Oriental Harbor Marina","power_supply":"yes","seamark:harbour:category":"marina","seamark:type":"harbour","website":"http://www.orientalharbor.com/marina.html"}}},{"type":"Feature","geometry":{"type":"Polygon","coordinates":[[[-76.6977403,35.0241703],[-76.6975264,35.0243782],[-76.697467,35.0243717],[-76.6972489,35.0242467],[-76.696885,35.0240023],[-76.6971244,35.0237496],[-76.6977403,35.0241703]]]},"properties":{"osm_id":1463795797,"osm_type":"way","seamark_type":"small_craft_facility","display_class":"OTHER","min_zoom":12,"importance":1,"name":"Oriental Yacht Club","ref":null,"common":{"type":"small_craft_facility"},"children":{"harbour":{"category":"marina"},"small_craft_facility":{"category":"nautical_club"}},"osm_tags":{"leisure":"marina","name":"Oriental Yacht Club","seamark:harbour:category":"marina","seamark:small_craft_facility:category":"nautical_club","seamark:type":"small_craft_facility"}}},{"type":"Feature","geometry":{"type":"Polygon","coordinates":[[[-76.7068462,35.0198174],[-76.7063689,35.0190317],[-76.7063264,35.0189618],[-76.7062927,35.0189066],[-76.7062609,35.0188627],[-76.7062385,35.0188236],[-76.7054362,35.0191449],[-76.7055128,35.0192704],[-76.7051616,35.0194414],[-76.7050279,35.019503],[-76.7049472,35.0193408],[-76.7048357,35.0192657],[-76.7046674,35.0192347],[-76.7045337,35.0191578],[-76.7044773,35.0191138],[-76.7044422,35.0190589],[-76.7044237,35.018907],[-76.7047014,35.0188799],[-76.7048904,35.0187939],[-76.7064887,35.0182437],[-76.7065014,35.018214],[-76.70653,35.0181472],[-76.707933,35.0174906],[-76.7077738,35.0173602],[-76.7081422,35.0172086],[-76.7093536,35.0167101],[-76.7096399,35.0171744],[-76.7103203,35.018374],[-76.7068462,35.0198174]]]},"properties":{"osm_id":1355729766,"osm_type":"way","seamark_type":"harbour","display_class":"OTHER","min_zoom":12,"importance":1,"name":"Pecan Grove Marina","ref":null,"common":{"type":"harbour"},"children":{"harbour":{"category":"marina"}},"osm_tags":{"leisure":"marina","name":"Pecan Grove Marina","seamark:harbour:category":"marina","seamark:type":"harbour"}}},{"type":"Feature","geometry":{"type":"Polygon","coordinates":[[[-76.6149577,35.5329399],[-76.6153939,35.5321215],[-76.6141374,35.5316873],[-76.6137176,35.5326418],[-76.6138941,35.5326993],[-76.614194,35.5327696],[-76.6142673,35.5327787],[-76.614321,35.5327605],[-76.6144738,35.5327813],[-76.6145608,35.5328079],[-76.6146432,35.5328449],[-76.61472,35.5328911],[-76.6148094,35.532879],[-76.6149577,35.5329399]]]},"properties":{"osm_id":806152866,"osm_type":"way","seamark_type":"harbour","display_class":"OTHER","min_zoom":12,"importance":1,"name":"River Forest Manor & Marina","ref":null,"common":{"name":"River Forest Manor & Marina","type":"harbour"},"children":{"harbour":{"category":"marina"}},"osm_tags":{"contact:vhf":"16;68","fee":"yes","internet_access":"wlan","leisure":"marina","name":"River Forest Manor & Marina","power_supply":"yes","sanitary_dump_station":"yes","seamark:harbour:category":"marina","seamark:name":"River Forest Manor & Marina","seamark:type":"harbour","website":"http://riverforestmarina.com"}}},{"type":"Feature","geometry":{"type":"Polygon","coordinates":[[[-76.6685455,35.0405029],[-76.6685332,35.0403029],[-76.6684316,35.0403071],[-76.6684346,35.0403545],[-76.6682974,35.0403602],[-76.6683026,35.0404441],[-76.6684375,35.0404385],[-76.6684417,35.0405072],[-76.6685455,35.0405029]]]},"properties":{"osm_id":640730206,"osm_type":"way","seamark_type":"harbour","display_class":"OTHER","min_zoom":12,"importance":1,"name":"Sea Harbour Yacht Club","ref":null,"common":{"type":"harbour"},"children":{"harbour":{"category":"marina"}},"osm_tags":{"addr:city":"Oriental","addr:housenumber":"6020","addr:postcode":"28571","addr:state":"NC","addr:street":"Harbor Way","leisure":"marina","name":"Sea Harbour Yacht Club","phone":"+12522490808","seamark:harbour:category":"marina","seamark:type":"harbour"}}},{"type":"Feature","geometry":{"type":"Polygon","coordinates":[[[-76.6691144,35.0409546],[-76.6691304,35.0404282],[-76.6690206,35.0402599],[-76.6690184,35.0399375],[-76.6690397,35.0399348],[-76.6696199,35.0399059],[-76.6698136,35.0398742],[-76.6698169,35.0398202],[-76.6689716,35.0398374],[-76.6681427,35.0399923],[-76.6680446,35.0399808],[-76.6676757,35.0404052],[-76.6678088,35.0408296],[-76.6671433,35.0411164],[-76.6673604,35.041407],[-76.6680002,35.0411221],[-76.6691234,35.0411413],[-76.669574,35.0414319],[-76.6696417,35.0413573],[-76.6691934,35.0410495],[-76.6691144,35.0409546]]]},"properties":{"osm_id":640730217,"osm_type":"way","seamark_type":"harbour","display_class":"OTHER","min_zoom":12,"importance":1,"name":"Sea Harbour Yacht Club","ref":null,"common":{"type":"harbour"},"children":{"harbour":{"category":"marina"}},"osm_tags":{"addr:city":"Oriental","addr:housenumber":"6020","addr:postcode":"28571","addr:state":"NC","addr:street":"Harbor Way","fee":"yes","leisure":"marina","name":"Sea Harbour Yacht Club","seamark:harbour:category":"marina","seamark:type":"harbour","website":"http://www.seaharbour.org/"}}},{"type":"Feature","geometry":{"type":"Polygon","coordinates":[[[-76.0297737,35.9057661],[-76.0298432,35.9055887],[-76.029668,35.9055436],[-76.0295984,35.905721],[-76.0297737,35.9057661]]]},"properties":{"osm_id":128116224,"osm_type":"way","seamark_type":"building","display_class":"OTHER","min_zoom":12,"importance":1,"name":"Short Second Alligator Marina","ref":null,"common":{"type":"building"},"children":{"building":{"function":"harbour_master"}},"osm_tags":{"building":"yes","check_date":"2024-04-05","name":"Short Second Alligator Marina","seamark:building:function":"harbour_master","seamark:type":"building","shop":"convenience"}}},{"type":"Feature","geometry":{"type":"Point","coordinates":[-76.4868808,35.5137624]},"properties":{"osm_id":7545732177,"osm_type":"node","seamark_type":"wreck","display_class":"OTHER","min_zoom":12,"importance":1,"name":"Smith Creek Wreck","ref":null,"common":{"name":"Smith Creek Wreck","type":"wreck"},"children":{"wreck":{"category":"dangerous","water_level":"submerged"}},"osm_tags":{"seamark:name":"Smith Creek Wreck","seamark:type":"wreck","seamark:wreck:category":"dangerous","seamark:wreck:water_level":"submerged"}}},{"type":"Feature","geometry":{"type":"Point","coordinates":[-76.0144258,35.0790636]},"properties":{"osm_id":7490848936,"osm_type":"node","seamark_type":"buoy_lateral","display_class":"OTHER","min_zoom":12,"importance":1,"name":"Teaches Hole Channel Buoy 22","ref":null,"common":{"name":"Teaches Hole Channel Buoy 22","status":"permanent","type":"buoy_lateral"},"children":{"buoy_lateral":{"category":"starboard","colour":"red","shape":"pillar","system":"iala-b"}},"osm_tags":{"man_made":"buoy","seamark:buoy_lateral:category":"starboard","seamark:buoy_lateral:colour":"red","seamark:buoy_lateral:shape":"pillar","seamark:buoy_lateral:system":"iala-b","seamark:name":"Teaches Hole Channel Buoy 22","seamark:status":"permanent","seamark:type":"buoy_lateral"}}},{"type":"Feature","geometry":{"type":"Point","coordinates":[-76.0136164,35.0798176]},"properties":{"osm_id":7490848935,"osm_type":"node","seamark_type":"buoy_lateral","display_class":"OTHER","min_zoom":12,"importance":1,"name":"Teaches Hole Channel Buoy 23","ref":null,"common":{"name":"Teaches Hole Channel Buoy 23","status":"permanent","type":"buoy_lateral"},"children":{"buoy_lateral":{"category":"port","colour":"green","shape":"pillar","system":"iala-b"}},"osm_tags":{"man_made":"buoy","seamark:buoy_lateral:category":"port","seamark:buoy_lateral:colour":"green","seamark:buoy_lateral:shape":"pillar","seamark:buoy_lateral:system":"iala-b","seamark:name":"Teaches Hole Channel Buoy 23","seamark:status":"permanent","seamark:type":"buoy_lateral"}}},{"type":"Feature","geometry":{"type":"Point","coordinates":[-76.0053176,35.0781093]},"properties":{"osm_id":7490848937,"osm_type":"node","seamark_type":"buoy_lateral","display_class":"OTHER","min_zoom":12,"importance":1,"name":"Teaches Hole Channel Buoy 26","ref":null,"common":{"name":"Teaches Hole Channel Buoy 26","status":"permanent","type":"buoy_lateral"},"children":{"buoy_lateral":{"category":"starboard","colour":"red","shape":"conical","system":"iala-b"}},"osm_tags":{"man_made":"buoy","seamark:buoy_lateral:category":"starboard","seamark:buoy_lateral:colour":"red","seamark:buoy_lateral:shape":"conical","seamark:buoy_lateral:system":"iala-b","seamark:name":"Teaches Hole Channel Buoy 26","seamark:status":"permanent","seamark:type":"buoy_lateral"}}},{"type":"Feature","geometry":{"type":"Point","coordinates":[-76.006186,35.0792688]},"properties":{"osm_id":7490848938,"osm_type":"node","seamark_type":"buoy_lateral","display_class":"OTHER","min_zoom":12,"importance":1,"name":"Teaches Hole Channel Lighted Buoy 25","ref":null,"common":{"name":"Teaches Hole Channel Lighted Buoy 25","status":"permanent","type":"buoy_lateral"},"children":{"buoy_lateral":{"category":"port","colour":"green","shape":"pillar","system":"iala-b"},"light":{"character":"Q","colour":"green","exhibition":"night","group":"1","period":"1","sequence":"00.3+(00.7)"}},"osm_tags":{"man_made":"buoy","seamark:buoy_lateral:category":"port","seamark:buoy_lateral:colour":"green","seamark:buoy_lateral:shape":"pillar","seamark:buoy_lateral:system":"iala-b","seamark:light:character":"Q","seamark:light:colour":"green","seamark:light:exhibition":"night","seamark:light:group":"1","seamark:light:period":"1","seamark:light:sequence":"00.3+(00.7)","seamark:name":"Teaches Hole Channel Lighted Buoy 25","seamark:status":"permanent","seamark:type":"buoy_lateral"}}},{"type":"Feature","geometry":{"type":"Point","coordinates":[-76.0018046,35.0810857]},"properties":{"osm_id":7490848939,"osm_type":"node","seamark_type":"buoy_lateral","display_class":"OTHER","min_zoom":12,"importance":1,"name":"Teaches Hole Lighted Buoy 27","ref":null,"common":{"name":"Teaches Hole Lighted Buoy 27","status":"permanent","type":"buoy_lateral"},"children":{"buoy_lateral":{"category":"port","colour":"green","shape":"pillar","system":"iala-b"},"light":{"character":"Fl","colour":"green","exhibition":"night","group":"1","period":"4","sequence":"00.4+(03.6)"}},"osm_tags":{"man_made":"buoy","seamark:buoy_lateral:category":"port","seamark:buoy_lateral:colour":"green","seamark:buoy_lateral:shape":"pillar","seamark:buoy_lateral:system":"iala-b","seamark:light:character":"Fl","seamark:light:colour":"green","seamark:light:exhibition":"night","seamark:light:group":"1","seamark:light:period":"4","seamark:light:sequence":"00.4+(03.6)","seamark:name":"Teaches Hole Lighted Buoy 27","seamark:status":"permanent","seamark:type":"buoy_lateral"}}},{"type":"Feature","geometry":{"type":"Point","coordinates":[-76.6083343,35.9340427]},"properties":{"osm_id":7580427168,"osm_type":"node","seamark_type":"small_craft_facility","display_class":"OTHER","min_zoom":12,"importance":1,"name":"The Landing at Mackeys","ref":null,"common":{"name":"The Landing at Mackeys","type":"small_craft_facility"},"children":{"small_craft_facility":{"category":"restaurant"}},"osm_tags":{"air_conditioning":"yes","amenity":"restaurant","check_date":"2023-08-05","indoor_seating":"yes","name":"The Landing at Mackeys","opening_hours":"Th-Sa 11:00-21:00; Su 11:00-15:00","outdoor_seating":"no","phone":"+1 252 793 5031","seamark:name":"The Landing at Mackeys","seamark:small_craft_facility:category":"restaurant","seamark:type":"small_craft_facility","website":"https://mackeysmarina.com/landing-restaurant"}}},{"type":"Feature","geometry":{"type":"Polygon","coordinates":[[[-76.5950147,35.2476351],[-76.5945131,35.2463011],[-76.5935019,35.2465135],[-76.5925135,35.2470881],[-76.5924827,35.2471948],[-76.5925417,35.247324],[-76.5925256,35.2474423],[-76.592547,35.2475475],[-76.5926443,35.2475748],[-76.5926583,35.247611],[-76.5925333,35.2476485],[-76.5926064,35.2478188],[-76.5926154,35.2478165],[-76.592638,35.2478106],[-76.5927109,35.2477914],[-76.5927962,35.247769],[-76.5929223,35.2480822],[-76.5927291,35.2481326],[-76.5927613,35.2482246],[-76.5928338,35.2482224],[-76.5929759,35.2482355],[-76.5950147,35.2476351]]]},"properties":{"osm_id":424388923,"osm_type":"way","seamark_type":"coastguard_station","display_class":"OTHER","min_zoom":12,"importance":1,"name":"U.S. Coast Guard - Station Hobucken","ref":null,"common":{"type":"coastguard_station"},"children":{},"osm_tags":{"addr:city":"Hobucken","addr:housenumber":"196","addr:postcode":"28537","addr:state":"NC","addr:street":"North Carolina Highway 33","amenity":"coast_guard","emergency":"coast_guard","landuse":"military","name":"U.S. Coast Guard - Station Hobucken","phone":"+1 252 745 3131","seamark:type":"coastguard_station","website":"https://www.uscg.mil/d5/sectNorthCarolina/StaHobucken.asp"}}},{"type":"Feature","geometry":{"type":"Polygon","coordinates":[[[-76.6245415,35.5507877],[-76.6245455,35.5507824],[-76.6247698,35.5504824],[-76.6248494,35.550517],[-76.6248936,35.5504623],[-76.6250423,35.55054],[-76.6249467,35.5506783],[-76.6250476,35.5507301],[-76.6249927,35.5508337],[-76.6250051,35.5508424],[-76.6249981,35.5508568],[-76.6250317,35.5508741],[-76.6250034,35.5509115],[-76.6249751,35.5508985],[-76.6249662,35.5509101],[-76.6249556,35.5509029],[-76.6249379,35.5509259],[-76.6247574,35.5508337],[-76.6247008,35.5509014],[-76.6245804,35.5508424],[-76.6245981,35.5508194],[-76.6245415,35.5507877]]]},"properties":{"osm_id":1013180229,"osm_type":"way","seamark_type":"small_craft_facility","display_class":"OTHER","min_zoom":12,"importance":1,"name":"Vidant Health Clinic","ref":null,"common":{"type":"small_craft_facility"},"children":{"small_craft_facility":{"category":"doctor"}},"osm_tags":{"building":"hospital","name":"Vidant Health Clinic","seamark:small_craft_facility:category":"doctor","seamark:type":"small_craft_facility"}}},{"type":"Feature","geometry":{"type":"Polygon","coordinates":[[[-76.6831697,35.0338195],[-76.6835723,35.0335275],[-76.6835878,35.0335163],[-76.6839974,35.0337996],[-76.6841826,35.0336434],[-76.6838646,35.0334014],[-76.6842487,35.0329703],[-76.6841161,35.032902],[-76.6843229,35.0326816],[-76.6831183,35.031928],[-76.6829312,35.0319403],[-76.6827573,35.0312801],[-76.6822971,35.0313537],[-76.6824412,35.0317902],[-76.6821194,35.0318116],[-76.6821999,35.032775],[-76.6825983,35.0342749],[-76.6828325,35.0342421],[-76.6831697,35.0338195]]]},"properties":{"osm_id":640730203,"osm_type":"way","seamark_type":"harbour","display_class":"OTHER","min_zoom":12,"importance":1,"name":"Whittaker Creek Yacht Harbor","ref":null,"common":{"type":"harbour"},"children":{"harbour":{"category":"marina"}},"osm_tags":{"capacity":"140","fee":"yes","leisure":"marina","name":"Whittaker Creek Yacht Harbor","seamark:harbour:category":"marina","seamark:type":"harbour"}}},{"type":"Feature","geometry":{"type":"Polygon","coordinates":[[[-76.6805147,35.0305662],[-76.6804093,35.0307808],[-76.6803415,35.0307631],[-76.6800581,35.0312652],[-76.6793833,35.0315629],[-76.6793094,35.0314594],[-76.6795405,35.0313585],[-76.6798486,35.030922],[-76.679904,35.0307883],[-76.6797931,35.0307631],[-76.6798854,35.030343],[-76.6799676,35.0303258],[-76.6800991,35.030194],[-76.6803421,35.0303366],[-76.6808869,35.0298977],[-76.6807544,35.0296555],[-76.6806435,35.0296959],[-76.6804494,35.0292468],[-76.6812042,35.0290097],[-76.681272,35.0288709],[-76.6818913,35.0290753],[-76.6813182,35.0301576],[-76.6811025,35.0303367],[-76.6808006,35.0300895],[-76.6804209,35.0303829],[-76.6805147,35.0305662]]]},"properties":{"osm_id":640730185,"osm_type":"way","seamark_type":"harbour","display_class":"OTHER","min_zoom":12,"importance":1,"name":"Whittaker Pointe Marina","ref":null,"common":{"type":"harbour"},"children":{"harbour":{"category":"marina"}},"osm_tags":{"capacity":"51","fee":"yes","internet_access":"wlan","leisure":"marina","name":"Whittaker Pointe Marina","seamark:harbour:category":"marina","seamark:type":"harbour","website":"http://www.whittakerpointe.com/"}}}],"type":"FeatureCollection"}