{"type":"FeatureCollection","features":[{"type":"Feature","geometry":{"type":"Point","coordinates":[22.5296601,44.6763469]},"properties":{"osm_id":551671013,"osm_type":"node","seamark_type":"gate","display_class":"OTHER","min_zoom":12,"importance":1,"name":null,"ref":null,"common":{"type":"gate"},"children":{},"osm_tags":{"seamark:type":"gate","waterway":"lock_gate"}}},{"type":"Feature","geometry":{"type":"Point","coordinates":[22.5223092,44.6700069]},"properties":{"osm_id":1270293708,"osm_type":"node","seamark_type":"gate","display_class":"OTHER","min_zoom":12,"importance":1,"name":null,"ref":null,"common":{"type":"gate"},"children":{},"osm_tags":{"seamark:type":"gate","waterway":"lock_gate"}}},{"type":"Feature","geometry":{"type":"Point","coordinates":[22.5286196,44.6662295]},"properties":{"osm_id":1270293761,"osm_type":"node","seamark_type":"gate","display_class":"OTHER","min_zoom":12,"importance":1,"name":null,"ref":null,"common":{"type":"gate"},"children":{},"osm_tags":{"seamark:type":"gate","waterway":"lock_gate"}}},{"type":"Feature","geometry":{"type":"Point","coordinates":[22.4073106,44.6843416]},"properties":{"osm_id":2508023767,"osm_type":"node","seamark_type":"harbour","display_class":"OTHER","min_zoom":12,"importance":1,"name":null,"ref":null,"common":{"type":"harbour"},"children":{"harbour":{"category":"marina"}},"osm_tags":{"leisure":"marina","seamark:harbour:category":"marina","seamark:type":"harbour"}}},{"type":"Feature","geometry":{"type":"Point","coordinates":[22.6528828,44.6209288]},"properties":{"osm_id":2796944213,"osm_type":"node","seamark_type":"harbour","display_class":"OTHER","min_zoom":12,"importance":1,"name":null,"ref":null,"common":{"type":"harbour"},"children":{"harbour":{"category":"marina"}},"osm_tags":{"leisure":"marina","seamark:harbour:category":"marina","seamark:type":"harbour"}}},{"type":"Feature","geometry":{"type":"Point","coordinates":[22.4105493,44.6861162]},"properties":{"osm_id":2964772375,"osm_type":"node","seamark_type":"harbour","display_class":"OTHER","min_zoom":12,"importance":1,"name":null,"ref":null,"common":{"type":"harbour"},"children":{"harbour":{"category":"marina"}},"osm_tags":{"leisure":"marina","seamark:harbour:category":"marina","seamark:type":"harbour"}}},{"type":"Feature","geometry":{"type":"Point","coordinates":[22.9379081,44.0035579]},"properties":{"osm_id":5205796223,"osm_type":"node","seamark_type":"buoy_lateral","display_class":"OTHER","min_zoom":12,"importance":1,"name":null,"ref":null,"common":{"type":"buoy_lateral"},"children":{"buoy_lateral":{"category":"port","colour":"red","shape":"can","system":"iala-a"}},"osm_tags":{"seamark:buoy_lateral:category":"port","seamark:buoy_lateral:colour":"red","seamark:buoy_lateral:shape":"can","seamark:buoy_lateral:system":"iala-a","seamark:type":"buoy_lateral"}}},{"type":"Feature","geometry":{"type":"Point","coordinates":[22.9380797,44.0003475]},"properties":{"osm_id":5205796224,"osm_type":"node","seamark_type":"buoy_lateral","display_class":"OTHER","min_zoom":12,"importance":1,"name":null,"ref":null,"common":{"type":"buoy_lateral"},"children":{"buoy_lateral":{"category":"starboard","colour":"green","shape":"conical","system":"iala-a"}},"osm_tags":{"seamark:buoy_lateral:category":"starboard","seamark:buoy_lateral:colour":"green","seamark:buoy_lateral:shape":"conical","seamark:buoy_lateral:system":"iala-a","seamark:type":"buoy_lateral"}}},{"type":"Feature","geometry":{"type":"Point","coordinates":[22.9434871,44.0993591]},"properties":{"osm_id":5208420425,"osm_type":"node","seamark_type":"buoy_lateral","display_class":"OTHER","min_zoom":12,"importance":1,"name":null,"ref":null,"common":{"type":"buoy_lateral"},"children":{"buoy_lateral":{"category":"starboard","colour":"green","shape":"conical","system":"iala-a"}},"osm_tags":{"seamark:buoy_lateral:category":"starboard","seamark:buoy_lateral:colour":"green","seamark:buoy_lateral:shape":"conical","seamark:buoy_lateral:system":"iala-a","seamark:type":"buoy_lateral"}}},{"type":"Feature","geometry":{"type":"Point","coordinates":[22.9702663,44.1029956]},"properties":{"osm_id":5208420428,"osm_type":"node","seamark_type":"notice","display_class":"OTHER","min_zoom":12,"importance":1,"name":null,"ref":null,"common":{"type":"notice"},"children":{"notice":{"category":"turning_area","function":"information","impact":"left_bank","orientation":"0"}},"osm_tags":{"seamark:notice:category":"turning_area","seamark:notice:function":"information","seamark:notice:impact":"left_bank","seamark:notice:orientation":"0","seamark:type":"notice"}}},{"type":"Feature","geometry":{"type":"Point","coordinates":[22.9682063,44.1028107]},"properties":{"osm_id":5208420429,"osm_type":"node","seamark_type":"notice","display_class":"OTHER","min_zoom":12,"importance":1,"name":null,"ref":null,"common":{"type":"notice"},"children":{"notice":{"category":"anchoring_permitted","function":"information","impact":"left_bank","orientation":"0"}},"osm_tags":{"seamark:notice:category":"anchoring_permitted","seamark:notice:function":"information","seamark:notice:impact":"left_bank","seamark:notice:orientation":"0","seamark:type":"notice"}}},{"type":"Feature","geometry":{"type":"Point","coordinates":[22.9784202,44.0098548]},"properties":{"osm_id":5208420446,"osm_type":"node","seamark_type":"notice","display_class":"OTHER","min_zoom":12,"importance":1,"name":null,"ref":null,"common":{"type":"notice"},"children":{"notice":{"category":"anchoring_permitted","function":"information","impact":"upstream","orientation":"0"}},"osm_tags":{"seamark:notice:category":"anchoring_permitted","seamark:notice:function":"information","seamark:notice:impact":"upstream","seamark:notice:orientation":"0","seamark:type":"notice"}}},{"type":"Feature","geometry":{"type":"Point","coordinates":[22.9644298,44.0012736]},"properties":{"osm_id":5208420447,"osm_type":"node","seamark_type":"notice","display_class":"OTHER","min_zoom":12,"importance":1,"name":null,"ref":null,"common":{"type":"notice"},"children":{"notice":{"category":"no_anchoring","function":"prohibition","impact":"left_bank","orientation":"0"}},"osm_tags":{"seamark:notice:category":"no_anchoring","seamark:notice:function":"prohibition","seamark:notice:impact":"left_bank","seamark:notice:orientation":"0","seamark:type":"notice"}}},{"type":"Feature","geometry":{"type":"Point","coordinates":[22.9634856,44.0026936]},"properties":{"osm_id":5208420448,"osm_type":"node","seamark_type":"buoy_lateral","display_class":"OTHER","min_zoom":12,"importance":1,"name":null,"ref":null,"common":{"type":"buoy_lateral"},"children":{"buoy_lateral":{"category":"starboard","colour":"green","shape":"conical","system":"iala-a"}},"osm_tags":{"seamark:buoy_lateral:category":"starboard","seamark:buoy_lateral:colour":"green","seamark:buoy_lateral:shape":"conical","seamark:buoy_lateral:system":"iala-a","seamark:type":"buoy_lateral"}}},{"type":"Feature","geometry":{"type":"Point","coordinates":[22.9508256,44.0018678]},"properties":{"osm_id":5208420449,"osm_type":"node","seamark_type":"buoy_lateral","display_class":"OTHER","min_zoom":12,"importance":1,"name":null,"ref":null,"common":{"type":"buoy_lateral"},"children":{"buoy_lateral":{"category":"starboard","colour":"green","shape":"conical","system":"iala-a"}},"osm_tags":{"seamark:buoy_lateral:category":"starboard","seamark:buoy_lateral:colour":"green","seamark:buoy_lateral:shape":"conical","seamark:buoy_lateral:system":"iala-a","seamark:type":"buoy_lateral"}}},{"type":"Feature","geometry":{"type":"Point","coordinates":[22.999792,44.0115215]},"properties":{"osm_id":5208429322,"osm_type":"node","seamark_type":"buoy_lateral","display_class":"OTHER","min_zoom":12,"importance":1,"name":null,"ref":null,"common":{"type":"buoy_lateral"},"children":{"buoy_lateral":{"category":"port","colour":"red","shape":"can","system":"iala-a"}},"osm_tags":{"seamark:buoy_lateral:category":"port","seamark:buoy_lateral:colour":"red","seamark:buoy_lateral:shape":"can","seamark:buoy_lateral:system":"iala-a","seamark:type":"buoy_lateral"}}},{"type":"Feature","geometry":{"type":"Point","coordinates":[22.9502033,44.0035039]},"properties":{"osm_id":5208429324,"osm_type":"node","seamark_type":"buoy_lateral","display_class":"OTHER","min_zoom":12,"importance":1,"name":null,"ref":null,"common":{"type":"buoy_lateral"},"children":{"buoy_lateral":{"category":"port","colour":"red","shape":"can","system":"iala-a"}},"osm_tags":{"seamark:buoy_lateral:category":"port","seamark:buoy_lateral:colour":"red","seamark:buoy_lateral:shape":"can","seamark:buoy_lateral:system":"iala-a","seamark:type":"buoy_lateral"}}},{"type":"Feature","geometry":{"type":"Point","coordinates":[22.9873466,44.010966]},"properties":{"osm_id":5208429922,"osm_type":"node","seamark_type":"notice","display_class":"OTHER","min_zoom":12,"importance":1,"name":null,"ref":null,"common":{"type":"notice"},"children":{"notice":{"category":"anchoring_permitted","function":"information","impact":"downstream","orientation":"0"}},"osm_tags":{"seamark:notice:category":"anchoring_permitted","seamark:notice:function":"information","seamark:notice:impact":"downstream","seamark:notice:orientation":"0","seamark:type":"notice"}}},{"type":"Feature","geometry":{"type":"Point","coordinates":[22.5939845,44.2995273]},"properties":{"osm_id":5208505823,"osm_type":"node","seamark_type":"wreck","display_class":"OTHER","min_zoom":12,"importance":1,"name":null,"ref":null,"common":{"type":"wreck"},"children":{"wreck":{"category":"hull_showing","water_level":"awash"}},"osm_tags":{"seamark:type":"wreck","seamark:wreck:category":"hull_showing","seamark:wreck:water_level":"awash"}}},{"type":"Feature","geometry":{"type":"Point","coordinates":[22.600851,44.2966401]},"properties":{"osm_id":5208505824,"osm_type":"node","seamark_type":"distance_mark","display_class":"OTHER","min_zoom":12,"importance":1,"name":null,"ref":null,"common":{"type":"distance_mark"},"children":{"distance_mark":{"category":"board","distance":"860","units":"kilometres"}},"osm_tags":{"seamark:distance_mark:category":"board","seamark:distance_mark:distance":"860","seamark:distance_mark:units":"kilometres","seamark:type":"distance_mark"}}},{"type":"Feature","geometry":{"type":"Point","coordinates":[22.6776694,44.2313632]},"properties":{"osm_id":5208514125,"osm_type":"node","seamark_type":"notice","display_class":"OTHER","min_zoom":12,"importance":1,"name":null,"ref":null,"common":{"type":"notice"},"children":{"notice":{"category":"no_anchoring","function":"prohibition","impact":"left_bank","orientation":"0"}},"osm_tags":{"seamark:notice:category":"no_anchoring","seamark:notice:function":"prohibition","seamark:notice:impact":"left_bank","seamark:notice:orientation":"0","seamark:type":"notice"}}},{"type":"Feature","geometry":{"type":"Point","coordinates":[22.6941489,44.2069425]},"properties":{"osm_id":5208514126,"osm_type":"node","seamark_type":"wreck","display_class":"OTHER","min_zoom":12,"importance":1,"name":null,"ref":null,"common":{"type":"wreck"},"children":{"wreck":{"category":"hull_showing","water_level":"awash"}},"osm_tags":{"seamark:type":"wreck","seamark:wreck:category":"hull_showing","seamark:wreck:water_level":"awash"}}},{"type":"Feature","geometry":{"type":"Point","coordinates":[22.6962947,44.2063273]},"properties":{"osm_id":5208514127,"osm_type":"node","seamark_type":"wreck","display_class":"OTHER","min_zoom":12,"importance":1,"name":null,"ref":null,"common":{"type":"wreck"},"children":{"wreck":{"category":"hull_showing","water_level":"awash"}},"osm_tags":{"seamark:type":"wreck","seamark:wreck:category":"hull_showing","seamark:wreck:water_level":"awash"}}},{"type":"Feature","geometry":{"type":"Point","coordinates":[22.7081393,44.2013434]},"properties":{"osm_id":5208514128,"osm_type":"node","seamark_type":"buoy_lateral","display_class":"OTHER","min_zoom":12,"importance":1,"name":null,"ref":null,"common":{"type":"buoy_lateral"},"children":{"buoy_lateral":{"category":"port","colour":"red","shape":"can","system":"iala-a"}},"osm_tags":{"seamark:buoy_lateral:category":"port","seamark:buoy_lateral:colour":"red","seamark:buoy_lateral:shape":"can","seamark:buoy_lateral:system":"iala-a","seamark:type":"buoy_lateral"}}},{"type":"Feature","geometry":{"type":"Point","coordinates":[22.7204131,44.2063273]},"properties":{"osm_id":5208514130,"osm_type":"node","seamark_type":"notice","display_class":"OTHER","min_zoom":12,"importance":1,"name":null,"ref":null,"common":{"type":"notice"},"children":{"notice":{"category":"anchoring_permitted","function":"information","impact":"left_bank","orientation":"0"}},"osm_tags":{"seamark:notice:category":"anchoring_permitted","seamark:notice:function":"information","seamark:notice:impact":"left_bank","seamark:notice:orientation":"0","seamark:type":"notice"}}},{"type":"Feature","geometry":{"type":"Point","coordinates":[22.7576636,44.1874357]},"properties":{"osm_id":5208514134,"osm_type":"node","seamark_type":"notice","display_class":"OTHER","min_zoom":12,"importance":1,"name":null,"ref":null,"common":{"type":"notice"},"children":{"notice":{"category":"limited_depth","function":"restriction","impact":"left_bank","orientation":"0"}},"osm_tags":{"seamark:notice:category":"limited_depth","seamark:notice:function":"restriction","seamark:notice:impact":"left_bank","seamark:notice:orientation":"0","seamark:type":"notice"}}},{"type":"Feature","geometry":{"type":"Point","coordinates":[22.7642726,44.1894051]},"properties":{"osm_id":5208514136,"osm_type":"node","seamark_type":"buoy_lateral","display_class":"OTHER","min_zoom":12,"importance":1,"name":null,"ref":null,"common":{"type":"buoy_lateral"},"children":{"buoy_lateral":{"category":"starboard","colour":"green","shape":"conical","system":"iala-a"}},"osm_tags":{"seamark:buoy_lateral:category":"starboard","seamark:buoy_lateral:colour":"green","seamark:buoy_lateral:shape":"conical","seamark:buoy_lateral:system":"iala-a","seamark:type":"buoy_lateral"}}},{"type":"Feature","geometry":{"type":"Point","coordinates":[22.6459979,44.2884691]},"properties":{"osm_id":5208514526,"osm_type":"node","seamark_type":"buoy_lateral","display_class":"OTHER","min_zoom":12,"importance":1,"name":null,"ref":null,"common":{"type":"buoy_lateral"},"children":{"buoy_lateral":{"category":"port","colour":"red","shape":"can","system":"iala-a"}},"osm_tags":{"seamark:buoy_lateral:category":"port","seamark:buoy_lateral:colour":"red","seamark:buoy_lateral:shape":"can","seamark:buoy_lateral:system":"iala-a","seamark:type":"buoy_lateral"}}},{"type":"Feature","geometry":{"type":"Point","coordinates":[22.6675414,44.2890221]},"properties":{"osm_id":5208514527,"osm_type":"node","seamark_type":"buoy_lateral","display_class":"OTHER","min_zoom":12,"importance":1,"name":null,"ref":null,"common":{"type":"buoy_lateral"},"children":{"buoy_lateral":{"category":"starboard","colour":"green","shape":"conical","system":"iala-a"}},"osm_tags":{"seamark:buoy_lateral:category":"starboard","seamark:buoy_lateral:colour":"green","seamark:buoy_lateral:shape":"conical","seamark:buoy_lateral:system":"iala-a","seamark:type":"buoy_lateral"}}},{"type":"Feature","geometry":{"type":"Point","coordinates":[22.6847934,44.2745819]},"properties":{"osm_id":5208514528,"osm_type":"node","seamark_type":"buoy_lateral","display_class":"OTHER","min_zoom":12,"importance":1,"name":null,"ref":null,"common":{"type":"buoy_lateral"},"children":{"buoy_lateral":{"category":"starboard","colour":"green","shape":"conical","system":"iala-a"}},"osm_tags":{"seamark:buoy_lateral:category":"starboard","seamark:buoy_lateral:colour":"green","seamark:buoy_lateral:shape":"conical","seamark:buoy_lateral:system":"iala-a","seamark:type":"buoy_lateral"}}},{"type":"Feature","geometry":{"type":"Point","coordinates":[22.8195476,44.1563467]},"properties":{"osm_id":5208514533,"osm_type":"node","seamark_type":"notice","display_class":"OTHER","min_zoom":12,"importance":1,"name":null,"ref":null,"common":{"type":"notice"},"children":{"notice":{"category":"anchoring_permitted","function":"information","impact":"left_bank","orientation":"0"}},"osm_tags":{"seamark:notice:category":"anchoring_permitted","seamark:notice:function":"information","seamark:notice:impact":"left_bank","seamark:notice:orientation":"0","seamark:type":"notice"}}},{"type":"Feature","geometry":{"type":"Point","coordinates":[22.8569697,44.1406421]},"properties":{"osm_id":5208514536,"osm_type":"node","seamark_type":"buoy_lateral","display_class":"OTHER","min_zoom":12,"importance":1,"name":null,"ref":null,"common":{"type":"buoy_lateral"},"children":{"buoy_lateral":{"category":"starboard","colour":"green","shape":"conical","system":"iala-a"}},"osm_tags":{"seamark:buoy_lateral:category":"starboard","seamark:buoy_lateral:colour":"green","seamark:buoy_lateral:shape":"conical","seamark:buoy_lateral:system":"iala-a","seamark:type":"buoy_lateral"}}},{"type":"Feature","geometry":{"type":"Point","coordinates":[22.9022884,44.1217294]},"properties":{"osm_id":5208514538,"osm_type":"node","seamark_type":"notice","display_class":"OTHER","min_zoom":12,"importance":1,"name":null,"ref":null,"common":{"type":"notice"},"children":{"notice":{"category":"anchoring_permitted","function":"information","impact":"left_bank","orientation":"0"}},"osm_tags":{"seamark:notice:category":"anchoring_permitted","seamark:notice:function":"information","seamark:notice:impact":"left_bank","seamark:notice:orientation":"0","seamark:type":"notice"}}},{"type":"Feature","geometry":{"type":"Point","coordinates":[22.935934,44.0994824]},"properties":{"osm_id":5208514539,"osm_type":"node","seamark_type":"buoy_lateral","display_class":"OTHER","min_zoom":12,"importance":1,"name":null,"ref":null,"common":{"type":"buoy_lateral"},"children":{"buoy_lateral":{"category":"starboard","colour":"green","shape":"conical","system":"iala-a"}},"osm_tags":{"seamark:buoy_lateral:category":"starboard","seamark:buoy_lateral:colour":"green","seamark:buoy_lateral:shape":"conical","seamark:buoy_lateral:system":"iala-a","seamark:type":"buoy_lateral"}}},{"type":"Feature","geometry":{"type":"Point","coordinates":[22.6345824,44.292094]},"properties":{"osm_id":5208521328,"osm_type":"node","seamark_type":"buoy_lateral","display_class":"OTHER","min_zoom":12,"importance":1,"name":null,"ref":null,"common":{"type":"buoy_lateral"},"children":{"buoy_lateral":{"category":"starboard","colour":"green","shape":"conical","system":"iala-a"}},"osm_tags":{"seamark:buoy_lateral:category":"starboard","seamark:buoy_lateral:colour":"green","seamark:buoy_lateral:shape":"conical","seamark:buoy_lateral:system":"iala-a","seamark:type":"buoy_lateral"}}},{"type":"Feature","geometry":{"type":"Point","coordinates":[22.6510619,44.2916639]},"properties":{"osm_id":5208521329,"osm_type":"node","seamark_type":"buoy_lateral","display_class":"OTHER","min_zoom":12,"importance":1,"name":null,"ref":null,"common":{"type":"buoy_lateral"},"children":{"buoy_lateral":{"category":"starboard","colour":"green","shape":"conical","system":"iala-a"}},"osm_tags":{"seamark:buoy_lateral:category":"starboard","seamark:buoy_lateral:colour":"green","seamark:buoy_lateral:shape":"conical","seamark:buoy_lateral:system":"iala-a","seamark:type":"buoy_lateral"}}},{"type":"Feature","geometry":{"type":"Point","coordinates":[22.6582717,44.2878547]},"properties":{"osm_id":5208521330,"osm_type":"node","seamark_type":"buoy_lateral","display_class":"OTHER","min_zoom":12,"importance":1,"name":null,"ref":null,"common":{"type":"buoy_lateral"},"children":{"buoy_lateral":{"category":"port","colour":"red","shape":"can","system":"iala-a"}},"osm_tags":{"seamark:buoy_lateral:category":"port","seamark:buoy_lateral:colour":"red","seamark:buoy_lateral:shape":"can","seamark:buoy_lateral:system":"iala-a","seamark:type":"buoy_lateral"}}},{"type":"Feature","geometry":{"type":"Point","coordinates":[22.6659965,44.2877318]},"properties":{"osm_id":5208521331,"osm_type":"node","seamark_type":"distance_mark","display_class":"OTHER","min_zoom":12,"importance":1,"name":null,"ref":null,"common":{"type":"distance_mark"},"children":{"distance_mark":{"category":"board","distance":"854","units":"kilometres"}},"osm_tags":{"seamark:distance_mark:category":"board","seamark:distance_mark:distance":"854","seamark:distance_mark:units":"kilometres","seamark:type":"distance_mark"}}},{"type":"Feature","geometry":{"type":"Point","coordinates":[22.6772403,44.2813416]},"properties":{"osm_id":5208521332,"osm_type":"node","seamark_type":"distance_mark","display_class":"OTHER","min_zoom":12,"importance":1,"name":null,"ref":null,"common":{"type":"distance_mark"},"children":{"distance_mark":{"category":"board","distance":"853","units":"kilometres"}},"osm_tags":{"seamark:distance_mark:category":"board","seamark:distance_mark:distance":"853","seamark:distance_mark:units":"kilometres","seamark:type":"distance_mark"}}},{"type":"Feature","geometry":{"type":"Point","coordinates":[22.68651,44.2640107]},"properties":{"osm_id":5208521333,"osm_type":"node","seamark_type":"distance_mark","display_class":"OTHER","min_zoom":12,"importance":1,"name":null,"ref":null,"common":{"type":"distance_mark"},"children":{"distance_mark":{"category":"board","distance":"851","units":"kilometres"}},"osm_tags":{"seamark:distance_mark:category":"board","seamark:distance_mark:distance":"851","seamark:distance_mark:units":"kilometres","seamark:type":"distance_mark"}}},{"type":"Feature","geometry":{"type":"Point","coordinates":[22.6916598,44.2533761]},"properties":{"osm_id":5208521334,"osm_type":"node","seamark_type":"notice","display_class":"OTHER","min_zoom":12,"importance":1,"name":null,"ref":null,"common":{"type":"notice"},"children":{"notice":{"category":"anchoring_permitted","function":"information","impact":"left_bank","orientation":"0"}},"osm_tags":{"seamark:notice:category":"anchoring_permitted","seamark:notice:function":"information","seamark:notice:impact":"left_bank","seamark:notice:orientation":"0","seamark:type":"notice"}}},{"type":"Feature","geometry":{"type":"Point","coordinates":[22.7217864,44.2062657]},"properties":{"osm_id":5208521339,"osm_type":"node","seamark_type":"notice","display_class":"OTHER","min_zoom":12,"importance":1,"name":null,"ref":null,"common":{"type":"notice"},"children":{"notice":{"category":"turning_area","function":"information","impact":"left_bank","orientation":"0"}},"osm_tags":{"seamark:notice:category":"turning_area","seamark:notice:function":"information","seamark:notice:impact":"left_bank","seamark:notice:orientation":"0","seamark:type":"notice"}}},{"type":"Feature","geometry":{"type":"Point","coordinates":[22.7689075,44.1847891]},"properties":{"osm_id":5208521341,"osm_type":"node","seamark_type":"buoy_lateral","display_class":"OTHER","min_zoom":12,"importance":1,"name":null,"ref":null,"common":{"type":"buoy_lateral"},"children":{"buoy_lateral":{"category":"starboard","colour":"green","shape":"conical","system":"iala-a"}},"osm_tags":{"seamark:buoy_lateral:category":"starboard","seamark:buoy_lateral:colour":"green","seamark:buoy_lateral:shape":"conical","seamark:buoy_lateral:system":"iala-a","seamark:type":"buoy_lateral"}}},{"type":"Feature","geometry":{"type":"Point","coordinates":[22.8217792,44.1557925]},"properties":{"osm_id":5208521342,"osm_type":"node","seamark_type":"notice","display_class":"OTHER","min_zoom":12,"importance":1,"name":null,"ref":null,"common":{"type":"notice"},"children":{"notice":{"category":"turning_area","function":"information","impact":"left_bank","orientation":"0"}},"osm_tags":{"seamark:notice:category":"turning_area","seamark:notice:function":"information","seamark:notice:impact":"left_bank","seamark:notice:orientation":"0","seamark:type":"notice"}}},{"type":"Feature","geometry":{"type":"Point","coordinates":[22.8156852,44.1495727]},"properties":{"osm_id":5208521343,"osm_type":"node","seamark_type":"buoy_lateral","display_class":"OTHER","min_zoom":12,"importance":1,"name":null,"ref":null,"common":{"type":"buoy_lateral"},"children":{"buoy_lateral":{"category":"port","colour":"red","shape":"can","system":"iala-a"}},"osm_tags":{"seamark:buoy_lateral:category":"port","seamark:buoy_lateral:colour":"red","seamark:buoy_lateral:shape":"can","seamark:buoy_lateral:system":"iala-a","seamark:type":"buoy_lateral"}}},{"type":"Feature","geometry":{"type":"Point","coordinates":[22.8713035,44.1333119]},"properties":{"osm_id":5208521345,"osm_type":"node","seamark_type":"buoy_lateral","display_class":"OTHER","min_zoom":12,"importance":1,"name":null,"ref":null,"common":{"type":"buoy_lateral"},"children":{"buoy_lateral":{"category":"starboard","colour":"green","shape":"conical","system":"iala-a"}},"osm_tags":{"seamark:buoy_lateral:category":"starboard","seamark:buoy_lateral:colour":"green","seamark:buoy_lateral:shape":"conical","seamark:buoy_lateral:system":"iala-a","seamark:type":"buoy_lateral"}}},{"type":"Feature","geometry":{"type":"Point","coordinates":[22.8900146,44.1195113]},"properties":{"osm_id":5208521347,"osm_type":"node","seamark_type":"buoy_lateral","display_class":"OTHER","min_zoom":12,"importance":1,"name":null,"ref":null,"common":{"type":"buoy_lateral"},"children":{"buoy_lateral":{"category":"starboard","colour":"green","shape":"conical","system":"iala-a"}},"osm_tags":{"seamark:buoy_lateral:category":"starboard","seamark:buoy_lateral:colour":"green","seamark:buoy_lateral:shape":"conical","seamark:buoy_lateral:system":"iala-a","seamark:type":"buoy_lateral"}}},{"type":"Feature","geometry":{"type":"Point","coordinates":[22.8951644,44.1127947]},"properties":{"osm_id":5208521349,"osm_type":"node","seamark_type":"buoy_lateral","display_class":"OTHER","min_zoom":12,"importance":1,"name":null,"ref":null,"common":{"type":"buoy_lateral"},"children":{"buoy_lateral":{"category":"port","colour":"red","shape":"can","system":"iala-a"}},"osm_tags":{"seamark:buoy_lateral:category":"port","seamark:buoy_lateral:colour":"red","seamark:buoy_lateral:shape":"can","seamark:buoy_lateral:system":"iala-a","seamark:type":"buoy_lateral"}}},{"type":"Feature","geometry":{"type":"Point","coordinates":[22.9127597,44.1063238]},"properties":{"osm_id":5208521350,"osm_type":"node","seamark_type":"buoy_lateral","display_class":"OTHER","min_zoom":12,"importance":1,"name":null,"ref":null,"common":{"type":"buoy_lateral"},"children":{"buoy_lateral":{"category":"starboard","colour":"green","shape":"conical","system":"iala-a"}},"osm_tags":{"seamark:buoy_lateral:category":"starboard","seamark:buoy_lateral:colour":"green","seamark:buoy_lateral:shape":"conical","seamark:buoy_lateral:system":"iala-a","seamark:type":"buoy_lateral"}}},{"type":"Feature","geometry":{"type":"Point","coordinates":[22.6544952,44.2898822]},"properties":{"osm_id":5208521424,"osm_type":"node","seamark_type":"distance_mark","display_class":"OTHER","min_zoom":12,"importance":1,"name":null,"ref":null,"common":{"type":"distance_mark"},"children":{"distance_mark":{"category":"board","distance":"855","units":"kilometres"}},"osm_tags":{"seamark:distance_mark:category":"board","seamark:distance_mark:distance":"855","seamark:distance_mark:units":"kilometres","seamark:type":"distance_mark"}}},{"type":"Feature","geometry":{"type":"Point","coordinates":[22.6858234,44.256204]},"properties":{"osm_id":5208521425,"osm_type":"node","seamark_type":"distance_mark","display_class":"OTHER","min_zoom":12,"importance":1,"name":null,"ref":null,"common":{"type":"distance_mark"},"children":{"distance_mark":{"category":"board","distance":"850","units":"kilometres"}},"osm_tags":{"seamark:distance_mark:category":"board","seamark:distance_mark:distance":"850","seamark:distance_mark:units":"kilometres","seamark:type":"distance_mark"}}},{"type":"Feature","geometry":{"type":"Point","coordinates":[22.6729488,44.2170319]},"properties":{"osm_id":5208521426,"osm_type":"node","seamark_type":"buoy_lateral","display_class":"OTHER","min_zoom":12,"importance":1,"name":null,"ref":null,"common":{"type":"buoy_lateral"},"children":{"buoy_lateral":{"category":"port","colour":"red","shape":"can","system":"iala-a"}},"osm_tags":{"seamark:buoy_lateral:category":"port","seamark:buoy_lateral:colour":"red","seamark:buoy_lateral:shape":"can","seamark:buoy_lateral:system":"iala-a","seamark:type":"buoy_lateral"}}},{"type":"Feature","geometry":{"type":"Point","coordinates":[22.5266074,44.3398109]},"properties":{"osm_id":5208528125,"osm_type":"node","seamark_type":"distance_mark","display_class":"OTHER","min_zoom":12,"importance":1,"name":null,"ref":null,"common":{"type":"distance_mark"},"children":{"distance_mark":{"category":"board","distance":"868","units":"kilometres"}},"osm_tags":{"seamark:distance_mark:category":"board","seamark:distance_mark:distance":"868","seamark:distance_mark:units":"kilometres","seamark:type":"distance_mark"}}},{"type":"Feature","geometry":{"type":"Point","coordinates":[22.5264358,44.335575]},"properties":{"osm_id":5208528126,"osm_type":"node","seamark_type":"buoy_lateral","display_class":"OTHER","min_zoom":12,"importance":1,"name":null,"ref":null,"common":{"type":"buoy_lateral"},"children":{"buoy_lateral":{"category":"port","colour":"red","shape":"can","system":"iala-a"}},"osm_tags":{"seamark:buoy_lateral:category":"port","seamark:buoy_lateral:colour":"red","seamark:buoy_lateral:shape":"can","seamark:buoy_lateral:system":"iala-a","seamark:type":"buoy_lateral"}}},{"type":"Feature","geometry":{"type":"Point","coordinates":[22.5362205,44.3374781]},"properties":{"osm_id":5208528127,"osm_type":"node","seamark_type":"notice","display_class":"OTHER","min_zoom":12,"importance":1,"name":null,"ref":null,"common":{"type":"notice"},"children":{"notice":{"category":"anchoring_permitted","function":"information","impact":"left_bank","orientation":"0"}},"osm_tags":{"seamark:notice:category":"anchoring_permitted","seamark:notice:function":"information","seamark:notice:impact":"left_bank","seamark:notice:orientation":"0","seamark:type":"notice"}}},{"type":"Feature","geometry":{"type":"Point","coordinates":[22.535963,44.333856]},"properties":{"osm_id":5208528128,"osm_type":"node","seamark_type":"buoy_lateral","display_class":"OTHER","min_zoom":12,"importance":1,"name":null,"ref":null,"common":{"type":"buoy_lateral"},"children":{"buoy_lateral":{"category":"starboard","colour":"green","shape":"conical","system":"iala-a"}},"osm_tags":{"seamark:buoy_lateral:category":"starboard","seamark:buoy_lateral:colour":"green","seamark:buoy_lateral:shape":"conical","seamark:buoy_lateral:system":"iala-a","seamark:type":"buoy_lateral"}}},{"type":"Feature","geometry":{"type":"Point","coordinates":[22.533903,44.3325668]},"properties":{"osm_id":5208528129,"osm_type":"node","seamark_type":"distance_mark","display_class":"OTHER","min_zoom":12,"importance":1,"name":null,"ref":null,"common":{"type":"distance_mark"},"children":{"distance_mark":{"category":"board","distance":"867","units":"kilometres"}},"osm_tags":{"seamark:distance_mark:category":"board","seamark:distance_mark:distance":"867","seamark:distance_mark:units":"kilometres","seamark:type":"distance_mark"}}},{"type":"Feature","geometry":{"type":"Point","coordinates":[22.5870322,44.3119347]},"properties":{"osm_id":5208528130,"osm_type":"node","seamark_type":"distance_mark","display_class":"OTHER","min_zoom":12,"importance":1,"name":null,"ref":null,"common":{"type":"distance_mark"},"children":{"distance_mark":{"category":"board","distance":"862","units":"kilometres"}},"osm_tags":{"seamark:distance_mark:category":"board","seamark:distance_mark:distance":"862","seamark:distance_mark:units":"kilometres","seamark:type":"distance_mark"}}},{"type":"Feature","geometry":{"type":"Point","coordinates":[22.5928687,44.3049328]},"properties":{"osm_id":5208528131,"osm_type":"node","seamark_type":"distance_mark","display_class":"OTHER","min_zoom":12,"importance":1,"name":null,"ref":null,"common":{"type":"distance_mark"},"children":{"distance_mark":{"category":"board","distance":"861","units":"kilometres"}},"osm_tags":{"seamark:distance_mark:category":"board","seamark:distance_mark:distance":"861","seamark:distance_mark:units":"kilometres","seamark:type":"distance_mark"}}},{"type":"Feature","geometry":{"type":"Point","coordinates":[22.5778483,44.317339]},"properties":{"osm_id":5208528132,"osm_type":"node","seamark_type":"buoy_lateral","display_class":"OTHER","min_zoom":12,"importance":1,"name":null,"ref":null,"common":{"type":"buoy_lateral"},"children":{"buoy_lateral":{"category":"channel_separation","colour":"red;green;red;green","colour_pattern":"horizontal","shape":"spherical","system":"cevni"}},"osm_tags":{"seamark:buoy_lateral:category":"channel_separation","seamark:buoy_lateral:colour":"red;green;red;green","seamark:buoy_lateral:colour_pattern":"horizontal","seamark:buoy_lateral:shape":"spherical","seamark:buoy_lateral:system":"cevni","seamark:type":"buoy_lateral"}}},{"type":"Feature","geometry":{"type":"Point","coordinates":[22.5990485,44.2965787]},"properties":{"osm_id":5208528133,"osm_type":"node","seamark_type":"wreck","display_class":"OTHER","min_zoom":12,"importance":1,"name":null,"ref":null,"common":{"type":"wreck"},"children":{"wreck":{"category":"hull_showing","water_level":"awash"}},"osm_tags":{"seamark:type":"wreck","seamark:wreck:category":"hull_showing","seamark:wreck:water_level":"awash"}}},{"type":"Feature","geometry":{"type":"Point","coordinates":[22.5969028,44.297193]},"properties":{"osm_id":5208528134,"osm_type":"node","seamark_type":"wreck","display_class":"OTHER","min_zoom":12,"importance":1,"name":null,"ref":null,"common":{"type":"wreck"},"children":{"wreck":{"category":"hull_showing","water_level":"awash"}},"osm_tags":{"seamark:type":"wreck","seamark:wreck:category":"hull_showing","seamark:wreck:water_level":"awash"}}},{"type":"Feature","geometry":{"type":"Point","coordinates":[22.5989627,44.2975616]},"properties":{"osm_id":5208528135,"osm_type":"node","seamark_type":"buoy_lateral","display_class":"OTHER","min_zoom":12,"importance":1,"name":null,"ref":null,"common":{"type":"buoy_lateral"},"children":{"buoy_lateral":{"category":"port","colour":"red","shape":"can","system":"iala-a"}},"osm_tags":{"seamark:buoy_lateral:category":"port","seamark:buoy_lateral:colour":"red","seamark:buoy_lateral:shape":"can","seamark:buoy_lateral:system":"iala-a","seamark:type":"buoy_lateral"}}},{"type":"Feature","geometry":{"type":"Point","coordinates":[22.6169871,44.2933227]},"properties":{"osm_id":5208528136,"osm_type":"node","seamark_type":"buoy_lateral","display_class":"OTHER","min_zoom":12,"importance":1,"name":null,"ref":null,"common":{"type":"buoy_lateral"},"children":{"buoy_lateral":{"category":"channel_separation","colour":"red;green;red;green","colour_pattern":"horizontal","shape":"spherical","system":"cevni"}},"osm_tags":{"seamark:buoy_lateral:category":"channel_separation","seamark:buoy_lateral:colour":"red;green;red;green","seamark:buoy_lateral:colour_pattern":"horizontal","seamark:buoy_lateral:shape":"spherical","seamark:buoy_lateral:system":"cevni","seamark:type":"buoy_lateral"}}},{"type":"Feature","geometry":{"type":"Point","coordinates":[22.5417136,44.3275322]},"properties":{"osm_id":5208528222,"osm_type":"node","seamark_type":"distance_mark","display_class":"OTHER","min_zoom":12,"importance":1,"name":null,"ref":null,"common":{"type":"distance_mark"},"children":{"distance_mark":{"category":"board","distance":"866","units":"kilometres"}},"osm_tags":{"seamark:distance_mark:category":"board","seamark:distance_mark:distance":"866","seamark:distance_mark:units":"kilometres","seamark:type":"distance_mark"}}},{"type":"Feature","geometry":{"type":"Point","coordinates":[22.5505542,44.3196111]},"properties":{"osm_id":5208528223,"osm_type":"node","seamark_type":"distance_mark","display_class":"OTHER","min_zoom":12,"importance":1,"name":null,"ref":null,"common":{"type":"distance_mark"},"children":{"distance_mark":{"category":"board","distance":"865","units":"kilometres"}},"osm_tags":{"seamark:distance_mark:category":"board","seamark:distance_mark:distance":"865","seamark:distance_mark:units":"kilometres","seamark:type":"distance_mark"}}},{"type":"Feature","geometry":{"type":"Point","coordinates":[22.5870322,44.2989745]},"properties":{"osm_id":5208528224,"osm_type":"node","seamark_type":"distance_mark","display_class":"OTHER","min_zoom":12,"importance":1,"name":null,"ref":null,"common":{"type":"distance_mark"},"children":{"distance_mark":{"category":"board","distance":"861","units":"kilometres"}},"osm_tags":{"seamark:distance_mark:category":"board","seamark:distance_mark:distance":"861","seamark:distance_mark:units":"kilometres","seamark:type":"distance_mark"}}},{"type":"Feature","geometry":{"type":"Point","coordinates":[22.6145839,44.2938756]},"properties":{"osm_id":5208528225,"osm_type":"node","seamark_type":"wreck","display_class":"OTHER","min_zoom":12,"importance":1,"name":null,"ref":null,"common":{"type":"wreck"},"children":{"wreck":{"category":"hull_showing","water_level":"awash"}},"osm_tags":{"seamark:type":"wreck","seamark:wreck:category":"hull_showing","seamark:wreck:water_level":"awash"}}},{"type":"Feature","geometry":{"type":"Point","coordinates":[22.6223945,44.2904352]},"properties":{"osm_id":5208528226,"osm_type":"node","seamark_type":"buoy_lateral","display_class":"OTHER","min_zoom":12,"importance":1,"name":null,"ref":null,"common":{"type":"buoy_lateral"},"children":{"buoy_lateral":{"category":"port","colour":"red","shape":"can","system":"iala-a"}},"osm_tags":{"seamark:buoy_lateral:category":"port","seamark:buoy_lateral:colour":"red","seamark:buoy_lateral:shape":"can","seamark:buoy_lateral:system":"iala-a","seamark:type":"buoy_lateral"}}},{"type":"Feature","geometry":{"type":"Point","coordinates":[22.6279735,44.2938142]},"properties":{"osm_id":5208528227,"osm_type":"node","seamark_type":"buoy_lateral","display_class":"OTHER","min_zoom":12,"importance":1,"name":null,"ref":null,"common":{"type":"buoy_lateral"},"children":{"buoy_lateral":{"category":"starboard","colour":"green","shape":"conical","system":"iala-a"}},"osm_tags":{"seamark:buoy_lateral:category":"starboard","seamark:buoy_lateral:colour":"green","seamark:buoy_lateral:shape":"conical","seamark:buoy_lateral:system":"iala-a","seamark:type":"buoy_lateral"}}},{"type":"Feature","geometry":{"type":"Point","coordinates":[22.6112365,44.293507]},"properties":{"osm_id":5208528228,"osm_type":"node","seamark_type":"distance_mark","display_class":"OTHER","min_zoom":12,"importance":1,"name":null,"ref":null,"common":{"type":"distance_mark"},"children":{"distance_mark":{"category":"board","distance":"859","units":"kilometres"}},"osm_tags":{"seamark:distance_mark:category":"board","seamark:distance_mark:distance":"859","seamark:distance_mark:units":"kilometres","seamark:type":"distance_mark"}}},{"type":"Feature","geometry":{"type":"Point","coordinates":[22.6354407,44.2893292]},"properties":{"osm_id":5208542021,"osm_type":"node","seamark_type":"buoy_lateral","display_class":"OTHER","min_zoom":12,"importance":1,"name":null,"ref":null,"common":{"type":"buoy_lateral"},"children":{"buoy_lateral":{"category":"port","colour":"red","shape":"can","system":"iala-a"}},"osm_tags":{"seamark:buoy_lateral:category":"port","seamark:buoy_lateral:colour":"red","seamark:buoy_lateral:shape":"can","seamark:buoy_lateral:system":"iala-a","seamark:type":"buoy_lateral"}}},{"type":"Feature","geometry":{"type":"Point","coordinates":[22.643938,44.2900051]},"properties":{"osm_id":5208542022,"osm_type":"node","seamark_type":"distance_mark","display_class":"OTHER","min_zoom":12,"importance":1,"name":null,"ref":null,"common":{"type":"distance_mark"},"children":{"distance_mark":{"category":"board","distance":"856","units":"kilometres"}},"osm_tags":{"seamark:distance_mark:category":"board","seamark:distance_mark:distance":"856","seamark:distance_mark:units":"kilometres","seamark:type":"distance_mark"}}},{"type":"Feature","geometry":{"type":"Point","coordinates":[22.9284667,44.1003453]},"properties":{"osm_id":5208542025,"osm_type":"node","seamark_type":"buoy_lateral","display_class":"OTHER","min_zoom":12,"importance":1,"name":null,"ref":null,"common":{"type":"buoy_lateral"},"children":{"buoy_lateral":{"category":"starboard","colour":"green","shape":"conical","system":"iala-a"}},"osm_tags":{"seamark:buoy_lateral:category":"starboard","seamark:buoy_lateral:colour":"green","seamark:buoy_lateral:shape":"conical","seamark:buoy_lateral:system":"iala-a","seamark:type":"buoy_lateral"}}},{"type":"Feature","geometry":{"type":"Point","coordinates":[22.6348399,44.2904966]},"properties":{"osm_id":5208542121,"osm_type":"node","seamark_type":"distance_mark","display_class":"OTHER","min_zoom":12,"importance":1,"name":null,"ref":null,"common":{"type":"distance_mark"},"children":{"distance_mark":{"category":"board","distance":"857","units":"kilometres"}},"osm_tags":{"seamark:distance_mark:category":"board","seamark:distance_mark:distance":"857","seamark:distance_mark:units":"kilometres","seamark:type":"distance_mark"}}},{"type":"Feature","geometry":{"type":"Point","coordinates":[22.6871108,44.2745204]},"properties":{"osm_id":5208542421,"osm_type":"node","seamark_type":"notice","display_class":"OTHER","min_zoom":12,"importance":1,"name":null,"ref":null,"common":{"type":"notice"},"children":{"notice":{"category":"no_anchoring","function":"prohibition","impact":"left_bank","orientation":"0"}},"osm_tags":{"seamark:notice:category":"no_anchoring","seamark:notice:function":"prohibition","seamark:notice:impact":"left_bank","seamark:notice:orientation":"0","seamark:type":"notice"}}},{"type":"Feature","geometry":{"type":"Point","coordinates":[22.5172519,44.4737262]},"properties":{"osm_id":5208542423,"osm_type":"node","seamark_type":"distance_mark","display_class":"OTHER","min_zoom":12,"importance":1,"name":null,"ref":null,"common":{"type":"distance_mark"},"children":{"distance_mark":{"category":"board","distance":"889","units":"kilometres"}},"osm_tags":{"seamark:distance_mark:category":"board","seamark:distance_mark:distance":"889","seamark:distance_mark:units":"kilometres","seamark:type":"distance_mark"}}},{"type":"Feature","geometry":{"type":"Point","coordinates":[22.5046348,44.4774009]},"properties":{"osm_id":5208542424,"osm_type":"node","seamark_type":"buoy_lateral","display_class":"OTHER","min_zoom":12,"importance":1,"name":null,"ref":null,"common":{"type":"buoy_lateral"},"children":{"buoy_lateral":{"category":"port","colour":"red","shape":"can","system":"iala-a"}},"osm_tags":{"seamark:buoy_lateral:category":"port","seamark:buoy_lateral:colour":"red","seamark:buoy_lateral:shape":"can","seamark:buoy_lateral:system":"iala-a","seamark:type":"buoy_lateral"}}},{"type":"Feature","geometry":{"type":"Point","coordinates":[22.5018882,44.4753798]},"properties":{"osm_id":5208542425,"osm_type":"node","seamark_type":"distance_mark","display_class":"OTHER","min_zoom":12,"importance":1,"name":null,"ref":null,"common":{"type":"distance_mark"},"children":{"distance_mark":{"category":"board","distance":"888"}},"osm_tags":{"seamark:distance_mark:category":"board","seamark:distance_mark:distance":"888","seamark:type":"distance_mark"}}},{"type":"Feature","geometry":{"type":"Point","coordinates":[22.4909877,44.4766659]},"properties":{"osm_id":5208542426,"osm_type":"node","seamark_type":"distance_mark","display_class":"OTHER","min_zoom":12,"importance":1,"name":null,"ref":null,"common":{"type":"distance_mark"},"children":{"distance_mark":{"category":"board","distance":"887","units":"kilometres"}},"osm_tags":{"seamark:distance_mark:category":"board","seamark:distance_mark:distance":"887","seamark:distance_mark:units":"kilometres","seamark:type":"distance_mark"}}},{"type":"Feature","geometry":{"type":"Point","coordinates":[22.4592303,44.4552269]},"properties":{"osm_id":5208542427,"osm_type":"node","seamark_type":"distance_mark","display_class":"OTHER","min_zoom":12,"importance":1,"name":null,"ref":null,"common":{"type":"distance_mark"},"children":{"distance_mark":{"category":"board","distance":"882","units":"kilometres"}},"osm_tags":{"seamark:distance_mark:category":"board","seamark:distance_mark:distance":"882","seamark:distance_mark:units":"kilometres","seamark:type":"distance_mark"}}},{"type":"Feature","geometry":{"type":"Point","coordinates":[22.4636077,44.4465265]},"properties":{"osm_id":5208542428,"osm_type":"node","seamark_type":"distance_mark","display_class":"OTHER","min_zoom":12,"importance":1,"name":null,"ref":null,"common":{"type":"distance_mark"},"children":{"distance_mark":{"category":"board","distance":"881","units":"kilometres"}},"osm_tags":{"seamark:distance_mark:category":"board","seamark:distance_mark:distance":"881","seamark:distance_mark:units":"kilometres","seamark:type":"distance_mark"}}},{"type":"Feature","geometry":{"type":"Point","coordinates":[22.4906444,44.4259958]},"properties":{"osm_id":5208542429,"osm_type":"node","seamark_type":"distance_mark","display_class":"OTHER","min_zoom":12,"importance":1,"name":null,"ref":null,"common":{"type":"distance_mark"},"children":{"distance_mark":{"category":"board","distance":"878","units":"kilometres"}},"osm_tags":{"seamark:distance_mark:category":"board","seamark:distance_mark:distance":"878","seamark:distance_mark:units":"kilometres","seamark:type":"distance_mark"}}},{"type":"Feature","geometry":{"type":"Point","coordinates":[22.4997424,44.4179041]},"properties":{"osm_id":5208542430,"osm_type":"node","seamark_type":"distance_mark","display_class":"OTHER","min_zoom":12,"importance":1,"name":null,"ref":null,"common":{"type":"distance_mark"},"children":{"distance_mark":{"category":"board","distance":"877","units":"kilometres"}},"osm_tags":{"seamark:distance_mark:category":"board","seamark:distance_mark:distance":"877","seamark:distance_mark:units":"kilometres","seamark:type":"distance_mark"}}},{"type":"Feature","geometry":{"type":"Point","coordinates":[22.4988841,44.4264249]},"properties":{"osm_id":5208542431,"osm_type":"node","seamark_type":"notice","display_class":"OTHER","min_zoom":12,"importance":1,"name":null,"ref":null,"common":{"type":"notice"},"children":{"notice":{"category":"turning_area","function":"information","impact":"left_bank","orientation":"0"}},"osm_tags":{"seamark:notice:category":"turning_area","seamark:notice:function":"information","seamark:notice:impact":"left_bank","seamark:notice:orientation":"0","seamark:type":"notice"}}},{"type":"Feature","geometry":{"type":"Point","coordinates":[22.4978541,44.4274669]},"properties":{"osm_id":5208542432,"osm_type":"node","seamark_type":"notice","display_class":"OTHER","min_zoom":12,"importance":1,"name":null,"ref":null,"common":{"type":"notice"},"children":{"notice":{"category":"anchoring_permitted","function":"information","impact":"left_bank","orientation":"0"}},"osm_tags":{"seamark:notice:category":"anchoring_permitted","seamark:notice:function":"information","seamark:notice:impact":"left_bank","seamark:notice:orientation":"0","seamark:type":"notice"}}},{"type":"Feature","geometry":{"type":"Point","coordinates":[22.5132178,44.4129382]},"properties":{"osm_id":5208542433,"osm_type":"node","seamark_type":"notice","display_class":"OTHER","min_zoom":12,"importance":1,"name":null,"ref":null,"common":{"type":"notice"},"children":{"notice":{"category":"closed_area","function":"prohibition","impact":"left_bank","orientation":"0"}},"osm_tags":{"seamark:notice:category":"closed_area","seamark:notice:function":"prohibition","seamark:notice:impact":"left_bank","seamark:notice:orientation":"0","seamark:type":"notice"}}},{"type":"Feature","geometry":{"type":"Point","coordinates":[22.502489,44.4096887]},"properties":{"osm_id":5208542434,"osm_type":"node","seamark_type":"buoy_lateral","display_class":"OTHER","min_zoom":12,"importance":1,"name":null,"ref":null,"common":{"type":"buoy_lateral"},"children":{"buoy_lateral":{"category":"starboard","colour":"green","shape":"conical","system":"iala-a"}},"osm_tags":{"seamark:buoy_lateral:category":"starboard","seamark:buoy_lateral:colour":"green","seamark:buoy_lateral:shape":"conical","seamark:buoy_lateral:system":"iala-a","seamark:type":"buoy_lateral"}}},{"type":"Feature","geometry":{"type":"Point","coordinates":[22.4968242,44.4048447]},"properties":{"osm_id":5208542435,"osm_type":"node","seamark_type":"buoy_lateral","display_class":"OTHER","min_zoom":12,"importance":1,"name":null,"ref":null,"common":{"type":"buoy_lateral"},"children":{"buoy_lateral":{"category":"port","colour":"red","shape":"can","system":"iala-a"}},"osm_tags":{"seamark:buoy_lateral:category":"port","seamark:buoy_lateral:colour":"red","seamark:buoy_lateral:shape":"can","seamark:buoy_lateral:system":"iala-a","seamark:type":"buoy_lateral"}}},{"type":"Feature","geometry":{"type":"Point","coordinates":[22.5017165,44.3980379]},"properties":{"osm_id":5208542436,"osm_type":"node","seamark_type":"buoy_lateral","display_class":"OTHER","min_zoom":12,"importance":1,"name":null,"ref":null,"common":{"type":"buoy_lateral"},"children":{"buoy_lateral":{"category":"starboard","colour":"green","shape":"conical","system":"iala-a"}},"osm_tags":{"seamark:buoy_lateral:category":"starboard","seamark:buoy_lateral:colour":"green","seamark:buoy_lateral:shape":"conical","seamark:buoy_lateral:system":"iala-a","seamark:type":"buoy_lateral"}}},{"type":"Feature","geometry":{"type":"Point","coordinates":[22.5002574,44.3835019]},"properties":{"osm_id":5208542437,"osm_type":"node","seamark_type":"buoy_lateral","display_class":"OTHER","min_zoom":12,"importance":1,"name":null,"ref":null,"common":{"type":"buoy_lateral"},"children":{"buoy_lateral":{"category":"port","colour":"red","shape":"can","system":"iala-a"}},"osm_tags":{"seamark:buoy_lateral:category":"port","seamark:buoy_lateral:colour":"red","seamark:buoy_lateral:shape":"can","seamark:buoy_lateral:system":"iala-a","seamark:type":"buoy_lateral"}}},{"type":"Feature","geometry":{"type":"Point","coordinates":[22.4991416,44.4090755]},"properties":{"osm_id":5208542438,"osm_type":"node","seamark_type":"distance_mark","display_class":"OTHER","min_zoom":12,"importance":1,"name":null,"ref":null,"common":{"type":"distance_mark"},"children":{"distance_mark":{"category":"board","distance":"876","units":"kilometres"}},"osm_tags":{"seamark:distance_mark:category":"board","seamark:distance_mark:distance":"876","seamark:distance_mark:units":"kilometres","seamark:type":"distance_mark"}}},{"type":"Feature","geometry":{"type":"Point","coordinates":[22.4993991,44.4007975]},"properties":{"osm_id":5208542439,"osm_type":"node","seamark_type":"distance_mark","display_class":"OTHER","min_zoom":12,"importance":1,"name":null,"ref":null,"common":{"type":"distance_mark"},"children":{"distance_mark":{"category":"board","distance":"875","units":"kilometres"}},"osm_tags":{"seamark:distance_mark:category":"board","seamark:distance_mark:distance":"875","seamark:distance_mark:units":"kilometres","seamark:type":"distance_mark"}}},{"type":"Feature","geometry":{"type":"Point","coordinates":[22.5006007,44.3922117]},"properties":{"osm_id":5208542440,"osm_type":"node","seamark_type":"distance_mark","display_class":"OTHER","min_zoom":12,"importance":1,"name":null,"ref":null,"common":{"type":"distance_mark"},"children":{"distance_mark":{"category":"board","distance":"874","units":"kilometres"}},"osm_tags":{"seamark:distance_mark:category":"board","seamark:distance_mark:distance":"874","seamark:distance_mark:units":"kilometres","seamark:type":"distance_mark"}}},{"type":"Feature","geometry":{"type":"Point","coordinates":[22.5054072,44.3764473]},"properties":{"osm_id":5208542441,"osm_type":"node","seamark_type":"distance_mark","display_class":"OTHER","min_zoom":12,"importance":1,"name":null,"ref":null,"common":{"type":"distance_mark"},"children":{"distance_mark":{"category":"board","distance":"872","units":"kilometres"}},"osm_tags":{"seamark:distance_mark:category":"board","seamark:distance_mark:distance":"872","seamark:distance_mark:units":"kilometres","seamark:type":"distance_mark"}}},{"type":"Feature","geometry":{"type":"Point","coordinates":[22.5050639,44.3713551]},"properties":{"osm_id":5208542442,"osm_type":"node","seamark_type":"buoy_lateral","display_class":"OTHER","min_zoom":12,"importance":1,"name":null,"ref":null,"common":{"type":"buoy_lateral"},"children":{"buoy_lateral":{"category":"port","colour":"red","shape":"can","system":"iala-a"}},"osm_tags":{"seamark:buoy_lateral:category":"port","seamark:buoy_lateral:colour":"red","seamark:buoy_lateral:shape":"can","seamark:buoy_lateral:system":"iala-a","seamark:type":"buoy_lateral"}}},{"type":"Feature","geometry":{"type":"Point","coordinates":[22.5109862,44.3668148]},"properties":{"osm_id":5208542443,"osm_type":"node","seamark_type":"distance_mark","display_class":"OTHER","min_zoom":12,"importance":1,"name":null,"ref":null,"common":{"type":"distance_mark"},"children":{"distance_mark":{"category":"board","distance":"871","units":"kilometres"}},"osm_tags":{"seamark:distance_mark:category":"board","seamark:distance_mark:distance":"871","seamark:distance_mark:units":"kilometres","seamark:type":"distance_mark"}}},{"type":"Feature","geometry":{"type":"Point","coordinates":[22.5203418,44.3490795]},"properties":{"osm_id":5208542444,"osm_type":"node","seamark_type":"distance_mark","display_class":"OTHER","min_zoom":12,"importance":1,"name":null,"ref":null,"common":{"type":"distance_mark"},"children":{"distance_mark":{"category":"board","distance":"869","units":"kilometres"}},"osm_tags":{"seamark:distance_mark:category":"board","seamark:distance_mark:distance":"869","seamark:distance_mark:units":"kilometres","seamark:type":"distance_mark"}}},{"type":"Feature","geometry":{"type":"Point","coordinates":[22.6833343,44.2739059]},"properties":{"osm_id":5208542521,"osm_type":"node","seamark_type":"distance_mark","display_class":"OTHER","min_zoom":12,"importance":1,"name":null,"ref":null,"common":{"type":"distance_mark"},"children":{"distance_mark":{"category":"board","distance":"852","units":"kilometres"}},"osm_tags":{"seamark:distance_mark:category":"board","seamark:distance_mark:distance":"852","seamark:distance_mark:units":"kilometres","seamark:type":"distance_mark"}}},{"type":"Feature","geometry":{"type":"Point","coordinates":[22.4807738,44.4786257]},"properties":{"osm_id":5208542522,"osm_type":"node","seamark_type":"distance_mark","display_class":"OTHER","min_zoom":12,"importance":1,"name":null,"ref":null,"common":{"type":"distance_mark"},"children":{"distance_mark":{"category":"board","distance":"886","units":"kilometres"}},"osm_tags":{"seamark:distance_mark:category":"board","seamark:distance_mark:distance":"886","seamark:distance_mark:units":"kilometres","seamark:type":"distance_mark"}}},{"type":"Feature","geometry":{"type":"Point","coordinates":[22.4682426,44.4791462]},"properties":{"osm_id":5208542523,"osm_type":"node","seamark_type":"distance_mark","display_class":"OTHER","min_zoom":12,"importance":1,"name":null,"ref":null,"common":{"type":"distance_mark"},"children":{"distance_mark":{"category":"board","distance":"885","units":"kilometres"}},"osm_tags":{"seamark:distance_mark:category":"board","seamark:distance_mark:distance":"885","seamark:distance_mark:units":"kilometres","seamark:type":"distance_mark"}}},{"type":"Feature","geometry":{"type":"Point","coordinates":[22.4556254,44.4551043]},"properties":{"osm_id":5208542524,"osm_type":"node","seamark_type":"buoy_lateral","display_class":"OTHER","min_zoom":12,"importance":1,"name":null,"ref":null,"common":{"type":"buoy_lateral"},"children":{"buoy_lateral":{"category":"port","colour":"red","shape":"can","system":"iala-a"}},"osm_tags":{"seamark:buoy_lateral:category":"port","seamark:buoy_lateral:colour":"red","seamark:buoy_lateral:shape":"can","seamark:buoy_lateral:system":"iala-a","seamark:type":"buoy_lateral"}}},{"type":"Feature","geometry":{"type":"Point","coordinates":[22.4876403,44.4336573]},"properties":{"osm_id":5208542525,"osm_type":"node","seamark_type":"buoy_lateral","display_class":"OTHER","min_zoom":12,"importance":1,"name":null,"ref":null,"common":{"type":"buoy_lateral"},"children":{"buoy_lateral":{"category":"starboard","colour":"green","shape":"conical","system":"iala-a"}},"osm_tags":{"seamark:buoy_lateral:category":"starboard","seamark:buoy_lateral:colour":"green","seamark:buoy_lateral:shape":"conical","seamark:buoy_lateral:system":"iala-a","seamark:type":"buoy_lateral"}}},{"type":"Feature","geometry":{"type":"Point","coordinates":[22.4945926,44.4191915]},"properties":{"osm_id":5208542526,"osm_type":"node","seamark_type":"buoy_lateral","display_class":"OTHER","min_zoom":12,"importance":1,"name":null,"ref":null,"common":{"type":"buoy_lateral"},"children":{"buoy_lateral":{"category":"port","colour":"red","shape":"can","system":"iala-a"}},"osm_tags":{"seamark:buoy_lateral:category":"port","seamark:buoy_lateral:colour":"red","seamark:buoy_lateral:shape":"can","seamark:buoy_lateral:system":"iala-a","seamark:type":"buoy_lateral"}}},{"type":"Feature","geometry":{"type":"Point","coordinates":[22.5775909,44.5460133]},"properties":{"osm_id":5208542527,"osm_type":"node","seamark_type":"distance_mark","display_class":"OTHER","min_zoom":12,"importance":1,"name":null,"ref":null,"common":{"type":"distance_mark"},"children":{"distance_mark":{"category":"board","distance":"899","units":"kilometres"}},"osm_tags":{"seamark:distance_mark:category":"board","seamark:distance_mark:distance":"899","seamark:distance_mark:units":"kilometres","seamark:type":"distance_mark"}}},{"type":"Feature","geometry":{"type":"Point","coordinates":[22.5658321,44.534451]},"properties":{"osm_id":5208542528,"osm_type":"node","seamark_type":"distance_mark","display_class":"OTHER","min_zoom":12,"importance":1,"name":null,"ref":null,"common":{"type":"distance_mark"},"children":{"distance_mark":{"category":"board","distance":"897","units":"kilometres"}},"osm_tags":{"seamark:distance_mark:category":"board","seamark:distance_mark:distance":"897","seamark:distance_mark:units":"kilometres","seamark:type":"distance_mark"}}},{"type":"Feature","geometry":{"type":"Point","coordinates":[22.6914882,44.252208]},"properties":{"osm_id":5208542721,"osm_type":"node","seamark_type":"notice","display_class":"OTHER","min_zoom":12,"importance":1,"name":null,"ref":null,"common":{"type":"notice"},"children":{"notice":{"category":"turning_area","function":"information","impact":"left_bank","orientation":"0"}},"osm_tags":{"seamark:notice:category":"turning_area","seamark:notice:function":"information","seamark:notice:impact":"left_bank","seamark:notice:orientation":"0","seamark:type":"notice"}}},{"type":"Feature","geometry":{"type":"Point","coordinates":[22.5375938,44.4761148]},"properties":{"osm_id":5208542723,"osm_type":"node","seamark_type":"buoy_lateral","display_class":"OTHER","min_zoom":12,"importance":1,"name":null,"ref":null,"common":{"type":"buoy_lateral"},"children":{"buoy_lateral":{"category":"starboard","colour":"green","shape":"conical","system":"iala-a"}},"osm_tags":{"seamark:buoy_lateral:category":"starboard","seamark:buoy_lateral:colour":"green","seamark:buoy_lateral:shape":"conical","seamark:buoy_lateral:system":"iala-a","seamark:type":"buoy_lateral"}}},{"type":"Feature","geometry":{"type":"Point","coordinates":[22.5331306,44.4765435]},"properties":{"osm_id":5208542724,"osm_type":"node","seamark_type":"distance_mark","display_class":"OTHER","min_zoom":12,"importance":1,"name":null,"ref":null,"common":{"type":"distance_mark"},"children":{"distance_mark":{"category":"board","distance":"890","units":"kilometres"}},"osm_tags":{"seamark:distance_mark:category":"board","seamark:distance_mark:distance":"890","seamark:distance_mark:units":"kilometres","seamark:type":"distance_mark"}}},{"type":"Feature","geometry":{"type":"Point","coordinates":[22.4559259,44.4736037]},"properties":{"osm_id":5208542725,"osm_type":"node","seamark_type":"distance_mark","display_class":"OTHER","min_zoom":12,"importance":1,"name":null,"ref":null,"common":{"type":"distance_mark"},"children":{"distance_mark":{"category":"board","distance":"884","units":"kilometres"}},"osm_tags":{"seamark:distance_mark:category":"board","seamark:distance_mark:distance":"884","seamark:distance_mark:units":"kilometres","seamark:type":"distance_mark"}}},{"type":"Feature","geometry":{"type":"Point","coordinates":[22.4560546,44.4658861]},"properties":{"osm_id":5208542726,"osm_type":"node","seamark_type":"distance_mark","display_class":"OTHER","min_zoom":12,"importance":1,"name":null,"ref":null,"common":{"type":"distance_mark"},"children":{"distance_mark":{"category":"board","distance":"883","units":"kilometres"}},"osm_tags":{"seamark:distance_mark:category":"board","seamark:distance_mark:distance":"883","seamark:distance_mark:units":"kilometres","seamark:type":"distance_mark"}}},{"type":"Feature","geometry":{"type":"Point","coordinates":[22.4696159,44.4394794]},"properties":{"osm_id":5208542727,"osm_type":"node","seamark_type":"distance_mark","display_class":"OTHER","min_zoom":12,"importance":1,"name":null,"ref":null,"common":{"type":"distance_mark"},"children":{"distance_mark":{"category":"board","distance":"880","units":"kilometres"}},"osm_tags":{"seamark:distance_mark:category":"board","seamark:distance_mark:distance":"880","seamark:distance_mark:units":"kilometres","seamark:type":"distance_mark"}}},{"type":"Feature","geometry":{"type":"Point","coordinates":[22.4812888,44.4329832]},"properties":{"osm_id":5208542728,"osm_type":"node","seamark_type":"distance_mark","display_class":"OTHER","min_zoom":12,"importance":1,"name":null,"ref":null,"common":{"type":"distance_mark"},"children":{"distance_mark":{"category":"board","distance":"879","units":"kilometres"}},"osm_tags":{"seamark:distance_mark:category":"board","seamark:distance_mark:distance":"879","seamark:distance_mark:units":"kilometres","seamark:type":"distance_mark"}}},{"type":"Feature","geometry":{"type":"Point","coordinates":[22.502489,44.3843607]},"properties":{"osm_id":5208542729,"osm_type":"node","seamark_type":"distance_mark","display_class":"OTHER","min_zoom":12,"importance":1,"name":null,"ref":null,"common":{"type":"distance_mark"},"children":{"distance_mark":{"category":"board","distance":"873","units":"kilometres"}},"osm_tags":{"seamark:distance_mark:category":"board","seamark:distance_mark:distance":"873","seamark:distance_mark:units":"kilometres","seamark:type":"distance_mark"}}},{"type":"Feature","geometry":{"type":"Point","coordinates":[22.5621413,44.5238042]},"properties":{"osm_id":5208542730,"osm_type":"node","seamark_type":"distance_mark","display_class":"OTHER","min_zoom":12,"importance":1,"name":null,"ref":null,"common":{"type":"distance_mark"},"children":{"distance_mark":{"category":"board","distance":"896","units":"kilometres"}},"osm_tags":{"seamark:distance_mark:category":"board","seamark:distance_mark:distance":"896","seamark:distance_mark:units":"kilometres","seamark:type":"distance_mark"}}},{"type":"Feature","geometry":{"type":"Point","coordinates":[22.5642871,44.5120538]},"properties":{"osm_id":5208542731,"osm_type":"node","seamark_type":"buoy_lateral","display_class":"OTHER","min_zoom":12,"importance":1,"name":null,"ref":null,"common":{"type":"buoy_lateral"},"children":{"buoy_lateral":{"category":"starboard","colour":"green","shape":"conical","system":"iala-a"}},"osm_tags":{"seamark:buoy_lateral:category":"starboard","seamark:buoy_lateral:colour":"green","seamark:buoy_lateral:shape":"conical","seamark:buoy_lateral:system":"iala-a","seamark:type":"buoy_lateral"}}},{"type":"Feature","geometry":{"type":"Point","coordinates":[22.5620555,44.5143184]},"properties":{"osm_id":5208542732,"osm_type":"node","seamark_type":"distance_mark","display_class":"OTHER","min_zoom":12,"importance":1,"name":null,"ref":null,"common":{"type":"distance_mark"},"children":{"distance_mark":{"category":"board","distance":"895","units":"kilometres"}},"osm_tags":{"seamark:distance_mark:category":"board","seamark:distance_mark:distance":"895","seamark:distance_mark:units":"kilometres","seamark:type":"distance_mark"}}},{"type":"Feature","geometry":{"type":"Point","coordinates":[22.5601672,44.4984645]},"properties":{"osm_id":5208542733,"osm_type":"node","seamark_type":"distance_mark","display_class":"OTHER","min_zoom":12,"importance":1,"name":null,"ref":null,"common":{"type":"distance_mark"},"children":{"distance_mark":{"category":"board","distance":"893","units":"kilometres"}},"osm_tags":{"seamark:distance_mark:category":"board","seamark:distance_mark:distance":"893","seamark:distance_mark:units":"kilometres","seamark:type":"distance_mark"}}},{"type":"Feature","geometry":{"type":"Point","coordinates":[22.5545882,44.4908114]},"properties":{"osm_id":5208542734,"osm_type":"node","seamark_type":"distance_mark","display_class":"OTHER","min_zoom":12,"importance":1,"name":null,"ref":null,"common":{"type":"distance_mark"},"children":{"distance_mark":{"category":"board","distance":"892","units":"kilometres"}},"osm_tags":{"seamark:distance_mark:category":"board","seamark:distance_mark:distance":"892","seamark:distance_mark:units":"kilometres","seamark:type":"distance_mark"}}},{"type":"Feature","geometry":{"type":"Point","coordinates":[22.5370788,44.3366187]},"properties":{"osm_id":5208564221,"osm_type":"node","seamark_type":"notice","display_class":"OTHER","min_zoom":12,"importance":1,"name":null,"ref":null,"common":{"type":"notice"},"children":{"notice":{"category":"turning_area","function":"information","impact":"left_bank","orientation":"0"}},"osm_tags":{"seamark:notice:category":"turning_area","seamark:notice:function":"information","seamark:notice:impact":"left_bank","seamark:notice:orientation":"0","seamark:type":"notice"}}},{"type":"Feature","geometry":{"type":"Point","coordinates":[22.5496101,44.3237867]},"properties":{"osm_id":5208564222,"osm_type":"node","seamark_type":"buoy_lateral","display_class":"OTHER","min_zoom":12,"importance":1,"name":null,"ref":null,"common":{"type":"buoy_lateral"},"children":{"buoy_lateral":{"category":"waterway_separation","colour":"red;green;red;green","colour_pattern":"horizontal","shape":"spherical","system":"cevni"}},"osm_tags":{"seamark:buoy_lateral:category":"waterway_separation","seamark:buoy_lateral:colour":"red;green;red;green","seamark:buoy_lateral:colour_pattern":"horizontal","seamark:buoy_lateral:shape":"spherical","seamark:buoy_lateral:system":"cevni","seamark:type":"buoy_lateral"}}},{"type":"Feature","geometry":{"type":"Point","coordinates":[22.5677203,44.3008173]},"properties":{"osm_id":5208564223,"osm_type":"node","seamark_type":"distance_mark","display_class":"OTHER","min_zoom":12,"importance":1,"name":null,"ref":null,"common":{"type":"distance_mark"},"children":{"distance_mark":{"category":"board","distance":"863","units":"kilometres"}},"osm_tags":{"seamark:distance_mark:category":"board","seamark:distance_mark:distance":"863","seamark:distance_mark:units":"kilometres","seamark:type":"distance_mark"}}},{"type":"Feature","geometry":{"type":"Point","coordinates":[22.5771617,44.298913]},"properties":{"osm_id":5208564224,"osm_type":"node","seamark_type":"distance_mark","display_class":"OTHER","min_zoom":12,"importance":1,"name":null,"ref":null,"common":{"type":"distance_mark"},"children":{"distance_mark":{"category":"board","distance":"862","units":"kilometres"}},"osm_tags":{"seamark:distance_mark:category":"board","seamark:distance_mark:distance":"862","seamark:distance_mark:units":"kilometres","seamark:type":"distance_mark"}}},{"type":"Feature","geometry":{"type":"Point","coordinates":[22.595787,44.3029058]},"properties":{"osm_id":5208564225,"osm_type":"node","seamark_type":"buoy_lateral","display_class":"OTHER","min_zoom":12,"importance":1,"name":null,"ref":null,"common":{"type":"buoy_lateral"},"children":{"buoy_lateral":{"category":"starboard","colour":"green","shape":"conical","system":"iala-a"}},"osm_tags":{"seamark:buoy_lateral:category":"starboard","seamark:buoy_lateral:colour":"green","seamark:buoy_lateral:shape":"conical","seamark:buoy_lateral:system":"iala-a","seamark:type":"buoy_lateral"}}},{"type":"Feature","geometry":{"type":"Point","coordinates":[22.555704,44.3099693]},"properties":{"osm_id":5208564321,"osm_type":"node","seamark_type":"distance_mark","display_class":"OTHER","min_zoom":12,"importance":1,"name":null,"ref":null,"common":{"type":"distance_mark"},"children":{"distance_mark":{"category":"board","distance":"864","units":"kilometres"}},"osm_tags":{"seamark:distance_mark:category":"board","seamark:distance_mark:distance":"864","seamark:distance_mark:units":"kilometres","seamark:type":"distance_mark"}}},{"type":"Feature","geometry":{"type":"Point","coordinates":[22.6126098,44.2941213]},"properties":{"osm_id":5208564322,"osm_type":"node","seamark_type":"wreck","display_class":"OTHER","min_zoom":12,"importance":1,"name":null,"ref":null,"common":{"type":"wreck"},"children":{"wreck":{"category":"hull_showing","water_level":"awash"}},"osm_tags":{"seamark:type":"wreck","seamark:wreck:category":"hull_showing","seamark:wreck:water_level":"awash"}}},{"type":"Feature","geometry":{"type":"Point","coordinates":[22.5456618,44.4814427]},"properties":{"osm_id":5208612621,"osm_type":"node","seamark_type":"distance_mark","display_class":"OTHER","min_zoom":12,"importance":1,"name":null,"ref":null,"common":{"type":"distance_mark"},"children":{"distance_mark":{"category":"board","distance":"891","units":"kilometres"}},"osm_tags":{"seamark:distance_mark:category":"board","seamark:distance_mark:distance":"891","seamark:distance_mark:units":"kilometres","seamark:type":"distance_mark"}}},{"type":"Feature","geometry":{"type":"Point","coordinates":[22.5346755,44.4789931]},"properties":{"osm_id":5208612622,"osm_type":"node","seamark_type":"buoy_lateral","display_class":"OTHER","min_zoom":12,"importance":1,"name":null,"ref":null,"common":{"type":"buoy_lateral"},"children":{"buoy_lateral":{"category":"port","colour":"red","shape":"can","system":"iala-a"}},"osm_tags":{"seamark:buoy_lateral:category":"port","seamark:buoy_lateral:colour":"red","seamark:buoy_lateral:shape":"can","seamark:buoy_lateral:system":"iala-a","seamark:type":"buoy_lateral"}}},{"type":"Feature","geometry":{"type":"Point","coordinates":[22.4535226,44.4637728]},"properties":{"osm_id":5208612623,"osm_type":"node","seamark_type":"buoy_lateral","display_class":"OTHER","min_zoom":12,"importance":1,"name":null,"ref":null,"common":{"type":"buoy_lateral"},"children":{"buoy_lateral":{"category":"port","colour":"red","shape":"can","system":"iala-a"}},"osm_tags":{"seamark:buoy_lateral:category":"port","seamark:buoy_lateral:colour":"red","seamark:buoy_lateral:shape":"can","seamark:buoy_lateral:system":"iala-a","seamark:type":"buoy_lateral"}}},{"type":"Feature","geometry":{"type":"Point","coordinates":[22.5036906,44.3882863]},"properties":{"osm_id":5208612624,"osm_type":"node","seamark_type":"buoy_lateral","display_class":"OTHER","min_zoom":12,"importance":1,"name":null,"ref":null,"common":{"type":"buoy_lateral"},"children":{"buoy_lateral":{"category":"starboard","colour":"green","shape":"conical","system":"iala-a"}},"osm_tags":{"seamark:buoy_lateral:category":"starboard","seamark:buoy_lateral:colour":"green","seamark:buoy_lateral:shape":"conical","seamark:buoy_lateral:system":"iala-a","seamark:type":"buoy_lateral"}}},{"type":"Feature","geometry":{"type":"Point","coordinates":[22.5152778,44.3708643]},"properties":{"osm_id":5208612625,"osm_type":"node","seamark_type":"notice","display_class":"OTHER","min_zoom":12,"importance":1,"name":null,"ref":null,"common":{"type":"notice"},"children":{"notice":{"category":"anchoring_permitted","function":"information","impact":"left_bank","orientation":"0"}},"osm_tags":{"seamark:notice:category":"anchoring_permitted","seamark:notice:function":"information","seamark:notice:impact":"left_bank","seamark:notice:orientation":"0","seamark:type":"notice"}}},{"type":"Feature","geometry":{"type":"Point","coordinates":[22.556734,44.4964442]},"properties":{"osm_id":5208612627,"osm_type":"node","seamark_type":"buoy_lateral","display_class":"OTHER","min_zoom":12,"importance":1,"name":null,"ref":null,"common":{"type":"buoy_lateral"},"children":{"buoy_lateral":{"category":"port","colour":"red","shape":"can","system":"iala-a"}},"osm_tags":{"seamark:buoy_lateral:category":"port","seamark:buoy_lateral:colour":"red","seamark:buoy_lateral:shape":"can","seamark:buoy_lateral:system":"iala-a","seamark:type":"buoy_lateral"}}},{"type":"Feature","geometry":{"type":"Point","coordinates":[22.5157928,44.3696986]},"properties":{"osm_id":5208614421,"osm_type":"node","seamark_type":"notice","display_class":"OTHER","min_zoom":12,"importance":1,"name":null,"ref":null,"common":{"type":"notice"},"children":{"notice":{"category":"turning_area","function":"information","impact":"left_bank","orientation":"0"}},"osm_tags":{"seamark:notice:category":"turning_area","seamark:notice:function":"information","seamark:notice:impact":"left_bank","seamark:notice:orientation":"0","seamark:type":"notice"}}},{"type":"Feature","geometry":{"type":"Point","coordinates":[22.5119304,44.3596354]},"properties":{"osm_id":5208614422,"osm_type":"node","seamark_type":"buoy_lateral","display_class":"OTHER","min_zoom":12,"importance":1,"name":null,"ref":null,"common":{"type":"buoy_lateral"},"children":{"buoy_lateral":{"category":"port","colour":"red","shape":"can","system":"iala-a"}},"osm_tags":{"seamark:buoy_lateral:category":"port","seamark:buoy_lateral:colour":"red","seamark:buoy_lateral:shape":"can","seamark:buoy_lateral:system":"iala-a","seamark:type":"buoy_lateral"}}},{"type":"Feature","geometry":{"type":"Point","coordinates":[22.5155353,44.3585308]},"properties":{"osm_id":5208614423,"osm_type":"node","seamark_type":"distance_mark","display_class":"OTHER","min_zoom":12,"importance":1,"name":null,"ref":null,"common":{"type":"distance_mark"},"children":{"distance_mark":{"category":"board","distance":"870","units":"kilometres"}},"osm_tags":{"seamark:distance_mark:category":"board","seamark:distance_mark:distance":"870","seamark:distance_mark:units":"kilometres","seamark:type":"distance_mark"}}},{"type":"Feature","geometry":{"type":"Point","coordinates":[22.7538013,44.5627105]},"properties":{"osm_id":5209785022,"osm_type":"node","seamark_type":"distance_mark","display_class":"OTHER","min_zoom":12,"importance":1,"name":null,"ref":null,"common":{"type":"distance_mark"},"children":{"distance_mark":{"category":"board","distance":"919","units":"kilometres"}},"osm_tags":{"seamark:distance_mark:category":"board","seamark:distance_mark:distance":"919","seamark:distance_mark:units":"kilometres","seamark:type":"distance_mark"}}},{"type":"Feature","geometry":{"type":"Point","coordinates":[22.7623843,44.5427712]},"properties":{"osm_id":5209785023,"osm_type":"node","seamark_type":"distance_mark","display_class":"OTHER","min_zoom":12,"importance":1,"name":null,"ref":null,"common":{"type":"distance_mark"},"children":{"distance_mark":{"category":"board","distance":"917","units":"kilometres"}},"osm_tags":{"seamark:distance_mark:category":"board","seamark:distance_mark:distance":"917","seamark:distance_mark:units":"kilometres","seamark:type":"distance_mark"}}},{"type":"Feature","geometry":{"type":"Point","coordinates":[22.7599811,44.5376935]},"properties":{"osm_id":5209785024,"osm_type":"node","seamark_type":"distance_mark","display_class":"OTHER","min_zoom":12,"importance":1,"name":null,"ref":null,"common":{"type":"distance_mark"},"children":{"distance_mark":{"category":"board","distance":"916","units":"kilometres"}},"osm_tags":{"seamark:distance_mark:category":"board","seamark:distance_mark:distance":"916","seamark:distance_mark:units":"kilometres","seamark:type":"distance_mark"}}},{"type":"Feature","geometry":{"type":"Point","coordinates":[22.7522563,44.5335332]},"properties":{"osm_id":5209785025,"osm_type":"node","seamark_type":"distance_mark","display_class":"OTHER","min_zoom":12,"importance":1,"name":null,"ref":null,"common":{"type":"distance_mark"},"children":{"distance_mark":{"category":"board","distance":"915","units":"kilometres"}},"osm_tags":{"seamark:distance_mark:category":"board","seamark:distance_mark:distance":"915","seamark:distance_mark:units":"kilometres","seamark:type":"distance_mark"}}},{"type":"Feature","geometry":{"type":"Point","coordinates":[22.7387809,44.5287607]},"properties":{"osm_id":5209785026,"osm_type":"node","seamark_type":"distance_mark","display_class":"OTHER","min_zoom":12,"importance":1,"name":null,"ref":null,"common":{"type":"distance_mark"},"children":{"distance_mark":{"category":"board","distance":"914","units":"kilometres"}},"osm_tags":{"seamark:distance_mark:category":"board","seamark:distance_mark:distance":"914","seamark:distance_mark:units":"kilometres","seamark:type":"distance_mark"}}},{"type":"Feature","geometry":{"type":"Point","coordinates":[22.705264,44.5173479]},"properties":{"osm_id":5209785027,"osm_type":"node","seamark_type":"distance_mark","display_class":"OTHER","min_zoom":12,"importance":1,"name":null,"ref":null,"common":{"type":"distance_mark"},"children":{"distance_mark":{"category":"board","distance":"911","units":"kilometres"}},"osm_tags":{"seamark:distance_mark:category":"board","seamark:distance_mark:distance":"911","seamark:distance_mark:units":"kilometres","seamark:type":"distance_mark"}}},{"type":"Feature","geometry":{"type":"Point","coordinates":[22.7012729,44.5144408]},"properties":{"osm_id":5209785028,"osm_type":"node","seamark_type":"buoy_lateral","display_class":"OTHER","min_zoom":12,"importance":1,"name":null,"ref":null,"common":{"type":"buoy_lateral"},"children":{"buoy_lateral":{"category":"starboard","colour":"green","shape":"conical","system":"iala-a"}},"osm_tags":{"seamark:buoy_lateral:category":"starboard","seamark:buoy_lateral:colour":"green","seamark:buoy_lateral:shape":"conical","seamark:buoy_lateral:system":"iala-a","seamark:type":"buoy_lateral"}}},{"type":"Feature","geometry":{"type":"Point","coordinates":[22.6910589,44.5186638]},"properties":{"osm_id":5209785029,"osm_type":"node","seamark_type":"buoy_lateral","display_class":"OTHER","min_zoom":12,"importance":1,"name":null,"ref":null,"common":{"type":"buoy_lateral"},"children":{"buoy_lateral":{"category":"port","colour":"red","shape":"can","system":"iala-a"}},"osm_tags":{"seamark:buoy_lateral:category":"port","seamark:buoy_lateral:colour":"red","seamark:buoy_lateral:shape":"can","seamark:buoy_lateral:system":"iala-a","seamark:type":"buoy_lateral"}}},{"type":"Feature","geometry":{"type":"Point","coordinates":[22.6841925,44.5195205]},"properties":{"osm_id":5209785030,"osm_type":"node","seamark_type":"distance_mark","display_class":"OTHER","min_zoom":12,"importance":1,"name":null,"ref":null,"common":{"type":"distance_mark"},"children":{"distance_mark":{"category":"board","distance":"909","units":"kilometres"}},"osm_tags":{"seamark:distance_mark:category":"board","seamark:distance_mark:distance":"909","seamark:distance_mark:units":"kilometres","seamark:type":"distance_mark"}}},{"type":"Feature","geometry":{"type":"Point","coordinates":[22.6744078,44.5235595]},"properties":{"osm_id":5209785031,"osm_type":"node","seamark_type":"distance_mark","display_class":"OTHER","min_zoom":12,"importance":1,"name":null,"ref":null,"common":{"type":"distance_mark"},"children":{"distance_mark":{"category":"board","distance":"908","units":"kilometres"}},"osm_tags":{"seamark:distance_mark:category":"board","seamark:distance_mark:distance":"908","seamark:distance_mark:units":"kilometres","seamark:type":"distance_mark"}}},{"type":"Feature","geometry":{"type":"Point","coordinates":[22.6653097,44.5288219]},"properties":{"osm_id":5209785032,"osm_type":"node","seamark_type":"distance_mark","display_class":"OTHER","min_zoom":12,"importance":1,"name":null,"ref":null,"common":{"type":"distance_mark"},"children":{"distance_mark":{"category":"board","distance":"907","units":"kilometres"}},"osm_tags":{"seamark:distance_mark:category":"board","seamark:distance_mark:distance":"907","seamark:distance_mark:units":"kilometres","seamark:type":"distance_mark"}}},{"type":"Feature","geometry":{"type":"Point","coordinates":[22.6562117,44.5332274]},"properties":{"osm_id":5209785033,"osm_type":"node","seamark_type":"distance_mark","display_class":"OTHER","min_zoom":12,"importance":1,"name":null,"ref":null,"common":{"type":"distance_mark"},"children":{"distance_mark":{"category":"board","distance":"906","units":"kilometres"}},"osm_tags":{"seamark:distance_mark:category":"board","seamark:distance_mark:distance":"906","seamark:distance_mark:units":"kilometres","seamark:type":"distance_mark"}}},{"type":"Feature","geometry":{"type":"Point","coordinates":[22.645912,44.5394678]},"properties":{"osm_id":5209785034,"osm_type":"node","seamark_type":"distance_mark","display_class":"OTHER","min_zoom":12,"importance":1,"name":null,"ref":null,"common":{"type":"distance_mark"},"children":{"distance_mark":{"category":"board","distance":"905","units":"kilometres"}},"osm_tags":{"seamark:distance_mark:category":"board","seamark:distance_mark:distance":"905","seamark:distance_mark:units":"kilometres","seamark:type":"distance_mark"}}},{"type":"Feature","geometry":{"type":"Point","coordinates":[22.6404188,44.5469309]},"properties":{"osm_id":5209785035,"osm_type":"node","seamark_type":"buoy_lateral","display_class":"OTHER","min_zoom":12,"importance":1,"name":null,"ref":null,"common":{"type":"buoy_lateral"},"children":{"buoy_lateral":{"category":"port","colour":"red","shape":"can","system":"iala-a"}},"osm_tags":{"seamark:buoy_lateral:category":"port","seamark:buoy_lateral:colour":"red","seamark:buoy_lateral:shape":"can","seamark:buoy_lateral:system":"iala-a","seamark:type":"buoy_lateral"}}},{"type":"Feature","geometry":{"type":"Point","coordinates":[22.6375006,44.5449735]},"properties":{"osm_id":5209785036,"osm_type":"node","seamark_type":"distance_mark","display_class":"OTHER","min_zoom":12,"importance":1,"name":null,"ref":null,"common":{"type":"distance_mark"},"children":{"distance_mark":{"category":"board","distance":"904","units":"kilometres"}},"osm_tags":{"seamark:distance_mark:category":"board","seamark:distance_mark:distance":"904","seamark:distance_mark:units":"kilometres","seamark:type":"distance_mark"}}},{"type":"Feature","geometry":{"type":"Point","coordinates":[22.6294325,44.549133]},"properties":{"osm_id":5209785037,"osm_type":"node","seamark_type":"distance_mark","display_class":"OTHER","min_zoom":12,"importance":1,"name":null,"ref":null,"common":{"type":"distance_mark"},"children":{"distance_mark":{"category":"board","distance":"903","units":"kilometres"}},"osm_tags":{"seamark:distance_mark:category":"board","seamark:distance_mark:distance":"903","seamark:distance_mark:units":"kilometres","seamark:type":"distance_mark"}}},{"type":"Feature","geometry":{"type":"Point","coordinates":[22.6034259,44.5499893]},"properties":{"osm_id":5209785038,"osm_type":"node","seamark_type":"buoy_lateral","display_class":"OTHER","min_zoom":12,"importance":1,"name":null,"ref":null,"common":{"type":"buoy_lateral"},"children":{"buoy_lateral":{"category":"starboard","colour":"green","shape":"conical","system":"iala-a"}},"osm_tags":{"seamark:buoy_lateral:category":"starboard","seamark:buoy_lateral:colour":"green","seamark:buoy_lateral:shape":"conical","seamark:buoy_lateral:system":"iala-a","seamark:type":"buoy_lateral"}}},{"type":"Feature","geometry":{"type":"Point","coordinates":[22.6024818,44.5542707]},"properties":{"osm_id":5209785039,"osm_type":"node","seamark_type":"buoy_lateral","display_class":"OTHER","min_zoom":12,"importance":1,"name":null,"ref":null,"common":{"type":"buoy_lateral"},"children":{"buoy_lateral":{"category":"port","colour":"red","shape":"can","system":"iala-a"}},"osm_tags":{"seamark:buoy_lateral:category":"port","seamark:buoy_lateral:colour":"red","seamark:buoy_lateral:shape":"can","seamark:buoy_lateral:system":"iala-a","seamark:type":"buoy_lateral"}}},{"type":"Feature","geometry":{"type":"Point","coordinates":[22.5880622,44.5497446]},"properties":{"osm_id":5209785040,"osm_type":"node","seamark_type":"distance_mark","display_class":"OTHER","min_zoom":12,"importance":1,"name":null,"ref":null,"common":{"type":"distance_mark"},"children":{"distance_mark":{"category":"board","distance":"900","units":"kilometres"}},"osm_tags":{"seamark:distance_mark:category":"board","seamark:distance_mark:distance":"900","seamark:distance_mark:units":"kilometres","seamark:type":"distance_mark"}}},{"type":"Feature","geometry":{"type":"Point","coordinates":[22.7163791,44.5208974]},"properties":{"osm_id":5209791122,"osm_type":"node","seamark_type":"distance_mark","display_class":"OTHER","min_zoom":12,"importance":1,"name":null,"ref":null,"common":{"type":"distance_mark"},"children":{"distance_mark":{"category":"board","distance":"912","units":"kilometres"}},"osm_tags":{"seamark:distance_mark:category":"board","seamark:distance_mark:distance":"912","seamark:distance_mark:units":"kilometres","seamark:type":"distance_mark"}}},{"type":"Feature","geometry":{"type":"Point","coordinates":[22.7549171,44.5732889]},"properties":{"osm_id":5209791422,"osm_type":"node","seamark_type":"notice","display_class":"OTHER","min_zoom":12,"importance":1,"name":null,"ref":null,"common":{"type":"notice"},"children":{"notice":{"category":"turning_area","function":"information","impact":"left_bank","orientation":"0"}},"osm_tags":{"seamark:notice:category":"turning_area","seamark:notice:function":"information","seamark:notice:impact":"left_bank","seamark:notice:orientation":"0","seamark:type":"notice"}}},{"type":"Feature","geometry":{"type":"Point","coordinates":[22.7598952,44.5535368]},"properties":{"osm_id":5209791423,"osm_type":"node","seamark_type":"distance_mark","display_class":"OTHER","min_zoom":12,"importance":1,"name":null,"ref":null,"common":{"type":"distance_mark"},"children":{"distance_mark":{"category":"board","distance":"918","units":"kilometres"}},"osm_tags":{"seamark:distance_mark:category":"board","seamark:distance_mark:distance":"918","seamark:distance_mark:units":"kilometres","seamark:type":"distance_mark"}}},{"type":"Feature","geometry":{"type":"Point","coordinates":[22.725048,44.5249057]},"properties":{"osm_id":5209791424,"osm_type":"node","seamark_type":"distance_mark","display_class":"OTHER","min_zoom":12,"importance":1,"name":null,"ref":null,"common":{"type":"distance_mark"},"children":{"distance_mark":{"category":"board","distance":"913","units":"kilometres"}},"osm_tags":{"seamark:distance_mark:category":"board","seamark:distance_mark:distance":"913","seamark:distance_mark:units":"kilometres","seamark:type":"distance_mark"}}},{"type":"Feature","geometry":{"type":"Point","coordinates":[22.6172446,44.5516407]},"properties":{"osm_id":5209791425,"osm_type":"node","seamark_type":"distance_mark","display_class":"OTHER","min_zoom":12,"importance":1,"name":null,"ref":null,"common":{"type":"distance_mark"},"children":{"distance_mark":{"category":"board","distance":"902","units":"kilometres"}},"osm_tags":{"seamark:distance_mark:category":"board","seamark:distance_mark:distance":"902","seamark:distance_mark:units":"kilometres","seamark:type":"distance_mark"}}},{"type":"Feature","geometry":{"type":"Point","coordinates":[22.6027392,44.5519465]},"properties":{"osm_id":5209791426,"osm_type":"node","seamark_type":"distance_mark","display_class":"OTHER","min_zoom":12,"importance":1,"name":null,"ref":null,"common":{"type":"distance_mark"},"children":{"distance_mark":{"category":"board","distance":"901","units":"kilometres"}},"osm_tags":{"seamark:distance_mark:category":"board","seamark:distance_mark:distance":"901","seamark:distance_mark:units":"kilometres","seamark:type":"distance_mark"}}},{"type":"Feature","geometry":{"type":"Point","coordinates":[22.7544879,44.5741449]},"properties":{"osm_id":5209794021,"osm_type":"node","seamark_type":"notice","display_class":"OTHER","min_zoom":12,"importance":1,"name":null,"ref":null,"common":{"type":"notice"},"children":{"notice":{"category":"anchoring_permitted","function":"information","impact":"left_bank","orientation":"0"}},"osm_tags":{"seamark:notice:category":"anchoring_permitted","seamark:notice:function":"information","seamark:notice:impact":"left_bank","seamark:notice:orientation":"0","seamark:type":"notice"}}},{"type":"Feature","geometry":{"type":"Point","coordinates":[22.747364,44.5691312]},"properties":{"osm_id":5209794022,"osm_type":"node","seamark_type":"distance_mark","display_class":"OTHER","min_zoom":12,"importance":1,"name":null,"ref":null,"common":{"type":"distance_mark"},"children":{"distance_mark":{"category":"board","distance":"920","units":"kilometres"}},"osm_tags":{"seamark:distance_mark:category":"board","seamark:distance_mark:distance":"920","seamark:distance_mark:units":"kilometres","seamark:type":"distance_mark"}}},{"type":"Feature","geometry":{"type":"Point","coordinates":[22.7641009,44.5546989]},"properties":{"osm_id":5209794023,"osm_type":"node","seamark_type":"buoy_lateral","display_class":"OTHER","min_zoom":12,"importance":1,"name":null,"ref":null,"common":{"type":"buoy_lateral"},"children":{"buoy_lateral":{"category":"starboard","colour":"green","shape":"conical","system":"iala-a"}},"osm_tags":{"seamark:buoy_lateral:category":"starboard","seamark:buoy_lateral:colour":"green","seamark:buoy_lateral:shape":"conical","seamark:buoy_lateral:system":"iala-a","seamark:type":"buoy_lateral"}}},{"type":"Feature","geometry":{"type":"Point","coordinates":[22.7659892,44.5426488]},"properties":{"osm_id":5209794024,"osm_type":"node","seamark_type":"buoy_lateral","display_class":"OTHER","min_zoom":12,"importance":1,"name":null,"ref":null,"common":{"type":"buoy_lateral"},"children":{"buoy_lateral":{"category":"starboard","colour":"green","shape":"conical","system":"iala-a"}},"osm_tags":{"seamark:buoy_lateral:category":"starboard","seamark:buoy_lateral:colour":"green","seamark:buoy_lateral:shape":"conical","seamark:buoy_lateral:system":"iala-a","seamark:type":"buoy_lateral"}}},{"type":"Feature","geometry":{"type":"Point","coordinates":[22.6962088,44.5156037]},"properties":{"osm_id":5209794025,"osm_type":"node","seamark_type":"distance_mark","display_class":"OTHER","min_zoom":12,"importance":1,"name":null,"ref":null,"common":{"type":"distance_mark"},"children":{"distance_mark":{"category":"board","distance":"910","units":"kilometres"}},"osm_tags":{"seamark:distance_mark:category":"board","seamark:distance_mark:distance":"910","seamark:distance_mark:units":"kilometres","seamark:type":"distance_mark"}}},{"type":"Feature","geometry":{"type":"Point","coordinates":[22.7140617,44.5994517]},"properties":{"osm_id":5209801022,"osm_type":"node","seamark_type":"distance_mark","display_class":"OTHER","min_zoom":12,"importance":1,"name":null,"ref":null,"common":{"type":"distance_mark"},"children":{"distance_mark":{"category":"board","distance":"925","units":"kilometres"}},"osm_tags":{"seamark:distance_mark:category":"board","seamark:distance_mark:distance":"925","seamark:distance_mark:units":"kilometres","seamark:type":"distance_mark"}}},{"type":"Feature","geometry":{"type":"Point","coordinates":[22.7268504,44.5854549]},"properties":{"osm_id":5209801023,"osm_type":"node","seamark_type":"distance_mark","display_class":"OTHER","min_zoom":12,"importance":1,"name":null,"ref":null,"common":{"type":"distance_mark"},"children":{"distance_mark":{"category":"board","distance":"923","units":"kilometres"}},"osm_tags":{"seamark:distance_mark:category":"board","seamark:distance_mark:distance":"923","seamark:distance_mark:units":"kilometres","seamark:type":"distance_mark"}}},{"type":"Feature","geometry":{"type":"Point","coordinates":[22.7301978,44.5853938]},"properties":{"osm_id":5209801024,"osm_type":"node","seamark_type":"buoy_lateral","display_class":"OTHER","min_zoom":12,"importance":1,"name":null,"ref":null,"common":{"type":"buoy_lateral"},"children":{"buoy_lateral":{"category":"starboard","colour":"green","shape":"conical","system":"iala-a"}},"osm_tags":{"seamark:buoy_lateral:category":"starboard","seamark:buoy_lateral:colour":"green","seamark:buoy_lateral:shape":"conical","seamark:buoy_lateral:system":"iala-a","seamark:type":"buoy_lateral"}}},{"type":"Feature","geometry":{"type":"Point","coordinates":[22.7424716,44.5757346]},"properties":{"osm_id":5209801025,"osm_type":"node","seamark_type":"distance_mark","display_class":"OTHER","min_zoom":12,"importance":1,"name":null,"ref":null,"common":{"type":"distance_mark"},"children":{"distance_mark":{"category":"board","distance":"921","units":"kilometres"}},"osm_tags":{"seamark:distance_mark:category":"board","seamark:distance_mark:distance":"921","seamark:distance_mark:units":"kilometres","seamark:type":"distance_mark"}}},{"type":"Feature","geometry":{"type":"Point","coordinates":[22.7011012,44.6039129]},"properties":{"osm_id":5209802021,"osm_type":"node","seamark_type":"notice","display_class":"OTHER","min_zoom":12,"importance":1,"name":null,"ref":null,"common":{"type":"notice"},"children":{"notice":{"category":"closed_area","function":"prohibition","impact":"upstream","orientation":"0"}},"osm_tags":{"seamark:notice:category":"closed_area","seamark:notice:function":"prohibition","seamark:notice:impact":"upstream","seamark:notice:orientation":"0","seamark:type":"notice"}}},{"type":"Feature","geometry":{"type":"Point","coordinates":[22.7395534,44.580381]},"properties":{"osm_id":5209802022,"osm_type":"node","seamark_type":"buoy_lateral","display_class":"OTHER","min_zoom":12,"importance":1,"name":null,"ref":null,"common":{"type":"buoy_lateral"},"children":{"buoy_lateral":{"category":"starboard","colour":"green","shape":"conical","system":"iala-a"}},"osm_tags":{"seamark:buoy_lateral:category":"starboard","seamark:buoy_lateral:colour":"green","seamark:buoy_lateral:shape":"conical","seamark:buoy_lateral:system":"iala-a","seamark:type":"buoy_lateral"}}},{"type":"Feature","geometry":{"type":"Point","coordinates":[22.4110793,44.6966032]},"properties":{"osm_id":5209854521,"osm_type":"node","seamark_type":"distance_mark","display_class":"OTHER","min_zoom":12,"importance":1,"name":null,"ref":null,"common":{"type":"distance_mark"},"children":{"distance_mark":{"category":"board","distance":"955","units":"kilometres"}},"osm_tags":{"seamark:distance_mark:category":"board","seamark:distance_mark:distance":"955","seamark:distance_mark:units":"kilometres","seamark:type":"distance_mark"}}},{"type":"Feature","geometry":{"type":"Point","coordinates":[22.4198341,44.7120981]},"properties":{"osm_id":5209854522,"osm_type":"node","seamark_type":"buoy_lateral","display_class":"OTHER","min_zoom":12,"importance":1,"name":null,"ref":null,"common":{"type":"buoy_lateral"},"children":{"buoy_lateral":{"category":"starboard","colour":"green","shape":"conical","system":"iala-a"}},"osm_tags":{"seamark:buoy_lateral:category":"starboard","seamark:buoy_lateral:colour":"green","seamark:buoy_lateral:shape":"conical","seamark:buoy_lateral:system":"iala-a","seamark:type":"buoy_lateral"}}},{"type":"Feature","geometry":{"type":"Point","coordinates":[22.4188899,44.7042292]},"properties":{"osm_id":5209854523,"osm_type":"node","seamark_type":"distance_mark","display_class":"OTHER","min_zoom":12,"importance":1,"name":null,"ref":null,"common":{"type":"distance_mark"},"children":{"distance_mark":{"category":"board","distance":"954","units":"kilometres"}},"osm_tags":{"seamark:distance_mark:category":"board","seamark:distance_mark:distance":"954","seamark:distance_mark:units":"kilometres","seamark:type":"distance_mark"}}},{"type":"Feature","geometry":{"type":"Point","coordinates":[22.4309062,44.7079503]},"properties":{"osm_id":5209854524,"osm_type":"node","seamark_type":"distance_mark","display_class":"OTHER","min_zoom":12,"importance":1,"name":null,"ref":null,"common":{"type":"distance_mark"},"children":{"distance_mark":{"category":"board","distance":"953","units":"kilometres"}},"osm_tags":{"seamark:distance_mark:category":"board","seamark:distance_mark:distance":"953","seamark:distance_mark:units":"kilometres","seamark:type":"distance_mark"}}},{"type":"Feature","geometry":{"type":"Point","coordinates":[22.4626636,44.7119761]},"properties":{"osm_id":5209854525,"osm_type":"node","seamark_type":"distance_mark","display_class":"OTHER","min_zoom":12,"importance":1,"name":null,"ref":null,"common":{"type":"distance_mark"},"children":{"distance_mark":{"category":"board","distance":"950","units":"kilometres"}},"osm_tags":{"seamark:distance_mark:category":"board","seamark:distance_mark:distance":"950","seamark:distance_mark:units":"kilometres","seamark:type":"distance_mark"}}},{"type":"Feature","geometry":{"type":"Point","coordinates":[22.4787139,44.7041682]},"properties":{"osm_id":5209854526,"osm_type":"node","seamark_type":"distance_mark","display_class":"OTHER","min_zoom":12,"importance":1,"name":null,"ref":null,"common":{"type":"distance_mark"},"children":{"distance_mark":{"category":"board","distance":"948","units":"kilometres"}},"osm_tags":{"seamark:distance_mark:category":"board","seamark:distance_mark:distance":"948","seamark:distance_mark:units":"kilometres","seamark:type":"distance_mark"}}},{"type":"Feature","geometry":{"type":"Point","coordinates":[22.5057506,44.6811345]},"properties":{"osm_id":5209854527,"osm_type":"node","seamark_type":"distance_mark","display_class":"OTHER","min_zoom":12,"importance":1,"name":null,"ref":null,"common":{"type":"distance_mark"},"children":{"distance_mark":{"category":"board","distance":"945","units":"kilometres"}},"osm_tags":{"seamark:distance_mark:category":"board","seamark:distance_mark:distance":"945","seamark:distance_mark:units":"kilometres","seamark:type":"distance_mark"}}},{"type":"Feature","geometry":{"type":"Point","coordinates":[22.5358772,44.6638304]},"properties":{"osm_id":5209854528,"osm_type":"node","seamark_type":"distance_mark","display_class":"OTHER","min_zoom":12,"importance":1,"name":null,"ref":null,"common":{"type":"distance_mark"},"children":{"distance_mark":{"category":"board","distance":"942","units":"kilometres"}},"osm_tags":{"seamark:distance_mark:category":"board","seamark:distance_mark:distance":"942","seamark:distance_mark:units":"kilometres","seamark:type":"distance_mark"}}},{"type":"Feature","geometry":{"type":"Point","coordinates":[22.555747,44.6505818]},"properties":{"osm_id":5209854529,"osm_type":"node","seamark_type":"buoy_lateral","display_class":"OTHER","min_zoom":12,"importance":1,"name":null,"ref":null,"common":{"type":"buoy_lateral"},"children":{"buoy_lateral":{"category":"starboard","colour":"green","shape":"conical","system":"iala-a"}},"osm_tags":{"seamark:buoy_lateral:category":"starboard","seamark:buoy_lateral:colour":"green","seamark:buoy_lateral:shape":"conical","seamark:buoy_lateral:system":"iala-a","seamark:type":"buoy_lateral"}}},{"type":"Feature","geometry":{"type":"Point","coordinates":[22.5642442,44.6430709]},"properties":{"osm_id":5209854530,"osm_type":"node","seamark_type":"buoy_lateral","display_class":"OTHER","min_zoom":12,"importance":1,"name":null,"ref":null,"common":{"type":"buoy_lateral"},"children":{"buoy_lateral":{"category":"starboard","colour":"green","shape":"conical","system":"iala-a"}},"osm_tags":{"seamark:buoy_lateral:category":"starboard","seamark:buoy_lateral:colour":"green","seamark:buoy_lateral:shape":"conical","seamark:buoy_lateral:system":"iala-a","seamark:type":"buoy_lateral"}}},{"type":"Feature","geometry":{"type":"Point","coordinates":[22.5736856,44.6387654]},"properties":{"osm_id":5209854531,"osm_type":"node","seamark_type":"buoy_lateral","display_class":"OTHER","min_zoom":12,"importance":1,"name":null,"ref":null,"common":{"type":"buoy_lateral"},"children":{"buoy_lateral":{"category":"port","colour":"red","shape":"can","system":"iala-a"}},"osm_tags":{"seamark:buoy_lateral:category":"port","seamark:buoy_lateral:colour":"red","seamark:buoy_lateral:shape":"can","seamark:buoy_lateral:system":"iala-a","seamark:type":"buoy_lateral"}}},{"type":"Feature","geometry":{"type":"Point","coordinates":[22.5693941,44.6356506]},"properties":{"osm_id":5209854532,"osm_type":"node","seamark_type":"buoy_lateral","display_class":"OTHER","min_zoom":12,"importance":1,"name":null,"ref":null,"common":{"type":"buoy_lateral"},"children":{"buoy_lateral":{"category":"port","colour":"red","shape":"can","system":"iala-a"}},"osm_tags":{"seamark:buoy_lateral:category":"port","seamark:buoy_lateral:colour":"red","seamark:buoy_lateral:shape":"can","seamark:buoy_lateral:system":"iala-a","seamark:type":"buoy_lateral"}}},{"type":"Feature","geometry":{"type":"Point","coordinates":[22.6000785,44.6254195]},"properties":{"osm_id":5209854533,"osm_type":"node","seamark_type":"distance_mark","display_class":"OTHER","min_zoom":12,"importance":1,"name":null,"ref":null,"common":{"type":"distance_mark"},"children":{"distance_mark":{"category":"board","distance":"935","units":"kilometres"}},"osm_tags":{"seamark:distance_mark:category":"board","seamark:distance_mark:distance":"935","seamark:distance_mark:units":"kilometres","seamark:type":"distance_mark"}}},{"type":"Feature","geometry":{"type":"Point","coordinates":[22.6346683,44.6117955]},"properties":{"osm_id":5209854534,"osm_type":"node","seamark_type":"buoy_lateral","display_class":"OTHER","min_zoom":12,"importance":1,"name":null,"ref":null,"common":{"type":"buoy_lateral"},"children":{"buoy_lateral":{"category":"port","colour":"red","shape":"can","system":"iala-a"}},"osm_tags":{"seamark:buoy_lateral:category":"port","seamark:buoy_lateral:colour":"red","seamark:buoy_lateral:shape":"can","seamark:buoy_lateral:system":"iala-a","seamark:type":"buoy_lateral"}}},{"type":"Feature","geometry":{"type":"Point","coordinates":[22.6663398,44.6235258]},"properties":{"osm_id":5209854535,"osm_type":"node","seamark_type":"notice","display_class":"OTHER","min_zoom":12,"importance":1,"name":null,"ref":null,"common":{"type":"notice"},"children":{"notice":{"category":"turning_area","function":"information","impact":"left_bank","orientation":"0"}},"osm_tags":{"seamark:notice:category":"turning_area","seamark:notice:function":"information","seamark:notice:impact":"left_bank","seamark:notice:orientation":"0","seamark:type":"notice"}}},{"type":"Feature","geometry":{"type":"Point","coordinates":[22.7056502,44.6062961]},"properties":{"osm_id":5209854536,"osm_type":"node","seamark_type":"distance_mark","display_class":"OTHER","min_zoom":12,"importance":1,"name":null,"ref":null,"common":{"type":"distance_mark"},"children":{"distance_mark":{"category":"board","distance":"926","units":"kilometres"}},"osm_tags":{"seamark:distance_mark:category":"board","seamark:distance_mark:distance":"926","seamark:distance_mark:units":"kilometres","seamark:type":"distance_mark"}}},{"type":"Feature","geometry":{"type":"Point","coordinates":[22.4121951,44.7120981]},"properties":{"osm_id":5209854621,"osm_type":"node","seamark_type":"buoy_lateral","display_class":"OTHER","min_zoom":12,"importance":1,"name":null,"ref":null,"common":{"type":"buoy_lateral"},"children":{"buoy_lateral":{"category":"port","colour":"red","shape":"can","system":"iala-a"}},"osm_tags":{"seamark:buoy_lateral:category":"port","seamark:buoy_lateral:colour":"red","seamark:buoy_lateral:shape":"can","seamark:buoy_lateral:system":"iala-a","seamark:type":"buoy_lateral"}}},{"type":"Feature","geometry":{"type":"Point","coordinates":[22.4713325,44.7093533]},"properties":{"osm_id":5209854622,"osm_type":"node","seamark_type":"distance_mark","display_class":"OTHER","min_zoom":12,"importance":1,"name":null,"ref":null,"common":{"type":"distance_mark"},"children":{"distance_mark":{"category":"board","distance":"949","units":"kilometres"}},"osm_tags":{"seamark:distance_mark:category":"board","seamark:distance_mark:distance":"949","seamark:distance_mark:units":"kilometres","seamark:type":"distance_mark"}}},{"type":"Feature","geometry":{"type":"Point","coordinates":[22.4891852,44.6992266]},"properties":{"osm_id":5209854623,"osm_type":"node","seamark_type":"distance_mark","display_class":"OTHER","min_zoom":12,"importance":1,"name":null,"ref":null,"common":{"type":"distance_mark"},"children":{"distance_mark":{"category":"board","distance":"947","units":"kilometres"}},"osm_tags":{"seamark:distance_mark:category":"board","seamark:distance_mark:distance":"947","seamark:distance_mark:units":"kilometres","seamark:type":"distance_mark"}}},{"type":"Feature","geometry":{"type":"Point","coordinates":[22.5117588,44.6852843]},"properties":{"osm_id":5209854624,"osm_type":"node","seamark_type":"distance_mark","display_class":"OTHER","min_zoom":12,"importance":1,"name":null,"ref":null,"common":{"type":"distance_mark"},"children":{"distance_mark":{"category":"board","distance":"945","units":"kilometres"}},"osm_tags":{"seamark:distance_mark:category":"board","seamark:distance_mark:distance":"945","seamark:distance_mark:units":"kilometres","seamark:type":"distance_mark"}}},{"type":"Feature","geometry":{"type":"Point","coordinates":[22.5208997,44.6803412]},"properties":{"osm_id":5209854625,"osm_type":"node","seamark_type":"distance_mark","display_class":"OTHER","min_zoom":12,"importance":1,"name":null,"ref":null,"common":{"type":"distance_mark"},"children":{"distance_mark":{"category":"board","distance":"944","units":"kilometres"}},"osm_tags":{"seamark:distance_mark:category":"board","seamark:distance_mark:distance":"944","seamark:distance_mark:units":"kilometres","seamark:type":"distance_mark"}}},{"type":"Feature","geometry":{"type":"Point","coordinates":[22.5300407,44.6705452]},"properties":{"osm_id":5209854626,"osm_type":"node","seamark_type":"distance_mark","display_class":"OTHER","min_zoom":12,"importance":1,"name":null,"ref":null,"common":{"type":"distance_mark"},"children":{"distance_mark":{"category":"board","distance":"943","units":"kilometres"}},"osm_tags":{"seamark:distance_mark:category":"board","seamark:distance_mark:distance":"943","seamark:distance_mark:units":"kilometres","seamark:type":"distance_mark"}}},{"type":"Feature","geometry":{"type":"Point","coordinates":[22.540555,44.6684087]},"properties":{"osm_id":5209854627,"osm_type":"node","seamark_type":"distance_mark","display_class":"OTHER","min_zoom":12,"importance":1,"name":null,"ref":null,"common":{"type":"distance_mark"},"children":{"distance_mark":{"category":"board","distance":"942","units":"kilometres"}},"osm_tags":{"seamark:distance_mark:category":"board","seamark:distance_mark:distance":"942","seamark:distance_mark:units":"kilometres","seamark:type":"distance_mark"}}},{"type":"Feature","geometry":{"type":"Point","coordinates":[22.5426578,44.6585802]},"properties":{"osm_id":5209854628,"osm_type":"node","seamark_type":"distance_mark","display_class":"OTHER","min_zoom":12,"importance":1,"name":null,"ref":null,"common":{"type":"distance_mark"},"children":{"distance_mark":{"category":"board","distance":"941","units":"kilometres"}},"osm_tags":{"seamark:distance_mark:category":"board","seamark:distance_mark:distance":"941","seamark:distance_mark:units":"kilometres","seamark:type":"distance_mark"}}},{"type":"Feature","geometry":{"type":"Point","coordinates":[22.5505971,44.6623958]},"properties":{"osm_id":5209854629,"osm_type":"node","seamark_type":"distance_mark","display_class":"OTHER","min_zoom":12,"importance":1,"name":null,"ref":null,"common":{"type":"distance_mark"},"children":{"distance_mark":{"category":"board","distance":"941","units":"kilometres"}},"osm_tags":{"seamark:distance_mark:category":"board","seamark:distance_mark:distance":"941","seamark:distance_mark:units":"kilometres","seamark:type":"distance_mark"}}},{"type":"Feature","geometry":{"type":"Point","coordinates":[22.5489234,44.6545201]},"properties":{"osm_id":5209854630,"osm_type":"node","seamark_type":"distance_mark","display_class":"OTHER","min_zoom":12,"importance":1,"name":null,"ref":null,"common":{"type":"distance_mark"},"children":{"distance_mark":{"category":"board","distance":"940","units":"kilometres"}},"osm_tags":{"seamark:distance_mark:category":"board","seamark:distance_mark:distance":"940","seamark:distance_mark:units":"kilometres","seamark:type":"distance_mark"}}},{"type":"Feature","geometry":{"type":"Point","coordinates":[22.5563907,44.6579086]},"properties":{"osm_id":5209854631,"osm_type":"node","seamark_type":"distance_mark","display_class":"OTHER","min_zoom":12,"importance":1,"name":null,"ref":null,"common":{"type":"distance_mark"},"children":{"distance_mark":{"category":"board","distance":"940","units":"kilometres"}},"osm_tags":{"seamark:distance_mark:category":"board","seamark:distance_mark:distance":"940","seamark:distance_mark:units":"kilometres","seamark:type":"distance_mark"}}},{"type":"Feature","geometry":{"type":"Point","coordinates":[22.5616264,44.6551612]},"properties":{"osm_id":5209854632,"osm_type":"node","seamark_type":"notice","display_class":"OTHER","min_zoom":12,"importance":1,"name":null,"ref":null,"common":{"type":"notice"},"children":{"notice":{"category":"anchoring_permitted","function":"information","impact":"left_bank","orientation":"0"}},"osm_tags":{"seamark:notice:category":"anchoring_permitted","seamark:notice:function":"information","seamark:notice:impact":"left_bank","seamark:notice:orientation":"0","seamark:type":"notice"}}},{"type":"Feature","geometry":{"type":"Point","coordinates":[22.5469493,44.6574507]},"properties":{"osm_id":5209854633,"osm_type":"node","seamark_type":"buoy_lateral","display_class":"OTHER","min_zoom":12,"importance":1,"name":null,"ref":null,"common":{"type":"buoy_lateral"},"children":{"buoy_lateral":{"category":"starboard","colour":"green","shape":"conical","system":"iala-a"}},"osm_tags":{"seamark:buoy_lateral:category":"starboard","seamark:buoy_lateral:colour":"green","seamark:buoy_lateral:shape":"conical","seamark:buoy_lateral:system":"iala-a","seamark:type":"buoy_lateral"}}},{"type":"Feature","geometry":{"type":"Point","coordinates":[22.5557041,44.6486584]},"properties":{"osm_id":5209854634,"osm_type":"node","seamark_type":"distance_mark","display_class":"OTHER","min_zoom":12,"importance":1,"name":null,"ref":null,"common":{"type":"distance_mark"},"children":{"distance_mark":{"category":"board","distance":"939","units":"kilometres"}},"osm_tags":{"seamark:distance_mark:category":"board","seamark:distance_mark:distance":"939","seamark:distance_mark:units":"kilometres","seamark:type":"distance_mark"}}},{"type":"Feature","geometry":{"type":"Point","coordinates":[22.5610256,44.6508566]},"properties":{"osm_id":5209854635,"osm_type":"node","seamark_type":"buoy_lateral","display_class":"OTHER","min_zoom":12,"importance":1,"name":null,"ref":null,"common":{"type":"buoy_lateral"},"children":{"buoy_lateral":{"category":"port","colour":"red","shape":"can","system":"iala-a"}},"osm_tags":{"seamark:buoy_lateral:category":"port","seamark:buoy_lateral:colour":"red","seamark:buoy_lateral:shape":"can","seamark:buoy_lateral:system":"iala-a","seamark:type":"buoy_lateral"}}},{"type":"Feature","geometry":{"type":"Point","coordinates":[22.561841,44.6511619]},"properties":{"osm_id":5209854636,"osm_type":"node","seamark_type":"distance_mark","display_class":"OTHER","min_zoom":12,"importance":1,"name":null,"ref":null,"common":{"type":"distance_mark"},"children":{"distance_mark":{"category":"board","distance":"939","units":"kilometres"}},"osm_tags":{"seamark:distance_mark:category":"board","seamark:distance_mark:distance":"939","seamark:distance_mark:units":"kilometres","seamark:type":"distance_mark"}}},{"type":"Feature","geometry":{"type":"Point","coordinates":[22.5634718,44.6420022]},"properties":{"osm_id":5209854637,"osm_type":"node","seamark_type":"distance_mark","display_class":"OTHER","min_zoom":12,"importance":1,"name":null,"ref":null,"common":{"type":"distance_mark"},"children":{"distance_mark":{"category":"board","distance":"938","units":"kilometres"}},"osm_tags":{"seamark:distance_mark:category":"board","seamark:distance_mark:distance":"938","seamark:distance_mark:units":"kilometres","seamark:type":"distance_mark"}}},{"type":"Feature","geometry":{"type":"Point","coordinates":[22.5705528,44.6441701]},"properties":{"osm_id":5209854638,"osm_type":"node","seamark_type":"distance_mark","display_class":"OTHER","min_zoom":12,"importance":1,"name":null,"ref":null,"common":{"type":"distance_mark"},"children":{"distance_mark":{"category":"board","distance":"938","units":"kilometres"}},"osm_tags":{"seamark:distance_mark:category":"board","seamark:distance_mark:distance":"938","seamark:distance_mark:units":"kilometres","seamark:type":"distance_mark"}}},{"type":"Feature","geometry":{"type":"Point","coordinates":[22.5690937,44.6445365]},"properties":{"osm_id":5209854639,"osm_type":"node","seamark_type":"buoy_lateral","display_class":"OTHER","min_zoom":12,"importance":1,"name":null,"ref":null,"common":{"type":"buoy_lateral"},"children":{"buoy_lateral":{"category":"port","colour":"red","shape":"can","system":"iala-a"}},"osm_tags":{"seamark:buoy_lateral:category":"port","seamark:buoy_lateral:colour":"red","seamark:buoy_lateral:shape":"can","seamark:buoy_lateral:system":"iala-a","seamark:type":"buoy_lateral"}}},{"type":"Feature","geometry":{"type":"Point","coordinates":[22.5726556,44.6379104]},"properties":{"osm_id":5209854640,"osm_type":"node","seamark_type":"buoy_lateral","display_class":"OTHER","min_zoom":12,"importance":1,"name":null,"ref":null,"common":{"type":"buoy_lateral"},"children":{"buoy_lateral":{"category":"starboard","colour":"green","shape":"conical","system":"iala-a"}},"osm_tags":{"seamark:buoy_lateral:category":"starboard","seamark:buoy_lateral:colour":"green","seamark:buoy_lateral:shape":"conical","seamark:buoy_lateral:system":"iala-a","seamark:type":"buoy_lateral"}}},{"type":"Feature","geometry":{"type":"Point","coordinates":[22.5740718,44.6376967]},"properties":{"osm_id":5209854641,"osm_type":"node","seamark_type":"distance_mark","display_class":"OTHER","min_zoom":12,"importance":1,"name":null,"ref":null,"common":{"type":"distance_mark"},"children":{"distance_mark":{"category":"board","distance":"937","units":"kilometres"}},"osm_tags":{"seamark:distance_mark:category":"board","seamark:distance_mark:distance":"937","seamark:distance_mark:units":"kilometres","seamark:type":"distance_mark"}}},{"type":"Feature","geometry":{"type":"Point","coordinates":[22.590208,44.630856]},"properties":{"osm_id":5209854642,"osm_type":"node","seamark_type":"buoy_lateral","display_class":"OTHER","min_zoom":12,"importance":1,"name":null,"ref":null,"common":{"type":"buoy_lateral"},"children":{"buoy_lateral":{"category":"starboard","colour":"green","shape":"conical","system":"iala-a"}},"osm_tags":{"seamark:buoy_lateral:category":"starboard","seamark:buoy_lateral:colour":"green","seamark:buoy_lateral:shape":"conical","seamark:buoy_lateral:system":"iala-a","seamark:type":"buoy_lateral"}}},{"type":"Feature","geometry":{"type":"Point","coordinates":[22.6012801,44.6265801]},"properties":{"osm_id":5209854643,"osm_type":"node","seamark_type":"buoy_lateral","display_class":"OTHER","min_zoom":12,"importance":1,"name":null,"ref":null,"common":{"type":"buoy_lateral"},"children":{"buoy_lateral":{"category":"starboard","colour":"green","shape":"conical","system":"iala-a"}},"osm_tags":{"seamark:buoy_lateral:category":"starboard","seamark:buoy_lateral:colour":"green","seamark:buoy_lateral:shape":"conical","seamark:buoy_lateral:system":"iala-a","seamark:type":"buoy_lateral"}}},{"type":"Feature","geometry":{"type":"Point","coordinates":[22.6091765,44.620288]},"properties":{"osm_id":5209854644,"osm_type":"node","seamark_type":"distance_mark","display_class":"OTHER","min_zoom":12,"importance":1,"name":null,"ref":null,"common":{"type":"distance_mark"},"children":{"distance_mark":{"category":"board","distance":"934","units":"kilometres"}},"osm_tags":{"seamark:distance_mark:category":"board","seamark:distance_mark:distance":"934","seamark:distance_mark:units":"kilometres","seamark:type":"distance_mark"}}},{"type":"Feature","geometry":{"type":"Point","coordinates":[22.6276301,44.615828]},"properties":{"osm_id":5209854645,"osm_type":"node","seamark_type":"buoy_lateral","display_class":"OTHER","min_zoom":12,"importance":1,"name":null,"ref":null,"common":{"type":"buoy_lateral"},"children":{"buoy_lateral":{"category":"starboard","colour":"green","shape":"conical","system":"iala-a"}},"osm_tags":{"seamark:buoy_lateral:category":"starboard","seamark:buoy_lateral:colour":"green","seamark:buoy_lateral:shape":"conical","seamark:buoy_lateral:system":"iala-a","seamark:type":"buoy_lateral"}}},{"type":"Feature","geometry":{"type":"Point","coordinates":[22.6195621,44.6133841]},"properties":{"osm_id":5209854646,"osm_type":"node","seamark_type":"distance_mark","display_class":"OTHER","min_zoom":12,"importance":1,"name":null,"ref":null,"common":{"type":"distance_mark"},"children":{"distance_mark":{"category":"board","distance":"933","units":"kilometres"}},"osm_tags":{"seamark:distance_mark:category":"board","seamark:distance_mark:distance":"933","seamark:distance_mark:units":"kilometres","seamark:type":"distance_mark"}}},{"type":"Feature","geometry":{"type":"Point","coordinates":[22.6257848,44.6106345]},"properties":{"osm_id":5209854647,"osm_type":"node","seamark_type":"notice","display_class":"OTHER","min_zoom":12,"importance":1,"name":null,"ref":null,"common":{"type":"notice"},"children":{"notice":{"category":"turning_area","function":"information","impact":"right_bank","orientation":"0"}},"osm_tags":{"seamark:notice:category":"turning_area","seamark:notice:function":"information","seamark:notice:impact":"right_bank","seamark:notice:orientation":"0","seamark:type":"notice"}}},{"type":"Feature","geometry":{"type":"Point","coordinates":[22.6375007,44.6179664]},"properties":{"osm_id":5209854648,"osm_type":"node","seamark_type":"notice","display_class":"OTHER","min_zoom":12,"importance":1,"name":null,"ref":null,"common":{"type":"notice"},"children":{"notice":{"category":"turning_area","function":"information","impact":"left_bank","orientation":"0"}},"osm_tags":{"seamark:notice:category":"turning_area","seamark:notice:function":"information","seamark:notice:impact":"left_bank","seamark:notice:orientation":"0","seamark:type":"notice"}}},{"type":"Feature","geometry":{"type":"Point","coordinates":[22.6361274,44.6178442]},"properties":{"osm_id":5209854649,"osm_type":"node","seamark_type":"notice","display_class":"OTHER","min_zoom":12,"importance":1,"name":null,"ref":null,"common":{"type":"notice"},"children":{"notice":{"category":"anchoring_permitted","function":"information","impact":"left_bank","orientation":"0"}},"osm_tags":{"seamark:notice:category":"anchoring_permitted","seamark:notice:function":"information","seamark:notice:impact":"left_bank","seamark:notice:orientation":"0","seamark:type":"notice"}}},{"type":"Feature","geometry":{"type":"Point","coordinates":[22.6398181,44.6153393]},"properties":{"osm_id":5209854650,"osm_type":"node","seamark_type":"buoy_lateral","display_class":"OTHER","min_zoom":12,"importance":1,"name":null,"ref":null,"common":{"type":"buoy_lateral"},"children":{"buoy_lateral":{"category":"starboard","colour":"green","shape":"conical","system":"iala-a"}},"osm_tags":{"seamark:buoy_lateral:category":"starboard","seamark:buoy_lateral:colour":"green","seamark:buoy_lateral:shape":"conical","seamark:buoy_lateral:system":"iala-a","seamark:type":"buoy_lateral"}}},{"type":"Feature","geometry":{"type":"Point","coordinates":[22.6372432,44.6134452]},"properties":{"osm_id":5209854651,"osm_type":"node","seamark_type":"distance_mark","display_class":"OTHER","min_zoom":12,"importance":1,"name":null,"ref":null,"common":{"type":"distance_mark"},"children":{"distance_mark":{"category":"board","distance":"932","units":"kilometres"}},"osm_tags":{"seamark:distance_mark:category":"board","seamark:distance_mark:distance":"932","seamark:distance_mark:units":"kilometres","seamark:type":"distance_mark"}}},{"type":"Feature","geometry":{"type":"Point","coordinates":[22.6615333,44.6166223]},"properties":{"osm_id":5209854652,"osm_type":"node","seamark_type":"distance_mark","display_class":"OTHER","min_zoom":12,"importance":1,"name":null,"ref":null,"common":{"type":"distance_mark"},"children":{"distance_mark":{"category":"board","distance":"930","units":"kilometres"}},"osm_tags":{"seamark:distance_mark:category":"board","seamark:distance_mark:distance":"930","seamark:distance_mark:units":"kilometres","seamark:type":"distance_mark"}}},{"type":"Feature","geometry":{"type":"Point","coordinates":[22.6648807,44.6234647]},"properties":{"osm_id":5209854653,"osm_type":"node","seamark_type":"notice","display_class":"OTHER","min_zoom":12,"importance":1,"name":null,"ref":null,"common":{"type":"notice"},"children":{"notice":{"category":"anchoring_permitted","function":"information","impact":"left_bank","orientation":"0"}},"osm_tags":{"seamark:notice:category":"anchoring_permitted","seamark:notice:function":"information","seamark:notice:impact":"left_bank","seamark:notice:orientation":"0","seamark:type":"notice"}}},{"type":"Feature","geometry":{"type":"Point","coordinates":[22.6773261,44.6237701]},"properties":{"osm_id":5209854654,"osm_type":"node","seamark_type":"notice","display_class":"OTHER","min_zoom":12,"importance":1,"name":null,"ref":null,"common":{"type":"notice"},"children":{"notice":{"category":"no_anchoring","function":"prohibition","impact":"left_bank","orientation":"0"}},"osm_tags":{"seamark:notice:category":"no_anchoring","seamark:notice:function":"prohibition","seamark:notice:impact":"left_bank","seamark:notice:orientation":"0","seamark:type":"notice"}}},{"type":"Feature","geometry":{"type":"Point","coordinates":[22.6782703,44.6178442]},"properties":{"osm_id":5209854655,"osm_type":"node","seamark_type":"buoy_lateral","display_class":"OTHER","min_zoom":12,"importance":1,"name":null,"ref":null,"common":{"type":"buoy_lateral"},"children":{"buoy_lateral":{"category":"starboard","colour":"green","shape":"conical","system":"iala-a"}},"osm_tags":{"seamark:buoy_lateral:category":"starboard","seamark:buoy_lateral:colour":"green","seamark:buoy_lateral:shape":"conical","seamark:buoy_lateral:system":"iala-a","seamark:type":"buoy_lateral"}}},{"type":"Feature","geometry":{"type":"Point","coordinates":[22.6795577,44.6120399]},"properties":{"osm_id":5209854656,"osm_type":"node","seamark_type":"notice","display_class":"OTHER","min_zoom":12,"importance":1,"name":null,"ref":null,"common":{"type":"notice"},"children":{"notice":{"category":"closed_area","function":"prohibition","impact":"downstream","orientation":"0"}},"osm_tags":{"seamark:notice:category":"closed_area","seamark:notice:function":"prohibition","seamark:notice:impact":"downstream","seamark:notice:orientation":"0","seamark:type":"notice"}}},{"type":"Feature","geometry":{"type":"Point","coordinates":[22.6962947,44.612101]},"properties":{"osm_id":5209854657,"osm_type":"node","seamark_type":"distance_mark","display_class":"OTHER","min_zoom":12,"importance":1,"name":null,"ref":null,"common":{"type":"distance_mark"},"children":{"distance_mark":{"category":"board","distance":"927","units":"kilometres"}},"osm_tags":{"seamark:distance_mark:category":"board","seamark:distance_mark:distance":"927","seamark:distance_mark:units":"kilometres","seamark:type":"distance_mark"}}},{"type":"Feature","geometry":{"type":"Point","coordinates":[22.7210139,44.5923009]},"properties":{"osm_id":5209854658,"osm_type":"node","seamark_type":"distance_mark","display_class":"OTHER","min_zoom":12,"importance":1,"name":null,"ref":null,"common":{"type":"distance_mark"},"children":{"distance_mark":{"category":"board","distance":"924","units":"kilometres"}},"osm_tags":{"seamark:distance_mark:category":"board","seamark:distance_mark:distance":"924","seamark:distance_mark:units":"kilometres","seamark:type":"distance_mark"}}},{"type":"Feature","geometry":{"type":"Point","coordinates":[22.4409484,44.7095057]},"properties":{"osm_id":5209854721,"osm_type":"node","seamark_type":"distance_mark","display_class":"OTHER","min_zoom":12,"importance":1,"name":null,"ref":null,"common":{"type":"distance_mark"},"children":{"distance_mark":{"category":"board","distance":"952","units":"kilometres"}},"osm_tags":{"seamark:distance_mark:category":"board","seamark:distance_mark:distance":"952","seamark:distance_mark:units":"kilometres","seamark:type":"distance_mark"}}},{"type":"Feature","geometry":{"type":"Point","coordinates":[22.4994849,44.6925152]},"properties":{"osm_id":5209854722,"osm_type":"node","seamark_type":"distance_mark","display_class":"OTHER","min_zoom":12,"importance":1,"name":null,"ref":null,"common":{"type":"distance_mark"},"children":{"distance_mark":{"category":"board","distance":"946","units":"kilometres"}},"osm_tags":{"seamark:distance_mark:category":"board","seamark:distance_mark:distance":"946","seamark:distance_mark:units":"kilometres","seamark:type":"distance_mark"}}},{"type":"Feature","geometry":{"type":"Point","coordinates":[22.5154495,44.674421]},"properties":{"osm_id":5209854723,"osm_type":"node","seamark_type":"distance_mark","display_class":"OTHER","min_zoom":12,"importance":1,"name":null,"ref":null,"common":{"type":"distance_mark"},"children":{"distance_mark":{"category":"board","distance":"944","units":"kilometres"}},"osm_tags":{"seamark:distance_mark:category":"board","seamark:distance_mark:distance":"944","seamark:distance_mark:units":"kilometres","seamark:type":"distance_mark"}}},{"type":"Feature","geometry":{"type":"Point","coordinates":[22.5884055,44.6294511]},"properties":{"osm_id":5209854724,"osm_type":"node","seamark_type":"distance_mark","display_class":"OTHER","min_zoom":12,"importance":1,"name":null,"ref":null,"common":{"type":"distance_mark"},"children":{"distance_mark":{"category":"board","distance":"936","units":"kilometres"}},"osm_tags":{"seamark:distance_mark:category":"board","seamark:distance_mark:distance":"936","seamark:distance_mark:units":"kilometres","seamark:type":"distance_mark"}}},{"type":"Feature","geometry":{"type":"Point","coordinates":[22.6275444,44.6105429]},"properties":{"osm_id":5209854725,"osm_type":"node","seamark_type":"notice","display_class":"OTHER","min_zoom":12,"importance":1,"name":null,"ref":null,"common":{"type":"notice"},"children":{"notice":{"category":"anchoring_permitted","function":"information","impact":"right_bank","orientation":"0"}},"osm_tags":{"seamark:notice:category":"anchoring_permitted","seamark:notice:function":"information","seamark:notice:impact":"right_bank","seamark:notice:orientation":"0","seamark:type":"notice"}}},{"type":"Feature","geometry":{"type":"Point","coordinates":[22.6746654,44.615767]},"properties":{"osm_id":5209854726,"osm_type":"node","seamark_type":"distance_mark","display_class":"OTHER","min_zoom":12,"importance":1,"name":null,"ref":null,"common":{"type":"distance_mark"},"children":{"distance_mark":{"category":"board","distance":"929","units":"kilometres"}},"osm_tags":{"seamark:distance_mark:category":"board","seamark:distance_mark:distance":"929","seamark:distance_mark:units":"kilometres","seamark:type":"distance_mark"}}},{"type":"Feature","geometry":{"type":"Point","coordinates":[22.5827407,44.6318333]},"properties":{"osm_id":5209855021,"osm_type":"node","seamark_type":"buoy_lateral","display_class":"OTHER","min_zoom":12,"importance":1,"name":null,"ref":null,"common":{"type":"buoy_lateral"},"children":{"buoy_lateral":{"category":"channel_separation","colour":"red;green;red;green","colour_pattern":"horizontal","shape":"spherical","system":"cevni"}},"osm_tags":{"seamark:buoy_lateral:category":"channel_separation","seamark:buoy_lateral:colour":"red;green;red;green","seamark:buoy_lateral:colour_pattern":"horizontal","seamark:buoy_lateral:shape":"spherical","seamark:buoy_lateral:system":"cevni","seamark:type":"buoy_lateral"}}},{"type":"Feature","geometry":{"type":"Point","coordinates":[22.2655534,44.5991156]},"properties":{"osm_id":5209855022,"osm_type":"node","seamark_type":"distance_mark","display_class":"OTHER","min_zoom":12,"importance":1,"name":null,"ref":null,"common":{"type":"distance_mark"},"children":{"distance_mark":{"category":"board","distance":"972","units":"kilometres"}},"osm_tags":{"seamark:distance_mark:category":"board","seamark:distance_mark:distance":"972","seamark:distance_mark:units":"kilometres","seamark:type":"distance_mark"}}},{"type":"Feature","geometry":{"type":"Point","coordinates":[22.2731065,44.6168361]},"properties":{"osm_id":5209855023,"osm_type":"node","seamark_type":"distance_mark","display_class":"OTHER","min_zoom":12,"importance":1,"name":null,"ref":null,"common":{"type":"distance_mark"},"children":{"distance_mark":{"category":"board","distance":"970","units":"kilometres"}},"osm_tags":{"seamark:distance_mark:category":"board","seamark:distance_mark:distance":"970","seamark:distance_mark:units":"kilometres","seamark:type":"distance_mark"}}},{"type":"Feature","geometry":{"type":"Point","coordinates":[22.2633062,44.6303698]},"properties":{"osm_id":5209855024,"osm_type":"node","seamark_type":"notice","display_class":"OTHER","min_zoom":12,"importance":1,"name":null,"ref":null,"common":{"type":"notice"},"children":{"notice":{"category":"anchoring_permitted","function":"information","impact":"left_bank","orientation":"0"}},"osm_tags":{"seamark:notice:category":"anchoring_permitted","seamark:notice:function":"information","seamark:notice:impact":"left_bank","seamark:notice:orientation":"0","seamark:type":"notice"}}},{"type":"Feature","geometry":{"type":"Point","coordinates":[22.2869253,44.6322303]},"properties":{"osm_id":5209855025,"osm_type":"node","seamark_type":"distance_mark","display_class":"OTHER","min_zoom":12,"importance":1,"name":null,"ref":null,"common":{"type":"distance_mark"},"children":{"distance_mark":{"category":"board","distance":"968","units":"kilometres"}},"osm_tags":{"seamark:distance_mark:category":"board","seamark:distance_mark:distance":"968","seamark:distance_mark:units":"kilometres","seamark:type":"distance_mark"}}},{"type":"Feature","geometry":{"type":"Point","coordinates":[22.3058939,44.6670353]},"properties":{"osm_id":5209855026,"osm_type":"node","seamark_type":"notice","display_class":"OTHER","min_zoom":12,"importance":1,"name":null,"ref":null,"common":{"type":"notice"},"children":{"notice":{"category":"anchoring_permitted","function":"information","impact":"left_bank","orientation":"0"}},"osm_tags":{"seamark:notice:category":"anchoring_permitted","seamark:notice:function":"information","seamark:notice:impact":"left_bank","seamark:notice:orientation":"0","seamark:type":"notice"}}},{"type":"Feature","geometry":{"type":"Point","coordinates":[22.3730563,44.673536]},"properties":{"osm_id":5209855027,"osm_type":"node","seamark_type":"distance_mark","display_class":"OTHER","min_zoom":12,"importance":1,"name":null,"ref":null,"common":{"type":"distance_mark"},"children":{"distance_mark":{"category":"board","distance":"959","units":"kilometres"}},"osm_tags":{"seamark:distance_mark:category":"board","seamark:distance_mark:distance":"959","seamark:distance_mark:units":"kilometres","seamark:type":"distance_mark"}}},{"type":"Feature","geometry":{"type":"Point","coordinates":[22.6861024,44.6155531]},"properties":{"osm_id":5209855121,"osm_type":"node","seamark_type":"distance_mark","display_class":"OTHER","min_zoom":12,"importance":1,"name":null,"ref":null,"common":{"type":"distance_mark"},"children":{"distance_mark":{"category":"board","distance":"928","units":"kilometres"}},"osm_tags":{"seamark:distance_mark:category":"board","seamark:distance_mark:distance":"928","seamark:distance_mark:units":"kilometres","seamark:type":"distance_mark"}}},{"type":"Feature","geometry":{"type":"Point","coordinates":[22.236843,44.5696815]},"properties":{"osm_id":5209855122,"osm_type":"node","seamark_type":"distance_mark","display_class":"OTHER","min_zoom":12,"importance":1,"name":null,"ref":null,"common":{"type":"distance_mark"},"children":{"distance_mark":{"category":"board","distance":"976","units":"kilometres"}},"osm_tags":{"seamark:distance_mark:category":"board","seamark:distance_mark:distance":"976","seamark:distance_mark:units":"kilometres","seamark:type":"distance_mark"}}},{"type":"Feature","geometry":{"type":"Point","coordinates":[22.2407055,44.5820926]},"properties":{"osm_id":5209855123,"osm_type":"node","seamark_type":"notice","display_class":"OTHER","min_zoom":12,"importance":1,"name":null,"ref":null,"common":{"type":"notice"},"children":{"notice":{"category":"turning_area","function":"information","impact":"left_bank","orientation":"0"}},"osm_tags":{"seamark:notice:category":"turning_area","seamark:notice:function":"information","seamark:notice:impact":"left_bank","seamark:notice:orientation":"0","seamark:type":"notice"}}},{"type":"Feature","geometry":{"type":"Point","coordinates":[22.2405982,44.5818634]},"properties":{"osm_id":5209855124,"osm_type":"node","seamark_type":"notice","display_class":"OTHER","min_zoom":12,"importance":1,"name":null,"ref":null,"common":{"type":"notice"},"children":{"notice":{"category":"anchoring_permitted","function":"information","impact":"left_bank","orientation":"0"}},"osm_tags":{"seamark:notice:category":"anchoring_permitted","seamark:notice:function":"information","seamark:notice:impact":"left_bank","seamark:notice:orientation":"0","seamark:type":"notice"}}},{"type":"Feature","geometry":{"type":"Point","coordinates":[22.252078,44.5864023]},"properties":{"osm_id":5209855125,"osm_type":"node","seamark_type":"distance_mark","display_class":"OTHER","min_zoom":12,"importance":1,"name":null,"ref":null,"common":{"type":"distance_mark"},"children":{"distance_mark":{"category":"board","distance":"974","units":"kilometres"}},"osm_tags":{"seamark:distance_mark:category":"board","seamark:distance_mark:distance":"974","seamark:distance_mark:units":"kilometres","seamark:type":"distance_mark"}}},{"type":"Feature","geometry":{"type":"Point","coordinates":[22.2601461,44.5907423]},"properties":{"osm_id":5209855126,"osm_type":"node","seamark_type":"distance_mark","display_class":"OTHER","min_zoom":12,"importance":1,"name":null,"ref":null,"common":{"type":"distance_mark"},"children":{"distance_mark":{"category":"board","distance":"973","units":"kilometres"}},"osm_tags":{"seamark:distance_mark:category":"board","seamark:distance_mark:distance":"973","seamark:distance_mark:units":"kilometres","seamark:type":"distance_mark"}}},{"type":"Feature","geometry":{"type":"Point","coordinates":[22.2704458,44.6080071]},"properties":{"osm_id":5209855127,"osm_type":"node","seamark_type":"distance_mark","display_class":"OTHER","min_zoom":12,"importance":1,"name":null,"ref":null,"common":{"type":"distance_mark"},"children":{"distance_mark":{"category":"board","distance":"971","units":"kilometres"}},"osm_tags":{"seamark:distance_mark:category":"board","seamark:distance_mark:distance":"971","seamark:distance_mark:units":"kilometres","seamark:type":"distance_mark"}}},{"type":"Feature","geometry":{"type":"Point","coordinates":[22.264017,44.6308672]},"properties":{"osm_id":5209855128,"osm_type":"node","seamark_type":"notice","display_class":"OTHER","min_zoom":12,"importance":1,"name":null,"ref":null,"common":{"type":"notice"},"children":{"notice":{"category":"turning_area","function":"information","impact":"left_bank","orientation":"0"}},"osm_tags":{"seamark:notice:category":"turning_area","seamark:notice:function":"information","seamark:notice:impact":"left_bank","seamark:notice:orientation":"0","seamark:type":"notice"}}},{"type":"Feature","geometry":{"type":"Point","coordinates":[22.2773552,44.6250224]},"properties":{"osm_id":5209855129,"osm_type":"node","seamark_type":"distance_mark","display_class":"OTHER","min_zoom":12,"importance":1,"name":null,"ref":null,"common":{"type":"distance_mark"},"children":{"distance_mark":{"category":"board","distance":"969","units":"kilometres"}},"osm_tags":{"seamark:distance_mark:category":"board","seamark:distance_mark:distance":"969","seamark:distance_mark:units":"kilometres","seamark:type":"distance_mark"}}},{"type":"Feature","geometry":{"type":"Point","coordinates":[22.2947359,44.6366278]},"properties":{"osm_id":5209855130,"osm_type":"node","seamark_type":"distance_mark","display_class":"OTHER","min_zoom":12,"importance":1,"name":null,"ref":null,"common":{"type":"distance_mark"},"children":{"distance_mark":{"category":"board","distance":"967","units":"kilometres"}},"osm_tags":{"seamark:distance_mark:category":"board","seamark:distance_mark:distance":"967","seamark:distance_mark:units":"kilometres","seamark:type":"distance_mark"}}},{"type":"Feature","geometry":{"type":"Point","coordinates":[22.310829,44.6597403]},"properties":{"osm_id":5209855131,"osm_type":"node","seamark_type":"distance_mark","display_class":"OTHER","min_zoom":12,"importance":1,"name":null,"ref":null,"common":{"type":"distance_mark"},"children":{"distance_mark":{"category":"board","distance":"964","units":"kilometres"}},"osm_tags":{"seamark:distance_mark:category":"board","seamark:distance_mark:distance":"964","seamark:distance_mark:units":"kilometres","seamark:type":"distance_mark"}}},{"type":"Feature","geometry":{"type":"Point","coordinates":[22.3314284,44.6674322]},"properties":{"osm_id":5209855132,"osm_type":"node","seamark_type":"distance_mark","display_class":"OTHER","min_zoom":12,"importance":1,"name":null,"ref":null,"common":{"type":"distance_mark"},"children":{"distance_mark":{"category":"board","distance":"962","units":"kilometres"}},"osm_tags":{"seamark:distance_mark:category":"board","seamark:distance_mark:distance":"962","seamark:distance_mark:units":"kilometres","seamark:type":"distance_mark"}}},{"type":"Feature","geometry":{"type":"Point","coordinates":[22.3836993,44.6720101]},"properties":{"osm_id":5209855133,"osm_type":"node","seamark_type":"notice","display_class":"OTHER","min_zoom":12,"importance":1,"name":null,"ref":null,"common":{"type":"notice"},"children":{"notice":{"category":"anchoring_permitted","function":"information","impact":"right_bank","orientation":"0"}},"osm_tags":{"seamark:notice:category":"anchoring_permitted","seamark:notice:function":"information","seamark:notice:impact":"right_bank","seamark:notice:orientation":"0","seamark:type":"notice"}}},{"type":"Feature","geometry":{"type":"Point","coordinates":[22.3461055,44.6695075]},"properties":{"osm_id":5209855134,"osm_type":"node","seamark_type":"distance_mark","display_class":"OTHER","min_zoom":12,"importance":1,"name":null,"ref":null,"common":{"type":"distance_mark"},"children":{"distance_mark":{"category":"board","distance":"961","units":"kilometres"}},"osm_tags":{"seamark:distance_mark:category":"board","seamark:distance_mark:distance":"961","seamark:distance_mark:units":"kilometres","seamark:type":"distance_mark"}}},{"type":"Feature","geometry":{"type":"Point","coordinates":[22.3873042,44.6778695]},"properties":{"osm_id":5209855135,"osm_type":"node","seamark_type":"distance_mark","display_class":"OTHER","min_zoom":12,"importance":1,"name":null,"ref":null,"common":{"type":"distance_mark"},"children":{"distance_mark":{"category":"board","distance":"958","units":"kilometres"}},"osm_tags":{"seamark:distance_mark:category":"board","seamark:distance_mark:distance":"958","seamark:distance_mark:units":"kilometres","seamark:type":"distance_mark"}}},{"type":"Feature","geometry":{"type":"Point","coordinates":[22.3959731,44.6826297]},"properties":{"osm_id":5209855136,"osm_type":"node","seamark_type":"distance_mark","display_class":"OTHER","min_zoom":12,"importance":1,"name":null,"ref":null,"common":{"type":"distance_mark"},"children":{"distance_mark":{"category":"board","distance":"957","units":"kilometres"}},"osm_tags":{"seamark:distance_mark:category":"board","seamark:distance_mark:distance":"957","seamark:distance_mark:units":"kilometres","seamark:type":"distance_mark"}}},{"type":"Feature","geometry":{"type":"Point","coordinates":[22.4048995,44.68861]},"properties":{"osm_id":5209855137,"osm_type":"node","seamark_type":"distance_mark","display_class":"OTHER","min_zoom":12,"importance":1,"name":null,"ref":null,"common":{"type":"distance_mark"},"children":{"distance_mark":{"category":"board","distance":"956","units":"kilometres"}},"osm_tags":{"seamark:distance_mark:category":"board","seamark:distance_mark:distance":"956","seamark:distance_mark:units":"kilometres","seamark:type":"distance_mark"}}},{"type":"Feature","geometry":{"type":"Point","coordinates":[22.0936774,44.4920667]},"properties":{"osm_id":5209855523,"osm_type":"node","seamark_type":"distance_mark","display_class":"OTHER","min_zoom":12,"importance":1,"name":null,"ref":null,"common":{"type":"distance_mark"},"children":{"distance_mark":{"category":"board","distance":"993","units":"kilometres"}},"osm_tags":{"seamark:distance_mark:category":"board","seamark:distance_mark:distance":"993","seamark:distance_mark:units":"kilometres","seamark:type":"distance_mark"}}},{"type":"Feature","geometry":{"type":"Point","coordinates":[22.170925,44.4772784]},"properties":{"osm_id":5209855524,"osm_type":"node","seamark_type":"buoy_lateral","display_class":"OTHER","min_zoom":12,"importance":1,"name":null,"ref":null,"common":{"type":"buoy_lateral"},"children":{"buoy_lateral":{"category":"starboard","colour":"green","shape":"conical","system":"iala-a"}},"osm_tags":{"seamark:buoy_lateral:category":"starboard","seamark:buoy_lateral:colour":"green","seamark:buoy_lateral:shape":"conical","seamark:buoy_lateral:system":"iala-a","seamark:type":"buoy_lateral"}}},{"type":"Feature","geometry":{"type":"Point","coordinates":[22.22414,44.5490107]},"properties":{"osm_id":5209855525,"osm_type":"node","seamark_type":"distance_mark","display_class":"OTHER","min_zoom":12,"importance":1,"name":null,"ref":null,"common":{"type":"distance_mark"},"children":{"distance_mark":{"category":"board","distance":"979","units":"kilometres"}},"osm_tags":{"seamark:distance_mark:category":"board","seamark:distance_mark:distance":"979","seamark:distance_mark:units":"kilometres","seamark:type":"distance_mark"}}},{"type":"Feature","geometry":{"type":"Point","coordinates":[22.2318648,44.5602643]},"properties":{"osm_id":5209855526,"osm_type":"node","seamark_type":"distance_mark","display_class":"OTHER","min_zoom":12,"importance":1,"name":null,"ref":null,"common":{"type":"distance_mark"},"children":{"distance_mark":{"category":"board","distance":"977","units":"kilometres"}},"osm_tags":{"seamark:distance_mark:category":"board","seamark:distance_mark:distance":"977","seamark:distance_mark:units":"kilometres","seamark:type":"distance_mark"}}},{"type":"Feature","geometry":{"type":"Point","coordinates":[22.2438811,44.5792194]},"properties":{"osm_id":5209870221,"osm_type":"node","seamark_type":"distance_mark","display_class":"OTHER","min_zoom":12,"importance":1,"name":null,"ref":null,"common":{"type":"distance_mark"},"children":{"distance_mark":{"category":"board","distance":"975","units":"kilometres"}},"osm_tags":{"seamark:distance_mark:category":"board","seamark:distance_mark:distance":"975","seamark:distance_mark:units":"kilometres","seamark:type":"distance_mark"}}},{"type":"Feature","geometry":{"type":"Point","coordinates":[22.3008728,44.64588]},"properties":{"osm_id":5209870222,"osm_type":"node","seamark_type":"distance_mark","display_class":"OTHER","min_zoom":12,"importance":1,"name":null,"ref":null,"common":{"type":"distance_mark"},"children":{"distance_mark":{"category":"board","distance":"966","units":"kilometres"}},"osm_tags":{"seamark:distance_mark:category":"board","seamark:distance_mark:distance":"966","seamark:distance_mark:units":"kilometres","seamark:type":"distance_mark"}}},{"type":"Feature","geometry":{"type":"Point","coordinates":[22.3044347,44.6551001]},"properties":{"osm_id":5209870223,"osm_type":"node","seamark_type":"distance_mark","display_class":"OTHER","min_zoom":12,"importance":1,"name":null,"ref":null,"common":{"type":"distance_mark"},"children":{"distance_mark":{"category":"board","distance":"965","units":"kilometres"}},"osm_tags":{"seamark:distance_mark:category":"board","seamark:distance_mark:distance":"965","seamark:distance_mark:units":"kilometres","seamark:type":"distance_mark"}}},{"type":"Feature","geometry":{"type":"Point","coordinates":[22.3194121,44.6643799]},"properties":{"osm_id":5209870224,"osm_type":"node","seamark_type":"distance_mark","display_class":"OTHER","min_zoom":12,"importance":1,"name":null,"ref":null,"common":{"type":"distance_mark"},"children":{"distance_mark":{"category":"board","distance":"963","units":"kilometres"}},"osm_tags":{"seamark:distance_mark:category":"board","seamark:distance_mark:distance":"963","seamark:distance_mark:units":"kilometres","seamark:type":"distance_mark"}}},{"type":"Feature","geometry":{"type":"Point","coordinates":[22.305336,44.6666385]},"properties":{"osm_id":5209870321,"osm_type":"node","seamark_type":"notice","display_class":"OTHER","min_zoom":12,"importance":1,"name":null,"ref":null,"common":{"type":"notice"},"children":{"notice":{"category":"turning_area","function":"information","impact":"left_bank","orientation":"0"}},"osm_tags":{"seamark:notice:category":"turning_area","seamark:notice:function":"information","seamark:notice:impact":"left_bank","seamark:notice:orientation":"0","seamark:type":"notice"}}},{"type":"Feature","geometry":{"type":"Point","coordinates":[22.3582934,44.6712777]},"properties":{"osm_id":5209870421,"osm_type":"node","seamark_type":"distance_mark","display_class":"OTHER","min_zoom":12,"importance":1,"name":null,"ref":null,"common":{"type":"distance_mark"},"children":{"distance_mark":{"category":"board","distance":"960","units":"kilometres"}},"osm_tags":{"seamark:distance_mark:category":"board","seamark:distance_mark:distance":"960","seamark:distance_mark:units":"kilometres","seamark:type":"distance_mark"}}},{"type":"Feature","geometry":{"type":"Point","coordinates":[22.0266437,44.5904672]},"properties":{"osm_id":5209872122,"osm_type":"node","seamark_type":"distance_mark","display_class":"OTHER","min_zoom":12,"importance":1,"name":null,"ref":null,"common":{"type":"distance_mark"},"children":{"distance_mark":{"category":"board","distance":"1008","units":"kilometres"}},"osm_tags":{"seamark:distance_mark:category":"board","seamark:distance_mark:distance":"1008","seamark:distance_mark:units":"kilometres","seamark:type":"distance_mark"}}},{"type":"Feature","geometry":{"type":"Point","coordinates":[22.0287036,44.5785469]},"properties":{"osm_id":5209872123,"osm_type":"node","seamark_type":"buoy_lateral","display_class":"OTHER","min_zoom":12,"importance":1,"name":null,"ref":null,"common":{"type":"buoy_lateral"},"children":{"buoy_lateral":{"category":"starboard","colour":"green","shape":"conical","system":"iala-a"}},"osm_tags":{"seamark:buoy_lateral:category":"starboard","seamark:buoy_lateral:colour":"green","seamark:buoy_lateral:shape":"conical","seamark:buoy_lateral:system":"iala-a","seamark:type":"buoy_lateral"}}},{"type":"Feature","geometry":{"type":"Point","coordinates":[22.0250129,44.5798307]},"properties":{"osm_id":5209872124,"osm_type":"node","seamark_type":"distance_mark","display_class":"OTHER","min_zoom":12,"importance":1,"name":null,"ref":null,"common":{"type":"distance_mark"},"children":{"distance_mark":{"category":"board","distance":"1007","units":"kilometres"}},"osm_tags":{"seamark:distance_mark:category":"board","seamark:distance_mark:distance":"1007","seamark:distance_mark:units":"kilometres","seamark:type":"distance_mark"}}},{"type":"Feature","geometry":{"type":"Point","coordinates":[22.0253562,44.5696203]},"properties":{"osm_id":5209872125,"osm_type":"node","seamark_type":"distance_mark","display_class":"OTHER","min_zoom":12,"importance":1,"name":null,"ref":null,"common":{"type":"distance_mark"},"children":{"distance_mark":{"category":"board","distance":"1006","units":"kilometres"}},"osm_tags":{"seamark:distance_mark:category":"board","seamark:distance_mark:distance":"1006","seamark:distance_mark:units":"kilometres","seamark:type":"distance_mark"}}},{"type":"Feature","geometry":{"type":"Point","coordinates":[22.0300769,44.5600197]},"properties":{"osm_id":5209872126,"osm_type":"node","seamark_type":"distance_mark","display_class":"OTHER","min_zoom":12,"importance":1,"name":null,"ref":null,"common":{"type":"distance_mark"},"children":{"distance_mark":{"category":"board","distance":"1005","units":"kilometres"}},"osm_tags":{"seamark:distance_mark:category":"board","seamark:distance_mark:distance":"1005","seamark:distance_mark:units":"kilometres","seamark:type":"distance_mark"}}},{"type":"Feature","geometry":{"type":"Point","coordinates":[22.0344543,44.5497446]},"properties":{"osm_id":5209872127,"osm_type":"node","seamark_type":"distance_mark","display_class":"OTHER","min_zoom":12,"importance":1,"name":null,"ref":null,"common":{"type":"distance_mark"},"children":{"distance_mark":{"category":"board","distance":"1004","units":"kilometres"}},"osm_tags":{"seamark:distance_mark:category":"board","seamark:distance_mark:distance":"1004","seamark:distance_mark:units":"kilometres","seamark:type":"distance_mark"}}},{"type":"Feature","geometry":{"type":"Point","coordinates":[22.0679282,44.536164]},"properties":{"osm_id":5209872128,"osm_type":"node","seamark_type":"notice","display_class":"OTHER","min_zoom":12,"importance":1,"name":null,"ref":null,"common":{"type":"notice"},"children":{"notice":{"category":"turning_area","function":"information","impact":"left_bank","orientation":"0"}},"osm_tags":{"seamark:notice:category":"turning_area","seamark:notice:function":"information","seamark:notice:impact":"left_bank","seamark:notice:orientation":"0","seamark:type":"notice"}}},{"type":"Feature","geometry":{"type":"Point","coordinates":[22.0773695,44.517195]},"properties":{"osm_id":5209872129,"osm_type":"node","seamark_type":"buoy_lateral","display_class":"OTHER","min_zoom":12,"importance":1,"name":null,"ref":null,"common":{"type":"buoy_lateral"},"children":{"buoy_lateral":{"category":"starboard","colour":"green","shape":"conical","system":"iala-a"}},"osm_tags":{"seamark:buoy_lateral:category":"starboard","seamark:buoy_lateral:colour":"green","seamark:buoy_lateral:shape":"conical","seamark:buoy_lateral:system":"iala-a","seamark:type":"buoy_lateral"}}},{"type":"Feature","geometry":{"type":"Point","coordinates":[22.0775412,44.5058105]},"properties":{"osm_id":5209872130,"osm_type":"node","seamark_type":"distance_mark","display_class":"OTHER","min_zoom":12,"importance":1,"name":null,"ref":null,"common":{"type":"distance_mark"},"children":{"distance_mark":{"category":"board","distance":"996","units":"kilometres"}},"osm_tags":{"seamark:distance_mark:category":"board","seamark:distance_mark:distance":"996","seamark:distance_mark:units":"kilometres","seamark:type":"distance_mark"}}},{"type":"Feature","geometry":{"type":"Point","coordinates":[22.1017454,44.4880561]},"properties":{"osm_id":5209872131,"osm_type":"node","seamark_type":"distance_mark","display_class":"OTHER","min_zoom":12,"importance":1,"name":null,"ref":null,"common":{"type":"distance_mark"},"children":{"distance_mark":{"category":"board","distance":"992","units":"kilometres"}},"osm_tags":{"seamark:distance_mark:category":"board","seamark:distance_mark:distance":"992","seamark:distance_mark:units":"kilometres","seamark:type":"distance_mark"}}},{"type":"Feature","geometry":{"type":"Point","coordinates":[22.1329878,44.4716438]},"properties":{"osm_id":5209872132,"osm_type":"node","seamark_type":"distance_mark","display_class":"OTHER","min_zoom":12,"importance":1,"name":null,"ref":null,"common":{"type":"distance_mark"},"children":{"distance_mark":{"category":"board","distance":"990","units":"kilometres"}},"osm_tags":{"seamark:distance_mark:category":"board","seamark:distance_mark:distance":"990","seamark:distance_mark:units":"kilometres","seamark:type":"distance_mark"}}},{"type":"Feature","geometry":{"type":"Point","coordinates":[22.1561621,44.4720113]},"properties":{"osm_id":5209872133,"osm_type":"node","seamark_type":"distance_mark","display_class":"OTHER","min_zoom":12,"importance":1,"name":null,"ref":null,"common":{"type":"distance_mark"},"children":{"distance_mark":{"category":"board","distance":"989","units":"kilometres"}},"osm_tags":{"seamark:distance_mark:category":"board","seamark:distance_mark:distance":"989","seamark:distance_mark:units":"kilometres","seamark:type":"distance_mark"}}},{"type":"Feature","geometry":{"type":"Point","coordinates":[22.1875761,44.4865866]},"properties":{"osm_id":5209872134,"osm_type":"node","seamark_type":"distance_mark","display_class":"OTHER","min_zoom":12,"importance":1,"name":null,"ref":null,"common":{"type":"distance_mark"},"children":{"distance_mark":{"category":"board","distance":"987","units":"kilometres"}},"osm_tags":{"seamark:distance_mark:category":"board","seamark:distance_mark:distance":"987","seamark:distance_mark:units":"kilometres","seamark:type":"distance_mark"}}},{"type":"Feature","geometry":{"type":"Point","coordinates":[22.1947859,44.5017703]},"properties":{"osm_id":5209872135,"osm_type":"node","seamark_type":"distance_mark","display_class":"OTHER","min_zoom":12,"importance":1,"name":null,"ref":null,"common":{"type":"distance_mark"},"children":{"distance_mark":{"category":"board","distance":"986","units":"kilometres"}},"osm_tags":{"seamark:distance_mark:category":"board","seamark:distance_mark:distance":"986","seamark:distance_mark:units":"kilometres","seamark:type":"distance_mark"}}},{"type":"Feature","geometry":{"type":"Point","coordinates":[22.2045706,44.5222132]},"properties":{"osm_id":5209872136,"osm_type":"node","seamark_type":"buoy_lateral","display_class":"OTHER","min_zoom":12,"importance":1,"name":null,"ref":null,"common":{"type":"buoy_lateral"},"children":{"buoy_lateral":{"category":"starboard","colour":"green","shape":"conical","system":"iala-a"}},"osm_tags":{"seamark:buoy_lateral:category":"starboard","seamark:buoy_lateral:colour":"green","seamark:buoy_lateral:shape":"conical","seamark:buoy_lateral:system":"iala-a","seamark:type":"buoy_lateral"}}},{"type":"Feature","geometry":{"type":"Point","coordinates":[22.2100638,44.5264967]},"properties":{"osm_id":5209872137,"osm_type":"node","seamark_type":"distance_mark","display_class":"OTHER","min_zoom":12,"importance":1,"name":null,"ref":null,"common":{"type":"distance_mark"},"children":{"distance_mark":{"category":"board","distance":"983","units":"kilometres"}},"osm_tags":{"seamark:distance_mark:category":"board","seamark:distance_mark:distance":"983","seamark:distance_mark:units":"kilometres","seamark:type":"distance_mark"}}},{"type":"Feature","geometry":{"type":"Point","coordinates":[22.2171019,44.5378771]},"properties":{"osm_id":5209872138,"osm_type":"node","seamark_type":"distance_mark","display_class":"OTHER","min_zoom":12,"importance":1,"name":null,"ref":null,"common":{"type":"distance_mark"},"children":{"distance_mark":{"category":"board","distance":"981","units":"kilometres"}},"osm_tags":{"seamark:distance_mark:category":"board","seamark:distance_mark:distance":"981","seamark:distance_mark:units":"kilometres","seamark:type":"distance_mark"}}},{"type":"Feature","geometry":{"type":"Point","coordinates":[22.1985625,44.5112888]},"properties":{"osm_id":5209872139,"osm_type":"node","seamark_type":"distance_mark","display_class":"OTHER","min_zoom":12,"importance":1,"name":null,"ref":null,"common":{"type":"distance_mark"},"children":{"distance_mark":{"category":"board","distance":"985","units":"kilometres"}},"osm_tags":{"seamark:distance_mark:category":"board","seamark:distance_mark:distance":"985","seamark:distance_mark:units":"kilometres","seamark:type":"distance_mark"}}},{"type":"Feature","geometry":{"type":"Point","coordinates":[22.0222663,44.5962126]},"properties":{"osm_id":5209882621,"osm_type":"node","seamark_type":"distance_mark","display_class":"OTHER","min_zoom":12,"importance":1,"name":null,"ref":null,"common":{"type":"distance_mark"},"children":{"distance_mark":{"category":"board","distance":"1009","units":"kilometres"}},"osm_tags":{"seamark:distance_mark:category":"board","seamark:distance_mark:distance":"1009","seamark:distance_mark:units":"kilometres","seamark:type":"distance_mark"}}},{"type":"Feature","geometry":{"type":"Point","coordinates":[22.0372867,44.5504174]},"properties":{"osm_id":5209882622,"osm_type":"node","seamark_type":"notice","display_class":"OTHER","min_zoom":12,"importance":1,"name":null,"ref":null,"common":{"type":"notice"},"children":{"notice":{"category":"turning_area","function":"information","impact":"left_bank","orientation":"0"}},"osm_tags":{"seamark:notice:category":"turning_area","seamark:notice:function":"information","seamark:notice:impact":"left_bank","seamark:notice:orientation":"0","seamark:type":"notice"}}},{"type":"Feature","geometry":{"type":"Point","coordinates":[22.0366,44.5512737]},"properties":{"osm_id":5209882623,"osm_type":"node","seamark_type":"notice","display_class":"OTHER","min_zoom":12,"importance":1,"name":null,"ref":null,"common":{"type":"notice"},"children":{"notice":{"category":"anchoring_permitted","function":"information","impact":"left_bank","orientation":"0"}},"osm_tags":{"seamark:notice:category":"anchoring_permitted","seamark:notice:function":"information","seamark:notice:impact":"left_bank","seamark:notice:orientation":"0","seamark:type":"notice"}}},{"type":"Feature","geometry":{"type":"Point","coordinates":[22.0404624,44.5447899]},"properties":{"osm_id":5209882624,"osm_type":"node","seamark_type":"distance_mark","display_class":"OTHER","min_zoom":12,"importance":1,"name":null,"ref":null,"common":{"type":"distance_mark"},"children":{"distance_mark":{"category":"board","distance":"1003","units":"kilometres"}},"osm_tags":{"seamark:distance_mark:category":"board","seamark:distance_mark:distance":"1003","seamark:distance_mark:units":"kilometres","seamark:type":"distance_mark"}}},{"type":"Feature","geometry":{"type":"Point","coordinates":[22.049303,44.5403242]},"properties":{"osm_id":5209882625,"osm_type":"node","seamark_type":"distance_mark","display_class":"OTHER","min_zoom":12,"importance":1,"name":null,"ref":null,"common":{"type":"distance_mark"},"children":{"distance_mark":{"category":"board","distance":"1002","units":"kilometres"}},"osm_tags":{"seamark:distance_mark:category":"board","seamark:distance_mark:distance":"1002","seamark:distance_mark:units":"kilometres","seamark:type":"distance_mark"}}},{"type":"Feature","geometry":{"type":"Point","coordinates":[22.0665549,44.536837]},"properties":{"osm_id":5209882626,"osm_type":"node","seamark_type":"notice","display_class":"OTHER","min_zoom":12,"importance":1,"name":null,"ref":null,"common":{"type":"notice"},"children":{"notice":{"category":"anchoring_permitted","function":"information","impact":"left_bank","orientation":"0"}},"osm_tags":{"seamark:notice:category":"anchoring_permitted","seamark:notice:function":"information","seamark:notice:impact":"left_bank","seamark:notice:orientation":"0","seamark:type":"notice"}}},{"type":"Feature","geometry":{"type":"Point","coordinates":[22.0574569,44.535491]},"properties":{"osm_id":5209882627,"osm_type":"node","seamark_type":"distance_mark","display_class":"OTHER","min_zoom":12,"importance":1,"name":null,"ref":null,"common":{"type":"distance_mark"},"children":{"distance_mark":{"category":"board","distance":"1001","units":"kilometres"}},"osm_tags":{"seamark:distance_mark:category":"board","seamark:distance_mark:distance":"1001","seamark:distance_mark:units":"kilometres","seamark:type":"distance_mark"}}},{"type":"Feature","geometry":{"type":"Point","coordinates":[22.0647525,44.5316365]},"properties":{"osm_id":5209882628,"osm_type":"node","seamark_type":"distance_mark","display_class":"OTHER","min_zoom":12,"importance":1,"name":null,"ref":null,"common":{"type":"distance_mark"},"children":{"distance_mark":{"category":"board","distance":"1000","units":"kilometres"}},"osm_tags":{"seamark:distance_mark:category":"board","seamark:distance_mark:distance":"1000","seamark:distance_mark:units":"kilometres","seamark:type":"distance_mark"}}},{"type":"Feature","geometry":{"type":"Point","coordinates":[22.074108,44.5167054]},"properties":{"osm_id":5209882629,"osm_type":"node","seamark_type":"distance_mark","display_class":"OTHER","min_zoom":12,"importance":1,"name":null,"ref":null,"common":{"type":"distance_mark"},"children":{"distance_mark":{"category":"board","distance":"998","units":"kilometres"}},"osm_tags":{"seamark:distance_mark:category":"board","seamark:distance_mark:distance":"998","seamark:distance_mark:units":"kilometres","seamark:type":"distance_mark"}}},{"type":"Feature","geometry":{"type":"Point","coordinates":[22.0758246,44.5116866]},"properties":{"osm_id":5209882630,"osm_type":"node","seamark_type":"distance_mark","display_class":"OTHER","min_zoom":12,"importance":1,"name":null,"ref":null,"common":{"type":"distance_mark"},"children":{"distance_mark":{"category":"board","distance":"997","units":"kilometres"}},"osm_tags":{"seamark:distance_mark:category":"board","seamark:distance_mark:distance":"997","seamark:distance_mark:units":"kilometres","seamark:type":"distance_mark"}}},{"type":"Feature","geometry":{"type":"Point","coordinates":[22.0845793,44.5016479]},"properties":{"osm_id":5209882631,"osm_type":"node","seamark_type":"buoy_lateral","display_class":"OTHER","min_zoom":12,"importance":1,"name":null,"ref":null,"common":{"type":"buoy_lateral"},"children":{"buoy_lateral":{"category":"starboard","colour":"green","shape":"conical","system":"iala-a"}},"osm_tags":{"seamark:buoy_lateral:category":"starboard","seamark:buoy_lateral:colour":"green","seamark:buoy_lateral:shape":"conical","seamark:buoy_lateral:system":"iala-a","seamark:type":"buoy_lateral"}}},{"type":"Feature","geometry":{"type":"Point","coordinates":[22.0991705,44.4854844]},"properties":{"osm_id":5209882632,"osm_type":"node","seamark_type":"buoy_lateral","display_class":"OTHER","min_zoom":12,"importance":1,"name":null,"ref":null,"common":{"type":"buoy_lateral"},"children":{"buoy_lateral":{"category":"port","colour":"red","shape":"can","system":"iala-a"}},"osm_tags":{"seamark:buoy_lateral:category":"port","seamark:buoy_lateral:colour":"red","seamark:buoy_lateral:shape":"can","seamark:buoy_lateral:system":"iala-a","seamark:type":"buoy_lateral"}}},{"type":"Feature","geometry":{"type":"Point","coordinates":[22.1343611,44.4748287]},"properties":{"osm_id":5209882633,"osm_type":"node","seamark_type":"buoy_lateral","display_class":"OTHER","min_zoom":12,"importance":1,"name":null,"ref":null,"common":{"type":"buoy_lateral"},"children":{"buoy_lateral":{"category":"starboard","colour":"green","shape":"conical","system":"iala-a"}},"osm_tags":{"seamark:buoy_lateral:category":"starboard","seamark:buoy_lateral:colour":"green","seamark:buoy_lateral:shape":"conical","seamark:buoy_lateral:system":"iala-a","seamark:type":"buoy_lateral"}}},{"type":"Feature","geometry":{"type":"Point","coordinates":[22.191181,44.5000562]},"properties":{"osm_id":5209882634,"osm_type":"node","seamark_type":"buoy_lateral","display_class":"OTHER","min_zoom":12,"importance":1,"name":null,"ref":null,"common":{"type":"buoy_lateral"},"children":{"buoy_lateral":{"category":"starboard","colour":"green","shape":"conical","system":"iala-a"}},"osm_tags":{"seamark:buoy_lateral:category":"starboard","seamark:buoy_lateral:colour":"green","seamark:buoy_lateral:shape":"conical","seamark:buoy_lateral:system":"iala-a","seamark:type":"buoy_lateral"}}},{"type":"Feature","geometry":{"type":"Point","coordinates":[22.0722197,44.5244162]},"properties":{"osm_id":5209882821,"osm_type":"node","seamark_type":"distance_mark","display_class":"OTHER","min_zoom":12,"importance":1,"name":null,"ref":null,"common":{"type":"distance_mark"},"children":{"distance_mark":{"category":"board","distance":"999","units":"kilometres"}},"osm_tags":{"seamark:distance_mark:category":"board","seamark:distance_mark:distance":"999","seamark:distance_mark:units":"kilometres","seamark:type":"distance_mark"}}},{"type":"Feature","geometry":{"type":"Point","coordinates":[22.1772764,44.4760536]},"properties":{"osm_id":5209882822,"osm_type":"node","seamark_type":"distance_mark","display_class":"OTHER","min_zoom":12,"importance":1,"name":null,"ref":null,"common":{"type":"distance_mark"},"children":{"distance_mark":{"category":"board","distance":"988","units":"kilometres"}},"osm_tags":{"seamark:distance_mark:category":"board","seamark:distance_mark:distance":"988","seamark:distance_mark:units":"kilometres","seamark:type":"distance_mark"}}},{"type":"Feature","geometry":{"type":"Point","coordinates":[22.0818327,44.4995665]},"properties":{"osm_id":5209882921,"osm_type":"node","seamark_type":"distance_mark","display_class":"OTHER","min_zoom":12,"importance":1,"name":null,"ref":null,"common":{"type":"distance_mark"},"children":{"distance_mark":{"category":"board","distance":"995","units":"kilometres"}},"osm_tags":{"seamark:distance_mark:category":"board","seamark:distance_mark:distance":"995","seamark:distance_mark:units":"kilometres","seamark:type":"distance_mark"}}},{"type":"Feature","geometry":{"type":"Point","coordinates":[22.116165,44.4794831]},"properties":{"osm_id":5209883021,"osm_type":"node","seamark_type":"distance_mark","display_class":"OTHER","min_zoom":12,"importance":1,"name":null,"ref":null,"common":{"type":"distance_mark"},"children":{"distance_mark":{"category":"board","distance":"991","units":"kilometres"}},"osm_tags":{"seamark:distance_mark:category":"board","seamark:distance_mark:distance":"991","seamark:distance_mark:units":"kilometres","seamark:type":"distance_mark"}}},{"type":"Feature","geometry":{"type":"Point","coordinates":[22.0021818,44.6191883]},"properties":{"osm_id":5209907225,"osm_type":"node","seamark_type":"distance_mark","display_class":"OTHER","min_zoom":12,"importance":1,"name":null,"ref":null,"common":{"type":"distance_mark"},"children":{"distance_mark":{"category":"board","distance":"1012","units":"kilometres"}},"osm_tags":{"seamark:distance_mark:category":"board","seamark:distance_mark:distance":"1012","seamark:distance_mark:units":"kilometres","seamark:type":"distance_mark"}}},{"type":"Feature","geometry":{"type":"Point","coordinates":[22.0042418,44.6091681]},"properties":{"osm_id":5209907226,"osm_type":"node","seamark_type":"distance_mark","display_class":"OTHER","min_zoom":12,"importance":1,"name":null,"ref":null,"common":{"type":"distance_mark"},"children":{"distance_mark":{"category":"board","distance":"1011","units":"kilometres"}},"osm_tags":{"seamark:distance_mark:category":"board","seamark:distance_mark:distance":"1011","seamark:distance_mark:units":"kilometres","seamark:type":"distance_mark"}}},{"type":"Feature","geometry":{"type":"Point","coordinates":[22.0122241,44.6021407]},"properties":{"osm_id":5209907227,"osm_type":"node","seamark_type":"distance_mark","display_class":"OTHER","min_zoom":12,"importance":1,"name":null,"ref":null,"common":{"type":"distance_mark"},"children":{"distance_mark":{"category":"board","distance":"1010","units":"kilometres"}},"osm_tags":{"seamark:distance_mark:category":"board","seamark:distance_mark:distance":"1010","seamark:distance_mark:units":"kilometres","seamark:type":"distance_mark"}}},{"type":"Feature","geometry":{"type":"Point","coordinates":[22.9469097,44.001397]},"properties":{"osm_id":6572774257,"osm_type":"node","seamark_type":"buoy_lateral","display_class":"OTHER","min_zoom":12,"importance":1,"name":null,"ref":null,"common":{"type":"buoy_lateral"},"children":{"buoy_lateral":{"category":"starboard","colour":"green","shape":"conical","system":"iala-a"}},"osm_tags":{"seamark:buoy_lateral:category":"starboard","seamark:buoy_lateral:colour":"green","seamark:buoy_lateral:shape":"conical","seamark:buoy_lateral:system":"iala-a","seamark:type":"buoy_lateral"}}},{"type":"Feature","geometry":{"type":"Point","coordinates":[22.946459,44.0029945]},"properties":{"osm_id":6572774258,"osm_type":"node","seamark_type":"buoy_lateral","display_class":"OTHER","min_zoom":12,"importance":1,"name":null,"ref":null,"common":{"type":"buoy_lateral"},"children":{"buoy_lateral":{"category":"port","colour":"red","shape":"can","system":"iala-a"}},"osm_tags":{"seamark:buoy_lateral:category":"port","seamark:buoy_lateral:colour":"red","seamark:buoy_lateral:shape":"can","seamark:buoy_lateral:system":"iala-a","seamark:type":"buoy_lateral"}}},{"type":"Feature","geometry":{"type":"Point","coordinates":[22.6239824,44.2913567]},"properties":{"osm_id":6707450685,"osm_type":"node","seamark_type":"distance_mark","display_class":"OTHER","min_zoom":12,"importance":1,"name":null,"ref":null,"common":{"type":"distance_mark"},"children":{"distance_mark":{"category":"board","distance":"858","units":"kilometres"}},"osm_tags":{"seamark:distance_mark:category":"board","seamark:distance_mark:distance":"858","seamark:distance_mark:units":"kilometres","seamark:type":"distance_mark"}}},{"type":"Feature","geometry":{"type":"Point","coordinates":[22.7353048,44.5813896]},"properties":{"osm_id":6707496789,"osm_type":"node","seamark_type":"distance_mark","display_class":"OTHER","min_zoom":12,"importance":1,"name":null,"ref":null,"common":{"type":"distance_mark"},"children":{"distance_mark":{"category":"board","distance":"922","units":"kilometres"}},"osm_tags":{"seamark:distance_mark:category":"board","seamark:distance_mark:distance":"922","seamark:distance_mark:units":"kilometres","seamark:type":"distance_mark"}}},{"type":"Feature","geometry":{"type":"Point","coordinates":[22.6487875,44.6154003]},"properties":{"osm_id":6707497289,"osm_type":"node","seamark_type":"distance_mark","display_class":"OTHER","min_zoom":12,"importance":1,"name":null,"ref":null,"common":{"type":"distance_mark"},"children":{"distance_mark":{"category":"board","distance":"931","units":"kilometres"}},"osm_tags":{"seamark:distance_mark:category":"board","seamark:distance_mark:distance":"931","seamark:distance_mark:units":"kilometres","seamark:type":"distance_mark"}}},{"type":"Feature","geometry":{"type":"Point","coordinates":[22.5606823,44.5068816]},"properties":{"osm_id":6707997690,"osm_type":"node","seamark_type":"distance_mark","display_class":"OTHER","min_zoom":12,"importance":1,"name":null,"ref":null,"common":{"type":"distance_mark"},"children":{"distance_mark":{"category":"board","distance":"894","units":"kilometres"}},"osm_tags":{"seamark:distance_mark:category":"board","seamark:distance_mark:distance":"894","seamark:distance_mark:units":"kilometres","seamark:type":"distance_mark"}}},{"type":"Feature","geometry":{"type":"Point","coordinates":[22.4509048,44.7116711]},"properties":{"osm_id":6722818490,"osm_type":"node","seamark_type":"distance_mark","display_class":"OTHER","min_zoom":12,"importance":1,"name":null,"ref":null,"common":{"type":"distance_mark"},"children":{"distance_mark":{"category":"board","distance":"951","units":"kilometres"}},"osm_tags":{"seamark:distance_mark:category":"board","seamark:distance_mark:distance":"951","seamark:distance_mark:units":"kilometres","seamark:type":"distance_mark"}}},{"type":"Feature","geometry":{"type":"Point","coordinates":[22.0878839,44.4951278]},"properties":{"osm_id":6722879386,"osm_type":"node","seamark_type":"distance_mark","display_class":"OTHER","min_zoom":12,"importance":1,"name":null,"ref":null,"common":{"type":"distance_mark"},"children":{"distance_mark":{"category":"board","distance":"994","units":"kilometres"}},"osm_tags":{"seamark:distance_mark:category":"board","seamark:distance_mark:distance":"994","seamark:distance_mark:units":"kilometres","seamark:type":"distance_mark"}}},{"type":"Feature","geometry":{"type":"Point","coordinates":[22.2056007,44.5194593]},"properties":{"osm_id":6722879387,"osm_type":"node","seamark_type":"distance_mark","display_class":"OTHER","min_zoom":12,"importance":1,"name":null,"ref":null,"common":{"type":"distance_mark"},"children":{"distance_mark":{"category":"board","distance":"984","units":"kilometres"}},"osm_tags":{"seamark:distance_mark:category":"board","seamark:distance_mark:distance":"984","seamark:distance_mark:units":"kilometres","seamark:type":"distance_mark"}}},{"type":"Feature","geometry":{"type":"Point","coordinates":[22.2132825,44.5321565]},"properties":{"osm_id":6722879388,"osm_type":"node","seamark_type":"distance_mark","display_class":"OTHER","min_zoom":12,"importance":1,"name":null,"ref":null,"common":{"type":"distance_mark"},"children":{"distance_mark":{"category":"board","distance":"982","units":"kilometres"}},"osm_tags":{"seamark:distance_mark:category":"board","seamark:distance_mark:distance":"982","seamark:distance_mark:units":"kilometres","seamark:type":"distance_mark"}}},{"type":"Feature","geometry":{"type":"Point","coordinates":[22.2279166,44.5536591]},"properties":{"osm_id":6722879389,"osm_type":"node","seamark_type":"distance_mark","display_class":"OTHER","min_zoom":12,"importance":1,"name":null,"ref":null,"common":{"type":"distance_mark"},"children":{"distance_mark":{"category":"board","distance":"978","units":"kilometres"}},"osm_tags":{"seamark:distance_mark:category":"board","seamark:distance_mark:distance":"978","seamark:distance_mark:units":"kilometres","seamark:type":"distance_mark"}}},{"type":"Feature","geometry":{"type":"Point","coordinates":[22.2200632,44.5439029]},"properties":{"osm_id":6722885985,"osm_type":"node","seamark_type":"distance_mark","display_class":"OTHER","min_zoom":12,"importance":1,"name":null,"ref":null,"common":{"type":"distance_mark"},"children":{"distance_mark":{"category":"board","distance":"980","units":"kilometres"}},"osm_tags":{"seamark:distance_mark:category":"board","seamark:distance_mark:distance":"980","seamark:distance_mark:units":"kilometres","seamark:type":"distance_mark"}}},{"type":"Feature","geometry":{"type":"Point","coordinates":[22.5631037,44.3030688]},"properties":{"osm_id":7358692295,"osm_type":"node","seamark_type":"gate","display_class":"OTHER","min_zoom":12,"importance":1,"name":null,"ref":null,"common":{"type":"gate"},"children":{},"osm_tags":{"seamark:type":"gate","waterway":"lock_gate"}}},{"type":"Feature","geometry":{"type":"Point","coordinates":[22.5650848,44.3204039]},"properties":{"osm_id":11176536957,"osm_type":"node","seamark_type":"gate","display_class":"OTHER","min_zoom":12,"importance":1,"name":null,"ref":null,"common":{"type":"gate"},"children":{},"osm_tags":{"seamark:type":"gate","waterway":"lock_gate"}}},{"type":"Feature","geometry":{"type":"Point","coordinates":[22.5684617,44.3193405]},"properties":{"osm_id":11176536958,"osm_type":"node","seamark_type":"gate","display_class":"OTHER","min_zoom":12,"importance":1,"name":null,"ref":null,"common":{"type":"gate"},"children":{},"osm_tags":{"seamark:type":"gate","waterway":"lock_gate"}}},{"type":"Feature","geometry":{"type":"Point","coordinates":[22.6830067,44.2062559]},"properties":{"osm_id":12265735822,"osm_type":"node","seamark_type":"distance_mark","display_class":"OTHER","min_zoom":12,"importance":1,"name":null,"ref":null,"common":{"type":"distance_mark"},"children":{"distance_mark":{"distance":"8446","units":"hectometres"}},"osm_tags":{"seamark:distance_mark:distance":"8446","seamark:distance_mark:units":"hectometres","seamark:type":"distance_mark","source":"Изпълнителна агенция „Проучване и поддържане на река Дунав”","source:website":"https://www.appd-bg.org/index"}}},{"type":"Feature","geometry":{"type":"Point","coordinates":[22.6820309,44.2068402]},"properties":{"osm_id":12265735823,"osm_type":"node","seamark_type":"distance_mark","display_class":"OTHER","min_zoom":12,"importance":1,"name":null,"ref":null,"common":{"type":"distance_mark"},"children":{"distance_mark":{"distance":"8447","units":"hectometres"}},"osm_tags":{"seamark:distance_mark:distance":"8447","seamark:distance_mark:units":"hectometres","seamark:type":"distance_mark","source":"Изпълнителна агенция „Проучване и поддържане на река Дунав”","source:website":"https://www.appd-bg.org/index"}}},{"type":"Feature","geometry":{"type":"Point","coordinates":[22.6810552,44.2074245]},"properties":{"osm_id":12265735824,"osm_type":"node","seamark_type":"distance_mark","display_class":"OTHER","min_zoom":12,"importance":1,"name":null,"ref":null,"common":{"type":"distance_mark"},"children":{"distance_mark":{"distance":"8448","units":"hectometres"}},"osm_tags":{"seamark:distance_mark:distance":"8448","seamark:distance_mark:units":"hectometres","seamark:type":"distance_mark","source":"Изпълнителна агенция „Проучване и поддържане на река Дунав”","source:website":"https://www.appd-bg.org/index"}}},{"type":"Feature","geometry":{"type":"Point","coordinates":[22.6800794,44.2080088]},"properties":{"osm_id":12265735825,"osm_type":"node","seamark_type":"distance_mark","display_class":"OTHER","min_zoom":12,"importance":1,"name":null,"ref":null,"common":{"type":"distance_mark"},"children":{"distance_mark":{"distance":"8449","units":"hectometres"}},"osm_tags":{"seamark:distance_mark:distance":"8449","seamark:distance_mark:units":"hectometres","seamark:type":"distance_mark","source":"Изпълнителна агенция „Проучване и поддържане на река Дунав”","source:website":"https://www.appd-bg.org/index"}}},{"type":"Feature","geometry":{"type":"Point","coordinates":[22.6791037,44.2085931]},"properties":{"osm_id":12265735826,"osm_type":"node","seamark_type":"distance_mark","display_class":"OTHER","min_zoom":12,"importance":1,"name":null,"ref":null,"common":{"type":"distance_mark"},"children":{"distance_mark":{"distance":"8450","units":"hectometres"}},"osm_tags":{"seamark:distance_mark:distance":"8450","seamark:distance_mark:units":"hectometres","seamark:type":"distance_mark","source":"Изпълнителна агенция „Проучване и поддържане на река Дунав”","source:website":"https://www.appd-bg.org/index"}}},{"type":"Feature","geometry":{"type":"Point","coordinates":[22.9217143,44.0024968]},"properties":{"osm_id":12289380836,"osm_type":"node","seamark_type":"distance_mark","display_class":"OTHER","min_zoom":12,"importance":1,"name":null,"ref":null,"common":{"type":"distance_mark"},"children":{"distance_mark":{"category":"not_installed","distance":"794","units":"kilometres"}},"osm_tags":{"seamark:distance_mark:category":"not_installed","seamark:distance_mark:distance":"794","seamark:distance_mark:units":"kilometres","seamark:type":"distance_mark"}}},{"type":"Feature","geometry":{"type":"Point","coordinates":[22.9327222,44.0049166]},"properties":{"osm_id":12289380837,"osm_type":"node","seamark_type":"distance_mark","display_class":"OTHER","min_zoom":12,"importance":1,"name":null,"ref":null,"common":{"type":"distance_mark"},"children":{"distance_mark":{"category":"not_installed","distance":"795","units":"kilometres"}},"osm_tags":{"seamark:distance_mark:category":"not_installed","seamark:distance_mark:distance":"795","seamark:distance_mark:units":"kilometres","seamark:type":"distance_mark"}}},{"type":"Feature","geometry":{"type":"Point","coordinates":[22.9470555,44.0102222]},"properties":{"osm_id":12289380838,"osm_type":"node","seamark_type":"distance_mark","display_class":"OTHER","min_zoom":12,"importance":1,"name":null,"ref":null,"common":{"type":"distance_mark"},"children":{"distance_mark":{"category":"not_installed","distance":"796","units":"kilometres"}},"osm_tags":{"seamark:distance_mark:category":"not_installed","seamark:distance_mark:distance":"796","seamark:distance_mark:units":"kilometres","seamark:type":"distance_mark"}}},{"type":"Feature","geometry":{"type":"Point","coordinates":[22.9571037,44.0123381]},"properties":{"osm_id":12289380839,"osm_type":"node","seamark_type":"distance_mark","display_class":"OTHER","min_zoom":12,"importance":1,"name":null,"ref":null,"common":{"type":"distance_mark"},"children":{"distance_mark":{"category":"not_installed","distance":"797","units":"kilometres"}},"osm_tags":{"seamark:distance_mark:category":"not_installed","seamark:distance_mark:distance":"797","seamark:distance_mark:units":"kilometres","seamark:type":"distance_mark"}}},{"type":"Feature","geometry":{"type":"Point","coordinates":[22.9665724,44.0141761]},"properties":{"osm_id":12289380840,"osm_type":"node","seamark_type":"distance_mark","display_class":"OTHER","min_zoom":12,"importance":1,"name":null,"ref":null,"common":{"type":"distance_mark"},"children":{"distance_mark":{"category":"not_installed","distance":"798","units":"kilometres"}},"osm_tags":{"seamark:distance_mark:category":"not_installed","seamark:distance_mark:distance":"798","seamark:distance_mark:units":"kilometres","seamark:type":"distance_mark"}}},{"type":"Feature","geometry":{"type":"Point","coordinates":[22.9760909,44.0169085]},"properties":{"osm_id":12289380841,"osm_type":"node","seamark_type":"distance_mark","display_class":"OTHER","min_zoom":12,"importance":1,"name":null,"ref":null,"common":{"type":"distance_mark"},"children":{"distance_mark":{"category":"not_installed","distance":"799","units":"kilometres"}},"osm_tags":{"seamark:distance_mark:category":"not_installed","seamark:distance_mark:distance":"799","seamark:distance_mark:units":"kilometres","seamark:type":"distance_mark"}}},{"type":"Feature","geometry":{"type":"Point","coordinates":[22.9855996,44.0193195]},"properties":{"osm_id":12289380842,"osm_type":"node","seamark_type":"distance_mark","display_class":"OTHER","min_zoom":12,"importance":1,"name":null,"ref":null,"common":{"type":"distance_mark"},"children":{"distance_mark":{"category":"not_installed","distance":"800","units":"kilometres"}},"osm_tags":{"seamark:distance_mark:category":"not_installed","seamark:distance_mark:distance":"800","seamark:distance_mark:units":"kilometres","seamark:type":"distance_mark"}}},{"type":"Feature","geometry":{"type":"Point","coordinates":[22.9952411,44.021507]},"properties":{"osm_id":12289380843,"osm_type":"node","seamark_type":"distance_mark","display_class":"OTHER","min_zoom":12,"importance":1,"name":null,"ref":null,"common":{"type":"distance_mark"},"children":{"distance_mark":{"category":"not_installed","distance":"801","units":"kilometres"}},"osm_tags":{"seamark:distance_mark:category":"not_installed","seamark:distance_mark:distance":"801","seamark:distance_mark:units":"kilometres","seamark:type":"distance_mark"}}},{"type":"Feature","geometry":{"type":"Point","coordinates":[22.9956111,44.0934445]},"properties":{"osm_id":12289380857,"osm_type":"node","seamark_type":"distance_mark","display_class":"OTHER","min_zoom":12,"importance":1,"name":null,"ref":null,"common":{"type":"distance_mark"},"children":{"distance_mark":{"category":"not_installed","distance":"815","units":"kilometres"}},"osm_tags":{"seamark:distance_mark:category":"not_installed","seamark:distance_mark:distance":"815","seamark:distance_mark:units":"kilometres","seamark:type":"distance_mark"}}},{"type":"Feature","geometry":{"type":"Point","coordinates":[22.9808333,44.0947222]},"properties":{"osm_id":12289380858,"osm_type":"node","seamark_type":"distance_mark","display_class":"OTHER","min_zoom":12,"importance":1,"name":null,"ref":null,"common":{"type":"distance_mark"},"children":{"distance_mark":{"category":"not_installed","distance":"816","units":"kilometres"}},"osm_tags":{"seamark:distance_mark:category":"not_installed","seamark:distance_mark:distance":"816","seamark:distance_mark:units":"kilometres","seamark:type":"distance_mark"}}},{"type":"Feature","geometry":{"type":"Point","coordinates":[22.9710833,44.0944723]},"properties":{"osm_id":12289380859,"osm_type":"node","seamark_type":"distance_mark","display_class":"OTHER","min_zoom":12,"importance":1,"name":null,"ref":null,"common":{"type":"distance_mark"},"children":{"distance_mark":{"category":"not_installed","distance":"817","units":"kilometres"}},"osm_tags":{"seamark:distance_mark:category":"not_installed","seamark:distance_mark:distance":"817","seamark:distance_mark:units":"kilometres","seamark:type":"distance_mark"}}},{"type":"Feature","geometry":{"type":"Point","coordinates":[22.9561945,44.0944723]},"properties":{"osm_id":12289380860,"osm_type":"node","seamark_type":"distance_mark","display_class":"OTHER","min_zoom":12,"importance":1,"name":null,"ref":null,"common":{"type":"distance_mark"},"children":{"distance_mark":{"category":"not_installed","distance":"818","units":"kilometres"}},"osm_tags":{"seamark:distance_mark:category":"not_installed","seamark:distance_mark:distance":"818","seamark:distance_mark:units":"kilometres","seamark:type":"distance_mark"}}},{"type":"Feature","geometry":{"type":"Point","coordinates":[22.9441389,44.0957322]},"properties":{"osm_id":12289380861,"osm_type":"node","seamark_type":"distance_mark","display_class":"OTHER","min_zoom":12,"importance":1,"name":null,"ref":null,"common":{"type":"distance_mark"},"children":{"distance_mark":{"category":"not_installed","distance":"819","units":"kilometres"}},"osm_tags":{"seamark:distance_mark:category":"not_installed","seamark:distance_mark:distance":"819","seamark:distance_mark:units":"kilometres","seamark:type":"distance_mark"}}},{"type":"Feature","geometry":{"type":"Point","coordinates":[22.9318611,44.0967778]},"properties":{"osm_id":12289380862,"osm_type":"node","seamark_type":"distance_mark","display_class":"OTHER","min_zoom":12,"importance":1,"name":null,"ref":null,"common":{"type":"distance_mark"},"children":{"distance_mark":{"category":"not_installed","distance":"820","units":"kilometres"}},"osm_tags":{"seamark:distance_mark:category":"not_installed","seamark:distance_mark:distance":"820","seamark:distance_mark:units":"kilometres","seamark:type":"distance_mark"}}},{"type":"Feature","geometry":{"type":"Point","coordinates":[22.9130833,44.1012222]},"properties":{"osm_id":12289380863,"osm_type":"node","seamark_type":"distance_mark","display_class":"OTHER","min_zoom":12,"importance":1,"name":null,"ref":null,"common":{"type":"distance_mark"},"children":{"distance_mark":{"category":"not_installed","distance":"821","units":"kilometres"}},"osm_tags":{"seamark:distance_mark:category":"not_installed","seamark:distance_mark:distance":"821","seamark:distance_mark:units":"kilometres","seamark:type":"distance_mark"}}},{"type":"Feature","geometry":{"type":"Point","coordinates":[22.9008889,44.1066389]},"properties":{"osm_id":12289380864,"osm_type":"node","seamark_type":"distance_mark","display_class":"OTHER","min_zoom":12,"importance":1,"name":null,"ref":null,"common":{"type":"distance_mark"},"children":{"distance_mark":{"category":"not_installed","distance":"822","units":"kilometres"}},"osm_tags":{"seamark:distance_mark:category":"not_installed","seamark:distance_mark:distance":"822","seamark:distance_mark:units":"kilometres","seamark:type":"distance_mark"}}},{"type":"Feature","geometry":{"type":"Point","coordinates":[22.8894426,44.1128419]},"properties":{"osm_id":12289380865,"osm_type":"node","seamark_type":"distance_mark","display_class":"OTHER","min_zoom":12,"importance":1,"name":null,"ref":null,"common":{"type":"distance_mark"},"children":{"distance_mark":{"category":"not_installed","distance":"823","units":"kilometres"}},"osm_tags":{"seamark:distance_mark:category":"not_installed","seamark:distance_mark:distance":"823","seamark:distance_mark:units":"kilometres","seamark:type":"distance_mark"}}},{"type":"Feature","geometry":{"type":"Point","coordinates":[22.8825,44.1199722]},"properties":{"osm_id":12289380866,"osm_type":"node","seamark_type":"distance_mark","display_class":"OTHER","min_zoom":12,"importance":1,"name":null,"ref":null,"common":{"type":"distance_mark"},"children":{"distance_mark":{"category":"not_installed","distance":"824","units":"kilometres"}},"osm_tags":{"seamark:distance_mark:category":"not_installed","seamark:distance_mark:distance":"824","seamark:distance_mark:units":"kilometres","seamark:type":"distance_mark"}}},{"type":"Feature","geometry":{"type":"Point","coordinates":[22.8758889,44.1248055]},"properties":{"osm_id":12289380867,"osm_type":"node","seamark_type":"distance_mark","display_class":"OTHER","min_zoom":12,"importance":1,"name":null,"ref":null,"common":{"type":"distance_mark"},"children":{"distance_mark":{"category":"not_installed","distance":"825","units":"kilometres"}},"osm_tags":{"seamark:distance_mark:category":"not_installed","seamark:distance_mark:distance":"825","seamark:distance_mark:units":"kilometres","seamark:type":"distance_mark"}}},{"type":"Feature","geometry":{"type":"Point","coordinates":[22.8693056,44.1294722]},"properties":{"osm_id":12289380868,"osm_type":"node","seamark_type":"distance_mark","display_class":"OTHER","min_zoom":12,"importance":1,"name":null,"ref":null,"common":{"type":"distance_mark"},"children":{"distance_mark":{"category":"not_installed","distance":"826","units":"kilometres"}},"osm_tags":{"seamark:distance_mark:category":"not_installed","seamark:distance_mark:distance":"826","seamark:distance_mark:units":"kilometres","seamark:type":"distance_mark"}}},{"type":"Feature","geometry":{"type":"Point","coordinates":[22.8592778,44.1341111]},"properties":{"osm_id":12289380869,"osm_type":"node","seamark_type":"distance_mark","display_class":"OTHER","min_zoom":12,"importance":1,"name":null,"ref":null,"common":{"type":"distance_mark"},"children":{"distance_mark":{"category":"not_installed","distance":"827","units":"kilometres"}},"osm_tags":{"seamark:distance_mark:category":"not_installed","seamark:distance_mark:distance":"827","seamark:distance_mark:units":"kilometres","seamark:type":"distance_mark"}}},{"type":"Feature","geometry":{"type":"Point","coordinates":[22.8462196,44.1366526]},"properties":{"osm_id":12289380870,"osm_type":"node","seamark_type":"distance_mark","display_class":"OTHER","min_zoom":12,"importance":1,"name":null,"ref":null,"common":{"type":"distance_mark"},"children":{"distance_mark":{"category":"not_installed","distance":"828","units":"kilometres"}},"osm_tags":{"seamark:distance_mark:category":"not_installed","seamark:distance_mark:distance":"828","seamark:distance_mark:units":"kilometres","seamark:type":"distance_mark"}}},{"type":"Feature","geometry":{"type":"Point","coordinates":[22.837,44.1402778]},"properties":{"osm_id":12289380871,"osm_type":"node","seamark_type":"distance_mark","display_class":"OTHER","min_zoom":12,"importance":1,"name":null,"ref":null,"common":{"type":"distance_mark"},"children":{"distance_mark":{"category":"not_installed","distance":"829","units":"kilometres"}},"osm_tags":{"seamark:distance_mark:category":"not_installed","seamark:distance_mark:distance":"829","seamark:distance_mark:units":"kilometres","seamark:type":"distance_mark"}}},{"type":"Feature","geometry":{"type":"Point","coordinates":[22.8272778,44.1461666]},"properties":{"osm_id":12289380872,"osm_type":"node","seamark_type":"distance_mark","display_class":"OTHER","min_zoom":12,"importance":1,"name":null,"ref":null,"common":{"type":"distance_mark"},"children":{"distance_mark":{"category":"not_installed","distance":"830","units":"kilometres"}},"osm_tags":{"seamark:distance_mark:category":"not_installed","seamark:distance_mark:distance":"830","seamark:distance_mark:units":"kilometres","seamark:type":"distance_mark"}}},{"type":"Feature","geometry":{"type":"Point","coordinates":[22.8153056,44.1479723]},"properties":{"osm_id":12289380873,"osm_type":"node","seamark_type":"distance_mark","display_class":"OTHER","min_zoom":12,"importance":1,"name":null,"ref":null,"common":{"type":"distance_mark"},"children":{"distance_mark":{"category":"not_installed","distance":"831","units":"kilometres"}},"osm_tags":{"seamark:distance_mark:category":"not_installed","seamark:distance_mark:distance":"831","seamark:distance_mark:units":"kilometres","seamark:type":"distance_mark"}}},{"type":"Feature","geometry":{"type":"Point","coordinates":[22.8016945,44.1544723]},"properties":{"osm_id":12289380874,"osm_type":"node","seamark_type":"distance_mark","display_class":"OTHER","min_zoom":12,"importance":1,"name":null,"ref":null,"common":{"type":"distance_mark"},"children":{"distance_mark":{"category":"not_installed","distance":"832","units":"kilometres"}},"osm_tags":{"seamark:distance_mark:category":"not_installed","seamark:distance_mark:distance":"832","seamark:distance_mark:units":"kilometres","seamark:type":"distance_mark"}}},{"type":"Feature","geometry":{"type":"Point","coordinates":[22.7900833,44.1610833]},"properties":{"osm_id":12289380875,"osm_type":"node","seamark_type":"distance_mark","display_class":"OTHER","min_zoom":12,"importance":1,"name":null,"ref":null,"common":{"type":"distance_mark"},"children":{"distance_mark":{"category":"not_installed","distance":"833","units":"kilometres"}},"osm_tags":{"seamark:distance_mark:category":"not_installed","seamark:distance_mark:distance":"833","seamark:distance_mark:units":"kilometres","seamark:type":"distance_mark"}}},{"type":"Feature","geometry":{"type":"Point","coordinates":[22.7824444,44.1664722]},"properties":{"osm_id":12289380876,"osm_type":"node","seamark_type":"distance_mark","display_class":"OTHER","min_zoom":12,"importance":1,"name":null,"ref":null,"common":{"type":"distance_mark"},"children":{"distance_mark":{"category":"not_installed","distance":"834","units":"kilometres"}},"osm_tags":{"seamark:distance_mark:category":"not_installed","seamark:distance_mark:distance":"834","seamark:distance_mark:units":"kilometres","seamark:type":"distance_mark"}}},{"type":"Feature","geometry":{"type":"Point","coordinates":[22.7730278,44.1735833]},"properties":{"osm_id":12289380877,"osm_type":"node","seamark_type":"distance_mark","display_class":"OTHER","min_zoom":12,"importance":1,"name":null,"ref":null,"common":{"type":"distance_mark"},"children":{"distance_mark":{"category":"not_installed","distance":"835","units":"kilometres"}},"osm_tags":{"seamark:distance_mark:category":"not_installed","seamark:distance_mark:distance":"835","seamark:distance_mark:units":"kilometres","seamark:type":"distance_mark"}}},{"type":"Feature","geometry":{"type":"Point","coordinates":[22.7660278,44.1809167]},"properties":{"osm_id":12289380878,"osm_type":"node","seamark_type":"distance_mark","display_class":"OTHER","min_zoom":12,"importance":1,"name":null,"ref":null,"common":{"type":"distance_mark"},"children":{"distance_mark":{"category":"not_installed","distance":"836","units":"kilometres"}},"osm_tags":{"seamark:distance_mark:category":"not_installed","seamark:distance_mark:distance":"836","seamark:distance_mark:units":"kilometres","seamark:type":"distance_mark"}}},{"type":"Feature","geometry":{"type":"Point","coordinates":[22.7601389,44.1858056]},"properties":{"osm_id":12289380879,"osm_type":"node","seamark_type":"distance_mark","display_class":"OTHER","min_zoom":12,"importance":1,"name":null,"ref":null,"common":{"type":"distance_mark"},"children":{"distance_mark":{"category":"not_installed","distance":"837","units":"kilometres"}},"osm_tags":{"seamark:distance_mark:category":"not_installed","seamark:distance_mark:distance":"837","seamark:distance_mark:units":"kilometres","seamark:type":"distance_mark"}}},{"type":"Feature","geometry":{"type":"Point","coordinates":[22.7530278,44.18975]},"properties":{"osm_id":12289380880,"osm_type":"node","seamark_type":"distance_mark","display_class":"OTHER","min_zoom":12,"importance":1,"name":null,"ref":null,"common":{"type":"distance_mark"},"children":{"distance_mark":{"category":"not_installed","distance":"838","units":"kilometres"}},"osm_tags":{"seamark:distance_mark:category":"not_installed","seamark:distance_mark:distance":"838","seamark:distance_mark:units":"kilometres","seamark:type":"distance_mark"}}},{"type":"Feature","geometry":{"type":"Point","coordinates":[22.7461667,44.1920278]},"properties":{"osm_id":12289380881,"osm_type":"node","seamark_type":"distance_mark","display_class":"OTHER","min_zoom":12,"importance":1,"name":null,"ref":null,"common":{"type":"distance_mark"},"children":{"distance_mark":{"category":"not_installed","distance":"839","units":"kilometres"}},"osm_tags":{"seamark:distance_mark:category":"not_installed","seamark:distance_mark:distance":"839","seamark:distance_mark:units":"kilometres","seamark:type":"distance_mark"}}},{"type":"Feature","geometry":{"type":"Point","coordinates":[22.7368889,44.1959722]},"properties":{"osm_id":12289380882,"osm_type":"node","seamark_type":"distance_mark","display_class":"OTHER","min_zoom":12,"importance":1,"name":null,"ref":null,"common":{"type":"distance_mark"},"children":{"distance_mark":{"category":"not_installed","distance":"840","units":"kilometres"}},"osm_tags":{"seamark:distance_mark:category":"not_installed","seamark:distance_mark:distance":"840","seamark:distance_mark:units":"kilometres","seamark:type":"distance_mark"}}},{"type":"Feature","geometry":{"type":"Point","coordinates":[22.7255278,44.1985]},"properties":{"osm_id":12289380883,"osm_type":"node","seamark_type":"distance_mark","display_class":"OTHER","min_zoom":12,"importance":1,"name":null,"ref":null,"common":{"type":"distance_mark"},"children":{"distance_mark":{"category":"not_installed","distance":"841","units":"kilometres"}},"osm_tags":{"seamark:distance_mark:category":"not_installed","seamark:distance_mark:distance":"841","seamark:distance_mark:units":"kilometres","seamark:type":"distance_mark"}}},{"type":"Feature","geometry":{"type":"Point","coordinates":[22.7164722,44.1999444]},"properties":{"osm_id":12289380884,"osm_type":"node","seamark_type":"distance_mark","display_class":"OTHER","min_zoom":12,"importance":1,"name":null,"ref":null,"common":{"type":"distance_mark"},"children":{"distance_mark":{"category":"not_installed","distance":"842","units":"kilometres"}},"osm_tags":{"seamark:distance_mark:category":"not_installed","seamark:distance_mark:distance":"842","seamark:distance_mark:units":"kilometres","seamark:type":"distance_mark"}}},{"type":"Feature","geometry":{"type":"Point","coordinates":[22.7036111,44.1996111]},"properties":{"osm_id":12289380885,"osm_type":"node","seamark_type":"distance_mark","display_class":"OTHER","min_zoom":12,"importance":1,"name":null,"ref":null,"common":{"type":"distance_mark"},"children":{"distance_mark":{"category":"not_installed","distance":"843","units":"kilometres"}},"osm_tags":{"seamark:distance_mark:category":"not_installed","seamark:distance_mark:distance":"843","seamark:distance_mark:units":"kilometres","seamark:type":"distance_mark"}}},{"type":"Feature","geometry":{"type":"Point","coordinates":[22.6888611,44.20275]},"properties":{"osm_id":12289380886,"osm_type":"node","seamark_type":"distance_mark","display_class":"OTHER","min_zoom":12,"importance":1,"name":null,"ref":null,"common":{"type":"distance_mark"},"children":{"distance_mark":{"category":"not_installed","distance":"844","units":"kilometres"}},"osm_tags":{"seamark:distance_mark:category":"not_installed","seamark:distance_mark:distance":"844","seamark:distance_mark:units":"kilometres","seamark:type":"distance_mark"}}},{"type":"Feature","geometry":{"type":"Point","coordinates":[22.6791037,44.2085931]},"properties":{"osm_id":12289380887,"osm_type":"node","seamark_type":"distance_mark","display_class":"OTHER","min_zoom":12,"importance":1,"name":null,"ref":null,"common":{"type":"distance_mark"},"children":{"distance_mark":{"category":"not_installed","distance":"845","units":"kilometres"}},"osm_tags":{"seamark:distance_mark:category":"not_installed","seamark:distance_mark:distance":"845","seamark:distance_mark:units":"kilometres","seamark:type":"distance_mark"}}},{"type":"Feature","geometry":{"type":"Point","coordinates":[22.725045,44.201045]},"properties":{"osm_id":12335497665,"osm_type":"node","seamark_type":"buoy_lateral","display_class":"OTHER","min_zoom":12,"importance":1,"name":null,"ref":null,"common":{"type":"buoy_lateral"},"children":{"buoy_lateral":{"category":"port","colour":"red","shape":"can","system":"iala-a"},"light":{"period":"3.5"}},"osm_tags":{"seamark:buoy_lateral:category":"port","seamark:buoy_lateral:colour":"red","seamark:buoy_lateral:shape":"can","seamark:buoy_lateral:system":"iala-a","seamark:light:period":"3.5","seamark:type":"buoy_lateral"}}},{"type":"Feature","geometry":{"type":"Point","coordinates":[22.7512017,44.1930334]},"properties":{"osm_id":12335619919,"osm_type":"node","seamark_type":"buoy_lateral","display_class":"OTHER","min_zoom":12,"importance":1,"name":null,"ref":null,"common":{"type":"buoy_lateral"},"children":{"buoy_lateral":{"category":"starboard","colour":"green","shape":"conical","system":"iala-a"},"light":{"period":"3.5"}},"osm_tags":{"seamark:buoy_lateral:category":"starboard","seamark:buoy_lateral:colour":"green","seamark:buoy_lateral:shape":"conical","seamark:buoy_lateral:system":"iala-a","seamark:light:period":"3.5","seamark:type":"buoy_lateral"}}},{"type":"Feature","geometry":{"type":"Point","coordinates":[22.7380583,44.19768]},"properties":{"osm_id":12335619920,"osm_type":"node","seamark_type":"buoy_lateral","display_class":"OTHER","min_zoom":12,"importance":1,"name":null,"ref":null,"common":{"type":"buoy_lateral"},"children":{"buoy_lateral":{"category":"starboard","colour":"green","shape":"conical","system":"iala-a"},"light":{"period":"3.5"}},"osm_tags":{"seamark:buoy_lateral:category":"starboard","seamark:buoy_lateral:colour":"green","seamark:buoy_lateral:shape":"conical","seamark:buoy_lateral:system":"iala-a","seamark:light:period":"3.5","seamark:type":"buoy_lateral"}}},{"type":"Feature","geometry":{"type":"Polygon","coordinates":[[[22.2019722,44.5250423],[22.2022493,44.524914],[22.2023603,44.5250359],[22.2024091,44.5250133],[22.2021348,44.5247124],[22.2020686,44.5247431],[22.202183,44.5248687],[22.2019235,44.5249889],[22.2019722,44.5250423]]]},"properties":{"osm_id":469037391,"osm_type":"way","seamark_type":"harbour","display_class":"OTHER","min_zoom":12,"importance":1,"name":null,"ref":null,"common":{"type":"harbour"},"children":{"harbour":{"category":"marina"}},"osm_tags":{"leisure":"marina","man_made":"pier","seamark:harbour:category":"marina","seamark:type":"harbour"}}},{"type":"Feature","geometry":{"type":"Polygon","coordinates":[[[22.1471554,44.4648931],[22.1471797,44.4648866],[22.1472042,44.4648801],[22.1476026,44.4656402],[22.147564,44.4656504],[22.1471554,44.4648931]]]},"properties":{"osm_id":507273101,"osm_type":"way","seamark_type":"harbour","display_class":"OTHER","min_zoom":12,"importance":1,"name":null,"ref":null,"common":{"type":"harbour"},"children":{"harbour":{"category":"marina"}},"osm_tags":{"leisure":"marina","seamark:harbour:category":"marina","seamark:type":"harbour"}}},{"type":"Feature","geometry":{"type":"Polygon","coordinates":[[[22.5418066,44.6684534],[22.5414889,44.6684891],[22.5393993,44.6696721],[22.5391736,44.6698207],[22.5393324,44.6699752],[22.5407199,44.6692322],[22.5416979,44.6685842],[22.5418066,44.6684534]]]},"properties":{"osm_id":801426800,"osm_type":"way","seamark_type":"wreck","display_class":"OTHER","min_zoom":12,"importance":1,"name":null,"ref":null,"common":{"type":"wreck"},"children":{},"osm_tags":{"historic":"wreck","layer":"-1","seamark:type":"wreck"}}},{"type":"Feature","geometry":{"type":"Polygon","coordinates":[[[22.6764014,44.2147675],[22.6772504,44.2152423],[22.6780851,44.2156751],[22.6802807,44.2135546],[22.6820777,44.2119101],[22.68393,44.21038],[22.68395,44.21037],[22.68563,44.20906],[22.68563,44.20905],[22.68713,44.20787],[22.6884596,44.2068823],[22.6902035,44.2057687],[22.692045,44.2049948],[22.6938838,44.2047469],[22.6952129,44.2046855],[22.6965721,44.2046855],[22.6984345,44.2046136],[22.7003045,44.2045934],[22.7038461,44.2045683],[22.7052332,44.204501],[22.7066378,44.2044396],[22.7088653,44.2042705],[22.7145761,44.2037455],[22.7161146,44.2035982],[22.717503,44.2034589],[22.7188372,44.2033361],[22.7197508,44.2032461],[22.7198349,44.2022716],[22.7198932,44.2014063],[22.7186664,44.2015135],[22.7170583,44.2016411],[22.7142496,44.2019342],[22.7079819,44.2024568],[22.7061092,44.202549],[22.7040552,44.2026105],[22.7023336,44.2025952],[22.6987317,44.2025952],[22.6964474,44.2026029],[22.6948164,44.2025721],[22.6935704,44.2026182],[22.6928078,44.2027027],[22.6921055,44.2028411],[22.69127,44.2031],[22.69109,44.20316],[22.68955,44.20382],[22.6882,44.20458],[22.6867755,44.2056583],[22.6852982,44.206783],[22.6838949,44.207973],[22.6822373,44.2093351],[22.6804078,44.2108939],[22.6784612,44.2127339],[22.6770155,44.21414],[22.6764014,44.2147675]]]},"properties":{"osm_id":1331536905,"osm_type":"way","seamark_type":"fairway","display_class":"OTHER","min_zoom":12,"importance":1,"name":null,"ref":null,"common":{"type":"fairway"},"children":{"fairway":{"information":"Dunarea"}},"osm_tags":{"seamark:fairway:information":"Dunarea","seamark:type":"fairway","source":"https://www.afdj.ro/en/content/inland-enc","source:date":"2024-10-24"}}},{"type":"Feature","geometry":{"type":"Polygon","coordinates":[[[22.7197508,44.2032461],[22.7204554,44.203202],[22.7216738,44.2031136],[22.7230413,44.2030093],[22.7247196,44.2028928],[22.7259876,44.2027643],[22.7268934,44.2026208],[22.7276956,44.2024357],[22.7285588,44.2021841],[22.7295595,44.2018139],[22.7310579,44.2012133],[22.7378731,44.1977581],[22.7412532,44.1960537],[22.7423682,44.1955023],[22.7425094,44.1954478],[22.7441255,44.1949248],[22.7452735,44.1945798],[22.7456963,44.1944616],[22.7463014,44.1943092],[22.7471732,44.1941167],[22.7490662,44.1936449],[22.7502483,44.1933334],[22.7511982,44.1930271],[22.7586774,44.1903677],[22.7599576,44.1898702],[22.7613867,44.1892083],[22.7624454,44.1886188],[22.7636216,44.1878786],[22.7645152,44.1873012],[22.7656949,44.1864383],[22.766142,44.1859984],[22.7669213,44.1852207],[22.7685404,44.1834886],[22.7692888,44.1826595],[22.7700831,44.1818009],[22.7710912,44.1807349],[22.7720534,44.1796988],[22.77311,44.17861],[22.77423,44.17759],[22.77538,44.17656],[22.77656,44.17554],[22.77775,44.17453],[22.77896,44.17354],[22.78022,44.17257],[22.78152,44.1716],[22.78288,44.17065],[22.78432,44.1697],[22.78583,44.16876],[22.78744,44.16782],[22.7893334,44.1666271],[22.7941808,44.1632899],[22.7960355,44.161993],[22.7978664,44.1608767],[22.7979559,44.1597234],[22.7980433,44.1585115],[22.796533,44.1593629],[22.7945019,44.1606525],[22.792255,44.1620061],[22.7894622,44.1638965],[22.787215,44.1654833],[22.78588,44.16641],[22.78424,44.16737],[22.78267,44.16835],[22.78115,44.16935],[22.77974,44.17034],[22.77839,44.17134],[22.77712,44.17233],[22.7771,44.17234],[22.77587,44.17335],[22.77585,44.17336],[22.7735804,44.1754943],[22.7724808,44.1765676],[22.7676851,44.1814455],[22.766784,44.1824077],[22.7649583,44.1843255],[22.7644083,44.1849399],[22.7639196,44.1854136],[22.7632627,44.1858874],[22.7626444,44.1863162],[22.7609867,44.1873234],[22.7600739,44.1877859],[22.7584262,44.1885483],[22.7574425,44.1889323],[22.7508836,44.1915437],[22.750242,44.1917658],[22.7497684,44.1918991],[22.7491268,44.1920767],[22.7461478,44.1928613],[22.7453534,44.1930834],[22.7446048,44.1933499],[22.743841,44.1936312],[22.7416594,44.1944976],[22.7406895,44.1949067],[22.7376283,44.1963622],[22.7359535,44.1971382],[22.7324354,44.198663],[22.7305376,44.199504],[22.7290019,44.2001336],[22.7284496,44.200332],[22.7279723,44.2004877],[22.7277155,44.2005607],[22.7273387,44.2006609],[22.7267142,44.2007896],[22.7260048,44.2009218],[22.7250477,44.2010435],[22.7228714,44.2012204],[22.7202331,44.2013777],[22.7198932,44.2014063],[22.7198349,44.2022716],[22.7197508,44.2032461]]]},"properties":{"osm_id":1331536906,"osm_type":"way","seamark_type":"fairway","display_class":"OTHER","min_zoom":12,"importance":1,"name":null,"ref":null,"common":{"type":"fairway"},"children":{"fairway":{"information":"Dunarea"}},"osm_tags":{"seamark:fairway:information":"Dunarea","seamark:type":"fairway","source":"https://www.afdj.ro/en/content/inland-enc","source:date":"2024-10-24"}}},{"type":"Feature","geometry":{"type":"Polygon","coordinates":[[[22.7978664,44.1608767],[22.7997731,44.1599059],[22.8019804,44.1588159],[22.803231,44.1582924],[22.8046388,44.1577358],[22.8068384,44.157017],[22.8092028,44.1562086],[22.8114715,44.1554929],[22.8139998,44.1547508],[22.816365,44.1541153],[22.8180864,44.1536839],[22.8216778,44.1526792],[22.8234298,44.1521598],[22.82725,44.1509],[22.82726,44.1509],[22.82914,44.15021],[22.82915,44.15021],[22.83299,44.14878],[22.833,44.14877],[22.83495,44.14803],[22.83693,44.14727],[22.8391267,44.1465014],[22.841255,44.1458037],[22.8447057,44.1445411],[22.8467165,44.1438136],[22.8503592,44.1424333],[22.8524783,44.1416381],[22.8555573,44.1404368],[22.8593046,44.1390157],[22.8629066,44.1375945],[22.8666912,44.1360177],[22.8713978,44.1339028],[22.8723499,44.1334131],[22.8733131,44.1328739],[22.8749307,44.131993],[22.8749882,44.1309006],[22.8750568,44.1298717],[22.8735759,44.1307373],[22.8706753,44.1322477],[22.8664328,44.1341056],[22.8619766,44.1356452],[22.859016,44.1366518],[22.8549255,44.1381423],[22.8494602,44.1402308],[22.8459816,44.1415129],[22.8425148,44.1427225],[22.8395999,44.1438366],[22.8375722,44.1447257],[22.835646,44.145633],[22.83378,44.14644],[22.83183,44.14718],[22.82801,44.14861],[22.82427,44.14996],[22.82243,44.15063],[22.8206143,44.1511659],[22.8191656,44.151537],[22.817471,44.1520141],[22.8151751,44.1526237],[22.8130157,44.1531804],[22.8109249,44.15377],[22.8082598,44.1545652],[22.8045696,44.155672],[22.8031588,44.1561468],[22.8016854,44.1566926],[22.8007287,44.1571432],[22.7980433,44.1585115],[22.7979559,44.1597234],[22.7978664,44.1608767]]]},"properties":{"osm_id":1331536907,"osm_type":"way","seamark_type":"fairway","display_class":"OTHER","min_zoom":12,"importance":1,"name":null,"ref":null,"common":{"type":"fairway"},"children":{"fairway":{"information":"Dunarea"}},"osm_tags":{"seamark:fairway:information":"Dunarea","seamark:type":"fairway","source":"https://www.afdj.ro/en/content/inland-enc","source:date":"2024-10-24"}}},{"type":"Feature","geometry":{"type":"Polygon","coordinates":[[[22.8749307,44.131993],[22.8794259,44.1296445],[22.8888075,44.1244782],[22.8900382,44.1237481],[22.8919316,44.1225458],[22.8933399,44.1214975],[22.894511,44.1204654],[22.9001148,44.1146414],[22.9018236,44.1129964],[22.9037362,44.111528],[22.9059109,44.1098893],[22.9071864,44.1090397],[22.9094628,44.1076736],[22.912421,44.1062041],[22.9148852,44.1050054],[22.9169332,44.1040879],[22.9182677,44.1034968],[22.9203949,44.1025673],[22.9223229,44.101753],[22.9246009,44.1012047],[22.9262778,44.1008176],[22.9282417,44.1004802],[22.9305355,44.1000932],[22.9325604,44.0997706],[22.9345537,44.0995448],[22.9368159,44.0993351],[22.9393967,44.0990349],[22.95019,44.0971627],[22.9510341,44.0970263],[22.9523391,44.0968593],[22.9523686,44.0962983],[22.9524074,44.0956869],[22.9512556,44.095801],[22.9498941,44.0959494],[22.9386662,44.0975415],[22.9345379,44.0978029],[22.9320543,44.0980287],[22.9294123,44.0983351],[22.926106,44.0989158],[22.9226076,44.0996242],[22.9203929,44.1002693],[22.9187814,44.1009318],[22.9173107,44.1015607],[22.9156153,44.1023336],[22.9135605,44.1033514],[22.9093685,44.1053993],[22.9067417,44.106835],[22.9042425,44.1084476],[22.9023438,44.1097539],[22.9011097,44.1106571],[22.8997964,44.1118183],[22.8983724,44.1133019],[22.8925068,44.1195302],[22.8910334,44.1206108],[22.889273,44.1218199],[22.8874707,44.1229312],[22.8813251,44.1263385],[22.8784605,44.1279834],[22.8750568,44.1298717],[22.8749882,44.1309006],[22.8749307,44.131993]]]},"properties":{"osm_id":1331536908,"osm_type":"way","seamark_type":"fairway","display_class":"OTHER","min_zoom":12,"importance":1,"name":null,"ref":null,"common":{"type":"fairway"},"children":{"fairway":{"information":"Dunarea"}},"osm_tags":{"seamark:fairway:information":"Dunarea","seamark:type":"fairway","source":"https://www.afdj.ro/en/content/inland-enc","source:date":"2024-10-24"}}},{"type":"Feature","geometry":{"type":"Polygon","coordinates":[[[22.6053427,44.6131593],[22.6055026,44.6135575],[22.606512,44.613329],[22.6077349,44.6130522],[22.60757,44.6126706],[22.6053427,44.6131593]]]},"properties":{"osm_id":1333523716,"osm_type":"way","seamark_type":"harbour","display_class":"OTHER","min_zoom":12,"importance":1,"name":null,"ref":null,"common":{"type":"harbour"},"children":{"harbour":{"category":"marina"}},"osm_tags":{"leisure":"marina","seamark:harbour:category":"marina","seamark:type":"harbour"}}},{"type":"Feature","geometry":{"type":"Point","coordinates":[22.6389223,44.6183103]},"properties":{"osm_id":1882218428,"osm_type":"node","seamark_type":"small_craft_facility","display_class":"OTHER","min_zoom":12,"importance":1,"name":"Bootstankstelle","ref":null,"common":{"type":"small_craft_facility"},"children":{"small_craft_facility":{"category":"fuel_station"}},"osm_tags":{"description":"Benzin & Diesel","name":"Bootstankstelle","seamark:small_craft_facility:category":"fuel_station","seamark:type":"small_craft_facility","waterway":"fuel"}}},{"type":"Feature","geometry":{"type":"Point","coordinates":[22.6395875,44.6183714]},"properties":{"osm_id":1882216471,"osm_type":"node","seamark_type":"harbour","display_class":"OTHER","min_zoom":12,"importance":1,"name":"Yacht Klub Aurora","ref":null,"common":{"type":"harbour"},"children":{"harbour":{"category":"marina"}},"osm_tags":{"description":"Strom/Wasser, WC, 24h-Überwachung, Tankstelle","leisure":"marina","name":"Yacht Klub Aurora","seamark:harbour:category":"marina","seamark:type":"harbour"}}},{"type":"Feature","geometry":{"type":"Point","coordinates":[22.606512,44.613329]},"properties":{"osm_id":1882211480,"osm_type":"node","seamark_type":"harbour","display_class":"OTHER","min_zoom":12,"importance":1,"name":"Марина Кладово","ref":null,"common":{"type":"harbour"},"children":{"harbour":{"category":"marina"}},"osm_tags":{"description":"Do-km 934,0 RU;Gemeindehafen, keinerlei Service, kostenlos","int_name":"Marina Kladovo","leisure":"marina","name":"Марина Кладово","name:de":"Sportboothafen Kladovo","name:sr":"Марина Кладово","name:sr-Latn":"Marina Kladovo","seamark:harbour:category":"marina","seamark:type":"harbour"}}}],"type":"FeatureCollection"}