{"type":"FeatureCollection","features":[{"type":"Feature","geometry":{"type":"Point","coordinates":[9.8493734,44.0264656]},"properties":{"osm_id":299044661,"osm_type":"node","seamark_type":"light_major","display_class":"LIGHTHOUSE","min_zoom":7,"importance":5,"name":"Isola del Tino","ref":null,"common":{"information":"Reserve light range 18M.","name":"Isola del Tino","type":"light_major"},"children":{"light":{"character":"Fl","colour":"white","group":"3","height":"117","period":"15","range":"25","reference":"E 1262","sequence":"0.2+(2.8)+0.2+(2.8)+0.2+(8.8)"},"radar_transponder":{"category":"racon","group":"T","period":"30"},"radio_station":{"category":"ais","mmsi":"992471018"}},"osm_tags":{"man_made":"lighthouse","name":"Faro di San Venerio","seamark:information":"Reserve light range 18M.","seamark:light:character":"Fl","seamark:light:colour":"white","seamark:light:group":"3","seamark:light:height":"117","seamark:light:period":"15","seamark:light:range":"25","seamark:light:reference":"E 1262","seamark:light:sequence":"0.2+(2.8)+0.2+(2.8)+0.2+(8.8)","seamark:name":"Isola del Tino","seamark:radar_transponder:category":"racon","seamark:radar_transponder:group":"T","seamark:radar_transponder:period":"30","seamark:radio_station:category":"ais","seamark:radio_station:mmsi":"992471018","seamark:type":"light_major","source":"US NGA Pub. 113. 2010-10-22.","wikidata":"Q431403","wikipedia":"it:Faro di San Venerio"}}},{"type":"Feature","geometry":{"type":"Point","coordinates":[9.8051673,44.1028358]},"properties":{"osm_id":1327347966,"osm_type":"node","seamark_type":"light_major","display_class":"LIGHTHOUSE","min_zoom":7,"importance":5,"name":"Pegazzano","ref":null,"common":{"name":"Pegazzano","type":"light_major"},"children":{"light":{"1:category":"upper","1:character":"Iso","1:colour":"white","1:height":"48","1:period":"4","1:range":"16","1:sector_end":"310","1:sector_start":"302","reference":"E 1312.1"},"radio_station":{"category":"ais","mmsi":"992471019"}},"osm_tags":{"man_made":"lighthouse","seamark:light:1:category":"upper","seamark:light:1:character":"Iso","seamark:light:1:colour":"white","seamark:light:1:height":"48","seamark:light:1:period":"4","seamark:light:1:range":"16","seamark:light:1:sector_end":"310","seamark:light:1:sector_start":"302","seamark:light:reference":"E 1312.1","seamark:name":"Pegazzano","seamark:radio_station:category":"ais","seamark:radio_station:mmsi":"992471019","seamark:type":"light_major","source":"US NGA Pub. 113. 2020"}}},{"type":"Feature","geometry":{"type":"Point","coordinates":[9.2183732,44.2986619]},"properties":{"osm_id":282049360,"osm_type":"node","seamark_type":"light_major","display_class":"LIGHTHOUSE","min_zoom":7,"importance":5,"name":"Punta di Portofino","ref":null,"common":{"information":"Fl.R. lights are shown from several radio masts.Reserve light range 11M.Private light.","name":"Punta di Portofino","type":"light_major"},"children":{"light":{"1:character":"Fl","1:colour":"white","1:height":"40","1:period":"5","1:range":"16","1:sector_end":"98","1:sector_start":"155","1:sequence":"1+(4)","reference":"E 1244"},"radio_station":{"category":"ais","mmsi":"992471017"}},"osm_tags":{"description":"Elenco Fari n.1675","ele":"34","lighting:ranges":"16 nm","man_made":"lighthouse","name":"Faro di Portofino","seamark:information":"Fl.R. lights are shown from several radio masts.Reserve light range 11M.Private light.","seamark:light:1:character":"Fl","seamark:light:1:colour":"white","seamark:light:1:height":"40","seamark:light:1:period":"5","seamark:light:1:range":"16","seamark:light:1:sector_end":"98","seamark:light:1:sector_start":"155","seamark:light:1:sequence":"1+(4)","seamark:light:reference":"E 1244","seamark:name":"Punta di Portofino","seamark:radio_station:category":"ais","seamark:radio_station:mmsi":"992471017","seamark:type":"light_major","source":"US NGA Pub. 113. 2010-10-22.","wikidata":"Q28376103"}}},{"type":"Feature","geometry":{"type":"Point","coordinates":[9.1460501,44.3278713]},"properties":{"osm_id":290339129,"osm_type":"node","seamark_type":"beacon_special_purpose","display_class":"BEACON","min_zoom":9,"importance":4,"name":null,"ref":null,"common":{"type":"beacon_special_purpose"},"children":{"beacon_special_purpose":{"colour":"yellow","shape":"pole"},"topmark":{"colour":"yellow","shape":"x-shape"}},"osm_tags":{"amenity":"beacon","seamark:beacon_special_purpose:colour":"yellow","seamark:beacon_special_purpose:shape":"pole","seamark:topmark:colour":"yellow","seamark:topmark:shape":"x-shape","seamark:type":"beacon_special_purpose"}}},{"type":"Feature","geometry":{"type":"Point","coordinates":[9.1452169,44.3264784]},"properties":{"osm_id":290339132,"osm_type":"node","seamark_type":"beacon_special_purpose","display_class":"BEACON","min_zoom":9,"importance":4,"name":null,"ref":null,"common":{"type":"beacon_special_purpose"},"children":{"beacon_special_purpose":{"colour":"yellow","shape":"pole"},"topmark":{"colour":"yellow","shape":"x-shape"}},"osm_tags":{"amenity":"beacon","seamark:beacon_special_purpose:colour":"yellow","seamark:beacon_special_purpose:shape":"pole","seamark:topmark:colour":"yellow","seamark:topmark:shape":"x-shape","seamark:type":"beacon_special_purpose"}}},{"type":"Feature","geometry":{"type":"Point","coordinates":[9.8577744,44.0973309]},"properties":{"osm_id":1327347890,"osm_type":"node","seamark_type":"beacon_lateral","display_class":"BEACON","min_zoom":9,"importance":4,"name":null,"ref":null,"common":{"information":"Private light.","type":"beacon_lateral"},"children":{"beacon_lateral":{"category":"port","colour":"red","height":"16","system":"iala-a"},"light":{"character":"Fl","colour":"red","height":"7","period":"3","range":"5","reference":"E 1282.4","sequence":"1+(2)"}},"osm_tags":{"seamark:beacon_lateral:category":"port","seamark:beacon_lateral:colour":"red","seamark:beacon_lateral:height":"16","seamark:beacon_lateral:system":"iala-a","seamark:information":"Private light.","seamark:light:character":"Fl","seamark:light:colour":"red","seamark:light:height":"7","seamark:light:period":"3","seamark:light:range":"5","seamark:light:reference":"E 1282.4","seamark:light:sequence":"1+(2)","seamark:type":"beacon_lateral","source":"US NGA Pub. 113. 2010-10-22."}}},{"type":"Feature","geometry":{"type":"Point","coordinates":[9.8570797,44.0970672]},"properties":{"osm_id":1327347891,"osm_type":"node","seamark_type":"beacon_lateral","display_class":"BEACON","min_zoom":9,"importance":4,"name":null,"ref":null,"common":{"information":"Private light.","type":"beacon_lateral"},"children":{"beacon_lateral":{"category":"starboard","colour":"green","height":"16","system":"iala-a"},"light":{"character":"Fl","colour":"green","height":"7","period":"3","range":"5","reference":"E 1282.2","sequence":"1+(2)"}},"osm_tags":{"seamark:beacon_lateral:category":"starboard","seamark:beacon_lateral:colour":"green","seamark:beacon_lateral:height":"16","seamark:beacon_lateral:system":"iala-a","seamark:information":"Private light.","seamark:light:character":"Fl","seamark:light:colour":"green","seamark:light:height":"7","seamark:light:period":"3","seamark:light:range":"5","seamark:light:reference":"E 1282.2","seamark:light:sequence":"1+(2)","seamark:type":"beacon_lateral","source":"US NGA Pub. 113. 2010-10-22."}}},{"type":"Feature","geometry":{"type":"Point","coordinates":[9.1579,44.315599]},"properties":{"osm_id":2390953728,"osm_type":"node","seamark_type":"beacon_special_purpose","display_class":"BEACON","min_zoom":9,"importance":4,"name":null,"ref":null,"common":{"type":"beacon_special_purpose"},"children":{"beacon_special_purpose":{"colour":"yellow","shape":"pole"},"topmark":{"colour":"yellow","shape":"x-shape"}},"osm_tags":{"seamark:beacon_special_purpose:colour":"yellow","seamark:beacon_special_purpose:shape":"pole","seamark:topmark:colour":"yellow","seamark:topmark:shape":"x-shape","seamark:type":"beacon_special_purpose"}}},{"type":"Feature","geometry":{"type":"Point","coordinates":[9.222446,44.295933]},"properties":{"osm_id":4057018697,"osm_type":"node","seamark_type":"beacon_special_purpose","display_class":"BEACON","min_zoom":9,"importance":4,"name":null,"ref":null,"common":{"type":"beacon_special_purpose"},"children":{"beacon_special_purpose":{"colour":"yellow","shape":"pole"},"topmark":{"colour":"yellow","shape":"x-shape"}},"osm_tags":{"seamark:beacon_special_purpose:colour":"yellow","seamark:beacon_special_purpose:shape":"pole","seamark:topmark:colour":"yellow","seamark:topmark:shape":"x-shape","seamark:type":"beacon_special_purpose"}}},{"type":"Feature","geometry":{"type":"Point","coordinates":[9.1410536,44.3209328]},"properties":{"osm_id":4604089964,"osm_type":"node","seamark_type":"beacon_special_purpose","display_class":"BEACON","min_zoom":9,"importance":4,"name":null,"ref":null,"common":{"type":"beacon_special_purpose"},"children":{"beacon_special_purpose":{"colour":"yellow","shape":"pole"},"topmark":{"colour":"yellow","shape":"x-shape"}},"osm_tags":{"seamark:beacon_special_purpose:colour":"yellow","seamark:beacon_special_purpose:shape":"pole","seamark:topmark:colour":"yellow","seamark:topmark:shape":"x-shape","seamark:type":"beacon_special_purpose"}}},{"type":"Feature","geometry":{"type":"Point","coordinates":[9.1699437,44.3103769]},"properties":{"osm_id":4604089965,"osm_type":"node","seamark_type":"beacon_special_purpose","display_class":"BEACON","min_zoom":9,"importance":4,"name":null,"ref":null,"common":{"type":"beacon_special_purpose"},"children":{"beacon_special_purpose":{"colour":"yellow","shape":"pole"},"topmark":{"colour":"yellow","shape":"x-shape"}},"osm_tags":{"seamark:beacon_special_purpose:colour":"yellow","seamark:beacon_special_purpose:shape":"pole","seamark:topmark:colour":"yellow","seamark:topmark:shape":"x-shape","seamark:type":"beacon_special_purpose"}}},{"type":"Feature","geometry":{"type":"Point","coordinates":[9.1732769,44.3095439]},"properties":{"osm_id":4604089966,"osm_type":"node","seamark_type":"beacon_special_purpose","display_class":"BEACON","min_zoom":9,"importance":4,"name":null,"ref":null,"common":{"type":"beacon_special_purpose"},"children":{"beacon_special_purpose":{"colour":"yellow","shape":"pole"},"topmark":{"colour":"yellow","shape":"x-shape"}},"osm_tags":{"seamark:beacon_special_purpose:colour":"yellow","seamark:beacon_special_purpose:shape":"pole","seamark:topmark:colour":"yellow","seamark:topmark:shape":"x-shape","seamark:type":"beacon_special_purpose"}}},{"type":"Feature","geometry":{"type":"Point","coordinates":[9.2199458,44.3037111]},"properties":{"osm_id":4604089968,"osm_type":"node","seamark_type":"beacon_special_purpose","display_class":"BEACON","min_zoom":9,"importance":4,"name":null,"ref":null,"common":{"type":"beacon_special_purpose"},"children":{"beacon_special_purpose":{"colour":"yellow","shape":"pole"},"topmark":{"colour":"yellow","shape":"x-shape"}},"osm_tags":{"seamark:beacon_special_purpose:colour":"yellow","seamark:beacon_special_purpose:shape":"pole","seamark:topmark:colour":"yellow","seamark:topmark:shape":"x-shape","seamark:type":"beacon_special_purpose"}}},{"type":"Feature","geometry":{"type":"Point","coordinates":[9.2191117,44.3062111]},"properties":{"osm_id":4604089969,"osm_type":"node","seamark_type":"beacon_special_purpose","display_class":"BEACON","min_zoom":9,"importance":4,"name":null,"ref":null,"common":{"type":"beacon_special_purpose"},"children":{"beacon_special_purpose":{"colour":"yellow","shape":"pole"},"topmark":{"colour":"yellow","shape":"x-shape"}},"osm_tags":{"seamark:beacon_special_purpose:colour":"yellow","seamark:beacon_special_purpose:shape":"pole","seamark:topmark:colour":"yellow","seamark:topmark:shape":"x-shape","seamark:type":"beacon_special_purpose"}}},{"type":"Feature","geometry":{"type":"Point","coordinates":[9.1738685,44.3150884]},"properties":{"osm_id":4604130953,"osm_type":"node","seamark_type":"beacon_special_purpose","display_class":"BEACON","min_zoom":9,"importance":4,"name":null,"ref":null,"common":{"type":"beacon_special_purpose"},"children":{"beacon_special_purpose":{"colour":"yellow","shape":"pole"},"topmark":{"colour":"yellow","shape":"x-shape"}},"osm_tags":{"seamark:beacon_special_purpose:colour":"yellow","seamark:beacon_special_purpose:shape":"pole","seamark:topmark:colour":"yellow","seamark:topmark:shape":"x-shape","seamark:type":"beacon_special_purpose"}}},{"type":"Feature","geometry":{"type":"Point","coordinates":[9.1757524,44.3144949]},"properties":{"osm_id":4604130954,"osm_type":"node","seamark_type":"beacon_special_purpose","display_class":"BEACON","min_zoom":9,"importance":4,"name":null,"ref":null,"common":{"type":"beacon_special_purpose"},"children":{"beacon_special_purpose":{"colour":"yellow","shape":"pole"},"topmark":{"colour":"yellow","shape":"x-shape"}},"osm_tags":{"seamark:beacon_special_purpose:colour":"yellow","seamark:beacon_special_purpose:shape":"pole","seamark:topmark:colour":"yellow","seamark:topmark:shape":"x-shape","seamark:type":"beacon_special_purpose"}}},{"type":"Feature","geometry":{"type":"Point","coordinates":[9.1658989,44.313015]},"properties":{"osm_id":4604130955,"osm_type":"node","seamark_type":"beacon_special_purpose","display_class":"BEACON","min_zoom":9,"importance":4,"name":null,"ref":null,"common":{"type":"beacon_special_purpose"},"children":{"beacon_special_purpose":{"colour":"yellow","shape":"pole"},"topmark":{"colour":"yellow","shape":"x-shape"}},"osm_tags":{"seamark:beacon_special_purpose:colour":"yellow","seamark:beacon_special_purpose:shape":"pole","seamark:topmark:colour":"yellow","seamark:topmark:shape":"x-shape","seamark:type":"beacon_special_purpose"}}},{"type":"Feature","geometry":{"type":"Point","coordinates":[9.1482757,44.3306551]},"properties":{"osm_id":4604130959,"osm_type":"node","seamark_type":"beacon_special_purpose","display_class":"BEACON","min_zoom":9,"importance":4,"name":null,"ref":null,"common":{"type":"beacon_special_purpose"},"children":{"beacon_special_purpose":{"colour":"yellow","shape":"pole"},"topmark":{"colour":"yellow","shape":"x-shape"}},"osm_tags":{"seamark:beacon_special_purpose:colour":"yellow","seamark:beacon_special_purpose:shape":"pole","seamark:topmark:colour":"yellow","seamark:topmark:shape":"x-shape","seamark:type":"beacon_special_purpose"}}},{"type":"Feature","geometry":{"type":"Point","coordinates":[9.1524427,44.3467663]},"properties":{"osm_id":4604130960,"osm_type":"node","seamark_type":"beacon_special_purpose","display_class":"BEACON","min_zoom":9,"importance":4,"name":null,"ref":null,"common":{"type":"beacon_special_purpose"},"children":{"beacon_special_purpose":{"colour":"yellow","shape":"pole"},"topmark":{"colour":"yellow","shape":"x-shape"}},"osm_tags":{"seamark:beacon_special_purpose:colour":"yellow","seamark:beacon_special_purpose:shape":"pole","seamark:topmark:colour":"yellow","seamark:topmark:shape":"x-shape","seamark:type":"beacon_special_purpose"}}},{"type":"Feature","geometry":{"type":"Point","coordinates":[9.1550801,44.346774]},"properties":{"osm_id":4604130961,"osm_type":"node","seamark_type":"beacon_special_purpose","display_class":"BEACON","min_zoom":9,"importance":4,"name":null,"ref":null,"common":{"type":"beacon_special_purpose"},"children":{"beacon_special_purpose":{"colour":"yellow","shape":"pole"},"topmark":{"colour":"yellow","shape":"x-shape"}},"osm_tags":{"seamark:beacon_special_purpose:colour":"yellow","seamark:beacon_special_purpose:shape":"pole","seamark:topmark:colour":"yellow","seamark:topmark:shape":"x-shape","seamark:type":"beacon_special_purpose"}}},{"type":"Feature","geometry":{"type":"Point","coordinates":[9.1546652,44.3145439]},"properties":{"osm_id":4604143115,"osm_type":"node","seamark_type":"beacon_special_purpose","display_class":"BEACON","min_zoom":9,"importance":4,"name":null,"ref":null,"common":{"type":"beacon_special_purpose"},"children":{"beacon_special_purpose":{"colour":"yellow","shape":"pole"},"topmark":{"colour":"yellow","shape":"x-shape"}},"osm_tags":{"seamark:beacon_special_purpose:colour":"yellow","seamark:beacon_special_purpose:shape":"pole","seamark:topmark:colour":"yellow","seamark:topmark:shape":"x-shape","seamark:type":"beacon_special_purpose"}}},{"type":"Feature","geometry":{"type":"Point","coordinates":[9.149136,44.3248669]},"properties":{"osm_id":4604143116,"osm_type":"node","seamark_type":"beacon_special_purpose","display_class":"BEACON","min_zoom":9,"importance":4,"name":null,"ref":null,"common":{"type":"beacon_special_purpose"},"children":{"beacon_special_purpose":{"colour":"yellow","shape":"pole"},"topmark":{"colour":"yellow","shape":"x-shape"}},"osm_tags":{"seamark:beacon_special_purpose:colour":"yellow","seamark:beacon_special_purpose:shape":"pole","seamark:topmark:colour":"yellow","seamark:topmark:shape":"x-shape","seamark:type":"beacon_special_purpose"}}},{"type":"Feature","geometry":{"type":"Point","coordinates":[9.1504351,44.3260782]},"properties":{"osm_id":4604143117,"osm_type":"node","seamark_type":"beacon_special_purpose","display_class":"BEACON","min_zoom":9,"importance":4,"name":null,"ref":null,"common":{"type":"beacon_special_purpose"},"children":{"beacon_special_purpose":{"colour":"yellow","shape":"pole"},"topmark":{"colour":"yellow","shape":"x-shape"}},"osm_tags":{"seamark:beacon_special_purpose:colour":"yellow","seamark:beacon_special_purpose:shape":"pole","seamark:topmark:colour":"yellow","seamark:topmark:shape":"x-shape","seamark:type":"beacon_special_purpose"}}},{"type":"Feature","geometry":{"type":"Point","coordinates":[9.2120376,44.3038435]},"properties":{"osm_id":4604143118,"osm_type":"node","seamark_type":"beacon_special_purpose","display_class":"BEACON","min_zoom":9,"importance":4,"name":null,"ref":null,"common":{"type":"beacon_special_purpose"},"children":{"beacon_special_purpose":{"colour":"yellow","shape":"pole"},"topmark":{"colour":"yellow","shape":"x-shape"}},"osm_tags":{"seamark:beacon_special_purpose:colour":"yellow","seamark:beacon_special_purpose:shape":"pole","seamark:topmark:colour":"yellow","seamark:topmark:shape":"x-shape","seamark:type":"beacon_special_purpose"}}},{"type":"Feature","geometry":{"type":"Point","coordinates":[9.8471457,44.0884929]},"properties":{"osm_id":12785575361,"osm_type":"node","seamark_type":"beacon_lateral","display_class":"BEACON","min_zoom":9,"importance":4,"name":"Pontile ENEL Access Channel","ref":null,"common":{"name":"Pontile ENEL Access Channel","source":"E1296","type":"beacon_lateral"},"children":{"beacon_lateral":{"category":"starboard","colour":"green","system":"iala-a"},"light":{"character":"Fl","colour":"green","height":"5","period":"3","range":"5"}},"osm_tags":{"seamark:beacon_lateral:category":"starboard","seamark:beacon_lateral:colour":"green","seamark:beacon_lateral:system":"iala-a","seamark:light:character":"Fl","seamark:light:colour":"green","seamark:light:height":"5","seamark:light:period":"3","seamark:light:range":"5","seamark:name":"Pontile ENEL Access Channel","seamark:source":"E1296","seamark:type":"beacon_lateral"}}},{"type":"Feature","geometry":{"type":"Point","coordinates":[9.8799015,44.0793862]},"properties":{"osm_id":1327347883,"osm_type":"node","seamark_type":"light_minor","display_class":"OTHER","min_zoom":12,"importance":1,"name":null,"ref":null,"common":{"type":"light_minor"},"children":{"light":{"character":"Iso","colour":"red","height":"9","period":"2","range":"4","reference":"E 1270.2"}},"osm_tags":{"seamark:light:character":"Iso","seamark:light:colour":"red","seamark:light:height":"9","seamark:light:period":"2","seamark:light:range":"4","seamark:light:reference":"E 1270.2","seamark:type":"light_minor","source":"US NGA Pub. 113. 2010-10-22."}}},{"type":"Feature","geometry":{"type":"Point","coordinates":[9.8789493,44.0796692]},"properties":{"osm_id":1327347884,"osm_type":"node","seamark_type":"light_minor","display_class":"OTHER","min_zoom":12,"importance":1,"name":null,"ref":null,"common":{"type":"light_minor"},"children":{"light":{"character":"Fl","colour":"red","group":"2","height":"10","period":"6","range":"8","reference":"E 1270","sequence":"1+(1)+1+(3)"},"radio_station":{"category":"ais","mmsi":"992471006"}},"osm_tags":{"seamark:light:character":"Fl","seamark:light:colour":"red","seamark:light:group":"2","seamark:light:height":"10","seamark:light:period":"6","seamark:light:range":"8","seamark:light:reference":"E 1270","seamark:light:sequence":"1+(1)+1+(3)","seamark:radio_station:category":"ais","seamark:radio_station:mmsi":"992471006","seamark:type":"light_minor","source":"US NGA Pub. 113. 2010-10-22."}}},{"type":"Feature","geometry":{"type":"Point","coordinates":[9.8690648,44.0880969]},"properties":{"osm_id":1327347885,"osm_type":"node","seamark_type":"light_minor","display_class":"OTHER","min_zoom":12,"importance":1,"name":null,"ref":null,"common":{"information":"Private light.","type":"light_minor"},"children":{"light":{"character":"F","colour":"green","height":"8","range":"3","reference":"E 1278"}},"osm_tags":{"seamark:information":"Private light.","seamark:light:character":"F","seamark:light:colour":"green","seamark:light:height":"8","seamark:light:range":"3","seamark:light:reference":"E 1278","seamark:type":"light_minor","source":"US NGA Pub. 113. 2010-10-22."}}},{"type":"Feature","geometry":{"type":"Point","coordinates":[9.8636833,44.0946335]},"properties":{"osm_id":1327347886,"osm_type":"node","seamark_type":"light_minor","display_class":"OTHER","min_zoom":12,"importance":1,"name":null,"ref":null,"common":{"information":"Private light.","type":"light_minor"},"children":{"light":{"character":"F","colour":"green","height":"6","range":"3","reference":"E 1280"}},"osm_tags":{"seamark:information":"Private light.","seamark:light:character":"F","seamark:light:colour":"green","seamark:light:height":"6","seamark:light:range":"3","seamark:light:reference":"E 1280","seamark:type":"light_minor","source":"US NGA Pub. 113. 2010-10-22."}}},{"type":"Feature","geometry":{"type":"Point","coordinates":[9.8635167,44.0949333]},"properties":{"osm_id":1327347887,"osm_type":"node","seamark_type":"light_minor","display_class":"OTHER","min_zoom":12,"importance":1,"name":null,"ref":null,"common":{"information":"Fl.R. shown from radio mast about 412 meters N.Private light.","type":"light_minor"},"children":{"light":{"character":"F","colour":"red","height":"6","range":"3","reference":"E 1280.2"}},"osm_tags":{"seamark:information":"Fl.R. shown from radio mast about 412 meters N.Private light.","seamark:light:character":"F","seamark:light:colour":"red","seamark:light:height":"6","seamark:light:range":"3","seamark:light:reference":"E 1280.2","seamark:type":"light_minor","source":"US NGA Pub. 113. 2010-10-22."}}},{"type":"Feature","geometry":{"type":"Point","coordinates":[9.8635833,44.0953167]},"properties":{"osm_id":1327347888,"osm_type":"node","seamark_type":"light_minor","display_class":"OTHER","min_zoom":12,"importance":1,"name":null,"ref":null,"common":{"information":"Private light.","type":"light_minor"},"children":{"light":{"character":"F","colour":"green","height":"7","range":"3","reference":"E 1281"}},"osm_tags":{"seamark:information":"Private light.","seamark:light:character":"F","seamark:light:colour":"green","seamark:light:height":"7","seamark:light:range":"3","seamark:light:reference":"E 1281","seamark:type":"light_minor","source":"US NGA Pub. 113. 2010-10-22."}}},{"type":"Feature","geometry":{"type":"Point","coordinates":[9.8636,44.0959]},"properties":{"osm_id":1327347889,"osm_type":"node","seamark_type":"light_minor","display_class":"OTHER","min_zoom":12,"importance":1,"name":null,"ref":null,"common":{"information":"Private light.","type":"light_minor"},"children":{"light":{"character":"F","colour":"red","height":"7","range":"3","reference":"E 1281.2"}},"osm_tags":{"seamark:information":"Private light.","seamark:light:character":"F","seamark:light:colour":"red","seamark:light:height":"7","seamark:light:range":"3","seamark:light:reference":"E 1281.2","seamark:type":"light_minor","source":"US NGA Pub. 113. 2010-10-22."}}},{"type":"Feature","geometry":{"type":"Point","coordinates":[9.8568145,44.1001755]},"properties":{"osm_id":1327347892,"osm_type":"node","seamark_type":"light_minor","display_class":"OTHER","min_zoom":12,"importance":1,"name":null,"ref":null,"common":{"information":"Fl.G. 3s 5M and Fl.R. 3s 5M shown from breakwater heads about 330 meters S.Private light. 2 F.R. (horiz.)2136","type":"light_minor"},"children":{"light":{"category":"horizontal","character":"F","colour":"green","height":"8","multiple":"2","range":"3","reference":"E 1283"}},"osm_tags":{"seamark:information":"Fl.G. 3s 5M and Fl.R. 3s 5M shown from breakwater heads about 330 meters S.Private light. 2 F.R. (horiz.)2136","seamark:light:category":"horizontal","seamark:light:character":"F","seamark:light:colour":"green","seamark:light:height":"8","seamark:light:multiple":"2","seamark:light:range":"3","seamark:light:reference":"E 1283","seamark:type":"light_minor","source":"US NGA Pub. 113. 2010-10-22."}}},{"type":"Feature","geometry":{"type":"Point","coordinates":[9.8563024,44.1022971]},"properties":{"osm_id":1327347893,"osm_type":"node","seamark_type":"light_minor","display_class":"OTHER","min_zoom":12,"importance":1,"name":null,"ref":null,"common":{"information":"Private light. 216","type":"light_minor"},"children":{"light":{"1:category":"vertical","1:character":"F","1:colour":"red","1:height":"8","1:multiple":"2","1:range":"3","2:category":"vertical","2:character":"F","2:colour":"green","2:height":"8","2:multiple":"2","2:range":"3","reference":"E 1284"}},"osm_tags":{"seamark:information":"Private light. 216","seamark:light:1:category":"vertical","seamark:light:1:character":"F","seamark:light:1:colour":"red","seamark:light:1:height":"8","seamark:light:1:multiple":"2","seamark:light:1:range":"3","seamark:light:2:category":"vertical","seamark:light:2:character":"F","seamark:light:2:colour":"green","seamark:light:2:height":"8","seamark:light:2:multiple":"2","seamark:light:2:range":"3","seamark:light:reference":"E 1284","seamark:type":"light_minor","source":"US NGA Pub. 113. 2010-10-22."}}},{"type":"Feature","geometry":{"type":"Point","coordinates":[9.853109,44.1031497]},"properties":{"osm_id":1327347901,"osm_type":"node","seamark_type":"light_minor","display_class":"OTHER","min_zoom":12,"importance":1,"name":null,"ref":null,"common":{"information":"Private light. 134","type":"light_minor"},"children":{"light":{"1:category":"vertical","1:character":"F","1:colour":"green","1:height":"6","1:multiple":"2","1:range":"3","2:category":"vertical","2:character":"F","2:colour":"red","2:height":"6","2:multiple":"2","2:range":"3","reference":"E 1285"}},"osm_tags":{"fixme":"name to be set","seamark:information":"Private light. 134","seamark:light:1:category":"vertical","seamark:light:1:character":"F","seamark:light:1:colour":"green","seamark:light:1:height":"6","seamark:light:1:multiple":"2","seamark:light:1:range":"3","seamark:light:2:category":"vertical","seamark:light:2:character":"F","seamark:light:2:colour":"red","seamark:light:2:height":"6","seamark:light:2:multiple":"2","seamark:light:2:range":"3","seamark:light:reference":"E 1285","seamark:type":"light_minor","source":"US NGA Pub. 113. 2010-10-22."}}},{"type":"Feature","geometry":{"type":"Point","coordinates":[9.8532333,44.1081167]},"properties":{"osm_id":1327347907,"osm_type":"node","seamark_type":"light_minor","display_class":"OTHER","min_zoom":12,"importance":1,"name":null,"ref":null,"common":{"information":"Private light. 309","type":"light_minor"},"children":{"light":{"category":"vertical","character":"F","colour":"green","height":"11","multiple":"2","range":"3","reference":"E 1285.4"}},"osm_tags":{"seamark:information":"Private light. 309","seamark:light:category":"vertical","seamark:light:character":"F","seamark:light:colour":"green","seamark:light:height":"11","seamark:light:multiple":"2","seamark:light:range":"3","seamark:light:reference":"E 1285.4","seamark:type":"light_minor","source":"US NGA Pub. 113. 2010-10-22."}}},{"type":"Feature","geometry":{"type":"Point","coordinates":[9.8524833,44.1088167]},"properties":{"osm_id":1327347920,"osm_type":"node","seamark_type":"light_minor","display_class":"OTHER","min_zoom":12,"importance":1,"name":null,"ref":null,"common":{"information":"Private light. 309","type":"light_minor"},"children":{"light":{"category":"vertical","character":"F","colour":"red","height":"11","multiple":"2","range":"3","reference":"E 1285.2"}},"osm_tags":{"seamark:information":"Private light. 309","seamark:light:category":"vertical","seamark:light:character":"F","seamark:light:colour":"red","seamark:light:height":"11","seamark:light:multiple":"2","seamark:light:range":"3","seamark:light:reference":"E 1285.2","seamark:type":"light_minor","source":"US NGA Pub. 113. 2010-10-22."}}},{"type":"Feature","geometry":{"type":"Point","coordinates":[9.833946,44.1042608]},"properties":{"osm_id":1327347929,"osm_type":"node","seamark_type":"light_minor","display_class":"OTHER","min_zoom":12,"importance":1,"name":null,"ref":null,"common":{"type":"light_minor"},"children":{"light":{"character":"Fl","colour":"red","height":"8","period":"4","range":"8","reference":"E 1290","sequence":"1+(3)"}},"osm_tags":{"man_made":"lighthouse","seamark:light:character":"Fl","seamark:light:colour":"red","seamark:light:height":"8","seamark:light:period":"4","seamark:light:range":"8","seamark:light:reference":"E 1290","seamark:light:sequence":"1+(3)","seamark:type":"light_minor","source":"US NGA Pub. 113. 2010-10-22."}}},{"type":"Feature","geometry":{"type":"Point","coordinates":[9.8277414,44.1013738]},"properties":{"osm_id":1327347935,"osm_type":"node","seamark_type":"light_minor","display_class":"OTHER","min_zoom":12,"importance":1,"name":null,"ref":null,"common":{"type":"light_minor"},"children":{"light":{"character":"Iso","colour":"red","height":"6","period":"2","range":"4","reference":"E 1292"}},"osm_tags":{"fixme":"name to be set","seamark:light:character":"Iso","seamark:light:colour":"red","seamark:light:height":"6","seamark:light:period":"2","seamark:light:range":"4","seamark:light:reference":"E 1292","seamark:type":"light_minor","source":"US NGA Pub. 113. 2010-10-22."}}},{"type":"Feature","geometry":{"type":"Point","coordinates":[9.8210349,44.0949553]},"properties":{"osm_id":1327347948,"osm_type":"node","seamark_type":"light_minor","display_class":"OTHER","min_zoom":12,"importance":1,"name":null,"ref":null,"common":{"information":"Private light.","type":"light_minor"},"children":{"light":{"character":"F","colour":"green","height":"17","range":"3","reference":"E 1318"}},"osm_tags":{"seamark:information":"Private light.","seamark:light:character":"F","seamark:light:colour":"green","seamark:light:height":"17","seamark:light:range":"3","seamark:light:reference":"E 1318","seamark:type":"light_minor","source":"US NGA Pub. 113. 2010-10-22."}}},{"type":"Feature","geometry":{"type":"Point","coordinates":[9.8204457,44.0944591]},"properties":{"osm_id":1327347954,"osm_type":"node","seamark_type":"light_minor","display_class":"OTHER","min_zoom":12,"importance":1,"name":null,"ref":null,"common":{"information":"Private light.","type":"light_minor"},"children":{"light":{"character":"F","colour":"red","height":"11","range":"3","reference":"E 1319"}},"osm_tags":{"seamark:information":"Private light.","seamark:light:character":"F","seamark:light:colour":"red","seamark:light:height":"11","seamark:light:range":"3","seamark:light:reference":"E 1319","seamark:type":"light_minor","source":"US NGA Pub. 113. 2010-10-22."}}},{"type":"Feature","geometry":{"type":"Point","coordinates":[9.8152646,44.0975664]},"properties":{"osm_id":1327347967,"osm_type":"node","seamark_type":"light_minor","display_class":"OTHER","min_zoom":12,"importance":1,"name":null,"ref":null,"common":{"type":"light_minor"},"children":{"light":{"1:category":"lower","1:character":"Fl","1:colour":"green","1:height":"21","1:period":"3","1:range":"6","1:sector_end":"305.3","1:sector_start":"297","1:sequence":"1+(2)","2:category":"lower","2:character":"Fl","2:colour":"white","2:height":"21","2:period":"3","2:range":"8","2:sector_end":"306.8","2:sector_start":"305.3","2:sequence":"1+(2)","3:category":"lower","3:character":"Fl","3:colour":"red","3:height":"21","3:period":"3","3:range":"6","3:sector_end":"315","3:sector_start":"306.8","3:sequence":"1+(2)","reference":"E 1312"}},"osm_tags":{"seamark:light:1:category":"lower","seamark:light:1:character":"Fl","seamark:light:1:colour":"green","seamark:light:1:height":"21","seamark:light:1:period":"3","seamark:light:1:range":"6","seamark:light:1:sector_end":"305.3","seamark:light:1:sector_start":"297","seamark:light:1:sequence":"1+(2)","seamark:light:2:category":"lower","seamark:light:2:character":"Fl","seamark:light:2:colour":"white","seamark:light:2:height":"21","seamark:light:2:period":"3","seamark:light:2:range":"8","seamark:light:2:sector_end":"306.8","seamark:light:2:sector_start":"305.3","seamark:light:2:sequence":"1+(2)","seamark:light:3:category":"lower","seamark:light:3:character":"Fl","seamark:light:3:colour":"red","seamark:light:3:height":"21","seamark:light:3:period":"3","seamark:light:3:range":"6","seamark:light:3:sector_end":"315","seamark:light:3:sector_start":"306.8","seamark:light:3:sequence":"1+(2)","seamark:light:reference":"E 1312","seamark:type":"light_minor","source":"US NGA Pub. 113. 2010-10-22."}}},{"type":"Feature","geometry":{"type":"Point","coordinates":[9.83423,44.0938511]},"properties":{"osm_id":1327347977,"osm_type":"node","seamark_type":"light_minor","display_class":"OTHER","min_zoom":12,"importance":1,"name":null,"ref":null,"common":{"type":"light_minor"},"children":{"light":{"character":"Fl","colour":"white","height":"7","period":"3","range":"11","reference":"E 1304","sequence":"0.5+(2.5)"}},"osm_tags":{"seamark:light:character":"Fl","seamark:light:colour":"white","seamark:light:height":"7","seamark:light:period":"3","seamark:light:range":"11","seamark:light:reference":"E 1304","seamark:light:sequence":"0.5+(2.5)","seamark:type":"light_minor","source":"US NGA Pub. 113. 2010-10-22."}}},{"type":"Feature","geometry":{"type":"Point","coordinates":[9.8332959,44.0891084]},"properties":{"osm_id":1327347978,"osm_type":"node","seamark_type":"light_minor","display_class":"OTHER","min_zoom":12,"importance":1,"name":null,"ref":null,"common":{"type":"light_minor"},"children":{"light":{"character":"Fl","colour":"green","height":"6","period":"3","range":"7","reference":"E 1302","sequence":"0.5+(2.5)"}},"osm_tags":{"seamark:light:character":"Fl","seamark:light:colour":"green","seamark:light:height":"6","seamark:light:period":"3","seamark:light:range":"7","seamark:light:reference":"E 1302","seamark:light:sequence":"0.5+(2.5)","seamark:type":"light_minor","source":"US NGA Pub. 113. 2010-10-22."}}},{"type":"Feature","geometry":{"type":"Point","coordinates":[9.8320731,44.0880802]},"properties":{"osm_id":1327347979,"osm_type":"node","seamark_type":"light_minor","display_class":"OTHER","min_zoom":12,"importance":1,"name":null,"ref":null,"common":{"type":"light_minor"},"children":{"light":{"character":"Fl","colour":"red","height":"6","period":"3","range":"5","reference":"E 1300","sequence":"0.5+(2.5)"}},"osm_tags":{"seamark:light:character":"Fl","seamark:light:colour":"red","seamark:light:height":"6","seamark:light:period":"3","seamark:light:range":"5","seamark:light:reference":"E 1300","seamark:light:sequence":"0.5+(2.5)","seamark:type":"light_minor","source":"US NGA Pub. 113. 2010-10-22."}}},{"type":"Feature","geometry":{"type":"Point","coordinates":[9.8559394,44.0687398]},"properties":{"osm_id":1327347990,"osm_type":"node","seamark_type":"light_minor","display_class":"OTHER","min_zoom":12,"importance":1,"name":null,"ref":null,"common":{"type":"light_minor"},"children":{"light":{"character":"Fl","colour":"green","height":"11","period":"4","range":"9","reference":"E 1269","sequence":"1+(3)"},"radio_station":{"category":"ais","mmsi":"992471008"}},"osm_tags":{"seamark:light:character":"Fl","seamark:light:colour":"green","seamark:light:height":"11","seamark:light:period":"4","seamark:light:range":"9","seamark:light:reference":"E 1269","seamark:light:sequence":"1+(3)","seamark:radio_station:category":"ais","seamark:radio_station:mmsi":"992471008","seamark:type":"light_minor","source":"US NGA Pub. 113. 2010-10-22."}}},{"type":"Feature","geometry":{"type":"Point","coordinates":[9.8364767,44.0512203]},"properties":{"osm_id":1327347996,"osm_type":"node","seamark_type":"light_minor","display_class":"OTHER","min_zoom":12,"importance":1,"name":null,"ref":null,"common":{"information":"Private light.","type":"light_minor"},"children":{"light":{"character":"F","colour":"green","height":"6","range":"3","reference":"E 1265.4"}},"osm_tags":{"seamark:information":"Private light.","seamark:light:character":"F","seamark:light:colour":"green","seamark:light:height":"6","seamark:light:range":"3","seamark:light:reference":"E 1265.4","seamark:type":"light_minor","source":"US NGA Pub. 113. 2010-10-22."}}},{"type":"Feature","geometry":{"type":"Point","coordinates":[9.341584,44.3039114]},"properties":{"osm_id":1327348000,"osm_type":"node","seamark_type":"light_minor","display_class":"OTHER","min_zoom":12,"importance":1,"name":null,"ref":null,"common":{"information":"Private light.","type":"light_minor"},"children":{"light":{"character":"F","colour":"red","height":"5","range":"2","reference":"E 1257.8"}},"osm_tags":{"seamark:information":"Private light.","seamark:light:character":"F","seamark:light:colour":"red","seamark:light:height":"5","seamark:light:range":"2","seamark:light:reference":"E 1257.8","seamark:type":"light_minor","source":"US NGA Pub. 113. 2010-10-22."}}},{"type":"Feature","geometry":{"type":"Point","coordinates":[9.3418118,44.3045548]},"properties":{"osm_id":1327348001,"osm_type":"node","seamark_type":"light_minor","display_class":"OTHER","min_zoom":12,"importance":1,"name":null,"ref":null,"common":{"information":"Private light.","type":"light_minor"},"children":{"light":{"character":"F","colour":"green","height":"5","range":"2","reference":"E 1257.9"}},"osm_tags":{"building":"tower","seamark:information":"Private light.","seamark:light:character":"F","seamark:light:colour":"green","seamark:light:height":"5","seamark:light:range":"2","seamark:light:reference":"E 1257.9","seamark:type":"light_minor","source":"US NGA Pub. 113. 2010-10-22."}}},{"type":"Feature","geometry":{"type":"Point","coordinates":[9.3201764,44.3121028]},"properties":{"osm_id":1327348002,"osm_type":"node","seamark_type":"light_minor","display_class":"OTHER","min_zoom":12,"importance":1,"name":null,"ref":null,"common":{"information":"Private light.","type":"light_minor"},"children":{"light":{"character":"F","colour":"red","height":"5","range":"2","reference":"E 1257.4"}},"osm_tags":{"seamark:information":"Private light.","seamark:light:character":"F","seamark:light:colour":"red","seamark:light:height":"5","seamark:light:range":"2","seamark:light:reference":"E 1257.4","seamark:type":"light_minor","source":"US NGA Pub. 113. 2010-10-22."}}},{"type":"Feature","geometry":{"type":"Point","coordinates":[9.3201506,44.3116335]},"properties":{"osm_id":1327348004,"osm_type":"node","seamark_type":"light_minor","display_class":"OTHER","min_zoom":12,"importance":1,"name":null,"ref":null,"common":{"information":"Private light.","type":"light_minor"},"children":{"light":{"character":"F","colour":"green","height":"5","range":"2","reference":"E 1257.2"}},"osm_tags":{"seamark:information":"Private light.","seamark:light:character":"F","seamark:light:colour":"green","seamark:light:height":"5","seamark:light:range":"2","seamark:light:reference":"E 1257.2","seamark:type":"light_minor","source":"US NGA Pub. 113. 2010-10-22."}}},{"type":"Feature","geometry":{"type":"Point","coordinates":[9.3152279,44.3126893]},"properties":{"osm_id":1327348005,"osm_type":"node","seamark_type":"light_minor","display_class":"OTHER","min_zoom":12,"importance":1,"name":null,"ref":null,"common":{"information":"Private light.","type":"light_minor"},"children":{"light":{"character":"LFl","colour":"green","height":"11","period":"6","range":"6","reference":"E 1257","sequence":"2+(4)"}},"osm_tags":{"seamark:information":"Private light.","seamark:light:character":"LFl","seamark:light:colour":"green","seamark:light:height":"11","seamark:light:period":"6","seamark:light:range":"6","seamark:light:reference":"E 1257","seamark:light:sequence":"2+(4)","seamark:type":"light_minor","source":"US NGA Pub. 113. 2010-10-22."}}},{"type":"Feature","geometry":{"type":"Point","coordinates":[9.1509129,44.3516143]},"properties":{"osm_id":1327348014,"osm_type":"node","seamark_type":"light_minor","display_class":"OTHER","min_zoom":12,"importance":1,"name":null,"ref":null,"common":{"type":"light_minor"},"children":{"light":{"character":"Fl","colour":"red","height":"6","period":"5","range":"3","reference":"E 1237","sequence":"1+(4)"}},"osm_tags":{"seamark:light:character":"Fl","seamark:light:colour":"red","seamark:light:height":"6","seamark:light:period":"5","seamark:light:range":"3","seamark:light:reference":"E 1237","seamark:light:sequence":"1+(4)","seamark:type":"light_minor","source":"US NGA Pub. 113. 2010-10-22."}}},{"type":"Feature","geometry":{"type":"Point","coordinates":[9.15057,44.3514143]},"properties":{"osm_id":1327348015,"osm_type":"node","seamark_type":"light_minor","display_class":"OTHER","min_zoom":12,"importance":1,"name":null,"ref":null,"common":{"type":"light_minor"},"children":{"light":{"1:character":"Fl","1:colour":"green","1:height":"6","1:period":"5","1:range":"3","1:sector_end":"335","1:sector_start":"110","1:sequence":"1+(4)","reference":"E 1238"}},"osm_tags":{"seamark:light:1:character":"Fl","seamark:light:1:colour":"green","seamark:light:1:height":"6","seamark:light:1:period":"5","seamark:light:1:range":"3","seamark:light:1:sector_end":"335","seamark:light:1:sector_start":"110","seamark:light:1:sequence":"1+(4)","seamark:light:reference":"E 1238","seamark:type":"light_minor","source":"US NGA Pub. 113. 2010-10-22."}}},{"type":"Feature","geometry":{"type":"Point","coordinates":[9.7052032,44.1198156]},"properties":{"osm_id":1879441089,"osm_type":"node","seamark_type":"harbour","display_class":"OTHER","min_zoom":12,"importance":1,"name":null,"ref":null,"common":{"type":"harbour"},"children":{"harbour":{"category":"marina"}},"osm_tags":{"leisure":"marina","seamark:harbour:category":"marina","seamark:type":"harbour"}}},{"type":"Feature","geometry":{"type":"Point","coordinates":[9.8338716,44.0978813]},"properties":{"osm_id":2337615234,"osm_type":"node","seamark_type":"small_craft_facility","display_class":"OTHER","min_zoom":12,"importance":1,"name":null,"ref":null,"common":{"type":"small_craft_facility"},"children":{"small_craft_facility":{"category":"fuel_station"}},"osm_tags":{"amenity":"fuel","operator":"Mirabello terme petroöi","seamark:small_craft_facility:category":"fuel_station","seamark:type":"small_craft_facility"}}},{"type":"Feature","geometry":{"type":"Point","coordinates":[9.8272637,44.0985349]},"properties":{"osm_id":2446019036,"osm_type":"node","seamark_type":"small_craft_facility","display_class":"OTHER","min_zoom":12,"importance":1,"name":null,"ref":null,"common":{"type":"small_craft_facility"},"children":{"small_craft_facility":{"category":"boat_hoist"}},"osm_tags":{"seamark:small_craft_facility:category":"boat_hoist","seamark:type":"small_craft_facility"}}},{"type":"Feature","geometry":{"type":"Point","coordinates":[9.8340661,44.1082805]},"properties":{"osm_id":2446019037,"osm_type":"node","seamark_type":"small_craft_facility","display_class":"OTHER","min_zoom":12,"importance":1,"name":null,"ref":null,"common":{"type":"small_craft_facility"},"children":{"small_craft_facility":{"category":"boat_hoist"}},"osm_tags":{"seamark:small_craft_facility:category":"boat_hoist","seamark:type":"small_craft_facility"}}},{"type":"Feature","geometry":{"type":"Point","coordinates":[9.8344479,44.1087176]},"properties":{"osm_id":2446019038,"osm_type":"node","seamark_type":"small_craft_facility","display_class":"OTHER","min_zoom":12,"importance":1,"name":null,"ref":null,"common":{"type":"small_craft_facility"},"children":{"small_craft_facility":{"category":"boat_hoist"}},"osm_tags":{"seamark:small_craft_facility:category":"boat_hoist","seamark:type":"small_craft_facility"}}},{"type":"Feature","geometry":{"type":"Point","coordinates":[9.8352064,44.109573]},"properties":{"osm_id":2446019039,"osm_type":"node","seamark_type":"small_craft_facility","display_class":"OTHER","min_zoom":12,"importance":1,"name":null,"ref":null,"common":{"type":"small_craft_facility"},"children":{"small_craft_facility":{"category":"boat_hoist"}},"osm_tags":{"seamark:small_craft_facility:category":"boat_hoist","seamark:type":"small_craft_facility"}}},{"type":"Feature","geometry":{"type":"Point","coordinates":[9.7419471,44.0022968]},"properties":{"osm_id":3145392525,"osm_type":"node","seamark_type":"wreck","display_class":"OTHER","min_zoom":12,"importance":1,"name":null,"ref":null,"common":{"type":"wreck"},"children":{"wreck":{"category":"non-dangerous"}},"osm_tags":{"historic":"wreck","seamark:type":"wreck","seamark:wreck:category":"non-dangerous"}}},{"type":"Feature","geometry":{"type":"Point","coordinates":[9.8550034,44.0302886]},"properties":{"osm_id":3145392528,"osm_type":"node","seamark_type":"wreck","display_class":"OTHER","min_zoom":12,"importance":1,"name":null,"ref":null,"common":{"type":"wreck"},"children":{"wreck":{"category":"distributed_remains"}},"osm_tags":{"historic":"wreck","seamark:type":"wreck","seamark:wreck:category":"distributed_remains"}}},{"type":"Feature","geometry":{"type":"Point","coordinates":[9.657591,44.0400175]},"properties":{"osm_id":3145392530,"osm_type":"node","seamark_type":"wreck","display_class":"OTHER","min_zoom":12,"importance":1,"name":null,"ref":null,"common":{"type":"wreck"},"children":{"wreck":{"category":"non-dangerous"}},"osm_tags":{"historic":"wreck","seamark:type":"wreck","seamark:wreck:category":"non-dangerous"}}},{"type":"Feature","geometry":{"type":"Point","coordinates":[9.799744,44.049974]},"properties":{"osm_id":3145392533,"osm_type":"node","seamark_type":"wreck","display_class":"OTHER","min_zoom":12,"importance":1,"name":null,"ref":null,"common":{"type":"wreck"},"children":{"wreck":{"category":"dangerous"}},"osm_tags":{"historic":"wreck","seamark:type":"wreck","seamark:wreck:category":"dangerous"}}},{"type":"Feature","geometry":{"type":"Point","coordinates":[9.8266207,44.0506567]},"properties":{"osm_id":3145392534,"osm_type":"node","seamark_type":"wreck","display_class":"OTHER","min_zoom":12,"importance":1,"name":null,"ref":null,"common":{"type":"wreck"},"children":{"wreck":{"category":"distributed_remains"}},"osm_tags":{"historic":"wreck","seamark:type":"wreck","seamark:wreck:category":"distributed_remains"}}},{"type":"Feature","geometry":{"type":"Point","coordinates":[9.7483693,44.0622062]},"properties":{"osm_id":3145392535,"osm_type":"node","seamark_type":"wreck","display_class":"OTHER","min_zoom":12,"importance":1,"name":null,"ref":null,"common":{"type":"wreck"},"children":{"wreck":{"category":"dangerous"}},"osm_tags":{"historic":"wreck","seamark:type":"wreck","seamark:wreck:category":"dangerous"}}},{"type":"Feature","geometry":{"type":"Point","coordinates":[9.6446161,44.1162875]},"properties":{"osm_id":3145392543,"osm_type":"node","seamark_type":"wreck","display_class":"OTHER","min_zoom":12,"importance":1,"name":null,"ref":null,"common":{"type":"wreck"},"children":{"wreck":{"category":"non-dangerous"}},"osm_tags":{"historic":"wreck","seamark:type":"wreck","seamark:wreck:category":"non-dangerous"}}},{"type":"Feature","geometry":{"type":"Point","coordinates":[9.6422103,44.1251309]},"properties":{"osm_id":3145392545,"osm_type":"node","seamark_type":"wreck","display_class":"OTHER","min_zoom":12,"importance":1,"name":null,"ref":null,"common":{"type":"wreck"},"children":{"wreck":{"category":"dangerous"}},"osm_tags":{"historic":"wreck","seamark:type":"wreck","seamark:wreck:category":"dangerous"}}},{"type":"Feature","geometry":{"type":"Point","coordinates":[9.6016972,44.1488557]},"properties":{"osm_id":3145392548,"osm_type":"node","seamark_type":"wreck","display_class":"OTHER","min_zoom":12,"importance":1,"name":null,"ref":null,"common":{"type":"wreck"},"children":{"wreck":{"category":"dangerous"}},"osm_tags":{"historic":"wreck","seamark:type":"wreck","seamark:wreck:category":"dangerous"}}},{"type":"Feature","geometry":{"type":"Point","coordinates":[9.6038375,44.1541468]},"properties":{"osm_id":3145392549,"osm_type":"node","seamark_type":"wreck","display_class":"OTHER","min_zoom":12,"importance":1,"name":null,"ref":null,"common":{"type":"wreck"},"children":{"wreck":{"category":"dangerous"}},"osm_tags":{"historic":"wreck","seamark:type":"wreck","seamark:wreck:category":"dangerous"}}},{"type":"Feature","geometry":{"type":"Point","coordinates":[9.5649898,44.171215]},"properties":{"osm_id":3145392552,"osm_type":"node","seamark_type":"wreck","display_class":"OTHER","min_zoom":12,"importance":1,"name":null,"ref":null,"common":{"type":"wreck"},"children":{"wreck":{"category":"dangerous"}},"osm_tags":{"historic":"wreck","seamark:type":"wreck","seamark:wreck:category":"dangerous"}}},{"type":"Feature","geometry":{"type":"Point","coordinates":[9.5315327,44.1866333]},"properties":{"osm_id":3145392553,"osm_type":"node","seamark_type":"wreck","display_class":"OTHER","min_zoom":12,"importance":1,"name":null,"ref":null,"common":{"type":"wreck"},"children":{"wreck":{"category":"dangerous"}},"osm_tags":{"historic":"wreck","seamark:type":"wreck","seamark:wreck:category":"dangerous"}}},{"type":"Feature","geometry":{"type":"Point","coordinates":[9.4763523,44.2060911]},"properties":{"osm_id":3145392555,"osm_type":"node","seamark_type":"wreck","display_class":"OTHER","min_zoom":12,"importance":1,"name":null,"ref":null,"common":{"type":"wreck"},"children":{"wreck":{"category":"non-dangerous"}},"osm_tags":{"historic":"wreck","seamark:type":"wreck","seamark:wreck:category":"non-dangerous"}}},{"type":"Feature","geometry":{"type":"Point","coordinates":[9.4888787,44.2162751]},"properties":{"osm_id":3145392556,"osm_type":"node","seamark_type":"wreck","display_class":"OTHER","min_zoom":12,"importance":1,"name":null,"ref":null,"common":{"type":"wreck"},"children":{"wreck":{"category":"non-dangerous"}},"osm_tags":{"depth":"48","historic":"wreck","seamark:type":"wreck","seamark:wreck:category":"non-dangerous"}}},{"type":"Feature","geometry":{"type":"Point","coordinates":[9.4734189,44.229759]},"properties":{"osm_id":3145392558,"osm_type":"node","seamark_type":"wreck","display_class":"OTHER","min_zoom":12,"importance":1,"name":null,"ref":null,"common":{"type":"wreck"},"children":{"wreck":{"category":"dangerous"}},"osm_tags":{"historic":"wreck","seamark:type":"wreck","seamark:wreck:category":"dangerous"}}},{"type":"Feature","geometry":{"type":"Point","coordinates":[9.4252945,44.2334002]},"properties":{"osm_id":3145392559,"osm_type":"node","seamark_type":"wreck","display_class":"OTHER","min_zoom":12,"importance":1,"name":null,"ref":null,"common":{"type":"wreck"},"children":{"wreck":{"category":"non-dangerous"}},"osm_tags":{"historic":"wreck","seamark:type":"wreck","seamark:wreck:category":"non-dangerous"}}},{"type":"Feature","geometry":{"type":"Point","coordinates":[9.3746333,44.2504115]},"properties":{"osm_id":3145392560,"osm_type":"node","seamark_type":"wreck","display_class":"OTHER","min_zoom":12,"importance":1,"name":null,"ref":null,"common":{"type":"wreck"},"children":{"wreck":{"category":"non-dangerous"}},"osm_tags":{"historic":"wreck","seamark:type":"wreck","seamark:wreck:category":"non-dangerous"}}},{"type":"Feature","geometry":{"type":"Point","coordinates":[9.3946918,44.2554181]},"properties":{"osm_id":3145392561,"osm_type":"node","seamark_type":"wreck","display_class":"OTHER","min_zoom":12,"importance":1,"name":null,"ref":null,"common":{"type":"wreck"},"children":{"wreck":{"category":"non-dangerous"}},"osm_tags":{"historic":"wreck","seamark:type":"wreck","seamark:wreck:category":"non-dangerous"}}},{"type":"Feature","geometry":{"type":"Point","coordinates":[9.3863671,44.2611075]},"properties":{"osm_id":3145392563,"osm_type":"node","seamark_type":"wreck","display_class":"OTHER","min_zoom":12,"importance":1,"name":null,"ref":null,"common":{"type":"wreck"},"children":{"wreck":{"category":"non-dangerous"}},"osm_tags":{"historic":"wreck","seamark:type":"wreck","seamark:wreck:category":"non-dangerous"}}},{"type":"Feature","geometry":{"type":"Point","coordinates":[9.3663086,44.2625868]},"properties":{"osm_id":3145392564,"osm_type":"node","seamark_type":"wreck","display_class":"OTHER","min_zoom":12,"importance":1,"name":null,"ref":null,"common":{"type":"wreck"},"children":{"wreck":{"category":"non-dangerous"}},"osm_tags":{"historic":"wreck","seamark:type":"wreck","seamark:wreck:category":"non-dangerous"}}},{"type":"Feature","geometry":{"type":"Point","coordinates":[9.3330893,44.2662849]},"properties":{"osm_id":3145392565,"osm_type":"node","seamark_type":"wreck","display_class":"OTHER","min_zoom":12,"importance":1,"name":null,"ref":null,"common":{"type":"wreck"},"children":{"wreck":{"category":"non-dangerous"}},"osm_tags":{"historic":"wreck","seamark:type":"wreck","seamark:wreck:category":"non-dangerous"}}},{"type":"Feature","geometry":{"type":"Point","coordinates":[9.1830881,44.2850304]},"properties":{"osm_id":3145392569,"osm_type":"node","seamark_type":"wreck","display_class":"OTHER","min_zoom":12,"importance":1,"name":null,"ref":null,"common":{"type":"wreck"},"children":{"wreck":{"category":"non-dangerous"}},"osm_tags":{"historic":"wreck","seamark:type":"wreck","seamark:wreck:category":"non-dangerous"}}},{"type":"Feature","geometry":{"type":"Point","coordinates":[9.3289323,44.2856623]},"properties":{"osm_id":3145392570,"osm_type":"node","seamark_type":"wreck","display_class":"OTHER","min_zoom":12,"importance":1,"name":null,"ref":null,"common":{"type":"wreck"},"children":{"wreck":{"category":"non-dangerous"}},"osm_tags":{"historic":"wreck","seamark:type":"wreck","seamark:wreck:category":"non-dangerous"}}},{"type":"Feature","geometry":{"type":"Point","coordinates":[9.2080173,44.2985017]},"properties":{"osm_id":3145392572,"osm_type":"node","seamark_type":"wreck","display_class":"OTHER","min_zoom":12,"importance":1,"name":null,"ref":null,"common":{"type":"wreck"},"children":{"wreck":{"category":"non-dangerous"}},"osm_tags":{"historic":"wreck","seamark:type":"wreck","seamark:wreck:category":"non-dangerous"}}},{"type":"Feature","geometry":{"type":"Point","coordinates":[9.2157181,44.3029352]},"properties":{"osm_id":3145392573,"osm_type":"node","seamark_type":"wreck","display_class":"OTHER","min_zoom":12,"importance":1,"name":null,"ref":null,"common":{"type":"wreck"},"children":{"wreck":{"category":"distributed_remains"}},"osm_tags":{"historic":"wreck","seamark:type":"wreck","seamark:wreck:category":"distributed_remains"}}},{"type":"Feature","geometry":{"type":"Point","coordinates":[9.2166708,44.3050952]},"properties":{"osm_id":3145392574,"osm_type":"node","seamark_type":"wreck","display_class":"OTHER","min_zoom":12,"importance":1,"name":null,"ref":null,"common":{"type":"wreck"},"children":{"wreck":{"category":"non-dangerous"}},"osm_tags":{"historic":"wreck","seamark:type":"wreck","seamark:wreck:category":"non-dangerous"}}},{"type":"Feature","geometry":{"type":"Point","coordinates":[9.191583,44.3057773]},"properties":{"osm_id":3145392575,"osm_type":"node","seamark_type":"wreck","display_class":"OTHER","min_zoom":12,"importance":1,"name":null,"ref":null,"common":{"type":"wreck"},"children":{"wreck":{"category":"non-dangerous"}},"osm_tags":{"historic":"wreck","seamark:type":"wreck","seamark:wreck:category":"non-dangerous"}}},{"type":"Feature","geometry":{"type":"Point","coordinates":[9.2238958,44.3091877]},"properties":{"osm_id":3145392576,"osm_type":"node","seamark_type":"wreck","display_class":"OTHER","min_zoom":12,"importance":1,"name":null,"ref":null,"common":{"type":"wreck"},"children":{"wreck":{"category":"non-dangerous"}},"osm_tags":{"historic":"wreck","seamark:type":"wreck","seamark:wreck:category":"non-dangerous"}}},{"type":"Feature","geometry":{"type":"Point","coordinates":[9.1352935,44.3115182]},"properties":{"osm_id":3145392577,"osm_type":"node","seamark_type":"wreck","display_class":"OTHER","min_zoom":12,"importance":1,"name":null,"ref":null,"common":{"type":"wreck"},"children":{"wreck":{"category":"non-dangerous"}},"osm_tags":{"historic":"wreck","seamark:type":"wreck","seamark:wreck:category":"non-dangerous"}}},{"type":"Feature","geometry":{"type":"Point","coordinates":[9.2218314,44.314076]},"properties":{"osm_id":3145392578,"osm_type":"node","seamark_type":"wreck","display_class":"OTHER","min_zoom":12,"importance":1,"name":null,"ref":null,"common":{"type":"wreck"},"children":{"wreck":{"category":"non-dangerous"}},"osm_tags":{"historic":"wreck","seamark:type":"wreck","seamark:wreck:category":"non-dangerous"}}},{"type":"Feature","geometry":{"type":"Point","coordinates":[9.2685141,44.3152128]},"properties":{"osm_id":3145392579,"osm_type":"node","seamark_type":"wreck","display_class":"OTHER","min_zoom":12,"importance":1,"name":null,"ref":null,"common":{"type":"wreck"},"children":{"wreck":{"category":"non-dangerous"}},"osm_tags":{"historic":"wreck","seamark:type":"wreck","seamark:wreck:category":"non-dangerous"}}},{"type":"Feature","geometry":{"type":"Point","coordinates":[9.1269573,44.3172591]},"properties":{"osm_id":3145392581,"osm_type":"node","seamark_type":"wreck","display_class":"OTHER","min_zoom":12,"importance":1,"name":null,"ref":null,"common":{"type":"wreck"},"children":{"wreck":{"category":"distributed_remains"}},"osm_tags":{"historic":"wreck","seamark:type":"wreck","seamark:wreck:category":"distributed_remains"}}},{"type":"Feature","geometry":{"type":"Point","coordinates":[9.2190524,44.318737]},"properties":{"osm_id":3145392582,"osm_type":"node","seamark_type":"wreck","display_class":"OTHER","min_zoom":12,"importance":1,"name":null,"ref":null,"common":{"type":"wreck"},"children":{"wreck":{"category":"non-dangerous"}},"osm_tags":{"historic":"wreck","seamark:type":"wreck","seamark:wreck:category":"non-dangerous"}}},{"type":"Feature","geometry":{"type":"Point","coordinates":[9.2268334,44.3229432]},"properties":{"osm_id":3145392583,"osm_type":"node","seamark_type":"wreck","display_class":"OTHER","min_zoom":12,"importance":1,"name":null,"ref":null,"common":{"type":"wreck"},"children":{"wreck":{"category":"non-dangerous"}},"osm_tags":{"historic":"wreck","seamark:type":"wreck","seamark:wreck:category":"non-dangerous"}}},{"type":"Feature","geometry":{"type":"Point","coordinates":[9.222784,44.3268652]},"properties":{"osm_id":3145392584,"osm_type":"node","seamark_type":"wreck","display_class":"OTHER","min_zoom":12,"importance":1,"name":null,"ref":null,"common":{"type":"wreck"},"children":{"wreck":{"category":"non-dangerous"}},"osm_tags":{"historic":"wreck","seamark:type":"wreck","seamark:wreck:category":"non-dangerous"}}},{"type":"Feature","geometry":{"type":"Point","coordinates":[9.2458875,44.3389155]},"properties":{"osm_id":3145392585,"osm_type":"node","seamark_type":"wreck","display_class":"OTHER","min_zoom":12,"importance":1,"name":null,"ref":null,"common":{"type":"wreck"},"children":{"wreck":{"category":"dangerous"}},"osm_tags":{"historic":"wreck","seamark:type":"wreck","seamark:wreck:category":"dangerous"}}},{"type":"Feature","geometry":{"type":"Point","coordinates":[9.2111814,44.3018467]},"properties":{"osm_id":3257385215,"osm_type":"node","seamark_type":"small_craft_facility","display_class":"OTHER","min_zoom":12,"importance":1,"name":null,"ref":null,"common":{"type":"small_craft_facility"},"children":{"small_craft_facility":{"category":"fuel_station"}},"osm_tags":{"brand":"Europam","seamark:small_craft_facility:category":"fuel_station","seamark:type":"small_craft_facility","waterway":"fuel"}}},{"type":"Feature","geometry":{"type":"Point","coordinates":[9.8633103,44.0537135]},"properties":{"osm_id":3305692837,"osm_type":"node","seamark_type":"pilot_boarding","display_class":"OTHER","min_zoom":12,"importance":1,"name":null,"ref":null,"common":{"type":"pilot_boarding"},"children":{},"osm_tags":{"seamark:type":"pilot_boarding"}}},{"type":"Feature","geometry":{"type":"Point","coordinates":[9.8990418,44.0692493]},"properties":{"osm_id":3305692838,"osm_type":"node","seamark_type":"pilot_boarding","display_class":"OTHER","min_zoom":12,"importance":1,"name":null,"ref":null,"common":{"type":"pilot_boarding"},"children":{},"osm_tags":{"seamark:type":"pilot_boarding"}}},{"type":"Feature","geometry":{"type":"Point","coordinates":[9.1462522,44.3236371]},"properties":{"osm_id":4604130957,"osm_type":"node","seamark_type":"mooring","display_class":"OTHER","min_zoom":12,"importance":1,"name":null,"ref":null,"common":{"type":"mooring"},"children":{},"osm_tags":{"seamark:type":"mooring"}}},{"type":"Feature","geometry":{"type":"Point","coordinates":[9.1457055,44.3218673]},"properties":{"osm_id":4604130958,"osm_type":"node","seamark_type":"mooring","display_class":"OTHER","min_zoom":12,"importance":1,"name":null,"ref":null,"common":{"type":"mooring"},"children":{},"osm_tags":{"seamark:type":"mooring"}}},{"type":"Feature","geometry":{"type":"Point","coordinates":[9.1753391,44.3155901]},"properties":{"osm_id":4684455178,"osm_type":"node","seamark_type":"anchorage","display_class":"OTHER","min_zoom":12,"importance":1,"name":null,"ref":null,"common":{"type":"anchorage"},"children":{},"osm_tags":{"seamark:type":"anchorage"}}},{"type":"Feature","geometry":{"type":"Point","coordinates":[9.2133859,44.3091169]},"properties":{"osm_id":4684455180,"osm_type":"node","seamark_type":"anchorage","display_class":"OTHER","min_zoom":12,"importance":1,"name":null,"ref":null,"common":{"type":"anchorage"},"children":{},"osm_tags":{"seamark:type":"anchorage"}}},{"type":"Feature","geometry":{"type":"Point","coordinates":[9.2154456,44.3326157]},"properties":{"osm_id":4684455182,"osm_type":"node","seamark_type":"anchorage","display_class":"OTHER","min_zoom":12,"importance":1,"name":null,"ref":null,"common":{"type":"anchorage"},"children":{},"osm_tags":{"seamark:type":"anchorage"}}},{"type":"Feature","geometry":{"type":"Point","coordinates":[9.2258413,44.3370201]},"properties":{"osm_id":4684455183,"osm_type":"node","seamark_type":"anchorage","display_class":"OTHER","min_zoom":12,"importance":1,"name":null,"ref":null,"common":{"type":"anchorage"},"children":{},"osm_tags":{"seamark:type":"anchorage"}}},{"type":"Feature","geometry":{"type":"Point","coordinates":[9.2261104,44.3395794]},"properties":{"osm_id":4684455184,"osm_type":"node","seamark_type":"anchorage","display_class":"OTHER","min_zoom":12,"importance":1,"name":null,"ref":null,"common":{"type":"anchorage"},"children":{},"osm_tags":{"seamark:type":"anchorage"}}},{"type":"Feature","geometry":{"type":"Point","coordinates":[9.232279,44.346402]},"properties":{"osm_id":4684461964,"osm_type":"node","seamark_type":"anchorage","display_class":"OTHER","min_zoom":12,"importance":1,"name":null,"ref":null,"common":{"type":"anchorage"},"children":{},"osm_tags":{"seamark:type":"anchorage"}}},{"type":"Feature","geometry":{"type":"Point","coordinates":[9.3160951,44.3146411]},"properties":{"osm_id":4684473331,"osm_type":"node","seamark_type":"anchorage","display_class":"OTHER","min_zoom":12,"importance":1,"name":null,"ref":null,"common":{"type":"anchorage"},"children":{},"osm_tags":{"seamark:type":"anchorage"}}},{"type":"Feature","geometry":{"type":"Point","coordinates":[9.3937303,44.2683423]},"properties":{"osm_id":4685223803,"osm_type":"node","seamark_type":"anchorage","display_class":"OTHER","min_zoom":12,"importance":1,"name":null,"ref":null,"common":{"type":"anchorage"},"children":{},"osm_tags":{"seamark:type":"anchorage"}}},{"type":"Feature","geometry":{"type":"Point","coordinates":[9.4178361,44.2568993]},"properties":{"osm_id":4685223804,"osm_type":"node","seamark_type":"anchorage","display_class":"OTHER","min_zoom":12,"importance":1,"name":null,"ref":null,"common":{"type":"anchorage"},"children":{},"osm_tags":{"seamark:type":"anchorage"}}},{"type":"Feature","geometry":{"type":"Point","coordinates":[9.4228733,44.2550957]},"properties":{"osm_id":4685223805,"osm_type":"node","seamark_type":"anchorage","display_class":"OTHER","min_zoom":12,"importance":1,"name":null,"ref":null,"common":{"type":"anchorage"},"children":{},"osm_tags":{"seamark:type":"anchorage"}}},{"type":"Feature","geometry":{"type":"Point","coordinates":[9.6026669,44.1721788]},"properties":{"osm_id":4685245136,"osm_type":"node","seamark_type":"anchorage","display_class":"OTHER","min_zoom":12,"importance":1,"name":null,"ref":null,"common":{"type":"anchorage"},"children":{},"osm_tags":{"seamark:type":"anchorage"}}},{"type":"Feature","geometry":{"type":"Point","coordinates":[9.6555144,44.1451558]},"properties":{"osm_id":4685271338,"osm_type":"node","seamark_type":"anchorage","display_class":"OTHER","min_zoom":12,"importance":1,"name":null,"ref":null,"common":{"type":"anchorage"},"children":{},"osm_tags":{"seamark:type":"anchorage"}}},{"type":"Feature","geometry":{"type":"Point","coordinates":[9.8386434,44.0670988]},"properties":{"osm_id":4685342998,"osm_type":"node","seamark_type":"anchorage","display_class":"OTHER","min_zoom":12,"importance":1,"name":null,"ref":null,"common":{"type":"anchorage"},"children":{},"osm_tags":{"seamark:type":"anchorage"}}},{"type":"Feature","geometry":{"type":"Point","coordinates":[9.8405107,44.0704715]},"properties":{"osm_id":4685342999,"osm_type":"node","seamark_type":"anchorage","display_class":"OTHER","min_zoom":12,"importance":1,"name":null,"ref":null,"common":{"type":"anchorage"},"children":{},"osm_tags":{"seamark:type":"anchorage"}}},{"type":"Feature","geometry":{"type":"Point","coordinates":[9.9004224,44.0821158]},"properties":{"osm_id":4685402791,"osm_type":"node","seamark_type":"anchorage","display_class":"OTHER","min_zoom":12,"importance":1,"name":null,"ref":null,"common":{"type":"anchorage"},"children":{},"osm_tags":{"seamark:type":"anchorage"}}},{"type":"Feature","geometry":{"type":"Point","coordinates":[9.9057978,44.0775753]},"properties":{"osm_id":4685440889,"osm_type":"node","seamark_type":"anchorage","display_class":"OTHER","min_zoom":12,"importance":1,"name":null,"ref":null,"common":{"type":"anchorage"},"children":{},"osm_tags":{"seamark:type":"anchorage"}}},{"type":"Feature","geometry":{"type":"Point","coordinates":[9.9144105,44.0685683]},"properties":{"osm_id":4685468448,"osm_type":"node","seamark_type":"anchorage","display_class":"OTHER","min_zoom":12,"importance":1,"name":null,"ref":null,"common":{"type":"anchorage"},"children":{},"osm_tags":{"seamark:type":"anchorage"}}},{"type":"Feature","geometry":{"type":"Point","coordinates":[9.9184893,44.0660712]},"properties":{"osm_id":4685468449,"osm_type":"node","seamark_type":"anchorage","display_class":"OTHER","min_zoom":12,"importance":1,"name":null,"ref":null,"common":{"type":"anchorage"},"children":{},"osm_tags":{"seamark:type":"anchorage"}}},{"type":"Feature","geometry":{"type":"Point","coordinates":[9.9219533,44.0642016]},"properties":{"osm_id":4685468450,"osm_type":"node","seamark_type":"anchorage","display_class":"OTHER","min_zoom":12,"importance":1,"name":null,"ref":null,"common":{"type":"anchorage"},"children":{},"osm_tags":{"seamark:type":"anchorage"}}},{"type":"Feature","geometry":{"type":"Point","coordinates":[9.9247925,44.0617693]},"properties":{"osm_id":4685468451,"osm_type":"node","seamark_type":"anchorage","display_class":"OTHER","min_zoom":12,"importance":1,"name":null,"ref":null,"common":{"type":"anchorage"},"children":{},"osm_tags":{"seamark:type":"anchorage"}}},{"type":"Feature","geometry":{"type":"Point","coordinates":[9.2118806,44.303688]},"properties":{"osm_id":5284266856,"osm_type":"node","seamark_type":"light_minor","display_class":"OTHER","min_zoom":12,"importance":1,"name":null,"ref":null,"common":{"type":"light_minor"},"children":{"light":{"character":"Fl","colour":"green","height":"7","period":"3","range":"7","reference":"E 1246","sequence":"0.5+(2.5)"}},"osm_tags":{"description":"Elenco Fari n. 1680","man_made":"lighthouse","note":"luce verde","seamark:light:character":"Fl","seamark:light:colour":"green","seamark:light:height":"7","seamark:light:period":"3","seamark:light:range":"7","seamark:light:reference":"E 1246","seamark:light:sequence":"0.5+(2.5)","seamark:type":"light_minor","source":"US NGA Pub. 113. 2010-10-22."}}},{"type":"Feature","geometry":{"type":"Point","coordinates":[9.8323077,44.0467894]},"properties":{"osm_id":5817658226,"osm_type":"node","seamark_type":"buoy_special_purpose","display_class":"OTHER","min_zoom":12,"importance":1,"name":null,"ref":null,"common":{"type":"buoy_special_purpose"},"children":{"buoy_special_purpose":{"colour":"yellow","shape":"spherical"}},"osm_tags":{"seamark:buoy_special_purpose:colour":"yellow","seamark:buoy_special_purpose:shape":"spherical","seamark:type":"buoy_special_purpose","source":"survey 2018-08;DigitalGlobe-premium"}}},{"type":"Feature","geometry":{"type":"Point","coordinates":[9.7412923,44.0890598]},"properties":{"osm_id":5817708061,"osm_type":"node","seamark_type":"buoy_special_purpose","display_class":"OTHER","min_zoom":12,"importance":1,"name":null,"ref":null,"common":{"type":"buoy_special_purpose"},"children":{"buoy_special_purpose":{"colour":"yellow","shape":"spherical"},"topmark":{"colour":"yellow","shape":"x-shape"}},"osm_tags":{"seamark:buoy_special_purpose:colour":"yellow","seamark:buoy_special_purpose:shape":"spherical","seamark:topmark:colour":"yellow","seamark:topmark:shape":"x-shape","seamark:type":"buoy_special_purpose","source":"survey 2018-08;DigitalGlobe-premium"}}},{"type":"Feature","geometry":{"type":"Point","coordinates":[9.7279108,44.0911616]},"properties":{"osm_id":5817708062,"osm_type":"node","seamark_type":"buoy_special_purpose","display_class":"OTHER","min_zoom":12,"importance":1,"name":null,"ref":null,"common":{"type":"buoy_special_purpose"},"children":{"buoy_special_purpose":{"colour":"yellow","shape":"spherical"},"topmark":{"colour":"yellow","shape":"x-shape"}},"osm_tags":{"seamark:buoy_special_purpose:colour":"yellow","seamark:buoy_special_purpose:shape":"spherical","seamark:topmark:colour":"yellow","seamark:topmark:shape":"x-shape","seamark:type":"buoy_special_purpose","source":"survey 2018-08;DigitalGlobe-premium"}}},{"type":"Feature","geometry":{"type":"Point","coordinates":[9.7362739,44.0921287]},"properties":{"osm_id":5817708063,"osm_type":"node","seamark_type":"buoy_special_purpose","display_class":"OTHER","min_zoom":12,"importance":1,"name":null,"ref":null,"common":{"type":"buoy_special_purpose"},"children":{"buoy_special_purpose":{"colour":"yellow","shape":"spherical"},"topmark":{"colour":"yellow","shape":"x-shape"}},"osm_tags":{"seamark:buoy_special_purpose:colour":"yellow","seamark:buoy_special_purpose:shape":"spherical","seamark:topmark:colour":"yellow","seamark:topmark:shape":"x-shape","seamark:type":"buoy_special_purpose","source":"survey 2018-08;DigitalGlobe-premium"}}},{"type":"Feature","geometry":{"type":"Point","coordinates":[9.2243333,44.3]},"properties":{"osm_id":8549745733,"osm_type":"node","seamark_type":"wreck","display_class":"OTHER","min_zoom":12,"importance":1,"name":null,"ref":null,"common":{"type":"wreck"},"children":{"wreck":{"category":"non-dangerous"}},"osm_tags":{"seamark:type":"wreck","seamark:wreck:category":"non-dangerous"}}},{"type":"Feature","geometry":{"type":"Point","coordinates":[9.9523333,44.0381667]},"properties":{"osm_id":8916520317,"osm_type":"node","seamark_type":"wreck","display_class":"OTHER","min_zoom":12,"importance":1,"name":null,"ref":null,"common":{"type":"wreck"},"children":{"wreck":{"category":"dangerous","depth":"11.6"}},"osm_tags":{"seamark:type":"wreck","seamark:wreck:category":"dangerous","seamark:wreck:depth":"11.6"}}},{"type":"Feature","geometry":{"type":"Point","coordinates":[9.1923333,44.2965]},"properties":{"osm_id":10175298973,"osm_type":"node","seamark_type":"obstruction","display_class":"OTHER","min_zoom":12,"importance":1,"name":null,"ref":null,"common":{"type":"obstruction"},"children":{},"osm_tags":{"seamark:type":"obstruction"}}},{"type":"Feature","geometry":{"type":"Point","coordinates":[9.2319741,44.344939]},"properties":{"osm_id":12110340743,"osm_type":"node","seamark_type":"small_craft_facility","display_class":"OTHER","min_zoom":12,"importance":1,"name":null,"ref":null,"common":{"type":"small_craft_facility"},"children":{"small_craft_facility":{"category":"fuel_station"}},"osm_tags":{"seamark:small_craft_facility:category":"fuel_station","seamark:type":"small_craft_facility","waterway":"fuel"}}},{"type":"Feature","geometry":{"type":"Point","coordinates":[9.8564365,44.1047223]},"properties":{"osm_id":12684089129,"osm_type":"node","seamark_type":"gate","display_class":"OTHER","min_zoom":12,"importance":1,"name":null,"ref":null,"common":{"type":"gate"},"children":{},"osm_tags":{"material":"metal","seamark:type":"gate","waterway":"lock_gate"}}},{"type":"Feature","geometry":{"type":"Point","coordinates":[9.3107762,44.0609473]},"properties":{"osm_id":13352936873,"osm_type":"node","seamark_type":"buoy_special_purpose","display_class":"OTHER","min_zoom":12,"importance":1,"name":null,"ref":"6903132","common":{"buoy_special_purpose":"odas","type":"buoy_special_purpose"},"children":{},"osm_tags":{"alt_ref":"AI2600-21FR114","check_date":"2025-11-26","man_made":"monitoring_station","manufacturer":"NKE","model":"ARVOR","monitoring:salinity":"yes","monitoring:water_pressure":"yes","monitoring:water_temperature":"yes","operator":"SHOM","ref":"6903132","ref:wmo":"6903132","seamark:buoy_special_purpose":"odas","seamark:type":"buoy_special_purpose","website":"https://fleetmonitoring.euro-argo.eu/float/6903132"}}},{"type":"Feature","geometry":{"type":"LineString","coordinates":[[9.1509453,44.3516778],[9.1509631,44.3515834]]},"properties":{"osm_id":119861362,"osm_type":"way","seamark_type":"small_craft_facility","display_class":"OTHER","min_zoom":12,"importance":1,"name":null,"ref":null,"common":{"information":"manually","type":"small_craft_facility"},"children":{"small_craft_facility":{"category":"slipway"}},"osm_tags":{"leisure":"slipway","seamark:information":"manually","seamark:small_craft_facility:category":"slipway","seamark:type":"small_craft_facility"}}},{"type":"Feature","geometry":{"type":"LineString","coordinates":[[9.150647,44.3521962],[9.1504253,44.3521237]]},"properties":{"osm_id":119861363,"osm_type":"way","seamark_type":"small_craft_facility","display_class":"OTHER","min_zoom":12,"importance":1,"name":null,"ref":null,"common":{"information":"by car","type":"small_craft_facility"},"children":{"small_craft_facility":{"category":"slipway"}},"osm_tags":{"leisure":"slipway","seamark:information":"by car","seamark:small_craft_facility:category":"slipway","seamark:type":"small_craft_facility"}}},{"type":"Feature","geometry":{"type":"LineString","coordinates":[[9.1392767,44.3601522],[9.1392987,44.3601341],[9.1394334,44.3600269]]},"properties":{"osm_id":149967373,"osm_type":"way","seamark_type":"small_craft_facility","display_class":"OTHER","min_zoom":12,"importance":1,"name":null,"ref":null,"common":{"information":"by car","type":"small_craft_facility"},"children":{"small_craft_facility":{"category":"slipway"}},"osm_tags":{"highway":"service","leisure":"slipway","seamark:information":"by car","seamark:small_craft_facility:category":"slipway","seamark:type":"small_craft_facility","service":"slipway"}}},{"type":"Feature","geometry":{"type":"LineString","coordinates":[[9.1425947,44.3592924],[9.1427221,44.3594562],[9.1428031,44.3595516]]},"properties":{"osm_id":149967374,"osm_type":"way","seamark_type":"small_craft_facility","display_class":"OTHER","min_zoom":12,"importance":1,"name":null,"ref":null,"common":{"information":"by car","type":"small_craft_facility"},"children":{"small_craft_facility":{"category":"slipway"}},"osm_tags":{"highway":"service","leisure":"slipway","seamark:information":"by car","seamark:small_craft_facility:category":"slipway","seamark:type":"small_craft_facility","service":"slipway"}}},{"type":"Feature","geometry":{"type":"LineString","coordinates":[[9.8321821,44.0988843],[9.8332914,44.0998758],[9.8324768,44.1003383]]},"properties":{"osm_id":175933050,"osm_type":"way","seamark_type":"shoreline_construction","display_class":"OTHER","min_zoom":12,"importance":1,"name":null,"ref":null,"common":{"type":"shoreline_construction"},"children":{"shoreline_construction":{"category":"pier"}},"osm_tags":{"man_made":"pier","seamark:shoreline_construction:category":"pier","seamark:type":"shoreline_construction"}}},{"type":"Feature","geometry":{"type":"Polygon","coordinates":[[[9.2141624,44.3019096],[9.2141533,44.3019034],[9.2141426,44.3018989],[9.2141307,44.3018961],[9.2141181,44.3018953],[9.2141057,44.3018965],[9.2140941,44.3018997],[9.2140836,44.3019047],[9.2140749,44.3019111],[9.2140684,44.3019188],[9.2140645,44.3019273],[9.2140643,44.3019278],[9.2140646,44.3019305],[9.214067,44.3019394],[9.2140717,44.3019477],[9.2140786,44.3019553],[9.2140873,44.3019617],[9.2140976,44.3019668],[9.214109,44.3019705],[9.2141212,44.3019725],[9.2141337,44.3019727],[9.2141461,44.3019713],[9.2141564,44.3019662],[9.2141649,44.3019596],[9.2141711,44.3019519],[9.2141748,44.3019432],[9.2141757,44.3019343],[9.2141739,44.3019254],[9.2141694,44.301917],[9.2141624,44.3019096]]]},"properties":{"osm_id":204694298,"osm_type":"way","seamark_type":"light_minor","display_class":"OTHER","min_zoom":12,"importance":1,"name":null,"ref":null,"common":{"type":"light_minor"},"children":{"light":{"character":"Fl","colour":"green","height":"7","period":"3","range":"7","reference":"E 1246","sequence":"0.5+(2.5)"}},"osm_tags":{"building":"house","seamark:light:character":"Fl","seamark:light:colour":"green","seamark:light:height":"7","seamark:light:period":"3","seamark:light:range":"7","seamark:light:reference":"E 1246","seamark:light:sequence":"0.5+(2.5)","seamark:type":"light_minor","source":"US NGA Pub. 113. 2010-10-22.;Regione Liguria"}}},{"type":"Feature","geometry":{"type":"LineString","coordinates":[[9.8223778,44.0841624],[9.8225619,44.0840737]]},"properties":{"osm_id":236579388,"osm_type":"way","seamark_type":"small_craft_facility","display_class":"OTHER","min_zoom":12,"importance":1,"name":null,"ref":null,"common":{"type":"small_craft_facility"},"children":{"small_craft_facility":{"category":"slipway"}},"osm_tags":{"seamark:small_craft_facility:category":"slipway","seamark:type":"small_craft_facility"}}},{"type":"Feature","geometry":{"type":"LineString","coordinates":[[9.8225862,44.0834496],[9.822681,44.0835509]]},"properties":{"osm_id":236579389,"osm_type":"way","seamark_type":"small_craft_facility","display_class":"OTHER","min_zoom":12,"importance":1,"name":null,"ref":null,"common":{"type":"small_craft_facility"},"children":{"small_craft_facility":{"category":"slipway"}},"osm_tags":{"seamark:small_craft_facility:category":"slipway","seamark:type":"small_craft_facility"}}},{"type":"Feature","geometry":{"type":"Polygon","coordinates":[[[9.6307143,44.1209777],[9.6208835,44.1256999],[9.6270674,44.1353149],[9.6402281,44.12991],[9.6307143,44.1209777]]]},"properties":{"osm_id":308110224,"osm_type":"way","seamark_type":"restricted_area","display_class":"OTHER","min_zoom":12,"importance":1,"name":null,"ref":null,"common":{"type":"restricted_area"},"children":{"restricted_area":{"restriction":"no_anchoring;no_fishing"}},"osm_tags":{"seamark:restricted_area:restriction":"no_anchoring;no_fishing","seamark:type":"restricted_area"}}},{"type":"Feature","geometry":{"type":"Polygon","coordinates":[[[9.4918301,44.2368359],[9.4919129,44.2368347],[9.4920976,44.2369112],[9.4921795,44.2369584],[9.4923514,44.2370801],[9.492221,44.2371287],[9.4920016,44.2372559],[9.4920149,44.2372739],[9.4912515,44.2376615],[9.4912173,44.23763],[9.4910979,44.2375201],[9.4908006,44.2373385],[9.4906424,44.2373904],[9.4903876,44.2371311],[9.4912311,44.2366391],[9.4914514,44.2367412],[9.4914777,44.2367452],[9.4915527,44.2367534],[9.4916187,44.2367622],[9.4916912,44.2367773],[9.49179,44.2368169],[9.4918301,44.2368359]]]},"properties":{"osm_id":352924279,"osm_type":"way","seamark_type":"harbour","display_class":"OTHER","min_zoom":12,"importance":1,"name":null,"ref":null,"common":{"type":"harbour"},"children":{"harbour":{"category":"marina"}},"osm_tags":{"leisure":"marina","seamark:harbour:category":"marina","seamark:type":"harbour"}}},{"type":"Feature","geometry":{"type":"Polygon","coordinates":[[[9.4918474,44.2351755],[9.4917548,44.2351639],[9.4915577,44.2350496],[9.4916194,44.2349612],[9.4916904,44.2349218],[9.4918366,44.2350092],[9.4919399,44.2350832],[9.4919506,44.2351216],[9.4919057,44.2351572],[9.4918474,44.2351755]]]},"properties":{"osm_id":672939861,"osm_type":"way","seamark_type":"rock","display_class":"OTHER","min_zoom":12,"importance":1,"name":null,"ref":null,"common":{"type":"rock"},"children":{},"osm_tags":{"seamark:type":"rock"}}},{"type":"Feature","geometry":{"type":"LineString","coordinates":[[9.8715806,44.026813],[9.8665166,44.0498354],[9.9256753,44.0169534],[9.9256324,44.0027553]]},"properties":{"osm_id":899368413,"osm_type":"way","seamark_type":"separation_boundary","display_class":"OTHER","min_zoom":12,"importance":1,"name":null,"ref":null,"common":{"type":"separation_boundary"},"children":{},"osm_tags":{"seamark:type":"separation_boundary"}}},{"type":"Feature","geometry":{"type":"LineString","coordinates":[[9.8654373,44.0535545],[9.8557493,44.0668452]]},"properties":{"osm_id":899368414,"osm_type":"way","seamark_type":"separation_lane","display_class":"OTHER","min_zoom":12,"importance":1,"name":null,"ref":null,"common":{"type":"separation_lane"},"children":{},"osm_tags":{"seamark:type":"separation_lane"}}},{"type":"Feature","geometry":{"type":"LineString","coordinates":[[9.85327,44.0658982],[9.8625158,44.0524833]]},"properties":{"osm_id":899368415,"osm_type":"way","seamark_type":"separation_lane","display_class":"OTHER","min_zoom":12,"importance":1,"name":null,"ref":null,"common":{"type":"separation_lane"},"children":{},"osm_tags":{"seamark:type":"separation_lane"}}},{"type":"Feature","geometry":{"type":"LineString","coordinates":[[9.8639067,44.0529933],[9.8537171,44.0672986]]},"properties":{"osm_id":899368416,"osm_type":"way","seamark_type":"separation_line","display_class":"OTHER","min_zoom":12,"importance":1,"name":null,"ref":null,"common":{"type":"separation_line"},"children":{},"osm_tags":{"seamark:type":"separation_line"}}},{"type":"Feature","geometry":{"type":"LineString","coordinates":[[9.8511636,44.0669209],[9.8626649,44.0496619],[9.8679006,44.0263964]]},"properties":{"osm_id":899368417,"osm_type":"way","seamark_type":"separation_boundary","display_class":"OTHER","min_zoom":12,"importance":1,"name":null,"ref":null,"common":{"type":"separation_boundary"},"children":{},"osm_tags":{"seamark:type":"separation_boundary"}}},{"type":"Feature","geometry":{"type":"LineString","coordinates":[[9.948442,44.0191446],[9.9276923,44.0191601],[9.8687053,44.0517863],[9.856064,44.0687325]]},"properties":{"osm_id":899368418,"osm_type":"way","seamark_type":"separation_boundary","display_class":"OTHER","min_zoom":12,"importance":1,"name":null,"ref":null,"common":{"type":"separation_boundary"},"children":{},"osm_tags":{"seamark:type":"separation_boundary"}}},{"type":"Feature","geometry":{"type":"LineString","coordinates":[[9.8051673,44.1028358],[9.8152646,44.0975664],[9.8552942,44.0766719]]},"properties":{"osm_id":899369352,"osm_type":"way","seamark_type":"navigation_line","display_class":"OTHER","min_zoom":12,"importance":1,"name":null,"ref":null,"common":{"type":"navigation_line"},"children":{"navigation_line":{"category":"leading"}},"osm_tags":{"seamark:navigation_line:category":"leading","seamark:type":"navigation_line"}}},{"type":"Feature","geometry":{"type":"Polygon","coordinates":[[[9.7367449,44.0985243],[9.7365641,44.0981765],[9.736625,44.0981722],[9.7366741,44.0981596],[9.7367054,44.0981314],[9.736745,44.0980895],[9.736783,44.0980494],[9.7369305,44.0979534],[9.7370905,44.0978718],[9.7372253,44.0978227],[9.7373027,44.0978125],[9.7373811,44.0978466],[9.737438,44.0979038],[9.7374859,44.0979314],[9.7374168,44.0979632],[9.7373677,44.0980406],[9.7373612,44.0980997],[9.737381,44.0981612],[9.7373921,44.0981956],[9.7374164,44.0982042],[9.7374041,44.0982322],[9.7374439,44.0982867],[9.7375037,44.0983361],[9.7375597,44.0983568],[9.7375935,44.0983531],[9.7376257,44.0983265],[9.7376645,44.0983816],[9.7376905,44.0984407],[9.7377119,44.0984903],[9.7376903,44.0985044],[9.7376599,44.0985244],[9.7376356,44.0985433],[9.7375946,44.0985619],[9.73757,44.098557],[9.7375419,44.0985421],[9.7375238,44.0985247],[9.7374974,44.098511],[9.7374752,44.0985538],[9.7374079,44.0985242],[9.7373351,44.098496],[9.7372446,44.0984825],[9.7372121,44.098504],[9.7371921,44.0985354],[9.7372582,44.0985644],[9.7372965,44.0985834],[9.7372616,44.0986385],[9.7372096,44.0986191],[9.7371569,44.0986352],[9.7371365,44.0986772],[9.7371229,44.0986973],[9.7370938,44.0986843],[9.7370408,44.0986472],[9.7369376,44.0986091],[9.7368591,44.0985543],[9.7367697,44.0985215],[9.7367449,44.0985243]]]},"properties":{"osm_id":923712801,"osm_type":"way","seamark_type":"harbour","display_class":"OTHER","min_zoom":12,"importance":1,"name":null,"ref":null,"common":{"type":"harbour"},"children":{"harbour":{"category":"marina"}},"osm_tags":{"leisure":"marina","seamark:harbour:category":"marina","seamark:type":"harbour"}}},{"type":"Feature","geometry":{"type":"LineString","coordinates":[[9.8308333,44.1013333],[9.8324768,44.1003383]]},"properties":{"osm_id":997469077,"osm_type":"way","seamark_type":"shoreline_construction","display_class":"OTHER","min_zoom":12,"importance":1,"name":null,"ref":null,"common":{"type":"shoreline_construction"},"children":{"shoreline_construction":{"category":"pier"}},"osm_tags":{"man_made":"pier","seamark:shoreline_construction:category":"pier","seamark:type":"shoreline_construction"}}},{"type":"Feature","geometry":{"type":"LineString","coordinates":[[9.8227368,44.0832798],[9.8228246,44.083355]]},"properties":{"osm_id":1105634936,"osm_type":"way","seamark_type":"small_craft_facility","display_class":"OTHER","min_zoom":12,"importance":1,"name":null,"ref":null,"common":{"type":"small_craft_facility"},"children":{"small_craft_facility":{"category":"slipway"}},"osm_tags":{"seamark:small_craft_facility:category":"slipway","seamark:type":"small_craft_facility"}}},{"type":"Feature","geometry":{"type":"Polygon","coordinates":[[[9.2660157,44.3361054],[9.2659486,44.3360739],[9.2658385,44.3360055],[9.2658368,44.3359601],[9.2657987,44.3359317],[9.2657471,44.3359363],[9.2657122,44.3359282],[9.2656709,44.3358695],[9.2656591,44.3358584],[9.2656891,44.3358259],[9.2657661,44.3357804],[9.2658691,44.3357926],[9.2659437,44.3358488],[9.2659524,44.3359023],[9.2659387,44.3359543],[9.2660454,44.336014],[9.2660687,44.3360413],[9.2660479,44.3360932],[9.2660157,44.3361054]]]},"properties":{"osm_id":1308962826,"osm_type":"way","seamark_type":"shoreline_construction","display_class":"OTHER","min_zoom":12,"importance":1,"name":null,"ref":null,"common":{"type":"shoreline_construction"},"children":{},"osm_tags":{"area":"yes","man_made":"breakwater","material":"rock","seamark:type":"shoreline_construction"}}},{"type":"Feature","geometry":{"type":"Polygon","coordinates":[[[9.2667572,44.3354389],[9.2667881,44.3354108],[9.2668168,44.3353917],[9.2668803,44.3353752],[9.2669379,44.3353656],[9.2670075,44.3353611],[9.2670663,44.3353619],[9.2671465,44.3353627],[9.2672079,44.3353777],[9.2672632,44.3354089],[9.2673546,44.3354162],[9.2674219,44.3353986],[9.2674892,44.3354168],[9.2674892,44.3354436],[9.2673925,44.3354454],[9.2673563,44.3354777],[9.2673305,44.3355026],[9.2669745,44.3355082],[9.2667913,44.3354611],[9.2667572,44.3354389]]]},"properties":{"osm_id":1308962827,"osm_type":"way","seamark_type":"shoreline_construction","display_class":"OTHER","min_zoom":12,"importance":1,"name":null,"ref":null,"common":{"type":"shoreline_construction"},"children":{},"osm_tags":{"area":"yes","man_made":"breakwater","material":"stone","seamark:type":"shoreline_construction"}}},{"type":"Feature","geometry":{"type":"Polygon","coordinates":[[[9.9753819,44.0776633],[9.9754047,44.0776643],[9.9754289,44.0776556],[9.9755938,44.0775361],[9.9755997,44.0775261],[9.9756025,44.0775149],[9.9755938,44.0775005],[9.9755811,44.0774947],[9.9755589,44.0774976],[9.9755422,44.0775043],[9.9753766,44.0776252],[9.9753699,44.077646],[9.9753819,44.0776633]]]},"properties":{"osm_id":1367617046,"osm_type":"way","seamark_type":"wreck","display_class":"OTHER","min_zoom":12,"importance":1,"name":null,"ref":null,"common":{"type":"wreck"},"children":{"wreck":{"category":"dangerous"}},"osm_tags":{"historic":"wreck","seamark:type":"wreck","seamark:wreck:category":"dangerous","wreck:visible_at_low_tide":"yes"}}},{"type":"Feature","geometry":{"type":"Polygon","coordinates":[[[9.8568398,44.0697127],[9.8568228,44.0697095],[9.8568107,44.0697006],[9.8568048,44.0696899],[9.8568043,44.0695745],[9.8568051,44.0695647],[9.856814,44.0695545],[9.8568315,44.0695468],[9.8568475,44.069552],[9.8568579,44.0695605],[9.8568636,44.0695691],[9.8568729,44.0696861],[9.8568663,44.0696988],[9.8568565,44.069709],[9.8568398,44.0697127]]]},"properties":{"osm_id":1368279269,"osm_type":"way","seamark_type":"wreck","display_class":"OTHER","min_zoom":12,"importance":1,"name":null,"ref":null,"common":{"type":"wreck"},"children":{},"osm_tags":{"historic":"wreck","seamark:type":"wreck"}}},{"type":"Feature","geometry":{"type":"LineString","coordinates":[[9.0312813,44.3828138],[9.0314049,44.3830179]]},"properties":{"osm_id":1457841515,"osm_type":"way","seamark_type":"small_craft_facility","display_class":"OTHER","min_zoom":12,"importance":1,"name":null,"ref":null,"common":{"type":"small_craft_facility"},"children":{"small_craft_facility":{"category":"slipway"}},"osm_tags":{"highway":"service","leisure":"slipway","seamark:small_craft_facility:category":"slipway","seamark:type":"small_craft_facility","service":"slipway"}}},{"type":"Feature","geometry":{"type":"Point","coordinates":[9.8373862,44.0527859]},"properties":{"osm_id":4732564180,"osm_type":"node","seamark_type":"small_craft_facility","display_class":"OTHER","min_zoom":12,"importance":1,"name":"Agip","ref":null,"common":{"type":"small_craft_facility"},"children":{"small_craft_facility":{"category":"fuel_station"}},"osm_tags":{"name":"Agip","seamark:small_craft_facility:category":"fuel_station","seamark:type":"small_craft_facility","waterway":"fuel"}}},{"type":"Feature","geometry":{"type":"Point","coordinates":[9.9744282,44.0614791]},"properties":{"osm_id":4685462235,"osm_type":"node","seamark_type":"harbour","display_class":"OTHER","min_zoom":12,"importance":1,"name":"Bocca di Magra Marina del Ponte","ref":null,"common":{"type":"harbour"},"children":{"harbour":{"category":"marina"}},"osm_tags":{"leisure":"marina","name":"Bocca di Magra Marina del Ponte","seamark:harbour:category":"marina","seamark:type":"harbour"}}},{"type":"Feature","geometry":{"type":"Point","coordinates":[9.068373,44.3772436]},"properties":{"osm_id":4684424053,"osm_type":"node","seamark_type":"harbour","display_class":"OTHER","min_zoom":12,"importance":1,"name":"Bogliasco Small Harbour","ref":null,"common":{"type":"harbour"},"children":{"harbour":{"category":"marina"}},"osm_tags":{"leisure":"marina","name":"Bogliasco Small Harbour","seamark:harbour:category":"marina","seamark:type":"harbour"}}},{"type":"Feature","geometry":{"type":"Polygon","coordinates":[[[9.1492058,44.3517692],[9.1491951,44.3517548],[9.1491626,44.3517671],[9.1491781,44.3517881],[9.1492106,44.3517757],[9.1492058,44.3517692]]]},"properties":{"osm_id":204698131,"osm_type":"way","seamark_type":"light_minor","display_class":"OTHER","min_zoom":12,"importance":1,"name":"Camogli","ref":null,"common":{"information":"F.G., F.R. (vert.) shown from pier on N. side of entrance.","name":"Camogli","type":"light_minor"},"children":{"light":{"character":"Fl","colour":"white","height":"11","period":"3","range":"9","reference":"E 1236","sequence":"1+(2)"}},"osm_tags":{"building":"yes","description":"Elenco Fari n° 1671","seamark:information":"F.G., F.R. (vert.) shown from pier on N. side of entrance.","seamark:light:character":"Fl","seamark:light:colour":"white","seamark:light:height":"11","seamark:light:period":"3","seamark:light:range":"9","seamark:light:reference":"E 1236","seamark:light:sequence":"1+(2)","seamark:name":"Camogli","seamark:type":"light_minor","wikidata":"Q55606501"}}},{"type":"Feature","geometry":{"type":"Point","coordinates":[9.1508514,44.3515034]},"properties":{"osm_id":4684424055,"osm_type":"node","seamark_type":"harbour","display_class":"OTHER","min_zoom":12,"importance":1,"name":"Camogli Harbour","ref":null,"common":{"type":"harbour"},"children":{"harbour":{"category":"marina"}},"osm_tags":{"leisure":"marina","name":"Camogli Harbour","seamark:harbour:category":"marina","seamark:type":"harbour"}}},{"type":"Feature","geometry":{"type":"Point","coordinates":[9.8296386,44.1060342]},"properties":{"osm_id":215802259,"osm_type":"node","seamark_type":"building","display_class":"OTHER","min_zoom":12,"importance":1,"name":"Capitaneria di Porto","ref":null,"common":{"type":"building"},"children":{},"osm_tags":{"addr:city":"La Spezia","addr:country":"IT","addr:province":"SP","addr:state":"Liguria","addr:street":"Largo Michele Fiorillo","amenity":"police","name":"Capitaneria di Porto","office":"harbour_master","operator":"Guardia Costiera","operator:wikidata":"Q1552839","seamark:type":"building"}}},{"type":"Feature","geometry":{"type":"Point","coordinates":[9.3226639,44.3133842]},"properties":{"osm_id":4684470994,"osm_type":"node","seamark_type":"harbour","display_class":"OTHER","min_zoom":12,"importance":1,"name":"Chiavari Marina","ref":null,"common":{"type":"harbour"},"children":{"harbour":{"category":"marina"}},"osm_tags":{"leisure":"marina","name":"Chiavari Marina","seamark:harbour:category":"marina","seamark:type":"harbour"}}},{"type":"Feature","geometry":{"type":"LineString","coordinates":[[9.1510443,44.3517663],[9.1511116,44.3515981]]},"properties":{"osm_id":119861368,"osm_type":"way","seamark_type":"small_craft_facility","display_class":"OTHER","min_zoom":12,"importance":1,"name":"G. Barbagelata","ref":null,"common":{"information":"manually","type":"small_craft_facility"},"children":{"small_craft_facility":{"category":"slipway"}},"osm_tags":{"leisure":"slipway","name":"G. Barbagelata","seamark:information":"manually","seamark:small_craft_facility:category":"slipway","seamark:type":"small_craft_facility"}}},{"type":"Feature","geometry":{"type":"Point","coordinates":[9.4917002,44.2372609]},"properties":{"osm_id":5164513105,"osm_type":"node","seamark_type":"harbour","display_class":"OTHER","min_zoom":12,"importance":1,"name":"La Grotta Azzura","ref":null,"common":{"type":"harbour"},"children":{"harbour":{"category":"marina"}},"osm_tags":{"leisure":"marina","name":"La Grotta Azzura","seamark:harbour:category":"marina","seamark:type":"harbour"}}},{"type":"Feature","geometry":{"type":"Point","coordinates":[9.8303176,44.1058367]},"properties":{"osm_id":4685390141,"osm_type":"node","seamark_type":"harbour","display_class":"OTHER","min_zoom":12,"importance":1,"name":"La Spezia Commercial Harbour","ref":null,"common":{"type":"harbour"},"children":{"harbour":{"category":"marina"}},"osm_tags":{"leisure":"marina","name":"La Spezia Commercial Harbour","seamark:harbour:category":"marina","seamark:type":"harbour"}}},{"type":"Feature","geometry":{"type":"Point","coordinates":[9.8280903,44.0997854]},"properties":{"osm_id":4685390140,"osm_type":"node","seamark_type":"harbour","display_class":"OTHER","min_zoom":12,"importance":1,"name":"La Spezia Porto Mirabello Marina","ref":null,"common":{"type":"harbour"},"children":{"harbour":{"category":"marina"}},"osm_tags":{"fee":"yes","leisure":"marina","name":"La Spezia Porto Mirabello Marina","power_supply":"yes","sanitary_dump_station":"yes","seamark:harbour:category":"marina","seamark:type":"harbour","vhf":"73","wikidata":"Q34965661"}}},{"type":"Feature","geometry":{"type":"Point","coordinates":[9.8269317,44.1029703]},"properties":{"osm_id":4685390142,"osm_type":"node","seamark_type":"harbour","display_class":"OTHER","min_zoom":12,"importance":1,"name":"La Spezia Porto Turistico Assonautica Marina","ref":null,"common":{"type":"harbour"},"children":{"harbour":{"category":"marina"}},"osm_tags":{"leisure":"marina","name":"La Spezia Porto Turistico Assonautica Marina","seamark:harbour:category":"marina","seamark:type":"harbour"}}},{"type":"Feature","geometry":{"type":"Point","coordinates":[9.3405904,44.3067374]},"properties":{"osm_id":4685223801,"osm_type":"node","seamark_type":"harbour","display_class":"OTHER","min_zoom":12,"importance":1,"name":"Lavagna Marina","ref":null,"common":{"type":"harbour"},"children":{"harbour":{"category":"marina"}},"osm_tags":{"leisure":"marina","name":"Lavagna Marina","seamark:harbour:category":"marina","seamark:type":"harbour"}}},{"type":"Feature","geometry":{"type":"Point","coordinates":[9.9044667,44.0747814]},"properties":{"osm_id":1327347880,"osm_type":"node","seamark_type":"light_minor","display_class":"OTHER","min_zoom":12,"importance":1,"name":"Lerici","ref":null,"common":{"information":"Private light.196","name":"Lerici","type":"light_minor"},"children":{"light":{"category":"vertical","character":"F","colour":"green","height":"7","multiple":"2","range":"3","reference":"E 1324"}},"osm_tags":{"seamark:information":"Private light.196","seamark:light:category":"vertical","seamark:light:character":"F","seamark:light:colour":"green","seamark:light:height":"7","seamark:light:multiple":"2","seamark:light:range":"3","seamark:light:reference":"E 1324","seamark:name":"Lerici","seamark:type":"light_minor","source":"US NGA Pub. 113. 2010-10-22."}}},{"type":"Feature","geometry":{"type":"Point","coordinates":[9.9069398,44.0734883]},"properties":{"osm_id":4685440890,"osm_type":"node","seamark_type":"harbour","display_class":"OTHER","min_zoom":12,"importance":1,"name":"Lerici Harbour","ref":null,"common":{"type":"harbour"},"children":{"harbour":{"category":"marina"}},"osm_tags":{"leisure":"marina","name":"Lerici Harbour","seamark:harbour:category":"marina","seamark:type":"harbour"}}},{"type":"Feature","geometry":{"type":"Polygon","coordinates":[[[9.9727891,44.0804028],[9.9727515,44.0802848],[9.9731733,44.0802289],[9.9734147,44.0800531],[9.973756,44.0798397],[9.9741711,44.079726],[9.9743588,44.0799804],[9.9743317,44.0799953],[9.9741603,44.0800873],[9.9738693,44.0802742],[9.9736252,44.0804264],[9.9735636,44.0804023],[9.9735287,44.0803975],[9.9734429,44.0804669],[9.9732833,44.0804563],[9.9730164,44.0804746],[9.9729305,44.0804505],[9.9727891,44.0804028]]]},"properties":{"osm_id":1065345392,"osm_type":"way","seamark_type":"harbour","display_class":"OTHER","min_zoom":12,"importance":1,"name":"Luni Yachting","ref":null,"common":{"type":"harbour"},"children":{"harbour":{"category":"marina"}},"osm_tags":{"leisure":"marina","name":"Luni Yachting","sanitary_dump_station":"customers","seamark:harbour:category":"marina","seamark:type":"harbour"}}},{"type":"Feature","geometry":{"type":"Point","coordinates":[9.87309,44.0766531]},"properties":{"osm_id":8479362113,"osm_type":"node","seamark_type":"wreck","display_class":"OTHER","min_zoom":12,"importance":1,"name":"Margaret","ref":null,"common":{"type":"wreck"},"children":{"wreck":{"category":"mast_showing"}},"osm_tags":{"historic":"wreck","name":"Margaret","seamark:type":"wreck","seamark:wreck:category":"mast_showing","wreck:date_sunk":"2/12/2005"}}},{"type":"Feature","geometry":{"type":"Polygon","coordinates":[[[9.9794382,44.0736322],[9.9804466,44.0739134],[9.9828953,44.0748617],[9.9834154,44.0752294],[9.9835268,44.0753029],[9.983536,44.0753317],[9.9832624,44.0755586],[9.9830542,44.0756655],[9.982955,44.0757112],[9.9827815,44.0756961],[9.9825608,44.0756769],[9.9824585,44.0756307],[9.9816881,44.0752833],[9.9814831,44.0751909],[9.9808766,44.0749174],[9.9794253,44.0743639],[9.9792382,44.0742798],[9.9793584,44.0741234],[9.9793955,44.0739966],[9.9793984,44.0739453],[9.9793782,44.0739417],[9.9793905,44.0737639],[9.9794382,44.0736322]]]},"properties":{"osm_id":430206447,"osm_type":"way","seamark_type":"harbour","display_class":"OTHER","min_zoom":12,"importance":1,"name":"Marina 3B","ref":null,"common":{"type":"harbour"},"children":{"harbour":{"category":"marina"}},"osm_tags":{"addr:city":"San Lazzaro","addr:postcode":"19038","addr:street":"Viale 25 Aprile","leisure":"marina","name":"Marina 3B","seamark:harbour:category":"marina","seamark:type":"harbour","website":"https://www.marina3b.it/"}}},{"type":"Feature","geometry":{"type":"Point","coordinates":[9.8292314,44.1008399]},"properties":{"osm_id":2337603807,"osm_type":"node","seamark_type":"small_craft_facility","display_class":"OTHER","min_zoom":12,"importance":1,"name":"Mirabello terme petroli","ref":null,"common":{"type":"small_craft_facility"},"children":{"small_craft_facility":{"category":"fuel_station"}},"osm_tags":{"amenity":"fuel","compressed_air":"no","name":"Mirabello terme petroli","operator":"Mirabello terme petroli","seamark:small_craft_facility:category":"fuel_station","seamark:type":"small_craft_facility"}}},{"type":"Feature","geometry":{"type":"Point","coordinates":[9.3426949,44.303262]},"properties":{"osm_id":1327348003,"osm_type":"node","seamark_type":"light_minor","display_class":"OTHER","min_zoom":12,"importance":1,"name":"Molo Foraneo","ref":null,"common":{"information":"To avoid reef vessels should pass not closer than 60 meters.Private light.","name":"Molo Foraneo","type":"light_minor"},"children":{"light":{"character":"LFl","colour":"red","height":"12","period":"6","range":"6","reference":"E 1257.7","sequence":"2+(4)"}},"osm_tags":{"seamark:information":"To avoid reef vessels should pass not closer than 60 meters.Private light.","seamark:light:character":"LFl","seamark:light:colour":"red","seamark:light:height":"12","seamark:light:period":"6","seamark:light:range":"6","seamark:light:reference":"E 1257.7","seamark:light:sequence":"2+(4)","seamark:name":"Molo Foraneo","seamark:type":"light_minor","source":"US NGA Pub. 113. 2010-10-22."}}},{"type":"Feature","geometry":{"type":"Point","coordinates":[9.6546644,44.1450938]},"properties":{"osm_id":330291269,"osm_type":"node","seamark_type":"harbour","display_class":"OTHER","min_zoom":12,"importance":1,"name":"Monteroso Levante Small Harbour","ref":null,"common":{"type":"harbour"},"children":{"harbour":{"category":"marina"}},"osm_tags":{"leisure":"marina","name":"Monteroso Levante Small Harbour","seamark:harbour:category":"marina","seamark:type":"harbour"}}},{"type":"Feature","geometry":{"type":"Point","coordinates":[9.0319439,44.3824444]},"properties":{"osm_id":418904099,"osm_type":"node","seamark_type":"light_minor","display_class":"OTHER","min_zoom":12,"importance":1,"name":"Nervi","ref":null,"common":{"information":"Safety distance 35m.Private light. 196","name":"Nervi","type":"light_minor"},"children":{"light":{"category":"vertical","character":"F","colour":"red","height":"7","multiple":"2","range":"3","reference":"E 1233"}},"osm_tags":{"description":"Elenco Fari n. 1670.5","lighting:ranges":"3nm","seamark:information":"Safety distance 35m.Private light. 196","seamark:light:category":"vertical","seamark:light:character":"F","seamark:light:colour":"red","seamark:light:height":"7","seamark:light:multiple":"2","seamark:light:range":"3","seamark:light:reference":"E 1233","seamark:name":"Nervi","seamark:type":"light_minor","source":"US NGA Pub. 113. 2010-10-22."}}},{"type":"Feature","geometry":{"type":"Polygon","coordinates":[[[9.8551573,44.1002407],[9.8540381,44.0997172],[9.8537956,44.0999784],[9.8542821,44.1004025],[9.8532166,44.1017672],[9.8560551,44.1026053],[9.8557775,44.1029663],[9.856413,44.1032471],[9.8570451,44.1034765],[9.8574883,44.1029202],[9.8561476,44.1023785],[9.8563374,44.1021239],[9.8576358,44.1026492],[9.857769,44.1027203],[9.8579001,44.1025828],[9.857498,44.10215],[9.8573777,44.1017563],[9.8575298,44.1015954],[9.8549898,44.1004208],[9.8551573,44.1002407]]]},"properties":{"osm_id":1094818116,"osm_type":"way","seamark_type":"harbour","display_class":"OTHER","min_zoom":12,"importance":1,"name":"Pagliari","ref":null,"common":{"type":"harbour"},"children":{"harbour":{"category":"marina"}},"osm_tags":{"leisure":"marina","name":"Pagliari","power_supply":"yes","seamark:harbour:category":"marina","seamark:type":"harbour"}}},{"type":"Feature","geometry":{"type":"Point","coordinates":[9.6429,44.143826]},"properties":{"osm_id":4685271339,"osm_type":"node","seamark_type":"harbour","display_class":"OTHER","min_zoom":12,"importance":1,"name":"Porticciolo Monterosso Ponente","ref":null,"common":{"type":"harbour"},"children":{"harbour":{"category":"marina"}},"osm_tags":{"leisure":"marina","name":"Porticciolo Monterosso Ponente","seamark:harbour:category":"marina","seamark:type":"harbour"}}},{"type":"Feature","geometry":{"type":"Polygon","coordinates":[[[9.5563469,44.2000795],[9.5561228,44.20002],[9.5561099,44.1999952],[9.5560819,44.1999846],[9.5560824,44.1999744],[9.5560759,44.1999568],[9.5560684,44.1999508],[9.5561224,44.1998423],[9.5561692,44.1998194],[9.5562024,44.1997654],[9.556319,44.1996856],[9.5563575,44.1996209],[9.5564166,44.1995901],[9.556429,44.1995429],[9.556552,44.1994568],[9.5567698,44.1995467],[9.5567677,44.1996041],[9.5567606,44.1996533],[9.5567426,44.1997113],[9.5567053,44.1997782],[9.5566394,44.1998237],[9.5565072,44.1998672],[9.5564517,44.1999045],[9.5563317,44.1998301],[9.5563001,44.1998462],[9.5562862,44.1998707],[9.5563154,44.1999036],[9.5563773,44.1999804],[9.5564253,44.2000237],[9.5564296,44.2000372],[9.5564172,44.2000599],[9.5564003,44.2000732],[9.5563618,44.2000492],[9.5563389,44.2000491],[9.5563469,44.2000795]]]},"properties":{"osm_id":355437265,"osm_type":"way","seamark_type":"harbour","display_class":"OTHER","min_zoom":12,"importance":1,"name":"Porticciolo di Framura","ref":null,"common":{"type":"harbour"},"children":{"harbour":{"category":"marina"}},"osm_tags":{"harbour":"yes","leisure":"marina","name":"Porticciolo di Framura","seamark:harbour:category":"marina","seamark:type":"harbour"}}},{"type":"Feature","geometry":{"type":"Point","coordinates":[9.6029754,44.1721514]},"properties":{"osm_id":4685245135,"osm_type":"node","seamark_type":"harbour","display_class":"OTHER","min_zoom":12,"importance":1,"name":"Porticciolo di Levanto","ref":null,"common":{"type":"harbour"},"children":{"harbour":{"category":"marina"}},"osm_tags":{"leisure":"marina","name":"Porticciolo di Levanto","seamark:harbour:category":"marina","seamark:type":"harbour"}}},{"type":"Feature","geometry":{"type":"Point","coordinates":[9.032093,44.3829023]},"properties":{"osm_id":5853550346,"osm_type":"node","seamark_type":"harbour","display_class":"OTHER","min_zoom":12,"importance":1,"name":"Porticciolo di Nervi","ref":null,"common":{"type":"harbour"},"children":{"harbour":{"category":"marina"}},"osm_tags":{"leisure":"marina","name":"Porticciolo di Nervi","name:en":"Nervi Small Harbour","place":"locality","seamark:harbour:category":"marina","seamark:type":"harbour"}}},{"type":"Feature","geometry":{"type":"Point","coordinates":[9.1422582,44.3591397]},"properties":{"osm_id":4684424054,"osm_type":"node","seamark_type":"harbour","display_class":"OTHER","min_zoom":12,"importance":1,"name":"Porticciolo di Recco","ref":null,"common":{"type":"harbour"},"children":{"harbour":{"category":"marina"}},"osm_tags":{"leisure":"marina","name":"Porticciolo di Recco","power_supply":"no","sanitary_dump_station":"no","seamark:harbour:category":"marina","seamark:type":"harbour"}}},{"type":"Feature","geometry":{"type":"Point","coordinates":[9.6817637,44.135177]},"properties":{"osm_id":4685271340,"osm_type":"node","seamark_type":"harbour","display_class":"OTHER","min_zoom":12,"importance":1,"name":"Porticciolo di Vernazza","ref":null,"common":{"type":"harbour"},"children":{"harbour":{"category":"marina"}},"osm_tags":{"leisure":"marina","name":"Porticciolo di Vernazza","seamark:harbour:category":"marina","seamark:type":"harbour"}}},{"type":"Feature","geometry":{"type":"Polygon","coordinates":[[[9.9867504,44.0462559],[9.9869218,44.0461096],[9.9869744,44.0460414],[9.9868643,44.0459796],[9.986706,44.0458606],[9.9865485,44.0457415],[9.9860547,44.0454016],[9.9859621,44.0453772],[9.9858871,44.0453849],[9.9857187,44.045487],[9.9856717,44.0455377],[9.9855892,44.0455796],[9.9855047,44.0456365],[9.9854599,44.0456805],[9.9854144,44.0457602],[9.9853498,44.0458321],[9.9853063,44.0459223],[9.985281,44.0460666],[9.9852003,44.046198],[9.9852074,44.0462614],[9.985262,44.0463517],[9.9852587,44.0464312],[9.9852041,44.0465209],[9.9852323,44.0465886],[9.9852157,44.0466824],[9.9851306,44.0467604],[9.985054,44.0469599],[9.9856672,44.0473565],[9.9866796,44.0462332],[9.9867504,44.0462559]]]},"properties":{"osm_id":430206449,"osm_type":"way","seamark_type":"harbour","display_class":"OTHER","min_zoom":12,"importance":1,"name":"Porto Bocca di Magra","ref":null,"common":{"type":"harbour"},"children":{"harbour":{"category":"marina"}},"osm_tags":{"leisure":"marina","name":"Porto Bocca di Magra","seamark:harbour:category":"marina","seamark:type":"harbour","website":"https://www.portoboccadimagra.it/"}}},{"type":"Feature","geometry":{"type":"Polygon","coordinates":[[[9.8623075,44.0987059],[9.8622165,44.0988214],[9.8620994,44.0989372],[9.862011,44.0990211],[9.8619964,44.0990351],[9.8618234,44.0991933],[9.8617552,44.0991617],[9.8616683,44.0992525],[9.8614599,44.0991637],[9.8616463,44.0989306],[9.8612104,44.0987594],[9.8601329,44.098316],[9.8592302,44.0979979],[9.857657,44.0973577],[9.8570519,44.0970647],[9.8584096,44.0950289],[9.8623208,44.0960021],[9.8623772,44.0961784],[9.8623919,44.0961814],[9.8628788,44.0962818],[9.8625296,44.0971251],[9.8624502,44.0973169],[9.8624171,44.0974006],[9.8620722,44.0983313],[9.8620175,44.0984591],[9.8618606,44.0986004],[9.8621359,44.0986443],[9.8623075,44.0987059]]]},"properties":{"osm_id":312909914,"osm_type":"way","seamark_type":"harbour","display_class":"OTHER","min_zoom":12,"importance":1,"name":"Porto Lotti","ref":null,"common":{"type":"harbour"},"children":{"harbour":{"category":"marina"}},"osm_tags":{"leisure":"marina","name":"Porto Lotti","seamark:harbour:category":"marina","seamark:type":"harbour"}}},{"type":"Feature","geometry":{"type":"Point","coordinates":[9.211938,44.3035191]},"properties":{"osm_id":4684455179,"osm_type":"node","seamark_type":"harbour","display_class":"OTHER","min_zoom":12,"importance":1,"name":"Portofino Harbour","ref":null,"common":{"type":"harbour"},"children":{"harbour":{"category":"marina"}},"osm_tags":{"leisure":"marina","name":"Portofino Harbour","seamark:harbour:category":"marina","seamark:type":"harbour"}}},{"type":"Feature","geometry":{"type":"Point","coordinates":[9.8363371,44.0506379]},"properties":{"osm_id":1327347997,"osm_type":"node","seamark_type":"light_minor","display_class":"OTHER","min_zoom":12,"importance":1,"name":"Portovenere","ref":null,"common":{"name":"Portovenere","type":"light_minor"},"children":{"light":{"1:character":"F","1:colour":"red","1:height":"6","1:range":"3","1:sector_end":"25","1:sector_start":"85","reference":"E 1265"}},"osm_tags":{"seamark:light:1:character":"F","seamark:light:1:colour":"red","seamark:light:1:height":"6","seamark:light:1:range":"3","seamark:light:1:sector_end":"25","seamark:light:1:sector_start":"85","seamark:light:reference":"E 1265","seamark:name":"Portovenere","seamark:type":"light_minor","source":"US NGA Pub. 113. 2010-10-22."}}},{"type":"Feature","geometry":{"type":"Point","coordinates":[9.8350225,44.0504674]},"properties":{"osm_id":4685336433,"osm_type":"node","seamark_type":"harbour","display_class":"OTHER","min_zoom":12,"importance":1,"name":"Portovenere Marina Misenti","ref":null,"common":{"type":"harbour"},"children":{"harbour":{"category":"marina"}},"osm_tags":{"leisure":"marina","name":"Portovenere Marina Misenti","seamark:harbour:category":"marina","seamark:type":"harbour"}}},{"type":"Feature","geometry":{"type":"Point","coordinates":[9.8383375,44.0531714]},"properties":{"osm_id":4685336434,"osm_type":"node","seamark_type":"harbour","display_class":"OTHER","min_zoom":12,"importance":1,"name":"Portovenere Pontile Ignazio","ref":null,"common":{"type":"harbour"},"children":{"harbour":{"category":"marina"}},"osm_tags":{"leisure":"marina","name":"Portovenere Pontile Ignazio","seamark:harbour:category":"marina","seamark:type":"harbour"}}},{"type":"Feature","geometry":{"type":"Point","coordinates":[9.8510628,44.0669181]},"properties":{"osm_id":1327347994,"osm_type":"node","seamark_type":"light_minor","display_class":"OTHER","min_zoom":12,"importance":1,"name":"Punta Santa Maria","ref":null,"common":{"name":"Punta Santa Maria","type":"light_minor"},"children":{"light":{"character":"Fl","colour":"red","height":"11","period":"4","range":"9","reference":"E 1268","sequence":"1+(3)"},"radio_station":{"category":"ais","mmsi":"992471005"}},"osm_tags":{"seamark:light:character":"Fl","seamark:light:colour":"red","seamark:light:height":"11","seamark:light:period":"4","seamark:light:range":"9","seamark:light:reference":"E 1268","seamark:light:sequence":"1+(3)","seamark:name":"Punta Santa Maria","seamark:radio_station:category":"ais","seamark:radio_station:mmsi":"992471005","seamark:type":"light_minor","source":"US NGA Pub. 113. 2010-10-22."}}},{"type":"Feature","geometry":{"type":"Point","coordinates":[9.8812033,44.0811581]},"properties":{"osm_id":1327347882,"osm_type":"node","seamark_type":"light_minor","display_class":"OTHER","min_zoom":12,"importance":1,"name":"Punta Santa Teresa","ref":null,"common":{"name":"Punta Santa Teresa","type":"light_minor"},"children":{"light":{"character":"Fl","colour":"green","group":"2","height":"10","period":"6","range":"8","reference":"E 1274","sequence":"1+(1)+1+(3)"},"radio_station":{"category":"ais","mmsi":"992471007"}},"osm_tags":{"seamark:light:character":"Fl","seamark:light:colour":"green","seamark:light:group":"2","seamark:light:height":"10","seamark:light:period":"6","seamark:light:range":"8","seamark:light:reference":"E 1274","seamark:light:sequence":"1+(1)+1+(3)","seamark:name":"Punta Santa Teresa","seamark:radio_station:category":"ais","seamark:radio_station:mmsi":"992471007","seamark:type":"light_minor","source":"US NGA Pub. 113. 2010-10-22."}}},{"type":"Feature","geometry":{"type":"Point","coordinates":[9.2141221,44.3033413]},"properties":{"osm_id":1327348010,"osm_type":"node","seamark_type":"light_minor","display_class":"OTHER","min_zoom":12,"importance":1,"name":"Punta del Coppo","ref":null,"common":{"name":"Punta del Coppo","type":"light_minor"},"children":{"light":{"character":"Fl","colour":"red","height":"10","period":"3","range":"7","reference":"E 1248","sequence":"0.5+(2.5)"}},"osm_tags":{"seamark:light:character":"Fl","seamark:light:colour":"red","seamark:light:height":"10","seamark:light:period":"3","seamark:light:range":"7","seamark:light:reference":"E 1248","seamark:light:sequence":"0.5+(2.5)","seamark:name":"Punta del Coppo","seamark:type":"light_minor","source":"US NGA Pub. 113. 2010-10-22."}}},{"type":"Feature","geometry":{"type":"Point","coordinates":[9.2152985,44.3295404]},"properties":{"osm_id":4684455181,"osm_type":"node","seamark_type":"harbour","display_class":"OTHER","min_zoom":12,"importance":1,"name":"Santa Margherita Ligure Marina","ref":null,"common":{"type":"harbour"},"children":{"harbour":{"category":"marina"}},"osm_tags":{"check_date":"2024-10-15","leisure":"marina","name":"Santa Margherita Ligure Marina","seamark:harbour:category":"marina","seamark:type":"harbour"}}},{"type":"Feature","geometry":{"type":"Point","coordinates":[9.858381,44.0517179]},"properties":{"osm_id":1327347995,"osm_type":"node","seamark_type":"light_minor","display_class":"OTHER","min_zoom":12,"importance":1,"name":"Scoglio Torre della Scuola","ref":null,"common":{"name":"Scoglio Torre della Scuola","type":"light_minor"},"children":{"light":{"character":"Fl","colour":"white","group":"2","height":"16","period":"6","range":"10","reference":"E 1263","sequence":"1+(1)+1+(3)"},"radio_station":{"category":"ais","mmsi":"992471004"}},"osm_tags":{"seamark:light:character":"Fl","seamark:light:colour":"white","seamark:light:group":"2","seamark:light:height":"16","seamark:light:period":"6","seamark:light:range":"10","seamark:light:reference":"E 1263","seamark:light:sequence":"1+(1)+1+(3)","seamark:name":"Scoglio Torre della Scuola","seamark:radio_station:category":"ais","seamark:radio_station:mmsi":"992471004","seamark:type":"light_minor","source":"US NGA Pub. 113. 2010-10-22."}}},{"type":"Feature","geometry":{"type":"Point","coordinates":[9.8360999,44.0778996]},"properties":{"osm_id":1327347985,"osm_type":"node","seamark_type":"light_minor","display_class":"OTHER","min_zoom":12,"importance":1,"name":"Seno di Panigaglia","ref":null,"common":{"information":"Private light. 237","name":"Seno di Panigaglia","type":"light_minor"},"children":{"light":{"category":"vertical","character":"F","colour":"green","height":"8","multiple":"2","range":"3","reference":"E 1323"}},"osm_tags":{"seamark:information":"Private light. 237","seamark:light:category":"vertical","seamark:light:character":"F","seamark:light:colour":"green","seamark:light:height":"8","seamark:light:multiple":"2","seamark:light:range":"3","seamark:light:reference":"E 1323","seamark:name":"Seno di Panigaglia","seamark:type":"light_minor","source":"US NGA Pub. 113. 2010-10-22."}}},{"type":"Feature","geometry":{"type":"Point","coordinates":[9.3849495,44.2723269]},"properties":{"osm_id":1327347999,"osm_type":"node","seamark_type":"light_minor","display_class":"OTHER","min_zoom":12,"importance":1,"name":"Sestri Levante","ref":null,"common":{"information":"Private light.","name":"Sestri Levante","type":"light_minor"},"children":{"light":{"character":"F","colour":"green","height":"13","range":"3","reference":"E 1258"}},"osm_tags":{"seamark:information":"Private light.","seamark:light:character":"F","seamark:light:colour":"green","seamark:light:height":"13","seamark:light:range":"3","seamark:light:reference":"E 1258","seamark:name":"Sestri Levante","seamark:type":"light_minor","source":"US NGA Pub. 113. 2010-10-22."}}},{"type":"Feature","geometry":{"type":"Point","coordinates":[9.4913921,44.2374499]},"properties":{"osm_id":5164515825,"osm_type":"node","seamark_type":"harbour","display_class":"OTHER","min_zoom":12,"importance":1,"name":"Societa Pesca Sportiva Moneglia","ref":null,"common":{"type":"harbour"},"children":{"harbour":{"category":"marina"}},"osm_tags":{"leisure":"marina","name":"Societa Pesca Sportiva Moneglia","seamark:harbour:category":"marina","seamark:type":"harbour"}}},{"type":"Feature","geometry":{"type":"Point","coordinates":[9.2297166,44.3144333]},"properties":{"osm_id":663869696,"osm_type":"node","seamark_type":"wreck","display_class":"OTHER","min_zoom":12,"importance":1,"name":"Wrack `Genova`","ref":null,"common":{"type":"wreck"},"children":{},"osm_tags":{"historic":"wreck","name":"Wrack `Genova`","seamark:type":"wreck","source":"www.dive-links.com","sport":"scuba_diving","verified":"no, please check and del this tag","website":"http://www.dive-links.com/tauchplatz.php?id=1426"}}},{"type":"Feature","geometry":{"type":"Point","coordinates":[9.1902937,44.308127]},"properties":{"osm_id":663869695,"osm_type":"node","seamark_type":"wreck","display_class":"OTHER","min_zoom":12,"importance":1,"name":"Wreck `Mohawk Deer`","ref":null,"common":{"type":"wreck"},"children":{},"osm_tags":{"historic":"wreck","name":"Wreck `Mohawk Deer`","note":"GPS coordinates in http://www.dive-links.com/tauchplatz.php?id=1425 are totally wrong, this is an estimation of its position","seamark:type":"wreck","source":"www.dive-links.com","sport":"scuba_diving"}}}],"type":"FeatureCollection"}