{"type":"FeatureCollection","features":[{"type":"Feature","geometry":{"type":"Point","coordinates":[12.999078,48.792171]},"properties":{"osm_id":2657713072,"osm_type":"node","seamark_type":"beacon_lateral","display_class":"BEACON","min_zoom":9,"importance":4,"name":null,"ref":null,"common":{"type":"beacon_lateral"},"children":{"beacon_lateral":{"category":"waterway_left","colour":"green;white","colour_pattern":"horizontal","shape":"stake"},"daymark":{"colour":"white;green","colour_pattern":"border","shape":"cone, point up"}},"osm_tags":{"seamark:beacon_lateral:category":"waterway_left","seamark:beacon_lateral:colour":"green;white","seamark:beacon_lateral:colour_pattern":"horizontal","seamark:beacon_lateral:shape":"stake","seamark:daymark:colour":"white;green","seamark:daymark:colour_pattern":"border","seamark:daymark:shape":"cone, point up","seamark:type":"beacon_lateral"}}},{"type":"Feature","geometry":{"type":"Point","coordinates":[12.978489,48.803684]},"properties":{"osm_id":2657735218,"osm_type":"node","seamark_type":"beacon_lateral","display_class":"BEACON","min_zoom":9,"importance":4,"name":null,"ref":null,"common":{"type":"beacon_lateral"},"children":{"beacon_lateral":{"category":"channel_left_bank","shape":"stake"},"daymark":{"colour":"green;white","colour_pattern":"horizontal","shape":"rhombus"}},"osm_tags":{"seamark:beacon_lateral:category":"channel_left_bank","seamark:beacon_lateral:shape":"stake","seamark:daymark:colour":"green;white","seamark:daymark:colour_pattern":"horizontal","seamark:daymark:shape":"rhombus","seamark:type":"beacon_lateral"}}},{"type":"Feature","geometry":{"type":"Point","coordinates":[12.971614,48.809818]},"properties":{"osm_id":2657735338,"osm_type":"node","seamark_type":"beacon_lateral","display_class":"BEACON","min_zoom":9,"importance":4,"name":null,"ref":null,"common":{"type":"beacon_lateral"},"children":{"beacon_lateral":{"shape":"stake"},"daymark":{"shape":"board"}},"osm_tags":{"seamark:beacon_lateral:shape":"stake","seamark:daymark:shape":"board","seamark:type":"beacon_lateral"}}},{"type":"Feature","geometry":{"type":"Point","coordinates":[12.965359,48.82082]},"properties":{"osm_id":2657735464,"osm_type":"node","seamark_type":"beacon_lateral","display_class":"BEACON","min_zoom":9,"importance":4,"name":null,"ref":null,"common":{"type":"beacon_lateral"},"children":{"beacon_lateral":{"category":"waterway_right","colour":"red;white","colour_pattern":"horizontal","shape":"stake"},"daymark":{"colour":"white;red","colour_pattern":"border","shape":"cone, point down"}},"osm_tags":{"seamark:beacon_lateral:category":"waterway_right","seamark:beacon_lateral:colour":"red;white","seamark:beacon_lateral:colour_pattern":"horizontal","seamark:beacon_lateral:shape":"stake","seamark:daymark:colour":"white;red","seamark:daymark:colour_pattern":"border","seamark:daymark:shape":"cone, point down","seamark:type":"beacon_lateral"}}},{"type":"Feature","geometry":{"type":"Point","coordinates":[12.967085,48.82169]},"properties":{"osm_id":2657735504,"osm_type":"node","seamark_type":"beacon_lateral","display_class":"BEACON","min_zoom":9,"importance":4,"name":null,"ref":null,"common":{"type":"beacon_lateral"},"children":{"beacon_lateral":{"category":"channel_left_bank","shape":"stake"},"daymark":{"colour":"green;white","colour_pattern":"horizontal","shape":"rhombus"}},"osm_tags":{"seamark:beacon_lateral:category":"channel_left_bank","seamark:beacon_lateral:shape":"stake","seamark:daymark:colour":"green;white","seamark:daymark:colour_pattern":"horizontal","seamark:daymark:shape":"rhombus","seamark:type":"beacon_lateral"}}},{"type":"Feature","geometry":{"type":"Point","coordinates":[12.939756,48.833057]},"properties":{"osm_id":2657735931,"osm_type":"node","seamark_type":"beacon_lateral","display_class":"BEACON","min_zoom":9,"importance":4,"name":null,"ref":null,"common":{"type":"beacon_lateral"},"children":{"beacon_lateral":{"information":"Eingeschränkter Winterdienst. Betreten der Anlage auf eigene Gefahr.","shape":"stake"},"daymark":{"shape":"board"}},"osm_tags":{"seamark:beacon_lateral:information":"Eingeschränkter Winterdienst. Betreten der Anlage auf eigene Gefahr.","seamark:beacon_lateral:shape":"stake","seamark:daymark:shape":"board","seamark:type":"beacon_lateral"}}},{"type":"Feature","geometry":{"type":"Point","coordinates":[12.936674,48.834438]},"properties":{"osm_id":2657735949,"osm_type":"node","seamark_type":"beacon_lateral","display_class":"BEACON","min_zoom":9,"importance":4,"name":null,"ref":null,"common":{"type":"beacon_lateral"},"children":{"beacon_lateral":{"shape":"stake"},"daymark":{"shape":"board"}},"osm_tags":{"seamark:beacon_lateral:shape":"stake","seamark:daymark:shape":"board","seamark:type":"beacon_lateral"}}},{"type":"Feature","geometry":{"type":"Point","coordinates":[12.936169,48.834698]},"properties":{"osm_id":2657735954,"osm_type":"node","seamark_type":"beacon_lateral","display_class":"BEACON","min_zoom":9,"importance":4,"name":null,"ref":null,"common":{"type":"beacon_lateral"},"children":{"beacon_lateral":{"category":"channel_left_bank","shape":"stake"},"daymark":{"colour":"green;white","colour_pattern":"horizontal","shape":"rhombus"}},"osm_tags":{"seamark:beacon_lateral:category":"channel_left_bank","seamark:beacon_lateral:shape":"stake","seamark:daymark:colour":"green;white","seamark:daymark:colour_pattern":"horizontal","seamark:daymark:shape":"rhombus","seamark:type":"beacon_lateral"}}},{"type":"Feature","geometry":{"type":"Point","coordinates":[12.931381,48.836376]},"properties":{"osm_id":2657735977,"osm_type":"node","seamark_type":"beacon_lateral","display_class":"BEACON","min_zoom":9,"importance":4,"name":null,"ref":null,"common":{"type":"beacon_lateral"},"children":{"beacon_lateral":{"category":"channel_left_bank","shape":"stake"},"daymark":{"colour":"green;white","colour_pattern":"horizontal","shape":"rhombus"}},"osm_tags":{"seamark:beacon_lateral:category":"channel_left_bank","seamark:beacon_lateral:shape":"stake","seamark:daymark:colour":"green;white","seamark:daymark:colour_pattern":"horizontal","seamark:daymark:shape":"rhombus","seamark:type":"beacon_lateral"}}},{"type":"Feature","geometry":{"type":"Point","coordinates":[12.921293,48.83778]},"properties":{"osm_id":2657736003,"osm_type":"node","seamark_type":"beacon_lateral","display_class":"BEACON","min_zoom":9,"importance":4,"name":null,"ref":null,"common":{"type":"beacon_lateral"},"children":{"beacon_lateral":{"category":"channel_right_bank","shape":"stake"},"daymark":{"colour":"white;red;white","colour_pattern":"horizontal","shape":"square"}},"osm_tags":{"seamark:beacon_lateral:category":"channel_right_bank","seamark:beacon_lateral:shape":"stake","seamark:daymark:colour":"white;red;white","seamark:daymark:colour_pattern":"horizontal","seamark:daymark:shape":"square","seamark:type":"beacon_lateral"}}},{"type":"Feature","geometry":{"type":"Point","coordinates":[12.909368,48.845936]},"properties":{"osm_id":2657736279,"osm_type":"node","seamark_type":"beacon_lateral","display_class":"BEACON","min_zoom":9,"importance":4,"name":null,"ref":null,"common":{"type":"beacon_lateral"},"children":{"beacon_lateral":{"category":"channel_left_bank","shape":"stake"},"daymark":{"colour":"green;white","colour_pattern":"horizontal","shape":"rhombus"}},"osm_tags":{"seamark:beacon_lateral:category":"channel_left_bank","seamark:beacon_lateral:shape":"stake","seamark:daymark:colour":"green;white","seamark:daymark:colour_pattern":"horizontal","seamark:daymark:shape":"rhombus","seamark:type":"beacon_lateral"}}},{"type":"Feature","geometry":{"type":"Point","coordinates":[12.822403,48.824791]},"properties":{"osm_id":2657759052,"osm_type":"node","seamark_type":"beacon_lateral","display_class":"BEACON","min_zoom":9,"importance":4,"name":null,"ref":null,"common":{"type":"beacon_lateral"},"children":{"beacon_lateral":{"category":"waterway_right","colour":"red;white","colour_pattern":"horizontal","shape":"stake"},"daymark":{"colour":"white;red","colour_pattern":"border","shape":"cone, point down"}},"osm_tags":{"seamark:beacon_lateral:category":"waterway_right","seamark:beacon_lateral:colour":"red;white","seamark:beacon_lateral:colour_pattern":"horizontal","seamark:beacon_lateral:shape":"stake","seamark:daymark:colour":"white;red","seamark:daymark:colour_pattern":"border","seamark:daymark:shape":"cone, point down","seamark:type":"beacon_lateral"}}},{"type":"Feature","geometry":{"type":"Point","coordinates":[12.794044,48.825424]},"properties":{"osm_id":2657759221,"osm_type":"node","seamark_type":"beacon_lateral","display_class":"BEACON","min_zoom":9,"importance":4,"name":null,"ref":null,"common":{"type":"beacon_lateral"},"children":{"beacon_lateral":{"category":"channel_right_bank","shape":"stake"},"daymark":{"colour":"white;red;white","colour_pattern":"horizontal","shape":"square"}},"osm_tags":{"seamark:beacon_lateral:category":"channel_right_bank","seamark:beacon_lateral:shape":"stake","seamark:daymark:colour":"white;red;white","seamark:daymark:colour_pattern":"horizontal","seamark:daymark:shape":"square","seamark:type":"beacon_lateral"}}},{"type":"Feature","geometry":{"type":"Point","coordinates":[12.835876,48.828941]},"properties":{"osm_id":2657759444,"osm_type":"node","seamark_type":"beacon_lateral","display_class":"BEACON","min_zoom":9,"importance":4,"name":null,"ref":null,"common":{"type":"beacon_lateral"},"children":{"beacon_lateral":{"category":"channel_right_bank","shape":"stake"},"daymark":{"colour":"white;red;white","colour_pattern":"horizontal","shape":"square"}},"osm_tags":{"seamark:beacon_lateral:category":"channel_right_bank","seamark:beacon_lateral:shape":"stake","seamark:daymark:colour":"white;red;white","seamark:daymark:colour_pattern":"horizontal","seamark:daymark:shape":"square","seamark:type":"beacon_lateral"}}},{"type":"Feature","geometry":{"type":"Point","coordinates":[12.876405,48.839985]},"properties":{"osm_id":2657759786,"osm_type":"node","seamark_type":"beacon_lateral","display_class":"BEACON","min_zoom":9,"importance":4,"name":null,"ref":null,"common":{"type":"beacon_lateral"},"children":{"beacon_lateral":{"category":"channel_right_bank","shape":"stake"},"daymark":{"colour":"white;red;white","colour_pattern":"horizontal","shape":"square"}},"osm_tags":{"seamark:beacon_lateral:category":"channel_right_bank","seamark:beacon_lateral:shape":"stake","seamark:daymark:colour":"white;red;white","seamark:daymark:colour_pattern":"horizontal","seamark:daymark:shape":"square","seamark:type":"beacon_lateral"}}},{"type":"Feature","geometry":{"type":"Point","coordinates":[12.847576,48.841671]},"properties":{"osm_id":2657760087,"osm_type":"node","seamark_type":"beacon_lateral","display_class":"BEACON","min_zoom":9,"importance":4,"name":null,"ref":null,"common":{"type":"beacon_lateral"},"children":{"beacon_lateral":{"category":"channel_left_bank","shape":"stake"},"daymark":{"colour":"green;white","colour_pattern":"horizontal","shape":"rhombus"}},"osm_tags":{"seamark:beacon_lateral:category":"channel_left_bank","seamark:beacon_lateral:shape":"stake","seamark:daymark:colour":"green;white","seamark:daymark:colour_pattern":"horizontal","seamark:daymark:shape":"rhombus","seamark:type":"beacon_lateral"}}},{"type":"Feature","geometry":{"type":"Point","coordinates":[12.857285,48.844681]},"properties":{"osm_id":2657760500,"osm_type":"node","seamark_type":"beacon_lateral","display_class":"BEACON","min_zoom":9,"importance":4,"name":null,"ref":null,"common":{"type":"beacon_lateral"},"children":{"beacon_lateral":{"category":"channel_left_bank","shape":"stake"},"daymark":{"colour":"green;white","colour_pattern":"horizontal","shape":"rhombus"}},"osm_tags":{"seamark:beacon_lateral:category":"channel_left_bank","seamark:beacon_lateral:shape":"stake","seamark:daymark:colour":"green;white","seamark:daymark:colour_pattern":"horizontal","seamark:daymark:shape":"rhombus","seamark:type":"beacon_lateral"}}},{"type":"Feature","geometry":{"type":"Point","coordinates":[12.766654,48.83894]},"properties":{"osm_id":2657773637,"osm_type":"node","seamark_type":"beacon_lateral","display_class":"BEACON","min_zoom":9,"importance":4,"name":null,"ref":null,"common":{"type":"beacon_lateral"},"children":{"beacon_lateral":{"category":"channel_right_bank","shape":"stake"},"daymark":{"colour":"white;red;white","colour_pattern":"horizontal","shape":"square"}},"osm_tags":{"seamark:beacon_lateral:category":"channel_right_bank","seamark:beacon_lateral:shape":"stake","seamark:daymark:colour":"white;red;white","seamark:daymark:colour_pattern":"horizontal","seamark:daymark:shape":"square","seamark:type":"beacon_lateral"}}},{"type":"Feature","geometry":{"type":"Point","coordinates":[12.765968,48.839592]},"properties":{"osm_id":2657773645,"osm_type":"node","seamark_type":"beacon_lateral","display_class":"BEACON","min_zoom":9,"importance":4,"name":null,"ref":null,"common":{"type":"beacon_lateral"},"children":{"beacon_lateral":{"category":"waterway_right","colour":"red;white","colour_pattern":"horizontal","shape":"stake"},"daymark":{"colour":"white;red","colour_pattern":"border","shape":"cone, point down"}},"osm_tags":{"seamark:beacon_lateral:category":"waterway_right","seamark:beacon_lateral:colour":"red;white","seamark:beacon_lateral:colour_pattern":"horizontal","seamark:beacon_lateral:shape":"stake","seamark:daymark:colour":"white;red","seamark:daymark:colour_pattern":"border","seamark:daymark:shape":"cone, point down","seamark:type":"beacon_lateral"}}},{"type":"Feature","geometry":{"type":"Point","coordinates":[12.764763,48.841408]},"properties":{"osm_id":2657773661,"osm_type":"node","seamark_type":"beacon_lateral","display_class":"BEACON","min_zoom":9,"importance":4,"name":null,"ref":null,"common":{"type":"beacon_lateral"},"children":{"beacon_lateral":{"category":"waterway_right","colour":"red;white","colour_pattern":"horizontal","shape":"stake"},"daymark":{"colour":"white;red","colour_pattern":"border","shape":"cone, point down"}},"osm_tags":{"seamark:beacon_lateral:category":"waterway_right","seamark:beacon_lateral:colour":"red;white","seamark:beacon_lateral:colour_pattern":"horizontal","seamark:beacon_lateral:shape":"stake","seamark:daymark:colour":"white;red","seamark:daymark:colour_pattern":"border","seamark:daymark:shape":"cone, point down","seamark:type":"beacon_lateral"}}},{"type":"Feature","geometry":{"type":"Point","coordinates":[12.76412,48.842884]},"properties":{"osm_id":2657773673,"osm_type":"node","seamark_type":"beacon_lateral","display_class":"BEACON","min_zoom":9,"importance":4,"name":null,"ref":null,"common":{"type":"beacon_lateral"},"children":{"beacon_lateral":{"category":"channel_right_bank","shape":"stake"},"daymark":{"colour":"white;red;white","colour_pattern":"horizontal","shape":"square"}},"osm_tags":{"seamark:beacon_lateral:category":"channel_right_bank","seamark:beacon_lateral:shape":"stake","seamark:daymark:colour":"white;red;white","seamark:daymark:colour_pattern":"horizontal","seamark:daymark:shape":"square","seamark:type":"beacon_lateral"}}},{"type":"Feature","geometry":{"type":"Point","coordinates":[12.760084,48.867554]},"properties":{"osm_id":2657773831,"osm_type":"node","seamark_type":"beacon_lateral","display_class":"BEACON","min_zoom":9,"importance":4,"name":null,"ref":null,"common":{"type":"beacon_lateral"},"children":{"beacon_lateral":{"category":"channel_left_bank","shape":"stake"},"daymark":{"colour":"green;white","colour_pattern":"horizontal","shape":"rhombus"}},"osm_tags":{"seamark:beacon_lateral:category":"channel_left_bank","seamark:beacon_lateral:shape":"stake","seamark:daymark:colour":"green;white","seamark:daymark:colour_pattern":"horizontal","seamark:daymark:shape":"rhombus","seamark:type":"beacon_lateral"}}},{"type":"Feature","geometry":{"type":"Point","coordinates":[12.733798,48.885681]},"properties":{"osm_id":2657774084,"osm_type":"node","seamark_type":"beacon_lateral","display_class":"BEACON","min_zoom":9,"importance":4,"name":null,"ref":null,"common":{"type":"beacon_lateral"},"children":{"beacon_lateral":{"category":"channel_left_bank","shape":"stake"},"daymark":{"colour":"green;white","colour_pattern":"horizontal","shape":"rhombus"}},"osm_tags":{"seamark:beacon_lateral:category":"channel_left_bank","seamark:beacon_lateral:shape":"stake","seamark:daymark:colour":"green;white","seamark:daymark:colour_pattern":"horizontal","seamark:daymark:shape":"rhombus","seamark:type":"beacon_lateral"}}},{"type":"Feature","geometry":{"type":"Point","coordinates":[12.71814,48.88641]},"properties":{"osm_id":2657774111,"osm_type":"node","seamark_type":"beacon_lateral","display_class":"BEACON","min_zoom":9,"importance":4,"name":null,"ref":null,"common":{"type":"beacon_lateral"},"children":{"beacon_lateral":{"category":"channel_right_bank","shape":"stake"},"daymark":{"colour":"white;red;white","colour_pattern":"horizontal","shape":"square"}},"osm_tags":{"seamark:beacon_lateral:category":"channel_right_bank","seamark:beacon_lateral:shape":"stake","seamark:daymark:colour":"white;red;white","seamark:daymark:colour_pattern":"horizontal","seamark:daymark:shape":"square","seamark:type":"beacon_lateral"}}},{"type":"Feature","geometry":{"type":"Point","coordinates":[12.711924,48.892239]},"properties":{"osm_id":2657774224,"osm_type":"node","seamark_type":"beacon_lateral","display_class":"BEACON","min_zoom":9,"importance":4,"name":null,"ref":null,"common":{"type":"beacon_lateral"},"children":{"beacon_lateral":{"category":"channel_left_bank","shape":"stake"},"daymark":{"colour":"green;white","colour_pattern":"horizontal","shape":"rhombus"}},"osm_tags":{"seamark:beacon_lateral:category":"channel_left_bank","seamark:beacon_lateral:shape":"stake","seamark:daymark:colour":"green;white","seamark:daymark:colour_pattern":"horizontal","seamark:daymark:shape":"rhombus","seamark:type":"beacon_lateral"}}},{"type":"Feature","geometry":{"type":"Point","coordinates":[12.695471,48.895992]},"properties":{"osm_id":2657774544,"osm_type":"node","seamark_type":"beacon_lateral","display_class":"BEACON","min_zoom":9,"importance":4,"name":null,"ref":null,"common":{"type":"beacon_lateral"},"children":{"beacon_lateral":{"category":"channel_right_bank","shape":"stake"},"daymark":{"colour":"white;red;white","colour_pattern":"horizontal","shape":"square"}},"osm_tags":{"seamark:beacon_lateral:category":"channel_right_bank","seamark:beacon_lateral:shape":"stake","seamark:daymark:colour":"white;red;white","seamark:daymark:colour_pattern":"horizontal","seamark:daymark:shape":"square","seamark:type":"beacon_lateral"}}},{"type":"Feature","geometry":{"type":"Point","coordinates":[12.692394,48.900127]},"properties":{"osm_id":2657793457,"osm_type":"node","seamark_type":"beacon_lateral","display_class":"BEACON","min_zoom":9,"importance":4,"name":null,"ref":null,"common":{"type":"beacon_lateral"},"children":{"beacon_lateral":{"category":"channel_left_bank","shape":"stake"},"daymark":{"colour":"green;white","colour_pattern":"horizontal","shape":"rhombus"}},"osm_tags":{"seamark:beacon_lateral:category":"channel_left_bank","seamark:beacon_lateral:shape":"stake","seamark:daymark:colour":"green;white","seamark:daymark:colour_pattern":"horizontal","seamark:daymark:shape":"rhombus","seamark:type":"beacon_lateral"}}},{"type":"Feature","geometry":{"type":"Point","coordinates":[12.601762,48.9025]},"properties":{"osm_id":2657793579,"osm_type":"node","seamark_type":"beacon_lateral","display_class":"BEACON","min_zoom":9,"importance":4,"name":null,"ref":null,"common":{"type":"beacon_lateral"},"children":{"beacon_lateral":{"category":"waterway_left","colour":"green;white","colour_pattern":"horizontal","shape":"stake"},"daymark":{"colour":"white;green","colour_pattern":"border","shape":"cone, point up"}},"osm_tags":{"seamark:beacon_lateral:category":"waterway_left","seamark:beacon_lateral:colour":"green;white","seamark:beacon_lateral:colour_pattern":"horizontal","seamark:beacon_lateral:shape":"stake","seamark:daymark:colour":"white;green","seamark:daymark:colour_pattern":"border","seamark:daymark:shape":"cone, point up","seamark:type":"beacon_lateral"}}},{"type":"Feature","geometry":{"type":"Point","coordinates":[12.661627,48.906189]},"properties":{"osm_id":2657793824,"osm_type":"node","seamark_type":"beacon_lateral","display_class":"BEACON","min_zoom":9,"importance":4,"name":null,"ref":null,"common":{"type":"beacon_lateral"},"children":{"beacon_lateral":{"category":"channel_right_bank","shape":"stake"},"daymark":{"colour":"white;red;white","colour_pattern":"horizontal","shape":"square"}},"osm_tags":{"seamark:beacon_lateral:category":"channel_right_bank","seamark:beacon_lateral:shape":"stake","seamark:daymark:colour":"white;red;white","seamark:daymark:colour_pattern":"horizontal","seamark:daymark:shape":"square","seamark:type":"beacon_lateral"}}},{"type":"Feature","geometry":{"type":"Point","coordinates":[12.578198,48.887623]},"properties":{"osm_id":2665054730,"osm_type":"node","seamark_type":"beacon_lateral","display_class":"BEACON","min_zoom":9,"importance":4,"name":null,"ref":null,"common":{"type":"beacon_lateral"},"children":{"beacon_lateral":{"shape":"stake"},"daymark":{"shape":"board"}},"osm_tags":{"seamark:beacon_lateral:shape":"stake","seamark:daymark:shape":"board","seamark:type":"beacon_lateral"}}},{"type":"Feature","geometry":{"type":"Point","coordinates":[12.553309,48.899635]},"properties":{"osm_id":2665056559,"osm_type":"node","seamark_type":"beacon_lateral","display_class":"BEACON","min_zoom":9,"importance":4,"name":null,"ref":null,"common":{"type":"beacon_lateral"},"children":{"beacon_lateral":{"shape":"stake"},"daymark":{"shape":"board"}},"osm_tags":{"seamark:beacon_lateral:shape":"stake","seamark:daymark:shape":"board","seamark:type":"beacon_lateral"}}},{"type":"Feature","geometry":{"type":"Point","coordinates":[12.55333,48.900097]},"properties":{"osm_id":2665056882,"osm_type":"node","seamark_type":"beacon_lateral","display_class":"BEACON","min_zoom":9,"importance":4,"name":null,"ref":null,"common":{"type":"beacon_lateral"},"children":{"beacon_lateral":{"information":"Achtung Fehlstrecke zwischen km 2330 - 2322","shape":"stake"},"daymark":{"shape":"board"}},"osm_tags":{"seamark:beacon_lateral:information":"Achtung Fehlstrecke zwischen km 2330 - 2322","seamark:beacon_lateral:shape":"stake","seamark:daymark:shape":"board","seamark:type":"beacon_lateral"}}},{"type":"Feature","geometry":{"type":"Point","coordinates":[12.557897,48.900185]},"properties":{"osm_id":2665056917,"osm_type":"node","seamark_type":"beacon_lateral","display_class":"BEACON","min_zoom":9,"importance":4,"name":null,"ref":null,"common":{"type":"beacon_lateral"},"children":{"beacon_lateral":{"information":"Sportboote hier anhalten. Zur Schleusung über Sprechstelle melden. Weisung über Lautsprecher abwarten.","shape":"stake"},"daymark":{"shape":"board"}},"osm_tags":{"seamark:beacon_lateral:information":"Sportboote hier anhalten. Zur Schleusung über Sprechstelle melden. Weisung über Lautsprecher abwarten.","seamark:beacon_lateral:shape":"stake","seamark:daymark:shape":"board","seamark:type":"beacon_lateral"}}},{"type":"Feature","geometry":{"type":"Point","coordinates":[12.548676,48.900574]},"properties":{"osm_id":2665057053,"osm_type":"node","seamark_type":"beacon_lateral","display_class":"BEACON","min_zoom":9,"importance":4,"name":null,"ref":null,"common":{"type":"beacon_lateral"},"children":{"beacon_lateral":{"information":"Sportboote hier anhalten. Zur Schleusung über Sprechstelle melden. Weisung über Lautsprecher abwarten.","shape":"stake"},"daymark":{"shape":"board"}},"osm_tags":{"seamark:beacon_lateral:information":"Sportboote hier anhalten. Zur Schleusung über Sprechstelle melden. Weisung über Lautsprecher abwarten.","seamark:beacon_lateral:shape":"stake","seamark:daymark:shape":"board","seamark:type":"beacon_lateral"}}},{"type":"Feature","geometry":{"type":"Point","coordinates":[12.004775,48.928551]},"properties":{"osm_id":2680544357,"osm_type":"node","seamark_type":"beacon_lateral","display_class":"BEACON","min_zoom":9,"importance":4,"name":null,"ref":null,"common":{"type":"beacon_lateral"},"children":{"beacon_lateral":{"information":"\"Achtung Wehr Lebensgefahr\"","shape":"stake"},"daymark":{"shape":"board"}},"osm_tags":{"seamark:beacon_lateral:information":"\"Achtung Wehr Lebensgefahr\"","seamark:beacon_lateral:shape":"stake","seamark:daymark:shape":"board","seamark:type":"beacon_lateral"}}},{"type":"Feature","geometry":{"type":"Point","coordinates":[12.005651,48.929688]},"properties":{"osm_id":2680544453,"osm_type":"node","seamark_type":"beacon_lateral","display_class":"BEACON","min_zoom":9,"importance":4,"name":null,"ref":null,"common":{"type":"beacon_lateral"},"children":{"beacon_lateral":{"information":"\"Achtung Wehr Lebensgefahr\"","shape":"stake"},"daymark":{"shape":"board"}},"osm_tags":{"seamark:beacon_lateral:information":"\"Achtung Wehr Lebensgefahr\"","seamark:beacon_lateral:shape":"stake","seamark:daymark:shape":"board","seamark:type":"beacon_lateral"}}},{"type":"Feature","geometry":{"type":"Point","coordinates":[12.018815,48.944523]},"properties":{"osm_id":2683249376,"osm_type":"node","seamark_type":"beacon_lateral","display_class":"BEACON","min_zoom":9,"importance":4,"name":null,"ref":null,"common":{"type":"beacon_lateral"},"children":{"beacon_lateral":{"shape":"stake"},"daymark":{"shape":"board"}},"osm_tags":{"seamark:beacon_lateral:shape":"stake","seamark:daymark:shape":"board","seamark:type":"beacon_lateral"}}},{"type":"Feature","geometry":{"type":"Point","coordinates":[12.016026,48.94561]},"properties":{"osm_id":2683249454,"osm_type":"node","seamark_type":"beacon_lateral","display_class":"BEACON","min_zoom":9,"importance":4,"name":null,"ref":null,"common":{"type":"beacon_lateral"},"children":{"beacon_lateral":{"shape":"stake"},"daymark":{"shape":"board"}},"osm_tags":{"seamark:beacon_lateral:shape":"stake","seamark:daymark:shape":"board","seamark:type":"beacon_lateral"}}},{"type":"Feature","geometry":{"type":"Point","coordinates":[12.015633,48.945751]},"properties":{"osm_id":2683249462,"osm_type":"node","seamark_type":"beacon_lateral","display_class":"BEACON","min_zoom":9,"importance":4,"name":null,"ref":null,"common":{"type":"beacon_lateral"},"children":{"beacon_lateral":{"shape":"stake"},"daymark":{"shape":"board"}},"osm_tags":{"seamark:beacon_lateral:shape":"stake","seamark:daymark:shape":"board","seamark:type":"beacon_lateral"}}},{"type":"Feature","geometry":{"type":"Point","coordinates":[12.012953,48.9464]},"properties":{"osm_id":2683249521,"osm_type":"node","seamark_type":"beacon_lateral","display_class":"BEACON","min_zoom":9,"importance":4,"name":null,"ref":null,"common":{"type":"beacon_lateral"},"children":{"beacon_lateral":{"information":"2398.700","shape":"stake"},"daymark":{"shape":"board"}},"osm_tags":{"seamark:beacon_lateral:information":"2398.700","seamark:beacon_lateral:shape":"stake","seamark:daymark:shape":"board","seamark:type":"beacon_lateral"}}},{"type":"Feature","geometry":{"type":"Point","coordinates":[12.012373,48.946625]},"properties":{"osm_id":2683249525,"osm_type":"node","seamark_type":"beacon_lateral","display_class":"BEACON","min_zoom":9,"importance":4,"name":null,"ref":null,"common":{"type":"beacon_lateral"},"children":{"beacon_lateral":{"information":"Achtung Fehlstrecke zwischen km 2398.700 - 2397.100","shape":"stake"},"daymark":{"shape":"board"}},"osm_tags":{"seamark:beacon_lateral:information":"Achtung Fehlstrecke zwischen km 2398.700 - 2397.100","seamark:beacon_lateral:shape":"stake","seamark:daymark:shape":"board","seamark:type":"beacon_lateral"}}},{"type":"Feature","geometry":{"type":"Point","coordinates":[12.011789,48.94685]},"properties":{"osm_id":2683249531,"osm_type":"node","seamark_type":"beacon_lateral","display_class":"BEACON","min_zoom":9,"importance":4,"name":null,"ref":null,"common":{"type":"beacon_lateral"},"children":{"beacon_lateral":{"information":"2397.100","shape":"stake"},"daymark":{"shape":"board"}},"osm_tags":{"seamark:beacon_lateral:information":"2397.100","seamark:beacon_lateral:shape":"stake","seamark:daymark:shape":"board","seamark:type":"beacon_lateral"}}},{"type":"Feature","geometry":{"type":"Point","coordinates":[12.009933,48.947449]},"properties":{"osm_id":2683249592,"osm_type":"node","seamark_type":"beacon_lateral","display_class":"BEACON","min_zoom":9,"importance":4,"name":null,"ref":null,"common":{"type":"beacon_lateral"},"children":{"beacon_lateral":{"shape":"stake"},"daymark":{"shape":"board"}},"osm_tags":{"seamark:beacon_lateral:shape":"stake","seamark:daymark:shape":"board","seamark:type":"beacon_lateral"}}},{"type":"Feature","geometry":{"type":"Point","coordinates":[12.007643,48.948845]},"properties":{"osm_id":2683249659,"osm_type":"node","seamark_type":"beacon_lateral","display_class":"BEACON","min_zoom":9,"importance":4,"name":null,"ref":null,"common":{"type":"beacon_lateral"},"children":{"beacon_lateral":{"shape":"stake"},"daymark":{"shape":"board"}},"osm_tags":{"seamark:beacon_lateral:shape":"stake","seamark:daymark:shape":"board","seamark:type":"beacon_lateral"}}},{"type":"Feature","geometry":{"type":"Point","coordinates":[12.522802,48.945465]},"properties":{"osm_id":2703964024,"osm_type":"node","seamark_type":"beacon_lateral","display_class":"BEACON","min_zoom":9,"importance":4,"name":null,"ref":null,"common":{"type":"beacon_lateral"},"children":{"beacon_lateral":{"category":"waterway_left","colour":"green;white","colour_pattern":"horizontal","shape":"stake"},"daymark":{"colour":"white;green","colour_pattern":"border","shape":"cone, point up"}},"osm_tags":{"seamark:beacon_lateral:category":"waterway_left","seamark:beacon_lateral:colour":"green;white","seamark:beacon_lateral:colour_pattern":"horizontal","seamark:beacon_lateral:shape":"stake","seamark:daymark:colour":"white;green","seamark:daymark:colour_pattern":"border","seamark:daymark:shape":"cone, point up","seamark:type":"beacon_lateral"}}},{"type":"Feature","geometry":{"type":"Point","coordinates":[12.521732,48.946159]},"properties":{"osm_id":2703964176,"osm_type":"node","seamark_type":"beacon_lateral","display_class":"BEACON","min_zoom":9,"importance":4,"name":null,"ref":null,"common":{"type":"beacon_lateral"},"children":{"beacon_lateral":{"category":"waterway_left","colour":"green;white","colour_pattern":"horizontal","shape":"stake"},"daymark":{"colour":"white;green","colour_pattern":"border","shape":"cone, point up"}},"osm_tags":{"seamark:beacon_lateral:category":"waterway_left","seamark:beacon_lateral:colour":"green;white","seamark:beacon_lateral:colour_pattern":"horizontal","seamark:beacon_lateral:shape":"stake","seamark:daymark:colour":"white;green","seamark:daymark:colour_pattern":"border","seamark:daymark:shape":"cone, point up","seamark:type":"beacon_lateral"}}},{"type":"Feature","geometry":{"type":"Point","coordinates":[12.520533,48.946754]},"properties":{"osm_id":2703964256,"osm_type":"node","seamark_type":"beacon_lateral","display_class":"BEACON","min_zoom":9,"importance":4,"name":null,"ref":null,"common":{"type":"beacon_lateral"},"children":{"beacon_lateral":{"category":"waterway_left","colour":"green;white","colour_pattern":"horizontal","shape":"stake"},"daymark":{"colour":"white;green","colour_pattern":"border","shape":"cone, point up"}},"osm_tags":{"seamark:beacon_lateral:category":"waterway_left","seamark:beacon_lateral:colour":"green;white","seamark:beacon_lateral:colour_pattern":"horizontal","seamark:beacon_lateral:shape":"stake","seamark:daymark:colour":"white;green","seamark:daymark:colour_pattern":"border","seamark:daymark:shape":"cone, point up","seamark:type":"beacon_lateral"}}},{"type":"Feature","geometry":{"type":"Point","coordinates":[12.437332,48.971596]},"properties":{"osm_id":2704115584,"osm_type":"node","seamark_type":"beacon_lateral","display_class":"BEACON","min_zoom":9,"importance":4,"name":null,"ref":null,"common":{"type":"beacon_lateral"},"children":{"beacon_lateral":{"category":"waterway_left","colour":"green;white","colour_pattern":"horizontal","shape":"stake"},"daymark":{"colour":"white;green","colour_pattern":"border","shape":"cone, point up"}},"osm_tags":{"seamark:beacon_lateral:category":"waterway_left","seamark:beacon_lateral:colour":"green;white","seamark:beacon_lateral:colour_pattern":"horizontal","seamark:beacon_lateral:shape":"stake","seamark:daymark:colour":"white;green","seamark:daymark:colour_pattern":"border","seamark:daymark:shape":"cone, point up","seamark:type":"beacon_lateral"}}},{"type":"Feature","geometry":{"type":"Point","coordinates":[12.361671,48.974056]},"properties":{"osm_id":2710854907,"osm_type":"node","seamark_type":"beacon_lateral","display_class":"BEACON","min_zoom":9,"importance":4,"name":null,"ref":null,"common":{"type":"beacon_lateral"},"children":{"beacon_lateral":{"category":"waterway_right","colour":"red;white","colour_pattern":"horizontal","shape":"stake"},"daymark":{"colour":"white;red","colour_pattern":"border","shape":"cone, point down"}},"osm_tags":{"seamark:beacon_lateral:category":"waterway_right","seamark:beacon_lateral:colour":"red;white","seamark:beacon_lateral:colour_pattern":"horizontal","seamark:beacon_lateral:shape":"stake","seamark:daymark:colour":"white;red","seamark:daymark:colour_pattern":"border","seamark:daymark:shape":"cone, point down","seamark:type":"beacon_lateral"}}},{"type":"Feature","geometry":{"type":"Point","coordinates":[12.359653,48.974697]},"properties":{"osm_id":2710855026,"osm_type":"node","seamark_type":"beacon_lateral","display_class":"BEACON","min_zoom":9,"importance":4,"name":null,"ref":null,"common":{"type":"beacon_lateral"},"children":{"beacon_lateral":{"category":"waterway_right","colour":"red;white","colour_pattern":"horizontal","shape":"stake"},"daymark":{"colour":"white;red","colour_pattern":"border","shape":"cone, point down"}},"osm_tags":{"seamark:beacon_lateral:category":"waterway_right","seamark:beacon_lateral:colour":"red;white","seamark:beacon_lateral:colour_pattern":"horizontal","seamark:beacon_lateral:shape":"stake","seamark:daymark:colour":"white;red","seamark:daymark:colour_pattern":"border","seamark:daymark:shape":"cone, point down","seamark:type":"beacon_lateral"}}},{"type":"Feature","geometry":{"type":"Point","coordinates":[12.357743,48.975117]},"properties":{"osm_id":2710855104,"osm_type":"node","seamark_type":"beacon_lateral","display_class":"BEACON","min_zoom":9,"importance":4,"name":null,"ref":null,"common":{"type":"beacon_lateral"},"children":{"beacon_lateral":{"category":"waterway_right","colour":"red;white","colour_pattern":"horizontal","shape":"stake"},"daymark":{"colour":"white;red","colour_pattern":"border","shape":"cone, point down"}},"osm_tags":{"seamark:beacon_lateral:category":"waterway_right","seamark:beacon_lateral:colour":"red;white","seamark:beacon_lateral:colour_pattern":"horizontal","seamark:beacon_lateral:shape":"stake","seamark:daymark:colour":"white;red","seamark:daymark:colour_pattern":"border","seamark:daymark:shape":"cone, point down","seamark:type":"beacon_lateral"}}},{"type":"Feature","geometry":{"type":"Point","coordinates":[12.4012676,48.1906166]},"properties":{"osm_id":21696648,"osm_type":"node","seamark_type":"distance_mark","display_class":"OTHER","min_zoom":12,"importance":1,"name":null,"ref":null,"common":{"type":"distance_mark"},"children":{"distance_mark":{"category":"not_installed","distance":"2","units":"kilometres"}},"osm_tags":{"seamark:distance_mark:category":"not_installed","seamark:distance_mark:distance":"2","seamark:distance_mark:units":"kilometres","seamark:type":"distance_mark","source":"interpolation of existing waterway=milestone nodes in the neighborhood"}}},{"type":"Feature","geometry":{"type":"Point","coordinates":[12.3384556,48.9882766]},"properties":{"osm_id":33259823,"osm_type":"node","seamark_type":"distance_mark","display_class":"OTHER","min_zoom":12,"importance":1,"name":null,"ref":null,"common":{"type":"distance_mark"},"children":{"distance_mark":{"category":"not_installed","distance":"2357","units":"kilometres"}},"osm_tags":{"seamark:distance_mark:category":"not_installed","seamark:distance_mark:distance":"2357","seamark:distance_mark:units":"kilometres","seamark:type":"distance_mark"}}},{"type":"Feature","geometry":{"type":"Point","coordinates":[12.3611502,48.9748042]},"properties":{"osm_id":33259831,"osm_type":"node","seamark_type":"distance_mark","display_class":"OTHER","min_zoom":12,"importance":1,"name":null,"ref":null,"common":{"type":"distance_mark"},"children":{"distance_mark":{"category":"not_installed","distance":"2353","units":"kilometres"}},"osm_tags":{"seamark:distance_mark:category":"not_installed","seamark:distance_mark:distance":"2353","seamark:distance_mark:units":"kilometres","seamark:type":"distance_mark"}}},{"type":"Feature","geometry":{"type":"Point","coordinates":[12.4669208,48.9645566]},"properties":{"osm_id":33259853,"osm_type":"node","seamark_type":"distance_mark","display_class":"OTHER","min_zoom":12,"importance":1,"name":null,"ref":null,"common":{"type":"distance_mark"},"children":{"distance_mark":{"category":"not_installed","distance":"2344","units":"kilometres"}},"osm_tags":{"river:waterway_distance":"2344","seamark:distance_mark:category":"not_installed","seamark:distance_mark:distance":"2344","seamark:distance_mark:units":"kilometres","seamark:type":"distance_mark"}}},{"type":"Feature","geometry":{"type":"Point","coordinates":[12.4679699,48.9558733]},"properties":{"osm_id":33259855,"osm_type":"node","seamark_type":"distance_mark","display_class":"OTHER","min_zoom":12,"importance":1,"name":null,"ref":null,"common":{"type":"distance_mark"},"children":{"distance_mark":{"category":"not_installed","distance":"2343","units":"kilometres"}},"osm_tags":{"seamark:distance_mark:category":"not_installed","seamark:distance_mark:distance":"2343","seamark:distance_mark:units":"kilometres","seamark:type":"distance_mark"}}},{"type":"Feature","geometry":{"type":"Point","coordinates":[12.5712203,48.0918398]},"properties":{"osm_id":71611200,"osm_type":"node","seamark_type":"distance_mark","display_class":"OTHER","min_zoom":12,"importance":1,"name":null,"ref":null,"common":{"type":"distance_mark"},"children":{"distance_mark":{"category":"not_installed","distance":"33","units":"kilometres"}},"osm_tags":{"seamark:distance_mark:category":"not_installed","seamark:distance_mark:distance":"33","seamark:distance_mark:units":"kilometres","seamark:type":"distance_mark","source":"interpolation of existing waterway=milestone nodes"}}},{"type":"Feature","geometry":{"type":"Point","coordinates":[12.5749546,48.1081908]},"properties":{"osm_id":71611236,"osm_type":"node","seamark_type":"distance_mark","display_class":"OTHER","min_zoom":12,"importance":1,"name":null,"ref":null,"common":{"type":"distance_mark"},"children":{"distance_mark":{"category":"not_installed","distance":"31","units":"kilometres"}},"osm_tags":{"seamark:distance_mark:category":"not_installed","seamark:distance_mark:distance":"31","seamark:distance_mark:units":"kilometres","seamark:type":"distance_mark","source":"existing waterway=milestone nodes"}}},{"type":"Feature","geometry":{"type":"Point","coordinates":[12.6681107,48.1538374]},"properties":{"osm_id":71611589,"osm_type":"node","seamark_type":"distance_mark","display_class":"OTHER","min_zoom":12,"importance":1,"name":null,"ref":null,"common":{"type":"distance_mark"},"children":{"distance_mark":{"category":"not_installed","distance":"21","units":"kilometres"}},"osm_tags":{"seamark:distance_mark:category":"not_installed","seamark:distance_mark:distance":"21","seamark:distance_mark:units":"kilometres","seamark:type":"distance_mark","source":"existing waterway=milestone nodes"}}},{"type":"Feature","geometry":{"type":"Point","coordinates":[12.7119966,48.1662605]},"properties":{"osm_id":71611729,"osm_type":"node","seamark_type":"distance_mark","display_class":"OTHER","min_zoom":12,"importance":1,"name":null,"ref":null,"common":{"type":"distance_mark"},"children":{"distance_mark":{"category":"not_installed","distance":"17","units":"kilometres"}},"osm_tags":{"seamark:distance_mark:category":"not_installed","seamark:distance_mark:distance":"17","seamark:distance_mark:units":"kilometres","seamark:type":"distance_mark","source":"existing waterway=milestone nodes"}}},{"type":"Feature","geometry":{"type":"Point","coordinates":[12.7237327,48.1684831]},"properties":{"osm_id":71611767,"osm_type":"node","seamark_type":"distance_mark","display_class":"OTHER","min_zoom":12,"importance":1,"name":null,"ref":null,"common":{"type":"distance_mark"},"children":{"distance_mark":{"category":"not_installed","distance":"16","units":"kilometres"}},"osm_tags":{"seamark:distance_mark:category":"not_installed","seamark:distance_mark:distance":"16","seamark:distance_mark:units":"kilometres","seamark:type":"distance_mark","source":"interpolation of existing waterway=milestone nodes"}}},{"type":"Feature","geometry":{"type":"Point","coordinates":[12.8452736,48.1659715]},"properties":{"osm_id":84814485,"osm_type":"node","seamark_type":"distance_mark","display_class":"OTHER","min_zoom":12,"importance":1,"name":null,"ref":null,"common":{"type":"distance_mark"},"children":{"distance_mark":{"category":"not_installed","distance":"10","units":"kilometres"}},"osm_tags":{"seamark:distance_mark:category":"not_installed","seamark:distance_mark:distance":"10","seamark:distance_mark:units":"kilometres","seamark:type":"distance_mark","source":"interpolation of existing waterway=milestone nodes in the neighborhood"}}},{"type":"Feature","geometry":{"type":"Point","coordinates":[12.8052173,48.1493193]},"properties":{"osm_id":86071044,"osm_type":"node","seamark_type":"distance_mark","display_class":"OTHER","min_zoom":12,"importance":1,"name":null,"ref":null,"common":{"type":"distance_mark"},"children":{"distance_mark":{"category":"not_installed","distance":"14","units":"kilometres"}},"osm_tags":{"seamark:distance_mark:category":"not_installed","seamark:distance_mark:distance":"14","seamark:distance_mark:units":"kilometres","seamark:type":"distance_mark","source":"existing waterway=milestone nodes"}}},{"type":"Feature","geometry":{"type":"Point","coordinates":[12.7670679,48.1288544]},"properties":{"osm_id":86071068,"osm_type":"node","seamark_type":"distance_mark","display_class":"OTHER","min_zoom":12,"importance":1,"name":null,"ref":null,"common":{"type":"distance_mark"},"children":{"distance_mark":{"category":"not_installed","distance":"19","units":"kilometres"}},"osm_tags":{"seamark:distance_mark:category":"not_installed","seamark:distance_mark:distance":"19","seamark:distance_mark:units":"kilometres","seamark:type":"distance_mark","source":"interpolation of existing waterway=milestone nodes in the neighborhood"}}},{"type":"Feature","geometry":{"type":"Point","coordinates":[12.752167,48.0902391]},"properties":{"osm_id":87145092,"osm_type":"node","seamark_type":"distance_mark","display_class":"OTHER","min_zoom":12,"importance":1,"name":null,"ref":null,"common":{"type":"distance_mark"},"children":{"distance_mark":{"category":"not_installed","distance":"24","units":"kilometres"}},"osm_tags":{"seamark:distance_mark:category":"not_installed","seamark:distance_mark:distance":"24","seamark:distance_mark:units":"kilometres","seamark:type":"distance_mark","source":"existing waterway=milestone nodes"}}},{"type":"Feature","geometry":{"type":"Point","coordinates":[12.7609335,48.0735553]},"properties":{"osm_id":87145111,"osm_type":"node","seamark_type":"distance_mark","display_class":"OTHER","min_zoom":12,"importance":1,"name":null,"ref":null,"common":{"type":"distance_mark"},"children":{"distance_mark":{"category":"not_installed","distance":"26","units":"kilometres"}},"osm_tags":{"seamark:distance_mark:category":"not_installed","seamark:distance_mark:distance":"26","seamark:distance_mark:units":"kilometres","seamark:type":"distance_mark","source":"existing waterway=milestone nodes"}}},{"type":"Feature","geometry":{"type":"Point","coordinates":[12.819764,48.0365588]},"properties":{"osm_id":87145128,"osm_type":"node","seamark_type":"distance_mark","display_class":"OTHER","min_zoom":12,"importance":1,"name":null,"ref":null,"common":{"type":"distance_mark"},"children":{"distance_mark":{"category":"not_installed","distance":"32","units":"kilometres"}},"osm_tags":{"seamark:distance_mark:category":"not_installed","seamark:distance_mark:distance":"32","seamark:distance_mark:units":"kilometres","seamark:type":"distance_mark","source":"existing waterway=milestone nodes"}}},{"type":"Feature","geometry":{"type":"Point","coordinates":[12.8396104,48.0244257]},"properties":{"osm_id":87145135,"osm_type":"node","seamark_type":"distance_mark","display_class":"OTHER","min_zoom":12,"importance":1,"name":null,"ref":null,"common":{"type":"distance_mark"},"children":{"distance_mark":{"category":"not_installed","distance":"34","units":"kilometres"}},"osm_tags":{"seamark:distance_mark:category":"not_installed","seamark:distance_mark:distance":"34","seamark:distance_mark:units":"kilometres","seamark:type":"distance_mark","source":"existing waterway=milestone nodes"}}},{"type":"Feature","geometry":{"type":"Point","coordinates":[12.8556673,48.0100702]},"properties":{"osm_id":87145148,"osm_type":"node","seamark_type":"distance_mark","display_class":"OTHER","min_zoom":12,"importance":1,"name":null,"ref":null,"common":{"type":"distance_mark"},"children":{"distance_mark":{"category":"not_installed","distance":"36","units":"kilometres"}},"osm_tags":{"seamark:distance_mark:category":"not_installed","seamark:distance_mark:distance":"36","seamark:distance_mark:units":"kilometres","seamark:type":"distance_mark","source":"existing waterway=milestone nodes"}}},{"type":"Feature","geometry":{"type":"Point","coordinates":[12.8177945,48.1522149]},"properties":{"osm_id":288395510,"osm_type":"node","seamark_type":"distance_mark","display_class":"OTHER","min_zoom":12,"importance":1,"name":null,"ref":null,"common":{"type":"distance_mark"},"children":{"distance_mark":{"category":"not_installed","distance":"13","units":"kilometres"}},"osm_tags":{"seamark:distance_mark:category":"not_installed","seamark:distance_mark:distance":"13","seamark:distance_mark:units":"kilometres","seamark:type":"distance_mark","source":"existing waterway=milestone nodes"}}},{"type":"Feature","geometry":{"type":"Point","coordinates":[12.5012699,48.94872]},"properties":{"osm_id":301908136,"osm_type":"node","seamark_type":"distance_mark","display_class":"OTHER","min_zoom":12,"importance":1,"name":null,"ref":null,"common":{"type":"distance_mark"},"children":{"distance_mark":{"category":"not_installed","distance":"2339","units":"kilometres"}},"osm_tags":{"seamark:distance_mark:category":"not_installed","seamark:distance_mark:distance":"2339","seamark:distance_mark:units":"kilometres","seamark:type":"distance_mark"}}},{"type":"Feature","geometry":{"type":"Point","coordinates":[12.5133595,48.9357216]},"properties":{"osm_id":301908145,"osm_type":"node","seamark_type":"distance_mark","display_class":"OTHER","min_zoom":12,"importance":1,"name":null,"ref":null,"common":{"type":"distance_mark"},"children":{"distance_mark":{"category":"not_installed","distance":"2336","units":"kilometres"}},"osm_tags":{"seamark:distance_mark:category":"not_installed","seamark:distance_mark:distance":"2336","seamark:distance_mark:units":"kilometres","seamark:type":"distance_mark"}}},{"type":"Feature","geometry":{"type":"Point","coordinates":[12.6312414,48.9090424]},"properties":{"osm_id":301908323,"osm_type":"node","seamark_type":"cable_overhead","display_class":"OTHER","min_zoom":12,"importance":1,"name":null,"ref":null,"common":{"type":"cable_overhead"},"children":{"cable_overhead":{"clearance_height_safe":"21.24"}},"osm_tags":{"river:waterway_distance":"2315.09","seamark:cable_overhead:clearance_height_safe":"21.24","seamark:type":"cable_overhead"}}},{"type":"Feature","geometry":{"type":"Point","coordinates":[12.7650931,48.8506735]},"properties":{"osm_id":301908388,"osm_type":"node","seamark_type":"distance_mark","display_class":"OTHER","min_zoom":12,"importance":1,"name":null,"ref":null,"common":{"type":"distance_mark"},"children":{"distance_mark":{"category":"not_installed","distance":"2302","units":"kilometres"}},"osm_tags":{"distance":"2302","river:waterway_distance":"2302","seamark:distance_mark:category":"not_installed","seamark:distance_mark:distance":"2302","seamark:distance_mark:units":"kilometres","seamark:type":"distance_mark"}}},{"type":"Feature","geometry":{"type":"Point","coordinates":[12.6253284,48.2507931]},"properties":{"osm_id":313208704,"osm_type":"node","seamark_type":"distance_mark","display_class":"OTHER","min_zoom":12,"importance":1,"name":null,"ref":null,"common":{"type":"distance_mark"},"children":{"distance_mark":{"category":"not_installed","distance":"96","units":"kilometres"}},"osm_tags":{"seamark:distance_mark:category":"not_installed","seamark:distance_mark:distance":"96","seamark:distance_mark:units":"kilometres","seamark:type":"distance_mark","source":"existing waterway=milestone nodes"}}},{"type":"Feature","geometry":{"type":"Point","coordinates":[12.6520231,48.2503101]},"properties":{"osm_id":313208708,"osm_type":"node","seamark_type":"distance_mark","display_class":"OTHER","min_zoom":12,"importance":1,"name":null,"ref":null,"common":{"type":"distance_mark"},"children":{"distance_mark":{"category":"not_installed","distance":"94","units":"kilometres"}},"osm_tags":{"seamark:distance_mark:category":"not_installed","seamark:distance_mark:distance":"94","seamark:distance_mark:units":"kilometres","seamark:type":"distance_mark","source":"existing waterway=milestone nodes"}}},{"type":"Feature","geometry":{"type":"Point","coordinates":[12.6653294,48.2495617]},"properties":{"osm_id":313208710,"osm_type":"node","seamark_type":"distance_mark","display_class":"OTHER","min_zoom":12,"importance":1,"name":null,"ref":null,"common":{"type":"distance_mark"},"children":{"distance_mark":{"category":"not_installed","distance":"93","units":"kilometres"}},"osm_tags":{"seamark:distance_mark:category":"not_installed","seamark:distance_mark:distance":"93","seamark:distance_mark:units":"kilometres","seamark:type":"distance_mark","source":"existing waterway=milestone nodes"}}},{"type":"Feature","geometry":{"type":"Point","coordinates":[12.5922897,48.2403141]},"properties":{"osm_id":313209705,"osm_type":"node","seamark_type":"distance_mark","display_class":"OTHER","min_zoom":12,"importance":1,"name":null,"ref":null,"common":{"type":"distance_mark"},"children":{"distance_mark":{"category":"not_installed","distance":"99","units":"kilometres"}},"osm_tags":{"seamark:distance_mark:category":"not_installed","seamark:distance_mark:distance":"99","seamark:distance_mark:units":"kilometres","seamark:type":"distance_mark","source":"existing waterway=milestone nodes"}}},{"type":"Feature","geometry":{"type":"Point","coordinates":[12.4866308,48.2161972]},"properties":{"osm_id":313211123,"osm_type":"node","seamark_type":"distance_mark","display_class":"OTHER","min_zoom":12,"importance":1,"name":null,"ref":null,"common":{"type":"distance_mark"},"children":{"distance_mark":{"category":"not_installed","distance":"113","units":"kilometres"}},"osm_tags":{"seamark:distance_mark:category":"not_installed","seamark:distance_mark:distance":"113","seamark:distance_mark:units":"kilometres","seamark:type":"distance_mark","source":"extrapolation"}}},{"type":"Feature","geometry":{"type":"Point","coordinates":[12.4155014,48.1908294]},"properties":{"osm_id":313211406,"osm_type":"node","seamark_type":"distance_mark","display_class":"OTHER","min_zoom":12,"importance":1,"name":null,"ref":null,"common":{"type":"distance_mark"},"children":{"distance_mark":{"category":"not_installed","distance":"123","units":"kilometres"}},"osm_tags":{"seamark:distance_mark:category":"not_installed","seamark:distance_mark:distance":"123","seamark:distance_mark:units":"kilometres","seamark:type":"distance_mark","source":"existing waterway=milestone nodes"}}},{"type":"Feature","geometry":{"type":"Point","coordinates":[12.348834,48.1711362]},"properties":{"osm_id":313211433,"osm_type":"node","seamark_type":"distance_mark","display_class":"OTHER","min_zoom":12,"importance":1,"name":null,"ref":null,"common":{"type":"distance_mark"},"children":{"distance_mark":{"category":"not_installed","distance":"131","units":"kilometres"}},"osm_tags":{"seamark:distance_mark:category":"not_installed","seamark:distance_mark:distance":"131","seamark:distance_mark:units":"kilometres","seamark:type":"distance_mark","source":"existing waterway=milestone nodes"}}},{"type":"Feature","geometry":{"type":"Point","coordinates":[12.2808411,48.1490551]},"properties":{"osm_id":313211770,"osm_type":"node","seamark_type":"distance_mark","display_class":"OTHER","min_zoom":12,"importance":1,"name":null,"ref":null,"common":{"type":"distance_mark"},"children":{"distance_mark":{"category":"not_installed","distance":"141","units":"kilometres"}},"osm_tags":{"seamark:distance_mark:category":"not_installed","seamark:distance_mark:distance":"141","seamark:distance_mark:units":"kilometres","seamark:type":"distance_mark","source":"existing waterway=milestone nodes"}}},{"type":"Feature","geometry":{"type":"Point","coordinates":[12.2552795,48.1382884]},"properties":{"osm_id":313211780,"osm_type":"node","seamark_type":"distance_mark","display_class":"OTHER","min_zoom":12,"importance":1,"name":null,"ref":null,"common":{"type":"distance_mark"},"children":{"distance_mark":{"category":"not_installed","distance":"144","units":"kilometres"}},"osm_tags":{"seamark:distance_mark:category":"not_installed","seamark:distance_mark:distance":"144","seamark:distance_mark:units":"kilometres","seamark:type":"distance_mark","source":"existing waterway=milestone nodes"}}},{"type":"Feature","geometry":{"type":"Point","coordinates":[12.2689471,48.1083584]},"properties":{"osm_id":313211946,"osm_type":"node","seamark_type":"distance_mark","display_class":"OTHER","min_zoom":12,"importance":1,"name":null,"ref":null,"common":{"type":"distance_mark"},"children":{"distance_mark":{"category":"not_installed","distance":"148","units":"kilometres"}},"osm_tags":{"seamark:distance_mark:category":"not_installed","seamark:distance_mark:distance":"148","seamark:distance_mark:units":"kilometres","seamark:type":"distance_mark","source":"interpolation of existing waterway=milestone nodes in the neighborhood"}}},{"type":"Feature","geometry":{"type":"Point","coordinates":[12.257815,48.1112316]},"properties":{"osm_id":313211952,"osm_type":"node","seamark_type":"distance_mark","display_class":"OTHER","min_zoom":12,"importance":1,"name":null,"ref":null,"common":{"type":"distance_mark"},"children":{"distance_mark":{"category":"not_installed","distance":"149","units":"kilometres"}},"osm_tags":{"seamark:distance_mark:category":"not_installed","seamark:distance_mark:distance":"149","seamark:distance_mark:units":"kilometres","seamark:type":"distance_mark","source":"interpolation of existing waterway=milestone nodes in the neighborhood"}}},{"type":"Feature","geometry":{"type":"Point","coordinates":[12.1279706,48.2683561]},"properties":{"osm_id":316047915,"osm_type":"node","seamark_type":"distance_mark","display_class":"OTHER","min_zoom":12,"importance":1,"name":null,"ref":null,"common":{"type":"distance_mark"},"children":{"distance_mark":{"category":"board","units":"kilometres"}},"osm_tags":{"distance":"55.6","seamark:distance_mark:category":"board","seamark:distance_mark:units":"kilometres","seamark:type":"distance_mark","waterway":"milestone"}}},{"type":"Feature","geometry":{"type":"Point","coordinates":[12.1288622,48.2694759]},"properties":{"osm_id":316047920,"osm_type":"node","seamark_type":"distance_mark","display_class":"OTHER","min_zoom":12,"importance":1,"name":null,"ref":null,"common":{"type":"distance_mark"},"children":{"distance_mark":{"category":"board","units":"kilometres"}},"osm_tags":{"distance":"55.2","seamark:distance_mark:category":"board","seamark:distance_mark:units":"kilometres","seamark:type":"distance_mark","waterway":"milestone"}}},{"type":"Feature","geometry":{"type":"Point","coordinates":[12.1307606,48.2705063]},"properties":{"osm_id":316047921,"osm_type":"node","seamark_type":"distance_mark","display_class":"OTHER","min_zoom":12,"importance":1,"name":null,"ref":null,"common":{"type":"distance_mark"},"children":{"distance_mark":{"category":"board","units":"kilometres"}},"osm_tags":{"distance":"55.0","seamark:distance_mark:category":"board","seamark:distance_mark:units":"kilometres","seamark:type":"distance_mark","waterway":"milestone"}}},{"type":"Feature","geometry":{"type":"Point","coordinates":[12.2253775,48.0637419]},"properties":{"osm_id":322800514,"osm_type":"node","seamark_type":"distance_mark","display_class":"OTHER","min_zoom":12,"importance":1,"name":null,"ref":null,"common":{"type":"distance_mark"},"children":{"distance_mark":{"category":"not_installed","distance":"157","units":"kilometres"}},"osm_tags":{"seamark:distance_mark:category":"not_installed","seamark:distance_mark:distance":"157","seamark:distance_mark:units":"kilometres","seamark:type":"distance_mark","source":"existing waterway=milestone nodes"}}},{"type":"Feature","geometry":{"type":"Point","coordinates":[12.5660759,48.2425127]},"properties":{"osm_id":337930641,"osm_type":"node","seamark_type":"distance_mark","display_class":"OTHER","min_zoom":12,"importance":1,"name":null,"ref":null,"common":{"type":"distance_mark"},"children":{"distance_mark":{"category":"not_installed","distance":"101","units":"kilometres"}},"osm_tags":{"seamark:distance_mark:category":"not_installed","seamark:distance_mark:distance":"101","seamark:distance_mark:units":"kilometres","seamark:type":"distance_mark","source":"interpolation of existing waterway=milestone nodes in the neighborhood"}}},{"type":"Feature","geometry":{"type":"Point","coordinates":[12.6051175,48.2392266]},"properties":{"osm_id":338287897,"osm_type":"node","seamark_type":"distance_mark","display_class":"OTHER","min_zoom":12,"importance":1,"name":null,"ref":null,"common":{"type":"distance_mark"},"children":{"distance_mark":{"category":"not_installed","distance":"98","units":"kilometres"}},"osm_tags":{"seamark:distance_mark:category":"not_installed","seamark:distance_mark:distance":"98","seamark:distance_mark:units":"kilometres","seamark:type":"distance_mark","source":"existing waterway=milestone nodes"}}},{"type":"Feature","geometry":{"type":"Point","coordinates":[12.5676755,48.8995722]},"properties":{"osm_id":365166797,"osm_type":"node","seamark_type":"distance_mark","display_class":"OTHER","min_zoom":12,"importance":1,"name":null,"ref":null,"common":{"type":"distance_mark"},"children":{"distance_mark":{"category":"not_installed","distance":"2321","units":"kilometres"}},"osm_tags":{"distance":"2321","seamark:distance_mark:category":"not_installed","seamark:distance_mark:distance":"2321","seamark:distance_mark:units":"kilometres","seamark:type":"distance_mark"}}},{"type":"Feature","geometry":{"type":"Point","coordinates":[12.5403431,48.9001222]},"properties":{"osm_id":365166807,"osm_type":"node","seamark_type":"distance_mark","display_class":"OTHER","min_zoom":12,"importance":1,"name":null,"ref":null,"common":{"type":"distance_mark"},"children":{"distance_mark":{"category":"not_installed","distance":"2331","units":"kilometres"}},"osm_tags":{"distance":"2331","seamark:distance_mark:category":"not_installed","seamark:distance_mark:distance":"2331","seamark:distance_mark:units":"kilometres","seamark:type":"distance_mark"}}},{"type":"Feature","geometry":{"type":"Point","coordinates":[12.0266408,48.5015032]},"properties":{"osm_id":576070745,"osm_type":"node","seamark_type":"cable_overhead","display_class":"OTHER","min_zoom":12,"importance":1,"name":null,"ref":null,"common":{"type":"cable_overhead"},"children":{},"osm_tags":{"seamark:type":"cable_overhead"}}},{"type":"Feature","geometry":{"type":"Point","coordinates":[12.8655315,48.1983324]},"properties":{"osm_id":616042125,"osm_type":"node","seamark_type":"distance_mark","display_class":"OTHER","min_zoom":12,"importance":1,"name":null,"ref":null,"common":{"type":"distance_mark"},"children":{"distance_mark":{"category":"not_installed","distance":"6","units":"kilometres"}},"osm_tags":{"seamark:distance_mark:category":"not_installed","seamark:distance_mark:distance":"6","seamark:distance_mark:units":"kilometres","seamark:type":"distance_mark","source":"existing waterway=milestone nodes"}}},{"type":"Feature","geometry":{"type":"Point","coordinates":[12.9304304,48.2067434]},"properties":{"osm_id":616042132,"osm_type":"node","seamark_type":"distance_mark","display_class":"OTHER","min_zoom":12,"importance":1,"name":null,"ref":null,"common":{"type":"distance_mark"},"children":{"distance_mark":{"category":"not_installed","distance":"1","units":"kilometres"}},"osm_tags":{"seamark:distance_mark:category":"not_installed","seamark:distance_mark:distance":"1","seamark:distance_mark:units":"kilometres","seamark:type":"distance_mark","source":"interpolation of existing waterway=milestone nodes in the neighborhood"}}},{"type":"Feature","geometry":{"type":"Point","coordinates":[12.9072614,48.2244924]},"properties":{"osm_id":635919900,"osm_type":"node","seamark_type":"distance_mark","display_class":"OTHER","min_zoom":12,"importance":1,"name":null,"ref":null,"common":{"type":"distance_mark"},"children":{"distance_mark":{"category":"not_installed","distance":"71","units":"kilometres"}},"osm_tags":{"seamark:distance_mark:category":"not_installed","seamark:distance_mark:distance":"71","seamark:distance_mark:units":"kilometres","seamark:type":"distance_mark","source":"interpolation of existing waterway=milestone nodes in the neighborhood"}}},{"type":"Feature","geometry":{"type":"Point","coordinates":[12.9384187,48.206999]},"properties":{"osm_id":635919911,"osm_type":"node","seamark_type":"distance_mark","display_class":"OTHER","min_zoom":12,"importance":1,"name":null,"ref":null,"common":{"type":"distance_mark"},"children":{"distance_mark":{"category":"not_installed","distance":"68","units":"kilometres"}},"osm_tags":{"seamark:distance_mark:category":"not_installed","seamark:distance_mark:distance":"68","seamark:distance_mark:units":"kilometres","seamark:type":"distance_mark","source":"existing waterway=milestone nodes"}}},{"type":"Feature","geometry":{"type":"Point","coordinates":[12.9514305,48.2077547]},"properties":{"osm_id":635919913,"osm_type":"node","seamark_type":"distance_mark","display_class":"OTHER","min_zoom":12,"importance":1,"name":null,"ref":null,"common":{"type":"distance_mark"},"children":{"distance_mark":{"category":"not_installed","distance":"67","units":"kilometres"}},"osm_tags":{"seamark:distance_mark:category":"not_installed","seamark:distance_mark:distance":"67","seamark:distance_mark:units":"kilometres","seamark:type":"distance_mark","source":"existing waterway=milestone nodes"}}},{"type":"Feature","geometry":{"type":"Point","coordinates":[12.9255375,48.2113071]},"properties":{"osm_id":635919914,"osm_type":"node","seamark_type":"distance_mark","display_class":"OTHER","min_zoom":12,"importance":1,"name":null,"ref":null,"common":{"type":"distance_mark"},"children":{"distance_mark":{"category":"not_installed","distance":"69","units":"kilometres"}},"osm_tags":{"seamark:distance_mark:category":"not_installed","seamark:distance_mark:distance":"69","seamark:distance_mark:units":"kilometres","seamark:type":"distance_mark","source":"interpolation of existing waterway=milestone nodes in the neighborhood"}}},{"type":"Feature","geometry":{"type":"Point","coordinates":[12.9719257,48.2189724]},"properties":{"osm_id":635919917,"osm_type":"node","seamark_type":"distance_mark","display_class":"OTHER","min_zoom":12,"importance":1,"name":null,"ref":null,"common":{"type":"distance_mark"},"children":{"distance_mark":{"category":"not_installed","distance":"65","units":"kilometres"}},"osm_tags":{"seamark:distance_mark:category":"not_installed","seamark:distance_mark:distance":"65","seamark:distance_mark:units":"kilometres","seamark:type":"distance_mark","source":"existing waterway=milestone nodes"}}},{"type":"Feature","geometry":{"type":"Point","coordinates":[12.9905756,48.2319383]},"properties":{"osm_id":635919918,"osm_type":"node","seamark_type":"distance_mark","display_class":"OTHER","min_zoom":12,"importance":1,"name":null,"ref":null,"common":{"type":"distance_mark"},"children":{"distance_mark":{"category":"not_installed","distance":"63","units":"kilometres"}},"osm_tags":{"seamark:distance_mark:category":"not_installed","seamark:distance_mark:distance":"63","seamark:distance_mark:units":"kilometres","seamark:type":"distance_mark","source":"existing waterway=milestone nodes"}}},{"type":"Feature","geometry":{"type":"Point","coordinates":[12.9999789,48.238352]},"properties":{"osm_id":635919919,"osm_type":"node","seamark_type":"distance_mark","display_class":"OTHER","min_zoom":12,"importance":1,"name":null,"ref":null,"common":{"type":"distance_mark"},"children":{"distance_mark":{"category":"not_installed","distance":"62","units":"kilometres"}},"osm_tags":{"seamark:distance_mark:category":"not_installed","seamark:distance_mark:distance":"62","seamark:distance_mark:units":"kilometres","seamark:type":"distance_mark","source":"existing waterway=milestone nodes"}}},{"type":"Feature","geometry":{"type":"Point","coordinates":[12.5758418,48.0835788]},"properties":{"osm_id":673609430,"osm_type":"node","seamark_type":"distance_mark","display_class":"OTHER","min_zoom":12,"importance":1,"name":null,"ref":null,"common":{"type":"distance_mark"},"children":{"distance_mark":{"category":"not_installed","distance":"34","units":"kilometres"}},"osm_tags":{"seamark:distance_mark:category":"not_installed","seamark:distance_mark:distance":"34","seamark:distance_mark:units":"kilometres","seamark:type":"distance_mark","source":"interpolation of existing waterway=milestone nodes"}}},{"type":"Feature","geometry":{"type":"Point","coordinates":[12.4966555,48.9569107]},"properties":{"osm_id":806923073,"osm_type":"node","seamark_type":"distance_mark","display_class":"OTHER","min_zoom":12,"importance":1,"name":null,"ref":null,"common":{"type":"distance_mark"},"children":{"distance_mark":{"category":"not_installed","distance":"2340","units":"kilometres"}},"osm_tags":{"seamark:distance_mark:category":"not_installed","seamark:distance_mark:distance":"2340","seamark:distance_mark:units":"kilometres","seamark:type":"distance_mark"}}},{"type":"Feature","geometry":{"type":"Point","coordinates":[12.5092085,48.9275803]},"properties":{"osm_id":875548289,"osm_type":"node","seamark_type":"distance_mark","display_class":"OTHER","min_zoom":12,"importance":1,"name":null,"ref":null,"common":{"type":"distance_mark"},"children":{"distance_mark":{"category":"not_installed","distance":"2335","units":"kilometres"}},"osm_tags":{"river:waterway_distance":"2335","seamark:distance_mark:category":"not_installed","seamark:distance_mark:distance":"2335","seamark:distance_mark:units":"kilometres","seamark:type":"distance_mark"}}},{"type":"Feature","geometry":{"type":"Point","coordinates":[12.6264138,48.9078602]},"properties":{"osm_id":940830124,"osm_type":"node","seamark_type":"cable_overhead","display_class":"OTHER","min_zoom":12,"importance":1,"name":null,"ref":null,"common":{"type":"cable_overhead"},"children":{"cable_overhead":{"clearance_height_safe":"21.71"}},"osm_tags":{"river:waterway_distance":"2315.47","seamark:cable_overhead:clearance_height_safe":"21.71","seamark:type":"cable_overhead"}}},{"type":"Feature","geometry":{"type":"Point","coordinates":[12.6911542,48.1591612]},"properties":{"osm_id":1023230444,"osm_type":"node","seamark_type":"distance_mark","display_class":"OTHER","min_zoom":12,"importance":1,"name":null,"ref":null,"common":{"type":"distance_mark"},"children":{"distance_mark":{"category":"not_installed","distance":"19","units":"kilometres"}},"osm_tags":{"seamark:distance_mark:category":"not_installed","seamark:distance_mark:distance":"19","seamark:distance_mark:units":"kilometres","seamark:type":"distance_mark","source":"existing waterway=milestone nodes"}}},{"type":"Feature","geometry":{"type":"Point","coordinates":[12.8063055,48.8244083]},"properties":{"osm_id":1104593706,"osm_type":"node","seamark_type":"cable_overhead","display_class":"OTHER","min_zoom":12,"importance":1,"name":null,"ref":null,"common":{"type":"cable_overhead"},"children":{"cable_overhead":{"clearance_height_safe":"11.73"}},"osm_tags":{"river:waterway_distance":"2297.35","seamark:cable_overhead:clearance_height_safe":"11.73","seamark:type":"cable_overhead"}}},{"type":"Feature","geometry":{"type":"Point","coordinates":[12.7333738,48.1747513]},"properties":{"osm_id":1112314976,"osm_type":"node","seamark_type":"distance_mark","display_class":"OTHER","min_zoom":12,"importance":1,"name":null,"ref":null,"common":{"type":"distance_mark"},"children":{"distance_mark":{"category":"not_installed","distance":"15","units":"kilometres"}},"osm_tags":{"seamark:distance_mark:category":"not_installed","seamark:distance_mark:distance":"15","seamark:distance_mark:units":"kilometres","seamark:type":"distance_mark","source":"existing waterway=milestone nodes"}}},{"type":"Feature","geometry":{"type":"Point","coordinates":[12.3729803,48.9712202]},"properties":{"osm_id":1173243286,"osm_type":"node","seamark_type":"distance_mark","display_class":"OTHER","min_zoom":12,"importance":1,"name":null,"ref":null,"common":{"type":"distance_mark"},"children":{"distance_mark":{"category":"not_installed","distance":"2352","units":"kilometres"}},"osm_tags":{"seamark:distance_mark:category":"not_installed","seamark:distance_mark:distance":"2352","seamark:distance_mark:units":"kilometres","seamark:type":"distance_mark"}}},{"type":"Feature","geometry":{"type":"Point","coordinates":[12.8077622,48.2652789]},"properties":{"osm_id":1212284193,"osm_type":"node","seamark_type":"distance_mark","display_class":"OTHER","min_zoom":12,"importance":1,"name":null,"ref":null,"common":{"type":"distance_mark"},"children":{"distance_mark":{"category":"not_installed","distance":"1","units":"kilometres"}},"osm_tags":{"seamark:distance_mark:category":"not_installed","seamark:distance_mark:distance":"1","seamark:distance_mark:units":"kilometres","seamark:type":"distance_mark","source":"existing waterway=milestone nodes"}}},{"type":"Feature","geometry":{"type":"Point","coordinates":[12.6218551,48.1411437]},"properties":{"osm_id":1255489597,"osm_type":"node","seamark_type":"distance_mark","display_class":"OTHER","min_zoom":12,"importance":1,"name":null,"ref":null,"common":{"type":"distance_mark"},"children":{"distance_mark":{"category":"not_installed","distance":"25","units":"kilometres"}},"osm_tags":{"seamark:distance_mark:category":"not_installed","seamark:distance_mark:distance":"25","seamark:distance_mark:units":"kilometres","seamark:type":"distance_mark","source":"existing waterway=milestone nodes"}}},{"type":"Feature","geometry":{"type":"Point","coordinates":[12.6445197,48.1473006]},"properties":{"osm_id":1255528902,"osm_type":"node","seamark_type":"distance_mark","display_class":"OTHER","min_zoom":12,"importance":1,"name":null,"ref":null,"common":{"type":"distance_mark"},"children":{"distance_mark":{"category":"not_installed","distance":"23","units":"kilometres"}},"osm_tags":{"seamark:distance_mark:category":"not_installed","seamark:distance_mark:distance":"23","seamark:distance_mark:units":"kilometres","seamark:type":"distance_mark","source":"existing waterway=milestone nodes"}}},{"type":"Feature","geometry":{"type":"Point","coordinates":[12.64538,48.9046785]},"properties":{"osm_id":1354966193,"osm_type":"node","seamark_type":"small_craft_facility","display_class":"OTHER","min_zoom":12,"importance":1,"name":null,"ref":null,"common":{"type":"small_craft_facility"},"children":{"small_craft_facility":{"category":"slipway"}},"osm_tags":{"access":"private","leisure":"slipway","seamark:small_craft_facility:category":"slipway","seamark:type":"small_craft_facility"}}},{"type":"Feature","geometry":{"type":"Point","coordinates":[12.3382655,48.1758583]},"properties":{"osm_id":1719849827,"osm_type":"node","seamark_type":"distance_mark","display_class":"OTHER","min_zoom":12,"importance":1,"name":null,"ref":null,"common":{"type":"distance_mark"},"children":{"distance_mark":{"category":"not_installed","distance":"132","units":"kilometres"}},"osm_tags":{"seamark:distance_mark:category":"not_installed","seamark:distance_mark:distance":"132","seamark:distance_mark:units":"kilometres","seamark:type":"distance_mark","source":"interpolation of existing waterway=milestone nodes in the neighborhood"}}},{"type":"Feature","geometry":{"type":"Point","coordinates":[12.4430623,48.2023506]},"properties":{"osm_id":1730291108,"osm_type":"node","seamark_type":"distance_mark","display_class":"OTHER","min_zoom":12,"importance":1,"name":null,"ref":null,"common":{"type":"distance_mark"},"children":{"distance_mark":{"category":"not_installed","distance":"119","units":"kilometres"}},"osm_tags":{"seamark:distance_mark:category":"not_installed","seamark:distance_mark:distance":"119","seamark:distance_mark:units":"kilometres","seamark:type":"distance_mark","source":"interpolation of existing waterway=milestone nodes in the neighborhood"}}},{"type":"Feature","geometry":{"type":"Point","coordinates":[12.755517,48.1159097]},"properties":{"osm_id":1776794529,"osm_type":"node","seamark_type":"distance_mark","display_class":"OTHER","min_zoom":12,"importance":1,"name":null,"ref":null,"common":{"type":"distance_mark"},"children":{"distance_mark":{"category":"not_installed","distance":"21","units":"kilometres"}},"osm_tags":{"seamark:distance_mark:category":"not_installed","seamark:distance_mark:distance":"21","seamark:distance_mark:units":"kilometres","seamark:type":"distance_mark","source":"existing waterway=milestone nodes"}}},{"type":"Feature","geometry":{"type":"Point","coordinates":[12.433038,48.2083901]},"properties":{"osm_id":1842339375,"osm_type":"node","seamark_type":"distance_mark","display_class":"OTHER","min_zoom":12,"importance":1,"name":null,"ref":null,"common":{"type":"distance_mark"},"children":{"distance_mark":{"category":"not_installed","distance":"5","units":"kilometres"}},"osm_tags":{"seamark:distance_mark:category":"not_installed","seamark:distance_mark:distance":"5","seamark:distance_mark:units":"kilometres","seamark:type":"distance_mark","source":"interpolation of existing waterway=milestone nodes in the neighborhood"}}},{"type":"Feature","geometry":{"type":"Point","coordinates":[12.4461152,48.2102258]},"properties":{"osm_id":1842339387,"osm_type":"node","seamark_type":"distance_mark","display_class":"OTHER","min_zoom":12,"importance":1,"name":null,"ref":null,"common":{"type":"distance_mark"},"children":{"distance_mark":{"category":"not_installed","distance":"6","units":"kilometres"}},"osm_tags":{"seamark:distance_mark:category":"not_installed","seamark:distance_mark:distance":"6","seamark:distance_mark:units":"kilometres","seamark:type":"distance_mark","source":"interpolation of existing waterway=milestone nodes in the neighborhood"}}},{"type":"Feature","geometry":{"type":"Point","coordinates":[12.3948611,48.1826587]},"properties":{"osm_id":1859227199,"osm_type":"node","seamark_type":"distance_mark","display_class":"OTHER","min_zoom":12,"importance":1,"name":null,"ref":null,"common":{"type":"distance_mark"},"children":{"distance_mark":{"category":"not_installed","distance":"1","units":"kilometres"}},"osm_tags":{"seamark:distance_mark:category":"not_installed","seamark:distance_mark:distance":"1","seamark:distance_mark:units":"kilometres","seamark:type":"distance_mark","source":"interpolation of existing waterway=milestone nodes in the neighborhood"}}},{"type":"Feature","geometry":{"type":"Point","coordinates":[12.0047749,48.9662434]},"properties":{"osm_id":1914135100,"osm_type":"node","seamark_type":"distance_mark","display_class":"OTHER","min_zoom":12,"importance":1,"name":null,"ref":null,"common":{"type":"distance_mark"},"children":{"distance_mark":{"category":"not_installed","distance":"2393","units":"kilometres"}},"osm_tags":{"river:waterway_distance":"2393","seamark:distance_mark:category":"not_installed","seamark:distance_mark:distance":"2393","seamark:distance_mark:units":"kilometres","seamark:type":"distance_mark"}}},{"type":"Feature","geometry":{"type":"Point","coordinates":[12.0426435,48.983593]},"properties":{"osm_id":1914135120,"osm_type":"node","seamark_type":"cable_overhead","display_class":"OTHER","min_zoom":12,"importance":1,"name":null,"ref":null,"common":{"type":"cable_overhead"},"children":{"cable_overhead":{"clearance_height_safe":"17.9"}},"osm_tags":{"obstacle":"line","river:waterway_distance":"2389.45","seamark:cable_overhead:clearance_height_safe":"17.9","seamark:type":"cable_overhead"}}},{"type":"Feature","geometry":{"type":"Point","coordinates":[12.0456415,48.9915702]},"properties":{"osm_id":1914135124,"osm_type":"node","seamark_type":"cable_overhead","display_class":"OTHER","min_zoom":12,"importance":1,"name":null,"ref":null,"common":{"type":"cable_overhead"},"children":{"cable_overhead":{"clearance_height_safe":"17.81"}},"osm_tags":{"obstacle":"line","river:waterway_distance":"2388.5","seamark:cable_overhead:clearance_height_safe":"17.81","seamark:type":"cable_overhead"}}},{"type":"Feature","geometry":{"type":"Point","coordinates":[12.4180382,48.9773021]},"properties":{"osm_id":1914162274,"osm_type":"node","seamark_type":"distance_mark","display_class":"OTHER","min_zoom":12,"importance":1,"name":null,"ref":null,"common":{"type":"distance_mark"},"children":{"distance_mark":{"category":"not_installed","distance":"2348","units":"kilometres"}},"osm_tags":{"river:waterway_distance":"2348","seamark:distance_mark:category":"not_installed","seamark:distance_mark:distance":"2348","seamark:distance_mark:units":"kilometres","seamark:type":"distance_mark"}}},{"type":"Feature","geometry":{"type":"Point","coordinates":[12.4215714,48.2016945]},"properties":{"osm_id":1959450482,"osm_type":"node","seamark_type":"distance_mark","display_class":"OTHER","min_zoom":12,"importance":1,"name":null,"ref":null,"common":{"type":"distance_mark"},"children":{"distance_mark":{"category":"not_installed","distance":"4","units":"kilometres"}},"osm_tags":{"seamark:distance_mark:category":"not_installed","seamark:distance_mark:distance":"4","seamark:distance_mark:units":"kilometres","seamark:type":"distance_mark","source":"interpolation of existing waterway=milestone nodes in the neighborhood"}}},{"type":"Feature","geometry":{"type":"Point","coordinates":[12.0165991,48.9450586]},"properties":{"osm_id":1966487115,"osm_type":"node","seamark_type":"distance_mark","display_class":"OTHER","min_zoom":12,"importance":1,"name":null,"ref":null,"common":{"type":"distance_mark"},"children":{"distance_mark":{"category":"not_installed","distance":"2399","units":"kilometres"}},"osm_tags":{"river:waterway_distance":"2399","seamark:distance_mark:category":"not_installed","seamark:distance_mark:distance":"2399","seamark:distance_mark:units":"kilometres","seamark:type":"distance_mark"}}},{"type":"Feature","geometry":{"type":"Point","coordinates":[12.0030243,48.9656999]},"properties":{"osm_id":1966487130,"osm_type":"node","seamark_type":"cable_overhead","display_class":"OTHER","min_zoom":12,"importance":1,"name":null,"ref":null,"common":{"type":"cable_overhead"},"children":{"cable_overhead":{"clearance_height_safe":"9.9"}},"osm_tags":{"river:waterway_distance":"2393.1","seamark:cable_overhead:clearance_height_safe":"9.9","seamark:type":"cable_overhead"}}},{"type":"Feature","geometry":{"type":"Point","coordinates":[12.0301095,48.9724745]},"properties":{"osm_id":1966487131,"osm_type":"node","seamark_type":"distance_mark","display_class":"OTHER","min_zoom":12,"importance":1,"name":null,"ref":null,"common":{"type":"distance_mark"},"children":{"distance_mark":{"category":"not_installed","distance":"2391","units":"kilometres"}},"osm_tags":{"river:waterway_distance":"2391","seamark:distance_mark:category":"not_installed","seamark:distance_mark:distance":"2391","seamark:distance_mark:units":"kilometres","seamark:type":"distance_mark"}}},{"type":"Feature","geometry":{"type":"Point","coordinates":[12.0387699,48.9793009]},"properties":{"osm_id":1966487160,"osm_type":"node","seamark_type":"distance_mark","display_class":"OTHER","min_zoom":12,"importance":1,"name":null,"ref":null,"common":{"type":"distance_mark"},"children":{"distance_mark":{"category":"not_installed","distance":"2390","units":"kilometres"}},"osm_tags":{"river:waterway_distance":"2390","seamark:distance_mark:category":"not_installed","seamark:distance_mark:distance":"2390","seamark:distance_mark:units":"kilometres","seamark:type":"distance_mark"}}},{"type":"Feature","geometry":{"type":"Point","coordinates":[12.0431726,48.9957907]},"properties":{"osm_id":1966487161,"osm_type":"node","seamark_type":"distance_mark","display_class":"OTHER","min_zoom":12,"importance":1,"name":null,"ref":null,"common":{"type":"distance_mark"},"children":{"distance_mark":{"category":"not_installed","distance":"2388","units":"kilometres"}},"osm_tags":{"river:waterway_distance":"2388","seamark:distance_mark:category":"not_installed","seamark:distance_mark:distance":"2388","seamark:distance_mark:units":"kilometres","seamark:type":"distance_mark"}}},{"type":"Feature","geometry":{"type":"Point","coordinates":[12.477718,48.9525707]},"properties":{"osm_id":1966524274,"osm_type":"node","seamark_type":"distance_mark","display_class":"OTHER","min_zoom":12,"importance":1,"name":null,"ref":null,"common":{"type":"distance_mark"},"children":{"distance_mark":{"category":"not_installed","distance":"2342","units":"kilometres"}},"osm_tags":{"river:waterway_distance":"2342","seamark:distance_mark:category":"not_installed","seamark:distance_mark:distance":"2342","seamark:distance_mark:units":"kilometres","seamark:type":"distance_mark"}}},{"type":"Feature","geometry":{"type":"Point","coordinates":[12.4420003,48.9688083]},"properties":{"osm_id":1966524707,"osm_type":"node","seamark_type":"distance_mark","display_class":"OTHER","min_zoom":12,"importance":1,"name":null,"ref":null,"common":{"type":"distance_mark"},"children":{"distance_mark":{"category":"not_installed","distance":"2346","units":"kilometres"}},"osm_tags":{"river:waterway_distance":"2346","seamark:distance_mark:category":"not_installed","seamark:distance_mark:distance":"2346","seamark:distance_mark:units":"kilometres","seamark:type":"distance_mark"}}},{"type":"Feature","geometry":{"type":"Point","coordinates":[12.3839061,48.9797309]},"properties":{"osm_id":1966524714,"osm_type":"node","seamark_type":"cable_overhead","display_class":"OTHER","min_zoom":12,"importance":1,"name":null,"ref":null,"common":{"type":"cable_overhead"},"children":{"cable_overhead":{"clearance_height_safe":"19.9"}},"osm_tags":{"river:waterway_distance":"2350.7","seamark:cable_overhead:clearance_height_safe":"19.9","seamark:type":"cable_overhead"}}},{"type":"Feature","geometry":{"type":"Point","coordinates":[12.3933534,48.9809104]},"properties":{"osm_id":1966524729,"osm_type":"node","seamark_type":"distance_mark","display_class":"OTHER","min_zoom":12,"importance":1,"name":null,"ref":null,"common":{"type":"distance_mark"},"children":{"distance_mark":{"category":"not_installed","distance":"2350","units":"kilometres"}},"osm_tags":{"river:waterway_distance":"2350","seamark:distance_mark:category":"not_installed","seamark:distance_mark:distance":"2350","seamark:distance_mark:units":"kilometres","seamark:type":"distance_mark"}}},{"type":"Feature","geometry":{"type":"Point","coordinates":[12.4067797,48.9821238]},"properties":{"osm_id":1966524733,"osm_type":"node","seamark_type":"distance_mark","display_class":"OTHER","min_zoom":12,"importance":1,"name":null,"ref":null,"common":{"type":"distance_mark"},"children":{"distance_mark":{"category":"not_installed","distance":"2349","units":"kilometres"}},"osm_tags":{"river:waterway_distance":"2349","seamark:distance_mark:category":"not_installed","seamark:distance_mark:distance":"2349","seamark:distance_mark:units":"kilometres","seamark:type":"distance_mark"}}},{"type":"Feature","geometry":{"type":"Point","coordinates":[12.327222,48.9834207]},"properties":{"osm_id":1966524735,"osm_type":"node","seamark_type":"distance_mark","display_class":"OTHER","min_zoom":12,"importance":1,"name":null,"ref":null,"common":{"type":"distance_mark"},"children":{"distance_mark":{"category":"not_installed","distance":"2356","units":"kilometres"}},"osm_tags":{"seamark:distance_mark:category":"not_installed","seamark:distance_mark:distance":"2356","seamark:distance_mark:units":"kilometres","seamark:type":"distance_mark"}}},{"type":"Feature","geometry":{"type":"Point","coordinates":[12.9948582,48.7931431]},"properties":{"osm_id":1966697067,"osm_type":"node","seamark_type":"distance_mark","display_class":"OTHER","min_zoom":12,"importance":1,"name":null,"ref":null,"common":{"type":"distance_mark"},"children":{"distance_mark":{"category":"not_installed","distance":"2280","units":"kilometres"}},"osm_tags":{"distance":"2280 km","river:waterway_distance":"2280","seamark:distance_mark:category":"not_installed","seamark:distance_mark:distance":"2280","seamark:distance_mark:units":"kilometres","seamark:type":"distance_mark","waterway":"milestone"}}},{"type":"Feature","geometry":{"type":"Point","coordinates":[12.9673994,48.8197957]},"properties":{"osm_id":1966697099,"osm_type":"node","seamark_type":"cable_overhead","display_class":"OTHER","min_zoom":12,"importance":1,"name":null,"ref":null,"common":{"type":"cable_overhead"},"children":{"cable_overhead":{"clearance_height_safe":"21.68"}},"osm_tags":{"river:waterway_distance":"2283.77","seamark:cable_overhead:clearance_height_safe":"21.68","seamark:type":"cable_overhead"}}},{"type":"Feature","geometry":{"type":"Point","coordinates":[12.7976376,48.8253424]},"properties":{"osm_id":1966697124,"osm_type":"node","seamark_type":"distance_mark","display_class":"OTHER","min_zoom":12,"importance":1,"name":null,"ref":null,"common":{"type":"distance_mark"},"children":{"distance_mark":{"category":"not_installed","distance":"2298","units":"kilometres"}},"osm_tags":{"distance":"2298","river:waterway_distance":"2298","seamark:distance_mark:category":"not_installed","seamark:distance_mark:distance":"2298","seamark:distance_mark:units":"kilometres","seamark:type":"distance_mark"}}},{"type":"Feature","geometry":{"type":"Point","coordinates":[12.8247793,48.8257829]},"properties":{"osm_id":1966697132,"osm_type":"node","seamark_type":"distance_mark","display_class":"OTHER","min_zoom":12,"importance":1,"name":null,"ref":null,"common":{"type":"distance_mark"},"children":{"distance_mark":{"category":"not_installed","distance":"2296","units":"kilometres"}},"osm_tags":{"distance":"2296","river:waterway_distance":"2296","seamark:distance_mark:category":"not_installed","seamark:distance_mark:distance":"2296","seamark:distance_mark:units":"kilometres","seamark:type":"distance_mark"}}},{"type":"Feature","geometry":{"type":"Point","coordinates":[12.7664555,48.8401065]},"properties":{"osm_id":1966697168,"osm_type":"node","seamark_type":"cable_overhead","display_class":"OTHER","min_zoom":12,"importance":1,"name":null,"ref":null,"common":{"type":"cable_overhead"},"children":{"cable_overhead":{"clearance_height_safe":"21.58"}},"osm_tags":{"river:waterway_distance":"2300.82","seamark:cable_overhead:clearance_height_safe":"21.58","seamark:type":"cable_overhead"}}},{"type":"Feature","geometry":{"type":"Point","coordinates":[12.8554404,48.8431709]},"properties":{"osm_id":1966697170,"osm_type":"node","seamark_type":"distance_mark","display_class":"OTHER","min_zoom":12,"importance":1,"name":null,"ref":null,"common":{"type":"distance_mark"},"children":{"distance_mark":{"category":"not_installed","distance":"2293","units":"kilometres"}},"osm_tags":{"distance":"2293","river:waterway_distance":"2293","seamark:distance_mark:category":"not_installed","seamark:distance_mark:distance":"2293","seamark:distance_mark:units":"kilometres","seamark:type":"distance_mark"}}},{"type":"Feature","geometry":{"type":"Point","coordinates":[12.7415354,48.88203]},"properties":{"osm_id":1966697172,"osm_type":"node","seamark_type":"distance_mark","display_class":"OTHER","min_zoom":12,"importance":1,"name":null,"ref":null,"common":{"type":"distance_mark"},"children":{"distance_mark":{"category":"not_installed","distance":"2306","units":"kilometres"}},"osm_tags":{"distance":"2306","river:waterway_distance":"2306","seamark:distance_mark:category":"not_installed","seamark:distance_mark:distance":"2306","seamark:distance_mark:units":"kilometres","seamark:type":"distance_mark"}}},{"type":"Feature","geometry":{"type":"Point","coordinates":[12.7055675,48.8933115]},"properties":{"osm_id":1966697173,"osm_type":"node","seamark_type":"distance_mark","display_class":"OTHER","min_zoom":12,"importance":1,"name":null,"ref":null,"common":{"type":"distance_mark"},"children":{"distance_mark":{"category":"not_installed","distance":"2309","units":"kilometres"}},"osm_tags":{"distance":"2309","river:waterway_distance":"2309","seamark:distance_mark:category":"not_installed","seamark:distance_mark:distance":"2309","seamark:distance_mark:units":"kilometres","seamark:type":"distance_mark"}}},{"type":"Feature","geometry":{"type":"Point","coordinates":[12.6146131,48.8969678]},"properties":{"osm_id":1966697174,"osm_type":"node","seamark_type":"cable_overhead","display_class":"OTHER","min_zoom":12,"importance":1,"name":null,"ref":null,"common":{"type":"cable_overhead"},"children":{"cable_overhead":{"clearance_height_safe":"21.77"}},"osm_tags":{"seamark:cable_overhead:clearance_height_safe":"21.77","seamark:type":"cable_overhead"}}},{"type":"Feature","geometry":{"type":"Point","coordinates":[12.6040354,48.9013781]},"properties":{"osm_id":1966697192,"osm_type":"node","seamark_type":"distance_mark","display_class":"OTHER","min_zoom":12,"importance":1,"name":null,"ref":null,"common":{"type":"distance_mark"},"children":{"distance_mark":{"category":"not_installed","distance":"2318","units":"kilometres"}},"osm_tags":{"distance":"2318","river:waterway_distance":"2318","seamark:distance_mark:category":"not_installed","seamark:distance_mark:distance":"2318","seamark:distance_mark:units":"kilometres","seamark:type":"distance_mark"}}},{"type":"Feature","geometry":{"type":"Point","coordinates":[12.6784023,48.9037834]},"properties":{"osm_id":1966697198,"osm_type":"node","seamark_type":"cable_overhead","display_class":"OTHER","min_zoom":12,"importance":1,"name":null,"ref":null,"common":{"type":"cable_overhead"},"children":{"cable_overhead":{"clearance_height_safe":"22.76"}},"osm_tags":{"seamark:cable_overhead:clearance_height_safe":"22.76","seamark:type":"cable_overhead"}}},{"type":"Feature","geometry":{"type":"Point","coordinates":[12.64278,48.9047767]},"properties":{"osm_id":1966697226,"osm_type":"node","seamark_type":"cable_overhead","display_class":"OTHER","min_zoom":12,"importance":1,"name":null,"ref":null,"common":{"type":"cable_overhead"},"children":{"cable_overhead":{"clearance_height_safe":"25.43"}},"osm_tags":{"river:waterway_distance":"2314.15","seamark:cable_overhead:clearance_height_safe":"25.43","seamark:type":"cable_overhead"}}},{"type":"Feature","geometry":{"type":"Point","coordinates":[12.6684001,48.9050792]},"properties":{"osm_id":1966697227,"osm_type":"node","seamark_type":"cable_overhead","display_class":"OTHER","min_zoom":12,"importance":1,"name":null,"ref":null,"common":{"type":"cable_overhead"},"children":{"cable_overhead":{"clearance_height_safe":"23.67"}},"osm_tags":{"river:waterway_distance":"2312.1","seamark:cable_overhead:clearance_height_safe":"23.67","seamark:type":"cable_overhead"}}},{"type":"Feature","geometry":{"type":"Point","coordinates":[12.5213809,48.9093727]},"properties":{"osm_id":1966697234,"osm_type":"node","seamark_type":"cable_overhead","display_class":"OTHER","min_zoom":12,"importance":1,"name":null,"ref":null,"common":{"type":"cable_overhead"},"children":{"cable_overhead":{"clearance_height_safe":"20.63"}},"osm_tags":{"river:waterway_distance":"2332.78","seamark:cable_overhead:clearance_height_safe":"20.63","seamark:type":"cable_overhead"}}},{"type":"Feature","geometry":{"type":"Point","coordinates":[12.5228758,48.9416683]},"properties":{"osm_id":1966697286,"osm_type":"node","seamark_type":"distance_mark","display_class":"OTHER","min_zoom":12,"importance":1,"name":null,"ref":null,"common":{"type":"distance_mark"},"children":{"distance_mark":{"category":"not_installed","distance":"2337","units":"kilometres"}},"osm_tags":{"river:waterway_distance":"2337","seamark:distance_mark:category":"not_installed","seamark:distance_mark:distance":"2337","seamark:distance_mark:units":"kilometres","seamark:type":"distance_mark"}}},{"type":"Feature","geometry":{"type":"Point","coordinates":[12.5141691,48.9467446]},"properties":{"osm_id":1966697339,"osm_type":"node","seamark_type":"distance_mark","display_class":"OTHER","min_zoom":12,"importance":1,"name":null,"ref":null,"common":{"type":"distance_mark"},"children":{"distance_mark":{"category":"not_installed","distance":"2338","units":"kilometres"}},"osm_tags":{"river:waterway_distance":"2338","seamark:distance_mark:category":"not_installed","seamark:distance_mark:distance":"2338","seamark:distance_mark:units":"kilometres","seamark:type":"distance_mark"}}},{"type":"Feature","geometry":{"type":"Point","coordinates":[12.038282,48.99984]},"properties":{"osm_id":2009635903,"osm_type":"node","seamark_type":"notice","display_class":"OTHER","min_zoom":12,"importance":1,"name":null,"ref":null,"common":{"type":"notice"},"children":{"notice":{"category":"no_anchoring","function":"prohibition"}},"osm_tags":{"seamark:notice:category":"no_anchoring","seamark:notice:function":"prohibition","seamark:type":"notice"}}},{"type":"Feature","geometry":{"type":"Point","coordinates":[12.7506291,48.0992844]},"properties":{"osm_id":2041602291,"osm_type":"node","seamark_type":"distance_mark","display_class":"OTHER","min_zoom":12,"importance":1,"name":null,"ref":null,"common":{"type":"distance_mark"},"children":{"distance_mark":{"category":"not_installed","distance":"23","units":"kilometres"}},"osm_tags":{"seamark:distance_mark:category":"not_installed","seamark:distance_mark:distance":"23","seamark:distance_mark:units":"kilometres","seamark:type":"distance_mark","source":"existing waterway=milestone nodes"}}},{"type":"Feature","geometry":{"type":"Point","coordinates":[12.8041341,48.2351854]},"properties":{"osm_id":2047985870,"osm_type":"node","seamark_type":"distance_mark","display_class":"OTHER","min_zoom":12,"importance":1,"name":null,"ref":null,"common":{"type":"distance_mark"},"children":{"distance_mark":{"category":"not_installed","distance":"5","units":"kilometres"}},"osm_tags":{"seamark:distance_mark:category":"not_installed","seamark:distance_mark:distance":"5","seamark:distance_mark:units":"kilometres","seamark:type":"distance_mark","source":"interpolation of existing waterway=milestone nodes"}}},{"type":"Feature","geometry":{"type":"Point","coordinates":[12.9139482,48.8442008]},"properties":{"osm_id":2123785250,"osm_type":"node","seamark_type":"small_craft_facility","display_class":"OTHER","min_zoom":12,"importance":1,"name":null,"ref":null,"common":{"type":"small_craft_facility"},"children":{"small_craft_facility":{"category":"slipway"}},"osm_tags":{"seamark:small_craft_facility:category":"slipway","seamark:type":"small_craft_facility"}}},{"type":"Feature","geometry":{"type":"Point","coordinates":[12.010195,48.926868]},"properties":{"osm_id":2194686592,"osm_type":"node","seamark_type":"notice","display_class":"OTHER","min_zoom":12,"importance":1,"name":null,"ref":null,"common":{"type":"notice"},"children":{"notice":{"category":"unpowered_craft_permitted","function":"information","orientation":"297.03"}},"osm_tags":{"note":"FIXME","seamark:notice:category":"unpowered_craft_permitted","seamark:notice:function":"information","seamark:notice:orientation":"297.03","seamark:type":"notice"}}},{"type":"Feature","geometry":{"type":"Point","coordinates":[12.010242,48.926929]},"properties":{"osm_id":2194686593,"osm_type":"node","seamark_type":"signal_station_traffic","display_class":"OTHER","min_zoom":12,"importance":1,"name":null,"ref":null,"common":{"type":"signal_station_traffic"},"children":{"signal_station_traffic":{"category":"lock"}},"osm_tags":{"seamark:signal_station_traffic:category":"lock","seamark:type":"signal_station_traffic"}}},{"type":"Feature","geometry":{"type":"Point","coordinates":[12.010495,48.927254]},"properties":{"osm_id":2194686600,"osm_type":"node","seamark_type":"notice","display_class":"OTHER","min_zoom":12,"importance":1,"name":null,"ref":null,"common":{"type":"notice"},"children":{"notice":{"category":"no_entry","function":"prohibition","impact":"downstream","orientation":"297.23"}},"osm_tags":{"seamark:notice:category":"no_entry","seamark:notice:function":"prohibition","seamark:notice:impact":"downstream","seamark:notice:orientation":"297.23","seamark:type":"notice"}}},{"type":"Feature","geometry":{"type":"Point","coordinates":[12.010829,48.9276774]},"properties":{"osm_id":2194686607,"osm_type":"node","seamark_type":"notice","display_class":"OTHER","min_zoom":12,"importance":1,"name":null,"ref":null,"common":{"type":"notice"},"children":{"notice":{"category":"no_entry","function":"prohibition","impact":"downstream","orientation":"297.23"}},"osm_tags":{"seamark:notice:category":"no_entry","seamark:notice:function":"prohibition","seamark:notice:impact":"downstream","seamark:notice:orientation":"297.23","seamark:type":"notice"}}},{"type":"Feature","geometry":{"type":"Point","coordinates":[12.011127,48.92794]},"properties":{"osm_id":2194686614,"osm_type":"node","seamark_type":"notice","display_class":"OTHER","min_zoom":12,"importance":1,"name":null,"ref":null,"common":{"type":"notice"},"children":{"notice":{"category":"no_passage_left","function":"prohibition","impact":"upstream","orientation":"291.7"}},"osm_tags":{"seamark:notice:category":"no_passage_left","seamark:notice:function":"prohibition","seamark:notice:impact":"upstream","seamark:notice:orientation":"291.7","seamark:type":"notice"}}},{"type":"Feature","geometry":{"type":"Point","coordinates":[12.011041,48.927952]},"properties":{"osm_id":2194686615,"osm_type":"node","seamark_type":"notice","display_class":"OTHER","min_zoom":12,"importance":1,"name":null,"ref":null,"common":{"type":"notice"},"children":{"notice":{"category":"no_passage_right","function":"prohibition","impact":"downstream","orientation":"105.95"}},"osm_tags":{"seamark:notice:category":"no_passage_right","seamark:notice:function":"prohibition","seamark:notice:impact":"downstream","seamark:notice:orientation":"105.95","seamark:type":"notice"}}},{"type":"Feature","geometry":{"type":"Point","coordinates":[12.011329,48.9282]},"properties":{"osm_id":2194686616,"osm_type":"node","seamark_type":"notice","display_class":"OTHER","min_zoom":12,"importance":1,"name":null,"ref":null,"common":{"type":"notice"},"children":{"notice":{"category":"no_passage_right","function":"prohibition","impact":"upstream","orientation":"283.97"}},"osm_tags":{"seamark:notice:category":"no_passage_right","seamark:notice:function":"prohibition","seamark:notice:impact":"upstream","seamark:notice:orientation":"283.97","seamark:type":"notice"}}},{"type":"Feature","geometry":{"type":"Point","coordinates":[12.0112449,48.9282119]},"properties":{"osm_id":2194686617,"osm_type":"node","seamark_type":"notice","display_class":"OTHER","min_zoom":12,"importance":1,"name":null,"ref":null,"common":{"type":"notice"},"children":{"notice":{"category":"no_passage_left","function":"prohibition","impact":"downstream","orientation":"107.2"}},"osm_tags":{"seamark:notice:category":"no_passage_left","seamark:notice:function":"prohibition","seamark:notice:impact":"downstream","seamark:notice:orientation":"107.2","seamark:type":"notice"}}},{"type":"Feature","geometry":{"type":"Point","coordinates":[12.0107083,48.9268923]},"properties":{"osm_id":2194803723,"osm_type":"node","seamark_type":"buoy_special_purpose","display_class":"OTHER","min_zoom":12,"importance":1,"name":null,"ref":null,"common":{"conspicuity":"conspicuous","status":"permanent","type":"buoy_special_purpose"},"children":{"buoy_special_purpose":{"category":"warning","colour":"yellow","shape":"can"},"topmark":{"colour":"red;white;red","colour_pattern":"horizontal","shape":"cylinder"}},"osm_tags":{"seamark:buoy_special_purpose:category":"warning","seamark:buoy_special_purpose:colour":"yellow","seamark:buoy_special_purpose:shape":"can","seamark:conspicuity":"conspicuous","seamark:status":"permanent","seamark:topmark:colour":"red;white;red","seamark:topmark:colour_pattern":"horizontal","seamark:topmark:shape":"cylinder","seamark:type":"buoy_special_purpose"}}},{"type":"Feature","geometry":{"type":"Point","coordinates":[12.008115,48.929131]},"properties":{"osm_id":2402219370,"osm_type":"node","seamark_type":"notice","display_class":"OTHER","min_zoom":12,"importance":1,"name":null,"ref":null,"common":{"type":"notice"},"children":{"notice":{"addition":"left_triangle","category":"waterskiing_permitted","function":"information"}},"osm_tags":{"seamark:notice:addition":"left_triangle","seamark:notice:category":"waterskiing_permitted","seamark:notice:function":"information","seamark:type":"notice","waterway:sign":"ski"}}},{"type":"Feature","geometry":{"type":"Point","coordinates":[12.00834,48.929066]},"properties":{"osm_id":2402219557,"osm_type":"node","seamark_type":"notice","display_class":"OTHER","min_zoom":12,"importance":1,"name":null,"ref":null,"common":{"type":"notice"},"children":{"notice":{"1:category":"keep_lookout","1:function":"regulation","2:addition":"right_triangle","2:category":"unpowered_craft_permitted","2:function":"information"}},"osm_tags":{"seamark:notice:1:category":"keep_lookout","seamark:notice:1:function":"regulation","seamark:notice:2:addition":"right_triangle","seamark:notice:2:category":"unpowered_craft_permitted","seamark:notice:2:function":"information","seamark:type":"notice","waterway:sign":"attention"}}},{"type":"Feature","geometry":{"type":"Point","coordinates":[12.006124,48.928116]},"properties":{"osm_id":2402220375,"osm_type":"node","seamark_type":"notice","display_class":"OTHER","min_zoom":12,"importance":1,"name":null,"ref":null,"common":{"type":"notice"},"children":{"notice":{"addition":"bottom_board","category":"sound_horn","function":"regulation","information":"1 langer Ton","orientation":"26.3"}},"osm_tags":{"seamark:notice:addition":"bottom_board","seamark:notice:category":"sound_horn","seamark:notice:function":"regulation","seamark:notice:information":"1 langer Ton","seamark:notice:orientation":"26.3","seamark:type":"notice","waterway:sign":"horn_signal"}}},{"type":"Feature","geometry":{"type":"Point","coordinates":[12.013055,48.92823]},"properties":{"osm_id":2402225766,"osm_type":"node","seamark_type":"notice","display_class":"OTHER","min_zoom":12,"importance":1,"name":null,"ref":null,"common":{"type":"notice"},"children":{"notice":{"addition":"right_triangle","category":"no_anchoring","distance_down":"3000","function":"prohibition","information":"3000"}},"osm_tags":{"seamark:notice:addition":"right_triangle","seamark:notice:category":"no_anchoring","seamark:notice:distance_down":"3000","seamark:notice:function":"prohibition","seamark:notice:information":"3000","seamark:type":"notice","waterway:sign":"no_anchor"}}},{"type":"Feature","geometry":{"type":"Point","coordinates":[12.013033,48.927536]},"properties":{"osm_id":2402225842,"osm_type":"node","seamark_type":"notice","display_class":"OTHER","min_zoom":12,"importance":1,"name":null,"ref":null,"common":{"type":"notice"},"children":{"notice":{"addition":"left_triangle","category":"no_anchoring","distance_down":"3000","function":"prohibition","information":"3000"}},"osm_tags":{"seamark:notice:addition":"left_triangle","seamark:notice:category":"no_anchoring","seamark:notice:distance_down":"3000","seamark:notice:function":"prohibition","seamark:notice:information":"3000","seamark:type":"notice","waterway:sign":"no_anchor"}}},{"type":"Feature","geometry":{"type":"Point","coordinates":[12.026525,48.936287]},"properties":{"osm_id":2402238636,"osm_type":"node","seamark_type":"notice","display_class":"OTHER","min_zoom":12,"importance":1,"name":null,"ref":null,"common":{"type":"notice"},"children":{"notice":{"addition":"top_board","category":"no_passing","distance_down":"500","function":"prohibition","information":"500"}},"osm_tags":{"seamark:notice:addition":"top_board","seamark:notice:category":"no_passing","seamark:notice:distance_down":"500","seamark:notice:function":"prohibition","seamark:notice:information":"500","seamark:type":"notice","waterway:sign":"oneway"}}},{"type":"Feature","geometry":{"type":"Point","coordinates":[12.018786,48.9447088]},"properties":{"osm_id":2402258531,"osm_type":"node","seamark_type":"notice","display_class":"OTHER","min_zoom":12,"importance":1,"name":null,"ref":null,"common":{"type":"notice"},"children":{"notice":{"addition":"bottom_board","category":"limited_headroom","function":"restriction","information":"Brückenpegel Unterwasser ablesen"}},"osm_tags":{"maxheight":"5.0 m","seamark:notice:addition":"bottom_board","seamark:notice:category":"limited_headroom","seamark:notice:function":"restriction","seamark:notice:information":"Brückenpegel Unterwasser ablesen","seamark:type":"notice","waterway:sign":"maxheight"}}},{"type":"Feature","geometry":{"type":"Point","coordinates":[12.017463,48.94714]},"properties":{"osm_id":2402260411,"osm_type":"node","seamark_type":"notice","display_class":"OTHER","min_zoom":12,"importance":1,"name":null,"ref":null,"common":{"type":"notice"},"children":{"notice":{"addition":"bottom_board","category":"no_motor_craft","function":"prohibition","information":"Ausgenommen Motorfahrzeuge mit Sondergenehmigung"}},"osm_tags":{"seamark:notice:addition":"bottom_board","seamark:notice:category":"no_motor_craft","seamark:notice:function":"prohibition","seamark:notice:information":"Ausgenommen Motorfahrzeuge mit Sondergenehmigung","seamark:type":"notice","waterway:sign":"no_motorboat"}}},{"type":"Feature","geometry":{"type":"Point","coordinates":[12.0160857,48.9468754]},"properties":{"osm_id":2402261447,"osm_type":"node","seamark_type":"buoy_lateral","display_class":"OTHER","min_zoom":12,"importance":1,"name":null,"ref":null,"common":{"type":"buoy_lateral"},"children":{"buoy_lateral":{"category":"channel_right","colour":"red","reflectivity":"reflector","shape":"can"}},"osm_tags":{"seamark:buoy_lateral:category":"channel_right","seamark:buoy_lateral:colour":"red","seamark:buoy_lateral:reflectivity":"reflector","seamark:buoy_lateral:shape":"can","seamark:type":"buoy_lateral"}}},{"type":"Feature","geometry":{"type":"Point","coordinates":[12.0154593,48.9472852]},"properties":{"osm_id":2402262706,"osm_type":"node","seamark_type":"buoy_lateral","display_class":"OTHER","min_zoom":12,"importance":1,"name":null,"ref":null,"common":{"type":"buoy_lateral"},"children":{"buoy_lateral":{"category":"channel_left","colour":"green","reflectivity":"reflector","shape":"conical"}},"osm_tags":{"seamark:buoy_lateral:category":"channel_left","seamark:buoy_lateral:colour":"green","seamark:buoy_lateral:reflectivity":"reflector","seamark:buoy_lateral:shape":"conical","seamark:type":"buoy_lateral"}}},{"type":"Feature","geometry":{"type":"Point","coordinates":[12.015558,48.9457883]},"properties":{"osm_id":2402265121,"osm_type":"node","seamark_type":"notice","display_class":"OTHER","min_zoom":12,"importance":1,"name":null,"ref":null,"common":{"type":"notice"},"children":{"notice":{"1:addition":"right_triangle","1:category":"no_anchoring","1:distance_up":"3000","1:function":"prohibition","1:information":"3000","2:category":"stop","2:function":"regulation"}},"osm_tags":{"seamark:notice:1:addition":"right_triangle","seamark:notice:1:category":"no_anchoring","seamark:notice:1:distance_up":"3000","seamark:notice:1:function":"prohibition","seamark:notice:1:information":"3000","seamark:notice:2:category":"stop","seamark:notice:2:function":"regulation","seamark:type":"notice","waterway:sign":"stop"}}},{"type":"Feature","geometry":{"type":"Point","coordinates":[12.014906,48.945549]},"properties":{"osm_id":2402265519,"osm_type":"node","seamark_type":"notice","display_class":"OTHER","min_zoom":12,"importance":1,"name":null,"ref":null,"common":{"type":"notice"},"children":{"notice":{"addition":"left_triangle","category":"no_anchoring","distance_up":"3000","function":"prohibition","information":"3000"}},"osm_tags":{"seamark:notice:addition":"left_triangle","seamark:notice:category":"no_anchoring","seamark:notice:distance_up":"3000","seamark:notice:function":"prohibition","seamark:notice:information":"3000","seamark:type":"notice","waterway:sign":"no_anchor"}}},{"type":"Feature","geometry":{"type":"Point","coordinates":[12.009999,48.947937]},"properties":{"osm_id":2402266363,"osm_type":"node","seamark_type":"notice","display_class":"OTHER","min_zoom":12,"importance":1,"name":null,"ref":null,"common":{"type":"notice"},"children":{"notice":{"category":"stop","function":"regulation"}},"osm_tags":{"seamark:notice:category":"stop","seamark:notice:function":"regulation","seamark:type":"notice","waterway:sign":"stop"}}},{"type":"Feature","geometry":{"type":"Point","coordinates":[12.01102,48.949844]},"properties":{"osm_id":2402267336,"osm_type":"node","seamark_type":"notice","display_class":"OTHER","min_zoom":12,"importance":1,"name":null,"ref":null,"common":{"type":"notice"},"children":{"notice":{"addition":"left_triangle","category":"waterskiing_permitted","function":"information"}},"osm_tags":{"seamark:notice:addition":"left_triangle","seamark:notice:category":"waterskiing_permitted","seamark:notice:function":"information","seamark:type":"notice","waterway:sign":"ski"}}},{"type":"Feature","geometry":{"type":"Point","coordinates":[12.003989,48.951065]},"properties":{"osm_id":2402270025,"osm_type":"node","seamark_type":"notice","display_class":"OTHER","min_zoom":12,"importance":1,"name":null,"ref":null,"common":{"type":"notice"},"children":{"notice":{"category":"give_way_junction","function":"regulation"}},"osm_tags":{"seamark:notice:category":"give_way_junction","seamark:notice:function":"regulation","seamark:type":"notice","waterway:sign":"give_way"}}},{"type":"Feature","geometry":{"type":"Point","coordinates":[12.010027,48.968044]},"properties":{"osm_id":2402275548,"osm_type":"node","seamark_type":"notice","display_class":"OTHER","min_zoom":12,"importance":1,"name":null,"ref":null,"common":{"type":"notice"},"children":{"notice":{"1:addition":"bottom_board","1:category":"sound_horn","1:function":"regulation","1:information":"1 langer Ton","2:addition":"top_board","2:category":"ferry_non_independent","2:distance_up":"500","2:function":"information","2:information":"500"}},"osm_tags":{"ferry":"non_free","seamark:notice:1:addition":"bottom_board","seamark:notice:1:category":"sound_horn","seamark:notice:1:function":"regulation","seamark:notice:1:information":"1 langer Ton","seamark:notice:2:addition":"top_board","seamark:notice:2:category":"ferry_non_independent","seamark:notice:2:distance_up":"500","seamark:notice:2:function":"information","seamark:notice:2:information":"500","seamark:type":"notice","waterway:sign":"horn_signal"}}},{"type":"Feature","geometry":{"type":"Point","coordinates":[12.03525,48.97546]},"properties":{"osm_id":2402277300,"osm_type":"node","seamark_type":"buoy_lateral","display_class":"OTHER","min_zoom":12,"importance":1,"name":null,"ref":null,"common":{"type":"buoy_lateral"},"children":{"buoy_lateral":{"category":"channel_right","colour":"red","reflectivity":"reflector","shape":"can"}},"osm_tags":{"buoy":"lateral_port","buoy:colour":"red","seamark":"buoy","seamark:buoy_lateral:category":"channel_right","seamark:buoy_lateral:colour":"red","seamark:buoy_lateral:reflectivity":"reflector","seamark:buoy_lateral:shape":"can","seamark:type":"buoy_lateral"}}},{"type":"Feature","geometry":{"type":"Point","coordinates":[12.041757,48.984264]},"properties":{"osm_id":2402281354,"osm_type":"node","seamark_type":"notice","display_class":"OTHER","min_zoom":12,"importance":1,"name":null,"ref":null,"common":{"type":"notice"},"children":{"notice":{"category":"no_anchoring","function":"prohibition"}},"osm_tags":{"seamark:notice:category":"no_anchoring","seamark:notice:function":"prohibition","seamark:type":"notice","waterway:sign":"no_anchor"}}},{"type":"Feature","geometry":{"type":"Point","coordinates":[12.043865,48.983627]},"properties":{"osm_id":2402281612,"osm_type":"node","seamark_type":"notice","display_class":"OTHER","min_zoom":12,"importance":1,"name":null,"ref":null,"common":{"type":"notice"},"children":{"notice":{"category":"no_anchoring","function":"prohibition"}},"osm_tags":{"seamark:notice:category":"no_anchoring","seamark:notice:function":"prohibition","seamark:type":"notice","waterway:sign":"no_anchor"}}},{"type":"Feature","geometry":{"type":"Point","coordinates":[12.042886,48.984428]},"properties":{"osm_id":2402282089,"osm_type":"node","seamark_type":"buoy_lateral","display_class":"OTHER","min_zoom":12,"importance":1,"name":null,"ref":null,"common":{"type":"buoy_lateral"},"children":{"buoy_lateral":{"category":"channel_left","colour":"green","reflectivity":"reflector","shape":"conical"}},"osm_tags":{"seamark:buoy_lateral:category":"channel_left","seamark:buoy_lateral:colour":"green","seamark:buoy_lateral:reflectivity":"reflector","seamark:buoy_lateral:shape":"conical","seamark:type":"buoy_lateral"}}},{"type":"Feature","geometry":{"type":"Point","coordinates":[12.041442,48.998878]},"properties":{"osm_id":2402290846,"osm_type":"node","seamark_type":"notice","display_class":"OTHER","min_zoom":12,"importance":1,"name":null,"ref":null,"common":{"type":"notice"},"children":{"notice":{"addition":"top_board","category":"ferry_independent","distance_down":"1000","function":"information","information":"1000"}},"osm_tags":{"seamark:notice:addition":"top_board","seamark:notice:category":"ferry_independent","seamark:notice:distance_down":"1000","seamark:notice:function":"information","seamark:notice:information":"1000","seamark:type":"notice","waterway:sign":"ferry"}}},{"type":"Feature","geometry":{"type":"Point","coordinates":[12.343761,48.998142]},"properties":{"osm_id":2403621211,"osm_type":"node","seamark_type":"notice","display_class":"OTHER","min_zoom":12,"importance":1,"name":null,"ref":null,"common":{"type":"notice"},"children":{"notice":{"category":"channel_two_way","function":"recommendation","orientation":"350.79"}},"osm_tags":{"seamark:notice:category":"channel_two_way","seamark:notice:function":"recommendation","seamark:notice:orientation":"350.79","seamark:type":"notice","waterway:sign":"this_way_both"}}},{"type":"Feature","geometry":{"type":"Point","coordinates":[12.343892,48.997883]},"properties":{"osm_id":2403621334,"osm_type":"node","seamark_type":"notice","display_class":"OTHER","min_zoom":12,"importance":1,"name":null,"ref":null,"common":{"type":"notice"},"children":{"notice":{"category":"channel_two_way","function":"recommendation","orientation":"170.91"}},"osm_tags":{"seamark:notice:category":"channel_two_way","seamark:notice:function":"recommendation","seamark:notice:orientation":"170.91","seamark:type":"notice","waterway:sign":"this_way_both"}}},{"type":"Feature","geometry":{"type":"Point","coordinates":[12.3361386,48.9891405]},"properties":{"osm_id":2403623130,"osm_type":"node","seamark_type":"buoy_lateral","display_class":"OTHER","min_zoom":12,"importance":1,"name":null,"ref":null,"common":{"type":"buoy_lateral"},"children":{"buoy_lateral":{"category":"channel_right","colour":"red","reflectivity":"reflector","shape":"can"}},"osm_tags":{"buoy":"lateral_port","buoy:colour":"red","seamark":"buoy","seamark:buoy_lateral:category":"channel_right","seamark:buoy_lateral:colour":"red","seamark:buoy_lateral:reflectivity":"reflector","seamark:buoy_lateral:shape":"can","seamark:type":"buoy_lateral"}}},{"type":"Feature","geometry":{"type":"Point","coordinates":[12.331128,48.987457]},"properties":{"osm_id":2403623617,"osm_type":"node","seamark_type":"buoy_lateral","display_class":"OTHER","min_zoom":12,"importance":1,"name":null,"ref":null,"common":{"type":"buoy_lateral"},"children":{"buoy_lateral":{"category":"channel_right","colour":"red","reflectivity":"reflector","shape":"can"}},"osm_tags":{"buoy":"lateral_port","buoy:colour":"red","seamark":"buoy","seamark:buoy_lateral:category":"channel_right","seamark:buoy_lateral:colour":"red","seamark:buoy_lateral:reflectivity":"reflector","seamark:buoy_lateral:shape":"can","seamark:type":"buoy_lateral"}}},{"type":"Feature","geometry":{"type":"Point","coordinates":[12.329907,48.987213]},"properties":{"osm_id":2403623679,"osm_type":"node","seamark_type":"notice","display_class":"OTHER","min_zoom":12,"importance":1,"name":null,"ref":null,"common":{"type":"notice"},"children":{"notice":{"addition":"bottom_board;left_triangle","category":"waterbikes_permitted","distance_down":"1400","function":"information","information":"1400, rechte Stromseite"}},"osm_tags":{"seamark:notice:addition":"bottom_board;left_triangle","seamark:notice:category":"waterbikes_permitted","seamark:notice:distance_down":"1400","seamark:notice:function":"information","seamark:notice:information":"1400, rechte Stromseite","seamark:type":"notice","waterway:sign":"jetski"}}},{"type":"Feature","geometry":{"type":"Point","coordinates":[12.333792,48.975979]},"properties":{"osm_id":2403623818,"osm_type":"node","seamark_type":"notice","display_class":"OTHER","min_zoom":12,"importance":1,"name":null,"ref":null,"common":{"type":"notice"},"children":{"notice":{"addition":"bottom_board;right_triangle","category":"waterbikes_permitted","distance_up":"1400","function":"information","information":"1400, rechte Stromseite"}},"osm_tags":{"seamark:notice:addition":"bottom_board;right_triangle","seamark:notice:category":"waterbikes_permitted","seamark:notice:distance_up":"1400","seamark:notice:function":"information","seamark:notice:information":"1400, rechte Stromseite","seamark:type":"notice","waterway:sign":"jetski"}}},{"type":"Feature","geometry":{"type":"Point","coordinates":[12.340163,48.976498]},"properties":{"osm_id":2403627609,"osm_type":"node","seamark_type":"notice","display_class":"OTHER","min_zoom":12,"importance":1,"name":null,"ref":null,"common":{"type":"notice"},"children":{"notice":{"1:addition":"left_triangle","1:category":"unpowered_craft_permitted","1:function":"information","2:addition":"bottom_board;right_triangle","2:category":"no_entry","2:function":"prohibition"}},"osm_tags":{"seamark:notice:1:addition":"left_triangle","seamark:notice:1:category":"unpowered_craft_permitted","seamark:notice:1:function":"information","seamark:notice:2:addition":"bottom_board;right_triangle","seamark:notice:2:category":"no_entry","seamark:notice:2:function":"prohibition","seamark:type":"notice","waterway:sign":"rowing"}}},{"type":"Feature","geometry":{"type":"Point","coordinates":[12.339254,48.976173]},"properties":{"osm_id":2403627842,"osm_type":"node","seamark_type":"buoy_special_purpose","display_class":"OTHER","min_zoom":12,"importance":1,"name":null,"ref":null,"common":{"type":"buoy_special_purpose"},"children":{"buoy_special_purpose":{"category":"no_entry","colour":"yellow","information":"Wasserflaeche gesperrt","reflectivity":"reflector","shape":"can"},"topmark":{"colour":"red;white;red","colour_pattern":"horizontal","shape":"cylinder"}},"osm_tags":{"seamark:buoy_special_purpose:category":"no_entry","seamark:buoy_special_purpose:colour":"yellow","seamark:buoy_special_purpose:information":"Wasserflaeche gesperrt","seamark:buoy_special_purpose:reflectivity":"reflector","seamark:buoy_special_purpose:shape":"can","seamark:topmark:colour":"red;white;red","seamark:topmark:colour_pattern":"horizontal","seamark:topmark:shape":"cylinder","seamark:type":"buoy_special_purpose","waterway:sign":"no_entry"}}},{"type":"Feature","geometry":{"type":"Point","coordinates":[12.338475,48.975937]},"properties":{"osm_id":2403628102,"osm_type":"node","seamark_type":"buoy_special_purpose","display_class":"OTHER","min_zoom":12,"importance":1,"name":null,"ref":null,"common":{"type":"buoy_special_purpose"},"children":{"buoy_special_purpose":{"category":"no_entry","colour":"yellow","information":"Wasserflaeche gesperrt","reflectivity":"reflector","shape":"can"},"topmark":{"colour":"red;white;red","colour_pattern":"horizontal","shape":"cylinder"}},"osm_tags":{"buoy":"special_purpose","seamark":"buoy","seamark:buoy_special_purpose:category":"no_entry","seamark:buoy_special_purpose:colour":"yellow","seamark:buoy_special_purpose:information":"Wasserflaeche gesperrt","seamark:buoy_special_purpose:reflectivity":"reflector","seamark:buoy_special_purpose:shape":"can","seamark:topmark:colour":"red;white;red","seamark:topmark:colour_pattern":"horizontal","seamark:topmark:shape":"cylinder","seamark:type":"buoy_special_purpose","topmark":"yes","topmark:colour":"red,white,red","topmark:colour_pattern":"horizontal_stripes"}}},{"type":"Feature","geometry":{"type":"Point","coordinates":[12.337202,48.97554]},"properties":{"osm_id":2403628416,"osm_type":"node","seamark_type":"buoy_special_purpose","display_class":"OTHER","min_zoom":12,"importance":1,"name":null,"ref":null,"common":{"type":"buoy_special_purpose"},"children":{"buoy_special_purpose":{"category":"no_entry","colour":"yellow","information":"Wasserflaeche gesperrt","reflectivity":"reflector","shape":"can"},"topmark":{"colour":"red;white;red","colour_pattern":"horizontal","shape":"cylinder"}},"osm_tags":{"buoy":"special_purpose","seamark":"buoy","seamark:buoy_special_purpose:category":"no_entry","seamark:buoy_special_purpose:colour":"yellow","seamark:buoy_special_purpose:information":"Wasserflaeche gesperrt","seamark:buoy_special_purpose:reflectivity":"reflector","seamark:buoy_special_purpose:shape":"can","seamark:topmark:colour":"red;white;red","seamark:topmark:colour_pattern":"horizontal","seamark:topmark:shape":"cylinder","seamark:type":"buoy_special_purpose","topmark":"yes","topmark:colour":"red,white,red","topmark:colour_pattern":"horizontal_stripes"}}},{"type":"Feature","geometry":{"type":"Point","coordinates":[12.339751,48.977268]},"properties":{"osm_id":2403632158,"osm_type":"node","seamark_type":"notice","display_class":"OTHER","min_zoom":12,"importance":1,"name":null,"ref":null,"common":{"type":"notice"},"children":{"notice":{"category":"stop","function":"regulation"}},"osm_tags":{"seamark:notice:category":"stop","seamark:notice:function":"regulation","seamark:type":"notice","waterway:sign":"stop"}}},{"type":"Feature","geometry":{"type":"Point","coordinates":[12.34633,48.976383]},"properties":{"osm_id":2403633601,"osm_type":"node","seamark_type":"notice","display_class":"OTHER","min_zoom":12,"importance":1,"name":null,"ref":null,"common":{"type":"notice"},"children":{"notice":{"1:addition":"bottom_board;left_triangle","1:category":"no_entry","1:function":"prohibition","1:information":"Achtung Lebensgefahr","2:addition":"left_triangle","2:category":"unpowered_craft_permitted","2:function":"information"}},"osm_tags":{"seamark:notice:1:addition":"bottom_board;left_triangle","seamark:notice:1:category":"no_entry","seamark:notice:1:function":"prohibition","seamark:notice:1:information":"Achtung Lebensgefahr","seamark:notice:2:addition":"left_triangle","seamark:notice:2:category":"unpowered_craft_permitted","seamark:notice:2:function":"information","seamark:type":"notice","waterway:sign":"rowing"}}},{"type":"Feature","geometry":{"type":"Point","coordinates":[12.347981,48.974354]},"properties":{"osm_id":2403633874,"osm_type":"node","seamark_type":"notice","display_class":"OTHER","min_zoom":12,"importance":1,"name":null,"ref":null,"common":{"type":"notice"},"children":{"notice":{"addition":"bottom_board","category":"no_entry","function":"prohibition","information":"Achtung Lebensgefahr"}},"osm_tags":{"seamark:notice:addition":"bottom_board","seamark:notice:category":"no_entry","seamark:notice:function":"prohibition","seamark:notice:information":"Achtung Lebensgefahr","seamark:type":"notice","waterway:sign":"no_entry"}}},{"type":"Feature","geometry":{"type":"Point","coordinates":[12.348062,48.977268]},"properties":{"osm_id":2403634173,"osm_type":"node","seamark_type":"notice","display_class":"OTHER","min_zoom":12,"importance":1,"name":null,"ref":null,"common":{"type":"notice"},"children":{"notice":{"category":"stop","function":"regulation"}},"osm_tags":{"seamark:notice:category":"stop","seamark:notice:function":"regulation","seamark:type":"notice","waterway:sign":"stop"}}},{"type":"Feature","geometry":{"type":"Point","coordinates":[12.348273,48.977196]},"properties":{"osm_id":2403634219,"osm_type":"node","seamark_type":"mooring","display_class":"OTHER","min_zoom":12,"importance":1,"name":null,"ref":null,"common":{"type":"mooring"},"children":{"mooring":{"category":"dolphin"}},"osm_tags":{"seamark:mooring:category":"dolphin","seamark:type":"mooring","waterway:sign":"mooring"}}},{"type":"Feature","geometry":{"type":"Point","coordinates":[12.365428,48.973545]},"properties":{"osm_id":2403640747,"osm_type":"node","seamark_type":"notice","display_class":"OTHER","min_zoom":12,"importance":1,"name":null,"ref":null,"common":{"type":"notice"},"children":{"notice":{"1:addition":"bottom_board","1:category":"no_passing","1:function":"prohibition","1:information":"Für und mit Verbänden","2:category":"prohibition_ends","2:function":"information"}},"osm_tags":{"seamark:notice:1:addition":"bottom_board","seamark:notice:1:category":"no_passing","seamark:notice:1:function":"prohibition","seamark:notice:1:information":"Für und mit Verbänden","seamark:notice:2:category":"prohibition_ends","seamark:notice:2:function":"information","seamark:type":"notice","waterway:sign":"end_restrictions"}}},{"type":"Feature","geometry":{"type":"Point","coordinates":[12.3895438,48.9810523]},"properties":{"osm_id":2403642818,"osm_type":"node","seamark_type":"notice","display_class":"OTHER","min_zoom":12,"importance":1,"name":null,"ref":null,"common":{"type":"notice"},"children":{"notice":{"1:addition":"bottom_board","1:category":"no_passing","1:function":"prohibition","1:information":"Für und mit Verbänden","2:category":"prohibition_ends","2:function":"information"}},"osm_tags":{"seamark:notice:1:addition":"bottom_board","seamark:notice:1:category":"no_passing","seamark:notice:1:function":"prohibition","seamark:notice:1:information":"Für und mit Verbänden","seamark:notice:2:category":"prohibition_ends","seamark:notice:2:function":"information","seamark:type":"notice","waterway:sign":"oneway"}}},{"type":"Feature","geometry":{"type":"Point","coordinates":[12.39172,48.980183]},"properties":{"osm_id":2403643038,"osm_type":"node","seamark_type":"notice","display_class":"OTHER","min_zoom":12,"importance":1,"name":null,"ref":null,"common":{"type":"notice"},"children":{"notice":{"category":"no_anchoring","function":"prohibition"}},"osm_tags":{"seamark:notice:category":"no_anchoring","seamark:notice:function":"prohibition","seamark:type":"notice","waterway:sign":"no_anchor"}}},{"type":"Feature","geometry":{"type":"Point","coordinates":[12.391435,48.981277]},"properties":{"osm_id":2403643467,"osm_type":"node","seamark_type":"notice","display_class":"OTHER","min_zoom":12,"importance":1,"name":null,"ref":null,"common":{"type":"notice"},"children":{"notice":{"category":"no_anchoring","function":"prohibition"}},"osm_tags":{"seamark:notice:category":"no_anchoring","seamark:notice:function":"prohibition","seamark:type":"notice","waterway:sign":"no_anchor"}}},{"type":"Feature","geometry":{"type":"Point","coordinates":[12.39987,48.982227]},"properties":{"osm_id":2403643580,"osm_type":"node","seamark_type":"notice","display_class":"OTHER","min_zoom":12,"importance":1,"name":null,"ref":null,"common":{"type":"notice"},"children":{"notice":{"addition":"top_board;bottom_board","category":"no_passing","distance_up":"800","function":"prohibition","information":"Für und mit Verbänden, 800"}},"osm_tags":{"seamark:notice:addition":"top_board;bottom_board","seamark:notice:category":"no_passing","seamark:notice:distance_up":"800","seamark:notice:function":"prohibition","seamark:notice:information":"Für und mit Verbänden, 800","seamark:type":"notice","waterway:sign":"oneway"}}},{"type":"Feature","geometry":{"type":"Point","coordinates":[12.439005,48.970665]},"properties":{"osm_id":2403643706,"osm_type":"node","seamark_type":"buoy_lateral","display_class":"OTHER","min_zoom":12,"importance":1,"name":null,"ref":null,"common":{"type":"buoy_lateral"},"children":{"buoy_lateral":{"category":"channel_left","colour":"green","reflectivity":"reflector","shape":"conical"}},"osm_tags":{"buoy":"lateral_starboard","buoy:colour":"green","seamark":"buoy","seamark:buoy_lateral:category":"channel_left","seamark:buoy_lateral:colour":"green","seamark:buoy_lateral:reflectivity":"reflector","seamark:buoy_lateral:shape":"conical","seamark:type":"buoy_lateral"}}},{"type":"Feature","geometry":{"type":"Point","coordinates":[12.440103,48.970146]},"properties":{"osm_id":2403643885,"osm_type":"node","seamark_type":"buoy_lateral","display_class":"OTHER","min_zoom":12,"importance":1,"name":null,"ref":null,"common":{"type":"buoy_lateral"},"children":{"buoy_lateral":{"category":"channel_left","colour":"green","reflectivity":"reflector","shape":"conical"}},"osm_tags":{"buoy":"lateral_starboard","buoy:colour":"green","seamark":"buoy","seamark:buoy_lateral:category":"channel_left","seamark:buoy_lateral:colour":"green","seamark:buoy_lateral:reflectivity":"reflector","seamark:buoy_lateral:shape":"conical","seamark:type":"buoy_lateral"}}},{"type":"Feature","geometry":{"type":"Point","coordinates":[12.4688319,48.9632098]},"properties":{"osm_id":2403644976,"osm_type":"node","seamark_type":"notice","display_class":"OTHER","min_zoom":12,"importance":1,"name":null,"ref":null,"common":{"type":"notice"},"children":{"notice":{"category":"radio_information","function":"information","information":"22"}},"osm_tags":{"seamark:notice:category":"radio_information","seamark:notice:function":"information","seamark:notice:information":"22","seamark:type":"notice","waterway:sign":"UKW","waterway:ukw_channel":"22"}}},{"type":"Feature","geometry":{"type":"Point","coordinates":[12.4688598,48.9631544]},"properties":{"osm_id":2403645151,"osm_type":"node","seamark_type":"notice","display_class":"OTHER","min_zoom":12,"importance":1,"name":null,"ref":null,"common":{"type":"notice"},"children":{"notice":{"category":"radio_information","function":"information","information":"18"}},"osm_tags":{"seamark:notice:category":"radio_information","seamark:notice:function":"information","seamark:notice:information":"18","seamark:type":"notice","waterway:sign":"UKW","waterway:ukw_channel":"18"}}},{"type":"Feature","geometry":{"type":"Point","coordinates":[12.482577,48.959595]},"properties":{"osm_id":2403645888,"osm_type":"node","seamark_type":"notice","display_class":"OTHER","min_zoom":12,"importance":1,"name":null,"ref":null,"common":{"type":"notice"},"children":{"notice":{"addition":"bottom_board","category":"no_berthing","function":"prohibition","information":"Ausgenommen WSV-Fahrzeuge"}},"osm_tags":{"seamark:notice:addition":"bottom_board","seamark:notice:category":"no_berthing","seamark:notice:function":"prohibition","seamark:notice:information":"Ausgenommen WSV-Fahrzeuge","seamark:type":"notice","waterway:sign":"no_parking"}}},{"type":"Feature","geometry":{"type":"Point","coordinates":[12.549563,48.899536]},"properties":{"osm_id":2404779093,"osm_type":"node","seamark_type":"notice","display_class":"OTHER","min_zoom":12,"importance":1,"name":null,"ref":null,"common":{"type":"notice"},"children":{"notice":{"category":"stop","function":"regulation"}},"osm_tags":{"seamark:notice:category":"stop","seamark:notice:function":"regulation","seamark:type":"notice","waterway:sign":"stop"}}},{"type":"Feature","geometry":{"type":"Point","coordinates":[12.9999173,48.7906745]},"properties":{"osm_id":2657713049,"osm_type":"node","seamark_type":"buoy_lateral","display_class":"OTHER","min_zoom":12,"importance":1,"name":null,"ref":null,"common":{"type":"buoy_lateral"},"children":{"buoy_lateral":{"category":"channel_right","colour":"red","reflectivity":"reflector","shape":"can"}},"osm_tags":{"seamark:buoy_lateral:category":"channel_right","seamark:buoy_lateral:colour":"red","seamark:buoy_lateral:reflectivity":"reflector","seamark:buoy_lateral:shape":"can","seamark:type":"buoy_lateral"}}},{"type":"Feature","geometry":{"type":"Point","coordinates":[12.9961616,48.7922338]},"properties":{"osm_id":2657713071,"osm_type":"node","seamark_type":"buoy_lateral","display_class":"OTHER","min_zoom":12,"importance":1,"name":null,"ref":null,"common":{"type":"buoy_lateral"},"children":{"buoy_lateral":{"category":"channel_right","colour":"red","reflectivity":"reflector","shape":"can"}},"osm_tags":{"seamark:buoy_lateral:category":"channel_right","seamark:buoy_lateral:colour":"red","seamark:buoy_lateral:reflectivity":"reflector","seamark:buoy_lateral:shape":"can","seamark:type":"buoy_lateral"}}},{"type":"Feature","geometry":{"type":"Point","coordinates":[12.9937441,48.7942789]},"properties":{"osm_id":2657735140,"osm_type":"node","seamark_type":"buoy_lateral","display_class":"OTHER","min_zoom":12,"importance":1,"name":null,"ref":null,"common":{"type":"buoy_lateral"},"children":{"buoy_lateral":{"category":"channel_left","colour":"green","reflectivity":"reflector","shape":"conical"}},"osm_tags":{"seamark:buoy_lateral:category":"channel_left","seamark:buoy_lateral:colour":"green","seamark:buoy_lateral:reflectivity":"reflector","seamark:buoy_lateral:shape":"conical","seamark:type":"buoy_lateral"}}},{"type":"Feature","geometry":{"type":"Point","coordinates":[12.9896083,48.7967739]},"properties":{"osm_id":2657735141,"osm_type":"node","seamark_type":"buoy_lateral","display_class":"OTHER","min_zoom":12,"importance":1,"name":null,"ref":null,"common":{"type":"buoy_lateral"},"children":{"buoy_lateral":{"category":"channel_left","colour":"green","reflectivity":"reflector","shape":"conical"}},"osm_tags":{"seamark:buoy_lateral:category":"channel_left","seamark:buoy_lateral:colour":"green","seamark:buoy_lateral:reflectivity":"reflector","seamark:buoy_lateral:shape":"conical","seamark:type":"buoy_lateral"}}},{"type":"Feature","geometry":{"type":"Point","coordinates":[12.9861089,48.7982904]},"properties":{"osm_id":2657735157,"osm_type":"node","seamark_type":"buoy_lateral","display_class":"OTHER","min_zoom":12,"importance":1,"name":null,"ref":null,"common":{"type":"buoy_lateral"},"children":{"buoy_lateral":{"category":"channel_right","colour":"red","reflectivity":"reflector","shape":"can"},"topmark":{"colour":"red","shape":"cylinder"}},"osm_tags":{"seamark:buoy_lateral:category":"channel_right","seamark:buoy_lateral:colour":"red","seamark:buoy_lateral:reflectivity":"reflector","seamark:buoy_lateral:shape":"can","seamark:topmark:colour":"red","seamark:topmark:shape":"cylinder","seamark:type":"buoy_lateral"}}},{"type":"Feature","geometry":{"type":"Point","coordinates":[12.9836154,48.8002297]},"properties":{"osm_id":2657735188,"osm_type":"node","seamark_type":"buoy_lateral","display_class":"OTHER","min_zoom":12,"importance":1,"name":null,"ref":null,"common":{"type":"buoy_lateral"},"children":{"buoy_lateral":{"category":"channel_right","colour":"red","reflectivity":"reflector","shape":"can"}},"osm_tags":{"seamark:buoy_lateral:category":"channel_right","seamark:buoy_lateral:colour":"red","seamark:buoy_lateral:reflectivity":"reflector","seamark:buoy_lateral:shape":"can","seamark:type":"buoy_lateral"}}},{"type":"Feature","geometry":{"type":"Point","coordinates":[12.984219,48.800587]},"properties":{"osm_id":2657735195,"osm_type":"node","seamark_type":"buoy_lateral","display_class":"OTHER","min_zoom":12,"importance":1,"name":null,"ref":null,"common":{"type":"buoy_lateral"},"children":{"buoy_lateral":{"category":"channel_left","colour":"green","reflectivity":"reflector","shape":"conical"}},"osm_tags":{"seamark:buoy_lateral:category":"channel_left","seamark:buoy_lateral:colour":"green","seamark:buoy_lateral:reflectivity":"reflector","seamark:buoy_lateral:shape":"conical","seamark:type":"buoy_lateral"}}},{"type":"Feature","geometry":{"type":"Point","coordinates":[12.9767397,48.804047]},"properties":{"osm_id":2657735217,"osm_type":"node","seamark_type":"buoy_lateral","display_class":"OTHER","min_zoom":12,"importance":1,"name":null,"ref":null,"common":{"type":"buoy_lateral"},"children":{"buoy_lateral":{"category":"channel_right","colour":"red","reflectivity":"reflector","shape":"can"}},"osm_tags":{"seamark:buoy_lateral:category":"channel_right","seamark:buoy_lateral:colour":"red","seamark:buoy_lateral:reflectivity":"reflector","seamark:buoy_lateral:shape":"can","seamark:type":"buoy_lateral"}}},{"type":"Feature","geometry":{"type":"Point","coordinates":[12.97354,48.804363]},"properties":{"osm_id":2657735250,"osm_type":"node","seamark_type":"notice","display_class":"OTHER","min_zoom":12,"importance":1,"name":null,"ref":null,"common":{"type":"notice"},"children":{"notice":{"addition":"right_triangle","category":"turning_area","distance_up":"300","function":"information"}},"osm_tags":{"seamark:notice:addition":"right_triangle","seamark:notice:category":"turning_area","seamark:notice:distance_up":"300","seamark:notice:function":"information","seamark:type":"notice"}}},{"type":"Feature","geometry":{"type":"Point","coordinates":[12.970562,48.806595]},"properties":{"osm_id":2657735287,"osm_type":"node","seamark_type":"notice","display_class":"OTHER","min_zoom":12,"importance":1,"name":null,"ref":null,"common":{"type":"notice"},"children":{"notice":{"addition":"left_triangle","category":"turning_area","distance_down":"300","function":"information"}},"osm_tags":{"seamark:notice:addition":"left_triangle","seamark:notice:category":"turning_area","seamark:notice:distance_down":"300","seamark:notice:function":"information","seamark:type":"notice"}}},{"type":"Feature","geometry":{"type":"Point","coordinates":[12.972111,48.807865]},"properties":{"osm_id":2657735311,"osm_type":"node","seamark_type":"mooring","display_class":"OTHER","min_zoom":12,"importance":1,"name":null,"ref":null,"common":{"type":"mooring"},"children":{"mooring":{"category":"dolphin"}},"osm_tags":{"seamark:mooring:category":"dolphin","seamark:type":"mooring"}}},{"type":"Feature","geometry":{"type":"Point","coordinates":[12.972047,48.808113]},"properties":{"osm_id":2657735314,"osm_type":"node","seamark_type":"mooring","display_class":"OTHER","min_zoom":12,"importance":1,"name":null,"ref":null,"common":{"type":"mooring"},"children":{"mooring":{"category":"dolphin"}},"osm_tags":{"seamark:mooring:category":"dolphin","seamark:type":"mooring"}}},{"type":"Feature","geometry":{"type":"Point","coordinates":[12.969633,48.808189]},"properties":{"osm_id":2657735317,"osm_type":"node","seamark_type":"notice","display_class":"OTHER","min_zoom":12,"importance":1,"name":null,"ref":null,"common":{"type":"notice"},"children":{"notice":{"addition":"bottom_board","category":"sound_horn","function":"regulation","information":"1 langer Ton"}},"osm_tags":{"seamark:notice:addition":"bottom_board","seamark:notice:category":"sound_horn","seamark:notice:function":"regulation","seamark:notice:information":"1 langer Ton","seamark:type":"notice"}}},{"type":"Feature","geometry":{"type":"Point","coordinates":[12.972024,48.808258]},"properties":{"osm_id":2657735318,"osm_type":"node","seamark_type":"daymark","display_class":"OTHER","min_zoom":12,"importance":1,"name":null,"ref":null,"common":{"type":"daymark"},"children":{"daymark":{"shape":"board"}},"osm_tags":{"seamark:daymark:shape":"board","seamark:type":"daymark"}}},{"type":"Feature","geometry":{"type":"Point","coordinates":[12.971882,48.808861]},"properties":{"osm_id":2657735327,"osm_type":"node","seamark_type":"small_craft_facility","display_class":"OTHER","min_zoom":12,"importance":1,"name":null,"ref":null,"common":{"type":"small_craft_facility"},"children":{"small_craft_facility":{"category":"electricity"}},"osm_tags":{"seamark:small_craft_facility:category":"electricity","seamark:type":"small_craft_facility"}}},{"type":"Feature","geometry":{"type":"Point","coordinates":[12.971797,48.80999]},"properties":{"osm_id":2657735341,"osm_type":"node","seamark_type":"notice","display_class":"OTHER","min_zoom":12,"importance":1,"name":null,"ref":null,"common":{"type":"notice"},"children":{"notice":{"addition":"bottom_board;left_triangle","category":"no_berthing","function":"prohibition","information":"Ausgenommen für Fahrzeuge die für den Umschlag von Oiltanking bestimmt sind"}},"osm_tags":{"seamark:notice:addition":"bottom_board;left_triangle","seamark:notice:category":"no_berthing","seamark:notice:function":"prohibition","seamark:notice:information":"Ausgenommen für Fahrzeuge die für den Umschlag von Oiltanking bestimmt sind","seamark:type":"notice"}}},{"type":"Feature","geometry":{"type":"Point","coordinates":[12.971274,48.811836]},"properties":{"osm_id":2657735367,"osm_type":"node","seamark_type":"notice","display_class":"OTHER","min_zoom":12,"importance":1,"name":null,"ref":null,"common":{"type":"notice"},"children":{"notice":{"addition":"bottom_board;right_triangle","category":"no_berthing","function":"prohibition","information":"Ausgenommen für Fahrzeuge die für den Umschlag des DTL bestimmt sind"}},"osm_tags":{"seamark:notice:addition":"bottom_board;right_triangle","seamark:notice:category":"no_berthing","seamark:notice:function":"prohibition","seamark:notice:information":"Ausgenommen für Fahrzeuge die für den Umschlag des DTL bestimmt sind","seamark:type":"notice"}}},{"type":"Feature","geometry":{"type":"Point","coordinates":[12.9709386,48.8121465]},"properties":{"osm_id":2657735368,"osm_type":"node","seamark_type":"small_craft_facility","display_class":"OTHER","min_zoom":12,"importance":1,"name":null,"ref":null,"common":{"type":"small_craft_facility"},"children":{"small_craft_facility":{"category":"electricity"}},"osm_tags":{"amenity":"power_supply","power_supply":"cee_red_63a","registration":"Hafenmeisterei Wallnerlände 9 94469 Deggendorf hafenmeister@hafen-deggendorf.de","seamark:small_craft_facility:category":"electricity","seamark:type":"small_craft_facility","voltage":"230;380"}}},{"type":"Feature","geometry":{"type":"Point","coordinates":[12.970563,48.812874]},"properties":{"osm_id":2657735372,"osm_type":"node","seamark_type":"daymark","display_class":"OTHER","min_zoom":12,"importance":1,"name":null,"ref":null,"common":{"type":"daymark"},"children":{"daymark":{"colour":"white;green","colour_pattern":"border","shape":"cone, point up"}},"osm_tags":{"seamark:daymark:colour":"white;green","seamark:daymark:colour_pattern":"border","seamark:daymark:shape":"cone, point up","seamark:type":"daymark"}}},{"type":"Feature","geometry":{"type":"Point","coordinates":[12.970557,48.812916]},"properties":{"osm_id":2657735373,"osm_type":"node","seamark_type":"notice","display_class":"OTHER","min_zoom":12,"importance":1,"name":null,"ref":null,"common":{"type":"notice"},"children":{"notice":{"1:addition":"left_triangle","1:category":"berthing_permitted","1:function":"information","2:category":"berthing_lateral_limit","2:function":"information","2:information":"36"}},"osm_tags":{"seamark:notice:1:addition":"left_triangle","seamark:notice:1:category":"berthing_permitted","seamark:notice:1:function":"information","seamark:notice:2:category":"berthing_lateral_limit","seamark:notice:2:function":"information","seamark:notice:2:information":"36","seamark:type":"notice"}}},{"type":"Feature","geometry":{"type":"Point","coordinates":[12.970372,48.8139809]},"properties":{"osm_id":2657735384,"osm_type":"node","seamark_type":"small_craft_facility","display_class":"OTHER","min_zoom":12,"importance":1,"name":null,"ref":null,"common":{"type":"small_craft_facility"},"children":{"small_craft_facility":{"category":"electricity"}},"osm_tags":{"amenity":"power_supply","power_supply":"cee_red_63a","registration":"Hafenmeisterei Wallnerlände 9 94469 Deggendorf hafenmeister@hafen-deggendorf.de","seamark:small_craft_facility:category":"electricity","seamark:type":"small_craft_facility","voltage":"230;380"}}},{"type":"Feature","geometry":{"type":"Point","coordinates":[12.970167,48.815262]},"properties":{"osm_id":2657735393,"osm_type":"node","seamark_type":"small_craft_facility","display_class":"OTHER","min_zoom":12,"importance":1,"name":null,"ref":null,"common":{"type":"small_craft_facility"},"children":{"small_craft_facility":{"category":"electricity"}},"osm_tags":{"amenity":"power_supply","power_supply":"cee_red_63a","registration":"Hafenmeisterei Wallnerlände 9 94469 Deggendorf hafenmeister@hafen-deggendorf.de","seamark:small_craft_facility:category":"electricity","seamark:type":"small_craft_facility","voltage":"230;380"}}},{"type":"Feature","geometry":{"type":"Point","coordinates":[12.967816,48.81562]},"properties":{"osm_id":2657735397,"osm_type":"node","seamark_type":"notice","display_class":"OTHER","min_zoom":12,"importance":1,"name":null,"ref":null,"common":{"type":"notice"},"children":{"notice":{"addition":"bottom_board","category":"sound_horn","function":"regulation","information":"1 langer Ton"}},"osm_tags":{"seamark:notice:addition":"bottom_board","seamark:notice:category":"sound_horn","seamark:notice:function":"regulation","seamark:notice:information":"1 langer Ton","seamark:type":"notice"}}},{"type":"Feature","geometry":{"type":"Point","coordinates":[12.969926,48.816589]},"properties":{"osm_id":2657735405,"osm_type":"node","seamark_type":"small_craft_facility","display_class":"OTHER","min_zoom":12,"importance":1,"name":null,"ref":null,"common":{"type":"small_craft_facility"},"children":{"small_craft_facility":{"category":"electricity"}},"osm_tags":{"amenity":"power_supply","power_supply":"cee_red_63a","registration":"Hafenmeisterei Wallnerlände 9 94469 Deggendorf hafenmeister@hafen-deggendorf.de","seamark:small_craft_facility:category":"electricity","seamark:type":"small_craft_facility","voltage":"230;380"}}},{"type":"Feature","geometry":{"type":"Point","coordinates":[12.969898,48.816666]},"properties":{"osm_id":2657735408,"osm_type":"node","seamark_type":"notice","display_class":"OTHER","min_zoom":12,"importance":1,"name":null,"ref":null,"common":{"type":"notice"},"children":{"notice":{"addition":"left_triangle","category":"no_berthing","function":"prohibition"}},"osm_tags":{"seamark:notice:addition":"left_triangle","seamark:notice:category":"no_berthing","seamark:notice:function":"prohibition","seamark:type":"notice"}}},{"type":"Feature","geometry":{"type":"Point","coordinates":[12.969258,48.818489]},"properties":{"osm_id":2657735424,"osm_type":"node","seamark_type":"notice","display_class":"OTHER","min_zoom":12,"importance":1,"name":null,"ref":null,"common":{"type":"notice"},"children":{"notice":{"1:addition":"right_triangle","1:category":"berthing_lateral_limit","1:function":"information","1:information":"36","2:addition":"left_triangle","2:category":"berthing_lateral_limit","2:function":"information","2:information":"23"}},"osm_tags":{"seamark:notice:1:addition":"right_triangle","seamark:notice:1:category":"berthing_lateral_limit","seamark:notice:1:function":"information","seamark:notice:1:information":"36","seamark:notice:2:addition":"left_triangle","seamark:notice:2:category":"berthing_lateral_limit","seamark:notice:2:function":"information","seamark:notice:2:information":"23","seamark:type":"notice"}}},{"type":"Feature","geometry":{"type":"Point","coordinates":[12.969208,48.818607]},"properties":{"osm_id":2657735429,"osm_type":"node","seamark_type":"notice","display_class":"OTHER","min_zoom":12,"importance":1,"name":null,"ref":null,"common":{"type":"notice"},"children":{"notice":{"category":"channel_distance_left","function":"restriction","information":"10"}},"osm_tags":{"seamark:notice:category":"channel_distance_left","seamark:notice:function":"restriction","seamark:notice:information":"10","seamark:type":"notice"}}},{"type":"Feature","geometry":{"type":"Point","coordinates":[12.968795,48.81942]},"properties":{"osm_id":2657735447,"osm_type":"node","seamark_type":"notice","display_class":"OTHER","min_zoom":12,"importance":1,"name":null,"ref":null,"common":{"type":"notice"},"children":{"notice":{"1:addition":"right_triangle","1:category":"berthing_permitted","1:function":"information","2:category":"berthing_lateral_limit","2:function":"information","2:information":"23"}},"osm_tags":{"seamark:notice:1:addition":"right_triangle","seamark:notice:1:category":"berthing_permitted","seamark:notice:1:function":"information","seamark:notice:2:category":"berthing_lateral_limit","seamark:notice:2:function":"information","seamark:notice:2:information":"23","seamark:type":"notice"}}},{"type":"Feature","geometry":{"type":"Point","coordinates":[12.966805,48.821964]},"properties":{"osm_id":2657735524,"osm_type":"node","seamark_type":"notice","display_class":"OTHER","min_zoom":12,"importance":1,"name":null,"ref":null,"common":{"type":"notice"},"children":{"notice":{"1:addition":"left_triangle","1:category":"waterskiing_permitted","1:distance_up":"7200","1:function":"information","1:information":"7.2 km","2:addition":"bottom_board","2:category":"channel_distance_right","2:function":"restriction","2:information":"8, über Pegel Deggendorf 345 cm"}},"osm_tags":{"seamark:notice:1:addition":"left_triangle","seamark:notice:1:category":"waterskiing_permitted","seamark:notice:1:distance_up":"7200","seamark:notice:1:function":"information","seamark:notice:1:information":"7.2 km","seamark:notice:2:addition":"bottom_board","seamark:notice:2:category":"channel_distance_right","seamark:notice:2:function":"restriction","seamark:notice:2:information":"8, über Pegel Deggendorf 345 cm","seamark:type":"notice"}}},{"type":"Feature","geometry":{"type":"Point","coordinates":[12.9626532,48.8230041]},"properties":{"osm_id":2657735570,"osm_type":"node","seamark_type":"daymark","display_class":"OTHER","min_zoom":12,"importance":1,"name":null,"ref":null,"common":{"type":"daymark"},"children":{"daymark":{"colour":"white;red","colour_pattern":"border","shape":"cone, point down"}},"osm_tags":{"seamark:daymark:colour":"white;red","seamark:daymark:colour_pattern":"border","seamark:daymark:shape":"cone, point down","seamark:type":"daymark"}}},{"type":"Feature","geometry":{"type":"Point","coordinates":[12.962749,48.824909]},"properties":{"osm_id":2657735711,"osm_type":"node","seamark_type":"notice","display_class":"OTHER","min_zoom":12,"importance":1,"name":null,"ref":null,"common":{"type":"notice"},"children":{"notice":{"addition":"left_triangle","category":"no_berthing","distance_up":"100","function":"prohibition","information":"100"}},"osm_tags":{"seamark:notice:addition":"left_triangle","seamark:notice:category":"no_berthing","seamark:notice:distance_up":"100","seamark:notice:function":"prohibition","seamark:notice:information":"100","seamark:type":"notice"}}},{"type":"Feature","geometry":{"type":"Point","coordinates":[12.960172,48.824974]},"properties":{"osm_id":2657735718,"osm_type":"node","seamark_type":"notice","display_class":"OTHER","min_zoom":12,"importance":1,"name":null,"ref":null,"common":{"type":"notice"},"children":{"notice":{"category":"channel_two_way","function":"recommendation","orientation":"116.57"}},"osm_tags":{"seamark:notice:category":"channel_two_way","seamark:notice:function":"recommendation","seamark:notice:orientation":"116.57","seamark:type":"notice"}}},{"type":"Feature","geometry":{"type":"Point","coordinates":[12.960003,48.825027]},"properties":{"osm_id":2657735727,"osm_type":"node","seamark_type":"notice","display_class":"OTHER","min_zoom":12,"importance":1,"name":null,"ref":null,"common":{"type":"notice"},"children":{"notice":{"category":"channel_two_way","function":"recommendation","orientation":"296.87"}},"osm_tags":{"seamark:notice:category":"channel_two_way","seamark:notice:function":"recommendation","seamark:notice:orientation":"296.87","seamark:type":"notice"}}},{"type":"Feature","geometry":{"type":"Point","coordinates":[12.962748,48.825035]},"properties":{"osm_id":2657735729,"osm_type":"node","seamark_type":"mooring","display_class":"OTHER","min_zoom":12,"importance":1,"name":null,"ref":null,"common":{"type":"mooring"},"children":{"mooring":{"category":"dolphin"}},"osm_tags":{"seamark:mooring:category":"dolphin","seamark:type":"mooring"}}},{"type":"Feature","geometry":{"type":"Point","coordinates":[12.962617,48.825115]},"properties":{"osm_id":2657735736,"osm_type":"node","seamark_type":"mooring","display_class":"OTHER","min_zoom":12,"importance":1,"name":null,"ref":null,"common":{"type":"mooring"},"children":{"mooring":{"category":"dolphin"}},"osm_tags":{"seamark:mooring:category":"dolphin","seamark:type":"mooring"}}},{"type":"Feature","geometry":{"type":"Point","coordinates":[12.962117,48.825172]},"properties":{"osm_id":2657735741,"osm_type":"node","seamark_type":"notice","display_class":"OTHER","min_zoom":12,"importance":1,"name":null,"ref":null,"common":{"type":"notice"},"children":{"notice":{"addition":"left_triangle","category":"no_anchoring","function":"prohibition"}},"osm_tags":{"seamark:notice:addition":"left_triangle","seamark:notice:category":"no_anchoring","seamark:notice:function":"prohibition","seamark:type":"notice"}}},{"type":"Feature","geometry":{"type":"Point","coordinates":[12.961014,48.82571]},"properties":{"osm_id":2657735772,"osm_type":"node","seamark_type":"notice","display_class":"OTHER","min_zoom":12,"importance":1,"name":null,"ref":null,"common":{"type":"notice"},"children":{"notice":{"addition":"right_triangle","category":"no_anchoring","function":"prohibition"}},"osm_tags":{"seamark:notice:addition":"right_triangle","seamark:notice:category":"no_anchoring","seamark:notice:function":"prohibition","seamark:type":"notice"}}},{"type":"Feature","geometry":{"type":"Point","coordinates":[12.950484,48.825996]},"properties":{"osm_id":2657735774,"osm_type":"node","seamark_type":"notice","display_class":"OTHER","min_zoom":12,"importance":1,"name":null,"ref":null,"common":{"type":"notice"},"children":{"notice":{"addition":"right_triangle","category":"no_anchoring","function":"prohibition"}},"osm_tags":{"seamark:notice:addition":"right_triangle","seamark:notice:category":"no_anchoring","seamark:notice:function":"prohibition","seamark:type":"notice"}}},{"type":"Feature","geometry":{"type":"Point","coordinates":[12.949391,48.826237]},"properties":{"osm_id":2657735785,"osm_type":"node","seamark_type":"notice","display_class":"OTHER","min_zoom":12,"importance":1,"name":null,"ref":null,"common":{"type":"notice"},"children":{"notice":{"addition":"left_triangle","category":"no_anchoring","function":"prohibition"}},"osm_tags":{"seamark:notice:addition":"left_triangle","seamark:notice:category":"no_anchoring","seamark:notice:function":"prohibition","seamark:type":"notice"}}},{"type":"Feature","geometry":{"type":"Point","coordinates":[12.948653,48.828354]},"properties":{"osm_id":2657735804,"osm_type":"node","seamark_type":"notice","display_class":"OTHER","min_zoom":12,"importance":1,"name":null,"ref":null,"common":{"type":"notice"},"children":{"notice":{"category":"channel_two_way","function":"recommendation","orientation":"118.12"}},"osm_tags":{"seamark:notice:category":"channel_two_way","seamark:notice:function":"recommendation","seamark:notice:orientation":"118.12","seamark:type":"notice"}}},{"type":"Feature","geometry":{"type":"Point","coordinates":[12.952042,48.828377]},"properties":{"osm_id":2657735806,"osm_type":"node","seamark_type":"notice","display_class":"OTHER","min_zoom":12,"importance":1,"name":null,"ref":null,"common":{"type":"notice"},"children":{"notice":{"addition":"left_triangle","category":"no_anchoring","function":"prohibition"}},"osm_tags":{"seamark:notice:addition":"left_triangle","seamark:notice:category":"no_anchoring","seamark:notice:function":"prohibition","seamark:type":"notice"}}},{"type":"Feature","geometry":{"type":"Point","coordinates":[12.948352,48.828442]},"properties":{"osm_id":2657735809,"osm_type":"node","seamark_type":"notice","display_class":"OTHER","min_zoom":12,"importance":1,"name":null,"ref":null,"common":{"type":"notice"},"children":{"notice":{"category":"channel_two_way","function":"recommendation","orientation":"298.06"}},"osm_tags":{"seamark:notice:category":"channel_two_way","seamark:notice:function":"recommendation","seamark:notice:orientation":"298.06","seamark:type":"notice"}}},{"type":"Feature","geometry":{"type":"Point","coordinates":[12.951003,48.828705]},"properties":{"osm_id":2657735818,"osm_type":"node","seamark_type":"notice","display_class":"OTHER","min_zoom":12,"importance":1,"name":null,"ref":null,"common":{"type":"notice"},"children":{"notice":{"addition":"right_triangle","category":"no_anchoring","function":"prohibition"}},"osm_tags":{"seamark:notice:addition":"right_triangle","seamark:notice:category":"no_anchoring","seamark:notice:function":"prohibition","seamark:type":"notice"}}},{"type":"Feature","geometry":{"type":"Point","coordinates":[12.94276,48.831726]},"properties":{"osm_id":2657735878,"osm_type":"node","seamark_type":"notice","display_class":"OTHER","min_zoom":12,"importance":1,"name":null,"ref":null,"common":{"type":"notice"},"children":{"notice":{"1:addition":"left_triangle","1:category":"berthing_permitted","1:function":"information","2:category":"berthing_lateral_limit","2:distance_up":"30","2:function":"information","2:information":"30"}},"osm_tags":{"seamark:notice:1:addition":"left_triangle","seamark:notice:1:category":"berthing_permitted","seamark:notice:1:function":"information","seamark:notice:2:category":"berthing_lateral_limit","seamark:notice:2:distance_up":"30","seamark:notice:2:function":"information","seamark:notice:2:information":"30","seamark:type":"notice"}}},{"type":"Feature","geometry":{"type":"Point","coordinates":[12.939779,48.833046]},"properties":{"osm_id":2657735930,"osm_type":"node","seamark_type":"notice","display_class":"OTHER","min_zoom":12,"importance":1,"name":null,"ref":null,"common":{"type":"notice"},"children":{"notice":{"1:category":"berthing_lateral_limit","1:distance_down":"30","1:function":"information","1:information":"30","2:addition":"right_triangle","2:category":"berthing_permitted","2:function":"information"}},"osm_tags":{"seamark:notice:1:category":"berthing_lateral_limit","seamark:notice:1:distance_down":"30","seamark:notice:1:function":"information","seamark:notice:1:information":"30","seamark:notice:2:addition":"right_triangle","seamark:notice:2:category":"berthing_permitted","seamark:notice:2:function":"information","seamark:type":"notice"}}},{"type":"Feature","geometry":{"type":"Point","coordinates":[12.926708,48.836357]},"properties":{"osm_id":2657735976,"osm_type":"node","seamark_type":"buoy_lateral","display_class":"OTHER","min_zoom":12,"importance":1,"name":null,"ref":null,"common":{"type":"buoy_lateral"},"children":{"buoy_lateral":{"category":"channel_right","colour":"red","reflectivity":"reflector","shape":"can"}},"osm_tags":{"seamark:buoy_lateral:category":"channel_right","seamark:buoy_lateral:colour":"red","seamark:buoy_lateral:reflectivity":"reflector","seamark:buoy_lateral:shape":"can","seamark:type":"buoy_lateral"}}},{"type":"Feature","geometry":{"type":"Point","coordinates":[12.926652,48.837212]},"properties":{"osm_id":2657735990,"osm_type":"node","seamark_type":"buoy_lateral","display_class":"OTHER","min_zoom":12,"importance":1,"name":null,"ref":null,"common":{"type":"buoy_lateral"},"children":{"buoy_lateral":{"category":"channel_left","colour":"green","reflectivity":"reflector","shape":"conical"},"topmark":{"colour":"green","shape":"cone, point up"}},"osm_tags":{"seamark:buoy_lateral:category":"channel_left","seamark:buoy_lateral:colour":"green","seamark:buoy_lateral:reflectivity":"reflector","seamark:buoy_lateral:shape":"conical","seamark:topmark:colour":"green","seamark:topmark:shape":"cone, point up","seamark:type":"buoy_lateral"}}},{"type":"Feature","geometry":{"type":"Point","coordinates":[12.921915,48.838367]},"properties":{"osm_id":2657736015,"osm_type":"node","seamark_type":"buoy_lateral","display_class":"OTHER","min_zoom":12,"importance":1,"name":null,"ref":null,"common":{"type":"buoy_lateral"},"children":{"buoy_lateral":{"category":"channel_right","colour":"red","reflectivity":"reflector","shape":"can"}},"osm_tags":{"seamark:buoy_lateral:category":"channel_right","seamark:buoy_lateral:colour":"red","seamark:buoy_lateral:reflectivity":"reflector","seamark:buoy_lateral:shape":"can","seamark:type":"buoy_lateral"}}},{"type":"Feature","geometry":{"type":"Point","coordinates":[12.922508,48.838882]},"properties":{"osm_id":2657736022,"osm_type":"node","seamark_type":"buoy_lateral","display_class":"OTHER","min_zoom":12,"importance":1,"name":null,"ref":null,"common":{"type":"buoy_lateral"},"children":{"buoy_lateral":{"category":"channel_left","colour":"green","reflectivity":"reflector","shape":"conical"}},"osm_tags":{"seamark:buoy_lateral:category":"channel_left","seamark:buoy_lateral:colour":"green","seamark:buoy_lateral:reflectivity":"reflector","seamark:buoy_lateral:shape":"conical","seamark:type":"buoy_lateral"}}},{"type":"Feature","geometry":{"type":"Point","coordinates":[12.917786,48.840584]},"properties":{"osm_id":2657736035,"osm_type":"node","seamark_type":"buoy_lateral","display_class":"OTHER","min_zoom":12,"importance":1,"name":null,"ref":null,"common":{"type":"buoy_lateral"},"children":{"buoy_lateral":{"category":"channel_right","colour":"red","reflectivity":"reflector","shape":"can"}},"osm_tags":{"seamark:buoy_lateral:category":"channel_right","seamark:buoy_lateral:colour":"red","seamark:buoy_lateral:reflectivity":"reflector","seamark:buoy_lateral:shape":"can","seamark:type":"buoy_lateral"}}},{"type":"Feature","geometry":{"type":"Point","coordinates":[12.918351,48.84108]},"properties":{"osm_id":2657736045,"osm_type":"node","seamark_type":"buoy_lateral","display_class":"OTHER","min_zoom":12,"importance":1,"name":null,"ref":null,"common":{"type":"buoy_lateral"},"children":{"buoy_lateral":{"category":"channel_left","colour":"green","reflectivity":"reflector","shape":"conical"}},"osm_tags":{"seamark:buoy_lateral:category":"channel_left","seamark:buoy_lateral:colour":"green","seamark:buoy_lateral:reflectivity":"reflector","seamark:buoy_lateral:shape":"conical","seamark:type":"buoy_lateral"}}},{"type":"Feature","geometry":{"type":"Point","coordinates":[12.913128,48.843426]},"properties":{"osm_id":2657736101,"osm_type":"node","seamark_type":"buoy_lateral","display_class":"OTHER","min_zoom":12,"importance":1,"name":null,"ref":null,"common":{"type":"buoy_lateral"},"children":{"buoy_lateral":{"category":"channel_right","colour":"red","reflectivity":"reflector","shape":"can"}},"osm_tags":{"seamark:buoy_lateral:category":"channel_right","seamark:buoy_lateral:colour":"red","seamark:buoy_lateral:reflectivity":"reflector","seamark:buoy_lateral:shape":"can","seamark:type":"buoy_lateral"}}},{"type":"Feature","geometry":{"type":"Point","coordinates":[12.91361,48.844002]},"properties":{"osm_id":2657736121,"osm_type":"node","seamark_type":"buoy_lateral","display_class":"OTHER","min_zoom":12,"importance":1,"name":null,"ref":null,"common":{"type":"buoy_lateral"},"children":{"buoy_lateral":{"category":"channel_left","colour":"green","reflectivity":"reflector","shape":"conical"}},"osm_tags":{"seamark:buoy_lateral:category":"channel_left","seamark:buoy_lateral:colour":"green","seamark:buoy_lateral:reflectivity":"reflector","seamark:buoy_lateral:shape":"conical","seamark:type":"buoy_lateral"}}},{"type":"Feature","geometry":{"type":"Point","coordinates":[12.815318,48.82383]},"properties":{"osm_id":2657758888,"osm_type":"node","seamark_type":"notice","display_class":"OTHER","min_zoom":12,"importance":1,"name":null,"ref":null,"common":{"type":"notice"},"children":{"notice":{"1:addition":"top_board","1:category":"ferry_non_independent","1:distance_up":"500","1:function":"information","1:information":"500","2:addition":"bottom_board","2:category":"sound_horn","2:function":"regulation","2:information":"1 langer Ton"}},"osm_tags":{"seamark:notice:1:addition":"top_board","seamark:notice:1:category":"ferry_non_independent","seamark:notice:1:distance_up":"500","seamark:notice:1:function":"information","seamark:notice:1:information":"500","seamark:notice:2:addition":"bottom_board","seamark:notice:2:category":"sound_horn","seamark:notice:2:function":"regulation","seamark:notice:2:information":"1 langer Ton","seamark:type":"notice"}}},{"type":"Feature","geometry":{"type":"Point","coordinates":[12.810212,48.82394]},"properties":{"osm_id":2657758917,"osm_type":"node","seamark_type":"buoy_lateral","display_class":"OTHER","min_zoom":12,"importance":1,"name":null,"ref":null,"common":{"type":"buoy_lateral"},"children":{"buoy_lateral":{"category":"channel_right","colour":"red","reflectivity":"reflector","shape":"can"}},"osm_tags":{"seamark:buoy_lateral:category":"channel_right","seamark:buoy_lateral:colour":"red","seamark:buoy_lateral:reflectivity":"reflector","seamark:buoy_lateral:shape":"can","seamark:type":"buoy_lateral"}}},{"type":"Feature","geometry":{"type":"Point","coordinates":[12.803529,48.824295]},"properties":{"osm_id":2657758935,"osm_type":"node","seamark_type":"buoy_lateral","display_class":"OTHER","min_zoom":12,"importance":1,"name":null,"ref":null,"common":{"type":"buoy_lateral"},"children":{"buoy_lateral":{"category":"channel_right","colour":"red","reflectivity":"reflector","shape":"can"}},"osm_tags":{"seamark:buoy_lateral:category":"channel_right","seamark:buoy_lateral:colour":"red","seamark:buoy_lateral:reflectivity":"reflector","seamark:buoy_lateral:shape":"can","seamark:type":"buoy_lateral"}}},{"type":"Feature","geometry":{"type":"Point","coordinates":[12.810221,48.824623]},"properties":{"osm_id":2657758993,"osm_type":"node","seamark_type":"buoy_lateral","display_class":"OTHER","min_zoom":12,"importance":1,"name":null,"ref":null,"common":{"type":"buoy_lateral"},"children":{"buoy_lateral":{"category":"channel_left","colour":"green","reflectivity":"reflector","shape":"conical"}},"osm_tags":{"seamark:buoy_lateral:category":"channel_left","seamark:buoy_lateral:colour":"green","seamark:buoy_lateral:reflectivity":"reflector","seamark:buoy_lateral:shape":"conical","seamark:type":"buoy_lateral"}}},{"type":"Feature","geometry":{"type":"Point","coordinates":[12.815144,48.824715]},"properties":{"osm_id":2657759030,"osm_type":"node","seamark_type":"buoy_lateral","display_class":"OTHER","min_zoom":12,"importance":1,"name":null,"ref":null,"common":{"type":"buoy_lateral"},"children":{"buoy_lateral":{"category":"channel_left","colour":"green","reflectivity":"reflector","shape":"conical"}},"osm_tags":{"seamark:buoy_lateral:category":"channel_left","seamark:buoy_lateral:colour":"green","seamark:buoy_lateral:reflectivity":"reflector","seamark:buoy_lateral:shape":"conical","seamark:type":"buoy_lateral"}}},{"type":"Feature","geometry":{"type":"Point","coordinates":[12.803823,48.824867]},"properties":{"osm_id":2657759075,"osm_type":"node","seamark_type":"buoy_lateral","display_class":"OTHER","min_zoom":12,"importance":1,"name":null,"ref":null,"common":{"type":"buoy_lateral"},"children":{"buoy_lateral":{"category":"channel_left","colour":"green","reflectivity":"reflector","shape":"conical"}},"osm_tags":{"seamark:buoy_lateral:category":"channel_left","seamark:buoy_lateral:colour":"green","seamark:buoy_lateral:reflectivity":"reflector","seamark:buoy_lateral:shape":"conical","seamark:type":"buoy_lateral"}}},{"type":"Feature","geometry":{"type":"Point","coordinates":[12.819736,48.825169]},"properties":{"osm_id":2657759158,"osm_type":"node","seamark_type":"buoy_lateral","display_class":"OTHER","min_zoom":12,"importance":1,"name":null,"ref":null,"common":{"type":"buoy_lateral"},"children":{"buoy_lateral":{"category":"channel_left","colour":"green","reflectivity":"reflector","shape":"conical"},"topmark":{"colour":"green","shape":"cone, point up"}},"osm_tags":{"seamark:buoy_lateral:category":"channel_left","seamark:buoy_lateral:colour":"green","seamark:buoy_lateral:reflectivity":"reflector","seamark:buoy_lateral:shape":"conical","seamark:topmark:colour":"green","seamark:topmark:shape":"cone, point up","seamark:type":"buoy_lateral"}}},{"type":"Feature","geometry":{"type":"Point","coordinates":[12.796852,48.825691]},"properties":{"osm_id":2657759266,"osm_type":"node","seamark_type":"buoy_lateral","display_class":"OTHER","min_zoom":12,"importance":1,"name":null,"ref":null,"common":{"type":"buoy_lateral"},"children":{"buoy_lateral":{"category":"channel_left","colour":"green","reflectivity":"reflector","shape":"conical"}},"osm_tags":{"seamark:buoy_lateral:category":"channel_left","seamark:buoy_lateral:colour":"green","seamark:buoy_lateral:reflectivity":"reflector","seamark:buoy_lateral:shape":"conical","seamark:type":"buoy_lateral"}}},{"type":"Feature","geometry":{"type":"Point","coordinates":[12.826123,48.825874]},"properties":{"osm_id":2657759277,"osm_type":"node","seamark_type":"buoy_lateral","display_class":"OTHER","min_zoom":12,"importance":1,"name":null,"ref":null,"common":{"type":"buoy_lateral"},"children":{"buoy_lateral":{"category":"channel_right","colour":"red","reflectivity":"reflector","shape":"can"}},"osm_tags":{"seamark:buoy_lateral:category":"channel_right","seamark:buoy_lateral:colour":"red","seamark:buoy_lateral:reflectivity":"reflector","seamark:buoy_lateral:shape":"can","seamark:type":"buoy_lateral"}}},{"type":"Feature","geometry":{"type":"Point","coordinates":[12.825818,48.82634]},"properties":{"osm_id":2657759300,"osm_type":"node","seamark_type":"buoy_lateral","display_class":"OTHER","min_zoom":12,"importance":1,"name":null,"ref":null,"common":{"type":"buoy_lateral"},"children":{"buoy_lateral":{"category":"channel_left","colour":"green","reflectivity":"reflector","shape":"conical"}},"osm_tags":{"seamark:buoy_lateral:category":"channel_left","seamark:buoy_lateral:colour":"green","seamark:buoy_lateral:reflectivity":"reflector","seamark:buoy_lateral:shape":"conical","seamark:type":"buoy_lateral"}}},{"type":"Feature","geometry":{"type":"Point","coordinates":[12.7909,48.827297]},"properties":{"osm_id":2657759350,"osm_type":"node","seamark_type":"buoy_lateral","display_class":"OTHER","min_zoom":12,"importance":1,"name":null,"ref":null,"common":{"type":"buoy_lateral"},"children":{"buoy_lateral":{"category":"channel_left","colour":"green","reflectivity":"reflector","shape":"conical"}},"osm_tags":{"seamark:buoy_lateral:category":"channel_left","seamark:buoy_lateral:colour":"green","seamark:buoy_lateral:reflectivity":"reflector","seamark:buoy_lateral:shape":"conical","seamark:type":"buoy_lateral"}}},{"type":"Feature","geometry":{"type":"Point","coordinates":[12.786418,48.828846]},"properties":{"osm_id":2657759431,"osm_type":"node","seamark_type":"buoy_lateral","display_class":"OTHER","min_zoom":12,"importance":1,"name":null,"ref":null,"common":{"type":"buoy_lateral"},"children":{"buoy_lateral":{"category":"channel_left","colour":"green","reflectivity":"reflector","shape":"conical"}},"osm_tags":{"seamark:buoy_lateral:category":"channel_left","seamark:buoy_lateral:colour":"green","seamark:buoy_lateral:reflectivity":"reflector","seamark:buoy_lateral:shape":"conical","seamark:type":"buoy_lateral"}}},{"type":"Feature","geometry":{"type":"Point","coordinates":[12.783139,48.829182]},"properties":{"osm_id":2657759466,"osm_type":"node","seamark_type":"notice","display_class":"OTHER","min_zoom":12,"importance":1,"name":null,"ref":null,"common":{"type":"notice"},"children":{"notice":{"1:addition":"top_board","1:category":"ferry_non_independent","1:distance_down":"1700","1:function":"information","1:information":"1700","2:addition":"bottom_board","2:category":"sound_horn","2:function":"regulation","2:information":"1 langer Ton"}},"osm_tags":{"seamark:notice:1:addition":"top_board","seamark:notice:1:category":"ferry_non_independent","seamark:notice:1:distance_down":"1700","seamark:notice:1:function":"information","seamark:notice:1:information":"1700","seamark:notice:2:addition":"bottom_board","seamark:notice:2:category":"sound_horn","seamark:notice:2:function":"regulation","seamark:notice:2:information":"1 langer Ton","seamark:type":"notice"}}},{"type":"Feature","geometry":{"type":"Point","coordinates":[12.834347,48.829277]},"properties":{"osm_id":2657759482,"osm_type":"node","seamark_type":"buoy_lateral","display_class":"OTHER","min_zoom":12,"importance":1,"name":null,"ref":null,"common":{"type":"buoy_lateral"},"children":{"buoy_lateral":{"category":"channel_left","colour":"green","reflectivity":"reflector","shape":"conical"}},"osm_tags":{"seamark:buoy_lateral:category":"channel_left","seamark:buoy_lateral:colour":"green","seamark:buoy_lateral:reflectivity":"reflector","seamark:buoy_lateral:shape":"conical","seamark:type":"buoy_lateral"}}},{"type":"Feature","geometry":{"type":"Point","coordinates":[12.78191,48.830894]},"properties":{"osm_id":2657759573,"osm_type":"node","seamark_type":"buoy_lateral","display_class":"OTHER","min_zoom":12,"importance":1,"name":null,"ref":null,"common":{"type":"buoy_lateral"},"children":{"buoy_lateral":{"category":"channel_left","colour":"green","reflectivity":"reflector","shape":"conical"}},"osm_tags":{"seamark:buoy_lateral:category":"channel_left","seamark:buoy_lateral:colour":"green","seamark:buoy_lateral:reflectivity":"reflector","seamark:buoy_lateral:shape":"conical","seamark:type":"buoy_lateral"}}},{"type":"Feature","geometry":{"type":"Point","coordinates":[12.83924,48.832542]},"properties":{"osm_id":2657759626,"osm_type":"node","seamark_type":"buoy_lateral","display_class":"OTHER","min_zoom":12,"importance":1,"name":null,"ref":null,"common":{"type":"buoy_lateral"},"children":{"buoy_lateral":{"category":"channel_right","colour":"red","reflectivity":"reflector","shape":"can"}},"osm_tags":{"seamark:buoy_lateral:category":"channel_right","seamark:buoy_lateral:colour":"red","seamark:buoy_lateral:reflectivity":"reflector","seamark:buoy_lateral:shape":"can","seamark:type":"buoy_lateral"}}},{"type":"Feature","geometry":{"type":"Point","coordinates":[12.838343,48.832756]},"properties":{"osm_id":2657759631,"osm_type":"node","seamark_type":"buoy_lateral","display_class":"OTHER","min_zoom":12,"importance":1,"name":null,"ref":null,"common":{"type":"buoy_lateral"},"children":{"buoy_lateral":{"category":"channel_left","colour":"green","reflectivity":"reflector","shape":"conical"}},"osm_tags":{"seamark:buoy_lateral:category":"channel_left","seamark:buoy_lateral:colour":"green","seamark:buoy_lateral:reflectivity":"reflector","seamark:buoy_lateral:shape":"conical","seamark:type":"buoy_lateral"}}},{"type":"Feature","geometry":{"type":"Point","coordinates":[12.777511,48.833023]},"properties":{"osm_id":2657759643,"osm_type":"node","seamark_type":"buoy_lateral","display_class":"OTHER","min_zoom":12,"importance":1,"name":null,"ref":null,"common":{"type":"buoy_lateral"},"children":{"buoy_lateral":{"category":"channel_left","colour":"green","reflectivity":"reflector","shape":"conical"}},"osm_tags":{"seamark:buoy_lateral:category":"channel_left","seamark:buoy_lateral:colour":"green","seamark:buoy_lateral:reflectivity":"reflector","seamark:buoy_lateral:shape":"conical","seamark:type":"buoy_lateral"}}},{"type":"Feature","geometry":{"type":"Point","coordinates":[12.84353,48.837681]},"properties":{"osm_id":2657759722,"osm_type":"node","seamark_type":"buoy_lateral","display_class":"OTHER","min_zoom":12,"importance":1,"name":null,"ref":null,"common":{"type":"buoy_lateral"},"children":{"buoy_lateral":{"category":"channel_right","colour":"red","reflectivity":"reflector","shape":"can"}},"osm_tags":{"seamark:buoy_lateral:category":"channel_right","seamark:buoy_lateral:colour":"red","seamark:buoy_lateral:reflectivity":"reflector","seamark:buoy_lateral:shape":"can","seamark:type":"buoy_lateral"}}},{"type":"Feature","geometry":{"type":"Point","coordinates":[12.874828,48.840469]},"properties":{"osm_id":2657759854,"osm_type":"node","seamark_type":"buoy_lateral","display_class":"OTHER","min_zoom":12,"importance":1,"name":null,"ref":null,"common":{"type":"buoy_lateral"},"children":{"buoy_lateral":{"category":"channel_right","colour":"red","reflectivity":"reflector","shape":"can"}},"osm_tags":{"seamark:buoy_lateral:category":"channel_right","seamark:buoy_lateral:colour":"red","seamark:buoy_lateral:reflectivity":"reflector","seamark:buoy_lateral:shape":"can","seamark:type":"buoy_lateral"}}},{"type":"Feature","geometry":{"type":"Point","coordinates":[12.848898,48.841084]},"properties":{"osm_id":2657759947,"osm_type":"node","seamark_type":"buoy_lateral","display_class":"OTHER","min_zoom":12,"importance":1,"name":null,"ref":null,"common":{"type":"buoy_lateral"},"children":{"buoy_lateral":{"category":"channel_right","colour":"red","reflectivity":"reflector","shape":"can"}},"osm_tags":{"seamark:buoy_lateral:category":"channel_right","seamark:buoy_lateral:colour":"red","seamark:buoy_lateral:reflectivity":"reflector","seamark:buoy_lateral:shape":"can","seamark:type":"buoy_lateral"}}},{"type":"Feature","geometry":{"type":"Point","coordinates":[12.875596,48.841164]},"properties":{"osm_id":2657759980,"osm_type":"node","seamark_type":"buoy_lateral","display_class":"OTHER","min_zoom":12,"importance":1,"name":null,"ref":null,"common":{"type":"buoy_lateral"},"children":{"buoy_lateral":{"category":"channel_left","colour":"green","reflectivity":"reflector","shape":"conical"}},"osm_tags":{"seamark:buoy_lateral:category":"channel_left","seamark:buoy_lateral:colour":"green","seamark:buoy_lateral:reflectivity":"reflector","seamark:buoy_lateral:shape":"conical","seamark:type":"buoy_lateral"}}},{"type":"Feature","geometry":{"type":"Point","coordinates":[12.870345,48.841167]},"properties":{"osm_id":2657759986,"osm_type":"node","seamark_type":"buoy_lateral","display_class":"OTHER","min_zoom":12,"importance":1,"name":null,"ref":null,"common":{"type":"buoy_lateral"},"children":{"buoy_lateral":{"category":"channel_right","colour":"red","reflectivity":"reflector","shape":"can"}},"osm_tags":{"seamark:buoy_lateral:category":"channel_right","seamark:buoy_lateral:colour":"red","seamark:buoy_lateral:reflectivity":"reflector","seamark:buoy_lateral:shape":"can","seamark:type":"buoy_lateral"}}},{"type":"Feature","geometry":{"type":"Point","coordinates":[12.881047,48.841309]},"properties":{"osm_id":2657760021,"osm_type":"node","seamark_type":"buoy_lateral","display_class":"OTHER","min_zoom":12,"importance":1,"name":null,"ref":null,"common":{"type":"buoy_lateral"},"children":{"buoy_lateral":{"category":"channel_left","colour":"green","reflectivity":"reflector","shape":"conical"}},"osm_tags":{"seamark:buoy_lateral:category":"channel_left","seamark:buoy_lateral:colour":"green","seamark:buoy_lateral:reflectivity":"reflector","seamark:buoy_lateral:shape":"conical","seamark:type":"buoy_lateral"}}},{"type":"Feature","geometry":{"type":"Point","coordinates":[12.885243,48.841507]},"properties":{"osm_id":2657760061,"osm_type":"node","seamark_type":"buoy_lateral","display_class":"OTHER","min_zoom":12,"importance":1,"name":null,"ref":null,"common":{"type":"buoy_lateral"},"children":{"buoy_lateral":{"category":"channel_right","colour":"red","reflectivity":"reflector","shape":"can"}},"osm_tags":{"seamark:buoy_lateral:category":"channel_right","seamark:buoy_lateral:colour":"red","seamark:buoy_lateral:reflectivity":"reflector","seamark:buoy_lateral:shape":"can","seamark:type":"buoy_lateral"}}},{"type":"Feature","geometry":{"type":"Point","coordinates":[12.870943,48.841843]},"properties":{"osm_id":2657760113,"osm_type":"node","seamark_type":"buoy_lateral","display_class":"OTHER","min_zoom":12,"importance":1,"name":null,"ref":null,"common":{"type":"buoy_lateral"},"children":{"buoy_lateral":{"category":"channel_left","colour":"green","reflectivity":"reflector","shape":"conical"}},"osm_tags":{"seamark:buoy_lateral:category":"channel_left","seamark:buoy_lateral:colour":"green","seamark:buoy_lateral:reflectivity":"reflector","seamark:buoy_lateral:shape":"conical","seamark:type":"buoy_lateral"}}},{"type":"Feature","geometry":{"type":"Point","coordinates":[12.866413,48.842098]},"properties":{"osm_id":2657760144,"osm_type":"node","seamark_type":"buoy_lateral","display_class":"OTHER","min_zoom":12,"importance":1,"name":null,"ref":null,"common":{"type":"buoy_lateral"},"children":{"buoy_lateral":{"category":"channel_right","colour":"red","reflectivity":"reflector","shape":"can"}},"osm_tags":{"seamark:buoy_lateral:category":"channel_right","seamark:buoy_lateral:colour":"red","seamark:buoy_lateral:reflectivity":"reflector","seamark:buoy_lateral:shape":"can","seamark:type":"buoy_lateral"}}},{"type":"Feature","geometry":{"type":"Point","coordinates":[12.878794,48.842449]},"properties":{"osm_id":2657760184,"osm_type":"node","seamark_type":"notice","display_class":"OTHER","min_zoom":12,"importance":1,"name":null,"ref":null,"common":{"type":"notice"},"children":{"notice":{"addition":"right_triangle","category":"waterskiing_permitted","distance_down":"7200","function":"information","information":"7.2 km"}},"osm_tags":{"seamark:notice:addition":"right_triangle","seamark:notice:category":"waterskiing_permitted","seamark:notice:distance_down":"7200","seamark:notice:function":"information","seamark:notice:information":"7.2 km","seamark:type":"notice"}}},{"type":"Feature","geometry":{"type":"Point","coordinates":[12.866771,48.842796]},"properties":{"osm_id":2657760213,"osm_type":"node","seamark_type":"buoy_lateral","display_class":"OTHER","min_zoom":12,"importance":1,"name":null,"ref":null,"common":{"type":"buoy_lateral"},"children":{"buoy_lateral":{"category":"channel_left","colour":"green","reflectivity":"reflector","shape":"conical"}},"osm_tags":{"seamark:buoy_lateral:category":"channel_left","seamark:buoy_lateral:colour":"green","seamark:buoy_lateral:reflectivity":"reflector","seamark:buoy_lateral:shape":"conical","seamark:type":"buoy_lateral"}}},{"type":"Feature","geometry":{"type":"Point","coordinates":[12.8896,48.842941]},"properties":{"osm_id":2657760227,"osm_type":"node","seamark_type":"buoy_lateral","display_class":"OTHER","min_zoom":12,"importance":1,"name":null,"ref":null,"common":{"type":"buoy_lateral"},"children":{"buoy_lateral":{"category":"channel_right","colour":"red","reflectivity":"reflector","shape":"can"}},"osm_tags":{"seamark:buoy_lateral:category":"channel_right","seamark:buoy_lateral:colour":"red","seamark:buoy_lateral:reflectivity":"reflector","seamark:buoy_lateral:shape":"can","seamark:type":"buoy_lateral"}}},{"type":"Feature","geometry":{"type":"Point","coordinates":[12.856822,48.843037]},"properties":{"osm_id":2657760241,"osm_type":"node","seamark_type":"buoy_lateral","display_class":"OTHER","min_zoom":12,"importance":1,"name":null,"ref":null,"common":{"type":"buoy_lateral"},"children":{"buoy_lateral":{"category":"channel_right","colour":"red","reflectivity":"reflector","shape":"can"}},"osm_tags":{"seamark:buoy_lateral:category":"channel_right","seamark:buoy_lateral:colour":"red","seamark:buoy_lateral:reflectivity":"reflector","seamark:buoy_lateral:shape":"can","seamark:type":"buoy_lateral"}}},{"type":"Feature","geometry":{"type":"Point","coordinates":[12.852816,48.843048]},"properties":{"osm_id":2657760246,"osm_type":"node","seamark_type":"buoy_lateral","display_class":"OTHER","min_zoom":12,"importance":1,"name":null,"ref":null,"common":{"type":"buoy_lateral"},"children":{"buoy_lateral":{"category":"channel_left","colour":"green","reflectivity":"reflector","shape":"conical"}},"osm_tags":{"seamark:buoy_lateral:category":"channel_left","seamark:buoy_lateral:colour":"green","seamark:buoy_lateral:reflectivity":"reflector","seamark:buoy_lateral:shape":"conical","seamark:type":"buoy_lateral"}}},{"type":"Feature","geometry":{"type":"Point","coordinates":[12.861943,48.843056]},"properties":{"osm_id":2657760250,"osm_type":"node","seamark_type":"buoy_lateral","display_class":"OTHER","min_zoom":12,"importance":1,"name":null,"ref":null,"common":{"type":"buoy_lateral"},"children":{"buoy_lateral":{"category":"channel_right","colour":"red","reflectivity":"reflector","shape":"can"}},"osm_tags":{"seamark:buoy_lateral:category":"channel_right","seamark:buoy_lateral:colour":"red","seamark:buoy_lateral:reflectivity":"reflector","seamark:buoy_lateral:shape":"can","seamark:type":"buoy_lateral"}}},{"type":"Feature","geometry":{"type":"Point","coordinates":[12.862127,48.843739]},"properties":{"osm_id":2657760405,"osm_type":"node","seamark_type":"buoy_lateral","display_class":"OTHER","min_zoom":12,"importance":1,"name":null,"ref":null,"common":{"type":"buoy_lateral"},"children":{"buoy_lateral":{"category":"channel_left","colour":"green","reflectivity":"reflector","shape":"conical"}},"osm_tags":{"seamark:buoy_lateral:category":"channel_left","seamark:buoy_lateral:colour":"green","seamark:buoy_lateral:reflectivity":"reflector","seamark:buoy_lateral:shape":"conical","seamark:type":"buoy_lateral"}}},{"type":"Feature","geometry":{"type":"Point","coordinates":[12.856859,48.843765]},"properties":{"osm_id":2657760413,"osm_type":"node","seamark_type":"buoy_lateral","display_class":"OTHER","min_zoom":12,"importance":1,"name":null,"ref":null,"common":{"type":"buoy_lateral"},"children":{"buoy_lateral":{"category":"channel_left","colour":"green","reflectivity":"reflector","shape":"conical"}},"osm_tags":{"seamark:buoy_lateral:category":"channel_left","seamark:buoy_lateral:colour":"green","seamark:buoy_lateral:reflectivity":"reflector","seamark:buoy_lateral:shape":"conical","seamark:type":"buoy_lateral"}}},{"type":"Feature","geometry":{"type":"Point","coordinates":[12.892974,48.843956]},"properties":{"osm_id":2657760462,"osm_type":"node","seamark_type":"notice","display_class":"OTHER","min_zoom":12,"importance":1,"name":null,"ref":null,"common":{"type":"notice"},"children":{"notice":{"category":"opening_to_left","function":"recommendation","orientation":"44.43"}},"osm_tags":{"seamark:notice:category":"opening_to_left","seamark:notice:function":"recommendation","seamark:notice:orientation":"44.43","seamark:type":"notice"}}},{"type":"Feature","geometry":{"type":"Point","coordinates":[12.893381,48.84407]},"properties":{"osm_id":2657760467,"osm_type":"node","seamark_type":"notice","display_class":"OTHER","min_zoom":12,"importance":1,"name":null,"ref":null,"common":{"type":"notice"},"children":{"notice":{"category":"opening_to_right","function":"recommendation","orientation":"224.5"}},"osm_tags":{"seamark:notice:category":"opening_to_right","seamark:notice:function":"recommendation","seamark:notice:orientation":"224.5","seamark:type":"notice"}}},{"type":"Feature","geometry":{"type":"Point","coordinates":[12.892613,48.844196]},"properties":{"osm_id":2657760475,"osm_type":"node","seamark_type":"notice","display_class":"OTHER","min_zoom":12,"importance":1,"name":null,"ref":null,"common":{"type":"notice"},"children":{"notice":{"category":"channel_two_way","function":"recommendation","orientation":"224.42"}},"osm_tags":{"seamark:notice:category":"channel_two_way","seamark:notice:function":"recommendation","seamark:notice:orientation":"224.42","seamark:type":"notice"}}},{"type":"Feature","geometry":{"type":"Point","coordinates":[12.89302,48.844311]},"properties":{"osm_id":2657760482,"osm_type":"node","seamark_type":"notice","display_class":"OTHER","min_zoom":12,"importance":1,"name":null,"ref":null,"common":{"type":"notice"},"children":{"notice":{"category":"channel_two_way","function":"recommendation","orientation":"44.5"}},"osm_tags":{"seamark:notice:category":"channel_two_way","seamark:notice:function":"recommendation","seamark:notice:orientation":"44.5","seamark:type":"notice"}}},{"type":"Feature","geometry":{"type":"Point","coordinates":[12.892255,48.844433]},"properties":{"osm_id":2657760488,"osm_type":"node","seamark_type":"notice","display_class":"OTHER","min_zoom":12,"importance":1,"name":null,"ref":null,"common":{"type":"notice"},"children":{"notice":{"category":"opening_to_right","function":"recommendation","orientation":"44.52"}},"osm_tags":{"seamark:notice:category":"opening_to_right","seamark:notice:function":"recommendation","seamark:notice:orientation":"44.52","seamark:type":"notice"}}},{"type":"Feature","geometry":{"type":"Point","coordinates":[12.892661,48.844547]},"properties":{"osm_id":2657760495,"osm_type":"node","seamark_type":"notice","display_class":"OTHER","min_zoom":12,"importance":1,"name":null,"ref":null,"common":{"type":"notice"},"children":{"notice":{"category":"opening_to_left","function":"recommendation","orientation":"224.49"}},"osm_tags":{"seamark:notice:category":"opening_to_left","seamark:notice:function":"recommendation","seamark:notice:orientation":"224.49","seamark:type":"notice"}}},{"type":"Feature","geometry":{"type":"Point","coordinates":[12.77335,48.835373]},"properties":{"osm_id":2657773622,"osm_type":"node","seamark_type":"buoy_lateral","display_class":"OTHER","min_zoom":12,"importance":1,"name":null,"ref":null,"common":{"type":"buoy_lateral"},"children":{"buoy_lateral":{"category":"channel_left","colour":"green","reflectivity":"reflector","shape":"conical"}},"osm_tags":{"seamark:buoy_lateral:category":"channel_left","seamark:buoy_lateral:colour":"green","seamark:buoy_lateral:reflectivity":"reflector","seamark:buoy_lateral:shape":"conical","seamark:type":"buoy_lateral"}}},{"type":"Feature","geometry":{"type":"Point","coordinates":[12.764627,48.857075]},"properties":{"osm_id":2657773757,"osm_type":"node","seamark_type":"notice","display_class":"OTHER","min_zoom":12,"importance":1,"name":null,"ref":null,"common":{"type":"notice"},"children":{"notice":{"addition":"left_triangle","category":"turning_area","distance_up":"250","function":"information"}},"osm_tags":{"seamark:notice:addition":"left_triangle","seamark:notice:category":"turning_area","seamark:notice:distance_up":"250","seamark:notice:function":"information","seamark:type":"notice"}}},{"type":"Feature","geometry":{"type":"Point","coordinates":[12.76373,48.859261]},"properties":{"osm_id":2657773767,"osm_type":"node","seamark_type":"notice","display_class":"OTHER","min_zoom":12,"importance":1,"name":null,"ref":null,"common":{"type":"notice"},"children":{"notice":{"addition":"right_triangle","category":"turning_area","distance_down":"250","function":"information"}},"osm_tags":{"seamark:notice:addition":"right_triangle","seamark:notice:category":"turning_area","seamark:notice:distance_down":"250","seamark:notice:function":"information","seamark:type":"notice"}}},{"type":"Feature","geometry":{"type":"Point","coordinates":[12.76151,48.860725]},"properties":{"osm_id":2657773786,"osm_type":"node","seamark_type":"buoy_lateral","display_class":"OTHER","min_zoom":12,"importance":1,"name":null,"ref":null,"common":{"type":"buoy_lateral"},"children":{"buoy_lateral":{"category":"channel_right","colour":"red","reflectivity":"reflector","shape":"can"},"topmark":{"colour":"red","shape":"cylinder"}},"osm_tags":{"seamark:buoy_lateral:category":"channel_right","seamark:buoy_lateral:colour":"red","seamark:buoy_lateral:reflectivity":"reflector","seamark:buoy_lateral:shape":"can","seamark:topmark:colour":"red","seamark:topmark:shape":"cylinder","seamark:type":"buoy_lateral"}}},{"type":"Feature","geometry":{"type":"Point","coordinates":[12.760866,48.863285]},"properties":{"osm_id":2657773801,"osm_type":"node","seamark_type":"buoy_lateral","display_class":"OTHER","min_zoom":12,"importance":1,"name":null,"ref":null,"common":{"type":"buoy_lateral"},"children":{"buoy_lateral":{"category":"channel_right","colour":"red","reflectivity":"reflector","shape":"can"}},"osm_tags":{"seamark:buoy_lateral:category":"channel_right","seamark:buoy_lateral:colour":"red","seamark:buoy_lateral:reflectivity":"reflector","seamark:buoy_lateral:shape":"can","seamark:type":"buoy_lateral"}}},{"type":"Feature","geometry":{"type":"Point","coordinates":[12.75851,48.867329]},"properties":{"osm_id":2657773828,"osm_type":"node","seamark_type":"buoy_lateral","display_class":"OTHER","min_zoom":12,"importance":1,"name":null,"ref":null,"common":{"type":"buoy_lateral"},"children":{"buoy_lateral":{"category":"channel_right","colour":"red","reflectivity":"reflector","shape":"can"}},"osm_tags":{"seamark:buoy_lateral:category":"channel_right","seamark:buoy_lateral:colour":"red","seamark:buoy_lateral:reflectivity":"reflector","seamark:buoy_lateral:shape":"can","seamark:type":"buoy_lateral"}}},{"type":"Feature","geometry":{"type":"Point","coordinates":[12.755692,48.869961]},"properties":{"osm_id":2657773859,"osm_type":"node","seamark_type":"buoy_lateral","display_class":"OTHER","min_zoom":12,"importance":1,"name":null,"ref":null,"common":{"type":"buoy_lateral"},"children":{"buoy_lateral":{"category":"channel_right","colour":"red","reflectivity":"reflector","shape":"can"}},"osm_tags":{"seamark:buoy_lateral:category":"channel_right","seamark:buoy_lateral:colour":"red","seamark:buoy_lateral:reflectivity":"reflector","seamark:buoy_lateral:shape":"can","seamark:type":"buoy_lateral"}}},{"type":"Feature","geometry":{"type":"Point","coordinates":[12.756445,48.870316]},"properties":{"osm_id":2657773870,"osm_type":"node","seamark_type":"buoy_lateral","display_class":"OTHER","min_zoom":12,"importance":1,"name":null,"ref":null,"common":{"type":"buoy_lateral"},"children":{"buoy_lateral":{"category":"channel_left","colour":"green","reflectivity":"reflector","shape":"conical"}},"osm_tags":{"seamark:buoy_lateral:category":"channel_left","seamark:buoy_lateral:colour":"green","seamark:buoy_lateral:reflectivity":"reflector","seamark:buoy_lateral:shape":"conical","seamark:type":"buoy_lateral"}}},{"type":"Feature","geometry":{"type":"Point","coordinates":[12.752167,48.873295]},"properties":{"osm_id":2657773913,"osm_type":"node","seamark_type":"buoy_lateral","display_class":"OTHER","min_zoom":12,"importance":1,"name":null,"ref":null,"common":{"type":"buoy_lateral"},"children":{"buoy_lateral":{"category":"channel_right","colour":"red","reflectivity":"reflector","shape":"can"}},"osm_tags":{"seamark:buoy_lateral:category":"channel_right","seamark:buoy_lateral:colour":"red","seamark:buoy_lateral:reflectivity":"reflector","seamark:buoy_lateral:shape":"can","seamark:type":"buoy_lateral"}}},{"type":"Feature","geometry":{"type":"Point","coordinates":[12.753045,48.8736]},"properties":{"osm_id":2657773921,"osm_type":"node","seamark_type":"buoy_lateral","display_class":"OTHER","min_zoom":12,"importance":1,"name":null,"ref":null,"common":{"type":"buoy_lateral"},"children":{"buoy_lateral":{"category":"channel_left","colour":"green","reflectivity":"reflector","shape":"conical"}},"osm_tags":{"seamark:buoy_lateral:category":"channel_left","seamark:buoy_lateral:colour":"green","seamark:buoy_lateral:reflectivity":"reflector","seamark:buoy_lateral:shape":"conical","seamark:type":"buoy_lateral"}}},{"type":"Feature","geometry":{"type":"Point","coordinates":[12.75045,48.875736]},"properties":{"osm_id":2657773950,"osm_type":"node","seamark_type":"buoy_lateral","display_class":"OTHER","min_zoom":12,"importance":1,"name":null,"ref":null,"common":{"type":"buoy_lateral"},"children":{"buoy_lateral":{"category":"channel_right","colour":"red","reflectivity":"reflector","shape":"can"}},"osm_tags":{"seamark:buoy_lateral:category":"channel_right","seamark:buoy_lateral:colour":"red","seamark:buoy_lateral:reflectivity":"reflector","seamark:buoy_lateral:shape":"can","seamark:type":"buoy_lateral"}}},{"type":"Feature","geometry":{"type":"Point","coordinates":[12.751295,48.876087]},"properties":{"osm_id":2657773954,"osm_type":"node","seamark_type":"buoy_lateral","display_class":"OTHER","min_zoom":12,"importance":1,"name":null,"ref":null,"common":{"type":"buoy_lateral"},"children":{"buoy_lateral":{"category":"channel_left","colour":"green","reflectivity":"reflector","shape":"conical"}},"osm_tags":{"seamark:buoy_lateral:category":"channel_left","seamark:buoy_lateral:colour":"green","seamark:buoy_lateral:reflectivity":"reflector","seamark:buoy_lateral:shape":"conical","seamark:type":"buoy_lateral"}}},{"type":"Feature","geometry":{"type":"Point","coordinates":[12.748045,48.877895]},"properties":{"osm_id":2657773970,"osm_type":"node","seamark_type":"buoy_lateral","display_class":"OTHER","min_zoom":12,"importance":1,"name":null,"ref":null,"common":{"type":"buoy_lateral"},"children":{"buoy_lateral":{"category":"channel_right","colour":"red","reflectivity":"reflector","shape":"can"}},"osm_tags":{"seamark:buoy_lateral:category":"channel_right","seamark:buoy_lateral:colour":"red","seamark:buoy_lateral:reflectivity":"reflector","seamark:buoy_lateral:shape":"can","seamark:type":"buoy_lateral"}}},{"type":"Feature","geometry":{"type":"Point","coordinates":[12.74877,48.87833]},"properties":{"osm_id":2657773977,"osm_type":"node","seamark_type":"buoy_lateral","display_class":"OTHER","min_zoom":12,"importance":1,"name":null,"ref":null,"common":{"type":"buoy_lateral"},"children":{"buoy_lateral":{"category":"channel_left","colour":"green","reflectivity":"reflector","shape":"conical"}},"osm_tags":{"seamark:buoy_lateral:category":"channel_left","seamark:buoy_lateral:colour":"green","seamark:buoy_lateral:reflectivity":"reflector","seamark:buoy_lateral:shape":"conical","seamark:type":"buoy_lateral"}}},{"type":"Feature","geometry":{"type":"Point","coordinates":[12.747563,48.879585]},"properties":{"osm_id":2657773992,"osm_type":"node","seamark_type":"notice","display_class":"OTHER","min_zoom":12,"importance":1,"name":null,"ref":null,"common":{"type":"notice"},"children":{"notice":{"1:category":"radio_information","1:function":"information","1:information":"82","2:category":"radio_information","2:function":"information","2:information":"18"}},"osm_tags":{"seamark:notice:1:category":"radio_information","seamark:notice:1:function":"information","seamark:notice:1:information":"82","seamark:notice:2:category":"radio_information","seamark:notice:2:function":"information","seamark:notice:2:information":"18","seamark:type":"notice"}}},{"type":"Feature","geometry":{"type":"Point","coordinates":[12.742969,48.881641]},"properties":{"osm_id":2657774013,"osm_type":"node","seamark_type":"buoy_lateral","display_class":"OTHER","min_zoom":12,"importance":1,"name":null,"ref":null,"common":{"type":"buoy_lateral"},"children":{"buoy_lateral":{"category":"channel_left","colour":"green","reflectivity":"reflector","shape":"conical"}},"osm_tags":{"seamark:buoy_lateral:category":"channel_left","seamark:buoy_lateral:colour":"green","seamark:buoy_lateral:reflectivity":"reflector","seamark:buoy_lateral:shape":"conical","seamark:type":"buoy_lateral"}}},{"type":"Feature","geometry":{"type":"Point","coordinates":[12.739687,48.883343]},"properties":{"osm_id":2657774040,"osm_type":"node","seamark_type":"buoy_lateral","display_class":"OTHER","min_zoom":12,"importance":1,"name":null,"ref":null,"common":{"type":"buoy_lateral"},"children":{"buoy_lateral":{"category":"channel_left","colour":"green","reflectivity":"reflector","shape":"conical"}},"osm_tags":{"seamark:buoy_lateral:category":"channel_left","seamark:buoy_lateral:colour":"green","seamark:buoy_lateral:reflectivity":"reflector","seamark:buoy_lateral:shape":"conical","seamark:type":"buoy_lateral"}}},{"type":"Feature","geometry":{"type":"Point","coordinates":[12.731799,48.885513]},"properties":{"osm_id":2657774079,"osm_type":"node","seamark_type":"buoy_lateral","display_class":"OTHER","min_zoom":12,"importance":1,"name":null,"ref":null,"common":{"type":"buoy_lateral"},"children":{"buoy_lateral":{"category":"channel_left","colour":"green","reflectivity":"reflector","shape":"conical"}},"osm_tags":{"seamark:buoy_lateral:category":"channel_left","seamark:buoy_lateral:colour":"green","seamark:buoy_lateral:reflectivity":"reflector","seamark:buoy_lateral:shape":"conical","seamark:type":"buoy_lateral"}}},{"type":"Feature","geometry":{"type":"Point","coordinates":[12.723254,48.886272]},"properties":{"osm_id":2657774105,"osm_type":"node","seamark_type":"buoy_lateral","display_class":"OTHER","min_zoom":12,"importance":1,"name":null,"ref":null,"common":{"type":"buoy_lateral"},"children":{"buoy_lateral":{"category":"channel_left","colour":"green","reflectivity":"reflector","shape":"conical"}},"osm_tags":{"seamark:buoy_lateral:category":"channel_left","seamark:buoy_lateral:colour":"green","seamark:buoy_lateral:reflectivity":"reflector","seamark:buoy_lateral:shape":"conical","seamark:type":"buoy_lateral"}}},{"type":"Feature","geometry":{"type":"Point","coordinates":[12.717773,48.887325]},"properties":{"osm_id":2657774131,"osm_type":"node","seamark_type":"buoy_lateral","display_class":"OTHER","min_zoom":12,"importance":1,"name":null,"ref":null,"common":{"type":"buoy_lateral"},"children":{"buoy_lateral":{"category":"channel_right","colour":"red","reflectivity":"reflector","shape":"can"}},"osm_tags":{"seamark:buoy_lateral:category":"channel_right","seamark:buoy_lateral:colour":"red","seamark:buoy_lateral:reflectivity":"reflector","seamark:buoy_lateral:shape":"can","seamark:type":"buoy_lateral"}}},{"type":"Feature","geometry":{"type":"Point","coordinates":[12.718371,48.887833]},"properties":{"osm_id":2657774135,"osm_type":"node","seamark_type":"buoy_lateral","display_class":"OTHER","min_zoom":12,"importance":1,"name":null,"ref":null,"common":{"type":"buoy_lateral"},"children":{"buoy_lateral":{"category":"channel_left","colour":"green","reflectivity":"reflector","shape":"conical"}},"osm_tags":{"seamark:buoy_lateral:category":"channel_left","seamark:buoy_lateral:colour":"green","seamark:buoy_lateral:reflectivity":"reflector","seamark:buoy_lateral:shape":"conical","seamark:type":"buoy_lateral"}}},{"type":"Feature","geometry":{"type":"Point","coordinates":[12.713749,48.890163]},"properties":{"osm_id":2657774156,"osm_type":"node","seamark_type":"buoy_lateral","display_class":"OTHER","min_zoom":12,"importance":1,"name":null,"ref":null,"common":{"type":"buoy_lateral"},"children":{"buoy_lateral":{"category":"channel_right","colour":"red","reflectivity":"reflector","shape":"can"}},"osm_tags":{"seamark:buoy_lateral:category":"channel_right","seamark:buoy_lateral:colour":"red","seamark:buoy_lateral:reflectivity":"reflector","seamark:buoy_lateral:shape":"can","seamark:type":"buoy_lateral"}}},{"type":"Feature","geometry":{"type":"Point","coordinates":[12.709908,48.891068]},"properties":{"osm_id":2657774168,"osm_type":"node","seamark_type":"notice","display_class":"OTHER","min_zoom":12,"importance":1,"name":null,"ref":null,"common":{"type":"notice"},"children":{"notice":{"addition":"right_triangle","category":"no_berthing","distance_up":"1500","function":"prohibition","information":"1600"}},"osm_tags":{"seamark:notice:addition":"right_triangle","seamark:notice:category":"no_berthing","seamark:notice:distance_up":"1500","seamark:notice:function":"prohibition","seamark:notice:information":"1600","seamark:type":"notice"}}},{"type":"Feature","geometry":{"type":"Point","coordinates":[12.707537,48.892406]},"properties":{"osm_id":2657774237,"osm_type":"node","seamark_type":"buoy_lateral","display_class":"OTHER","min_zoom":12,"importance":1,"name":null,"ref":null,"common":{"type":"buoy_lateral"},"children":{"buoy_lateral":{"category":"channel_right","colour":"red","reflectivity":"reflector","shape":"can"}},"osm_tags":{"seamark:buoy_lateral:category":"channel_right","seamark:buoy_lateral:colour":"red","seamark:buoy_lateral:reflectivity":"reflector","seamark:buoy_lateral:shape":"can","seamark:type":"buoy_lateral"}}},{"type":"Feature","geometry":{"type":"Point","coordinates":[12.711297,48.892563]},"properties":{"osm_id":2657774264,"osm_type":"node","seamark_type":"notice","display_class":"OTHER","min_zoom":12,"importance":1,"name":null,"ref":null,"common":{"type":"notice"},"children":{"notice":{"addition":"left_triangle","category":"no_berthing","distance_up":"1500","function":"prohibition","information":"1500"}},"osm_tags":{"seamark:notice:addition":"left_triangle","seamark:notice:category":"no_berthing","seamark:notice:distance_up":"1500","seamark:notice:function":"prohibition","seamark:notice:information":"1500","seamark:type":"notice"}}},{"type":"Feature","geometry":{"type":"Point","coordinates":[12.701915,48.892971]},"properties":{"osm_id":2657774291,"osm_type":"node","seamark_type":"landmark","display_class":"OTHER","min_zoom":12,"importance":1,"name":null,"ref":null,"common":{"type":"landmark"},"children":{"landmark":{"category":"tower","conspicuity":"conspicuous","function":"church"}},"osm_tags":{"seamark:landmark:category":"tower","seamark:landmark:conspicuity":"conspicuous","seamark:landmark:function":"church","seamark:type":"landmark"}}},{"type":"Feature","geometry":{"type":"Point","coordinates":[12.701471,48.893887]},"properties":{"osm_id":2657774367,"osm_type":"node","seamark_type":"buoy_lateral","display_class":"OTHER","min_zoom":12,"importance":1,"name":null,"ref":null,"common":{"type":"buoy_lateral"},"children":{"buoy_lateral":{"category":"channel_right","colour":"red","reflectivity":"reflector","shape":"can"}},"osm_tags":{"seamark:buoy_lateral:category":"channel_right","seamark:buoy_lateral:colour":"red","seamark:buoy_lateral:reflectivity":"reflector","seamark:buoy_lateral:shape":"can","seamark:type":"buoy_lateral"}}},{"type":"Feature","geometry":{"type":"Point","coordinates":[12.706833,48.894836]},"properties":{"osm_id":2657774480,"osm_type":"node","seamark_type":"pile","display_class":"OTHER","min_zoom":12,"importance":1,"name":null,"ref":null,"common":{"type":"pile"},"children":{},"osm_tags":{"seamark:type":"pile"}}},{"type":"Feature","geometry":{"type":"Point","coordinates":[12.70681,48.894859]},"properties":{"osm_id":2657774481,"osm_type":"node","seamark_type":"pile","display_class":"OTHER","min_zoom":12,"importance":1,"name":null,"ref":null,"common":{"type":"pile"},"children":{},"osm_tags":{"seamark:type":"pile"}}},{"type":"Feature","geometry":{"type":"Point","coordinates":[12.706787,48.894878]},"properties":{"osm_id":2657774484,"osm_type":"node","seamark_type":"pile","display_class":"OTHER","min_zoom":12,"importance":1,"name":null,"ref":null,"common":{"type":"pile"},"children":{},"osm_tags":{"seamark:type":"pile"}}},{"type":"Feature","geometry":{"type":"Point","coordinates":[12.706762,48.894901]},"properties":{"osm_id":2657774485,"osm_type":"node","seamark_type":"pile","display_class":"OTHER","min_zoom":12,"importance":1,"name":null,"ref":null,"common":{"type":"pile"},"children":{},"osm_tags":{"seamark:type":"pile"}}},{"type":"Feature","geometry":{"type":"Point","coordinates":[12.699774,48.895195]},"properties":{"osm_id":2657774502,"osm_type":"node","seamark_type":"buoy_lateral","display_class":"OTHER","min_zoom":12,"importance":1,"name":null,"ref":null,"common":{"type":"buoy_lateral"},"children":{"buoy_lateral":{"category":"channel_left","colour":"green","reflectivity":"reflector","shape":"conical"}},"osm_tags":{"seamark:buoy_lateral:category":"channel_left","seamark:buoy_lateral:colour":"green","seamark:buoy_lateral:reflectivity":"reflector","seamark:buoy_lateral:shape":"conical","seamark:type":"buoy_lateral"}}},{"type":"Feature","geometry":{"type":"Point","coordinates":[12.694757,48.897083]},"properties":{"osm_id":2657774606,"osm_type":"node","seamark_type":"buoy_lateral","display_class":"OTHER","min_zoom":12,"importance":1,"name":null,"ref":null,"common":{"type":"buoy_lateral"},"children":{"buoy_lateral":{"category":"channel_right","colour":"red","reflectivity":"reflector","shape":"can"}},"osm_tags":{"seamark:buoy_lateral:category":"channel_right","seamark:buoy_lateral:colour":"red","seamark:buoy_lateral:reflectivity":"reflector","seamark:buoy_lateral:shape":"can","seamark:type":"buoy_lateral"}}},{"type":"Feature","geometry":{"type":"Point","coordinates":[12.695879,48.897263]},"properties":{"osm_id":2657774620,"osm_type":"node","seamark_type":"buoy_lateral","display_class":"OTHER","min_zoom":12,"importance":1,"name":null,"ref":null,"common":{"type":"buoy_lateral"},"children":{"buoy_lateral":{"category":"channel_left","colour":"green","reflectivity":"reflector","shape":"conical"}},"osm_tags":{"seamark:buoy_lateral:category":"channel_left","seamark:buoy_lateral:colour":"green","seamark:buoy_lateral:reflectivity":"reflector","seamark:buoy_lateral:shape":"conical","seamark:type":"buoy_lateral"}}},{"type":"Feature","geometry":{"type":"Point","coordinates":[12.7013136,48.8973664]},"properties":{"osm_id":2657774625,"osm_type":"node","seamark_type":"mooring","display_class":"OTHER","min_zoom":12,"importance":1,"name":null,"ref":null,"common":{"type":"mooring"},"children":{"mooring":{"category":"dolphin"}},"osm_tags":{"seamark:mooring:category":"dolphin","seamark:type":"mooring"}}},{"type":"Feature","geometry":{"type":"Point","coordinates":[12.613078,48.89764]},"properties":{"osm_id":2657793298,"osm_type":"node","seamark_type":"buoy_lateral","display_class":"OTHER","min_zoom":12,"importance":1,"name":null,"ref":null,"common":{"type":"buoy_lateral"},"children":{"buoy_lateral":{"category":"channel_left","colour":"green","reflectivity":"reflector","shape":"conical"}},"osm_tags":{"seamark:buoy_lateral:category":"channel_left","seamark:buoy_lateral:colour":"green","seamark:buoy_lateral:reflectivity":"reflector","seamark:buoy_lateral:shape":"conical","seamark:type":"buoy_lateral"}}},{"type":"Feature","geometry":{"type":"Point","coordinates":[12.691127,48.898571]},"properties":{"osm_id":2657793394,"osm_type":"node","seamark_type":"notice","display_class":"OTHER","min_zoom":12,"importance":1,"name":null,"ref":null,"common":{"type":"notice"},"children":{"notice":{"addition":"left_triangle","category":"no_berthing","distance_down":"1600","function":"prohibition","information":"1600"}},"osm_tags":{"seamark:notice:addition":"left_triangle","seamark:notice:category":"no_berthing","seamark:notice:distance_down":"1600","seamark:notice:function":"prohibition","seamark:notice:information":"1600","seamark:type":"notice"}}},{"type":"Feature","geometry":{"type":"Point","coordinates":[12.693951,48.89904]},"properties":{"osm_id":2657793431,"osm_type":"node","seamark_type":"notice","display_class":"OTHER","min_zoom":12,"importance":1,"name":null,"ref":null,"common":{"type":"notice"},"children":{"notice":{"addition":"right_triangle","category":"no_berthing","distance_down":"1500","function":"prohibition","information":"1500"}},"osm_tags":{"seamark:notice:addition":"right_triangle","seamark:notice:category":"no_berthing","seamark:notice:distance_down":"1500","seamark:notice:function":"prohibition","seamark:notice:information":"1500","seamark:type":"notice"}}},{"type":"Feature","geometry":{"type":"Point","coordinates":[12.610217,48.899212]},"properties":{"osm_id":2657793438,"osm_type":"node","seamark_type":"notice","display_class":"OTHER","min_zoom":12,"importance":1,"name":null,"ref":null,"common":{"type":"notice"},"children":{"notice":{"addition":"bottom_board;right_triangle","category":"waterskiing_permitted","distance_down":"4900","function":"information","information":"4.9 km, Do. bis So."}},"osm_tags":{"seamark:notice:addition":"bottom_board;right_triangle","seamark:notice:category":"waterskiing_permitted","seamark:notice:distance_down":"4900","seamark:notice:function":"information","seamark:notice:information":"4.9 km, Do. bis So.","seamark:type":"notice"}}},{"type":"Feature","geometry":{"type":"Point","coordinates":[12.690974,48.89983]},"properties":{"osm_id":2657793452,"osm_type":"node","seamark_type":"buoy_lateral","display_class":"OTHER","min_zoom":12,"importance":1,"name":null,"ref":null,"common":{"type":"buoy_lateral"},"children":{"buoy_lateral":{"category":"channel_right","colour":"red","reflectivity":"reflector","shape":"can"}},"osm_tags":{"seamark:buoy_lateral:category":"channel_right","seamark:buoy_lateral:colour":"red","seamark:buoy_lateral:reflectivity":"reflector","seamark:buoy_lateral:shape":"can","seamark:type":"buoy_lateral"}}},{"type":"Feature","geometry":{"type":"Point","coordinates":[12.60451,48.900864]},"properties":{"osm_id":2657793477,"osm_type":"node","seamark_type":"mooring","display_class":"OTHER","min_zoom":12,"importance":1,"name":null,"ref":null,"common":{"type":"mooring"},"children":{"mooring":{"category":"dolphin"}},"osm_tags":{"seamark:mooring:category":"dolphin","seamark:type":"mooring"}}},{"type":"Feature","geometry":{"type":"Point","coordinates":[12.604419,48.900902]},"properties":{"osm_id":2657793480,"osm_type":"node","seamark_type":"mooring","display_class":"OTHER","min_zoom":12,"importance":1,"name":null,"ref":null,"common":{"type":"mooring"},"children":{"mooring":{"category":"dolphin"}},"osm_tags":{"seamark:mooring:category":"dolphin","seamark:type":"mooring"}}},{"type":"Feature","geometry":{"type":"Point","coordinates":[12.604325,48.90094]},"properties":{"osm_id":2657793482,"osm_type":"node","seamark_type":"mooring","display_class":"OTHER","min_zoom":12,"importance":1,"name":null,"ref":null,"common":{"type":"mooring"},"children":{"mooring":{"category":"dolphin"}},"osm_tags":{"seamark:mooring:category":"dolphin","seamark:type":"mooring"}}},{"type":"Feature","geometry":{"type":"Point","coordinates":[12.604233,48.900978]},"properties":{"osm_id":2657793484,"osm_type":"node","seamark_type":"mooring","display_class":"OTHER","min_zoom":12,"importance":1,"name":null,"ref":null,"common":{"type":"mooring"},"children":{"mooring":{"category":"dolphin"}},"osm_tags":{"seamark:mooring:category":"dolphin","seamark:type":"mooring"}}},{"type":"Feature","geometry":{"type":"Point","coordinates":[12.60414,48.901016]},"properties":{"osm_id":2657793486,"osm_type":"node","seamark_type":"mooring","display_class":"OTHER","min_zoom":12,"importance":1,"name":null,"ref":null,"common":{"type":"mooring"},"children":{"mooring":{"category":"dolphin"}},"osm_tags":{"seamark:mooring:category":"dolphin","seamark:type":"mooring"}}},{"type":"Feature","geometry":{"type":"Point","coordinates":[12.604048,48.901051]},"properties":{"osm_id":2657793488,"osm_type":"node","seamark_type":"mooring","display_class":"OTHER","min_zoom":12,"importance":1,"name":null,"ref":null,"common":{"type":"mooring"},"children":{"mooring":{"category":"dolphin"}},"osm_tags":{"seamark:mooring:category":"dolphin","seamark:type":"mooring"}}},{"type":"Feature","geometry":{"type":"Point","coordinates":[12.602738,48.901657]},"properties":{"osm_id":2657793520,"osm_type":"node","seamark_type":"buoy_lateral","display_class":"OTHER","min_zoom":12,"importance":1,"name":null,"ref":null,"common":{"type":"buoy_lateral"},"children":{"buoy_lateral":{"category":"channel_right","colour":"red","reflectivity":"reflector","shape":"can"}},"osm_tags":{"seamark:buoy_lateral:category":"channel_right","seamark:buoy_lateral:colour":"red","seamark:buoy_lateral:reflectivity":"reflector","seamark:buoy_lateral:shape":"can","seamark:type":"buoy_lateral"}}},{"type":"Feature","geometry":{"type":"Point","coordinates":[12.600177,48.902279]},"properties":{"osm_id":2657793555,"osm_type":"node","seamark_type":"buoy_lateral","display_class":"OTHER","min_zoom":12,"importance":1,"name":null,"ref":null,"common":{"type":"buoy_lateral"},"children":{"buoy_lateral":{"category":"channel_right","colour":"red","reflectivity":"reflector","shape":"can"}},"osm_tags":{"seamark:buoy_lateral:category":"channel_right","seamark:buoy_lateral:colour":"red","seamark:buoy_lateral:reflectivity":"reflector","seamark:buoy_lateral:shape":"can","seamark:type":"buoy_lateral"}}},{"type":"Feature","geometry":{"type":"Point","coordinates":[12.683046,48.902927]},"properties":{"osm_id":2657793611,"osm_type":"node","seamark_type":"buoy_lateral","display_class":"OTHER","min_zoom":12,"importance":1,"name":null,"ref":null,"common":{"type":"buoy_lateral"},"children":{"buoy_lateral":{"category":"channel_right","colour":"red","reflectivity":"reflector","shape":"can"}},"osm_tags":{"seamark:buoy_lateral:category":"channel_right","seamark:buoy_lateral:colour":"red","seamark:buoy_lateral:reflectivity":"reflector","seamark:buoy_lateral:shape":"can","seamark:type":"buoy_lateral"}}},{"type":"Feature","geometry":{"type":"Point","coordinates":[12.6793723,48.9031489]},"properties":{"osm_id":2657793625,"osm_type":"node","seamark_type":"notice","display_class":"OTHER","min_zoom":12,"importance":1,"name":null,"ref":null,"common":{"type":"notice"},"children":{"notice":{"category":"no_entry","function":"prohibition","orientation":"106.82"}},"osm_tags":{"seamark:notice:category":"no_entry","seamark:notice:function":"prohibition","seamark:notice:orientation":"106.82","seamark:type":"notice"}}},{"type":"Feature","geometry":{"type":"Point","coordinates":[12.6793073,48.9031639]},"properties":{"osm_id":2657793626,"osm_type":"node","seamark_type":"notice","display_class":"OTHER","min_zoom":12,"importance":1,"name":null,"ref":null,"common":{"type":"notice"},"children":{"notice":{"category":"no_entry","function":"prohibition","orientation":"286.43"}},"osm_tags":{"seamark:notice:category":"no_entry","seamark:notice:function":"prohibition","seamark:notice:orientation":"286.43","seamark:type":"notice"}}},{"type":"Feature","geometry":{"type":"Point","coordinates":[12.6795003,48.9034199]},"properties":{"osm_id":2657793642,"osm_type":"node","seamark_type":"notice","display_class":"OTHER","min_zoom":12,"importance":1,"name":null,"ref":null,"common":{"type":"notice"},"children":{"notice":{"category":"no_passage_left","function":"prohibition","orientation":"286.84"}},"osm_tags":{"seamark:notice:category":"no_passage_left","seamark:notice:function":"prohibition","seamark:notice:orientation":"286.84","seamark:type":"notice"}}},{"type":"Feature","geometry":{"type":"Point","coordinates":[12.6794313,48.9034309]},"properties":{"osm_id":2657793644,"osm_type":"node","seamark_type":"notice","display_class":"OTHER","min_zoom":12,"importance":1,"name":null,"ref":null,"common":{"type":"notice"},"children":{"notice":{"category":"no_passage_right","function":"prohibition","orientation":"106.73"}},"osm_tags":{"seamark:notice:category":"no_passage_right","seamark:notice:function":"prohibition","seamark:notice:orientation":"106.73","seamark:type":"notice"}}},{"type":"Feature","geometry":{"type":"Point","coordinates":[12.6795873,48.9036029]},"properties":{"osm_id":2657793648,"osm_type":"node","seamark_type":"notice","display_class":"OTHER","min_zoom":12,"importance":1,"name":null,"ref":null,"common":{"type":"notice"},"children":{"notice":{"category":"channel_two_way","function":"recommendation","orientation":"106.84"}},"osm_tags":{"seamark:notice:category":"channel_two_way","seamark:notice:function":"recommendation","seamark:notice:orientation":"106.84","seamark:type":"notice"}}},{"type":"Feature","geometry":{"type":"Point","coordinates":[12.6795193,48.9036179]},"properties":{"osm_id":2657793650,"osm_type":"node","seamark_type":"notice","display_class":"OTHER","min_zoom":12,"importance":1,"name":null,"ref":null,"common":{"type":"notice"},"children":{"notice":{"category":"channel_two_way","function":"recommendation","orientation":"286.77"}},"osm_tags":{"seamark:notice:category":"channel_two_way","seamark:notice:function":"recommendation","seamark:notice:orientation":"286.77","seamark:type":"notice"}}},{"type":"Feature","geometry":{"type":"Point","coordinates":[12.656596,48.903629]},"properties":{"osm_id":2657793653,"osm_type":"node","seamark_type":"mooring","display_class":"OTHER","min_zoom":12,"importance":1,"name":null,"ref":null,"common":{"type":"mooring"},"children":{"mooring":{"category":"dolphin"}},"osm_tags":{"seamark:mooring:category":"dolphin","seamark:type":"mooring"}}},{"type":"Feature","geometry":{"type":"Point","coordinates":[12.657001,48.903675]},"properties":{"osm_id":2657793657,"osm_type":"node","seamark_type":"mooring","display_class":"OTHER","min_zoom":12,"importance":1,"name":null,"ref":null,"common":{"type":"mooring"},"children":{"mooring":{"category":"dolphin"}},"osm_tags":{"seamark:mooring:category":"dolphin","seamark:type":"mooring"}}},{"type":"Feature","geometry":{"type":"Point","coordinates":[12.657403,48.903721]},"properties":{"osm_id":2657793662,"osm_type":"node","seamark_type":"mooring","display_class":"OTHER","min_zoom":12,"importance":1,"name":null,"ref":null,"common":{"type":"mooring"},"children":{"mooring":{"category":"dolphin"}},"osm_tags":{"seamark:mooring:category":"dolphin","seamark:type":"mooring"}}},{"type":"Feature","geometry":{"type":"Point","coordinates":[12.6796743,48.9037899]},"properties":{"osm_id":2657793667,"osm_type":"node","seamark_type":"notice","display_class":"OTHER","min_zoom":12,"importance":1,"name":null,"ref":null,"common":{"type":"notice"},"children":{"notice":{"category":"no_passage_right","function":"prohibition","orientation":"286.63"}},"osm_tags":{"seamark:notice:category":"no_passage_right","seamark:notice:function":"prohibition","seamark:notice:orientation":"286.63","seamark:type":"notice"}}},{"type":"Feature","geometry":{"type":"Point","coordinates":[12.6796073,48.9038049]},"properties":{"osm_id":2657793668,"osm_type":"node","seamark_type":"notice","display_class":"OTHER","min_zoom":12,"importance":1,"name":null,"ref":null,"common":{"type":"notice"},"children":{"notice":{"category":"no_passage_left","function":"prohibition","orientation":"107.27"}},"osm_tags":{"seamark:notice:category":"no_passage_left","seamark:notice:function":"prohibition","seamark:notice:orientation":"107.27","seamark:type":"notice"}}},{"type":"Feature","geometry":{"type":"Point","coordinates":[12.6797083,48.9038619]},"properties":{"osm_id":2657793672,"osm_type":"node","seamark_type":"signal_station_warning","display_class":"OTHER","min_zoom":12,"importance":1,"name":null,"ref":null,"common":{"type":"signal_station_warning"},"children":{"signal_station_warning":{"category":"vertical_clearance"}},"osm_tags":{"seamark:signal_station_warning:category":"vertical_clearance","seamark:type":"signal_station_warning"}}},{"type":"Feature","geometry":{"type":"Point","coordinates":[12.67582,48.90461]},"properties":{"osm_id":2657793722,"osm_type":"node","seamark_type":"buoy_lateral","display_class":"OTHER","min_zoom":12,"importance":1,"name":null,"ref":null,"common":{"type":"buoy_lateral"},"children":{"buoy_lateral":{"category":"channel_left","colour":"green","reflectivity":"reflector","shape":"conical"}},"osm_tags":{"seamark:buoy_lateral:category":"channel_left","seamark:buoy_lateral:colour":"green","seamark:buoy_lateral:reflectivity":"reflector","seamark:buoy_lateral:shape":"conical","seamark:type":"buoy_lateral"}}},{"type":"Feature","geometry":{"type":"Point","coordinates":[12.64397,48.905193]},"properties":{"osm_id":2657793770,"osm_type":"node","seamark_type":"buoy_lateral","display_class":"OTHER","min_zoom":12,"importance":1,"name":null,"ref":null,"common":{"type":"buoy_lateral"},"children":{"buoy_lateral":{"category":"channel_left","colour":"green","reflectivity":"reflector","shape":"conical"}},"osm_tags":{"seamark:buoy_lateral:category":"channel_left","seamark:buoy_lateral:colour":"green","seamark:buoy_lateral:reflectivity":"reflector","seamark:buoy_lateral:shape":"conical","seamark:type":"buoy_lateral"}}},{"type":"Feature","geometry":{"type":"Point","coordinates":[12.641733,48.905411]},"properties":{"osm_id":2657793789,"osm_type":"node","seamark_type":"buoy_lateral","display_class":"OTHER","min_zoom":12,"importance":1,"name":null,"ref":null,"common":{"type":"buoy_lateral"},"children":{"buoy_lateral":{"category":"channel_left","colour":"green","reflectivity":"reflector","shape":"conical"}},"osm_tags":{"seamark:buoy_lateral:category":"channel_left","seamark:buoy_lateral:colour":"green","seamark:buoy_lateral:reflectivity":"reflector","seamark:buoy_lateral:shape":"conical","seamark:type":"buoy_lateral"}}},{"type":"Feature","geometry":{"type":"Point","coordinates":[12.663369,48.906403]},"properties":{"osm_id":2657793828,"osm_type":"node","seamark_type":"buoy_lateral","display_class":"OTHER","min_zoom":12,"importance":1,"name":null,"ref":null,"common":{"type":"buoy_lateral"},"children":{"buoy_lateral":{"category":"channel_right","colour":"red","reflectivity":"reflector","shape":"can"}},"osm_tags":{"seamark:buoy_lateral:category":"channel_right","seamark:buoy_lateral:colour":"red","seamark:buoy_lateral:reflectivity":"reflector","seamark:buoy_lateral:shape":"can","seamark:type":"buoy_lateral"}}},{"type":"Feature","geometry":{"type":"Point","coordinates":[12.637953,48.9067708]},"properties":{"osm_id":2657793837,"osm_type":"node","seamark_type":"buoy_lateral","display_class":"OTHER","min_zoom":12,"importance":1,"name":null,"ref":null,"common":{"type":"buoy_lateral"},"children":{"buoy_lateral":{"category":"channel_right","colour":"red","reflectivity":"reflector","shape":"can"}},"osm_tags":{"seamark:buoy_lateral:category":"channel_right","seamark:buoy_lateral:colour":"red","seamark:buoy_lateral:reflectivity":"reflector","seamark:buoy_lateral:shape":"can","seamark:type":"buoy_lateral"}}},{"type":"Feature","geometry":{"type":"Point","coordinates":[12.625857,48.907238]},"properties":{"osm_id":2657793856,"osm_type":"node","seamark_type":"buoy_lateral","display_class":"OTHER","min_zoom":12,"importance":1,"name":null,"ref":null,"common":{"type":"buoy_lateral"},"children":{"buoy_lateral":{"category":"channel_right","colour":"red","reflectivity":"reflector","shape":"can"}},"osm_tags":{"seamark:buoy_lateral:category":"channel_right","seamark:buoy_lateral:colour":"red","seamark:buoy_lateral:reflectivity":"reflector","seamark:buoy_lateral:shape":"can","seamark:type":"buoy_lateral"}}},{"type":"Feature","geometry":{"type":"Point","coordinates":[12.662704,48.907513]},"properties":{"osm_id":2657793876,"osm_type":"node","seamark_type":"notice","display_class":"OTHER","min_zoom":12,"importance":1,"name":null,"ref":null,"common":{"type":"notice"},"children":{"notice":{"addition":"bottom_board;left_triangle","category":"waterskiing_permitted","distance_up":"4900","function":"information","information":"4.9 km, Do. bis So."}},"osm_tags":{"seamark:notice:addition":"bottom_board;left_triangle","seamark:notice:category":"waterskiing_permitted","seamark:notice:distance_up":"4900","seamark:notice:function":"information","seamark:notice:information":"4.9 km, Do. bis So.","seamark:type":"notice"}}},{"type":"Feature","geometry":{"type":"Point","coordinates":[12.655697,48.908092]},"properties":{"osm_id":2657793932,"osm_type":"node","seamark_type":"buoy_lateral","display_class":"OTHER","min_zoom":12,"importance":1,"name":null,"ref":null,"common":{"type":"buoy_lateral"},"children":{"buoy_lateral":{"category":"channel_right","colour":"red","reflectivity":"reflector","shape":"can"}},"osm_tags":{"seamark:buoy_lateral:category":"channel_right","seamark:buoy_lateral:colour":"red","seamark:buoy_lateral:reflectivity":"reflector","seamark:buoy_lateral:shape":"can","seamark:type":"buoy_lateral"}}},{"type":"Feature","geometry":{"type":"Point","coordinates":[12.658676,48.908562]},"properties":{"osm_id":2657793985,"osm_type":"node","seamark_type":"signal_station_warning","display_class":"OTHER","min_zoom":12,"importance":1,"name":null,"ref":null,"common":{"type":"signal_station_warning"},"children":{"signal_station_warning":{"category":"vertical_clearance"}},"osm_tags":{"seamark:signal_station_warning:category":"vertical_clearance","seamark:type":"signal_station_warning"}}},{"type":"Feature","geometry":{"type":"Point","coordinates":[12.623176,48.90884]},"properties":{"osm_id":2657794028,"osm_type":"node","seamark_type":"landmark","display_class":"OTHER","min_zoom":12,"importance":1,"name":null,"ref":null,"common":{"type":"landmark"},"children":{"landmark":{"category":"tower","conspicuity":"conspicuous","function":"church"}},"osm_tags":{"seamark:landmark:category":"tower","seamark:landmark:conspicuity":"conspicuous","seamark:landmark:function":"church","seamark:type":"landmark"}}},{"type":"Feature","geometry":{"type":"Point","coordinates":[12.574001,48.886024]},"properties":{"osm_id":2665054276,"osm_type":"node","seamark_type":"notice","display_class":"OTHER","min_zoom":12,"importance":1,"name":null,"ref":null,"common":{"type":"notice"},"children":{"notice":{"category":"no_motor_craft","function":"prohibition","orientation":"82.29"}},"osm_tags":{"seamark:notice:category":"no_motor_craft","seamark:notice:function":"prohibition","seamark:notice:orientation":"82.29","seamark:type":"notice"}}},{"type":"Feature","geometry":{"type":"Point","coordinates":[12.574466,48.886486]},"properties":{"osm_id":2665054426,"osm_type":"node","seamark_type":"notice","display_class":"OTHER","min_zoom":12,"importance":1,"name":null,"ref":null,"common":{"type":"notice"},"children":{"notice":{"addition":"right_triangle","category":"no_wash","function":"prohibition"}},"osm_tags":{"seamark:notice:addition":"right_triangle","seamark:notice:category":"no_wash","seamark:notice:function":"prohibition","seamark:type":"notice"}}},{"type":"Feature","geometry":{"type":"Point","coordinates":[12.573639,48.886623]},"properties":{"osm_id":2665054494,"osm_type":"node","seamark_type":"landmark","display_class":"OTHER","min_zoom":12,"importance":1,"name":null,"ref":null,"common":{"type":"landmark"},"children":{"landmark":{"category":"monument","conspicuity":"conspicuous"}},"osm_tags":{"seamark:landmark:category":"monument","seamark:landmark:conspicuity":"conspicuous","seamark:type":"landmark"}}},{"type":"Feature","geometry":{"type":"Point","coordinates":[12.580125,48.887413]},"properties":{"osm_id":2665054658,"osm_type":"node","seamark_type":"buoy_lateral","display_class":"OTHER","min_zoom":12,"importance":1,"name":null,"ref":null,"common":{"type":"buoy_lateral"},"children":{"buoy_lateral":{"category":"channel_right","colour":"red","reflectivity":"reflector","shape":"can"}},"osm_tags":{"seamark:buoy_lateral:category":"channel_right","seamark:buoy_lateral:colour":"red","seamark:buoy_lateral:reflectivity":"reflector","seamark:buoy_lateral:shape":"can","seamark:type":"buoy_lateral"}}},{"type":"Feature","geometry":{"type":"Point","coordinates":[12.586232,48.889858]},"properties":{"osm_id":2665054914,"osm_type":"node","seamark_type":"buoy_lateral","display_class":"OTHER","min_zoom":12,"importance":1,"name":null,"ref":null,"common":{"type":"buoy_lateral"},"children":{"buoy_lateral":{"category":"channel_right","colour":"red","reflectivity":"reflector","shape":"can"}},"osm_tags":{"seamark:buoy_lateral:category":"channel_right","seamark:buoy_lateral:colour":"red","seamark:buoy_lateral:reflectivity":"reflector","seamark:buoy_lateral:shape":"can","seamark:type":"buoy_lateral"}}},{"type":"Feature","geometry":{"type":"Point","coordinates":[12.585577,48.890255]},"properties":{"osm_id":2665054967,"osm_type":"node","seamark_type":"buoy_lateral","display_class":"OTHER","min_zoom":12,"importance":1,"name":null,"ref":null,"common":{"type":"buoy_lateral"},"children":{"buoy_lateral":{"category":"channel_left","colour":"green","reflectivity":"reflector","shape":"conical"}},"osm_tags":{"seamark:buoy_lateral:category":"channel_left","seamark:buoy_lateral:colour":"green","seamark:buoy_lateral:reflectivity":"reflector","seamark:buoy_lateral:shape":"conical","seamark:type":"buoy_lateral"}}},{"type":"Feature","geometry":{"type":"Point","coordinates":[12.588631,48.891918]},"properties":{"osm_id":2665055124,"osm_type":"node","seamark_type":"buoy_lateral","display_class":"OTHER","min_zoom":12,"importance":1,"name":null,"ref":null,"common":{"type":"buoy_lateral"},"children":{"buoy_lateral":{"category":"channel_left","colour":"green","reflectivity":"reflector","shape":"conical"}},"osm_tags":{"seamark:buoy_lateral:category":"channel_left","seamark:buoy_lateral:colour":"green","seamark:buoy_lateral:reflectivity":"reflector","seamark:buoy_lateral:shape":"conical","seamark:type":"buoy_lateral"}}},{"type":"Feature","geometry":{"type":"Point","coordinates":[12.5581171,48.8969273]},"properties":{"osm_id":2665055685,"osm_type":"node","seamark_type":"notice","display_class":"OTHER","min_zoom":12,"importance":1,"name":null,"ref":null,"common":{"type":"notice"},"children":{"notice":{"addition":"bottom_board","category":"no_entry","function":"prohibition","information":"Achtung Lebensgefahr"}},"osm_tags":{"seamark:notice:addition":"bottom_board","seamark:notice:category":"no_entry","seamark:notice:function":"prohibition","seamark:notice:information":"Achtung Lebensgefahr","seamark:type":"notice"}}},{"type":"Feature","geometry":{"type":"Point","coordinates":[12.5512992,48.8972461]},"properties":{"osm_id":2665055835,"osm_type":"node","seamark_type":"notice","display_class":"OTHER","min_zoom":12,"importance":1,"name":null,"ref":null,"common":{"type":"notice"},"children":{"notice":{"addition":"bottom_board","category":"no_entry","function":"prohibition","information":"Achtung Lebensgefahr"}},"osm_tags":{"seamark:notice:addition":"bottom_board","seamark:notice:category":"no_entry","seamark:notice:function":"prohibition","seamark:notice:information":"Achtung Lebensgefahr","seamark:type":"notice"}}},{"type":"Feature","geometry":{"type":"Point","coordinates":[12.5893225,48.8975839]},"properties":{"osm_id":2665055967,"osm_type":"node","seamark_type":"notice","display_class":"OTHER","min_zoom":12,"importance":1,"name":null,"ref":null,"common":{"type":"notice"},"children":{"notice":{"category":"secondary_waterway_right","function":"information"}},"osm_tags":{"seamark:notice:category":"secondary_waterway_right","seamark:notice:function":"information","seamark:type":"notice"}}},{"type":"Feature","geometry":{"type":"Point","coordinates":[12.5920564,48.8976771]},"properties":{"osm_id":2665055999,"osm_type":"node","seamark_type":"notice","display_class":"OTHER","min_zoom":12,"importance":1,"name":null,"ref":null,"common":{"type":"notice"},"children":{"notice":{"category":"give_way_junction","function":"regulation"}},"osm_tags":{"seamark:notice:category":"give_way_junction","seamark:notice:function":"regulation","seamark:type":"notice"}}},{"type":"Feature","geometry":{"type":"Point","coordinates":[12.552468,48.897835]},"properties":{"osm_id":2665056077,"osm_type":"node","seamark_type":"buoy_special_purpose","display_class":"OTHER","min_zoom":12,"importance":1,"name":null,"ref":null,"common":{"type":"buoy_special_purpose"},"children":{"buoy_special_purpose":{"category":"no_entry","colour":"yellow","information":"Wasserflaeche gesperrt","reflectivity":"reflector","shape":"can"},"topmark":{"colour":"red;white;red","colour_pattern":"horizontal","shape":"cylinder"}},"osm_tags":{"buoy":"special_purpose","seamark:buoy_special_purpose:category":"no_entry","seamark:buoy_special_purpose:colour":"yellow","seamark:buoy_special_purpose:information":"Wasserflaeche gesperrt","seamark:buoy_special_purpose:reflectivity":"reflector","seamark:buoy_special_purpose:shape":"can","seamark:topmark:colour":"red;white;red","seamark:topmark:colour_pattern":"horizontal","seamark:topmark:shape":"cylinder","seamark:type":"buoy_special_purpose","topmark":"yes","topmark:colour":"red,white,red","topmark:colour_pattern":"horizontal_stripes"}}},{"type":"Feature","geometry":{"type":"Point","coordinates":[12.5822158,48.8978771]},"properties":{"osm_id":2665056085,"osm_type":"node","seamark_type":"landmark","display_class":"OTHER","min_zoom":12,"importance":1,"name":null,"ref":null,"common":{"type":"landmark"},"children":{"landmark":{"category":"monument","conspicuity":"conspicuous"}},"osm_tags":{"seamark:landmark:category":"monument","seamark:landmark:conspicuity":"conspicuous","seamark:type":"landmark"}}},{"type":"Feature","geometry":{"type":"Point","coordinates":[12.590007,48.8979]},"properties":{"osm_id":2665056091,"osm_type":"node","seamark_type":"notice","display_class":"OTHER","min_zoom":12,"importance":1,"name":null,"ref":null,"common":{"type":"notice"},"children":{"notice":{"1:addition":"left_triangle","1:category":"unpowered_craft_permitted","1:function":"information","2:category":"proceed_to_right","2:function":"recommendation"}},"osm_tags":{"seamark:notice:1:addition":"left_triangle","seamark:notice:1:category":"unpowered_craft_permitted","seamark:notice:1:function":"information","seamark:notice:2:category":"proceed_to_right","seamark:notice:2:function":"recommendation","seamark:type":"notice"}}},{"type":"Feature","geometry":{"type":"Point","coordinates":[12.590179,48.897907]},"properties":{"osm_id":2665056095,"osm_type":"node","seamark_type":"notice","display_class":"OTHER","min_zoom":12,"importance":1,"name":null,"ref":null,"common":{"type":"notice"},"children":{"notice":{"addition":"left_triangle","category":"no_wash","function":"prohibition"}},"osm_tags":{"seamark:notice:addition":"left_triangle","seamark:notice:category":"no_wash","seamark:notice:function":"prohibition","seamark:type":"notice"}}},{"type":"Feature","geometry":{"type":"Point","coordinates":[12.553107,48.898205]},"properties":{"osm_id":2665056127,"osm_type":"node","seamark_type":"buoy_special_purpose","display_class":"OTHER","min_zoom":12,"importance":1,"name":null,"ref":null,"common":{"type":"buoy_special_purpose"},"children":{"buoy_special_purpose":{"category":"no_entry","colour":"yellow","information":"Wasserflaeche gesperrt","reflectivity":"reflector","shape":"can"},"topmark":{"colour":"red;white;red","colour_pattern":"horizontal","shape":"cylinder"}},"osm_tags":{"buoy":"special_purpose","seamark:buoy_special_purpose:category":"no_entry","seamark:buoy_special_purpose:colour":"yellow","seamark:buoy_special_purpose:information":"Wasserflaeche gesperrt","seamark:buoy_special_purpose:reflectivity":"reflector","seamark:buoy_special_purpose:shape":"can","seamark:topmark:colour":"red;white;red","seamark:topmark:colour_pattern":"horizontal","seamark:topmark:shape":"cylinder","seamark:type":"buoy_special_purpose","topmark":"yes","topmark:colour":"red,white,red","topmark:colour_pattern":"horizontal_stripes"}}},{"type":"Feature","geometry":{"type":"Point","coordinates":[12.554005,48.898613]},"properties":{"osm_id":2665056170,"osm_type":"node","seamark_type":"buoy_special_purpose","display_class":"OTHER","min_zoom":12,"importance":1,"name":null,"ref":null,"common":{"type":"buoy_special_purpose"},"children":{"buoy_special_purpose":{"category":"no_entry","colour":"yellow","information":"Wasserflaeche gesperrt","reflectivity":"reflector","shape":"can"},"topmark":{"colour":"red;white;red","colour_pattern":"horizontal","shape":"cylinder"}},"osm_tags":{"buoy":"special_purpose","seamark:buoy_special_purpose:category":"no_entry","seamark:buoy_special_purpose:colour":"yellow","seamark:buoy_special_purpose:information":"Wasserflaeche gesperrt","seamark:buoy_special_purpose:reflectivity":"reflector","seamark:buoy_special_purpose:shape":"can","seamark:topmark:colour":"red;white;red","seamark:topmark:colour_pattern":"horizontal","seamark:topmark:shape":"cylinder","seamark:type":"buoy_special_purpose","topmark":"yes","topmark:colour":"red,white,red","topmark:colour_pattern":"horizontal_stripes"}}},{"type":"Feature","geometry":{"type":"Point","coordinates":[12.558066,48.898891]},"properties":{"osm_id":2665056222,"osm_type":"node","seamark_type":"notice","display_class":"OTHER","min_zoom":12,"importance":1,"name":null,"ref":null,"common":{"type":"notice"},"children":{"notice":{"1:addition":"bottom_board;left_triangle","1:category":"no_entry","1:function":"prohibition","1:information":"Achtung Lebensgefahr","2:addition":"right_triangle","2:category":"unpowered_craft_permitted","2:function":"information"}},"osm_tags":{"seamark:notice:1:addition":"bottom_board;left_triangle","seamark:notice:1:category":"no_entry","seamark:notice:1:function":"prohibition","seamark:notice:1:information":"Achtung Lebensgefahr","seamark:notice:2:addition":"right_triangle","seamark:notice:2:category":"unpowered_craft_permitted","seamark:notice:2:function":"information","seamark:type":"notice"}}},{"type":"Feature","geometry":{"type":"Point","coordinates":[12.555712,48.898911]},"properties":{"osm_id":2665056232,"osm_type":"node","seamark_type":"mooring","display_class":"OTHER","min_zoom":12,"importance":1,"name":null,"ref":null,"common":{"type":"mooring"},"children":{"mooring":{"category":"dolphin"}},"osm_tags":{"seamark:mooring:category":"dolphin","seamark:type":"mooring"}}},{"type":"Feature","geometry":{"type":"Point","coordinates":[12.55578,48.898911]},"properties":{"osm_id":2665056233,"osm_type":"node","seamark_type":"mooring","display_class":"OTHER","min_zoom":12,"importance":1,"name":null,"ref":null,"common":{"type":"mooring"},"children":{"mooring":{"category":"dolphin"}},"osm_tags":{"seamark:mooring:category":"dolphin","seamark:type":"mooring"}}},{"type":"Feature","geometry":{"type":"Point","coordinates":[12.555863,48.898911]},"properties":{"osm_id":2665056234,"osm_type":"node","seamark_type":"notice","display_class":"OTHER","min_zoom":12,"importance":1,"name":null,"ref":null,"common":{"type":"notice"},"children":{"notice":{"1:addition":"left_triangle","1:category":"unpowered_craft_permitted","1:function":"information","2:addition":"bottom_board;right_triangle","2:category":"no_entry","2:function":"prohibition","2:information":"Achtung Lebensgefahr"}},"osm_tags":{"seamark:notice:1:addition":"left_triangle","seamark:notice:1:category":"unpowered_craft_permitted","seamark:notice:1:function":"information","seamark:notice:2:addition":"bottom_board;right_triangle","seamark:notice:2:category":"no_entry","seamark:notice:2:function":"prohibition","seamark:notice:2:information":"Achtung Lebensgefahr","seamark:type":"notice"}}},{"type":"Feature","geometry":{"type":"Point","coordinates":[12.55558,48.898914]},"properties":{"osm_id":2665056237,"osm_type":"node","seamark_type":"mooring","display_class":"OTHER","min_zoom":12,"importance":1,"name":null,"ref":null,"common":{"type":"mooring"},"children":{"mooring":{"category":"dolphin"}},"osm_tags":{"seamark:mooring:category":"dolphin","seamark:type":"mooring"}}},{"type":"Feature","geometry":{"type":"Point","coordinates":[12.555644,48.898914]},"properties":{"osm_id":2665056240,"osm_type":"node","seamark_type":"mooring","display_class":"OTHER","min_zoom":12,"importance":1,"name":null,"ref":null,"common":{"type":"mooring"},"children":{"mooring":{"category":"dolphin"}},"osm_tags":{"seamark:mooring:category":"dolphin","seamark:type":"mooring"}}},{"type":"Feature","geometry":{"type":"Point","coordinates":[12.555374,48.898918]},"properties":{"osm_id":2665056244,"osm_type":"node","seamark_type":"buoy_special_purpose","display_class":"OTHER","min_zoom":12,"importance":1,"name":null,"ref":null,"common":{"type":"buoy_special_purpose"},"children":{"buoy_special_purpose":{"category":"no_entry","colour":"yellow","information":"Wasserflaeche gesperrt","reflectivity":"reflector","shape":"can"},"topmark":{"colour":"red;white;red","colour_pattern":"horizontal","shape":"cylinder"}},"osm_tags":{"seamark:buoy_special_purpose:category":"no_entry","seamark:buoy_special_purpose:colour":"yellow","seamark:buoy_special_purpose:information":"Wasserflaeche gesperrt","seamark:buoy_special_purpose:reflectivity":"reflector","seamark:buoy_special_purpose:shape":"can","seamark:topmark:colour":"red;white;red","seamark:topmark:colour_pattern":"horizontal","seamark:topmark:shape":"cylinder","seamark:type":"buoy_special_purpose"}}},{"type":"Feature","geometry":{"type":"Point","coordinates":[12.554896,48.898926]},"properties":{"osm_id":2665056255,"osm_type":"node","seamark_type":"buoy_special_purpose","display_class":"OTHER","min_zoom":12,"importance":1,"name":null,"ref":null,"common":{"type":"buoy_special_purpose"},"children":{"buoy_special_purpose":{"category":"no_entry","colour":"yellow","information":"Wasserflaeche gesperrt","reflectivity":"reflector","shape":"can"},"topmark":{"colour":"red;white;red","colour_pattern":"horizontal","shape":"cylinder"}},"osm_tags":{"buoy":"special_purpose","seamark:buoy_special_purpose:category":"no_entry","seamark:buoy_special_purpose:colour":"yellow","seamark:buoy_special_purpose:information":"Wasserflaeche gesperrt","seamark:buoy_special_purpose:reflectivity":"reflector","seamark:buoy_special_purpose:shape":"can","seamark:topmark:colour":"red;white;red","seamark:topmark:colour_pattern":"horizontal","seamark:topmark:shape":"cylinder","seamark:type":"buoy_special_purpose","topmark":"yes","topmark:colour":"red,white,red","topmark:colour_pattern":"horizontal_stripes"}}},{"type":"Feature","geometry":{"type":"Point","coordinates":[12.556002,48.899014]},"properties":{"osm_id":2665056283,"osm_type":"node","seamark_type":"signal_station_traffic","display_class":"OTHER","min_zoom":12,"importance":1,"name":null,"ref":null,"common":{"type":"signal_station_traffic"},"children":{"signal_station_traffic":{"category":"lock","information":"Für Bootsgasse"}},"osm_tags":{"seamark:signal_station_traffic:category":"lock","seamark:signal_station_traffic:information":"Für Bootsgasse","seamark:type":"signal_station_traffic"}}},{"type":"Feature","geometry":{"type":"Point","coordinates":[12.559895,48.899395]},"properties":{"osm_id":2665056477,"osm_type":"node","seamark_type":"notice","display_class":"OTHER","min_zoom":12,"importance":1,"name":null,"ref":null,"common":{"type":"notice"},"children":{"notice":{"category":"telephone","function":"information"}},"osm_tags":{"seamark:notice:category":"telephone","seamark:notice:function":"information","seamark:type":"notice"}}},{"type":"Feature","geometry":{"type":"Point","coordinates":[12.558262,48.899422]},"properties":{"osm_id":2665056485,"osm_type":"node","seamark_type":"notice","display_class":"OTHER","min_zoom":12,"importance":1,"name":null,"ref":null,"common":{"type":"notice"},"children":{"notice":{"category":"stop","function":"regulation"}},"osm_tags":{"seamark:notice:category":"stop","seamark:notice:function":"regulation","seamark:type":"notice"}}},{"type":"Feature","geometry":{"type":"Point","coordinates":[12.547926,48.899559]},"properties":{"osm_id":2665056497,"osm_type":"node","seamark_type":"notice","display_class":"OTHER","min_zoom":12,"importance":1,"name":null,"ref":null,"common":{"type":"notice"},"children":{"notice":{"category":"telephone","function":"information"}},"osm_tags":{"seamark:notice:category":"telephone","seamark:notice:function":"information","seamark:type":"notice"}}},{"type":"Feature","geometry":{"type":"Point","coordinates":[12.5460976,48.8996075]},"properties":{"osm_id":2665056516,"osm_type":"node","seamark_type":"notice","display_class":"OTHER","min_zoom":12,"importance":1,"name":null,"ref":null,"common":{"type":"notice"},"children":{"notice":{"1:addition":"right_triangle","1:category":"unpowered_craft_permitted","1:function":"information","2:category":"move_to_left","2:function":"regulation"}},"osm_tags":{"seamark:notice:1:addition":"right_triangle","seamark:notice:1:category":"unpowered_craft_permitted","seamark:notice:1:function":"information","seamark:notice:2:category":"move_to_left","seamark:notice:2:function":"regulation","seamark:type":"notice"}}},{"type":"Feature","geometry":{"type":"Point","coordinates":[12.552144,48.899708]},"properties":{"osm_id":2665056591,"osm_type":"node","seamark_type":"notice","display_class":"OTHER","min_zoom":12,"importance":1,"name":null,"ref":null,"common":{"type":"notice"},"children":{"notice":{"category":"telephone","function":"information"}},"osm_tags":{"seamark:notice:category":"telephone","seamark:notice:function":"information","seamark:type":"notice"}}},{"type":"Feature","geometry":{"type":"Point","coordinates":[12.555297,48.899734]},"properties":{"osm_id":2665056605,"osm_type":"node","seamark_type":"signal_station_traffic","display_class":"OTHER","min_zoom":12,"importance":1,"name":null,"ref":null,"common":{"type":"signal_station_traffic"},"children":{"signal_station_traffic":{"category":"lock"}},"osm_tags":{"seamark:signal_station_traffic:category":"lock","seamark:type":"signal_station_traffic"}}},{"type":"Feature","geometry":{"type":"Point","coordinates":[12.552145,48.899738]},"properties":{"osm_id":2665056609,"osm_type":"node","seamark_type":"signal_station_traffic","display_class":"OTHER","min_zoom":12,"importance":1,"name":null,"ref":null,"common":{"type":"signal_station_traffic"},"children":{"signal_station_traffic":{"category":"lock"}},"osm_tags":{"seamark:signal_station_traffic:category":"lock","seamark:type":"signal_station_traffic"}}},{"type":"Feature","geometry":{"type":"Point","coordinates":[12.551171,48.899742]},"properties":{"osm_id":2665056611,"osm_type":"node","seamark_type":"signal_station_traffic","display_class":"OTHER","min_zoom":12,"importance":1,"name":null,"ref":null,"common":{"type":"signal_station_traffic"},"children":{"signal_station_traffic":{"category":"lock"}},"osm_tags":{"seamark:signal_station_traffic:category":"lock","seamark:type":"signal_station_traffic"}}},{"type":"Feature","geometry":{"type":"Point","coordinates":[12.568967,48.899818]},"properties":{"osm_id":2665056662,"osm_type":"node","seamark_type":"mooring","display_class":"OTHER","min_zoom":12,"importance":1,"name":null,"ref":null,"common":{"type":"mooring"},"children":{"mooring":{"category":"dolphin"}},"osm_tags":{"seamark:mooring:category":"dolphin","seamark:type":"mooring"}}},{"type":"Feature","geometry":{"type":"Point","coordinates":[12.568562,48.899849]},"properties":{"osm_id":2665056671,"osm_type":"node","seamark_type":"mooring","display_class":"OTHER","min_zoom":12,"importance":1,"name":null,"ref":null,"common":{"type":"mooring"},"children":{"mooring":{"category":"dolphin"}},"osm_tags":{"seamark:mooring:category":"dolphin","seamark:type":"mooring"}}},{"type":"Feature","geometry":{"type":"Point","coordinates":[12.59175,48.899853]},"properties":{"osm_id":2665056673,"osm_type":"node","seamark_type":"buoy_lateral","display_class":"OTHER","min_zoom":12,"importance":1,"name":null,"ref":null,"common":{"type":"buoy_lateral"},"children":{"buoy_lateral":{"category":"channel_right","colour":"red","reflectivity":"reflector","shape":"can"}},"osm_tags":{"seamark:buoy_lateral:category":"channel_right","seamark:buoy_lateral:colour":"red","seamark:buoy_lateral:reflectivity":"reflector","seamark:buoy_lateral:shape":"can","seamark:type":"buoy_lateral"}}},{"type":"Feature","geometry":{"type":"Point","coordinates":[12.568156,48.899876]},"properties":{"osm_id":2665056679,"osm_type":"node","seamark_type":"mooring","display_class":"OTHER","min_zoom":12,"importance":1,"name":null,"ref":null,"common":{"type":"mooring"},"children":{"mooring":{"category":"dolphin"}},"osm_tags":{"seamark:mooring:category":"dolphin","seamark:type":"mooring"}}},{"type":"Feature","geometry":{"type":"Point","coordinates":[12.567745,48.899906]},"properties":{"osm_id":2665056689,"osm_type":"node","seamark_type":"mooring","display_class":"OTHER","min_zoom":12,"importance":1,"name":null,"ref":null,"common":{"type":"mooring"},"children":{"mooring":{"category":"dolphin"}},"osm_tags":{"seamark:mooring:category":"dolphin","seamark:type":"mooring"}}},{"type":"Feature","geometry":{"type":"Point","coordinates":[12.567342,48.899933]},"properties":{"osm_id":2665056699,"osm_type":"node","seamark_type":"mooring","display_class":"OTHER","min_zoom":12,"importance":1,"name":null,"ref":null,"common":{"type":"mooring"},"children":{"mooring":{"category":"dolphin"}},"osm_tags":{"seamark:mooring:category":"dolphin","seamark:type":"mooring"}}},{"type":"Feature","geometry":{"type":"Point","coordinates":[12.566934,48.899952]},"properties":{"osm_id":2665056729,"osm_type":"node","seamark_type":"mooring","display_class":"OTHER","min_zoom":12,"importance":1,"name":null,"ref":null,"common":{"type":"mooring"},"children":{"mooring":{"category":"dolphin"}},"osm_tags":{"seamark:mooring:category":"dolphin","seamark:type":"mooring"}}},{"type":"Feature","geometry":{"type":"Point","coordinates":[12.555305,48.899971]},"properties":{"osm_id":2665056764,"osm_type":"node","seamark_type":"signal_station_traffic","display_class":"OTHER","min_zoom":12,"importance":1,"name":null,"ref":null,"common":{"type":"signal_station_traffic"},"children":{"signal_station_traffic":{"category":"lock"}},"osm_tags":{"seamark:signal_station_traffic:category":"lock","seamark:type":"signal_station_traffic"}}},{"type":"Feature","geometry":{"type":"Point","coordinates":[12.569155,48.899986]},"properties":{"osm_id":2665056792,"osm_type":"node","seamark_type":"notice","display_class":"OTHER","min_zoom":12,"importance":1,"name":null,"ref":null,"common":{"type":"notice"},"children":{"notice":{"addition":"bottom_board;left_triangle","category":"no_berthing","function":"prohibition","information":"Koppelstelle für talfahrende Schubverbände"}},"osm_tags":{"seamark:notice:addition":"bottom_board;left_triangle","seamark:notice:category":"no_berthing","seamark:notice:function":"prohibition","seamark:notice:information":"Koppelstelle für talfahrende Schubverbände","seamark:type":"notice"}}},{"type":"Feature","geometry":{"type":"Point","coordinates":[12.556695,48.89999]},"properties":{"osm_id":2665056795,"osm_type":"node","seamark_type":"signal_station_traffic","display_class":"OTHER","min_zoom":12,"importance":1,"name":null,"ref":null,"common":{"type":"signal_station_traffic"},"children":{"signal_station_traffic":{"category":"lock"}},"osm_tags":{"seamark:signal_station_traffic:category":"lock","seamark:type":"signal_station_traffic"}}},{"type":"Feature","geometry":{"type":"Point","coordinates":[12.566529,48.89999]},"properties":{"osm_id":2665056798,"osm_type":"node","seamark_type":"mooring","display_class":"OTHER","min_zoom":12,"importance":1,"name":null,"ref":null,"common":{"type":"mooring"},"children":{"mooring":{"category":"dolphin"}},"osm_tags":{"seamark:mooring:category":"dolphin","seamark:type":"mooring"}}},{"type":"Feature","geometry":{"type":"Point","coordinates":[12.56612,48.900017]},"properties":{"osm_id":2665056823,"osm_type":"node","seamark_type":"mooring","display_class":"OTHER","min_zoom":12,"importance":1,"name":null,"ref":null,"common":{"type":"mooring"},"children":{"mooring":{"category":"dolphin"}},"osm_tags":{"seamark:mooring:category":"dolphin","seamark:type":"mooring"}}},{"type":"Feature","geometry":{"type":"Point","coordinates":[12.552156,48.900043]},"properties":{"osm_id":2665056851,"osm_type":"node","seamark_type":"signal_station_traffic","display_class":"OTHER","min_zoom":12,"importance":1,"name":null,"ref":null,"common":{"type":"signal_station_traffic"},"children":{"signal_station_traffic":{"category":"lock"}},"osm_tags":{"seamark:signal_station_traffic:category":"lock","seamark:type":"signal_station_traffic"}}},{"type":"Feature","geometry":{"type":"Point","coordinates":[12.557956,48.900196]},"properties":{"osm_id":2665056920,"osm_type":"node","seamark_type":"mooring","display_class":"OTHER","min_zoom":12,"importance":1,"name":null,"ref":null,"common":{"type":"mooring"},"children":{"mooring":{"category":"dolphin"}},"osm_tags":{"seamark:mooring:category":"dolphin","seamark:type":"mooring"}}},{"type":"Feature","geometry":{"type":"Point","coordinates":[12.558147,48.900196]},"properties":{"osm_id":2665056922,"osm_type":"node","seamark_type":"mooring","display_class":"OTHER","min_zoom":12,"importance":1,"name":null,"ref":null,"common":{"type":"mooring"},"children":{"mooring":{"category":"dolphin"}},"osm_tags":{"seamark:mooring:category":"dolphin","seamark:type":"mooring"}}},{"type":"Feature","geometry":{"type":"Point","coordinates":[12.5659685,48.9001986]},"properties":{"osm_id":2665056948,"osm_type":"node","seamark_type":"notice","display_class":"OTHER","min_zoom":12,"importance":1,"name":null,"ref":null,"common":{"type":"notice"},"children":{"notice":{"addition":"bottom_board;right_triangle","category":"no_berthing","function":"prohibition","information":"Koppelstelle für talfahrende Schubverbände"}},"osm_tags":{"seamark:notice:addition":"bottom_board;right_triangle","seamark:notice:category":"no_berthing","seamark:notice:function":"prohibition","seamark:notice:information":"Koppelstelle für talfahrende Schubverbände","seamark:type":"notice"}}},{"type":"Feature","geometry":{"type":"Point","coordinates":[12.593287,48.900318]},"properties":{"osm_id":2665056978,"osm_type":"node","seamark_type":"notice","display_class":"OTHER","min_zoom":12,"importance":1,"name":null,"ref":null,"common":{"type":"notice"},"children":{"notice":{"category":"no_anchoring","function":"prohibition"}},"osm_tags":{"seamark:notice:category":"no_anchoring","seamark:notice:function":"prohibition","seamark:type":"notice"}}},{"type":"Feature","geometry":{"type":"Point","coordinates":[12.557999,48.900349]},"properties":{"osm_id":2665056994,"osm_type":"node","seamark_type":"notice","display_class":"OTHER","min_zoom":12,"importance":1,"name":null,"ref":null,"common":{"type":"notice"},"children":{"notice":{"1:category":"telephone","1:function":"information","2:category":"berthing_permitted","2:function":"information"}},"osm_tags":{"seamark:notice:1:category":"telephone","seamark:notice:1:function":"information","seamark:notice:2:category":"berthing_permitted","seamark:notice:2:function":"information","seamark:type":"notice"}}},{"type":"Feature","geometry":{"type":"Point","coordinates":[12.549279,48.900562]},"properties":{"osm_id":2665057048,"osm_type":"node","seamark_type":"notice","display_class":"OTHER","min_zoom":12,"importance":1,"name":null,"ref":null,"common":{"type":"notice"},"children":{"notice":{"1:category":"berthing_permitted","1:function":"information","2:category":"telephone","2:function":"information"}},"osm_tags":{"seamark:notice:1:category":"berthing_permitted","seamark:notice:1:function":"information","seamark:notice:2:category":"telephone","seamark:notice:2:function":"information","seamark:type":"notice"}}},{"type":"Feature","geometry":{"type":"Point","coordinates":[12.591295,48.901104]},"properties":{"osm_id":2665057132,"osm_type":"node","seamark_type":"notice","display_class":"OTHER","min_zoom":12,"importance":1,"name":null,"ref":null,"common":{"type":"notice"},"children":{"notice":{"category":"no_anchoring","function":"prohibition"}},"osm_tags":{"seamark:notice:category":"no_anchoring","seamark:notice:function":"prohibition","seamark:type":"notice"}}},{"type":"Feature","geometry":{"type":"Point","coordinates":[12.593341,48.901279]},"properties":{"osm_id":2665057162,"osm_type":"node","seamark_type":"buoy_lateral","display_class":"OTHER","min_zoom":12,"importance":1,"name":null,"ref":null,"common":{"type":"buoy_lateral"},"children":{"buoy_lateral":{"category":"channel_right","colour":"red","reflectivity":"reflector","shape":"can"}},"osm_tags":{"seamark:buoy_lateral:category":"channel_right","seamark:buoy_lateral:colour":"red","seamark:buoy_lateral:reflectivity":"reflector","seamark:buoy_lateral:shape":"can","seamark:type":"buoy_lateral"}}},{"type":"Feature","geometry":{"type":"Point","coordinates":[12.014104,48.925972]},"properties":{"osm_id":2680543450,"osm_type":"node","seamark_type":"signal_station_traffic","display_class":"OTHER","min_zoom":12,"importance":1,"name":null,"ref":null,"common":{"type":"signal_station_traffic"},"children":{"signal_station_traffic":{"category":"lock"}},"osm_tags":{"seamark:signal_station_traffic:category":"lock","seamark:type":"signal_station_traffic"}}},{"type":"Feature","geometry":{"type":"Point","coordinates":[12.012972,48.925995]},"properties":{"osm_id":2680543456,"osm_type":"node","seamark_type":"notice","display_class":"OTHER","min_zoom":12,"importance":1,"name":null,"ref":null,"common":{"type":"notice"},"children":{"notice":{"category":"unpowered_craft_permitted","function":"information"}},"osm_tags":{"seamark:notice:category":"unpowered_craft_permitted","seamark:notice:function":"information","seamark:type":"notice"}}},{"type":"Feature","geometry":{"type":"Point","coordinates":[12.013257,48.926048]},"properties":{"osm_id":2680543462,"osm_type":"node","seamark_type":"notice","display_class":"OTHER","min_zoom":12,"importance":1,"name":null,"ref":null,"common":{"type":"notice"},"children":{"notice":{"category":"telephone","function":"information"}},"osm_tags":{"seamark:notice:category":"telephone","seamark:notice:function":"information","seamark:type":"notice"}}},{"type":"Feature","geometry":{"type":"Point","coordinates":[12.014609,48.92614]},"properties":{"osm_id":2680543475,"osm_type":"node","seamark_type":"notice","display_class":"OTHER","min_zoom":12,"importance":1,"name":null,"ref":null,"common":{"type":"notice"},"children":{"notice":{"1:addition":"left_triangle","1:category":"unpowered_craft_permitted","1:function":"information","2:addition":"bottom_board;right_triangle","2:category":"no_entry","2:function":"prohibition","2:information":"Achtung Lebensgefahr"}},"osm_tags":{"seamark:notice:1:addition":"left_triangle","seamark:notice:1:category":"unpowered_craft_permitted","seamark:notice:1:function":"information","seamark:notice:2:addition":"bottom_board;right_triangle","seamark:notice:2:category":"no_entry","seamark:notice:2:function":"prohibition","seamark:notice:2:information":"Achtung Lebensgefahr","seamark:type":"notice"}}},{"type":"Feature","geometry":{"type":"Point","coordinates":[12.013101,48.926155]},"properties":{"osm_id":2680543497,"osm_type":"node","seamark_type":"signal_station_traffic","display_class":"OTHER","min_zoom":12,"importance":1,"name":null,"ref":null,"common":{"type":"signal_station_traffic"},"children":{"signal_station_traffic":{"category":"lock"}},"osm_tags":{"seamark:signal_station_traffic:category":"lock","seamark:type":"signal_station_traffic"}}},{"type":"Feature","geometry":{"type":"Point","coordinates":[12.009408,48.926937]},"properties":{"osm_id":2680543545,"osm_type":"node","seamark_type":"notice","display_class":"OTHER","min_zoom":12,"importance":1,"name":null,"ref":null,"common":{"type":"notice"},"children":{"notice":{"category":"unpowered_craft_permitted","function":"information"}},"osm_tags":{"seamark:notice:category":"unpowered_craft_permitted","seamark:notice:function":"information","seamark:type":"notice"}}},{"type":"Feature","geometry":{"type":"Point","coordinates":[12.009376,48.927399]},"properties":{"osm_id":2680543772,"osm_type":"node","seamark_type":"buoy_special_purpose","display_class":"OTHER","min_zoom":12,"importance":1,"name":null,"ref":null,"common":{"conspicuity":"conspicuous","status":"permanent","type":"buoy_special_purpose"},"children":{"buoy_special_purpose":{"category":"no_entry","colour":"yellow","information":"Wasserflaeche gesperrt","reflectivity":"reflector","shape":"can"},"topmark":{"colour":"red;white;red","colour_pattern":"horizontal","shape":"cylinder"}},"osm_tags":{"seamark:buoy_special_purpose:category":"no_entry","seamark:buoy_special_purpose:colour":"yellow","seamark:buoy_special_purpose:information":"Wasserflaeche gesperrt","seamark:buoy_special_purpose:reflectivity":"reflector","seamark:buoy_special_purpose:shape":"can","seamark:conspicuity":"conspicuous","seamark:status":"permanent","seamark:topmark:colour":"red;white;red","seamark:topmark:colour_pattern":"horizontal","seamark:topmark:shape":"cylinder","seamark:type":"buoy_special_purpose"}}},{"type":"Feature","geometry":{"type":"Point","coordinates":[12.016188,48.927662]},"properties":{"osm_id":2680544038,"osm_type":"node","seamark_type":"notice","display_class":"OTHER","min_zoom":12,"importance":1,"name":null,"ref":null,"common":{"type":"notice"},"children":{"notice":{"addition":"bottom_board;left_triangle","category":"no_entry","function":"prohibition","information":"Achtung Lebensgefahr"}},"osm_tags":{"seamark:notice:addition":"bottom_board;left_triangle","seamark:notice:category":"no_entry","seamark:notice:function":"prohibition","seamark:notice:information":"Achtung Lebensgefahr","seamark:type":"notice"}}},{"type":"Feature","geometry":{"type":"Point","coordinates":[12.009817,48.92767]},"properties":{"osm_id":2680544049,"osm_type":"node","seamark_type":"buoy_special_purpose","display_class":"OTHER","min_zoom":12,"importance":1,"name":null,"ref":null,"common":{"conspicuity":"conspicuous","status":"permanent","type":"buoy_special_purpose"},"children":{"buoy_special_purpose":{"category":"no_entry","colour":"yellow","information":"Wasserflaeche gesperrt","reflectivity":"reflector","shape":"can"},"topmark":{"colour":"red;white;red","colour_pattern":"horizontal","shape":"cylinder"}},"osm_tags":{"seamark:buoy_special_purpose:category":"no_entry","seamark:buoy_special_purpose:colour":"yellow","seamark:buoy_special_purpose:information":"Wasserflaeche gesperrt","seamark:buoy_special_purpose:reflectivity":"reflector","seamark:buoy_special_purpose:shape":"can","seamark:conspicuity":"conspicuous","seamark:status":"permanent","seamark:topmark:colour":"red;white;red","seamark:topmark:colour_pattern":"horizontal","seamark:topmark:shape":"cylinder","seamark:type":"buoy_special_purpose"}}},{"type":"Feature","geometry":{"type":"Point","coordinates":[12.010938,48.927906]},"properties":{"osm_id":2680544155,"osm_type":"node","seamark_type":"notice","display_class":"OTHER","min_zoom":12,"importance":1,"name":null,"ref":null,"common":{"type":"notice"},"children":{"notice":{"category":"move_to_right","function":"regulation"}},"osm_tags":{"seamark:notice:category":"move_to_right","seamark:notice:function":"regulation","seamark:type":"notice"}}},{"type":"Feature","geometry":{"type":"Point","coordinates":[12.010267,48.927948]},"properties":{"osm_id":2680544178,"osm_type":"node","seamark_type":"buoy_special_purpose","display_class":"OTHER","min_zoom":12,"importance":1,"name":null,"ref":null,"common":{"conspicuity":"conspicuous","status":"permanent","type":"buoy_special_purpose"},"children":{"buoy_special_purpose":{"category":"no_entry","colour":"yellow","information":"Wasserflaeche gesperrt","reflectivity":"reflector","shape":"can"},"topmark":{"colour":"red;white;red","colour_pattern":"horizontal","shape":"cylinder"}},"osm_tags":{"seamark:buoy_special_purpose:category":"no_entry","seamark:buoy_special_purpose:colour":"yellow","seamark:buoy_special_purpose:information":"Wasserflaeche gesperrt","seamark:buoy_special_purpose:reflectivity":"reflector","seamark:buoy_special_purpose:shape":"can","seamark:conspicuity":"conspicuous","seamark:status":"permanent","seamark:topmark:colour":"red;white;red","seamark:topmark:colour_pattern":"horizontal","seamark:topmark:shape":"cylinder","seamark:type":"buoy_special_purpose"}}},{"type":"Feature","geometry":{"type":"Point","coordinates":[12.011091,48.928322]},"properties":{"osm_id":2680544332,"osm_type":"node","seamark_type":"mooring","display_class":"OTHER","min_zoom":12,"importance":1,"name":null,"ref":null,"common":{"type":"mooring"},"children":{"mooring":{"category":"dolphin"}},"osm_tags":{"seamark:mooring:category":"dolphin","seamark:type":"mooring"}}},{"type":"Feature","geometry":{"type":"Point","coordinates":[12.003613,48.928917]},"properties":{"osm_id":2680544377,"osm_type":"node","seamark_type":"notice","display_class":"OTHER","min_zoom":12,"importance":1,"name":null,"ref":null,"common":{"type":"notice"},"children":{"notice":{"1:category":"secondary_waterway_right","1:function":"information","2:category":"unpowered_craft_permitted","2:function":"information"}},"osm_tags":{"seamark:notice:1:category":"secondary_waterway_right","seamark:notice:1:function":"information","seamark:notice:2:category":"unpowered_craft_permitted","seamark:notice:2:function":"information","seamark:type":"notice"}}},{"type":"Feature","geometry":{"type":"Point","coordinates":[12.0119964,48.926392]},"properties":{"osm_id":2680601758,"osm_type":"node","seamark_type":"buoy_special_purpose","display_class":"OTHER","min_zoom":12,"importance":1,"name":null,"ref":null,"common":{"conspicuity":"conspicuous","status":"permanent","type":"buoy_special_purpose"},"children":{"buoy_special_purpose":{"category":"no_entry","colour":"yellow","information":"Wasserflaeche gesperrt","reflectivity":"reflector","shape":"can"},"topmark":{"colour":"red;white;red","colour_pattern":"horizontal","shape":"cylinder"}},"osm_tags":{"seamark:buoy_special_purpose:category":"no_entry","seamark:buoy_special_purpose:colour":"yellow","seamark:buoy_special_purpose:information":"Wasserflaeche gesperrt","seamark:buoy_special_purpose:reflectivity":"reflector","seamark:buoy_special_purpose:shape":"can","seamark:conspicuity":"conspicuous","seamark:status":"permanent","seamark:topmark:colour":"red;white;red","seamark:topmark:colour_pattern":"horizontal","seamark:topmark:shape":"cylinder","seamark:type":"buoy_special_purpose"}}},{"type":"Feature","geometry":{"type":"Point","coordinates":[12.011448,48.926601]},"properties":{"osm_id":2680601759,"osm_type":"node","seamark_type":"buoy_special_purpose","display_class":"OTHER","min_zoom":12,"importance":1,"name":null,"ref":null,"common":{"conspicuity":"conspicuous","status":"permanent","type":"buoy_special_purpose"},"children":{"buoy_special_purpose":{"category":"no_entry","colour":"yellow","information":"Wasserflaeche gesperrt","reflectivity":"reflector","shape":"can"},"topmark":{"colour":"red;white;red","colour_pattern":"horizontal","shape":"cylinder"}},"osm_tags":{"seamark:buoy_special_purpose:category":"no_entry","seamark:buoy_special_purpose:colour":"yellow","seamark:buoy_special_purpose:information":"Wasserflaeche gesperrt","seamark:buoy_special_purpose:reflectivity":"reflector","seamark:buoy_special_purpose:shape":"can","seamark:conspicuity":"conspicuous","seamark:status":"permanent","seamark:topmark:colour":"red;white;red","seamark:topmark:colour_pattern":"horizontal","seamark:topmark:shape":"cylinder","seamark:type":"buoy_special_purpose"}}},{"type":"Feature","geometry":{"type":"Point","coordinates":[12.010924,48.926804]},"properties":{"osm_id":2680601761,"osm_type":"node","seamark_type":"buoy_special_purpose","display_class":"OTHER","min_zoom":12,"importance":1,"name":null,"ref":null,"common":{"conspicuity":"conspicuous","status":"permanent","type":"buoy_special_purpose"},"children":{"buoy_special_purpose":{"category":"no_entry","colour":"yellow","information":"Wasserflaeche gesperrt","reflectivity":"reflector","shape":"can"},"topmark":{"colour":"red;white;red","colour_pattern":"horizontal","shape":"cylinder"}},"osm_tags":{"seamark:buoy_special_purpose:category":"no_entry","seamark:buoy_special_purpose:colour":"yellow","seamark:buoy_special_purpose:information":"Wasserflaeche gesperrt","seamark:buoy_special_purpose:reflectivity":"reflector","seamark:buoy_special_purpose:shape":"can","seamark:conspicuity":"conspicuous","seamark:status":"permanent","seamark:topmark:colour":"red;white;red","seamark:topmark:colour_pattern":"horizontal","seamark:topmark:shape":"cylinder","seamark:type":"buoy_special_purpose"}}},{"type":"Feature","geometry":{"type":"Point","coordinates":[12.011468,48.927666]},"properties":{"osm_id":2680601765,"osm_type":"node","seamark_type":"buoy_special_purpose","display_class":"OTHER","min_zoom":12,"importance":1,"name":null,"ref":null,"common":{"conspicuity":"conspicuous","status":"permanent","type":"buoy_special_purpose"},"children":{"buoy_special_purpose":{"category":"no_entry","colour":"yellow","information":"Wasserflaeche gesperrt","reflectivity":"reflector","shape":"can"},"topmark":{"colour":"red;white;red","colour_pattern":"horizontal","shape":"cylinder"}},"osm_tags":{"seamark:buoy_special_purpose:category":"no_entry","seamark:buoy_special_purpose:colour":"yellow","seamark:buoy_special_purpose:information":"Wasserflaeche gesperrt","seamark:buoy_special_purpose:reflectivity":"reflector","seamark:buoy_special_purpose:shape":"can","seamark:conspicuity":"conspicuous","seamark:status":"permanent","seamark:topmark:colour":"red;white;red","seamark:topmark:colour_pattern":"horizontal","seamark:topmark:shape":"cylinder","seamark:type":"buoy_special_purpose"}}},{"type":"Feature","geometry":{"type":"Point","coordinates":[12.01126,48.927769]},"properties":{"osm_id":2680601766,"osm_type":"node","seamark_type":"buoy_special_purpose","display_class":"OTHER","min_zoom":12,"importance":1,"name":null,"ref":null,"common":{"conspicuity":"conspicuous","status":"permanent","type":"buoy_special_purpose"},"children":{"buoy_special_purpose":{"category":"no_entry","colour":"yellow","information":"Wasserflaeche gesperrt","reflectivity":"reflector","shape":"can"},"topmark":{"colour":"red;white;red","colour_pattern":"horizontal","shape":"cylinder"}},"osm_tags":{"seamark:buoy_special_purpose:category":"no_entry","seamark:buoy_special_purpose:colour":"yellow","seamark:buoy_special_purpose:information":"Wasserflaeche gesperrt","seamark:buoy_special_purpose:reflectivity":"reflector","seamark:buoy_special_purpose:shape":"can","seamark:conspicuity":"conspicuous","seamark:status":"permanent","seamark:topmark:colour":"red;white;red","seamark:topmark:colour_pattern":"horizontal","seamark:topmark:shape":"cylinder","seamark:type":"buoy_special_purpose"}}},{"type":"Feature","geometry":{"type":"Point","coordinates":[12.016993,48.927799]},"properties":{"osm_id":2683248197,"osm_type":"node","seamark_type":"notice","display_class":"OTHER","min_zoom":12,"importance":1,"name":null,"ref":null,"common":{"type":"notice"},"children":{"notice":{"category":"unpowered_craft_permitted","function":"information"}},"osm_tags":{"seamark:notice:category":"unpowered_craft_permitted","seamark:notice:function":"information","seamark:type":"notice"}}},{"type":"Feature","geometry":{"type":"Point","coordinates":[12.017875,48.928818]},"properties":{"osm_id":2683248280,"osm_type":"node","seamark_type":"notice","display_class":"OTHER","min_zoom":12,"importance":1,"name":null,"ref":null,"common":{"type":"notice"},"children":{"notice":{"addition":"bottom_board","category":"keep_lookout","function":"regulation","information":"Talfahrer haben Vorrang"}},"osm_tags":{"seamark:notice:addition":"bottom_board","seamark:notice:category":"keep_lookout","seamark:notice:function":"regulation","seamark:notice:information":"Talfahrer haben Vorrang","seamark:type":"notice"}}},{"type":"Feature","geometry":{"type":"Point","coordinates":[12.041586,48.932552]},"properties":{"osm_id":2683248540,"osm_type":"node","seamark_type":"landmark","display_class":"OTHER","min_zoom":12,"importance":1,"name":null,"ref":null,"common":{"type":"landmark"},"children":{"landmark":{"category":"tower","conspicuity":"conspicuous","function":"church"}},"osm_tags":{"seamark:landmark:category":"tower","seamark:landmark:conspicuity":"conspicuous","seamark:landmark:function":"church","seamark:type":"landmark"}}},{"type":"Feature","geometry":{"type":"Point","coordinates":[12.0249996,48.9406248]},"properties":{"osm_id":2683249126,"osm_type":"node","seamark_type":"notice","display_class":"OTHER","min_zoom":12,"importance":1,"name":null,"ref":null,"common":{"type":"notice"},"children":{"notice":{"1:category":"prohibition_ends","1:function":"information","2:addition":"bottom_board","2:category":"keep_lookout","2:function":"regulation","2:information":"Querströmung","3:category":"no_passing","3:function":"prohibition","4:category":"move_to_port","4:function":"regulation"}},"osm_tags":{"seamark:notice:1:category":"prohibition_ends","seamark:notice:1:function":"information","seamark:notice:2:addition":"bottom_board","seamark:notice:2:category":"keep_lookout","seamark:notice:2:function":"regulation","seamark:notice:2:information":"Querströmung","seamark:notice:3:category":"no_passing","seamark:notice:3:function":"prohibition","seamark:notice:4:category":"move_to_port","seamark:notice:4:function":"regulation","seamark:type":"notice"}}},{"type":"Feature","geometry":{"type":"Point","coordinates":[12.021091,48.943657]},"properties":{"osm_id":2683249273,"osm_type":"node","seamark_type":"buoy_special_purpose","display_class":"OTHER","min_zoom":12,"importance":1,"name":null,"ref":null,"common":{"type":"buoy_special_purpose"},"children":{"buoy_special_purpose":{"category":"no_entry","colour":"yellow","information":"Wasserflaeche gesperrt","reflectivity":"reflector","shape":"can"},"topmark":{"colour":"red;white;red","colour_pattern":"horizontal","shape":"cylinder"}},"osm_tags":{"seamark:buoy_special_purpose:category":"no_entry","seamark:buoy_special_purpose:colour":"yellow","seamark:buoy_special_purpose:information":"Wasserflaeche gesperrt","seamark:buoy_special_purpose:reflectivity":"reflector","seamark:buoy_special_purpose:shape":"can","seamark:topmark:colour":"red;white;red","seamark:topmark:colour_pattern":"horizontal","seamark:topmark:shape":"cylinder","seamark:type":"buoy_special_purpose"}}},{"type":"Feature","geometry":{"type":"Point","coordinates":[12.020928,48.943722]},"properties":{"osm_id":2683249279,"osm_type":"node","seamark_type":"buoy_special_purpose","display_class":"OTHER","min_zoom":12,"importance":1,"name":null,"ref":null,"common":{"type":"buoy_special_purpose"},"children":{"buoy_special_purpose":{"category":"no_entry","colour":"yellow","information":"Wasserflaeche gesperrt","reflectivity":"reflector","shape":"can"},"topmark":{"colour":"red;white;red","colour_pattern":"horizontal","shape":"cylinder"}},"osm_tags":{"seamark:buoy_special_purpose:category":"no_entry","seamark:buoy_special_purpose:colour":"yellow","seamark:buoy_special_purpose:information":"Wasserflaeche gesperrt","seamark:buoy_special_purpose:reflectivity":"reflector","seamark:buoy_special_purpose:shape":"can","seamark:topmark:colour":"red;white;red","seamark:topmark:colour_pattern":"horizontal","seamark:topmark:shape":"cylinder","seamark:type":"buoy_special_purpose"}}},{"type":"Feature","geometry":{"type":"Point","coordinates":[12.020752,48.943794]},"properties":{"osm_id":2683249284,"osm_type":"node","seamark_type":"buoy_special_purpose","display_class":"OTHER","min_zoom":12,"importance":1,"name":null,"ref":null,"common":{"type":"buoy_special_purpose"},"children":{"buoy_special_purpose":{"category":"no_entry","colour":"yellow","information":"Wasserflaeche gesperrt","reflectivity":"reflector","shape":"can"},"topmark":{"colour":"red;white;red","colour_pattern":"horizontal","shape":"cylinder"}},"osm_tags":{"seamark:buoy_special_purpose:category":"no_entry","seamark:buoy_special_purpose:colour":"yellow","seamark:buoy_special_purpose:information":"Wasserflaeche gesperrt","seamark:buoy_special_purpose:reflectivity":"reflector","seamark:buoy_special_purpose:shape":"can","seamark:topmark:colour":"red;white;red","seamark:topmark:colour_pattern":"horizontal","seamark:topmark:shape":"cylinder","seamark:type":"buoy_special_purpose"}}},{"type":"Feature","geometry":{"type":"Point","coordinates":[12.018563,48.943977]},"properties":{"osm_id":2683249328,"osm_type":"node","seamark_type":"notice","display_class":"OTHER","min_zoom":12,"importance":1,"name":null,"ref":null,"common":{"type":"notice"},"children":{"notice":{"1:category":"no_passing","1:function":"prohibition","2:addition":"bottom_board","2:category":"keep_lookout","2:function":"regulation","2:information":"Querströmung"}},"osm_tags":{"seamark:notice:1:category":"no_passing","seamark:notice:1:function":"prohibition","seamark:notice:2:addition":"bottom_board","seamark:notice:2:category":"keep_lookout","seamark:notice:2:function":"regulation","seamark:notice:2:information":"Querströmung","seamark:type":"notice"}}},{"type":"Feature","geometry":{"type":"Point","coordinates":[12.018843,48.944511]},"properties":{"osm_id":2683249373,"osm_type":"node","seamark_type":"notice","display_class":"OTHER","min_zoom":12,"importance":1,"name":null,"ref":null,"common":{"type":"notice"},"children":{"notice":{"1:category":"prohibition_ends","1:function":"information","2:addition":"right_triangle","2:category":"sport_craft_permitted","2:function":"information","3:category":"move_to_starboard","3:function":"regulation"}},"osm_tags":{"seamark:notice:1:category":"prohibition_ends","seamark:notice:1:function":"information","seamark:notice:2:addition":"right_triangle","seamark:notice:2:category":"sport_craft_permitted","seamark:notice:2:function":"information","seamark:notice:3:category":"move_to_starboard","seamark:notice:3:function":"regulation","seamark:type":"notice"}}},{"type":"Feature","geometry":{"type":"Point","coordinates":[12.018527,48.944771]},"properties":{"osm_id":2683249390,"osm_type":"node","seamark_type":"notice","display_class":"OTHER","min_zoom":12,"importance":1,"name":null,"ref":null,"common":{"type":"notice"},"children":{"notice":{"category":"no_entry","function":"prohibition"}},"osm_tags":{"seamark:notice:category":"no_entry","seamark:notice:function":"prohibition","seamark:type":"notice"}}},{"type":"Feature","geometry":{"type":"Point","coordinates":[12.018137,48.944866]},"properties":{"osm_id":2683249394,"osm_type":"node","seamark_type":"notice","display_class":"OTHER","min_zoom":12,"importance":1,"name":null,"ref":null,"common":{"type":"notice"},"children":{"notice":{"category":"telephone","function":"information"}},"osm_tags":{"seamark:notice:category":"telephone","seamark:notice:function":"information","seamark:type":"notice"}}},{"type":"Feature","geometry":{"type":"Point","coordinates":[12.016493,48.945431]},"properties":{"osm_id":2683249431,"osm_type":"node","seamark_type":"notice","display_class":"OTHER","min_zoom":12,"importance":1,"name":null,"ref":null,"common":{"type":"notice"},"children":{"notice":{"category":"telephone","function":"information"}},"osm_tags":{"seamark:notice:category":"telephone","seamark:notice:function":"information","seamark:type":"notice"}}},{"type":"Feature","geometry":{"type":"Point","coordinates":[12.016806,48.945568]},"properties":{"osm_id":2683249450,"osm_type":"node","seamark_type":"signal_station_warning","display_class":"OTHER","min_zoom":12,"importance":1,"name":null,"ref":null,"common":{"type":"signal_station_warning"},"children":{"signal_station_warning":{"category":"vertical_clearance"}},"osm_tags":{"seamark:signal_station_warning:category":"vertical_clearance","seamark:type":"signal_station_warning"}}},{"type":"Feature","geometry":{"type":"Point","coordinates":[12.016544,48.945633]},"properties":{"osm_id":2683249457,"osm_type":"node","seamark_type":"signal_station_warning","display_class":"OTHER","min_zoom":12,"importance":1,"name":null,"ref":null,"common":{"type":"signal_station_warning"},"children":{"signal_station_warning":{"category":"vertical_clearance"}},"osm_tags":{"seamark:signal_station_warning:category":"vertical_clearance","seamark:type":"signal_station_warning"}}},{"type":"Feature","geometry":{"type":"Point","coordinates":[12.016634,48.945637]},"properties":{"osm_id":2683249458,"osm_type":"node","seamark_type":"notice","display_class":"OTHER","min_zoom":12,"importance":1,"name":null,"ref":null,"common":{"type":"notice"},"children":{"notice":{"1:category":"limited_headroom","1:function":"restriction","1:information":"Brückenpegel im Unterwasser ablesen","1:orientation":"358.04","2:category":"no_entry","2:function":"prohibition","2:orientation":"15.65"}},"osm_tags":{"seamark:notice:1:category":"limited_headroom","seamark:notice:1:function":"restriction","seamark:notice:1:information":"Brückenpegel im Unterwasser ablesen","seamark:notice:1:orientation":"358.04","seamark:notice:2:category":"no_entry","seamark:notice:2:function":"prohibition","seamark:notice:2:orientation":"15.65","seamark:type":"notice"}}},{"type":"Feature","geometry":{"type":"Point","coordinates":[12.014518,48.946064]},"properties":{"osm_id":2683249481,"osm_type":"node","seamark_type":"signal_station_traffic","display_class":"OTHER","min_zoom":12,"importance":1,"name":null,"ref":null,"common":{"type":"signal_station_traffic"},"children":{"signal_station_traffic":{"category":"lock"}},"osm_tags":{"seamark:signal_station_traffic:category":"lock","seamark:type":"signal_station_traffic"}}},{"type":"Feature","geometry":{"type":"Point","coordinates":[12.016686,48.946121]},"properties":{"osm_id":2683249488,"osm_type":"node","seamark_type":"notice","display_class":"OTHER","min_zoom":12,"importance":1,"name":null,"ref":null,"common":{"type":"notice"},"children":{"notice":{"addition":"bottom_board","category":"no_motor_craft","function":"prohibition","information":"Ausgenommen Motorfahrzeuge mit Sondergenehmigung"}},"osm_tags":{"seamark:notice:addition":"bottom_board","seamark:notice:category":"no_motor_craft","seamark:notice:function":"prohibition","seamark:notice:information":"Ausgenommen Motorfahrzeuge mit Sondergenehmigung","seamark:type":"notice"}}},{"type":"Feature","geometry":{"type":"Point","coordinates":[12.013706,48.946144]},"properties":{"osm_id":2683249494,"osm_type":"node","seamark_type":"notice","display_class":"OTHER","min_zoom":12,"importance":1,"name":null,"ref":null,"common":{"type":"notice"},"children":{"notice":{"addition":"top_board","category":"no_passing","function":"prohibition","information":"400"}},"osm_tags":{"seamark:notice:addition":"top_board","seamark:notice:category":"no_passing","seamark:notice:function":"prohibition","seamark:notice:information":"400","seamark:type":"notice"}}},{"type":"Feature","geometry":{"type":"Point","coordinates":[12.013713,48.946152]},"properties":{"osm_id":2683249500,"osm_type":"node","seamark_type":"notice","display_class":"OTHER","min_zoom":12,"importance":1,"name":null,"ref":null,"common":{"type":"notice"},"children":{"notice":{"category":"telephone","function":"information"}},"osm_tags":{"seamark:notice:category":"telephone","seamark:notice:function":"information","seamark:type":"notice"}}},{"type":"Feature","geometry":{"type":"Point","coordinates":[12.016532,48.946236]},"properties":{"osm_id":2683249511,"osm_type":"node","seamark_type":"notice","display_class":"OTHER","min_zoom":12,"importance":1,"name":null,"ref":null,"common":{"type":"notice"},"children":{"notice":{"1:addition":"left_triangle","1:category":"unpowered_craft_permitted","1:function":"information","2:addition":"right_triangle","2:category":"sport_craft_permitted","2:function":"information"}},"osm_tags":{"seamark:notice:1:addition":"left_triangle","seamark:notice:1:category":"unpowered_craft_permitted","seamark:notice:1:function":"information","seamark:notice:2:addition":"right_triangle","seamark:notice:2:category":"sport_craft_permitted","seamark:notice:2:function":"information","seamark:type":"notice"}}},{"type":"Feature","geometry":{"type":"Point","coordinates":[12.01142,48.947208]},"properties":{"osm_id":2683249561,"osm_type":"node","seamark_type":"signal_station_traffic","display_class":"OTHER","min_zoom":12,"importance":1,"name":null,"ref":null,"common":{"type":"signal_station_traffic"},"children":{"signal_station_traffic":{"category":"lock"}},"osm_tags":{"seamark:signal_station_traffic:category":"lock","seamark:type":"signal_station_traffic"}}},{"type":"Feature","geometry":{"type":"Point","coordinates":[12.011003,48.947212]},"properties":{"osm_id":2683249562,"osm_type":"node","seamark_type":"signal_station_traffic","display_class":"OTHER","min_zoom":12,"importance":1,"name":null,"ref":null,"common":{"type":"signal_station_traffic"},"children":{"signal_station_traffic":{"category":"lock"}},"osm_tags":{"seamark:signal_station_traffic:category":"lock","seamark:type":"signal_station_traffic"}}},{"type":"Feature","geometry":{"type":"Point","coordinates":[12.00962,48.947502]},"properties":{"osm_id":2683249601,"osm_type":"node","seamark_type":"notice","display_class":"OTHER","min_zoom":12,"importance":1,"name":null,"ref":null,"common":{"type":"notice"},"children":{"notice":{"addition":"bottom_board","category":"no_berthing","function":"prohibition","information":"Ausgenommen WSV Fahrzeuge"}},"osm_tags":{"seamark:notice:addition":"bottom_board","seamark:notice:category":"no_berthing","seamark:notice:function":"prohibition","seamark:notice:information":"Ausgenommen WSV Fahrzeuge","seamark:type":"notice"}}},{"type":"Feature","geometry":{"type":"Point","coordinates":[12.008109,48.948666]},"properties":{"osm_id":2683249651,"osm_type":"node","seamark_type":"notice","display_class":"OTHER","min_zoom":12,"importance":1,"name":null,"ref":null,"common":{"type":"notice"},"children":{"notice":{"category":"telephone","function":"information"}},"osm_tags":{"seamark:notice:category":"telephone","seamark:notice:function":"information","seamark:type":"notice"}}},{"type":"Feature","geometry":{"type":"Point","coordinates":[12.006688,48.94949]},"properties":{"osm_id":2683249735,"osm_type":"node","seamark_type":"landmark","display_class":"OTHER","min_zoom":12,"importance":1,"name":null,"ref":null,"common":{"type":"landmark"},"children":{"landmark":{"category":"monument","conspicuity":"conspicuous"}},"osm_tags":{"seamark:landmark:category":"monument","seamark:landmark:conspicuity":"conspicuous","seamark:type":"landmark"}}},{"type":"Feature","geometry":{"type":"Point","coordinates":[12.004852,48.949841]},"properties":{"osm_id":2683249776,"osm_type":"node","seamark_type":"notice","display_class":"OTHER","min_zoom":12,"importance":1,"name":null,"ref":null,"common":{"type":"notice"},"children":{"notice":{"category":"secondary_waterway_right","function":"information"}},"osm_tags":{"seamark:notice:category":"secondary_waterway_right","seamark:notice:function":"information","seamark:type":"notice"}}},{"type":"Feature","geometry":{"type":"Point","coordinates":[12.0001107,48.9499386]},"properties":{"osm_id":2683249783,"osm_type":"node","seamark_type":"buoy_lateral","display_class":"OTHER","min_zoom":12,"importance":1,"name":null,"ref":null,"common":{"type":"buoy_lateral"},"children":{"buoy_lateral":{"category":"channel_separation","colour":"red;green","colour_pattern":"horizontal","reflectivity":"reflector","shape":"spherical"}},"osm_tags":{"seamark:buoy_lateral:category":"channel_separation","seamark:buoy_lateral:colour":"red;green","seamark:buoy_lateral:colour_pattern":"horizontal","seamark:buoy_lateral:reflectivity":"reflector","seamark:buoy_lateral:shape":"spherical","seamark:type":"buoy_lateral"}}},{"type":"Feature","geometry":{"type":"Point","coordinates":[12.00404,48.949986]},"properties":{"osm_id":2683249790,"osm_type":"node","seamark_type":"notice","display_class":"OTHER","min_zoom":12,"importance":1,"name":null,"ref":null,"common":{"type":"notice"},"children":{"notice":{"addition":"bottom_board","category":"move_to_right","function":"regulation","information":"Ausgenommen Kleinfahrzeuge und Fahrgastschiffe"}},"osm_tags":{"seamark:notice:addition":"bottom_board","seamark:notice:category":"move_to_right","seamark:notice:function":"regulation","seamark:notice:information":"Ausgenommen Kleinfahrzeuge und Fahrgastschiffe","seamark:type":"notice"}}},{"type":"Feature","geometry":{"type":"Point","coordinates":[12.03686,48.97694]},"properties":{"osm_id":2683250563,"osm_type":"node","seamark_type":"buoy_lateral","display_class":"OTHER","min_zoom":12,"importance":1,"name":null,"ref":null,"common":{"type":"buoy_lateral"},"children":{"buoy_lateral":{"category":"channel_right","colour":"red","reflectivity":"reflector","shape":"can"}},"osm_tags":{"seamark:buoy_lateral:category":"channel_right","seamark:buoy_lateral:colour":"red","seamark:buoy_lateral:reflectivity":"reflector","seamark:buoy_lateral:shape":"can","seamark:type":"buoy_lateral"}}},{"type":"Feature","geometry":{"type":"Point","coordinates":[12.0224786,48.9304639]},"properties":{"osm_id":2683328186,"osm_type":"node","seamark_type":"distance_mark","display_class":"OTHER","min_zoom":12,"importance":1,"name":null,"ref":null,"common":{"type":"distance_mark"},"children":{"distance_mark":{"category":"not_installed","distance":"2401","units":"kilometres"}},"osm_tags":{"seamark:distance_mark:category":"not_installed","seamark:distance_mark:distance":"2401","seamark:distance_mark:units":"kilometres","seamark:type":"distance_mark"}}},{"type":"Feature","geometry":{"type":"Point","coordinates":[12.0255998,48.9387902]},"properties":{"osm_id":2683328188,"osm_type":"node","seamark_type":"distance_mark","display_class":"OTHER","min_zoom":12,"importance":1,"name":null,"ref":null,"common":{"type":"distance_mark"},"children":{"distance_mark":{"category":"not_installed","distance":"2400","units":"kilometres"}},"osm_tags":{"seamark:distance_mark:category":"not_installed","seamark:distance_mark:distance":"2400","seamark:distance_mark:units":"kilometres","seamark:type":"distance_mark"}}},{"type":"Feature","geometry":{"type":"Point","coordinates":[12.0179195,48.9685926]},"properties":{"osm_id":2683328190,"osm_type":"node","seamark_type":"distance_mark","display_class":"OTHER","min_zoom":12,"importance":1,"name":null,"ref":null,"common":{"type":"distance_mark"},"children":{"distance_mark":{"category":"not_installed","distance":"2392","units":"kilometres"}},"osm_tags":{"seamark:distance_mark:category":"not_installed","seamark:distance_mark:distance":"2392","seamark:distance_mark:units":"kilometres","seamark:type":"distance_mark"}}},{"type":"Feature","geometry":{"type":"Point","coordinates":[12.003589,48.9658708]},"properties":{"osm_id":2683332014,"osm_type":"node","seamark_type":"notice","display_class":"OTHER","min_zoom":12,"importance":1,"name":null,"ref":null,"common":{"type":"notice"},"children":{"notice":{"category":"ferry_non_independent"}},"osm_tags":{"obstacle":"ferry","obstacle_name":"Wagenfähre Matting","seamark:notice:category":"ferry_non_independent","seamark:type":"notice"}}},{"type":"Feature","geometry":{"type":"Point","coordinates":[12.039885,48.980965]},"properties":{"osm_id":2683517573,"osm_type":"node","seamark_type":"buoy_lateral","display_class":"OTHER","min_zoom":12,"importance":1,"name":null,"ref":null,"common":{"type":"buoy_lateral"},"children":{"buoy_lateral":{"category":"channel_left","colour":"green","reflectivity":"reflector","shape":"conical"}},"osm_tags":{"seamark:buoy_lateral:category":"channel_left","seamark:buoy_lateral:colour":"green","seamark:buoy_lateral:reflectivity":"reflector","seamark:buoy_lateral:shape":"conical","seamark:type":"buoy_lateral"}}},{"type":"Feature","geometry":{"type":"Point","coordinates":[12.044287,48.987946]},"properties":{"osm_id":2683517659,"osm_type":"node","seamark_type":"notice","display_class":"OTHER","min_zoom":12,"importance":1,"name":null,"ref":null,"common":{"type":"notice"},"children":{"notice":{"1:category":"radio_information","1:function":"information","1:information":"19","2:category":"radio_information","2:function":"information","2:information":"21"}},"osm_tags":{"seamark:notice:1:category":"radio_information","seamark:notice:1:function":"information","seamark:notice:1:information":"19","seamark:notice:2:category":"radio_information","seamark:notice:2:function":"information","seamark:notice:2:information":"21","seamark:type":"notice"}}},{"type":"Feature","geometry":{"type":"Point","coordinates":[12.044807,48.988941]},"properties":{"osm_id":2683517681,"osm_type":"node","seamark_type":"daymark","display_class":"OTHER","min_zoom":12,"importance":1,"name":null,"ref":null,"common":{"type":"daymark"},"children":{"daymark":{"colour":"green","shape":"cone, point up"}},"osm_tags":{"seamark:daymark:colour":"green","seamark:daymark:shape":"cone, point up","seamark:type":"daymark"}}},{"type":"Feature","geometry":{"type":"Point","coordinates":[12.044964,48.989471]},"properties":{"osm_id":2683517692,"osm_type":"node","seamark_type":"daymark","display_class":"OTHER","min_zoom":12,"importance":1,"name":null,"ref":null,"common":{"type":"daymark"},"children":{"daymark":{"colour":"green","shape":"cone, point up"}},"osm_tags":{"seamark:daymark:colour":"green","seamark:daymark:shape":"cone, point up","seamark:type":"daymark"}}},{"type":"Feature","geometry":{"type":"Point","coordinates":[12.045098,48.990437]},"properties":{"osm_id":2683517710,"osm_type":"node","seamark_type":"daymark","display_class":"OTHER","min_zoom":12,"importance":1,"name":null,"ref":null,"common":{"type":"daymark"},"children":{"daymark":{"colour":"green","shape":"cone, point up"}},"osm_tags":{"seamark:daymark:colour":"green","seamark:daymark:shape":"cone, point up","seamark:type":"daymark"}}},{"type":"Feature","geometry":{"type":"Point","coordinates":[12.04408,48.993042]},"properties":{"osm_id":2683517756,"osm_type":"node","seamark_type":"mooring","display_class":"OTHER","min_zoom":12,"importance":1,"name":null,"ref":null,"common":{"type":"mooring"},"children":{"mooring":{"category":"dolphin"}},"osm_tags":{"seamark:mooring:category":"dolphin","seamark:type":"mooring"}}},{"type":"Feature","geometry":{"type":"Point","coordinates":[12.044024,48.99313]},"properties":{"osm_id":2683517758,"osm_type":"node","seamark_type":"mooring","display_class":"OTHER","min_zoom":12,"importance":1,"name":null,"ref":null,"common":{"type":"mooring"},"children":{"mooring":{"category":"dolphin"}},"osm_tags":{"seamark:mooring:category":"dolphin","seamark:type":"mooring"}}},{"type":"Feature","geometry":{"type":"Point","coordinates":[12.043964,48.993225]},"properties":{"osm_id":2683517762,"osm_type":"node","seamark_type":"mooring","display_class":"OTHER","min_zoom":12,"importance":1,"name":null,"ref":null,"common":{"type":"mooring"},"children":{"mooring":{"category":"dolphin"}},"osm_tags":{"seamark:mooring:category":"dolphin","seamark:type":"mooring"}}},{"type":"Feature","geometry":{"type":"Point","coordinates":[12.043918,48.993298]},"properties":{"osm_id":2683517764,"osm_type":"node","seamark_type":"mooring","display_class":"OTHER","min_zoom":12,"importance":1,"name":null,"ref":null,"common":{"type":"mooring"},"children":{"mooring":{"category":"dolphin"}},"osm_tags":{"seamark:mooring:category":"dolphin","seamark:type":"mooring"}}},{"type":"Feature","geometry":{"type":"Point","coordinates":[12.04386,48.993382]},"properties":{"osm_id":2683517767,"osm_type":"node","seamark_type":"mooring","display_class":"OTHER","min_zoom":12,"importance":1,"name":null,"ref":null,"common":{"type":"mooring"},"children":{"mooring":{"category":"dolphin"}},"osm_tags":{"seamark:mooring:category":"dolphin","seamark:type":"mooring"}}},{"type":"Feature","geometry":{"type":"Point","coordinates":[12.043807,48.993465]},"properties":{"osm_id":2683517770,"osm_type":"node","seamark_type":"mooring","display_class":"OTHER","min_zoom":12,"importance":1,"name":null,"ref":null,"common":{"type":"mooring"},"children":{"mooring":{"category":"dolphin"}},"osm_tags":{"seamark:mooring:category":"dolphin","seamark:type":"mooring"}}},{"type":"Feature","geometry":{"type":"Point","coordinates":[12.044925,48.987133]},"properties":{"osm_id":2683522697,"osm_type":"node","seamark_type":"buoy_lateral","display_class":"OTHER","min_zoom":12,"importance":1,"name":null,"ref":null,"common":{"type":"buoy_lateral"},"children":{"buoy_lateral":{"category":"channel_left","colour":"green","reflectivity":"reflector","shape":"conical"}},"osm_tags":{"seamark:buoy_lateral:category":"channel_left","seamark:buoy_lateral:colour":"green","seamark:buoy_lateral:reflectivity":"reflector","seamark:buoy_lateral:shape":"conical","seamark:type":"buoy_lateral"}}},{"type":"Feature","geometry":{"type":"Point","coordinates":[12.5923193,48.9006775]},"properties":{"osm_id":2703952666,"osm_type":"node","seamark_type":"distance_mark","display_class":"OTHER","min_zoom":12,"importance":1,"name":null,"ref":null,"common":{"type":"distance_mark"},"children":{"distance_mark":{"category":"not_installed","distance":"2321","units":"kilometres"}},"osm_tags":{"distance":"2321","seamark:distance_mark:category":"not_installed","seamark:distance_mark:distance":"2321","seamark:distance_mark:units":"kilometres","seamark:type":"distance_mark"}}},{"type":"Feature","geometry":{"type":"Point","coordinates":[12.538299,48.898575]},"properties":{"osm_id":2703962066,"osm_type":"node","seamark_type":"notice","display_class":"OTHER","min_zoom":12,"importance":1,"name":null,"ref":null,"common":{"type":"notice"},"children":{"notice":{"addition":"bottom_board;right_triangle","category":"no_berthing","function":"prohibition","information":"Ausgenommen für die Dauer der PKW-Umsetzung, ausgenommen von 22:00 bis 6:00 Uhr"}},"osm_tags":{"seamark:notice:addition":"bottom_board;right_triangle","seamark:notice:category":"no_berthing","seamark:notice:function":"prohibition","seamark:notice:information":"Ausgenommen für die Dauer der PKW-Umsetzung, ausgenommen von 22:00 bis 6:00 Uhr","seamark:type":"notice"}}},{"type":"Feature","geometry":{"type":"Point","coordinates":[12.538392,48.898724]},"properties":{"osm_id":2703962085,"osm_type":"node","seamark_type":"mooring","display_class":"OTHER","min_zoom":12,"importance":1,"name":null,"ref":null,"common":{"type":"mooring"},"children":{"mooring":{"category":"dolphin"}},"osm_tags":{"seamark:mooring:category":"dolphin","seamark:type":"mooring"}}},{"type":"Feature","geometry":{"type":"Point","coordinates":[12.538291,48.898758]},"properties":{"osm_id":2703962088,"osm_type":"node","seamark_type":"mooring","display_class":"OTHER","min_zoom":12,"importance":1,"name":null,"ref":null,"common":{"type":"mooring"},"children":{"mooring":{"category":"dolphin"}},"osm_tags":{"seamark:mooring:category":"dolphin","seamark:type":"mooring"}}},{"type":"Feature","geometry":{"type":"Point","coordinates":[12.538035,48.898857]},"properties":{"osm_id":2703962091,"osm_type":"node","seamark_type":"mooring","display_class":"OTHER","min_zoom":12,"importance":1,"name":null,"ref":null,"common":{"type":"mooring"},"children":{"mooring":{"category":"dolphin"}},"osm_tags":{"seamark:mooring:category":"dolphin","seamark:type":"mooring"}}},{"type":"Feature","geometry":{"type":"Point","coordinates":[12.53768,48.898987]},"properties":{"osm_id":2703962097,"osm_type":"node","seamark_type":"mooring","display_class":"OTHER","min_zoom":12,"importance":1,"name":null,"ref":null,"common":{"type":"mooring"},"children":{"mooring":{"category":"dolphin"}},"osm_tags":{"seamark:mooring:category":"dolphin","seamark:type":"mooring"}}},{"type":"Feature","geometry":{"type":"Point","coordinates":[12.537324,48.89912]},"properties":{"osm_id":2703962103,"osm_type":"node","seamark_type":"mooring","display_class":"OTHER","min_zoom":12,"importance":1,"name":null,"ref":null,"common":{"type":"mooring"},"children":{"mooring":{"category":"dolphin"}},"osm_tags":{"seamark:mooring:category":"dolphin","seamark:type":"mooring"}}},{"type":"Feature","geometry":{"type":"Point","coordinates":[12.536661,48.89917]},"properties":{"osm_id":2703962105,"osm_type":"node","seamark_type":"notice","display_class":"OTHER","min_zoom":12,"importance":1,"name":null,"ref":null,"common":{"type":"notice"},"children":{"notice":{"1:addition":"right_triangle","1:category":"berthing_unmarked_non-pushing","1:function":"information","2:addition":"bottom_board;left_triangle","2:category":"no_berthing","2:function":"prohibition","2:information":"Ausgenommen für die Dauer der PKW-Umsetzung, ausgenommen von 22:00 bis 6:00 Uhr","3:addition":"bottom_board","3:category":"berthing_lateral_limit","3:function":"information","3:information":"IV, max. 48 m"}},"osm_tags":{"seamark:notice:1:addition":"right_triangle","seamark:notice:1:category":"berthing_unmarked_non-pushing","seamark:notice:1:function":"information","seamark:notice:2:addition":"bottom_board;left_triangle","seamark:notice:2:category":"no_berthing","seamark:notice:2:function":"prohibition","seamark:notice:2:information":"Ausgenommen für die Dauer der PKW-Umsetzung, ausgenommen von 22:00 bis 6:00 Uhr","seamark:notice:3:addition":"bottom_board","seamark:notice:3:category":"berthing_lateral_limit","seamark:notice:3:function":"information","seamark:notice:3:information":"IV, max. 48 m","seamark:type":"notice"}}},{"type":"Feature","geometry":{"type":"Point","coordinates":[12.536969,48.899254]},"properties":{"osm_id":2703962111,"osm_type":"node","seamark_type":"mooring","display_class":"OTHER","min_zoom":12,"importance":1,"name":null,"ref":null,"common":{"type":"mooring"},"children":{"mooring":{"category":"dolphin"}},"osm_tags":{"seamark:mooring:category":"dolphin","seamark:type":"mooring"}}},{"type":"Feature","geometry":{"type":"Point","coordinates":[12.536612,48.899387]},"properties":{"osm_id":2703962125,"osm_type":"node","seamark_type":"mooring","display_class":"OTHER","min_zoom":12,"importance":1,"name":null,"ref":null,"common":{"type":"mooring"},"children":{"mooring":{"category":"dolphin"}},"osm_tags":{"seamark:mooring:category":"dolphin","seamark:type":"mooring"}}},{"type":"Feature","geometry":{"type":"Point","coordinates":[12.536259,48.899521]},"properties":{"osm_id":2703962137,"osm_type":"node","seamark_type":"mooring","display_class":"OTHER","min_zoom":12,"importance":1,"name":null,"ref":null,"common":{"type":"mooring"},"children":{"mooring":{"category":"dolphin"}},"osm_tags":{"seamark:mooring:category":"dolphin","seamark:type":"mooring"}}},{"type":"Feature","geometry":{"type":"Point","coordinates":[12.535902,48.899651]},"properties":{"osm_id":2703962158,"osm_type":"node","seamark_type":"mooring","display_class":"OTHER","min_zoom":12,"importance":1,"name":null,"ref":null,"common":{"type":"mooring"},"children":{"mooring":{"category":"dolphin"}},"osm_tags":{"seamark:mooring:category":"dolphin","seamark:type":"mooring"}}},{"type":"Feature","geometry":{"type":"Point","coordinates":[12.535545,48.899784]},"properties":{"osm_id":2703962164,"osm_type":"node","seamark_type":"mooring","display_class":"OTHER","min_zoom":12,"importance":1,"name":null,"ref":null,"common":{"type":"mooring"},"children":{"mooring":{"category":"dolphin"}},"osm_tags":{"seamark:mooring:category":"dolphin","seamark:type":"mooring"}}},{"type":"Feature","geometry":{"type":"Point","coordinates":[12.534904,48.899872]},"properties":{"osm_id":2703962168,"osm_type":"node","seamark_type":"notice","display_class":"OTHER","min_zoom":12,"importance":1,"name":null,"ref":null,"common":{"type":"notice"},"children":{"notice":{"1:addition":"top_board;left_triangle","1:category":"berthing_unmarked_non-pushing","1:function":"information","1:information":"nur für Güterschifffahrt","2:category":"berthing_unmarked_pushing","2:function":"information","2:information":"Nur mit ausgebrachtem Anker, nur für Güterschifffahrt"}},"osm_tags":{"seamark:notice:1:addition":"top_board;left_triangle","seamark:notice:1:category":"berthing_unmarked_non-pushing","seamark:notice:1:function":"information","seamark:notice:1:information":"nur für Güterschifffahrt","seamark:notice:2:category":"berthing_unmarked_pushing","seamark:notice:2:function":"information","seamark:notice:2:information":"Nur mit ausgebrachtem Anker, nur für Güterschifffahrt","seamark:type":"notice"}}},{"type":"Feature","geometry":{"type":"Point","coordinates":[12.53519,48.899918]},"properties":{"osm_id":2703962173,"osm_type":"node","seamark_type":"mooring","display_class":"OTHER","min_zoom":12,"importance":1,"name":null,"ref":null,"common":{"type":"mooring"},"children":{"mooring":{"category":"dolphin"}},"osm_tags":{"seamark:mooring:category":"dolphin","seamark:type":"mooring"}}},{"type":"Feature","geometry":{"type":"Point","coordinates":[12.534728,48.900112]},"properties":{"osm_id":2703962186,"osm_type":"node","seamark_type":"mooring","display_class":"OTHER","min_zoom":12,"importance":1,"name":null,"ref":null,"common":{"type":"mooring"},"children":{"mooring":{"category":"dolphin"}},"osm_tags":{"seamark:mooring:category":"dolphin","seamark:type":"mooring"}}},{"type":"Feature","geometry":{"type":"Point","coordinates":[12.534384,48.900261]},"properties":{"osm_id":2703962192,"osm_type":"node","seamark_type":"mooring","display_class":"OTHER","min_zoom":12,"importance":1,"name":null,"ref":null,"common":{"type":"mooring"},"children":{"mooring":{"category":"dolphin"}},"osm_tags":{"seamark:mooring:category":"dolphin","seamark:type":"mooring"}}},{"type":"Feature","geometry":{"type":"Point","coordinates":[12.534045,48.90041]},"properties":{"osm_id":2703962204,"osm_type":"node","seamark_type":"mooring","display_class":"OTHER","min_zoom":12,"importance":1,"name":null,"ref":null,"common":{"type":"mooring"},"children":{"mooring":{"category":"dolphin"}},"osm_tags":{"seamark:mooring:category":"dolphin","seamark:type":"mooring"}}},{"type":"Feature","geometry":{"type":"Point","coordinates":[12.533703,48.900558]},"properties":{"osm_id":2703962226,"osm_type":"node","seamark_type":"mooring","display_class":"OTHER","min_zoom":12,"importance":1,"name":null,"ref":null,"common":{"type":"mooring"},"children":{"mooring":{"category":"dolphin"}},"osm_tags":{"seamark:mooring:category":"dolphin","seamark:type":"mooring"}}},{"type":"Feature","geometry":{"type":"Point","coordinates":[12.533364,48.900707]},"properties":{"osm_id":2703962247,"osm_type":"node","seamark_type":"mooring","display_class":"OTHER","min_zoom":12,"importance":1,"name":null,"ref":null,"common":{"type":"mooring"},"children":{"mooring":{"category":"dolphin"}},"osm_tags":{"seamark:mooring:category":"dolphin","seamark:type":"mooring"}}},{"type":"Feature","geometry":{"type":"Point","coordinates":[12.533021,48.900856]},"properties":{"osm_id":2703962260,"osm_type":"node","seamark_type":"mooring","display_class":"OTHER","min_zoom":12,"importance":1,"name":null,"ref":null,"common":{"type":"mooring"},"children":{"mooring":{"category":"dolphin"}},"osm_tags":{"seamark:mooring:category":"dolphin","seamark:type":"mooring"}}},{"type":"Feature","geometry":{"type":"Point","coordinates":[12.532682,48.901005]},"properties":{"osm_id":2703962274,"osm_type":"node","seamark_type":"mooring","display_class":"OTHER","min_zoom":12,"importance":1,"name":null,"ref":null,"common":{"type":"mooring"},"children":{"mooring":{"category":"dolphin"}},"osm_tags":{"seamark:mooring:category":"dolphin","seamark:type":"mooring"}}},{"type":"Feature","geometry":{"type":"Point","coordinates":[12.532168,48.901062]},"properties":{"osm_id":2703962279,"osm_type":"node","seamark_type":"notice","display_class":"OTHER","min_zoom":12,"importance":1,"name":null,"ref":null,"common":{"type":"notice"},"children":{"notice":{"1:addition":"bottom_board","1:category":"berth_rafting_limit","1:function":"information","1:information":"IV, max. 48 m","2:addition":"bottom_board","2:category":"berthing_unmarked_pushing","2:function":"information","2:information":"Nur mit ausgebrachtem Anker"}},"osm_tags":{"seamark:notice:1:addition":"bottom_board","seamark:notice:1:category":"berth_rafting_limit","seamark:notice:1:function":"information","seamark:notice:1:information":"IV, max. 48 m","seamark:notice:2:addition":"bottom_board","seamark:notice:2:category":"berthing_unmarked_pushing","seamark:notice:2:function":"information","seamark:notice:2:information":"Nur mit ausgebrachtem Anker","seamark:type":"notice"}}},{"type":"Feature","geometry":{"type":"Point","coordinates":[12.532342,48.901154]},"properties":{"osm_id":2703962287,"osm_type":"node","seamark_type":"mooring","display_class":"OTHER","min_zoom":12,"importance":1,"name":null,"ref":null,"common":{"type":"mooring"},"children":{"mooring":{"category":"dolphin"}},"osm_tags":{"seamark:mooring:category":"dolphin","seamark:type":"mooring"}}},{"type":"Feature","geometry":{"type":"Point","coordinates":[12.524989,48.904922]},"properties":{"osm_id":2703962462,"osm_type":"node","seamark_type":"notice","display_class":"OTHER","min_zoom":12,"importance":1,"name":null,"ref":null,"common":{"type":"notice"},"children":{"notice":{"category":"radio_information","function":"information","information":"18"}},"osm_tags":{"seamark:notice:category":"radio_information","seamark:notice:function":"information","seamark:notice:information":"18","seamark:type":"notice"}}},{"type":"Feature","geometry":{"type":"Point","coordinates":[12.516374,48.917522]},"properties":{"osm_id":2703962659,"osm_type":"node","seamark_type":"notice","display_class":"OTHER","min_zoom":12,"importance":1,"name":null,"ref":null,"common":{"type":"notice"},"children":{"notice":{"category":"no_entry","distance_up":"1280","function":"prohibition","information":"1280"}},"osm_tags":{"seamark:notice:category":"no_entry","seamark:notice:distance_up":"1280","seamark:notice:function":"prohibition","seamark:notice:information":"1280","seamark:type":"notice"}}},{"type":"Feature","geometry":{"type":"Point","coordinates":[12.516479,48.917553]},"properties":{"osm_id":2703962661,"osm_type":"node","seamark_type":"notice","display_class":"OTHER","min_zoom":12,"importance":1,"name":null,"ref":null,"common":{"type":"notice"},"children":{"notice":{"addition":"right_triangle","category":"no_entry","function":"prohibition"}},"osm_tags":{"seamark:notice:addition":"right_triangle","seamark:notice:category":"no_entry","seamark:notice:function":"prohibition","seamark:type":"notice"}}},{"type":"Feature","geometry":{"type":"Point","coordinates":[12.510121,48.929096]},"properties":{"osm_id":2703963077,"osm_type":"node","seamark_type":"notice","display_class":"OTHER","min_zoom":12,"importance":1,"name":null,"ref":null,"common":{"type":"notice"},"children":{"notice":{"addition":"right_triangle","category":"no_entry","distance_down":"1280","function":"prohibition","information":"1280"}},"osm_tags":{"seamark:notice:addition":"right_triangle","seamark:notice:category":"no_entry","seamark:notice:distance_down":"1280","seamark:notice:function":"prohibition","seamark:notice:information":"1280","seamark:type":"notice"}}},{"type":"Feature","geometry":{"type":"Point","coordinates":[12.510209,48.929104]},"properties":{"osm_id":2703963081,"osm_type":"node","seamark_type":"notice","display_class":"OTHER","min_zoom":12,"importance":1,"name":null,"ref":null,"common":{"type":"notice"},"children":{"notice":{"addition":"left_triangle","category":"no_entry","function":"prohibition"}},"osm_tags":{"seamark:notice:addition":"left_triangle","seamark:notice:category":"no_entry","seamark:notice:function":"prohibition","seamark:type":"notice"}}},{"type":"Feature","geometry":{"type":"Point","coordinates":[12.528858,48.9044045]},"properties":{"osm_id":2703992832,"osm_type":"node","seamark_type":"distance_mark","display_class":"OTHER","min_zoom":12,"importance":1,"name":null,"ref":null,"common":{"type":"distance_mark"},"children":{"distance_mark":{"category":"not_installed","distance":"2332","units":"kilometres"}},"osm_tags":{"seamark:distance_mark:category":"not_installed","seamark:distance_mark:distance":"2332","seamark:distance_mark:units":"kilometres","seamark:type":"distance_mark"}}},{"type":"Feature","geometry":{"type":"Point","coordinates":[12.5196368,48.9109791]},"properties":{"osm_id":2703992834,"osm_type":"node","seamark_type":"distance_mark","display_class":"OTHER","min_zoom":12,"importance":1,"name":null,"ref":null,"common":{"type":"distance_mark"},"children":{"distance_mark":{"category":"not_installed","distance":"2333","units":"kilometres"}},"osm_tags":{"seamark:distance_mark:category":"not_installed","seamark:distance_mark:distance":"2333","seamark:distance_mark:units":"kilometres","seamark:type":"distance_mark"}}},{"type":"Feature","geometry":{"type":"Point","coordinates":[12.5139876,48.919163]},"properties":{"osm_id":2703992836,"osm_type":"node","seamark_type":"distance_mark","display_class":"OTHER","min_zoom":12,"importance":1,"name":null,"ref":null,"common":{"type":"distance_mark"},"children":{"distance_mark":{"category":"not_installed","distance":"2334","units":"kilometres"}},"osm_tags":{"seamark:distance_mark:category":"not_installed","seamark:distance_mark:distance":"2334","seamark:distance_mark:units":"kilometres","seamark:type":"distance_mark"}}},{"type":"Feature","geometry":{"type":"Point","coordinates":[12.410156,48.980473]},"properties":{"osm_id":2704115766,"osm_type":"node","seamark_type":"buoy_lateral","display_class":"OTHER","min_zoom":12,"importance":1,"name":null,"ref":null,"common":{"type":"buoy_lateral"},"children":{"buoy_lateral":{"category":"channel_right","colour":"red","reflectivity":"reflector","shape":"can"}},"osm_tags":{"seamark:buoy_lateral:category":"channel_right","seamark:buoy_lateral:colour":"red","seamark:buoy_lateral:reflectivity":"reflector","seamark:buoy_lateral:shape":"can","seamark:type":"buoy_lateral"}}},{"type":"Feature","geometry":{"type":"Point","coordinates":[12.408088,48.981369]},"properties":{"osm_id":2704115801,"osm_type":"node","seamark_type":"buoy_lateral","display_class":"OTHER","min_zoom":12,"importance":1,"name":null,"ref":null,"common":{"type":"buoy_lateral"},"children":{"buoy_lateral":{"category":"channel_right","colour":"red","reflectivity":"reflector","shape":"can"}},"osm_tags":{"seamark:buoy_lateral:category":"channel_right","seamark:buoy_lateral:colour":"red","seamark:buoy_lateral:reflectivity":"reflector","seamark:buoy_lateral:shape":"can","seamark:type":"buoy_lateral"}}},{"type":"Feature","geometry":{"type":"Point","coordinates":[12.40668,48.98164]},"properties":{"osm_id":2704115819,"osm_type":"node","seamark_type":"buoy_lateral","display_class":"OTHER","min_zoom":12,"importance":1,"name":null,"ref":null,"common":{"type":"buoy_lateral"},"children":{"buoy_lateral":{"category":"channel_right","colour":"red","reflectivity":"reflector","shape":"can"}},"osm_tags":{"seamark:buoy_lateral:category":"channel_right","seamark:buoy_lateral:colour":"red","seamark:buoy_lateral:reflectivity":"reflector","seamark:buoy_lateral:shape":"can","seamark:type":"buoy_lateral"}}},{"type":"Feature","geometry":{"type":"Point","coordinates":[12.4852121,48.9598051]},"properties":{"osm_id":2704117381,"osm_type":"node","seamark_type":"distance_mark","display_class":"OTHER","min_zoom":12,"importance":1,"name":null,"ref":null,"common":{"type":"distance_mark"},"children":{"distance_mark":{"category":"not_installed","distance":"2341","units":"kilometres"}},"osm_tags":{"seamark:distance_mark:category":"not_installed","seamark:distance_mark:distance":"2341","seamark:distance_mark:units":"kilometres","seamark:type":"distance_mark"}}},{"type":"Feature","geometry":{"type":"Point","coordinates":[12.4552241,48.9669903]},"properties":{"osm_id":2704117387,"osm_type":"node","seamark_type":"distance_mark","display_class":"OTHER","min_zoom":12,"importance":1,"name":null,"ref":null,"common":{"type":"distance_mark"},"children":{"distance_mark":{"category":"not_installed","distance":"2345","units":"kilometres"}},"osm_tags":{"seamark:distance_mark:category":"not_installed","seamark:distance_mark:distance":"2345","seamark:distance_mark:units":"kilometres","seamark:type":"distance_mark"}}},{"type":"Feature","geometry":{"type":"Point","coordinates":[12.4305478,48.9736818]},"properties":{"osm_id":2704117389,"osm_type":"node","seamark_type":"distance_mark","display_class":"OTHER","min_zoom":12,"importance":1,"name":null,"ref":null,"common":{"type":"distance_mark"},"children":{"distance_mark":{"category":"not_installed","distance":"2347","units":"kilometres"}},"osm_tags":{"seamark:distance_mark:category":"not_installed","seamark:distance_mark:distance":"2347","seamark:distance_mark:units":"kilometres","seamark:type":"distance_mark"}}},{"type":"Feature","geometry":{"type":"Point","coordinates":[12.3808724,48.9780988]},"properties":{"osm_id":2704190607,"osm_type":"node","seamark_type":"distance_mark","display_class":"OTHER","min_zoom":12,"importance":1,"name":null,"ref":null,"common":{"type":"distance_mark"},"children":{"distance_mark":{"category":"not_installed","distance":"2351","units":"kilometres"}},"osm_tags":{"seamark:distance_mark:category":"not_installed","seamark:distance_mark:distance":"2351","seamark:distance_mark:units":"kilometres","seamark:type":"distance_mark"}}},{"type":"Feature","geometry":{"type":"Point","coordinates":[12.3445914,48.9958234]},"properties":{"osm_id":2704190619,"osm_type":"node","seamark_type":"distance_mark","display_class":"OTHER","min_zoom":12,"importance":1,"name":null,"ref":null,"common":{"type":"distance_mark"},"children":{"distance_mark":{"category":"not_installed","distance":"2358","units":"kilometres"}},"osm_tags":{"seamark:distance_mark:category":"not_installed","seamark:distance_mark:distance":"2358","seamark:distance_mark:units":"kilometres","seamark:type":"distance_mark"}}},{"type":"Feature","geometry":{"type":"Point","coordinates":[12.356928,48.975441]},"properties":{"osm_id":2710855140,"osm_type":"node","seamark_type":"notice","display_class":"OTHER","min_zoom":12,"importance":1,"name":null,"ref":null,"common":{"type":"notice"},"children":{"notice":{"category":"opening_to_right","function":"recommendation","orientation":"288.77"}},"osm_tags":{"seamark:notice:category":"opening_to_right","seamark:notice:function":"recommendation","seamark:notice:orientation":"288.77","seamark:type":"notice"}}},{"type":"Feature","geometry":{"type":"Point","coordinates":[12.356771,48.975479]},"properties":{"osm_id":2710855144,"osm_type":"node","seamark_type":"notice","display_class":"OTHER","min_zoom":12,"importance":1,"name":null,"ref":null,"common":{"type":"notice"},"children":{"notice":{"category":"opening_to_left","function":"recommendation","orientation":"108.98"}},"osm_tags":{"seamark:notice:category":"opening_to_left","seamark:notice:function":"recommendation","seamark:notice:orientation":"108.98","seamark:type":"notice"}}},{"type":"Feature","geometry":{"type":"Point","coordinates":[12.335312,48.975582]},"properties":{"osm_id":2710855155,"osm_type":"node","seamark_type":"notice","display_class":"OTHER","min_zoom":12,"importance":1,"name":null,"ref":null,"common":{"type":"notice"},"children":{"notice":{"addition":"bottom_board","category":"no_entry","function":"prohibition","information":"Achtung Lebensgefahr"}},"osm_tags":{"seamark:notice:addition":"bottom_board","seamark:notice:category":"no_entry","seamark:notice:function":"prohibition","seamark:notice:information":"Achtung Lebensgefahr","seamark:type":"notice"}}},{"type":"Feature","geometry":{"type":"Point","coordinates":[12.357165,48.975895]},"properties":{"osm_id":2710855181,"osm_type":"node","seamark_type":"notice","display_class":"OTHER","min_zoom":12,"importance":1,"name":null,"ref":null,"common":{"type":"notice"},"children":{"notice":{"category":"opening_to_left","function":"recommendation","orientation":"288.75"}},"osm_tags":{"seamark:notice:category":"opening_to_left","seamark:notice:function":"recommendation","seamark:notice:orientation":"288.75","seamark:type":"notice"}}},{"type":"Feature","geometry":{"type":"Point","coordinates":[12.357009,48.975929]},"properties":{"osm_id":2710855184,"osm_type":"node","seamark_type":"notice","display_class":"OTHER","min_zoom":12,"importance":1,"name":null,"ref":null,"common":{"type":"notice"},"children":{"notice":{"category":"opening_to_right","function":"recommendation","orientation":"108.95"}},"osm_tags":{"seamark:notice:category":"opening_to_right","seamark:notice:function":"recommendation","seamark:notice:orientation":"108.95","seamark:type":"notice"}}},{"type":"Feature","geometry":{"type":"Point","coordinates":[12.350595,48.97617]},"properties":{"osm_id":2710855219,"osm_type":"node","seamark_type":"notice","display_class":"OTHER","min_zoom":12,"importance":1,"name":null,"ref":null,"common":{"type":"notice"},"children":{"notice":{"1:category":"move_to_right","1:function":"regulation","2:addition":"left_triangle","2:category":"unpowered_craft_permitted","2:function":"information"}},"osm_tags":{"seamark:notice:1:category":"move_to_right","seamark:notice:1:function":"regulation","seamark:notice:2:addition":"left_triangle","seamark:notice:2:category":"unpowered_craft_permitted","seamark:notice:2:function":"information","seamark:type":"notice"}}},{"type":"Feature","geometry":{"type":"Point","coordinates":[12.349906,48.976238]},"properties":{"osm_id":2710855230,"osm_type":"node","seamark_type":"notice","display_class":"OTHER","min_zoom":12,"importance":1,"name":null,"ref":null,"common":{"type":"notice"},"children":{"notice":{"category":"telephone","function":"information"}},"osm_tags":{"seamark:notice:category":"telephone","seamark:notice:function":"information","seamark:type":"notice"}}},{"type":"Feature","geometry":{"type":"Point","coordinates":[12.345803,48.976864]},"properties":{"osm_id":2710855310,"osm_type":"node","seamark_type":"signal_station_traffic","display_class":"OTHER","min_zoom":12,"importance":1,"name":null,"ref":null,"common":{"type":"signal_station_traffic"},"children":{"signal_station_traffic":{"category":"lock"}},"osm_tags":{"seamark:signal_station_traffic:category":"lock","seamark:type":"signal_station_traffic"}}},{"type":"Feature","geometry":{"type":"Point","coordinates":[12.351654,48.977013]},"properties":{"osm_id":2710855330,"osm_type":"node","seamark_type":"notice","display_class":"OTHER","min_zoom":12,"importance":1,"name":null,"ref":null,"common":{"type":"notice"},"children":{"notice":{"addition":"top_board;bottom_board","category":"no_passing","distance_down":"1000","function":"prohibition","information":"Für und mit Verbänden, 1000"}},"osm_tags":{"seamark:notice:addition":"top_board;bottom_board","seamark:notice:category":"no_passing","seamark:notice:distance_down":"1000","seamark:notice:function":"prohibition","seamark:notice:information":"Für und mit Verbänden, 1000","seamark:type":"notice"}}},{"type":"Feature","geometry":{"type":"Point","coordinates":[12.347059,48.977135]},"properties":{"osm_id":2710855348,"osm_type":"node","seamark_type":"signal_station_traffic","display_class":"OTHER","min_zoom":12,"importance":1,"name":null,"ref":null,"common":{"type":"signal_station_traffic"},"children":{"signal_station_traffic":{"category":"lock"}},"osm_tags":{"seamark:signal_station_traffic:category":"lock","seamark:type":"signal_station_traffic"}}},{"type":"Feature","geometry":{"type":"Point","coordinates":[12.345878,48.977184]},"properties":{"osm_id":2710855363,"osm_type":"node","seamark_type":"signal_station_traffic","display_class":"OTHER","min_zoom":12,"importance":1,"name":null,"ref":null,"common":{"type":"signal_station_traffic"},"children":{"signal_station_traffic":{"category":"lock"}},"osm_tags":{"seamark:signal_station_traffic:category":"lock","seamark:type":"signal_station_traffic"}}},{"type":"Feature","geometry":{"type":"Point","coordinates":[12.348083,48.977219]},"properties":{"osm_id":2710855370,"osm_type":"node","seamark_type":"mooring","display_class":"OTHER","min_zoom":12,"importance":1,"name":null,"ref":null,"common":{"type":"mooring"},"children":{"mooring":{"category":"dolphin"}},"osm_tags":{"seamark:mooring:category":"dolphin","seamark:type":"mooring"}}},{"type":"Feature","geometry":{"type":"Point","coordinates":[12.34235,48.977234]},"properties":{"osm_id":2710855372,"osm_type":"node","seamark_type":"signal_station_traffic","display_class":"OTHER","min_zoom":12,"importance":1,"name":null,"ref":null,"common":{"type":"signal_station_traffic"},"children":{"signal_station_traffic":{"category":"lock"}},"osm_tags":{"seamark:signal_station_traffic:category":"lock","seamark:type":"signal_station_traffic"}}},{"type":"Feature","geometry":{"type":"Point","coordinates":[12.341365,48.977314]},"properties":{"osm_id":2710855388,"osm_type":"node","seamark_type":"signal_station_traffic","display_class":"OTHER","min_zoom":12,"importance":1,"name":null,"ref":null,"common":{"type":"signal_station_traffic"},"children":{"signal_station_traffic":{"category":"lock"}},"osm_tags":{"seamark:signal_station_traffic:category":"lock","seamark:type":"signal_station_traffic"}}},{"type":"Feature","geometry":{"type":"Point","coordinates":[12.34814,48.977375]},"properties":{"osm_id":2710855404,"osm_type":"node","seamark_type":"notice","display_class":"OTHER","min_zoom":12,"importance":1,"name":null,"ref":null,"common":{"type":"notice"},"children":{"notice":{"addition":"bottom_board","category":"berthing_permitted","function":"information"}},"osm_tags":{"seamark:notice:addition":"bottom_board","seamark:notice:category":"berthing_permitted","seamark:notice:function":"information","seamark:type":"notice"}}},{"type":"Feature","geometry":{"type":"Point","coordinates":[12.34242,48.977535]},"properties":{"osm_id":2710855421,"osm_type":"node","seamark_type":"signal_station_traffic","display_class":"OTHER","min_zoom":12,"importance":1,"name":null,"ref":null,"common":{"type":"signal_station_traffic"},"children":{"signal_station_traffic":{"category":"lock"}},"osm_tags":{"seamark:signal_station_traffic:category":"lock","seamark:type":"signal_station_traffic"}}},{"type":"Feature","geometry":{"type":"Point","coordinates":[12.336349,48.977539]},"properties":{"osm_id":2710855422,"osm_type":"node","seamark_type":"notice","display_class":"OTHER","min_zoom":12,"importance":1,"name":null,"ref":null,"common":{"type":"notice"},"children":{"notice":{"1:category":"move_to_right","1:function":"regulation","2:addition":"right_triangle","2:category":"unpowered_craft_permitted","2:function":"information"}},"osm_tags":{"seamark:notice:1:category":"move_to_right","seamark:notice:1:function":"regulation","seamark:notice:2:addition":"right_triangle","seamark:notice:2:category":"unpowered_craft_permitted","seamark:notice:2:function":"information","seamark:type":"notice"}}},{"type":"Feature","geometry":{"type":"Point","coordinates":[12.340212,48.978043]},"properties":{"osm_id":2710855469,"osm_type":"node","seamark_type":"landmark","display_class":"OTHER","min_zoom":12,"importance":1,"name":null,"ref":null,"common":{"type":"landmark"},"children":{"landmark":{"category":"windsock","conspicuity":"conspicuous"}},"osm_tags":{"aeroway":"windsock","seamark:landmark:category":"windsock","seamark:landmark:conspicuity":"conspicuous","seamark:type":"landmark"}}},{"type":"Feature","geometry":{"type":"Point","coordinates":[12.339651,48.978325]},"properties":{"osm_id":2710855512,"osm_type":"node","seamark_type":"notice","display_class":"OTHER","min_zoom":12,"importance":1,"name":null,"ref":null,"common":{"type":"notice"},"children":{"notice":{"addition":"bottom_board","category":"berthing_permitted","function":"information"}},"osm_tags":{"seamark:notice:addition":"bottom_board","seamark:notice:category":"berthing_permitted","seamark:notice:function":"information","seamark:type":"notice"}}},{"type":"Feature","geometry":{"type":"Point","coordinates":[12.3396,48.978367]},"properties":{"osm_id":2710855524,"osm_type":"node","seamark_type":"notice","display_class":"OTHER","min_zoom":12,"importance":1,"name":null,"ref":null,"common":{"type":"notice"},"children":{"notice":{"category":"telephone","function":"information"}},"osm_tags":{"seamark:notice:category":"telephone","seamark:notice:function":"information","seamark:type":"notice"}}},{"type":"Feature","geometry":{"type":"Point","coordinates":[12.382235,48.978462]},"properties":{"osm_id":2710855561,"osm_type":"node","seamark_type":"buoy_lateral","display_class":"OTHER","min_zoom":12,"importance":1,"name":null,"ref":null,"common":{"type":"buoy_lateral"},"children":{"buoy_lateral":{"category":"channel_right","colour":"red","reflectivity":"reflector","shape":"can"}},"osm_tags":{"seamark:buoy_lateral:category":"channel_right","seamark:buoy_lateral:colour":"red","seamark:buoy_lateral:reflectivity":"reflector","seamark:buoy_lateral:shape":"can","seamark:type":"buoy_lateral"}}},{"type":"Feature","geometry":{"type":"Point","coordinates":[12.38396,48.979313]},"properties":{"osm_id":2710855738,"osm_type":"node","seamark_type":"buoy_lateral","display_class":"OTHER","min_zoom":12,"importance":1,"name":null,"ref":null,"common":{"type":"buoy_lateral"},"children":{"buoy_lateral":{"category":"channel_right","colour":"red","reflectivity":"reflector","shape":"can"}},"osm_tags":{"seamark:buoy_lateral:category":"channel_right","seamark:buoy_lateral:colour":"red","seamark:buoy_lateral:reflectivity":"reflector","seamark:buoy_lateral:shape":"can","seamark:type":"buoy_lateral"}}},{"type":"Feature","geometry":{"type":"Point","coordinates":[12.386355,48.979736]},"properties":{"osm_id":2710855850,"osm_type":"node","seamark_type":"buoy_lateral","display_class":"OTHER","min_zoom":12,"importance":1,"name":null,"ref":null,"common":{"type":"buoy_lateral"},"children":{"buoy_lateral":{"category":"channel_right","colour":"red","reflectivity":"reflector","shape":"can"}},"osm_tags":{"seamark:buoy_lateral:category":"channel_right","seamark:buoy_lateral:colour":"red","seamark:buoy_lateral:reflectivity":"reflector","seamark:buoy_lateral:shape":"can","seamark:type":"buoy_lateral"}}},{"type":"Feature","geometry":{"type":"Point","coordinates":[12.389563,48.981094]},"properties":{"osm_id":2710856051,"osm_type":"node","seamark_type":"signal_station_traffic","display_class":"OTHER","min_zoom":12,"importance":1,"name":null,"ref":null,"common":{"type":"signal_station_traffic"},"children":{},"osm_tags":{"seamark:type":"signal_station_traffic"}}},{"type":"Feature","geometry":{"type":"Point","coordinates":[12.5292733,48.2390978]},"properties":{"osm_id":2783033716,"osm_type":"node","seamark_type":"distance_mark","display_class":"OTHER","min_zoom":12,"importance":1,"name":null,"ref":null,"common":{"type":"distance_mark"},"children":{"distance_mark":{"category":"not_installed","distance":"104","units":"kilometres"}},"osm_tags":{"seamark:distance_mark:category":"not_installed","seamark:distance_mark:distance":"104","seamark:distance_mark:units":"kilometres","seamark:type":"distance_mark","source":"existing waterway=milestone nodes"}}},{"type":"Feature","geometry":{"type":"Point","coordinates":[12.2205135,48.0842889]},"properties":{"osm_id":4083319697,"osm_type":"node","seamark_type":"distance_mark","display_class":"OTHER","min_zoom":12,"importance":1,"name":null,"ref":null,"common":{"type":"distance_mark"},"children":{"distance_mark":{"category":"not_installed","distance":"154","units":"kilometres"}},"osm_tags":{"seamark:distance_mark:category":"not_installed","seamark:distance_mark:distance":"154","seamark:distance_mark:units":"kilometres","seamark:type":"distance_mark","source":"existing waterway=milestone nodes"}}},{"type":"Feature","geometry":{"type":"Point","coordinates":[12.3829887,48.1737808]},"properties":{"osm_id":4250654214,"osm_type":"node","seamark_type":"small_craft_facility","display_class":"OTHER","min_zoom":12,"importance":1,"name":null,"ref":null,"common":{"type":"small_craft_facility"},"children":{"small_craft_facility":{"category":"slipway"}},"osm_tags":{"canoe":"put_in","description":"Einsetzstelle","leisure":"slipway","seamark:small_craft_facility:category":"slipway","seamark:type":"small_craft_facility","slipway:type":"manually","symbol":"Blaue Schilder mit drei weißen Wellen und einem Pfeil, der nach unten zu den Wellen zeigt"}}},{"type":"Feature","geometry":{"type":"Point","coordinates":[12.4122582,48.1952614]},"properties":{"osm_id":4257454073,"osm_type":"node","seamark_type":"distance_mark","display_class":"OTHER","min_zoom":12,"importance":1,"name":null,"ref":null,"common":{"type":"distance_mark"},"children":{"distance_mark":{"category":"not_installed","distance":"3","units":"kilometres"}},"osm_tags":{"seamark:distance_mark:category":"not_installed","seamark:distance_mark:distance":"3","seamark:distance_mark:units":"kilometres","seamark:type":"distance_mark","source":"interpolation of existing waterway=milestone nodes in the neighborhood"}}},{"type":"Feature","geometry":{"type":"Point","coordinates":[12.4038077,48.1880048]},"properties":{"osm_id":4264288477,"osm_type":"node","seamark_type":"distance_mark","display_class":"OTHER","min_zoom":12,"importance":1,"name":null,"ref":null,"common":{"type":"distance_mark"},"children":{"distance_mark":{"category":"not_installed","distance":"124","units":"kilometres"}},"osm_tags":{"seamark:distance_mark:category":"not_installed","seamark:distance_mark:distance":"124","seamark:distance_mark:units":"kilometres","seamark:type":"distance_mark","source":"interpolatoin of existing waterway=milestone nodes"}}},{"type":"Feature","geometry":{"type":"Point","coordinates":[12.834809,48.16229]},"properties":{"osm_id":4359081119,"osm_type":"node","seamark_type":"distance_mark","display_class":"OTHER","min_zoom":12,"importance":1,"name":null,"ref":null,"common":{"type":"distance_mark"},"children":{"distance_mark":{"category":"not_installed","distance":"11","units":"kilometres"}},"osm_tags":{"seamark:distance_mark:category":"not_installed","seamark:distance_mark:distance":"11","seamark:distance_mark:units":"kilometres","seamark:type":"distance_mark","source":"existing waterway=milestone nodes"}}},{"type":"Feature","geometry":{"type":"Point","coordinates":[12.5549268,48.2376478]},"properties":{"osm_id":4391231698,"osm_type":"node","seamark_type":"distance_mark","display_class":"OTHER","min_zoom":12,"importance":1,"name":null,"ref":null,"common":{"type":"distance_mark"},"children":{"distance_mark":{"category":"not_installed","distance":"102","units":"kilometres"}},"osm_tags":{"seamark:distance_mark:category":"not_installed","seamark:distance_mark:distance":"102","seamark:distance_mark:units":"kilometres","seamark:type":"distance_mark","source":"interpolation of existing waterway=milestone nodes in the neighborhood"}}},{"type":"Feature","geometry":{"type":"Point","coordinates":[12.5884536,48.1296378]},"properties":{"osm_id":4585813584,"osm_type":"node","seamark_type":"distance_mark","display_class":"OTHER","min_zoom":12,"importance":1,"name":null,"ref":null,"common":{"type":"distance_mark"},"children":{"distance_mark":{"category":"not_installed","distance":"28","units":"kilometres"}},"osm_tags":{"seamark:distance_mark:category":"not_installed","seamark:distance_mark:distance":"28","seamark:distance_mark:units":"kilometres","seamark:type":"distance_mark","source":"existing waterway=milestone nodes"}}},{"type":"Feature","geometry":{"type":"Point","coordinates":[12.5794319,48.2436299]},"properties":{"osm_id":4693331224,"osm_type":"node","seamark_type":"distance_mark","display_class":"OTHER","min_zoom":12,"importance":1,"name":null,"ref":null,"common":{"type":"distance_mark"},"children":{"distance_mark":{"category":"not_installed","distance":"100","units":"kilometres"}},"osm_tags":{"seamark:distance_mark:category":"not_installed","seamark:distance_mark:distance":"100","seamark:distance_mark:units":"kilometres","seamark:type":"distance_mark","source":"interpolation of existing waterway=milestone nodes in the neighborhood"}}},{"type":"Feature","geometry":{"type":"Point","coordinates":[12.8036343,48.2272756]},"properties":{"osm_id":4744732566,"osm_type":"node","seamark_type":"distance_mark","display_class":"OTHER","min_zoom":12,"importance":1,"name":null,"ref":null,"common":{"type":"distance_mark"},"children":{"distance_mark":{"category":"not_installed","distance":"6","units":"kilometres"}},"osm_tags":{"seamark:distance_mark:category":"not_installed","seamark:distance_mark:distance":"6","seamark:distance_mark:units":"kilometres","seamark:type":"distance_mark","source":"existing waterway=milestone nodes"}}},{"type":"Feature","geometry":{"type":"Point","coordinates":[12.2165661,48.0555179]},"properties":{"osm_id":4837457672,"osm_type":"node","seamark_type":"small_craft_facility","display_class":"OTHER","min_zoom":12,"importance":1,"name":null,"ref":null,"common":{"type":"small_craft_facility"},"children":{"small_craft_facility":{"category":"slipway"}},"osm_tags":{"canoe":"put_in","description":"Ausstiegsstelle","leisure":"slipway","seamark:small_craft_facility:category":"slipway","seamark:type":"small_craft_facility","slipway:type":"manually","symbol":"Blaue Schilder mit drei weißen Wellen und einem Pfeil, der nach oben von den Wellen weg zeigt"}}},{"type":"Feature","geometry":{"type":"Point","coordinates":[12.5430785,48.0090604]},"properties":{"osm_id":4852974537,"osm_type":"node","seamark_type":"distance_mark","display_class":"OTHER","min_zoom":12,"importance":1,"name":null,"ref":null,"common":{"type":"distance_mark"},"children":{"distance_mark":{"category":"not_installed","distance":"44","units":"kilometres"}},"osm_tags":{"seamark:distance_mark:category":"not_installed","seamark:distance_mark:distance":"44","seamark:distance_mark:units":"kilometres","seamark:type":"distance_mark","source":"interpolation of existing waterway=milestone nodes"}}},{"type":"Feature","geometry":{"type":"Point","coordinates":[12.1736486,48.0033996]},"properties":{"osm_id":4909366915,"osm_type":"node","seamark_type":"distance_mark","display_class":"OTHER","min_zoom":12,"importance":1,"name":null,"ref":null,"common":{"type":"distance_mark"},"children":{"distance_mark":{"category":"board","distance":"167.6","units":"kilometres"}},"osm_tags":{"distance":"167.6","seamark:distance_mark:category":"board","seamark:distance_mark:distance":"167.6","seamark:distance_mark:units":"kilometres","seamark:type":"distance_mark","source":"gps","waterway":"milestone"}}},{"type":"Feature","geometry":{"type":"Point","coordinates":[12.1755016,48.0115418]},"properties":{"osm_id":4909367021,"osm_type":"node","seamark_type":"notice","display_class":"OTHER","min_zoom":12,"importance":1,"name":null,"ref":null,"common":{"type":"notice"},"children":{"notice":{"category":"no_anchoring","function":"prohibition"}},"osm_tags":{"seamark:notice:category":"no_anchoring","seamark:notice:function":"prohibition","seamark:type":"notice","traffic_sign":"A.6"}}},{"type":"Feature","geometry":{"type":"Point","coordinates":[12.1751995,48.0128195]},"properties":{"osm_id":4909367022,"osm_type":"node","seamark_type":"distance_mark","display_class":"OTHER","min_zoom":12,"importance":1,"name":null,"ref":null,"common":{"type":"distance_mark"},"children":{"distance_mark":{"category":"board","distance":"166.6","units":"kilometres"}},"osm_tags":{"distance":"166.6","seamark:distance_mark:category":"board","seamark:distance_mark:distance":"166.6","seamark:distance_mark:units":"kilometres","seamark:type":"distance_mark","source":"gps","waterway":"milestone"}}},{"type":"Feature","geometry":{"type":"Point","coordinates":[12.1756089,48.0162787]},"properties":{"osm_id":4909367025,"osm_type":"node","seamark_type":"distance_mark","display_class":"OTHER","min_zoom":12,"importance":1,"name":null,"ref":null,"common":{"type":"distance_mark"},"children":{"distance_mark":{"category":"board","distance":"166.2","units":"kilometres"}},"osm_tags":{"distance":"166.2","seamark:distance_mark:category":"board","seamark:distance_mark:distance":"166.2","seamark:distance_mark:units":"kilometres","seamark:type":"distance_mark","source":"gps","waterway":"milestone"}}},{"type":"Feature","geometry":{"type":"Point","coordinates":[12.1747828,48.0220583]},"properties":{"osm_id":4909367028,"osm_type":"node","seamark_type":"distance_mark","display_class":"OTHER","min_zoom":12,"importance":1,"name":null,"ref":null,"common":{"type":"distance_mark"},"children":{"distance_mark":{"category":"board","distance":"165.6","units":"kilometres"}},"osm_tags":{"distance":"165.6","seamark:distance_mark:category":"board","seamark:distance_mark:distance":"165.6","seamark:distance_mark:units":"kilometres","seamark:type":"distance_mark","source":"gps","waterway":"milestone"}}},{"type":"Feature","geometry":{"type":"Point","coordinates":[12.1916284,48.0250381]},"properties":{"osm_id":4909367033,"osm_type":"node","seamark_type":"distance_mark","display_class":"OTHER","min_zoom":12,"importance":1,"name":null,"ref":null,"common":{"type":"distance_mark"},"children":{"distance_mark":{"category":"board","distance":"164.4","units":"kilometres"}},"osm_tags":{"distance":"164.4","seamark:distance_mark:category":"board","seamark:distance_mark:distance":"164.4","seamark:distance_mark:units":"kilometres","seamark:type":"distance_mark","source":"gps","waterway":"milestone"}}},{"type":"Feature","geometry":{"type":"Point","coordinates":[12.1861299,48.0252426]},"properties":{"osm_id":4909367034,"osm_type":"node","seamark_type":"distance_mark","display_class":"OTHER","min_zoom":12,"importance":1,"name":null,"ref":null,"common":{"type":"distance_mark"},"children":{"distance_mark":{"category":"board","distance":"164.8","units":"kilometres"}},"osm_tags":{"distance":"164.8","seamark:distance_mark:category":"board","seamark:distance_mark:distance":"164.8","seamark:distance_mark:units":"kilometres","seamark:type":"distance_mark","source":"gps","waterway":"milestone"}}},{"type":"Feature","geometry":{"type":"Point","coordinates":[12.1935837,48.0268624]},"properties":{"osm_id":4909367036,"osm_type":"node","seamark_type":"distance_mark","display_class":"OTHER","min_zoom":12,"importance":1,"name":null,"ref":null,"common":{"type":"distance_mark"},"children":{"distance_mark":{"category":"board","distance":"164.2","units":"kilometres"}},"osm_tags":{"distance":"164.2","seamark:distance_mark:category":"board","seamark:distance_mark:distance":"164.2","seamark:distance_mark:units":"kilometres","seamark:type":"distance_mark","source":"gps","waterway":"milestone","wikimedia_commons":"File:Milestone_Inn_164.2.jpg"}}},{"type":"Feature","geometry":{"type":"Point","coordinates":[12.2068767,48.0435888]},"properties":{"osm_id":4909367039,"osm_type":"node","seamark_type":"distance_mark","display_class":"OTHER","min_zoom":12,"importance":1,"name":null,"ref":null,"common":{"type":"distance_mark"},"children":{"distance_mark":{"category":"pole","distance":"161.8","units":"kilometres"}},"osm_tags":{"distance":"161.8","seamark:distance_mark:category":"pole","seamark:distance_mark:distance":"161.8","seamark:distance_mark:units":"kilometres","seamark:type":"distance_mark","source":"gps","waterway":"milestone"}}},{"type":"Feature","geometry":{"type":"Point","coordinates":[12.1711669,48.0023013]},"properties":{"osm_id":4987193852,"osm_type":"node","seamark_type":"distance_mark","display_class":"OTHER","min_zoom":12,"importance":1,"name":null,"ref":null,"common":{"type":"distance_mark"},"children":{"distance_mark":{"category":"board","distance":"167.8","units":"kilometres"}},"osm_tags":{"distance":"167.8","seamark:distance_mark:category":"board","seamark:distance_mark:distance":"167.8","seamark:distance_mark:units":"kilometres","seamark:type":"distance_mark","source":"gps","waterway":"milestone"}}},{"type":"Feature","geometry":{"type":"Point","coordinates":[12.1720038,48.0037693]},"properties":{"osm_id":4987193853,"osm_type":"node","seamark_type":"distance_mark","display_class":"OTHER","min_zoom":12,"importance":1,"name":null,"ref":null,"common":{"type":"distance_mark"},"children":{"distance_mark":{"category":"board","distance":"167.6","units":"kilometres"}},"osm_tags":{"distance":"167.6","seamark:distance_mark:category":"board","seamark:distance_mark:distance":"167.6","seamark:distance_mark:units":"kilometres","seamark:type":"distance_mark","source":"gps","waterway":"milestone"}}},{"type":"Feature","geometry":{"type":"Point","coordinates":[12.1734549,48.006967]},"properties":{"osm_id":5060909429,"osm_type":"node","seamark_type":"distance_mark","display_class":"OTHER","min_zoom":12,"importance":1,"name":null,"ref":null,"common":{"type":"distance_mark"},"children":{"distance_mark":{"category":"board","distance":"167.2","units":"kilometres"}},"osm_tags":{"distance":"167.2","seamark:distance_mark:category":"board","seamark:distance_mark:distance":"167.2","seamark:distance_mark:units":"kilometres","seamark:type":"distance_mark","source":"gps","waterway":"milestone"}}},{"type":"Feature","geometry":{"type":"Point","coordinates":[12.1759311,48.0088247]},"properties":{"osm_id":5060909430,"osm_type":"node","seamark_type":"distance_mark","display_class":"OTHER","min_zoom":12,"importance":1,"name":null,"ref":null,"common":{"type":"distance_mark"},"children":{"distance_mark":{"category":"board","distance":"167.0","units":"kilometres"}},"osm_tags":{"distance":"167.0","seamark:distance_mark:category":"board","seamark:distance_mark:distance":"167.0","seamark:distance_mark:units":"kilometres","seamark:type":"distance_mark","source":"gps","waterway":"milestone"}}},{"type":"Feature","geometry":{"type":"Point","coordinates":[12.1883425,48.0258963]},"properties":{"osm_id":5060909443,"osm_type":"node","seamark_type":"distance_mark","display_class":"OTHER","min_zoom":12,"importance":1,"name":null,"ref":null,"common":{"type":"distance_mark"},"children":{"distance_mark":{"category":"board","distance":"164.6","units":"kilometres"}},"osm_tags":{"distance":"164.6","seamark:distance_mark:category":"board","seamark:distance_mark:distance":"164.6","seamark:distance_mark:units":"kilometres","seamark:type":"distance_mark","source":"gps","waterway":"milestone"}}},{"type":"Feature","geometry":{"type":"Point","coordinates":[12.1995595,48.0410862]},"properties":{"osm_id":5060909444,"osm_type":"node","seamark_type":"distance_mark","display_class":"OTHER","min_zoom":12,"importance":1,"name":null,"ref":null,"common":{"type":"distance_mark"},"children":{"distance_mark":{"category":"pole","distance":"162.4","units":"kilometres"}},"osm_tags":{"distance":"162.4","seamark:distance_mark:category":"pole","seamark:distance_mark:distance":"162.4","seamark:distance_mark:units":"kilometres","seamark:type":"distance_mark","source":"gps","waterway":"milestone"}}},{"type":"Feature","geometry":{"type":"Point","coordinates":[12.1945565,48.0418744]},"properties":{"osm_id":5060909445,"osm_type":"node","seamark_type":"distance_mark","display_class":"OTHER","min_zoom":12,"importance":1,"name":null,"ref":null,"common":{"type":"distance_mark"},"children":{"distance_mark":{"category":"pole","distance":"162.6","units":"kilometres"}},"osm_tags":{"distance":"162.6","seamark:distance_mark:category":"pole","seamark:distance_mark:distance":"162.6","seamark:distance_mark:units":"kilometres","seamark:type":"distance_mark","source":"gps","waterway":"milestone"}}},{"type":"Feature","geometry":{"type":"Point","coordinates":[12.2005328,48.0431851]},"properties":{"osm_id":5060909446,"osm_type":"node","seamark_type":"distance_mark","display_class":"OTHER","min_zoom":12,"importance":1,"name":null,"ref":null,"common":{"type":"distance_mark"},"children":{"distance_mark":{"category":"pole","distance":"162.2","units":"kilometres"}},"osm_tags":{"distance":"162.2","seamark:distance_mark:category":"pole","seamark:distance_mark:distance":"162.2","seamark:distance_mark:units":"kilometres","seamark:type":"distance_mark","source":"gps","waterway":"milestone"}}},{"type":"Feature","geometry":{"type":"Point","coordinates":[12.2091404,48.045623]},"properties":{"osm_id":5060909447,"osm_type":"node","seamark_type":"distance_mark","display_class":"OTHER","min_zoom":12,"importance":1,"name":null,"ref":null,"common":{"type":"distance_mark"},"children":{"distance_mark":{"category":"pole","distance":"161.6","units":"kilometres"}},"osm_tags":{"distance":"161.6","seamark:distance_mark:category":"pole","seamark:distance_mark:distance":"161.6","seamark:distance_mark:units":"kilometres","seamark:type":"distance_mark","source":"gps","waterway":"milestone"}}},{"type":"Feature","geometry":{"type":"Point","coordinates":[12.1725234,48.0129233]},"properties":{"osm_id":5062516132,"osm_type":"node","seamark_type":"distance_mark","display_class":"OTHER","min_zoom":12,"importance":1,"name":null,"ref":null,"common":{"type":"distance_mark"},"children":{"distance_mark":{"category":"board","distance":"166.6","units":"kilometres"}},"osm_tags":{"distance":"166.6","seamark:distance_mark:category":"board","seamark:distance_mark:distance":"166.6","seamark:distance_mark:units":"kilometres","seamark:type":"distance_mark","source":"gps","waterway":"milestone"}}},{"type":"Feature","geometry":{"type":"Point","coordinates":[12.1730392,48.0020096]},"properties":{"osm_id":5169373619,"osm_type":"node","seamark_type":"distance_mark","display_class":"OTHER","min_zoom":12,"importance":1,"name":null,"ref":null,"common":{"type":"distance_mark"},"children":{"distance_mark":{"category":"board","distance":"167.8","units":"kilometres"}},"osm_tags":{"distance":"167.8","seamark:distance_mark:category":"board","seamark:distance_mark:distance":"167.8","seamark:distance_mark:units":"kilometres","seamark:type":"distance_mark","source":"gps","waterway":"milestone"}}},{"type":"Feature","geometry":{"type":"Point","coordinates":[12.178163,48.0227013]},"properties":{"osm_id":5169375423,"osm_type":"node","seamark_type":"distance_mark","display_class":"OTHER","min_zoom":12,"importance":1,"name":null,"ref":null,"common":{"type":"distance_mark"},"children":{"distance_mark":{"category":"board","distance":"165.4","units":"kilometres"}},"osm_tags":{"distance":"165.4","seamark:distance_mark:category":"board","seamark:distance_mark:distance":"165.4","seamark:distance_mark:units":"kilometres","seamark:type":"distance_mark","source":"gps","waterway":"milestone"}}},{"type":"Feature","geometry":{"type":"Point","coordinates":[12.2460813,48.1101665]},"properties":{"osm_id":5169630882,"osm_type":"node","seamark_type":"distance_mark","display_class":"OTHER","min_zoom":12,"importance":1,"name":null,"ref":null,"common":{"type":"distance_mark"},"children":{"distance_mark":{"category":"not_installed","distance":"150","units":"kilometres"}},"osm_tags":{"seamark:distance_mark:category":"not_installed","seamark:distance_mark:distance":"150","seamark:distance_mark:units":"kilometres","seamark:type":"distance_mark","source":"existing waterway=milestone nodes"}}},{"type":"Feature","geometry":{"type":"Point","coordinates":[12.3705492,48.1783358]},"properties":{"osm_id":5262180481,"osm_type":"node","seamark_type":"distance_mark","display_class":"OTHER","min_zoom":12,"importance":1,"name":null,"ref":null,"common":{"type":"distance_mark"},"children":{"distance_mark":{"category":"not_installed","distance":"129","units":"kilometres"}},"osm_tags":{"seamark:distance_mark:category":"not_installed","seamark:distance_mark:distance":"129","seamark:distance_mark:units":"kilometres","seamark:type":"distance_mark","source":"existing waterway=milestone nodes"}}},{"type":"Feature","geometry":{"type":"Point","coordinates":[12.3613379,48.1723115]},"properties":{"osm_id":5262180482,"osm_type":"node","seamark_type":"distance_mark","display_class":"OTHER","min_zoom":12,"importance":1,"name":null,"ref":null,"common":{"type":"distance_mark"},"children":{"distance_mark":{"category":"not_installed","distance":"130","units":"kilometres"}},"osm_tags":{"seamark:distance_mark:category":"not_installed","seamark:distance_mark:distance":"130","seamark:distance_mark:units":"kilometres","seamark:type":"distance_mark","source":"existing waterway=milestone nodes"}}},{"type":"Feature","geometry":{"type":"Point","coordinates":[12.3279154,48.1713089]},"properties":{"osm_id":5262180483,"osm_type":"node","seamark_type":"distance_mark","display_class":"OTHER","min_zoom":12,"importance":1,"name":null,"ref":null,"common":{"type":"distance_mark"},"children":{"distance_mark":{"category":"not_installed","distance":"133","units":"kilometres"}},"osm_tags":{"seamark:distance_mark:category":"not_installed","seamark:distance_mark:distance":"133","seamark:distance_mark:units":"kilometres","seamark:type":"distance_mark","source":"existing waterway=milestone nodes"}}},{"type":"Feature","geometry":{"type":"Point","coordinates":[12.3360421,48.1643546]},"properties":{"osm_id":5262180484,"osm_type":"node","seamark_type":"distance_mark","display_class":"OTHER","min_zoom":12,"importance":1,"name":null,"ref":null,"common":{"type":"distance_mark"},"children":{"distance_mark":{"category":"not_installed","distance":"134","units":"kilometres"}},"osm_tags":{"seamark:distance_mark:category":"not_installed","seamark:distance_mark:distance":"134","seamark:distance_mark:units":"kilometres","seamark:type":"distance_mark","source":"existing waterway=milestone nodes"}}},{"type":"Feature","geometry":{"type":"Point","coordinates":[12.3155217,48.1573206]},"properties":{"osm_id":5262180485,"osm_type":"node","seamark_type":"distance_mark","display_class":"OTHER","min_zoom":12,"importance":1,"name":null,"ref":null,"common":{"type":"distance_mark"},"children":{"distance_mark":{"category":"not_installed","distance":"137","units":"kilometres"}},"osm_tags":{"seamark:distance_mark:category":"not_installed","seamark:distance_mark:distance":"137","seamark:distance_mark:units":"kilometres","seamark:type":"distance_mark","source":"existing waterway=milestone nodes"}}},{"type":"Feature","geometry":{"type":"Point","coordinates":[12.3082602,48.1503831]},"properties":{"osm_id":5262180486,"osm_type":"node","seamark_type":"distance_mark","display_class":"OTHER","min_zoom":12,"importance":1,"name":null,"ref":null,"common":{"type":"distance_mark"},"children":{"distance_mark":{"category":"not_installed","distance":"138","units":"kilometres"}},"osm_tags":{"seamark:distance_mark:category":"not_installed","seamark:distance_mark:distance":"138","seamark:distance_mark:units":"kilometres","seamark:type":"distance_mark","source":"existing waterway=milestone nodes"}}},{"type":"Feature","geometry":{"type":"Point","coordinates":[12.2966031,48.1505512]},"properties":{"osm_id":5262180487,"osm_type":"node","seamark_type":"distance_mark","display_class":"OTHER","min_zoom":12,"importance":1,"name":null,"ref":null,"common":{"type":"distance_mark"},"children":{"distance_mark":{"category":"not_installed","distance":"139","units":"kilometres"}},"osm_tags":{"seamark:distance_mark:category":"not_installed","seamark:distance_mark:distance":"139","seamark:distance_mark:units":"kilometres","seamark:type":"distance_mark","source":"existing waterway=milestone nodes"}}},{"type":"Feature","geometry":{"type":"Point","coordinates":[12.2861695,48.1560591]},"properties":{"osm_id":5262180488,"osm_type":"node","seamark_type":"distance_mark","display_class":"OTHER","min_zoom":12,"importance":1,"name":null,"ref":null,"common":{"type":"distance_mark"},"children":{"distance_mark":{"category":"not_installed","distance":"140","units":"kilometres"}},"osm_tags":{"seamark:distance_mark:category":"not_installed","seamark:distance_mark:distance":"140","seamark:distance_mark:units":"kilometres","seamark:type":"distance_mark","source":"existing waterway=milestone nodes"}}},{"type":"Feature","geometry":{"type":"Point","coordinates":[12.2797751,48.140368]},"properties":{"osm_id":5262180489,"osm_type":"node","seamark_type":"distance_mark","display_class":"OTHER","min_zoom":12,"importance":1,"name":null,"ref":null,"common":{"type":"distance_mark"},"children":{"distance_mark":{"category":"not_installed","distance":"142","units":"kilometres"}},"osm_tags":{"seamark:distance_mark:category":"not_installed","seamark:distance_mark:distance":"142","seamark:distance_mark:units":"kilometres","seamark:type":"distance_mark","source":"existing waterway=milestone nodes"}}},{"type":"Feature","geometry":{"type":"Point","coordinates":[12.2680523,48.1378164]},"properties":{"osm_id":5262180490,"osm_type":"node","seamark_type":"distance_mark","display_class":"OTHER","min_zoom":12,"importance":1,"name":null,"ref":null,"common":{"type":"distance_mark"},"children":{"distance_mark":{"category":"not_installed","distance":"143","units":"kilometres"}},"osm_tags":{"seamark:distance_mark:category":"not_installed","seamark:distance_mark:distance":"143","seamark:distance_mark:units":"kilometres","seamark:type":"distance_mark","source":"existing waterway=milestone nodes"}}},{"type":"Feature","geometry":{"type":"Point","coordinates":[12.256222,48.1305492]},"properties":{"osm_id":5262180491,"osm_type":"node","seamark_type":"distance_mark","display_class":"OTHER","min_zoom":12,"importance":1,"name":null,"ref":null,"common":{"type":"distance_mark"},"children":{"distance_mark":{"category":"not_installed","distance":"145","units":"kilometres"}},"osm_tags":{"seamark:distance_mark:category":"not_installed","seamark:distance_mark:distance":"145","seamark:distance_mark:units":"kilometres","seamark:type":"distance_mark","source":"existing waterway=milestone nodes"}}},{"type":"Feature","geometry":{"type":"Point","coordinates":[12.2639604,48.1236674]},"properties":{"osm_id":5262180492,"osm_type":"node","seamark_type":"distance_mark","display_class":"OTHER","min_zoom":12,"importance":1,"name":null,"ref":null,"common":{"type":"distance_mark"},"children":{"distance_mark":{"category":"not_installed","distance":"146","units":"kilometres"}},"osm_tags":{"seamark:distance_mark:category":"not_installed","seamark:distance_mark:distance":"146","seamark:distance_mark:units":"kilometres","seamark:type":"distance_mark","source":"existing waterway=milestone nodes"}}},{"type":"Feature","geometry":{"type":"Point","coordinates":[12.2388017,48.103412]},"properties":{"osm_id":5262180493,"osm_type":"node","seamark_type":"distance_mark","display_class":"OTHER","min_zoom":12,"importance":1,"name":null,"ref":null,"common":{"type":"distance_mark"},"children":{"distance_mark":{"category":"not_installed","distance":"151","units":"kilometres"}},"osm_tags":{"seamark:distance_mark:category":"not_installed","seamark:distance_mark:distance":"151","seamark:distance_mark:units":"kilometres","seamark:type":"distance_mark","source":"existing waterway=milestone nodes"}}},{"type":"Feature","geometry":{"type":"Point","coordinates":[12.2382438,48.0942979]},"properties":{"osm_id":5262180494,"osm_type":"node","seamark_type":"distance_mark","display_class":"OTHER","min_zoom":12,"importance":1,"name":null,"ref":null,"common":{"type":"distance_mark"},"children":{"distance_mark":{"category":"not_installed","distance":"152","units":"kilometres"}},"osm_tags":{"seamark:distance_mark:category":"not_installed","seamark:distance_mark:distance":"152","seamark:distance_mark:units":"kilometres","seamark:type":"distance_mark","source":"existing waterway=milestone nodes"}}},{"type":"Feature","geometry":{"type":"Point","coordinates":[12.2264586,48.0910475]},"properties":{"osm_id":5262180495,"osm_type":"node","seamark_type":"distance_mark","display_class":"OTHER","min_zoom":12,"importance":1,"name":null,"ref":null,"common":{"type":"distance_mark"},"children":{"distance_mark":{"category":"not_installed","distance":"153","units":"kilometres"}},"osm_tags":{"seamark:distance_mark:category":"not_installed","seamark:distance_mark:distance":"153","seamark:distance_mark:units":"kilometres","seamark:type":"distance_mark","source":"existing waterway=milestone nodes"}}},{"type":"Feature","geometry":{"type":"Point","coordinates":[12.2205116,48.0761631]},"properties":{"osm_id":5262180496,"osm_type":"node","seamark_type":"distance_mark","display_class":"OTHER","min_zoom":12,"importance":1,"name":null,"ref":null,"common":{"type":"distance_mark"},"children":{"distance_mark":{"category":"not_installed","distance":"155","units":"kilometres"}},"osm_tags":{"seamark:distance_mark:category":"not_installed","seamark:distance_mark:distance":"155","seamark:distance_mark:units":"kilometres","seamark:type":"distance_mark","source":"existing waterway=milestone nodes"}}},{"type":"Feature","geometry":{"type":"Point","coordinates":[12.2382653,48.0642749]},"properties":{"osm_id":5262180497,"osm_type":"node","seamark_type":"distance_mark","display_class":"OTHER","min_zoom":12,"importance":1,"name":null,"ref":null,"common":{"type":"distance_mark"},"children":{"distance_mark":{"category":"not_installed","distance":"158","units":"kilometres"}},"osm_tags":{"seamark:distance_mark:category":"not_installed","seamark:distance_mark:distance":"158","seamark:distance_mark:units":"kilometres","seamark:type":"distance_mark","source":"existing waterway=milestone nodes"}}},{"type":"Feature","geometry":{"type":"Point","coordinates":[12.229296,48.0597504]},"properties":{"osm_id":5262180499,"osm_type":"node","seamark_type":"distance_mark","display_class":"OTHER","min_zoom":12,"importance":1,"name":null,"ref":null,"common":{"type":"distance_mark"},"children":{"distance_mark":{"category":"not_installed","distance":"159","units":"kilometres"}},"osm_tags":{"seamark:distance_mark:category":"not_installed","seamark:distance_mark:distance":"159","seamark:distance_mark:units":"kilometres","seamark:type":"distance_mark","source":"existing waterway=milestone nodes"}}},{"type":"Feature","geometry":{"type":"Point","coordinates":[12.1745263,48.0089277]},"properties":{"osm_id":5262180500,"osm_type":"node","seamark_type":"distance_mark","display_class":"OTHER","min_zoom":12,"importance":1,"name":null,"ref":null,"common":{"type":"distance_mark"},"children":{"distance_mark":{"category":"not_installed","distance":"167","units":"kilometres"}},"osm_tags":{"seamark:distance_mark:category":"not_installed","seamark:distance_mark:distance":"167","seamark:distance_mark:units":"kilometres","seamark:type":"distance_mark","source":"existing waterway=milestone nodes"}}},{"type":"Feature","geometry":{"type":"Point","coordinates":[12.1750993,48.0179773]},"properties":{"osm_id":5314950602,"osm_type":"node","seamark_type":"distance_mark","display_class":"OTHER","min_zoom":12,"importance":1,"name":null,"ref":null,"common":{"type":"distance_mark"},"children":{"distance_mark":{"category":"not_installed","distance":"166","units":"kilometres"}},"osm_tags":{"seamark:distance_mark:category":"not_installed","seamark:distance_mark:distance":"166","seamark:distance_mark:units":"kilometres","seamark:type":"distance_mark","source":"existing waterway=milestone nodes"}}},{"type":"Feature","geometry":{"type":"Point","coordinates":[12.1715692,48.0009797]},"properties":{"osm_id":5314950603,"osm_type":"node","seamark_type":"distance_mark","display_class":"OTHER","min_zoom":12,"importance":1,"name":null,"ref":null,"common":{"type":"distance_mark"},"children":{"distance_mark":{"category":"not_installed","distance":"168","units":"kilometres"}},"osm_tags":{"seamark:distance_mark:category":"not_installed","seamark:distance_mark:distance":"168","seamark:distance_mark:units":"kilometres","seamark:type":"distance_mark","source":"existing waterway=milestone nodes"}}},{"type":"Feature","geometry":{"type":"Point","coordinates":[12.1740492,48.0201532]},"properties":{"osm_id":5314951123,"osm_type":"node","seamark_type":"distance_mark","display_class":"OTHER","min_zoom":12,"importance":1,"name":null,"ref":null,"common":{"type":"distance_mark"},"children":{"distance_mark":{"category":"board","distance":"165.8","units":"kilometres"}},"osm_tags":{"distance":"165.8","seamark:distance_mark:category":"board","seamark:distance_mark:distance":"165.8","seamark:distance_mark:units":"kilometres","seamark:type":"distance_mark","source":"gps","waterway":"milestone"}}},{"type":"Feature","geometry":{"type":"Point","coordinates":[12.1735517,48.0183755]},"properties":{"osm_id":5314951124,"osm_type":"node","seamark_type":"distance_mark","display_class":"OTHER","min_zoom":12,"importance":1,"name":null,"ref":null,"common":{"type":"distance_mark"},"children":{"distance_mark":{"category":"board","distance":"166.0","units":"kilometres"}},"osm_tags":{"distance":"166.0","seamark:distance_mark:category":"board","seamark:distance_mark:distance":"166.0","seamark:distance_mark:units":"kilometres","seamark:type":"distance_mark","source":"gps","waterway":"milestone"}}},{"type":"Feature","geometry":{"type":"Point","coordinates":[12.173194,48.0164599]},"properties":{"osm_id":5314951125,"osm_type":"node","seamark_type":"distance_mark","display_class":"OTHER","min_zoom":12,"importance":1,"name":null,"ref":null,"common":{"type":"distance_mark"},"children":{"distance_mark":{"category":"board","distance":"166.2","units":"kilometres"}},"osm_tags":{"distance":"166.2","seamark:distance_mark:category":"board","seamark:distance_mark:distance":"166.2","seamark:distance_mark:units":"kilometres","seamark:type":"distance_mark","source":"gps","waterway":"milestone"}}},{"type":"Feature","geometry":{"type":"Point","coordinates":[12.1728837,48.014736]},"properties":{"osm_id":5314951126,"osm_type":"node","seamark_type":"distance_mark","display_class":"OTHER","min_zoom":12,"importance":1,"name":null,"ref":null,"common":{"type":"distance_mark"},"children":{"distance_mark":{"category":"board","distance":"166.4","units":"kilometres"}},"osm_tags":{"distance":"166.4","seamark:distance_mark:category":"board","seamark:distance_mark:distance":"166.4","seamark:distance_mark:units":"kilometres","seamark:type":"distance_mark","source":"gps","waterway":"milestone"}}},{"type":"Feature","geometry":{"type":"Point","coordinates":[12.1722076,48.0112364]},"properties":{"osm_id":5314951127,"osm_type":"node","seamark_type":"distance_mark","display_class":"OTHER","min_zoom":12,"importance":1,"name":null,"ref":null,"common":{"type":"distance_mark"},"children":{"distance_mark":{"category":"board","distance":"166.8","units":"kilometres"}},"osm_tags":{"distance":"166.8","seamark:distance_mark:category":"board","seamark:distance_mark:distance":"166.8","seamark:distance_mark:units":"kilometres","seamark:type":"distance_mark","source":"gps","waterway":"milestone"}}},{"type":"Feature","geometry":{"type":"Point","coordinates":[12.1713044,48.0090778]},"properties":{"osm_id":5314951128,"osm_type":"node","seamark_type":"distance_mark","display_class":"OTHER","min_zoom":12,"importance":1,"name":null,"ref":null,"common":{"type":"distance_mark"},"children":{"distance_mark":{"category":"board","distance":"167.0","units":"kilometres"}},"osm_tags":{"distance":"167.0","seamark:distance_mark:category":"board","seamark:distance_mark:distance":"167.0","seamark:distance_mark:units":"kilometres","seamark:type":"distance_mark","source":"gps","waterway":"milestone"}}},{"type":"Feature","geometry":{"type":"Point","coordinates":[12.1690204,48.0073094]},"properties":{"osm_id":5314951129,"osm_type":"node","seamark_type":"distance_mark","display_class":"OTHER","min_zoom":12,"importance":1,"name":null,"ref":null,"common":{"type":"distance_mark"},"children":{"distance_mark":{"category":"board","distance":"167.2","units":"kilometres"}},"osm_tags":{"distance":"167.2","seamark:distance_mark:category":"board","seamark:distance_mark:distance":"167.2","seamark:distance_mark:units":"kilometres","seamark:type":"distance_mark","source":"gps","waterway":"milestone"}}},{"type":"Feature","geometry":{"type":"Point","coordinates":[12.167996,48.0068072]},"properties":{"osm_id":5314951130,"osm_type":"node","seamark_type":"distance_mark","display_class":"OTHER","min_zoom":12,"importance":1,"name":null,"ref":null,"common":{"type":"distance_mark"},"children":{"distance_mark":{"category":"board","distance":"167.4","units":"kilometres"}},"osm_tags":{"distance":"167.4","seamark:distance_mark:category":"board","seamark:distance_mark:distance":"167.4","seamark:distance_mark:units":"kilometres","seamark:type":"distance_mark","source":"gps","waterway":"milestone"}}},{"type":"Feature","geometry":{"type":"Point","coordinates":[12.1653159,48.0055931]},"properties":{"osm_id":5314951131,"osm_type":"node","seamark_type":"distance_mark","display_class":"OTHER","min_zoom":12,"importance":1,"name":null,"ref":null,"common":{"type":"distance_mark"},"children":{"distance_mark":{"category":"board","distance":"167.6","units":"kilometres"}},"osm_tags":{"distance":"167.6","seamark:distance_mark:category":"board","seamark:distance_mark:distance":"167.6","seamark:distance_mark:units":"kilometres","seamark:type":"distance_mark","source":"gps","waterway":"milestone"}}},{"type":"Feature","geometry":{"type":"Point","coordinates":[12.1638459,48.0039411]},"properties":{"osm_id":5314951143,"osm_type":"node","seamark_type":"distance_mark","display_class":"OTHER","min_zoom":12,"importance":1,"name":null,"ref":null,"common":{"type":"distance_mark"},"children":{"distance_mark":{"category":"board","distance":"167.8","units":"kilometres"}},"osm_tags":{"distance":"167.8","seamark:distance_mark:category":"board","seamark:distance_mark:distance":"167.8","seamark:distance_mark:units":"kilometres","seamark:type":"distance_mark","source":"gps","waterway":"milestone"}}},{"type":"Feature","geometry":{"type":"Point","coordinates":[12.1643356,48.0023935]},"properties":{"osm_id":5314951144,"osm_type":"node","seamark_type":"distance_mark","display_class":"OTHER","min_zoom":12,"importance":1,"name":null,"ref":null,"common":{"type":"distance_mark"},"children":{"distance_mark":{"category":"board","distance":"168.0","units":"kilometres"}},"osm_tags":{"distance":"168.0","seamark:distance_mark:category":"board","seamark:distance_mark:distance":"168.0","seamark:distance_mark:units":"kilometres","seamark:type":"distance_mark","source":"gps","waterway":"milestone"}}},{"type":"Feature","geometry":{"type":"Point","coordinates":[12.164706,48.0007963]},"properties":{"osm_id":5314951145,"osm_type":"node","seamark_type":"distance_mark","display_class":"OTHER","min_zoom":12,"importance":1,"name":null,"ref":null,"common":{"type":"distance_mark"},"children":{"distance_mark":{"category":"board","distance":"168.2","units":"kilometres"}},"osm_tags":{"distance":"168.2","seamark:distance_mark:category":"board","seamark:distance_mark:distance":"168.2","seamark:distance_mark:units":"kilometres","seamark:type":"distance_mark","source":"gps","waterway":"milestone"}}},{"type":"Feature","geometry":{"type":"Point","coordinates":[12.2100047,48.0513242]},"properties":{"osm_id":5325759968,"osm_type":"node","seamark_type":"distance_mark","display_class":"OTHER","min_zoom":12,"importance":1,"name":null,"ref":null,"common":{"type":"distance_mark"},"children":{"distance_mark":{"category":"not_installed","distance":"161","units":"kilometres"}},"osm_tags":{"seamark:distance_mark:category":"not_installed","seamark:distance_mark:distance":"161","seamark:distance_mark:units":"kilometres","seamark:type":"distance_mark","source":"existing waterway=milestone nodes"}}},{"type":"Feature","geometry":{"type":"Point","coordinates":[12.2062236,48.0524178]},"properties":{"osm_id":5325759969,"osm_type":"node","seamark_type":"distance_mark","display_class":"OTHER","min_zoom":12,"importance":1,"name":null,"ref":null,"common":{"type":"distance_mark"},"children":{"distance_mark":{"category":"board","distance":"161.0","units":"kilometres"}},"osm_tags":{"distance":"161.0","seamark:distance_mark:category":"board","seamark:distance_mark:distance":"161.0","seamark:distance_mark:units":"kilometres","seamark:type":"distance_mark","source":"gps","waterway":"milestone"}}},{"type":"Feature","geometry":{"type":"Point","coordinates":[12.2081575,48.0537087]},"properties":{"osm_id":5325759971,"osm_type":"node","seamark_type":"distance_mark","display_class":"OTHER","min_zoom":12,"importance":1,"name":null,"ref":null,"common":{"type":"distance_mark"},"children":{"distance_mark":{"category":"board","distance":"160.8","units":"kilometres"}},"osm_tags":{"distance":"160.8","seamark:distance_mark:category":"board","seamark:distance_mark:distance":"160.8","seamark:distance_mark:units":"kilometres","seamark:type":"distance_mark","source":"gps","waterway":"milestone"}}},{"type":"Feature","geometry":{"type":"Point","coordinates":[12.2043361,48.0439746]},"properties":{"osm_id":5325759972,"osm_type":"node","seamark_type":"distance_mark","display_class":"OTHER","min_zoom":12,"importance":1,"name":null,"ref":null,"common":{"type":"distance_mark"},"children":{"distance_mark":{"category":"not_installed","distance":"162","units":"kilometres"}},"osm_tags":{"seamark:distance_mark:category":"not_installed","seamark:distance_mark:distance":"162","seamark:distance_mark:units":"kilometres","seamark:type":"distance_mark","source":"existing waterway=milestone nodes"}}},{"type":"Feature","geometry":{"type":"Point","coordinates":[12.1951715,48.0379108]},"properties":{"osm_id":5325759973,"osm_type":"node","seamark_type":"distance_mark","display_class":"OTHER","min_zoom":12,"importance":1,"name":null,"ref":null,"common":{"type":"distance_mark"},"children":{"distance_mark":{"category":"not_installed","distance":"163","units":"kilometres"}},"osm_tags":{"seamark:distance_mark:category":"not_installed","seamark:distance_mark:distance":"163","seamark:distance_mark:units":"kilometres","seamark:type":"distance_mark","source":"existing waterway=milestone nodes"}}},{"type":"Feature","geometry":{"type":"Point","coordinates":[12.1932578,48.0296355]},"properties":{"osm_id":5325759974,"osm_type":"node","seamark_type":"distance_mark","display_class":"OTHER","min_zoom":12,"importance":1,"name":null,"ref":null,"common":{"type":"distance_mark"},"children":{"distance_mark":{"category":"not_installed","distance":"164","units":"kilometres"}},"osm_tags":{"seamark:distance_mark:category":"not_installed","seamark:distance_mark:distance":"164","seamark:distance_mark:units":"kilometres","seamark:type":"distance_mark","source":"existing waterway=milestone nodes"}}},{"type":"Feature","geometry":{"type":"Point","coordinates":[12.1837545,48.0235213]},"properties":{"osm_id":5325759975,"osm_type":"node","seamark_type":"distance_mark","display_class":"OTHER","min_zoom":12,"importance":1,"name":null,"ref":null,"common":{"type":"distance_mark"},"children":{"distance_mark":{"category":"not_installed","distance":"165","units":"kilometres"}},"osm_tags":{"seamark:distance_mark:category":"not_installed","seamark:distance_mark:distance":"165","seamark:distance_mark:units":"kilometres","seamark:type":"distance_mark","source":"existing waterway=milestone nodes"}}},{"type":"Feature","geometry":{"type":"Point","coordinates":[12.2101953,48.0552469]},"properties":{"osm_id":5325760007,"osm_type":"node","seamark_type":"distance_mark","display_class":"OTHER","min_zoom":12,"importance":1,"name":null,"ref":null,"common":{"type":"distance_mark"},"children":{"distance_mark":{"category":"board","distance":"160.6","units":"kilometres"}},"osm_tags":{"distance":"160.6","seamark:distance_mark:category":"board","seamark:distance_mark:distance":"160.6","seamark:distance_mark:units":"kilometres","seamark:type":"distance_mark","source":"gps","waterway":"milestone"}}},{"type":"Feature","geometry":{"type":"Point","coordinates":[12.2026132,48.0466904]},"properties":{"osm_id":5325760015,"osm_type":"node","seamark_type":"distance_mark","display_class":"OTHER","min_zoom":12,"importance":1,"name":null,"ref":null,"common":{"type":"distance_mark"},"children":{"distance_mark":{"category":"board","distance":"161.8","units":"kilometres"}},"osm_tags":{"distance":"161.8","seamark:distance_mark:category":"board","seamark:distance_mark:distance":"161.8","seamark:distance_mark:units":"kilometres","seamark:type":"distance_mark","source":"gps","waterway":"milestone"}}},{"type":"Feature","geometry":{"type":"Point","coordinates":[12.20166,48.045066]},"properties":{"osm_id":5325760016,"osm_type":"node","seamark_type":"distance_mark","display_class":"OTHER","min_zoom":12,"importance":1,"name":null,"ref":null,"common":{"type":"distance_mark"},"children":{"distance_mark":{"category":"board","distance":"162.0","units":"kilometres"}},"osm_tags":{"distance":"162.0","seamark:distance_mark:category":"board","seamark:distance_mark:distance":"162.0","seamark:distance_mark:units":"kilometres","seamark:type":"distance_mark","source":"gps","waterway":"milestone"}}},{"type":"Feature","geometry":{"type":"Point","coordinates":[12.1980936,48.0424334]},"properties":{"osm_id":5325760017,"osm_type":"node","seamark_type":"distance_mark","display_class":"OTHER","min_zoom":12,"importance":1,"name":null,"ref":null,"common":{"type":"distance_mark"},"children":{"distance_mark":{"category":"board","distance":"162.4","units":"kilometres"}},"osm_tags":{"distance":"162.4","seamark:distance_mark:category":"board","seamark:distance_mark:distance":"162.4","seamark:distance_mark:units":"kilometres","seamark:type":"distance_mark","source":"gps","waterway":"milestone"}}},{"type":"Feature","geometry":{"type":"Point","coordinates":[12.1929566,48.0405189]},"properties":{"osm_id":5325760225,"osm_type":"node","seamark_type":"distance_mark","display_class":"OTHER","min_zoom":12,"importance":1,"name":null,"ref":null,"common":{"type":"distance_mark"},"children":{"distance_mark":{"category":"board","distance":"162.8","units":"kilometres"}},"osm_tags":{"distance":"162.8","seamark:distance_mark:category":"board","seamark:distance_mark:distance":"162.8","seamark:distance_mark:units":"kilometres","seamark:type":"distance_mark","source":"gps","waterway":"milestone"}}},{"type":"Feature","geometry":{"type":"Point","coordinates":[12.1914299,48.0387367]},"properties":{"osm_id":5325760226,"osm_type":"node","seamark_type":"distance_mark","display_class":"OTHER","min_zoom":12,"importance":1,"name":null,"ref":null,"common":{"type":"distance_mark"},"children":{"distance_mark":{"category":"board","distance":"163.0","units":"kilometres"}},"osm_tags":{"distance":"163.0","seamark:distance_mark:category":"board","seamark:distance_mark:distance":"163.0","seamark:distance_mark:units":"kilometres","seamark:type":"distance_mark","source":"gps","waterway":"milestone"}}},{"type":"Feature","geometry":{"type":"Point","coordinates":[12.1906499,48.0366421]},"properties":{"osm_id":5325760227,"osm_type":"node","seamark_type":"distance_mark","display_class":"OTHER","min_zoom":12,"importance":1,"name":null,"ref":null,"common":{"type":"distance_mark"},"children":{"distance_mark":{"category":"board","distance":"163.2","units":"kilometres"}},"osm_tags":{"distance":"163.2","seamark:distance_mark:category":"board","seamark:distance_mark:distance":"163.2","seamark:distance_mark:units":"kilometres","seamark:type":"distance_mark","source":"gps","waterway":"milestone"}}},{"type":"Feature","geometry":{"type":"Point","coordinates":[12.190312,48.0346896]},"properties":{"osm_id":5325760228,"osm_type":"node","seamark_type":"distance_mark","display_class":"OTHER","min_zoom":12,"importance":1,"name":null,"ref":null,"common":{"type":"distance_mark"},"children":{"distance_mark":{"category":"board","distance":"163.4","units":"kilometres"}},"osm_tags":{"distance":"163.4","seamark:distance_mark:category":"board","seamark:distance_mark:distance":"163.4","seamark:distance_mark:units":"kilometres","seamark:type":"distance_mark","source":"gps","waterway":"milestone"}}},{"type":"Feature","geometry":{"type":"Point","coordinates":[12.19002,48.0329519]},"properties":{"osm_id":5325760229,"osm_type":"node","seamark_type":"distance_mark","display_class":"OTHER","min_zoom":12,"importance":1,"name":null,"ref":null,"common":{"type":"distance_mark"},"children":{"distance_mark":{"category":"board","distance":"163.6","units":"kilometres"}},"osm_tags":{"distance":"163.6","seamark:distance_mark:category":"board","seamark:distance_mark:distance":"163.6","seamark:distance_mark:units":"kilometres","seamark:type":"distance_mark","source":"gps","waterway":"milestone"}}},{"type":"Feature","geometry":{"type":"Point","coordinates":[12.1897239,48.0311834]},"properties":{"osm_id":5325760230,"osm_type":"node","seamark_type":"distance_mark","display_class":"OTHER","min_zoom":12,"importance":1,"name":null,"ref":null,"common":{"type":"distance_mark"},"children":{"distance_mark":{"category":"board","distance":"163.8","units":"kilometres"}},"osm_tags":{"distance":"163.8","seamark:distance_mark:category":"board","seamark:distance_mark:distance":"163.8","seamark:distance_mark:units":"kilometres","seamark:type":"distance_mark","source":"gps","waterway":"milestone"}}},{"type":"Feature","geometry":{"type":"Point","coordinates":[12.1895111,48.0299239]},"properties":{"osm_id":5325760231,"osm_type":"node","seamark_type":"distance_mark","display_class":"OTHER","min_zoom":12,"importance":1,"name":null,"ref":null,"common":{"type":"distance_mark"},"children":{"distance_mark":{"category":"board","distance":"164.0","units":"kilometres"}},"osm_tags":{"distance":"164.0","seamark:distance_mark:category":"board","seamark:distance_mark:distance":"164.0","seamark:distance_mark:units":"kilometres","seamark:type":"distance_mark","source":"gps","waterway":"milestone"}}},{"type":"Feature","geometry":{"type":"Point","coordinates":[12.1879719,48.0284957]},"properties":{"osm_id":5325760233,"osm_type":"node","seamark_type":"distance_mark","display_class":"OTHER","min_zoom":12,"importance":1,"name":null,"ref":null,"common":{"type":"distance_mark"},"children":{"distance_mark":{"category":"board","distance":"164.2","units":"kilometres"}},"osm_tags":{"distance":"164.2","fixme":"Position/Kilometer-Angabe korrekt?","seamark:distance_mark:category":"board","seamark:distance_mark:distance":"164.2","seamark:distance_mark:units":"kilometres","seamark:type":"distance_mark","source":"gps","waterway":"milestone"}}},{"type":"Feature","geometry":{"type":"Point","coordinates":[12.1876779,48.0282655]},"properties":{"osm_id":5325760234,"osm_type":"node","seamark_type":"distance_mark","display_class":"OTHER","min_zoom":12,"importance":1,"name":null,"ref":null,"common":{"type":"distance_mark"},"children":{"distance_mark":{"category":"board","distance":"164.4","units":"kilometres"}},"osm_tags":{"distance":"164.4","fixme":"Position/Kilometer-Angabe korrekt?","seamark:distance_mark:category":"board","seamark:distance_mark:distance":"164.4","seamark:distance_mark:units":"kilometres","seamark:type":"distance_mark","source":"gps","waterway":"milestone"}}},{"type":"Feature","geometry":{"type":"Point","coordinates":[12.1865996,48.0273826]},"properties":{"osm_id":5325760235,"osm_type":"node","seamark_type":"distance_mark","display_class":"OTHER","min_zoom":12,"importance":1,"name":null,"ref":null,"common":{"type":"distance_mark"},"children":{"distance_mark":{"category":"board","distance":"164.6","units":"kilometres"}},"osm_tags":{"distance":"164.6","seamark:distance_mark:category":"board","seamark:distance_mark:distance":"164.6","seamark:distance_mark:units":"kilometres","seamark:type":"distance_mark","source":"gps","waterway":"milestone"}}},{"type":"Feature","geometry":{"type":"Point","coordinates":[12.1853461,48.0263588]},"properties":{"osm_id":5325760236,"osm_type":"node","seamark_type":"distance_mark","display_class":"OTHER","min_zoom":12,"importance":1,"name":null,"ref":null,"common":{"type":"distance_mark"},"children":{"distance_mark":{"category":"board","distance":"164.8","units":"kilometres"}},"osm_tags":{"distance":"164.8","seamark:distance_mark:category":"board","seamark:distance_mark:distance":"164.8","seamark:distance_mark:units":"kilometres","seamark:type":"distance_mark","source":"gps","waterway":"milestone"}}},{"type":"Feature","geometry":{"type":"Point","coordinates":[12.1827891,48.0245629]},"properties":{"osm_id":5325760237,"osm_type":"node","seamark_type":"distance_mark","display_class":"OTHER","min_zoom":12,"importance":1,"name":null,"ref":null,"common":{"type":"distance_mark"},"children":{"distance_mark":{"category":"board","distance":"165.0","units":"kilometres"}},"osm_tags":{"distance":"165.0","seamark:distance_mark:category":"board","seamark:distance_mark:distance":"165.0","seamark:distance_mark:units":"kilometres","seamark:type":"distance_mark","source":"gps","waterway":"milestone"}}},{"type":"Feature","geometry":{"type":"Point","coordinates":[12.1806158,48.0235021]},"properties":{"osm_id":5325760238,"osm_type":"node","seamark_type":"distance_mark","display_class":"OTHER","min_zoom":12,"importance":1,"name":null,"ref":null,"common":{"type":"distance_mark"},"children":{"distance_mark":{"category":"board","distance":"165.2","units":"kilometres"}},"osm_tags":{"distance":"165.2","seamark:distance_mark:category":"board","seamark:distance_mark:distance":"165.2","seamark:distance_mark:units":"kilometres","seamark:type":"distance_mark","source":"gps","waterway":"milestone"}}},{"type":"Feature","geometry":{"type":"Point","coordinates":[12.1763304,48.011419]},"properties":{"osm_id":5774131609,"osm_type":"node","seamark_type":"distance_mark","display_class":"OTHER","min_zoom":12,"importance":1,"name":null,"ref":null,"common":{"type":"distance_mark"},"children":{"distance_mark":{"category":"board","distance":"166.8","units":"kilometres"}},"osm_tags":{"distance":"166.8","seamark:distance_mark:category":"board","seamark:distance_mark:distance":"166.8","seamark:distance_mark:units":"kilometres","seamark:type":"distance_mark","source":"gps","waterway":"milestone"}}},{"type":"Feature","geometry":{"type":"Point","coordinates":[12.6386869,48.2492976]},"properties":{"osm_id":5791775683,"osm_type":"node","seamark_type":"distance_mark","display_class":"OTHER","min_zoom":12,"importance":1,"name":null,"ref":null,"common":{"type":"distance_mark"},"children":{"distance_mark":{"category":"not_installed","distance":"95","units":"kilometres"}},"osm_tags":{"seamark:distance_mark:category":"not_installed","seamark:distance_mark:distance":"95","seamark:distance_mark:units":"kilometres","seamark:type":"distance_mark","source":"existing waterway=milestone nodes"}}},{"type":"Feature","geometry":{"type":"Point","coordinates":[12.614783,48.2453824]},"properties":{"osm_id":5791775684,"osm_type":"node","seamark_type":"distance_mark","display_class":"OTHER","min_zoom":12,"importance":1,"name":null,"ref":null,"common":{"type":"distance_mark"},"children":{"distance_mark":{"category":"not_installed","distance":"97","units":"kilometres"}},"osm_tags":{"seamark:distance_mark:category":"not_installed","seamark:distance_mark:distance":"97","seamark:distance_mark:units":"kilometres","seamark:type":"distance_mark","source":"existing waterway=milestone nodes"}}},{"type":"Feature","geometry":{"type":"Point","coordinates":[12.8112369,48.2710837]},"properties":{"osm_id":6376833310,"osm_type":"node","seamark_type":"distance_mark","display_class":"OTHER","min_zoom":12,"importance":1,"name":null,"ref":null,"common":{"type":"distance_mark"},"children":{"distance_mark":{"category":"not_installed","distance":"81","units":"kilometres"}},"osm_tags":{"seamark:distance_mark:category":"not_installed","seamark:distance_mark:distance":"81","seamark:distance_mark:units":"kilometres","seamark:type":"distance_mark","source":"existing waterway=milestone nodes"}}},{"type":"Feature","geometry":{"type":"Point","coordinates":[12.1016339,48.5196035]},"properties":{"osm_id":6534054327,"osm_type":"node","seamark_type":"distance_mark","display_class":"OTHER","min_zoom":12,"importance":1,"name":null,"ref":null,"common":{"type":"distance_mark"},"children":{"distance_mark":{"category":"board","distance":"79","units":"kilometres"}},"osm_tags":{"distance":"79 km","seamark:distance_mark:category":"board","seamark:distance_mark:distance":"79","seamark:distance_mark:units":"kilometres","seamark:type":"distance_mark","waterway":"milestone"}}},{"type":"Feature","geometry":{"type":"Point","coordinates":[12.0987683,48.5191661]},"properties":{"osm_id":6534056614,"osm_type":"node","seamark_type":"distance_mark","display_class":"OTHER","min_zoom":12,"importance":1,"name":null,"ref":null,"common":{"type":"distance_mark"},"children":{"distance_mark":{"category":"board","distance":"79.2","units":"kilometres"}},"osm_tags":{"distance":"79.2 km","seamark:distance_mark:category":"board","seamark:distance_mark:distance":"79.2","seamark:distance_mark:units":"kilometres","seamark:type":"distance_mark","waterway":"milestone"}}},{"type":"Feature","geometry":{"type":"Point","coordinates":[12.096206,48.5188398]},"properties":{"osm_id":6534056615,"osm_type":"node","seamark_type":"distance_mark","display_class":"OTHER","min_zoom":12,"importance":1,"name":null,"ref":null,"common":{"type":"distance_mark"},"children":{"distance_mark":{"category":"board","distance":"79.4","units":"kilometres"}},"osm_tags":{"distance":"79.4 km","seamark:distance_mark:category":"board","seamark:distance_mark:distance":"79.4","seamark:distance_mark:units":"kilometres","seamark:type":"distance_mark","waterway":"milestone"}}},{"type":"Feature","geometry":{"type":"Point","coordinates":[12.0936403,48.5183462]},"properties":{"osm_id":6534056616,"osm_type":"node","seamark_type":"distance_mark","display_class":"OTHER","min_zoom":12,"importance":1,"name":null,"ref":null,"common":{"type":"distance_mark"},"children":{"distance_mark":{"category":"board","distance":"79.6","units":"kilometres"}},"osm_tags":{"distance":"79.6 km","seamark:distance_mark:category":"board","seamark:distance_mark:distance":"79.6","seamark:distance_mark:units":"kilometres","seamark:type":"distance_mark","waterway":"milestone"}}},{"type":"Feature","geometry":{"type":"Point","coordinates":[12.1144607,48.5220575]},"properties":{"osm_id":6534063460,"osm_type":"node","seamark_type":"distance_mark","display_class":"OTHER","min_zoom":12,"importance":1,"name":null,"ref":null,"common":{"type":"distance_mark"},"children":{"distance_mark":{"category":"board","distance":"78","units":"kilometres"}},"osm_tags":{"distance":"78 km","seamark:distance_mark:category":"board","seamark:distance_mark:distance":"78","seamark:distance_mark:units":"kilometres","seamark:type":"distance_mark","waterway":"milestone"}}},{"type":"Feature","geometry":{"type":"Point","coordinates":[12.1118769,48.5213785]},"properties":{"osm_id":6534063461,"osm_type":"node","seamark_type":"distance_mark","display_class":"OTHER","min_zoom":12,"importance":1,"name":null,"ref":null,"common":{"type":"distance_mark"},"children":{"distance_mark":{"category":"board","distance":"78.2","units":"kilometres"}},"osm_tags":{"distance":"78.2 km","seamark:distance_mark:category":"board","seamark:distance_mark:distance":"78.2","seamark:distance_mark:units":"kilometres","seamark:type":"distance_mark","waterway":"milestone"}}},{"type":"Feature","geometry":{"type":"Point","coordinates":[12.106872,48.5204717]},"properties":{"osm_id":6534063462,"osm_type":"node","seamark_type":"distance_mark","display_class":"OTHER","min_zoom":12,"importance":1,"name":null,"ref":null,"common":{"type":"distance_mark"},"children":{"distance_mark":{"category":"board","distance":"78.6","units":"kilometres"}},"osm_tags":{"distance":"78.6 km","seamark:distance_mark:category":"board","seamark:distance_mark:distance":"78.6","seamark:distance_mark:units":"kilometres","seamark:type":"distance_mark","waterway":"milestone"}}},{"type":"Feature","geometry":{"type":"Point","coordinates":[12.0914151,48.5178998]},"properties":{"osm_id":6534064829,"osm_type":"node","seamark_type":"distance_mark","display_class":"OTHER","min_zoom":12,"importance":1,"name":null,"ref":null,"common":{"type":"distance_mark"},"children":{"distance_mark":{"category":"board","distance":"79.8","units":"kilometres"}},"osm_tags":{"distance":"79.8 km","seamark:distance_mark:category":"board","seamark:distance_mark:distance":"79.8","seamark:distance_mark:units":"kilometres","seamark:type":"distance_mark","waterway":"milestone"}}},{"type":"Feature","geometry":{"type":"Point","coordinates":[12.129325,48.5264194]},"properties":{"osm_id":6534229627,"osm_type":"node","seamark_type":"distance_mark","display_class":"OTHER","min_zoom":12,"importance":1,"name":null,"ref":null,"common":{"type":"distance_mark"},"children":{"distance_mark":{"category":"board","distance":"76.8","units":"kilometres"}},"osm_tags":{"distance":"76.8 km","seamark:distance_mark:category":"board","seamark:distance_mark:distance":"76.8","seamark:distance_mark:units":"kilometres","seamark:type":"distance_mark","waterway":"milestone"}}},{"type":"Feature","geometry":{"type":"Point","coordinates":[12.1268224,48.5256691]},"properties":{"osm_id":6534229628,"osm_type":"node","seamark_type":"distance_mark","display_class":"OTHER","min_zoom":12,"importance":1,"name":null,"ref":null,"common":{"type":"distance_mark"},"children":{"distance_mark":{"category":"board","distance":"77","units":"kilometres"}},"osm_tags":{"distance":"77 km","seamark:distance_mark:category":"board","seamark:distance_mark:distance":"77","seamark:distance_mark:units":"kilometres","seamark:type":"distance_mark","waterway":"milestone"}}},{"type":"Feature","geometry":{"type":"Point","coordinates":[12.1245449,48.5249907]},"properties":{"osm_id":6534229629,"osm_type":"node","seamark_type":"distance_mark","display_class":"OTHER","min_zoom":12,"importance":1,"name":null,"ref":null,"common":{"type":"distance_mark"},"children":{"distance_mark":{"category":"board","distance":"77.2","units":"kilometres"}},"osm_tags":{"distance":"77.2 km","seamark:distance_mark:category":"board","seamark:distance_mark:distance":"77.2","seamark:distance_mark:units":"kilometres","seamark:type":"distance_mark","waterway":"milestone"}}},{"type":"Feature","geometry":{"type":"Point","coordinates":[12.1220691,48.5242985]},"properties":{"osm_id":6534229630,"osm_type":"node","seamark_type":"distance_mark","display_class":"OTHER","min_zoom":12,"importance":1,"name":null,"ref":null,"common":{"type":"distance_mark"},"children":{"distance_mark":{"category":"board","distance":"77.4","units":"kilometres"}},"osm_tags":{"distance":"77.4 km","seamark:distance_mark:category":"board","seamark:distance_mark:distance":"77.4","seamark:distance_mark:units":"kilometres","seamark:type":"distance_mark","waterway":"milestone"}}},{"type":"Feature","geometry":{"type":"Point","coordinates":[12.119588,48.5235662]},"properties":{"osm_id":6534229631,"osm_type":"node","seamark_type":"distance_mark","display_class":"OTHER","min_zoom":12,"importance":1,"name":null,"ref":null,"common":{"type":"distance_mark"},"children":{"distance_mark":{"category":"board","distance":"77.6","units":"kilometres"}},"osm_tags":{"distance":"77.6 km","seamark:distance_mark:category":"board","seamark:distance_mark:distance":"77.6","seamark:distance_mark:units":"kilometres","seamark:type":"distance_mark","waterway":"milestone"}}},{"type":"Feature","geometry":{"type":"Point","coordinates":[12.1509141,48.5418509]},"properties":{"osm_id":6534311031,"osm_type":"node","seamark_type":"distance_mark","display_class":"OTHER","min_zoom":12,"importance":1,"name":null,"ref":null,"common":{"type":"distance_mark"},"children":{"distance_mark":{"category":"board","distance":"74.2","units":"kilometres"}},"osm_tags":{"distance":"74.2 km","seamark:distance_mark:category":"board","seamark:distance_mark:distance":"74.2","seamark:distance_mark:units":"kilometres","seamark:type":"distance_mark","waterway":"milestone"}}},{"type":"Feature","geometry":{"type":"Point","coordinates":[12.1528865,48.5428652]},"properties":{"osm_id":6534311032,"osm_type":"node","seamark_type":"distance_mark","display_class":"OTHER","min_zoom":12,"importance":1,"name":null,"ref":null,"common":{"type":"distance_mark"},"children":{"distance_mark":{"category":"board","distance":"74","units":"kilometres"}},"osm_tags":{"distance":"74 km","seamark:distance_mark:category":"board","seamark:distance_mark:distance":"74","seamark:distance_mark:units":"kilometres","seamark:type":"distance_mark","waterway":"milestone"}}},{"type":"Feature","geometry":{"type":"Point","coordinates":[12.1579372,48.5444914]},"properties":{"osm_id":6534311033,"osm_type":"node","seamark_type":"distance_mark","display_class":"OTHER","min_zoom":12,"importance":1,"name":null,"ref":null,"common":{"type":"distance_mark"},"children":{"distance_mark":{"category":"board","distance":"73.6","units":"kilometres"}},"osm_tags":{"distance":"73.6 km","seamark:distance_mark:category":"board","seamark:distance_mark:distance":"73.6","seamark:distance_mark:units":"kilometres","seamark:type":"distance_mark","waterway":"milestone"}}},{"type":"Feature","geometry":{"type":"Point","coordinates":[12.1603793,48.5453215]},"properties":{"osm_id":6534311034,"osm_type":"node","seamark_type":"distance_mark","display_class":"OTHER","min_zoom":12,"importance":1,"name":null,"ref":null,"common":{"type":"distance_mark"},"children":{"distance_mark":{"category":"board","distance":"73.4","units":"kilometres"}},"osm_tags":{"distance":"73.4 km","seamark:distance_mark:category":"board","seamark:distance_mark:distance":"73.4","seamark:distance_mark:units":"kilometres","seamark:type":"distance_mark","waterway":"milestone"}}},{"type":"Feature","geometry":{"type":"Point","coordinates":[12.1627786,48.5461672]},"properties":{"osm_id":6534311035,"osm_type":"node","seamark_type":"distance_mark","display_class":"OTHER","min_zoom":12,"importance":1,"name":null,"ref":null,"common":{"type":"distance_mark"},"children":{"distance_mark":{"category":"board","distance":"73.2","units":"kilometres"}},"osm_tags":{"distance":"73.2 km","seamark:distance_mark:category":"board","seamark:distance_mark:distance":"73.2","seamark:distance_mark:units":"kilometres","seamark:type":"distance_mark","waterway":"milestone"}}},{"type":"Feature","geometry":{"type":"Point","coordinates":[12.1649907,48.5472084]},"properties":{"osm_id":6534311036,"osm_type":"node","seamark_type":"distance_mark","display_class":"OTHER","min_zoom":12,"importance":1,"name":null,"ref":null,"common":{"type":"distance_mark"},"children":{"distance_mark":{"category":"board"}},"osm_tags":{"distance":"73 km","seamark:distance_mark:category":"board","seamark:type":"distance_mark","waterway":"milestone"}}},{"type":"Feature","geometry":{"type":"Point","coordinates":[12.1697519,48.5513209]},"properties":{"osm_id":6534311037,"osm_type":"node","seamark_type":"distance_mark","display_class":"OTHER","min_zoom":12,"importance":1,"name":null,"ref":null,"common":{"type":"distance_mark"},"children":{"distance_mark":{"category":"board"}},"osm_tags":{"distance":"72.4 km","seamark:distance_mark:category":"board","seamark:type":"distance_mark","waterway":"milestone"}}},{"type":"Feature","geometry":{"type":"Point","coordinates":[12.1810101,48.5568401]},"properties":{"osm_id":6534311038,"osm_type":"node","seamark_type":"distance_mark","display_class":"OTHER","min_zoom":12,"importance":1,"name":null,"ref":null,"common":{"type":"distance_mark"},"children":{"distance_mark":{"category":"stone"}},"osm_tags":{"distance":"71.4 km","seamark:distance_mark:category":"stone","seamark:type":"distance_mark","waterway":"milestone"}}},{"type":"Feature","geometry":{"type":"Point","coordinates":[12.1806368,48.5549692]},"properties":{"osm_id":6534311039,"osm_type":"node","seamark_type":"distance_mark","display_class":"OTHER","min_zoom":12,"importance":1,"name":null,"ref":null,"common":{"type":"distance_mark"},"children":{"distance_mark":{"category":"stone"}},"osm_tags":{"distance":"71.6 km","seamark:distance_mark:category":"stone","seamark:type":"distance_mark","waterway":"milestone"}}},{"type":"Feature","geometry":{"type":"Point","coordinates":[12.1801921,48.5532443]},"properties":{"osm_id":6534311040,"osm_type":"node","seamark_type":"distance_mark","display_class":"OTHER","min_zoom":12,"importance":1,"name":null,"ref":null,"common":{"type":"distance_mark"},"children":{"distance_mark":{"category":"stone"}},"osm_tags":{"distance":"71.8 km","seamark:distance_mark:category":"stone","seamark:type":"distance_mark","waterway":"milestone"}}},{"type":"Feature","geometry":{"type":"Point","coordinates":[12.1737809,48.5474149]},"properties":{"osm_id":6534311043,"osm_type":"node","seamark_type":"distance_mark","display_class":"OTHER","min_zoom":12,"importance":1,"name":null,"ref":null,"common":{"type":"distance_mark"},"children":{"distance_mark":{"category":"board","distance":"72.6","units":"kilometres"}},"osm_tags":{"distance":"72.6 km","seamark:distance_mark:category":"board","seamark:distance_mark:distance":"72.6","seamark:distance_mark:units":"kilometres","seamark:type":"distance_mark","waterway":"milestone"}}},{"type":"Feature","geometry":{"type":"Point","coordinates":[12.1691865,48.5457374]},"properties":{"osm_id":6534311044,"osm_type":"node","seamark_type":"distance_mark","display_class":"OTHER","min_zoom":12,"importance":1,"name":null,"ref":null,"common":{"type":"distance_mark"},"children":{"distance_mark":{"category":"board","distance":"73","units":"kilometres"}},"osm_tags":{"distance":"73 km","seamark:distance_mark:category":"board","seamark:distance_mark:distance":"73","seamark:distance_mark:units":"kilometres","seamark:type":"distance_mark","waterway":"milestone"}}},{"type":"Feature","geometry":{"type":"Point","coordinates":[12.1668237,48.5448528]},"properties":{"osm_id":6534311045,"osm_type":"node","seamark_type":"distance_mark","display_class":"OTHER","min_zoom":12,"importance":1,"name":null,"ref":null,"common":{"type":"distance_mark"},"children":{"distance_mark":{"category":"board","distance":"73.2","units":"kilometres"}},"osm_tags":{"distance":"73.2 km","seamark:distance_mark:category":"board","seamark:distance_mark:distance":"73.2","seamark:distance_mark:units":"kilometres","seamark:type":"distance_mark","waterway":"milestone"}}},{"type":"Feature","geometry":{"type":"Point","coordinates":[12.1644576,48.5438891]},"properties":{"osm_id":6534311046,"osm_type":"node","seamark_type":"distance_mark","display_class":"OTHER","min_zoom":12,"importance":1,"name":null,"ref":null,"common":{"type":"distance_mark"},"children":{"distance_mark":{"category":"board","distance":"73.4","units":"kilometres"}},"osm_tags":{"distance":"73.4 km","seamark:distance_mark:category":"board","seamark:distance_mark:distance":"73.4","seamark:distance_mark:units":"kilometres","seamark:type":"distance_mark","waterway":"milestone"}}},{"type":"Feature","geometry":{"type":"Point","coordinates":[12.1605383,48.542762]},"properties":{"osm_id":6534311047,"osm_type":"node","seamark_type":"distance_mark","display_class":"OTHER","min_zoom":12,"importance":1,"name":null,"ref":null,"common":{"type":"distance_mark"},"children":{"distance_mark":{"category":"board","distance":"73.8","units":"kilometres"}},"osm_tags":{"distance":"73.8 km","seamark:distance_mark:category":"board","seamark:distance_mark:distance":"73.8","seamark:distance_mark:units":"kilometres","seamark:type":"distance_mark","waterway":"milestone"}}},{"type":"Feature","geometry":{"type":"Point","coordinates":[12.1530339,48.5399699]},"properties":{"osm_id":6534311049,"osm_type":"node","seamark_type":"distance_mark","display_class":"OTHER","min_zoom":12,"importance":1,"name":null,"ref":null,"common":{"type":"distance_mark"},"children":{"distance_mark":{"category":"not_installed"}},"osm_tags":{"distance":"74.4 km","seamark:distance_mark:category":"not_installed","seamark:type":"distance_mark","waterway":"milestone"}}},{"type":"Feature","geometry":{"type":"Point","coordinates":[12.15094,48.5386744]},"properties":{"osm_id":6534311050,"osm_type":"node","seamark_type":"distance_mark","display_class":"OTHER","min_zoom":12,"importance":1,"name":null,"ref":null,"common":{"type":"distance_mark"},"children":{"distance_mark":{"category":"board","distance":"74.6","units":"kilometres"}},"osm_tags":{"distance":"74.6 km","seamark:distance_mark:category":"board","seamark:distance_mark:distance":"74.6","seamark:distance_mark:units":"kilometres","seamark:type":"distance_mark","waterway":"milestone"}}},{"type":"Feature","geometry":{"type":"Point","coordinates":[12.1476412,48.5360834]},"properties":{"osm_id":6534311052,"osm_type":"node","seamark_type":"distance_mark","display_class":"OTHER","min_zoom":12,"importance":1,"name":null,"ref":null,"common":{"type":"distance_mark"},"children":{"distance_mark":{"category":"board","distance":"75","units":"kilometres"}},"osm_tags":{"distance":"75 km","seamark:distance_mark:category":"board","seamark:distance_mark:distance":"75","seamark:distance_mark:units":"kilometres","seamark:type":"distance_mark","waterway":"milestone"}}},{"type":"Feature","geometry":{"type":"Point","coordinates":[12.1428143,48.53158]},"properties":{"osm_id":6534311053,"osm_type":"node","seamark_type":"distance_mark","display_class":"OTHER","min_zoom":12,"importance":1,"name":null,"ref":null,"common":{"type":"distance_mark"},"children":{"distance_mark":{"category":"board","distance":"75.6","units":"kilometres"}},"osm_tags":{"distance":"75.6 km","seamark:distance_mark:category":"board","seamark:distance_mark:distance":"75.6","seamark:distance_mark:units":"kilometres","seamark:type":"distance_mark","waterway":"milestone"}}},{"type":"Feature","geometry":{"type":"Point","coordinates":[12.1414716,48.5302917]},"properties":{"osm_id":6534311054,"osm_type":"node","seamark_type":"distance_mark","display_class":"OTHER","min_zoom":12,"importance":1,"name":null,"ref":null,"common":{"type":"distance_mark"},"children":{"distance_mark":{"category":"board","distance":"75.8","units":"kilometres"}},"osm_tags":{"distance":"75.8 km","seamark:distance_mark:category":"board","seamark:distance_mark:distance":"75.8","seamark:distance_mark:units":"kilometres","seamark:type":"distance_mark","waterway":"milestone"}}},{"type":"Feature","geometry":{"type":"Point","coordinates":[12.1391829,48.5292922]},"properties":{"osm_id":6534311055,"osm_type":"node","seamark_type":"distance_mark","display_class":"OTHER","min_zoom":12,"importance":1,"name":null,"ref":null,"common":{"type":"distance_mark"},"children":{"distance_mark":{"category":"board","distance":"76","units":"kilometres"}},"osm_tags":{"distance":"76 km","seamark:distance_mark:category":"board","seamark:distance_mark:distance":"76","seamark:distance_mark:units":"kilometres","seamark:type":"distance_mark","waterway":"milestone"}}},{"type":"Feature","geometry":{"type":"Point","coordinates":[12.1367511,48.528638]},"properties":{"osm_id":6534311056,"osm_type":"node","seamark_type":"distance_mark","display_class":"OTHER","min_zoom":12,"importance":1,"name":null,"ref":null,"common":{"type":"distance_mark"},"children":{"distance_mark":{"category":"board","distance":"76.2","units":"kilometres"}},"osm_tags":{"distance":"76.2 km","seamark:distance_mark:category":"board","seamark:distance_mark:distance":"76.2","seamark:distance_mark:units":"kilometres","seamark:type":"distance_mark","waterway":"milestone"}}},{"type":"Feature","geometry":{"type":"Point","coordinates":[12.1343737,48.5278989]},"properties":{"osm_id":6534311057,"osm_type":"node","seamark_type":"distance_mark","display_class":"OTHER","min_zoom":12,"importance":1,"name":null,"ref":null,"common":{"type":"distance_mark"},"children":{"distance_mark":{"category":"board","distance":"76.4","units":"kilometres"}},"osm_tags":{"distance":"76.4 km","seamark:distance_mark:category":"board","seamark:distance_mark:distance":"76.4","seamark:distance_mark:units":"kilometres","seamark:type":"distance_mark","waterway":"milestone"}}},{"type":"Feature","geometry":{"type":"Point","coordinates":[12.1581968,48.5418458]},"properties":{"osm_id":6536071373,"osm_type":"node","seamark_type":"distance_mark","display_class":"OTHER","min_zoom":12,"importance":1,"name":null,"ref":null,"common":{"type":"distance_mark"},"children":{"distance_mark":{"category":"board","distance":"74","units":"kilometres"}},"osm_tags":{"distance":"74 km","seamark:distance_mark:category":"board","seamark:distance_mark:distance":"74","seamark:distance_mark:units":"kilometres","seamark:type":"distance_mark","waterway":"milestone"}}},{"type":"Feature","geometry":{"type":"Point","coordinates":[12.1480427,48.5377348]},"properties":{"osm_id":6536106596,"osm_type":"node","seamark_type":"distance_mark","display_class":"OTHER","min_zoom":12,"importance":1,"name":null,"ref":null,"common":{"type":"distance_mark"},"children":{"distance_mark":{"category":"board","distance":"74.8","units":"kilometres"}},"osm_tags":{"distance":"74.8 km","seamark:distance_mark:category":"board","seamark:distance_mark:distance":"74.8","seamark:distance_mark:units":"kilometres","seamark:type":"distance_mark","waterway":"milestone"}}},{"type":"Feature","geometry":{"type":"Point","coordinates":[12.1482738,48.5393739]},"properties":{"osm_id":6536106597,"osm_type":"node","seamark_type":"distance_mark","display_class":"OTHER","min_zoom":12,"importance":1,"name":null,"ref":null,"common":{"type":"distance_mark"},"children":{"distance_mark":{"category":"board","distance":"74.6","units":"kilometres"}},"osm_tags":{"distance":"74.6 km","seamark:distance_mark:category":"board","seamark:distance_mark:distance":"74.6","seamark:distance_mark:units":"kilometres","seamark:type":"distance_mark","waterway":"milestone"}}},{"type":"Feature","geometry":{"type":"Point","coordinates":[12.149486,48.5408566]},"properties":{"osm_id":6536106598,"osm_type":"node","seamark_type":"distance_mark","display_class":"OTHER","min_zoom":12,"importance":1,"name":null,"ref":null,"common":{"type":"distance_mark"},"children":{"distance_mark":{"category":"board","distance":"74.4","units":"kilometres"}},"osm_tags":{"distance":"74.4 km","seamark:distance_mark:category":"board","seamark:distance_mark:distance":"74.4","seamark:distance_mark:units":"kilometres","seamark:type":"distance_mark","waterway":"milestone"}}},{"type":"Feature","geometry":{"type":"Point","coordinates":[12.1554142,48.5436013]},"properties":{"osm_id":6536109967,"osm_type":"node","seamark_type":"distance_mark","display_class":"OTHER","min_zoom":12,"importance":1,"name":null,"ref":null,"common":{"type":"distance_mark"},"children":{"distance_mark":{"category":"board","distance":"73.8","units":"kilometres"}},"osm_tags":{"distance":"73.8 km","seamark:distance_mark:category":"board","seamark:distance_mark:distance":"73.8","seamark:distance_mark:units":"kilometres","seamark:type":"distance_mark","waterway":"milestone"}}},{"type":"Feature","geometry":{"type":"Point","coordinates":[12.178115,48.549708]},"properties":{"osm_id":6536130207,"osm_type":"node","seamark_type":"distance_mark","display_class":"OTHER","min_zoom":12,"importance":1,"name":null,"ref":null,"common":{"type":"distance_mark"},"children":{"distance_mark":{"category":"board","distance":"72.2","units":"kilometres"}},"osm_tags":{"distance":"72.2 km","seamark:distance_mark:category":"board","seamark:distance_mark:distance":"72.2","seamark:distance_mark:units":"kilometres","seamark:type":"distance_mark","waterway":"milestone"}}},{"type":"Feature","geometry":{"type":"Point","coordinates":[12.1714392,48.5465533]},"properties":{"osm_id":6536130208,"osm_type":"node","seamark_type":"distance_mark","display_class":"OTHER","min_zoom":12,"importance":1,"name":null,"ref":null,"common":{"type":"distance_mark"},"children":{"distance_mark":{"category":"board","distance":"72.8","units":"kilometres"}},"osm_tags":{"distance":"72.8 km","seamark:distance_mark:category":"board","seamark:distance_mark:distance":"72.8","seamark:distance_mark:units":"kilometres","seamark:type":"distance_mark","waterway":"milestone"}}},{"type":"Feature","geometry":{"type":"Point","coordinates":[12.1458062,48.534726]},"properties":{"osm_id":6536134176,"osm_type":"node","seamark_type":"distance_mark","display_class":"OTHER","min_zoom":12,"importance":1,"name":null,"ref":null,"common":{"type":"distance_mark"},"children":{"distance_mark":{"category":"board","distance":"75.2","units":"kilometres"}},"osm_tags":{"distance":"75.2 km","seamark:distance_mark:category":"board","seamark:distance_mark:distance":"75.2","seamark:distance_mark:units":"kilometres","seamark:type":"distance_mark","waterway":"milestone"}}},{"type":"Feature","geometry":{"type":"Point","coordinates":[12.8377213,48.2539803]},"properties":{"osm_id":6635556397,"osm_type":"node","seamark_type":"distance_mark","display_class":"OTHER","min_zoom":12,"importance":1,"name":null,"ref":null,"common":{"type":"distance_mark"},"children":{"distance_mark":{"category":"not_installed","distance":"78","units":"kilometres"}},"osm_tags":{"seamark:distance_mark:category":"not_installed","seamark:distance_mark:distance":"78","seamark:distance_mark:units":"kilometres","seamark:type":"distance_mark","source":"existing waterway=milestone nodes"}}},{"type":"Feature","geometry":{"type":"Point","coordinates":[12.8313753,48.2617562]},"properties":{"osm_id":6635556398,"osm_type":"node","seamark_type":"distance_mark","display_class":"OTHER","min_zoom":12,"importance":1,"name":null,"ref":null,"common":{"type":"distance_mark"},"children":{"distance_mark":{"category":"not_installed","distance":"79","units":"kilometres"}},"osm_tags":{"seamark:distance_mark:category":"not_installed","seamark:distance_mark:distance":"79","seamark:distance_mark:units":"kilometres","seamark:type":"distance_mark","source":"existing waterway=milestone nodes"}}},{"type":"Feature","geometry":{"type":"Point","coordinates":[12.8007786,48.2657395]},"properties":{"osm_id":6635556399,"osm_type":"node","seamark_type":"distance_mark","display_class":"OTHER","min_zoom":12,"importance":1,"name":null,"ref":null,"common":{"type":"distance_mark"},"children":{"distance_mark":{"category":"not_installed","distance":"82","units":"kilometres"}},"osm_tags":{"seamark:distance_mark:category":"not_installed","seamark:distance_mark:distance":"82","seamark:distance_mark:units":"kilometres","seamark:type":"distance_mark","source":"existing waterway=milestone nodes"}}},{"type":"Feature","geometry":{"type":"Point","coordinates":[12.7766384,48.2598262]},"properties":{"osm_id":6635556520,"osm_type":"node","seamark_type":"distance_mark","display_class":"OTHER","min_zoom":12,"importance":1,"name":null,"ref":null,"common":{"type":"distance_mark"},"children":{"distance_mark":{"category":"not_installed","distance":"84","units":"kilometres"}},"osm_tags":{"seamark:distance_mark:category":"not_installed","seamark:distance_mark:distance":"84","seamark:distance_mark:units":"kilometres","seamark:type":"distance_mark","source":"existing waterway=milestone nodes"}}},{"type":"Feature","geometry":{"type":"Point","coordinates":[12.7522257,48.2527233]},"properties":{"osm_id":6635556529,"osm_type":"node","seamark_type":"distance_mark","display_class":"OTHER","min_zoom":12,"importance":1,"name":null,"ref":null,"common":{"type":"distance_mark"},"children":{"distance_mark":{"category":"not_installed","distance":"86","units":"kilometres"}},"osm_tags":{"seamark:distance_mark:category":"not_installed","seamark:distance_mark:distance":"86","seamark:distance_mark:units":"kilometres","seamark:type":"distance_mark","source":"existing waterway=milestone nodes"}}},{"type":"Feature","geometry":{"type":"Point","coordinates":[12.7388241,48.2522725]},"properties":{"osm_id":6635556530,"osm_type":"node","seamark_type":"distance_mark","display_class":"OTHER","min_zoom":12,"importance":1,"name":null,"ref":null,"common":{"type":"distance_mark"},"children":{"distance_mark":{"category":"not_installed","distance":"87","units":"kilometres"}},"osm_tags":{"seamark:distance_mark:category":"not_installed","seamark:distance_mark:distance":"87","seamark:distance_mark:units":"kilometres","seamark:type":"distance_mark","source":"existing waterway=milestone nodes"}}},{"type":"Feature","geometry":{"type":"Point","coordinates":[12.726742,48.256078]},"properties":{"osm_id":6635556531,"osm_type":"node","seamark_type":"distance_mark","display_class":"OTHER","min_zoom":12,"importance":1,"name":null,"ref":null,"common":{"type":"distance_mark"},"children":{"distance_mark":{"category":"not_installed","distance":"88","units":"kilometres"}},"osm_tags":{"seamark:distance_mark:category":"not_installed","seamark:distance_mark:distance":"88","seamark:distance_mark:units":"kilometres","seamark:type":"distance_mark","source":"existing waterway=milestone nodes"}}},{"type":"Feature","geometry":{"type":"Point","coordinates":[12.7145927,48.2593502]},"properties":{"osm_id":6635556575,"osm_type":"node","seamark_type":"distance_mark","display_class":"OTHER","min_zoom":12,"importance":1,"name":null,"ref":null,"common":{"type":"distance_mark"},"children":{"distance_mark":{"category":"not_installed","distance":"89","units":"kilometres"}},"osm_tags":{"seamark:distance_mark:category":"not_installed","seamark:distance_mark:distance":"89","seamark:distance_mark:units":"kilometres","seamark:type":"distance_mark","source":"existing waterway=milestone nodes"}}},{"type":"Feature","geometry":{"type":"Point","coordinates":[12.6788486,48.2499718]},"properties":{"osm_id":6635556589,"osm_type":"node","seamark_type":"distance_mark","display_class":"OTHER","min_zoom":12,"importance":1,"name":null,"ref":null,"common":{"type":"distance_mark"},"children":{"distance_mark":{"category":"not_installed","distance":"92","units":"kilometres"}},"osm_tags":{"seamark:distance_mark:category":"not_installed","seamark:distance_mark:distance":"92","seamark:distance_mark:units":"kilometres","seamark:type":"distance_mark","source":"existing waterway=milestone nodes"}}},{"type":"Feature","geometry":{"type":"Point","coordinates":[12.9811941,48.2254501]},"properties":{"osm_id":6635602948,"osm_type":"node","seamark_type":"distance_mark","display_class":"OTHER","min_zoom":12,"importance":1,"name":null,"ref":null,"common":{"type":"distance_mark"},"children":{"distance_mark":{"category":"not_installed","distance":"64","units":"kilometres"}},"osm_tags":{"seamark:distance_mark:category":"not_installed","seamark:distance_mark:distance":"64","seamark:distance_mark:units":"kilometres","seamark:type":"distance_mark","source":"existing waterway=milestone nodes"}}},{"type":"Feature","geometry":{"type":"Point","coordinates":[12.8900245,48.2371311]},"properties":{"osm_id":6635602973,"osm_type":"node","seamark_type":"distance_mark","display_class":"OTHER","min_zoom":12,"importance":1,"name":null,"ref":null,"common":{"type":"distance_mark"},"children":{"distance_mark":{"category":"not_installed","distance":"73","units":"kilometres"}},"osm_tags":{"seamark:distance_mark:category":"not_installed","seamark:distance_mark:distance":"73","seamark:distance_mark:units":"kilometres","seamark:type":"distance_mark","source":"existing waterway=milestone nodes"}}},{"type":"Feature","geometry":{"type":"Point","coordinates":[12.8823992,48.2445552]},"properties":{"osm_id":6635602975,"osm_type":"node","seamark_type":"distance_mark","display_class":"OTHER","min_zoom":12,"importance":1,"name":null,"ref":null,"common":{"type":"distance_mark"},"children":{"distance_mark":{"category":"not_installed","distance":"74","units":"kilometres"}},"osm_tags":{"seamark:distance_mark:category":"not_installed","seamark:distance_mark:distance":"74","seamark:distance_mark:units":"kilometres","seamark:type":"distance_mark","source":"existing waterway=milestone nodes"}}},{"type":"Feature","geometry":{"type":"Point","coordinates":[12.8717278,48.2483228]},"properties":{"osm_id":6635602984,"osm_type":"node","seamark_type":"distance_mark","display_class":"OTHER","min_zoom":12,"importance":1,"name":null,"ref":null,"common":{"type":"distance_mark"},"children":{"distance_mark":{"category":"not_installed","distance":"75","units":"kilometres"}},"osm_tags":{"seamark:distance_mark:category":"not_installed","seamark:distance_mark:distance":"75","seamark:distance_mark:units":"kilometres","seamark:type":"distance_mark","source":"interpolation of existing waterway=milestone nodes in the neighborhood"}}},{"type":"Feature","geometry":{"type":"Point","coordinates":[12.8581172,48.24523]},"properties":{"osm_id":6635609091,"osm_type":"node","seamark_type":"distance_mark","display_class":"OTHER","min_zoom":12,"importance":1,"name":null,"ref":null,"common":{"type":"distance_mark"},"children":{"distance_mark":{"category":"not_installed","distance":"76","units":"kilometres"}},"osm_tags":{"seamark:distance_mark:category":"not_installed","seamark:distance_mark:distance":"76","seamark:distance_mark:units":"kilometres","seamark:type":"distance_mark","source":"existing waterway=milestone nodes"}}},{"type":"Feature","geometry":{"type":"Point","coordinates":[12.962822,48.212427]},"properties":{"osm_id":6652269582,"osm_type":"node","seamark_type":"distance_mark","display_class":"OTHER","min_zoom":12,"importance":1,"name":null,"ref":null,"common":{"type":"distance_mark"},"children":{"distance_mark":{"category":"not_installed","distance":"66","units":"kilometres"}},"osm_tags":{"seamark:distance_mark:category":"not_installed","seamark:distance_mark:distance":"66","seamark:distance_mark:units":"kilometres","seamark:type":"distance_mark","source":"existing waterway=milestone nodes"}}},{"type":"Feature","geometry":{"type":"Point","coordinates":[12.8297602,48.030624]},"properties":{"osm_id":6653484242,"osm_type":"node","seamark_type":"distance_mark","display_class":"OTHER","min_zoom":12,"importance":1,"name":null,"ref":null,"common":{"type":"distance_mark"},"children":{"distance_mark":{"category":"not_installed","distance":"33","units":"kilometres"}},"osm_tags":{"seamark:distance_mark:category":"not_installed","seamark:distance_mark:distance":"33","seamark:distance_mark:units":"kilometres","seamark:type":"distance_mark","source":"existing waterway=milestone nodes"}}},{"type":"Feature","geometry":{"type":"Point","coordinates":[12.8485397,48.0176599]},"properties":{"osm_id":6653484243,"osm_type":"node","seamark_type":"distance_mark","display_class":"OTHER","min_zoom":12,"importance":1,"name":null,"ref":null,"common":{"type":"distance_mark"},"children":{"distance_mark":{"category":"not_installed","distance":"35","units":"kilometres"}},"osm_tags":{"seamark:distance_mark:category":"not_installed","seamark:distance_mark:distance":"35","seamark:distance_mark:units":"kilometres","seamark:type":"distance_mark","source":"existing waterway=milestone nodes"}}},{"type":"Feature","geometry":{"type":"Point","coordinates":[12.8588766,48.0014341]},"properties":{"osm_id":6653484245,"osm_type":"node","seamark_type":"distance_mark","display_class":"OTHER","min_zoom":12,"importance":1,"name":null,"ref":null,"common":{"type":"distance_mark"},"children":{"distance_mark":{"category":"not_installed","distance":"37","units":"kilometres"}},"osm_tags":{"seamark:distance_mark:category":"not_installed","seamark:distance_mark:distance":"37","seamark:distance_mark:units":"kilometres","seamark:type":"distance_mark","source":"existing waterway=milestone nodes"}}},{"type":"Feature","geometry":{"type":"Point","coordinates":[12.755308,48.0815276]},"properties":{"osm_id":6653643711,"osm_type":"node","seamark_type":"distance_mark","display_class":"OTHER","min_zoom":12,"importance":1,"name":null,"ref":null,"common":{"type":"distance_mark"},"children":{"distance_mark":{"category":"not_installed","distance":"25","units":"kilometres"}},"osm_tags":{"seamark:distance_mark:category":"not_installed","seamark:distance_mark:distance":"25","seamark:distance_mark:units":"kilometres","seamark:type":"distance_mark","source":"existing waterway=milestone nodes"}}},{"type":"Feature","geometry":{"type":"Point","coordinates":[12.7696385,48.0666031]},"properties":{"osm_id":6653643733,"osm_type":"node","seamark_type":"distance_mark","display_class":"OTHER","min_zoom":12,"importance":1,"name":null,"ref":null,"common":{"type":"distance_mark"},"children":{"distance_mark":{"category":"not_installed","distance":"27","units":"kilometres"}},"osm_tags":{"seamark:distance_mark:category":"not_installed","seamark:distance_mark:distance":"27","seamark:distance_mark:units":"kilometres","seamark:type":"distance_mark","source":"existing waterway=milestone nodes"}}},{"type":"Feature","geometry":{"type":"Point","coordinates":[12.7794839,48.0603727]},"properties":{"osm_id":6653643776,"osm_type":"node","seamark_type":"distance_mark","display_class":"OTHER","min_zoom":12,"importance":1,"name":null,"ref":null,"common":{"type":"distance_mark"},"children":{"distance_mark":{"category":"not_installed","distance":"28","units":"kilometres"}},"osm_tags":{"seamark:distance_mark:category":"not_installed","seamark:distance_mark:distance":"28","seamark:distance_mark:units":"kilometres","seamark:type":"distance_mark","source":"existing waterway=milestone nodes"}}},{"type":"Feature","geometry":{"type":"Point","coordinates":[12.7894196,48.0543974]},"properties":{"osm_id":6653643777,"osm_type":"node","seamark_type":"distance_mark","display_class":"OTHER","min_zoom":12,"importance":1,"name":null,"ref":null,"common":{"type":"distance_mark"},"children":{"distance_mark":{"category":"not_installed","distance":"29","units":"kilometres"}},"osm_tags":{"seamark:distance_mark:category":"not_installed","seamark:distance_mark:distance":"29","seamark:distance_mark:units":"kilometres","seamark:type":"distance_mark","source":"existing waterway=milestone nodes"}}},{"type":"Feature","geometry":{"type":"Point","coordinates":[12.7995872,48.0484689]},"properties":{"osm_id":6653643778,"osm_type":"node","seamark_type":"distance_mark","display_class":"OTHER","min_zoom":12,"importance":1,"name":null,"ref":null,"common":{"type":"distance_mark"},"children":{"distance_mark":{"category":"not_installed","distance":"30","units":"kilometres"}},"osm_tags":{"seamark:distance_mark:category":"not_installed","seamark:distance_mark:distance":"30","seamark:distance_mark:units":"kilometres","seamark:type":"distance_mark","source":"existing waterway=milestone nodes"}}},{"type":"Feature","geometry":{"type":"Point","coordinates":[12.8097267,48.0425083]},"properties":{"osm_id":6653643779,"osm_type":"node","seamark_type":"distance_mark","display_class":"OTHER","min_zoom":12,"importance":1,"name":null,"ref":null,"common":{"type":"distance_mark"},"children":{"distance_mark":{"category":"not_installed","distance":"31","units":"kilometres"}},"osm_tags":{"seamark:distance_mark:category":"not_installed","seamark:distance_mark:distance":"31","seamark:distance_mark:units":"kilometres","seamark:type":"distance_mark","source":"existing waterway=milestone nodes"}}},{"type":"Feature","geometry":{"type":"Point","coordinates":[12.7977217,48.1425519]},"properties":{"osm_id":6654634757,"osm_type":"node","seamark_type":"distance_mark","display_class":"OTHER","min_zoom":12,"importance":1,"name":null,"ref":null,"common":{"type":"distance_mark"},"children":{"distance_mark":{"category":"not_installed","distance":"15","units":"kilometres"}},"osm_tags":{"seamark:distance_mark:category":"not_installed","seamark:distance_mark:distance":"15","seamark:distance_mark:units":"kilometres","seamark:type":"distance_mark","source":"existing waterway=milestone nodes"}}},{"type":"Feature","geometry":{"type":"Point","coordinates":[12.7942632,48.1341833]},"properties":{"osm_id":6654634758,"osm_type":"node","seamark_type":"distance_mark","display_class":"OTHER","min_zoom":12,"importance":1,"name":null,"ref":null,"common":{"type":"distance_mark"},"children":{"distance_mark":{"category":"not_installed","distance":"16","units":"kilometres"}},"osm_tags":{"seamark:distance_mark:category":"not_installed","seamark:distance_mark:distance":"16","seamark:distance_mark:units":"kilometres","seamark:type":"distance_mark","source":"existing waterway=milestone nodes"}}},{"type":"Feature","geometry":{"type":"Point","coordinates":[12.7783978,48.1252045]},"properties":{"osm_id":6654634760,"osm_type":"node","seamark_type":"distance_mark","display_class":"OTHER","min_zoom":12,"importance":1,"name":null,"ref":null,"common":{"type":"distance_mark"},"children":{"distance_mark":{"category":"not_installed","distance":"18","units":"kilometres"}},"osm_tags":{"seamark:distance_mark:category":"not_installed","seamark:distance_mark:distance":"18","seamark:distance_mark:units":"kilometres","seamark:type":"distance_mark","source":"existing waterway=milestone nodes"}}},{"type":"Feature","geometry":{"type":"Point","coordinates":[12.7581288,48.1237565]},"properties":{"osm_id":6654634761,"osm_type":"node","seamark_type":"distance_mark","display_class":"OTHER","min_zoom":12,"importance":1,"name":null,"ref":null,"common":{"type":"distance_mark"},"children":{"distance_mark":{"category":"not_installed","distance":"20","units":"kilometres"}},"osm_tags":{"seamark:distance_mark:category":"not_installed","seamark:distance_mark:distance":"20","seamark:distance_mark:units":"kilometres","seamark:type":"distance_mark","source":"existing waterway=milestone nodes"}}},{"type":"Feature","geometry":{"type":"Point","coordinates":[12.7888867,48.1261193]},"properties":{"osm_id":6654681922,"osm_type":"node","seamark_type":"distance_mark","display_class":"OTHER","min_zoom":12,"importance":1,"name":null,"ref":null,"common":{"type":"distance_mark"},"children":{"distance_mark":{"category":"not_installed","distance":"17","units":"kilometres"}},"osm_tags":{"seamark:distance_mark:category":"not_installed","seamark:distance_mark:distance":"17","seamark:distance_mark:units":"kilometres","seamark:type":"distance_mark","source":"existing waterway=milestone nodes"}}},{"type":"Feature","geometry":{"type":"Point","coordinates":[12.9039265,48.204246]},"properties":{"osm_id":6654724714,"osm_type":"node","seamark_type":"distance_mark","display_class":"OTHER","min_zoom":12,"importance":1,"name":null,"ref":null,"common":{"type":"distance_mark"},"children":{"distance_mark":{"category":"not_installed","distance":"3","units":"kilometres"}},"osm_tags":{"seamark:distance_mark:category":"not_installed","seamark:distance_mark:distance":"3","seamark:distance_mark:units":"kilometres","seamark:type":"distance_mark","source":"existing waterway=milestone nodes"}}},{"type":"Feature","geometry":{"type":"Point","coordinates":[12.8905257,48.2035028]},"properties":{"osm_id":6654724715,"osm_type":"node","seamark_type":"distance_mark","display_class":"OTHER","min_zoom":12,"importance":1,"name":null,"ref":null,"common":{"type":"distance_mark"},"children":{"distance_mark":{"category":"not_installed","distance":"4","units":"kilometres"}},"osm_tags":{"seamark:distance_mark:category":"not_installed","seamark:distance_mark:distance":"4","seamark:distance_mark:units":"kilometres","seamark:type":"distance_mark","source":"existing waterway=milestone nodes"}}},{"type":"Feature","geometry":{"type":"Point","coordinates":[12.8771904,48.202839]},"properties":{"osm_id":6654724716,"osm_type":"node","seamark_type":"distance_mark","display_class":"OTHER","min_zoom":12,"importance":1,"name":null,"ref":null,"common":{"type":"distance_mark"},"children":{"distance_mark":{"category":"not_installed","distance":"5","units":"kilometres"}},"osm_tags":{"seamark:distance_mark:category":"not_installed","seamark:distance_mark:distance":"5","seamark:distance_mark:units":"kilometres","seamark:type":"distance_mark","source":"existing waterway=milestone nodes"}}},{"type":"Feature","geometry":{"type":"Point","coordinates":[12.8625915,48.1896293]},"properties":{"osm_id":6654724717,"osm_type":"node","seamark_type":"distance_mark","display_class":"OTHER","min_zoom":12,"importance":1,"name":null,"ref":null,"common":{"type":"distance_mark"},"children":{"distance_mark":{"category":"not_installed","distance":"7","units":"kilometres"}},"osm_tags":{"seamark:distance_mark:category":"not_installed","seamark:distance_mark:distance":"7","seamark:distance_mark:units":"kilometres","seamark:type":"distance_mark","source":"existing waterway=milestone nodes"}}},{"type":"Feature","geometry":{"type":"Point","coordinates":[12.8569238,48.1814868]},"properties":{"osm_id":6654724718,"osm_type":"node","seamark_type":"distance_mark","display_class":"OTHER","min_zoom":12,"importance":1,"name":null,"ref":null,"common":{"type":"distance_mark"},"children":{"distance_mark":{"category":"not_installed","distance":"8","units":"kilometres"}},"osm_tags":{"seamark:distance_mark:category":"not_installed","seamark:distance_mark:distance":"8","seamark:distance_mark:units":"kilometres","seamark:type":"distance_mark","source":"existing waterway=milestone nodes"}}},{"type":"Feature","geometry":{"type":"Point","coordinates":[12.2157794,48.0685658]},"properties":{"osm_id":6721898083,"osm_type":"node","seamark_type":"distance_mark","display_class":"OTHER","min_zoom":12,"importance":1,"name":null,"ref":null,"common":{"type":"distance_mark"},"children":{"distance_mark":{"category":"not_installed","distance":"156","units":"kilometres"}},"osm_tags":{"seamark:distance_mark:category":"not_installed","seamark:distance_mark:distance":"156","seamark:distance_mark:units":"kilometres","seamark:type":"distance_mark","source":"interpolation of existing waterway=milestone nodes in the neighborhood"}}},{"type":"Feature","geometry":{"type":"Point","coordinates":[12.271001,48.1158287]},"properties":{"osm_id":6721905190,"osm_type":"node","seamark_type":"distance_mark","display_class":"OTHER","min_zoom":12,"importance":1,"name":null,"ref":null,"common":{"type":"distance_mark"},"children":{"distance_mark":{"category":"not_installed","distance":"147","units":"kilometres"}},"osm_tags":{"seamark:distance_mark:category":"not_installed","seamark:distance_mark:distance":"147","seamark:distance_mark:units":"kilometres","seamark:type":"distance_mark","source":"interpolation of existing waterway=milestone nodes in the neighborhood"}}},{"type":"Feature","geometry":{"type":"Point","coordinates":[12.2173528,48.0577479]},"properties":{"osm_id":6721905191,"osm_type":"node","seamark_type":"distance_mark","display_class":"OTHER","min_zoom":12,"importance":1,"name":null,"ref":null,"common":{"type":"distance_mark"},"children":{"distance_mark":{"category":"not_installed","distance":"160","units":"kilometres"}},"osm_tags":{"seamark:distance_mark:category":"not_installed","seamark:distance_mark:distance":"160","seamark:distance_mark:units":"kilometres","seamark:type":"distance_mark","source":"interpolation of existing waterway=milestone nodes in the neighborhood"}}},{"type":"Feature","geometry":{"type":"Point","coordinates":[12.9159147,48.2175781]},"properties":{"osm_id":6736412163,"osm_type":"node","seamark_type":"distance_mark","display_class":"OTHER","min_zoom":12,"importance":1,"name":null,"ref":null,"common":{"type":"distance_mark"},"children":{"distance_mark":{"category":"not_installed","distance":"70","units":"kilometres"}},"osm_tags":{"seamark:distance_mark:category":"not_installed","seamark:distance_mark:distance":"70","seamark:distance_mark:units":"kilometres","seamark:type":"distance_mark","source":"interpolation of existing waterway=milestone nodes in the neighborhood"}}},{"type":"Feature","geometry":{"type":"Point","coordinates":[12.9010316,48.2322381]},"properties":{"osm_id":6736412164,"osm_type":"node","seamark_type":"distance_mark","display_class":"OTHER","min_zoom":12,"importance":1,"name":null,"ref":null,"common":{"type":"distance_mark"},"children":{"distance_mark":{"category":"not_installed","distance":"72","units":"kilometres"}},"osm_tags":{"seamark:distance_mark:category":"not_installed","seamark:distance_mark:distance":"72","seamark:distance_mark:units":"kilometres","seamark:type":"distance_mark","source":"interpolation of existing waterway=milestone nodes in the neighborhood"}}},{"type":"Feature","geometry":{"type":"Point","coordinates":[12.845145,48.2468572]},"properties":{"osm_id":6736412165,"osm_type":"node","seamark_type":"distance_mark","display_class":"OTHER","min_zoom":12,"importance":1,"name":null,"ref":null,"common":{"type":"distance_mark"},"children":{"distance_mark":{"category":"not_installed","distance":"77","units":"kilometres"}},"osm_tags":{"seamark:distance_mark:category":"not_installed","seamark:distance_mark:distance":"77","seamark:distance_mark:units":"kilometres","seamark:type":"distance_mark","source":"interpolation of existing waterway=milestone nodes in the neighborhood"}}},{"type":"Feature","geometry":{"type":"Point","coordinates":[12.8233853,48.268633]},"properties":{"osm_id":6736412166,"osm_type":"node","seamark_type":"distance_mark","display_class":"OTHER","min_zoom":12,"importance":1,"name":null,"ref":null,"common":{"type":"distance_mark"},"children":{"distance_mark":{"category":"not_installed","distance":"80","units":"kilometres"}},"osm_tags":{"seamark:distance_mark:category":"not_installed","seamark:distance_mark:distance":"80","seamark:distance_mark:units":"kilometres","seamark:type":"distance_mark","source":"interpolation of existing waterway=milestone nodes in the neighborhood"}}},{"type":"Feature","geometry":{"type":"Point","coordinates":[12.7897128,48.2606652]},"properties":{"osm_id":6736412167,"osm_type":"node","seamark_type":"distance_mark","display_class":"OTHER","min_zoom":12,"importance":1,"name":null,"ref":null,"common":{"type":"distance_mark"},"children":{"distance_mark":{"category":"not_installed","distance":"83","units":"kilometres"}},"osm_tags":{"seamark:distance_mark:category":"not_installed","seamark:distance_mark:distance":"83","seamark:distance_mark:units":"kilometres","seamark:type":"distance_mark","source":"interpolation of existing waterway=milestone nodes in the neighborhood"}}},{"type":"Feature","geometry":{"type":"Point","coordinates":[12.7641731,48.2569812]},"properties":{"osm_id":6736412168,"osm_type":"node","seamark_type":"distance_mark","display_class":"OTHER","min_zoom":12,"importance":1,"name":null,"ref":null,"common":{"type":"distance_mark"},"children":{"distance_mark":{"category":"not_installed","distance":"85","units":"kilometres"}},"osm_tags":{"seamark:distance_mark:category":"not_installed","seamark:distance_mark:distance":"85","seamark:distance_mark:units":"kilometres","seamark:type":"distance_mark","source":"interpolation of existing waterway=milestone nodes in the neighborhood"}}},{"type":"Feature","geometry":{"type":"Point","coordinates":[12.7022596,48.2567306]},"properties":{"osm_id":6736412169,"osm_type":"node","seamark_type":"distance_mark","display_class":"OTHER","min_zoom":12,"importance":1,"name":null,"ref":null,"common":{"type":"distance_mark"},"children":{"distance_mark":{"category":"not_installed","distance":"90","units":"kilometres"}},"osm_tags":{"seamark:distance_mark:category":"not_installed","seamark:distance_mark:distance":"90","seamark:distance_mark:units":"kilometres","seamark:type":"distance_mark","source":"interpolation of existing waterway=milestone nodes in the neighborhood"}}},{"type":"Feature","geometry":{"type":"Point","coordinates":[12.6922201,48.2506666]},"properties":{"osm_id":6736412170,"osm_type":"node","seamark_type":"distance_mark","display_class":"OTHER","min_zoom":12,"importance":1,"name":null,"ref":null,"common":{"type":"distance_mark"},"children":{"distance_mark":{"category":"not_installed","distance":"91","units":"kilometres"}},"osm_tags":{"seamark:distance_mark:category":"not_installed","seamark:distance_mark:distance":"91","seamark:distance_mark:units":"kilometres","seamark:type":"distance_mark","source":"interpolation of existing waterway=milestone nodes in the neighborhood"}}},{"type":"Feature","geometry":{"type":"Point","coordinates":[12.5421432,48.2392458]},"properties":{"osm_id":6736412171,"osm_type":"node","seamark_type":"distance_mark","display_class":"OTHER","min_zoom":12,"importance":1,"name":null,"ref":null,"common":{"type":"distance_mark"},"children":{"distance_mark":{"category":"not_installed","distance":"103","units":"kilometres"}},"osm_tags":{"seamark:distance_mark:category":"not_installed","seamark:distance_mark:distance":"103","seamark:distance_mark:units":"kilometres","seamark:type":"distance_mark","source":"interpolation of existing waterway=milestone nodes in the neighborhood"}}},{"type":"Feature","geometry":{"type":"Point","coordinates":[12.5164539,48.2420113]},"properties":{"osm_id":6736412172,"osm_type":"node","seamark_type":"distance_mark","display_class":"OTHER","min_zoom":12,"importance":1,"name":null,"ref":null,"common":{"type":"distance_mark"},"children":{"distance_mark":{"category":"not_installed","distance":"106","units":"kilometres"}},"osm_tags":{"seamark:distance_mark:category":"not_installed","seamark:distance_mark:distance":"106","seamark:distance_mark:units":"kilometres","seamark:type":"distance_mark","source":"interpolation of existing waterway=milestone nodes in the neighborhood"}}},{"type":"Feature","geometry":{"type":"Point","coordinates":[12.4320087,48.2043922]},"properties":{"osm_id":6736412173,"osm_type":"node","seamark_type":"distance_mark","display_class":"OTHER","min_zoom":12,"importance":1,"name":null,"ref":null,"common":{"type":"distance_mark"},"children":{"distance_mark":{"category":"not_installed","distance":"120","units":"kilometres"}},"osm_tags":{"seamark:distance_mark:category":"not_installed","seamark:distance_mark:distance":"120","seamark:distance_mark:units":"kilometres","seamark:type":"distance_mark","source":"interpolation of existing waterway=milestone nodes in the neighborhood"}}},{"type":"Feature","geometry":{"type":"Point","coordinates":[12.3822713,48.1784693]},"properties":{"osm_id":6736412174,"osm_type":"node","seamark_type":"distance_mark","display_class":"OTHER","min_zoom":12,"importance":1,"name":null,"ref":null,"common":{"type":"distance_mark"},"children":{"distance_mark":{"category":"not_installed","distance":"128","units":"kilometres"}},"osm_tags":{"seamark:distance_mark:category":"not_installed","seamark:distance_mark:distance":"128","seamark:distance_mark:units":"kilometres","seamark:type":"distance_mark","source":"interpolation of existing waterway=milestone nodes in the neighborhood"}}},{"type":"Feature","geometry":{"type":"Point","coordinates":[12.9169323,48.2064658]},"properties":{"osm_id":6736463775,"osm_type":"node","seamark_type":"distance_mark","display_class":"OTHER","min_zoom":12,"importance":1,"name":null,"ref":null,"common":{"type":"distance_mark"},"children":{"distance_mark":{"category":"not_installed","distance":"2","units":"kilometres"}},"osm_tags":{"seamark:distance_mark:category":"not_installed","seamark:distance_mark:distance":"2","seamark:distance_mark:units":"kilometres","seamark:type":"distance_mark","source":"existing waterway=milestone nodes"}}},{"type":"Feature","geometry":{"type":"Point","coordinates":[12.8503691,48.1735899]},"properties":{"osm_id":6736463777,"osm_type":"node","seamark_type":"distance_mark","display_class":"OTHER","min_zoom":12,"importance":1,"name":null,"ref":null,"common":{"type":"distance_mark"},"children":{"distance_mark":{"category":"not_installed","distance":"9","units":"kilometres"}},"osm_tags":{"seamark:distance_mark:category":"not_installed","seamark:distance_mark:distance":"9","seamark:distance_mark:units":"kilometres","seamark:type":"distance_mark","source":"existing waterway=milestone nodes"}}},{"type":"Feature","geometry":{"type":"Point","coordinates":[12.8303547,48.1545878]},"properties":{"osm_id":6736463779,"osm_type":"node","seamark_type":"distance_mark","display_class":"OTHER","min_zoom":12,"importance":1,"name":null,"ref":null,"common":{"type":"distance_mark"},"children":{"distance_mark":{"category":"not_installed","distance":"12","units":"kilometres"}},"osm_tags":{"seamark:distance_mark:category":"not_installed","seamark:distance_mark:distance":"12","seamark:distance_mark:units":"kilometres","seamark:type":"distance_mark","source":"existing waterway=milestone nodes"}}},{"type":"Feature","geometry":{"type":"Point","coordinates":[12.749239,48.1082356]},"properties":{"osm_id":6736463780,"osm_type":"node","seamark_type":"distance_mark","display_class":"OTHER","min_zoom":12,"importance":1,"name":null,"ref":null,"common":{"type":"distance_mark"},"children":{"distance_mark":{"category":"not_installed","distance":"22","units":"kilometres"}},"osm_tags":{"seamark:distance_mark:category":"not_installed","seamark:distance_mark:distance":"22","seamark:distance_mark:units":"kilometres","seamark:type":"distance_mark","source":"existing waterway=milestone nodes"}}},{"type":"Feature","geometry":{"type":"Point","coordinates":[12.589342,48.5697363]},"properties":{"osm_id":7179520821,"osm_type":"node","seamark_type":"buoy_special_purpose","display_class":"OTHER","min_zoom":12,"importance":1,"name":null,"ref":null,"common":{"type":"buoy_special_purpose"},"children":{"buoy_special_purpose":{"category":"no_entry","colour":"yellow","shape":"conical"},"topmark":{"colour":"red;white;red","colour_pattern":"horizontal","shape":"cylinder"}},"osm_tags":{"description":"Gelbe Boje mit rundem Rot-Weiß-Rotem Toppzeichen","seamark:buoy_special_purpose:category":"no_entry","seamark:buoy_special_purpose:colour":"yellow","seamark:buoy_special_purpose:shape":"conical","seamark:topmark:colour":"red;white;red","seamark:topmark:colour_pattern":"horizontal","seamark:topmark:shape":"cylinder","seamark:type":"buoy_special_purpose","source":"local knowledge"}}},{"type":"Feature","geometry":{"type":"Point","coordinates":[12.1640387,48.5464014]},"properties":{"osm_id":7179523891,"osm_type":"node","seamark_type":"notice","display_class":"OTHER","min_zoom":12,"importance":1,"name":null,"ref":null,"common":{"type":"notice"},"children":{"notice":{"category":"channel_two_way","function":"recommendation"}},"osm_tags":{"seamark:notice:category":"channel_two_way","seamark:notice:function":"recommendation","seamark:type":"notice"}}},{"type":"Feature","geometry":{"type":"Point","coordinates":[12.1640825,48.546365]},"properties":{"osm_id":7179588795,"osm_type":"node","seamark_type":"notice","display_class":"OTHER","min_zoom":12,"importance":1,"name":null,"ref":null,"common":{"type":"notice"},"children":{"notice":{"category":"no_passage_right","function":"recommendation"}},"osm_tags":{"seamark:notice:category":"no_passage_right","seamark:notice:function":"recommendation","seamark:type":"notice"}}},{"type":"Feature","geometry":{"type":"Point","coordinates":[12.1640051,48.5464292]},"properties":{"osm_id":7179588796,"osm_type":"node","seamark_type":"notice","display_class":"OTHER","min_zoom":12,"importance":1,"name":null,"ref":null,"common":{"type":"notice"},"children":{"notice":{"category":"no_passage_left","function":"recommendation"}},"osm_tags":{"seamark:notice:category":"no_passage_left","seamark:notice:function":"recommendation","seamark:type":"notice"}}},{"type":"Feature","geometry":{"type":"Point","coordinates":[12.5894548,48.5694998]},"properties":{"osm_id":7181971329,"osm_type":"node","seamark_type":"buoy_special_purpose","display_class":"OTHER","min_zoom":12,"importance":1,"name":null,"ref":null,"common":{"type":"buoy_special_purpose"},"children":{"buoy_special_purpose":{"category":"no_entry","colour":"yellow","shape":"conical"},"topmark":{"colour":"red;white;red","colour_pattern":"horizontal","shape":"cylinder"}},"osm_tags":{"description":"Gelbe Boje mit rundem Rot-Weiß-Rotem Toppzeichen","seamark:buoy_special_purpose:category":"no_entry","seamark:buoy_special_purpose:colour":"yellow","seamark:buoy_special_purpose:shape":"conical","seamark:topmark:colour":"red;white;red","seamark:topmark:colour_pattern":"horizontal","seamark:topmark:shape":"cylinder","seamark:type":"buoy_special_purpose","source":"local knowledge"}}},{"type":"Feature","geometry":{"type":"Point","coordinates":[12.5903399,48.5691362]},"properties":{"osm_id":7181971331,"osm_type":"node","seamark_type":"buoy_special_purpose","display_class":"OTHER","min_zoom":12,"importance":1,"name":null,"ref":null,"common":{"type":"buoy_special_purpose"},"children":{"buoy_special_purpose":{"category":"no_entry","colour":"yellow","shape":"conical"},"topmark":{"colour":"red;white;red","colour_pattern":"horizontal","shape":"cylinder"}},"osm_tags":{"description":"Gelbe Boje mit rundem Rot-Weiß-Rotem Toppzeichen ","seamark:buoy_special_purpose:category":"no_entry","seamark:buoy_special_purpose:colour":"yellow","seamark:buoy_special_purpose:shape":"conical","seamark:topmark:colour":"red;white;red","seamark:topmark:colour_pattern":"horizontal","seamark:topmark:shape":"cylinder","seamark:type":"buoy_special_purpose","source":"local knowledge"}}},{"type":"Feature","geometry":{"type":"Point","coordinates":[12.5906939,48.5692155]},"properties":{"osm_id":7181971332,"osm_type":"node","seamark_type":"buoy_special_purpose","display_class":"OTHER","min_zoom":12,"importance":1,"name":null,"ref":null,"common":{"type":"buoy_special_purpose"},"children":{"buoy_special_purpose":{"category":"no_entry","colour":"yellow","shape":"conical"},"topmark":{"colour":"red;white;red","colour_pattern":"horizontal","shape":"cylinder"}},"osm_tags":{"description":"Gelbe Boje mit rundem Rot-Weiß-Rotem Toppzeichen","seamark:buoy_special_purpose:category":"no_entry","seamark:buoy_special_purpose:colour":"yellow","seamark:buoy_special_purpose:shape":"conical","seamark:topmark:colour":"red;white;red","seamark:topmark:colour_pattern":"horizontal","seamark:topmark:shape":"cylinder","seamark:type":"buoy_special_purpose","source":"local knowledge"}}},{"type":"Feature","geometry":{"type":"Point","coordinates":[12.1449237,48.5336494]},"properties":{"osm_id":7386385290,"osm_type":"node","seamark_type":"small_craft_facility","display_class":"OTHER","min_zoom":12,"importance":1,"name":null,"ref":null,"common":{"type":"small_craft_facility"},"children":{"small_craft_facility":{"category":"slipway"}},"osm_tags":{"access":"yes","fee":"no","lanes":"1","leisure":"slipway","seamark:small_craft_facility:category":"slipway","seamark:type":"small_craft_facility","surface":"paving_stones"}}},{"type":"Feature","geometry":{"type":"Point","coordinates":[12.2132771,48.5810656]},"properties":{"osm_id":7387184145,"osm_type":"node","seamark_type":"buoy_special_purpose","display_class":"OTHER","min_zoom":12,"importance":1,"name":null,"ref":null,"common":{"type":"buoy_special_purpose"},"children":{"buoy_special_purpose":{"category":"no_entry","colour":"yellow","shape":"conical"},"topmark":{"colour":"red;white;red","colour_pattern":"horizontal","shape":"cylinder"}},"osm_tags":{"seamark:buoy_special_purpose:category":"no_entry","seamark:buoy_special_purpose:colour":"yellow","seamark:buoy_special_purpose:shape":"conical","seamark:topmark:colour":"red;white;red","seamark:topmark:colour_pattern":"horizontal","seamark:topmark:shape":"cylinder","seamark:type":"buoy_special_purpose","source":"local knowledge"}}},{"type":"Feature","geometry":{"type":"Point","coordinates":[12.2145704,48.580612]},"properties":{"osm_id":7387184146,"osm_type":"node","seamark_type":"buoy_special_purpose","display_class":"OTHER","min_zoom":12,"importance":1,"name":null,"ref":null,"common":{"type":"buoy_special_purpose"},"children":{"buoy_special_purpose":{"category":"no_entry","colour":"yellow","shape":"conical"},"topmark":{"colour":"red;white;red","colour_pattern":"horizontal","shape":"cylinder"}},"osm_tags":{"seamark:buoy_special_purpose:category":"no_entry","seamark:buoy_special_purpose:colour":"yellow","seamark:buoy_special_purpose:shape":"conical","seamark:topmark:colour":"red;white;red","seamark:topmark:colour_pattern":"horizontal","seamark:topmark:shape":"cylinder","seamark:type":"buoy_special_purpose","source":"local knowledge"}}},{"type":"Feature","geometry":{"type":"Point","coordinates":[12.2158578,48.5801594]},"properties":{"osm_id":7387184147,"osm_type":"node","seamark_type":"buoy_special_purpose","display_class":"OTHER","min_zoom":12,"importance":1,"name":null,"ref":null,"common":{"type":"buoy_special_purpose"},"children":{"buoy_special_purpose":{"category":"no_entry","colour":"yellow","shape":"conical"},"topmark":{"colour":"red;white;red","colour_pattern":"horizontal","shape":"cylinder"}},"osm_tags":{"seamark:buoy_special_purpose:category":"no_entry","seamark:buoy_special_purpose:colour":"yellow","seamark:buoy_special_purpose:shape":"conical","seamark:topmark:colour":"red;white;red","seamark:topmark:colour_pattern":"horizontal","seamark:topmark:shape":"cylinder","seamark:type":"buoy_special_purpose","source":"local knowledge"}}},{"type":"Feature","geometry":{"type":"Point","coordinates":[12.2177699,48.5794746]},"properties":{"osm_id":7387184148,"osm_type":"node","seamark_type":"buoy_special_purpose","display_class":"OTHER","min_zoom":12,"importance":1,"name":null,"ref":null,"common":{"type":"buoy_special_purpose"},"children":{"buoy_special_purpose":{"category":"no_entry","colour":"yellow","shape":"conical"},"topmark":{"colour":"red;white;red","colour_pattern":"horizontal","shape":"cylinder"}},"osm_tags":{"seamark:buoy_special_purpose:category":"no_entry","seamark:buoy_special_purpose:colour":"yellow","seamark:buoy_special_purpose:shape":"conical","seamark:topmark:colour":"red;white;red","seamark:topmark:colour_pattern":"horizontal","seamark:topmark:shape":"cylinder","seamark:type":"buoy_special_purpose","source":"local knowledge"}}},{"type":"Feature","geometry":{"type":"Point","coordinates":[12.0035733,48.4971903]},"properties":{"osm_id":7406219359,"osm_type":"node","seamark_type":"distance_mark","display_class":"OTHER","min_zoom":12,"importance":1,"name":null,"ref":null,"common":{"type":"distance_mark"},"children":{"distance_mark":{"category":"board","distance":"87","units":"kilometres"}},"osm_tags":{"distance":"87","seamark:distance_mark:category":"board","seamark:distance_mark:distance":"87","seamark:distance_mark:units":"kilometres","seamark:type":"distance_mark","waterway":"milestone"}}},{"type":"Feature","geometry":{"type":"Point","coordinates":[12.1396542,48.5284641]},"properties":{"osm_id":7666931803,"osm_type":"node","seamark_type":"bridge","display_class":"OTHER","min_zoom":12,"importance":1,"name":null,"ref":null,"common":{"type":"bridge"},"children":{"bridge":{"category":"fixed"}},"osm_tags":{"layer":"-1","seamark:bridge:category":"fixed","seamark:type":"bridge"}}},{"type":"Feature","geometry":{"type":"Point","coordinates":[12.1373282,48.528487]},"properties":{"osm_id":7666931804,"osm_type":"node","seamark_type":"bridge","display_class":"OTHER","min_zoom":12,"importance":1,"name":null,"ref":null,"common":{"type":"bridge"},"children":{"bridge":{"category":"fixed"}},"osm_tags":{"seamark:bridge:category":"fixed","seamark:type":"bridge"}}},{"type":"Feature","geometry":{"type":"Point","coordinates":[12.1501591,48.5372458]},"properties":{"osm_id":7666931805,"osm_type":"node","seamark_type":"bridge","display_class":"OTHER","min_zoom":12,"importance":1,"name":null,"ref":null,"common":{"type":"bridge"},"children":{"bridge":{"category":"fixed","clearance_height":"3 m"}},"osm_tags":{"seamark:bridge:category":"fixed","seamark:bridge:clearance_height":"3 m","seamark:type":"bridge"}}},{"type":"Feature","geometry":{"type":"Point","coordinates":[12.0123381,48.4814518]},"properties":{"osm_id":7670743857,"osm_type":"node","seamark_type":"buoy_special_purpose","display_class":"OTHER","min_zoom":12,"importance":1,"name":null,"ref":null,"common":{"type":"buoy_special_purpose"},"children":{"buoy_special_purpose":{"category":"no_entry","colour":"blue","shape":"barrel"}},"osm_tags":{"seamark:buoy_special_purpose:category":"no_entry","seamark:buoy_special_purpose:colour":"blue","seamark:buoy_special_purpose:shape":"barrel","seamark:type":"buoy_special_purpose"}}},{"type":"Feature","geometry":{"type":"Point","coordinates":[12.0126934,48.4814478]},"properties":{"osm_id":7670743858,"osm_type":"node","seamark_type":"buoy_special_purpose","display_class":"OTHER","min_zoom":12,"importance":1,"name":null,"ref":null,"common":{"type":"buoy_special_purpose"},"children":{"buoy_special_purpose":{"category":"no_entry","colour":"blue","shape":"barrel"}},"osm_tags":{"seamark:buoy_special_purpose:category":"no_entry","seamark:buoy_special_purpose:colour":"blue","seamark:buoy_special_purpose:shape":"barrel","seamark:type":"buoy_special_purpose"}}},{"type":"Feature","geometry":{"type":"Point","coordinates":[12.0130607,48.4814379]},"properties":{"osm_id":7670743859,"osm_type":"node","seamark_type":"buoy_special_purpose","display_class":"OTHER","min_zoom":12,"importance":1,"name":null,"ref":null,"common":{"type":"buoy_special_purpose"},"children":{"buoy_special_purpose":{"category":"no_entry","colour":"blue","shape":"barrel"}},"osm_tags":{"seamark:buoy_special_purpose:category":"no_entry","seamark:buoy_special_purpose:colour":"blue","seamark:buoy_special_purpose:shape":"barrel","seamark:type":"buoy_special_purpose"}}},{"type":"Feature","geometry":{"type":"Point","coordinates":[12.0134298,48.4814274]},"properties":{"osm_id":7670743860,"osm_type":"node","seamark_type":"buoy_special_purpose","display_class":"OTHER","min_zoom":12,"importance":1,"name":null,"ref":null,"common":{"type":"buoy_special_purpose"},"children":{"buoy_special_purpose":{"category":"no_entry","colour":"blue","shape":"barrel"}},"osm_tags":{"seamark:buoy_special_purpose:category":"no_entry","seamark:buoy_special_purpose:colour":"blue","seamark:buoy_special_purpose:shape":"barrel","seamark:type":"buoy_special_purpose"}}},{"type":"Feature","geometry":{"type":"Point","coordinates":[12.3573607,48.6273055]},"properties":{"osm_id":7670807986,"osm_type":"node","seamark_type":"buoy_special_purpose","display_class":"OTHER","min_zoom":12,"importance":1,"name":null,"ref":null,"common":{"type":"buoy_special_purpose"},"children":{"buoy_special_purpose":{"category":"no_entry","colour":"red","shape":"spherical"}},"osm_tags":{"seamark:buoy_special_purpose:category":"no_entry","seamark:buoy_special_purpose:colour":"red","seamark:buoy_special_purpose:shape":"spherical","seamark:type":"buoy_special_purpose"}}},{"type":"Feature","geometry":{"type":"Point","coordinates":[12.3578642,48.6275017]},"properties":{"osm_id":7670807987,"osm_type":"node","seamark_type":"buoy_special_purpose","display_class":"OTHER","min_zoom":12,"importance":1,"name":null,"ref":null,"common":{"type":"buoy_special_purpose"},"children":{"buoy_special_purpose":{"category":"no_entry","colour":"red","shape":"spherical"}},"osm_tags":{"seamark:buoy_special_purpose:category":"no_entry","seamark:buoy_special_purpose:colour":"red","seamark:buoy_special_purpose:shape":"spherical","seamark:type":"buoy_special_purpose"}}},{"type":"Feature","geometry":{"type":"Point","coordinates":[12.3583171,48.6276745]},"properties":{"osm_id":7670807988,"osm_type":"node","seamark_type":"buoy_special_purpose","display_class":"OTHER","min_zoom":12,"importance":1,"name":null,"ref":null,"common":{"type":"buoy_special_purpose"},"children":{"buoy_special_purpose":{"category":"no_entry","colour":"red","shape":"spherical"}},"osm_tags":{"seamark:buoy_special_purpose:category":"no_entry","seamark:buoy_special_purpose:colour":"red","seamark:buoy_special_purpose:shape":"spherical","seamark:type":"buoy_special_purpose"}}},{"type":"Feature","geometry":{"type":"Point","coordinates":[12.3589544,48.6279331]},"properties":{"osm_id":7670807989,"osm_type":"node","seamark_type":"buoy_special_purpose","display_class":"OTHER","min_zoom":12,"importance":1,"name":null,"ref":null,"common":{"type":"buoy_special_purpose"},"children":{"buoy_special_purpose":{"category":"no_entry","colour":"red","shape":"spherical"}},"osm_tags":{"seamark:buoy_special_purpose:category":"no_entry","seamark:buoy_special_purpose:colour":"red","seamark:buoy_special_purpose:shape":"spherical","seamark:type":"buoy_special_purpose"}}},{"type":"Feature","geometry":{"type":"Point","coordinates":[12.3570348,48.6271767]},"properties":{"osm_id":7670807990,"osm_type":"node","seamark_type":"buoy_special_purpose","display_class":"OTHER","min_zoom":12,"importance":1,"name":null,"ref":null,"common":{"type":"buoy_special_purpose"},"children":{"buoy_special_purpose":{"category":"no_entry","colour":"red","shape":"spherical"}},"osm_tags":{"seamark:buoy_special_purpose:category":"no_entry","seamark:buoy_special_purpose:colour":"red","seamark:buoy_special_purpose:shape":"spherical","seamark:type":"buoy_special_purpose"}}},{"type":"Feature","geometry":{"type":"Point","coordinates":[12.1451347,48.5218621]},"properties":{"osm_id":7671743598,"osm_type":"node","seamark_type":"bridge","display_class":"OTHER","min_zoom":12,"importance":1,"name":null,"ref":null,"common":{"type":"bridge"},"children":{"bridge":{"category":"fixed","clearance_height":"2.5"}},"osm_tags":{"seamark:bridge:category":"fixed","seamark:bridge:clearance_height":"2.5","seamark:type":"bridge"}}},{"type":"Feature","geometry":{"type":"Point","coordinates":[12.1446762,48.522176]},"properties":{"osm_id":7671743599,"osm_type":"node","seamark_type":"bridge","display_class":"OTHER","min_zoom":12,"importance":1,"name":null,"ref":null,"common":{"type":"bridge"},"children":{"bridge":{"category":"fixed","clearance_height":"2.5"}},"osm_tags":{"seamark:bridge:category":"fixed","seamark:bridge:clearance_height":"2.5","seamark:type":"bridge"}}},{"type":"Feature","geometry":{"type":"Point","coordinates":[12.1439676,48.5228895]},"properties":{"osm_id":7671743600,"osm_type":"node","seamark_type":"bridge","display_class":"OTHER","min_zoom":12,"importance":1,"name":null,"ref":null,"common":{"type":"bridge"},"children":{"bridge":{"category":"fixed","clearance_height":"2.5"}},"osm_tags":{"seamark:bridge:category":"fixed","seamark:bridge:clearance_height":"2.5","seamark:type":"bridge"}}},{"type":"Feature","geometry":{"type":"Point","coordinates":[12.1435368,48.523363]},"properties":{"osm_id":7671743601,"osm_type":"node","seamark_type":"bridge","display_class":"OTHER","min_zoom":12,"importance":1,"name":null,"ref":null,"common":{"type":"bridge"},"children":{"bridge":{"category":"fixed","clearance_height":"2.5"}},"osm_tags":{"seamark:bridge:category":"fixed","seamark:bridge:clearance_height":"2.5","seamark:type":"bridge"}}},{"type":"Feature","geometry":{"type":"Point","coordinates":[12.1431489,48.523781]},"properties":{"osm_id":7671743602,"osm_type":"node","seamark_type":"bridge","display_class":"OTHER","min_zoom":12,"importance":1,"name":null,"ref":null,"common":{"type":"bridge"},"children":{"bridge":{"category":"fixed","clearance_height":"2.5"}},"osm_tags":{"seamark:bridge:category":"fixed","seamark:bridge:clearance_height":"2.5","seamark:type":"bridge"}}},{"type":"Feature","geometry":{"type":"Point","coordinates":[12.5762678,48.5666086]},"properties":{"osm_id":7683330749,"osm_type":"node","seamark_type":"buoy_special_purpose","display_class":"OTHER","min_zoom":12,"importance":1,"name":null,"ref":null,"common":{"type":"buoy_special_purpose"},"children":{"buoy_special_purpose":{"colour":"red","shape":"conical"}},"osm_tags":{"description":"Boje die zur Markierung des Naturschutzgebietes dient","seamark:buoy_special_purpose:colour":"red","seamark:buoy_special_purpose:shape":"conical","seamark:type":"buoy_special_purpose"}}},{"type":"Feature","geometry":{"type":"Point","coordinates":[12.5767755,48.5662839]},"properties":{"osm_id":7683330750,"osm_type":"node","seamark_type":"buoy_special_purpose","display_class":"OTHER","min_zoom":12,"importance":1,"name":null,"ref":null,"common":{"type":"buoy_special_purpose"},"children":{"buoy_special_purpose":{"colour":"red","shape":"conical"}},"osm_tags":{"description":"Boje die zur Markierung des Naturschutzgebietes dient","seamark:buoy_special_purpose:colour":"red","seamark:buoy_special_purpose:shape":"conical","seamark:type":"buoy_special_purpose"}}},{"type":"Feature","geometry":{"type":"Point","coordinates":[12.5772158,48.566018]},"properties":{"osm_id":7683330751,"osm_type":"node","seamark_type":"buoy_special_purpose","display_class":"OTHER","min_zoom":12,"importance":1,"name":null,"ref":null,"common":{"type":"buoy_special_purpose"},"children":{"buoy_special_purpose":{"colour":"red","shape":"conical"}},"osm_tags":{"description":"Boje die zur Markierung des Naturschutzgebietes dient","seamark:buoy_special_purpose:colour":"red","seamark:buoy_special_purpose:shape":"conical","seamark:type":"buoy_special_purpose"}}},{"type":"Feature","geometry":{"type":"Point","coordinates":[12.5776838,48.5658131]},"properties":{"osm_id":7683330752,"osm_type":"node","seamark_type":"buoy_special_purpose","display_class":"OTHER","min_zoom":12,"importance":1,"name":null,"ref":null,"common":{"type":"buoy_special_purpose"},"children":{"buoy_special_purpose":{"colour":"red","shape":"conical"}},"osm_tags":{"description":"Boje die zur Markierung des Naturschutzgebietes dient","seamark:buoy_special_purpose:colour":"red","seamark:buoy_special_purpose:shape":"conical","seamark:type":"buoy_special_purpose"}}},{"type":"Feature","geometry":{"type":"Point","coordinates":[12.5782386,48.5654399]},"properties":{"osm_id":7683330753,"osm_type":"node","seamark_type":"buoy_special_purpose","display_class":"OTHER","min_zoom":12,"importance":1,"name":null,"ref":null,"common":{"type":"buoy_special_purpose"},"children":{"buoy_special_purpose":{"colour":"red","shape":"conical"}},"osm_tags":{"description":"Boje die zur Markierung des Naturschutzgebietes dient","seamark:buoy_special_purpose:colour":"red","seamark:buoy_special_purpose:shape":"conical","seamark:type":"buoy_special_purpose"}}},{"type":"Feature","geometry":{"type":"Point","coordinates":[12.5789094,48.5652089]},"properties":{"osm_id":7683330754,"osm_type":"node","seamark_type":"buoy_special_purpose","display_class":"OTHER","min_zoom":12,"importance":1,"name":null,"ref":null,"common":{"type":"buoy_special_purpose"},"children":{"buoy_special_purpose":{"colour":"red","shape":"conical"}},"osm_tags":{"description":"Boje die zur Markierung des Naturschutzgebietes dient","seamark:buoy_special_purpose:colour":"red","seamark:buoy_special_purpose:shape":"conical","seamark:type":"buoy_special_purpose"}}},{"type":"Feature","geometry":{"type":"Point","coordinates":[12.5794258,48.5649173]},"properties":{"osm_id":7683330755,"osm_type":"node","seamark_type":"buoy_special_purpose","display_class":"OTHER","min_zoom":12,"importance":1,"name":null,"ref":null,"common":{"type":"buoy_special_purpose"},"children":{"buoy_special_purpose":{"category":"no_entry","colour":"red","shape":"conical"}},"osm_tags":{"description":"Boje die zur Markierung des Naturschutzgebietes dient","seamark:buoy_special_purpose:category":"no_entry","seamark:buoy_special_purpose:colour":"red","seamark:buoy_special_purpose:shape":"conical","seamark:type":"buoy_special_purpose"}}},{"type":"Feature","geometry":{"type":"Point","coordinates":[12.5800586,48.564683]},"properties":{"osm_id":7683330756,"osm_type":"node","seamark_type":"buoy_special_purpose","display_class":"OTHER","min_zoom":12,"importance":1,"name":null,"ref":null,"common":{"type":"buoy_special_purpose"},"children":{"buoy_special_purpose":{"colour":"red","shape":"conical"}},"osm_tags":{"description":"Boje die zur Markierung des Naturschutzgebietes dient","seamark:buoy_special_purpose:colour":"red","seamark:buoy_special_purpose:shape":"conical","seamark:type":"buoy_special_purpose"}}},{"type":"Feature","geometry":{"type":"Point","coordinates":[12.5804491,48.5644931]},"properties":{"osm_id":7683330757,"osm_type":"node","seamark_type":"buoy_special_purpose","display_class":"OTHER","min_zoom":12,"importance":1,"name":null,"ref":null,"common":{"type":"buoy_special_purpose"},"children":{"buoy_special_purpose":{"colour":"red","shape":"conical"}},"osm_tags":{"description":"Boje die zur Markierung des Naturschutzgebietes dient","seamark:buoy_special_purpose:colour":"red","seamark:buoy_special_purpose:shape":"conical","seamark:type":"buoy_special_purpose"}}},{"type":"Feature","geometry":{"type":"Point","coordinates":[12.5233749,48.2349282]},"properties":{"osm_id":7728789371,"osm_type":"node","seamark_type":"distance_mark","display_class":"OTHER","min_zoom":12,"importance":1,"name":null,"ref":null,"common":{"type":"distance_mark"},"children":{"distance_mark":{"category":"not_installed","distance":"105","units":"kilometres"}},"osm_tags":{"seamark:distance_mark:category":"not_installed","seamark:distance_mark:distance":"105","seamark:distance_mark:units":"kilometres","seamark:type":"distance_mark","source":"existing waterway=milestone nodes"}}},{"type":"Feature","geometry":{"type":"Point","coordinates":[12.0121688,48.4814547]},"properties":{"osm_id":7729090313,"osm_type":"node","seamark_type":"buoy_special_purpose","display_class":"OTHER","min_zoom":12,"importance":1,"name":null,"ref":null,"common":{"type":"buoy_special_purpose"},"children":{"buoy_special_purpose":{"category":"no_entry","colour":"blue","shape":"barrel"}},"osm_tags":{"seamark:buoy_special_purpose:category":"no_entry","seamark:buoy_special_purpose:colour":"blue","seamark:buoy_special_purpose:shape":"barrel","seamark:type":"buoy_special_purpose"}}},{"type":"Feature","geometry":{"type":"Point","coordinates":[12.0124973,48.481449]},"properties":{"osm_id":7729090314,"osm_type":"node","seamark_type":"buoy_special_purpose","display_class":"OTHER","min_zoom":12,"importance":1,"name":null,"ref":null,"common":{"type":"buoy_special_purpose"},"children":{"buoy_special_purpose":{"category":"no_entry","colour":"blue","shape":"barrel"}},"osm_tags":{"seamark:buoy_special_purpose:category":"no_entry","seamark:buoy_special_purpose:colour":"blue","seamark:buoy_special_purpose:shape":"barrel","seamark:type":"buoy_special_purpose"}}},{"type":"Feature","geometry":{"type":"Point","coordinates":[12.0128874,48.4814416]},"properties":{"osm_id":7729090315,"osm_type":"node","seamark_type":"buoy_special_purpose","display_class":"OTHER","min_zoom":12,"importance":1,"name":null,"ref":null,"common":{"type":"buoy_special_purpose"},"children":{"buoy_special_purpose":{"category":"no_entry","colour":"blue","shape":"barrel"}},"osm_tags":{"seamark:buoy_special_purpose:category":"no_entry","seamark:buoy_special_purpose:colour":"blue","seamark:buoy_special_purpose:shape":"barrel","seamark:type":"buoy_special_purpose"}}},{"type":"Feature","geometry":{"type":"Point","coordinates":[12.0132442,48.4814302]},"properties":{"osm_id":7729090316,"osm_type":"node","seamark_type":"buoy_special_purpose","display_class":"OTHER","min_zoom":12,"importance":1,"name":null,"ref":null,"common":{"type":"buoy_special_purpose"},"children":{"buoy_special_purpose":{"category":"no_entry","colour":"blue","shape":"barrel"}},"osm_tags":{"seamark:buoy_special_purpose:category":"no_entry","seamark:buoy_special_purpose:colour":"blue","seamark:buoy_special_purpose:shape":"barrel","seamark:type":"buoy_special_purpose"}}},{"type":"Feature","geometry":{"type":"Point","coordinates":[12.0136011,48.4814244]},"properties":{"osm_id":7729090317,"osm_type":"node","seamark_type":"buoy_special_purpose","display_class":"OTHER","min_zoom":12,"importance":1,"name":null,"ref":null,"common":{"type":"buoy_special_purpose"},"children":{"buoy_special_purpose":{"category":"no_entry","colour":"blue","shape":"barrel"}},"osm_tags":{"seamark:buoy_special_purpose:category":"no_entry","seamark:buoy_special_purpose:colour":"blue","seamark:buoy_special_purpose:shape":"barrel","seamark:type":"buoy_special_purpose"}}},{"type":"Feature","geometry":{"type":"Point","coordinates":[12.0137665,48.481422]},"properties":{"osm_id":7729090319,"osm_type":"node","seamark_type":"buoy_special_purpose","display_class":"OTHER","min_zoom":12,"importance":1,"name":null,"ref":null,"common":{"type":"buoy_special_purpose"},"children":{"buoy_special_purpose":{"category":"no_entry","colour":"blue","shape":"barrel"}},"osm_tags":{"seamark:buoy_special_purpose:category":"no_entry","seamark:buoy_special_purpose:colour":"blue","seamark:buoy_special_purpose:shape":"barrel","seamark:type":"buoy_special_purpose"}}},{"type":"Feature","geometry":{"type":"Point","coordinates":[12.1077467,48.5210521]},"properties":{"osm_id":8338886960,"osm_type":"node","seamark_type":"small_craft_facility","display_class":"OTHER","min_zoom":12,"importance":1,"name":null,"ref":null,"common":{"type":"small_craft_facility"},"children":{"small_craft_facility":{"category":"slipway"}},"osm_tags":{"access":"yes","fee":"no","leisure":"slipway","seamark:small_craft_facility:category":"slipway","seamark:type":"small_craft_facility","surface":"paving_stones"}}},{"type":"Feature","geometry":{"type":"Point","coordinates":[12.1248236,48.5247426]},"properties":{"osm_id":8355870694,"osm_type":"node","seamark_type":"cable_overhead","display_class":"OTHER","min_zoom":12,"importance":1,"name":null,"ref":null,"common":{"type":"cable_overhead"},"children":{"cable_overhead":{"category":"power","clearance_height_safe":"20 m"}},"osm_tags":{"seamark:cable_overhead:category":"power","seamark:cable_overhead:clearance_height_safe":"20 m","seamark:type":"cable_overhead"}}},{"type":"Feature","geometry":{"type":"Point","coordinates":[12.580902,48.5642462]},"properties":{"osm_id":8402003103,"osm_type":"node","seamark_type":"buoy_special_purpose","display_class":"OTHER","min_zoom":12,"importance":1,"name":null,"ref":null,"common":{"type":"buoy_special_purpose"},"children":{"buoy_special_purpose":{"colour":"red","shape":"conical"}},"osm_tags":{"description":"Boje die zur Markierung des Naturschutzgebietes dient","seamark:buoy_special_purpose:colour":"red","seamark:buoy_special_purpose:shape":"conical","seamark:type":"buoy_special_purpose"}}},{"type":"Feature","geometry":{"type":"Point","coordinates":[12.5896433,48.5692943]},"properties":{"osm_id":8758218329,"osm_type":"node","seamark_type":"buoy_special_purpose","display_class":"OTHER","min_zoom":12,"importance":1,"name":null,"ref":null,"common":{"type":"buoy_special_purpose"},"children":{"buoy_special_purpose":{"category":"no_entry","colour":"yellow","shape":"conical"},"topmark":{"colour":"red;white;red","colour_pattern":"horizontal","shape":"cylinder"}},"osm_tags":{"description":"Gelbe Boje mit rundem Rot-Weiß-Rotem Toppzeichen ","seamark:buoy_special_purpose:category":"no_entry","seamark:buoy_special_purpose:colour":"yellow","seamark:buoy_special_purpose:shape":"conical","seamark:topmark:colour":"red;white;red","seamark:topmark:colour_pattern":"horizontal","seamark:topmark:shape":"cylinder","seamark:type":"buoy_special_purpose","source":"local knowledge"}}},{"type":"Feature","geometry":{"type":"Point","coordinates":[12.5259268,48.9059438]},"properties":{"osm_id":9561943517,"osm_type":"node","seamark_type":"calling-in_point","display_class":"OTHER","min_zoom":12,"importance":1,"name":null,"ref":null,"common":{"type":"calling-in_point"},"children":{"calling-in_point":{"channel":"18","orientation":"310","traffic_flow":"one-way"}},"osm_tags":{"seamark:calling-in_point:channel":"18","seamark:calling-in_point:orientation":"310","seamark:calling-in_point:traffic_flow":"one-way","seamark:type":"calling-in_point"}}},{"type":"Feature","geometry":{"type":"Point","coordinates":[12.4681252,48.9627632]},"properties":{"osm_id":9561943518,"osm_type":"node","seamark_type":"calling-in_point","display_class":"OTHER","min_zoom":12,"importance":1,"name":null,"ref":null,"common":{"type":"calling-in_point"},"children":{"calling-in_point":{"channel":"18","orientation":"164.7","traffic_flow":"one-way"}},"osm_tags":{"seamark:calling-in_point:channel":"18","seamark:calling-in_point:orientation":"164.7","seamark:calling-in_point:traffic_flow":"one-way","seamark:type":"calling-in_point"}}},{"type":"Feature","geometry":{"type":"Point","coordinates":[12.4678677,48.9632739]},"properties":{"osm_id":9561943519,"osm_type":"node","seamark_type":"calling-in_point","display_class":"OTHER","min_zoom":12,"importance":1,"name":null,"ref":null,"common":{"type":"calling-in_point"},"children":{"calling-in_point":{"channel":"22","orientation":"344.8","traffic_flow":"one-way"}},"osm_tags":{"seamark:calling-in_point:channel":"22","seamark:calling-in_point:orientation":"344.8","seamark:calling-in_point:traffic_flow":"one-way","seamark:type":"calling-in_point"}}},{"type":"Feature","geometry":{"type":"Point","coordinates":[12.2292778,48.5752893]},"properties":{"osm_id":9834077317,"osm_type":"node","seamark_type":"rock","display_class":"OTHER","min_zoom":12,"importance":1,"name":null,"ref":null,"common":{"type":"rock"},"children":{"rock":{"water_level":"submerged"}},"osm_tags":{"description":"Baggerfundament","natural":"rock","seamark:rock:water_level":"submerged","seamark:type":"rock"}}},{"type":"Feature","geometry":{"type":"Point","coordinates":[12.7524078,48.8759485]},"properties":{"osm_id":9930038306,"osm_type":"node","seamark_type":"distance_mark","display_class":"OTHER","min_zoom":12,"importance":1,"name":null,"ref":null,"common":{"type":"distance_mark"},"children":{"distance_mark":{"category":"board"}},"osm_tags":{"distance":"2305 km","man_made":"survey_point","seamark:distance_mark:category":"board","seamark:type":"distance_mark","waterway":"milestone"}}},{"type":"Feature","geometry":{"type":"Point","coordinates":[12.7509735,48.8755574]},"properties":{"osm_id":9936670417,"osm_type":"node","seamark_type":"distance_mark","display_class":"OTHER","min_zoom":12,"importance":1,"name":null,"ref":null,"common":{"type":"distance_mark"},"children":{"distance_mark":{"category":"not_installed","units":"kilometres"}},"osm_tags":{"distance":"2305 km","seamark:distance_mark:category":"not_installed","seamark:distance_mark:units":"kilometres","seamark:type":"distance_mark","waterway":"milestone"}}},{"type":"Feature","geometry":{"type":"Point","coordinates":[12.9857622,48.8000132]},"properties":{"osm_id":9936670418,"osm_type":"node","seamark_type":"distance_mark","display_class":"OTHER","min_zoom":12,"importance":1,"name":null,"ref":null,"common":{"type":"distance_mark"},"children":{"distance_mark":{"category":"board","units":"kilometres"}},"osm_tags":{"distance":"2281 km","man_made":"survey_point","seamark:distance_mark:category":"board","seamark:distance_mark:units":"kilometres","seamark:type":"distance_mark","waterway":"milestone"}}},{"type":"Feature","geometry":{"type":"Point","coordinates":[12.984986,48.7995388]},"properties":{"osm_id":9936670419,"osm_type":"node","seamark_type":"distance_mark","display_class":"OTHER","min_zoom":12,"importance":1,"name":null,"ref":null,"common":{"type":"distance_mark"},"children":{"distance_mark":{"category":"not_installed","units":"kilometres"}},"osm_tags":{"distance":"2281 km","seamark:distance_mark:category":"not_installed","seamark:distance_mark:units":"kilometres","seamark:type":"distance_mark","waterway":"milestone"}}},{"type":"Feature","geometry":{"type":"Point","coordinates":[12.9961323,48.7940596]},"properties":{"osm_id":9936670423,"osm_type":"node","seamark_type":"distance_mark","display_class":"OTHER","min_zoom":12,"importance":1,"name":null,"ref":null,"common":{"type":"distance_mark"},"children":{"distance_mark":{"category":"board","units":"kilometres"}},"osm_tags":{"distance":"2280 km","man_made":"survey_point","seamark:distance_mark:category":"board","seamark:distance_mark:units":"kilometres","seamark:type":"distance_mark","waterway":"milestone"}}},{"type":"Feature","geometry":{"type":"Point","coordinates":[12.9748692,48.8054946]},"properties":{"osm_id":9938403019,"osm_type":"node","seamark_type":"distance_mark","display_class":"OTHER","min_zoom":12,"importance":1,"name":null,"ref":null,"common":{"type":"distance_mark"},"children":{"distance_mark":{"category":"board","units":"kilometres"}},"osm_tags":{"distance":"2282","man_made":"survey_point","seamark:distance_mark:category":"board","seamark:distance_mark:units":"kilometres","seamark:type":"distance_mark","waterway":"milestone"}}},{"type":"Feature","geometry":{"type":"Point","coordinates":[12.9742264,48.805168]},"properties":{"osm_id":9938403020,"osm_type":"node","seamark_type":"distance_mark","display_class":"OTHER","min_zoom":12,"importance":1,"name":null,"ref":null,"common":{"type":"distance_mark"},"children":{"distance_mark":{"category":"not_installed","units":"kilometres"}},"osm_tags":{"distance":"2282","seamark:distance_mark:category":"not_installed","seamark:distance_mark:units":"kilometres","seamark:type":"distance_mark","waterway":"milestone"}}},{"type":"Feature","geometry":{"type":"Point","coordinates":[12.9705408,48.8129003]},"properties":{"osm_id":9939505663,"osm_type":"node","seamark_type":"distance_mark","display_class":"OTHER","min_zoom":12,"importance":1,"name":null,"ref":null,"common":{"type":"distance_mark"},"children":{"distance_mark":{"category":"board","units":"kilometres"}},"osm_tags":{"distance":"2283","ele":"313","man_made":"survey_point","seamark:distance_mark:category":"board","seamark:distance_mark:units":"kilometres","seamark:type":"distance_mark","waterway":"milestone"}}},{"type":"Feature","geometry":{"type":"Point","coordinates":[12.9667063,48.8220521]},"properties":{"osm_id":9939518548,"osm_type":"node","seamark_type":"distance_mark","display_class":"OTHER","min_zoom":12,"importance":1,"name":null,"ref":null,"common":{"type":"distance_mark"},"children":{"distance_mark":{"category":"board","units":"kilometres"}},"osm_tags":{"distance":"2284","man_made":"survey_point","seamark:distance_mark:category":"board","seamark:distance_mark:units":"kilometres","seamark:type":"distance_mark","waterway":"milestone"}}},{"type":"Feature","geometry":{"type":"Point","coordinates":[12.9694973,48.812974]},"properties":{"osm_id":9939648994,"osm_type":"node","seamark_type":"distance_mark","display_class":"OTHER","min_zoom":12,"importance":1,"name":null,"ref":null,"common":{"type":"distance_mark"},"children":{"distance_mark":{"category":"not_installed","units":"kilometres"}},"osm_tags":{"distance":"2283","seamark:distance_mark:category":"not_installed","seamark:distance_mark:units":"kilometres","seamark:type":"distance_mark","waterway":"milestone"}}},{"type":"Feature","geometry":{"type":"Point","coordinates":[12.9657907,48.8216728]},"properties":{"osm_id":9939648995,"osm_type":"node","seamark_type":"distance_mark","display_class":"OTHER","min_zoom":12,"importance":1,"name":null,"ref":null,"common":{"type":"distance_mark"},"children":{"distance_mark":{"category":"not_installed","units":"kilometres"}},"osm_tags":{"distance":"2284","seamark:distance_mark:category":"not_installed","seamark:distance_mark:units":"kilometres","seamark:type":"distance_mark","waterway":"milestone"}}},{"type":"Feature","geometry":{"type":"Point","coordinates":[12.1777792,48.5488439]},"properties":{"osm_id":9945255626,"osm_type":"node","seamark_type":"rock","display_class":"OTHER","min_zoom":12,"importance":1,"name":null,"ref":null,"common":{"type":"rock"},"children":{"rock":{"water_level":"submerged"}},"osm_tags":{"description":"Ehemaliges Brückenfundament","seamark:rock:water_level":"submerged","seamark:type":"rock"}}},{"type":"Feature","geometry":{"type":"Point","coordinates":[12.4009721,48.1794252]},"properties":{"osm_id":9962107422,"osm_type":"node","seamark_type":"distance_mark","display_class":"OTHER","min_zoom":12,"importance":1,"name":null,"ref":null,"common":{"type":"distance_mark"},"children":{"distance_mark":{"category":"not_installed","distance":"125","units":"kilometres"}},"osm_tags":{"seamark:distance_mark:category":"not_installed","seamark:distance_mark:distance":"125","seamark:distance_mark:units":"kilometres","seamark:type":"distance_mark","source":"interpolatoin of existing waterway=milestone nodes"}}},{"type":"Feature","geometry":{"type":"Point","coordinates":[12.943408,48.8314112]},"properties":{"osm_id":10152383910,"osm_type":"node","seamark_type":"distance_mark","display_class":"OTHER","min_zoom":12,"importance":1,"name":null,"ref":null,"common":{"type":"distance_mark"},"children":{"distance_mark":{"category":"board","units":"kilometres"}},"osm_tags":{"distance":"2286","man_made":"survey_point","seamark:distance_mark:category":"board","seamark:distance_mark:units":"kilometres","seamark:type":"distance_mark","waterway":"milestone"}}},{"type":"Feature","geometry":{"type":"Point","coordinates":[12.9427528,48.830793]},"properties":{"osm_id":10152383911,"osm_type":"node","seamark_type":"distance_mark","display_class":"OTHER","min_zoom":12,"importance":1,"name":null,"ref":null,"common":{"type":"distance_mark"},"children":{"distance_mark":{"category":"not_installed","units":"kilometres"}},"osm_tags":{"distance":"2286","seamark:distance_mark:category":"not_installed","seamark:distance_mark:units":"kilometres","seamark:type":"distance_mark","waterway":"milestone"}}},{"type":"Feature","geometry":{"type":"Point","coordinates":[12.9317177,48.8362891]},"properties":{"osm_id":10313284909,"osm_type":"node","seamark_type":"distance_mark","display_class":"OTHER","min_zoom":12,"importance":1,"name":null,"ref":null,"common":{"type":"distance_mark"},"children":{"distance_mark":{"category":"board","units":"kilometres"}},"osm_tags":{"distance":"2287","man_made":"survey_point","seamark:distance_mark:category":"board","seamark:distance_mark:units":"kilometres","seamark:type":"distance_mark","waterway":"milestone"}}},{"type":"Feature","geometry":{"type":"Point","coordinates":[12.9209102,48.8412583]},"properties":{"osm_id":10313284910,"osm_type":"node","seamark_type":"distance_mark","display_class":"OTHER","min_zoom":12,"importance":1,"name":null,"ref":null,"common":{"type":"distance_mark"},"children":{"distance_mark":{"category":"board","units":"kilometres"}},"osm_tags":{"distance":"2288","man_made":"survey_point","seamark:distance_mark:category":"board","seamark:distance_mark:units":"kilometres","seamark:type":"distance_mark","waterway":"milestone"}}},{"type":"Feature","geometry":{"type":"Point","coordinates":[12.9311616,48.8354915]},"properties":{"osm_id":10313284911,"osm_type":"node","seamark_type":"distance_mark","display_class":"OTHER","min_zoom":12,"importance":1,"name":null,"ref":null,"common":{"type":"distance_mark"},"children":{"distance_mark":{"category":"not_installed","units":"kilometres"}},"osm_tags":{"distance":"2287","seamark:distance_mark:category":"not_installed","seamark:distance_mark:units":"kilometres","seamark:type":"distance_mark","waterway":"milestone"}}},{"type":"Feature","geometry":{"type":"Point","coordinates":[12.9195209,48.8400383]},"properties":{"osm_id":10313284912,"osm_type":"node","seamark_type":"distance_mark","display_class":"OTHER","min_zoom":12,"importance":1,"name":null,"ref":null,"common":{"type":"distance_mark"},"children":{"distance_mark":{"category":"not_installed","units":"kilometres"}},"osm_tags":{"distance":"2288","seamark:distance_mark:category":"not_installed","seamark:distance_mark:units":"kilometres","seamark:type":"distance_mark","waterway":"milestone"}}},{"type":"Feature","geometry":{"type":"Point","coordinates":[12.9554723,48.8275808]},"properties":{"osm_id":10582148173,"osm_type":"node","seamark_type":"distance_mark","display_class":"OTHER","min_zoom":12,"importance":1,"name":null,"ref":null,"common":{"type":"distance_mark"},"children":{"distance_mark":{"category":"board","units":"kilometres"}},"osm_tags":{"distance":"2285","man_made":"survey_point","seamark:distance_mark:category":"board","seamark:distance_mark:units":"kilometres","seamark:type":"distance_mark","waterway":"milestone"}}},{"type":"Feature","geometry":{"type":"Point","coordinates":[12.9547775,48.8266932]},"properties":{"osm_id":10582148174,"osm_type":"node","seamark_type":"distance_mark","display_class":"OTHER","min_zoom":12,"importance":1,"name":null,"ref":null,"common":{"type":"distance_mark"},"children":{"distance_mark":{"category":"not_installed","units":"kilometres"}},"osm_tags":{"distance":"2285","seamark:distance_mark:category":"not_installed","seamark:distance_mark:units":"kilometres","seamark:type":"distance_mark","waterway":"milestone"}}},{"type":"Feature","geometry":{"type":"Point","coordinates":[12.9086175,48.8460328]},"properties":{"osm_id":10896399511,"osm_type":"node","seamark_type":"distance_mark","display_class":"OTHER","min_zoom":12,"importance":1,"name":null,"ref":null,"common":{"type":"distance_mark"},"children":{"distance_mark":{"category":"board","units":"kilometres"}},"osm_tags":{"distance":"2289","man_made":"survey_point","seamark:distance_mark:category":"board","seamark:distance_mark:units":"kilometres","seamark:type":"distance_mark","waterway":"milestone"}}},{"type":"Feature","geometry":{"type":"Point","coordinates":[12.9083376,48.8451411]},"properties":{"osm_id":10899675759,"osm_type":"node","seamark_type":"distance_mark","display_class":"OTHER","min_zoom":12,"importance":1,"name":null,"ref":null,"common":{"type":"distance_mark"},"children":{"distance_mark":{"category":"not_installed","units":"kilometres"}},"osm_tags":{"distance":"2289","seamark:distance_mark:category":"not_installed","seamark:distance_mark:units":"kilometres","seamark:type":"distance_mark","waterway":"milestone"}}},{"type":"Feature","geometry":{"type":"Point","coordinates":[12.468807,48.2294863]},"properties":{"osm_id":11048548864,"osm_type":"node","seamark_type":"distance_mark","display_class":"OTHER","min_zoom":12,"importance":1,"name":null,"ref":null,"common":{"type":"distance_mark"},"children":{"distance_mark":{"category":"not_installed","distance":"111","units":"kilometres"}},"osm_tags":{"seamark:distance_mark:category":"not_installed","seamark:distance_mark:distance":"111","seamark:distance_mark:units":"kilometres","seamark:type":"distance_mark","source":"interpolation of existing waterway=milestone nodes"}}},{"type":"Feature","geometry":{"type":"Point","coordinates":[12.4755035,48.2214434]},"properties":{"osm_id":11048585998,"osm_type":"node","seamark_type":"distance_mark","display_class":"OTHER","min_zoom":12,"importance":1,"name":null,"ref":null,"common":{"type":"distance_mark"},"children":{"distance_mark":{"category":"not_installed","distance":"112","units":"kilometres"}},"osm_tags":{"seamark:distance_mark:category":"not_installed","seamark:distance_mark:distance":"112","seamark:distance_mark:units":"kilometres","seamark:type":"distance_mark","source":"interpolation of existing waterway=milestone nodes"}}},{"type":"Feature","geometry":{"type":"Point","coordinates":[12.8349057,48.8316333]},"properties":{"osm_id":11049486236,"osm_type":"node","seamark_type":"distance_mark","display_class":"OTHER","min_zoom":12,"importance":1,"name":null,"ref":null,"common":{"type":"distance_mark"},"children":{"distance_mark":{"category":"board","units":"kilometres"}},"osm_tags":{"distance":"2295","man_made":"survey_point","seamark:distance_mark:category":"board","seamark:distance_mark:units":"kilometres","seamark:type":"distance_mark","waterway":"milestone"}}},{"type":"Feature","geometry":{"type":"Point","coordinates":[12.8365867,48.8303019]},"properties":{"osm_id":11049486237,"osm_type":"node","seamark_type":"distance_mark","display_class":"OTHER","min_zoom":12,"importance":1,"name":null,"ref":null,"common":{"type":"distance_mark"},"children":{"distance_mark":{"category":"not_installed","units":"kilometres"}},"osm_tags":{"distance":"2295","river:waterway_distance":"2295","seamark:distance_mark:category":"not_installed","seamark:distance_mark:units":"kilometres","seamark:type":"distance_mark","waterway":"milestone"}}},{"type":"Feature","geometry":{"type":"Point","coordinates":[12.8236228,48.8274132]},"properties":{"osm_id":11049486238,"osm_type":"node","seamark_type":"distance_mark","display_class":"OTHER","min_zoom":12,"importance":1,"name":null,"ref":null,"common":{"type":"distance_mark"},"children":{"distance_mark":{"category":"board","units":"kilometres"}},"osm_tags":{"distance":"2296","man_made":"survey_point","seamark:distance_mark:category":"board","seamark:distance_mark:units":"kilometres","seamark:type":"distance_mark","waterway":"milestone"}}},{"type":"Feature","geometry":{"type":"Point","coordinates":[12.772644,48.1931257]},"properties":{"osm_id":11059153032,"osm_type":"node","seamark_type":"distance_mark","display_class":"OTHER","min_zoom":12,"importance":1,"name":null,"ref":null,"common":{"type":"distance_mark"},"children":{"distance_mark":{"category":"not_installed","distance":"11","units":"kilometres"}},"osm_tags":{"seamark:distance_mark:category":"not_installed","seamark:distance_mark:distance":"11","seamark:distance_mark:units":"kilometres","seamark:type":"distance_mark","source":"interpolation of existing waterway=milestone nodes"}}},{"type":"Feature","geometry":{"type":"Point","coordinates":[12.7785783,48.2010121]},"properties":{"osm_id":11059153034,"osm_type":"node","seamark_type":"distance_mark","display_class":"OTHER","min_zoom":12,"importance":1,"name":null,"ref":null,"common":{"type":"distance_mark"},"children":{"distance_mark":{"category":"not_installed","distance":"10","units":"kilometres"}},"osm_tags":{"seamark:distance_mark:category":"not_installed","seamark:distance_mark:distance":"10","seamark:distance_mark:units":"kilometres","seamark:type":"distance_mark","source":"existing waterway=milestone nodes"}}},{"type":"Feature","geometry":{"type":"Point","coordinates":[12.7855458,48.2075801]},"properties":{"osm_id":11059153035,"osm_type":"node","seamark_type":"distance_mark","display_class":"OTHER","min_zoom":12,"importance":1,"name":null,"ref":null,"common":{"type":"distance_mark"},"children":{"distance_mark":{"category":"not_installed","distance":"9","units":"kilometres"}},"osm_tags":{"seamark:distance_mark:category":"not_installed","seamark:distance_mark:distance":"9","seamark:distance_mark:units":"kilometres","seamark:type":"distance_mark","source":"interpolation of existing waterway=milestone nodes"}}},{"type":"Feature","geometry":{"type":"Point","coordinates":[12.80291,48.2192557]},"properties":{"osm_id":11059153037,"osm_type":"node","seamark_type":"distance_mark","display_class":"OTHER","min_zoom":12,"importance":1,"name":null,"ref":null,"common":{"type":"distance_mark"},"children":{"distance_mark":{"category":"not_installed","distance":"7","units":"kilometres"}},"osm_tags":{"seamark:distance_mark:category":"not_installed","seamark:distance_mark:distance":"7","seamark:distance_mark:units":"kilometres","seamark:type":"distance_mark","source":"interpolation of existing waterway=milestone nodes"}}},{"type":"Feature","geometry":{"type":"Point","coordinates":[12.8125463,48.2410088]},"properties":{"osm_id":11059153043,"osm_type":"node","seamark_type":"distance_mark","display_class":"OTHER","min_zoom":12,"importance":1,"name":null,"ref":null,"common":{"type":"distance_mark"},"children":{"distance_mark":{"category":"not_installed","distance":"4","units":"kilometres"}},"osm_tags":{"seamark:distance_mark:category":"not_installed","seamark:distance_mark:distance":"4","seamark:distance_mark:units":"kilometres","seamark:type":"distance_mark","source":"existing waterway=milestone nodes"}}},{"type":"Feature","geometry":{"type":"Point","coordinates":[12.8153248,48.2492326]},"properties":{"osm_id":11059153044,"osm_type":"node","seamark_type":"distance_mark","display_class":"OTHER","min_zoom":12,"importance":1,"name":null,"ref":null,"common":{"type":"distance_mark"},"children":{"distance_mark":{"category":"not_installed","distance":"3","units":"kilometres"}},"osm_tags":{"seamark:distance_mark:category":"not_installed","seamark:distance_mark:distance":"3","seamark:distance_mark:units":"kilometres","seamark:type":"distance_mark","source":"existing waterway=milestone nodes"}}},{"type":"Feature","geometry":{"type":"Point","coordinates":[12.8090038,48.2563461]},"properties":{"osm_id":11059153045,"osm_type":"node","seamark_type":"distance_mark","display_class":"OTHER","min_zoom":12,"importance":1,"name":null,"ref":null,"common":{"type":"distance_mark"},"children":{"distance_mark":{"category":"not_installed","distance":"2","units":"kilometres"}},"osm_tags":{"seamark:distance_mark:category":"not_installed","seamark:distance_mark:distance":"2","seamark:distance_mark:units":"kilometres","seamark:type":"distance_mark","source":"interpolation of existing waterway=milestone nodes"}}},{"type":"Feature","geometry":{"type":"Point","coordinates":[12.8176796,48.27009]},"properties":{"osm_id":11059153047,"osm_type":"node","seamark_type":"distance_mark","display_class":"OTHER","min_zoom":12,"importance":1,"name":null,"ref":null,"common":{"type":"distance_mark"},"children":{"distance_mark":{"category":"not_installed","distance":"0","units":"kilometres"}},"osm_tags":{"seamark:distance_mark:category":"not_installed","seamark:distance_mark:distance":"0","seamark:distance_mark:units":"kilometres","seamark:type":"distance_mark","source":"existing waterway=milestone nodes"}}},{"type":"Feature","geometry":{"type":"Point","coordinates":[12.6785399,48.1572889]},"properties":{"osm_id":11059381671,"osm_type":"node","seamark_type":"distance_mark","display_class":"OTHER","min_zoom":12,"importance":1,"name":null,"ref":null,"common":{"type":"distance_mark"},"children":{"distance_mark":{"category":"not_installed","distance":"20","units":"kilometres"}},"osm_tags":{"seamark:distance_mark:category":"not_installed","seamark:distance_mark:distance":"20","seamark:distance_mark:units":"kilometres","seamark:type":"distance_mark","source":"existing waterway=milestone nodes"}}},{"type":"Feature","geometry":{"type":"Point","coordinates":[12.7029888,48.1607843]},"properties":{"osm_id":11059381681,"osm_type":"node","seamark_type":"distance_mark","display_class":"OTHER","min_zoom":12,"importance":1,"name":null,"ref":null,"common":{"type":"distance_mark"},"children":{"distance_mark":{"category":"not_installed","distance":"18","units":"kilometres"}},"osm_tags":{"seamark:distance_mark:category":"not_installed","seamark:distance_mark:distance":"18","seamark:distance_mark:units":"kilometres","seamark:type":"distance_mark","source":"existing waterway=milestone nodes"}}},{"type":"Feature","geometry":{"type":"Point","coordinates":[12.7645596,48.1872092]},"properties":{"osm_id":11059407013,"osm_type":"node","seamark_type":"distance_mark","display_class":"OTHER","min_zoom":12,"importance":1,"name":null,"ref":null,"common":{"type":"distance_mark"},"children":{"distance_mark":{"category":"not_installed","distance":"12","units":"kilometres"}},"osm_tags":{"seamark:distance_mark:category":"not_installed","seamark:distance_mark:distance":"12","seamark:distance_mark:units":"kilometres","seamark:type":"distance_mark","source":"existing waterway=milestone nodes"}}},{"type":"Feature","geometry":{"type":"Point","coordinates":[12.7548033,48.1823185]},"properties":{"osm_id":11059407024,"osm_type":"node","seamark_type":"distance_mark","display_class":"OTHER","min_zoom":12,"importance":1,"name":null,"ref":null,"common":{"type":"distance_mark"},"children":{"distance_mark":{"category":"not_installed","distance":"13","units":"kilometres"}},"osm_tags":{"seamark:distance_mark:category":"not_installed","seamark:distance_mark:distance":"13","seamark:distance_mark:units":"kilometres","seamark:type":"distance_mark","source":"existing waterway=milestone nodes"}}},{"type":"Feature","geometry":{"type":"Point","coordinates":[12.7441749,48.1784385]},"properties":{"osm_id":11059407025,"osm_type":"node","seamark_type":"distance_mark","display_class":"OTHER","min_zoom":12,"importance":1,"name":null,"ref":null,"common":{"type":"distance_mark"},"children":{"distance_mark":{"category":"not_installed","distance":"14","units":"kilometres"}},"osm_tags":{"seamark:distance_mark:category":"not_installed","seamark:distance_mark:distance":"14","seamark:distance_mark:units":"kilometres","seamark:type":"distance_mark","source":"existing waterway=milestone nodes"}}},{"type":"Feature","geometry":{"type":"Point","coordinates":[12.5341191,48.005821]},"properties":{"osm_id":11060730826,"osm_type":"node","seamark_type":"distance_mark","display_class":"OTHER","min_zoom":12,"importance":1,"name":null,"ref":null,"common":{"type":"distance_mark"},"children":{"distance_mark":{"category":"not_installed","distance":"45","units":"kilometres"}},"osm_tags":{"seamark:distance_mark:category":"not_installed","seamark:distance_mark:distance":"45","seamark:distance_mark:units":"kilometres","seamark:type":"distance_mark","source":"interpolation of existing waterway=milestone nodes"}}},{"type":"Feature","geometry":{"type":"Point","coordinates":[12.527962,48.0014918]},"properties":{"osm_id":11060730827,"osm_type":"node","seamark_type":"distance_mark","display_class":"OTHER","min_zoom":12,"importance":1,"name":null,"ref":null,"common":{"type":"distance_mark"},"children":{"distance_mark":{"category":"not_installed","distance":"46","units":"kilometres"}},"osm_tags":{"seamark:distance_mark:category":"not_installed","seamark:distance_mark:distance":"46","seamark:distance_mark:units":"kilometres","seamark:type":"distance_mark","source":"interpolation of existing waterway=milestone nodes"}}},{"type":"Feature","geometry":{"type":"Point","coordinates":[12.5458466,48.017774]},"properties":{"osm_id":11060730828,"osm_type":"node","seamark_type":"distance_mark","display_class":"OTHER","min_zoom":12,"importance":1,"name":null,"ref":null,"common":{"type":"distance_mark"},"children":{"distance_mark":{"category":"not_installed","distance":"43","units":"kilometres"}},"osm_tags":{"seamark:distance_mark:category":"not_installed","seamark:distance_mark:distance":"43","seamark:distance_mark:units":"kilometres","seamark:type":"distance_mark","source":"interpolation of existing waterway=milestone nodes"}}},{"type":"Feature","geometry":{"type":"Point","coordinates":[12.5507193,48.025317]},"properties":{"osm_id":11060730829,"osm_type":"node","seamark_type":"distance_mark","display_class":"OTHER","min_zoom":12,"importance":1,"name":null,"ref":null,"common":{"type":"distance_mark"},"children":{"distance_mark":{"category":"not_installed","distance":"42","units":"kilometres"}},"osm_tags":{"seamark:distance_mark:category":"not_installed","seamark:distance_mark:distance":"42","seamark:distance_mark:units":"kilometres","seamark:type":"distance_mark","source":"interpolation of existing waterway=milestone nodes"}}},{"type":"Feature","geometry":{"type":"Point","coordinates":[12.5615981,48.0305031]},"properties":{"osm_id":11060730830,"osm_type":"node","seamark_type":"distance_mark","display_class":"OTHER","min_zoom":12,"importance":1,"name":null,"ref":null,"common":{"type":"distance_mark"},"children":{"distance_mark":{"category":"not_installed","distance":"41","units":"kilometres"}},"osm_tags":{"seamark:distance_mark:category":"not_installed","seamark:distance_mark:distance":"41","seamark:distance_mark:units":"kilometres","seamark:type":"distance_mark","source":"interpolation of existing waterway=milestone nodes"}}},{"type":"Feature","geometry":{"type":"Point","coordinates":[12.5624126,48.037949]},"properties":{"osm_id":11060730831,"osm_type":"node","seamark_type":"distance_mark","display_class":"OTHER","min_zoom":12,"importance":1,"name":null,"ref":null,"common":{"type":"distance_mark"},"children":{"distance_mark":{"category":"not_installed","distance":"40","units":"kilometres"}},"osm_tags":{"seamark:distance_mark:category":"not_installed","seamark:distance_mark:distance":"40","seamark:distance_mark:units":"kilometres","seamark:type":"distance_mark","source":"existing waterway=milestone nodes"}}},{"type":"Feature","geometry":{"type":"Point","coordinates":[12.5688211,48.0454023]},"properties":{"osm_id":11060730854,"osm_type":"node","seamark_type":"distance_mark","display_class":"OTHER","min_zoom":12,"importance":1,"name":null,"ref":null,"common":{"type":"distance_mark"},"children":{"distance_mark":{"category":"not_installed","distance":"39","units":"kilometres"}},"osm_tags":{"seamark:distance_mark:category":"not_installed","seamark:distance_mark:distance":"39","seamark:distance_mark:units":"kilometres","seamark:type":"distance_mark","source":"interpolation of existing waterway=milestone nodes"}}},{"type":"Feature","geometry":{"type":"Point","coordinates":[12.5789074,48.0754194]},"properties":{"osm_id":11060730855,"osm_type":"node","seamark_type":"distance_mark","display_class":"OTHER","min_zoom":12,"importance":1,"name":null,"ref":null,"common":{"type":"distance_mark"},"children":{"distance_mark":{"category":"not_installed","distance":"35","units":"kilometres"}},"osm_tags":{"seamark:distance_mark:category":"not_installed","seamark:distance_mark:distance":"35","seamark:distance_mark:units":"kilometres","seamark:type":"distance_mark","source":"existing waterway=milestone nodes"}}},{"type":"Feature","geometry":{"type":"Point","coordinates":[12.5759343,48.11688]},"properties":{"osm_id":11060730866,"osm_type":"node","seamark_type":"distance_mark","display_class":"OTHER","min_zoom":12,"importance":1,"name":null,"ref":null,"common":{"type":"distance_mark"},"children":{"distance_mark":{"category":"not_installed","distance":"30","units":"kilometres"}},"osm_tags":{"seamark:distance_mark:category":"not_installed","seamark:distance_mark:distance":"30","seamark:distance_mark:units":"kilometres","seamark:type":"distance_mark","source":"existing waterway=milestone nodes"}}},{"type":"Feature","geometry":{"type":"Point","coordinates":[12.5784522,48.1253202]},"properties":{"osm_id":11060730867,"osm_type":"node","seamark_type":"distance_mark","display_class":"OTHER","min_zoom":12,"importance":1,"name":null,"ref":null,"common":{"type":"distance_mark"},"children":{"distance_mark":{"category":"not_installed","distance":"29","units":"kilometres"}},"osm_tags":{"seamark:distance_mark:category":"not_installed","seamark:distance_mark:distance":"29","seamark:distance_mark:units":"kilometres","seamark:type":"distance_mark","source":"existing waterway=milestone nodes"}}},{"type":"Feature","geometry":{"type":"Point","coordinates":[12.6007249,48.1329204]},"properties":{"osm_id":11060730868,"osm_type":"node","seamark_type":"distance_mark","display_class":"OTHER","min_zoom":12,"importance":1,"name":null,"ref":null,"common":{"type":"distance_mark"},"children":{"distance_mark":{"category":"not_installed","distance":"27","units":"kilometres"}},"osm_tags":{"seamark:distance_mark:category":"not_installed","seamark:distance_mark:distance":"27","seamark:distance_mark:units":"kilometres","seamark:type":"distance_mark","source":"existing waterway=milestone nodes"}}},{"type":"Feature","geometry":{"type":"Point","coordinates":[12.6126005,48.1354406]},"properties":{"osm_id":11060730869,"osm_type":"node","seamark_type":"distance_mark","display_class":"OTHER","min_zoom":12,"importance":1,"name":null,"ref":null,"common":{"type":"distance_mark"},"children":{"distance_mark":{"category":"not_installed","distance":"26","units":"kilometres"}},"osm_tags":{"seamark:distance_mark:category":"not_installed","seamark:distance_mark:distance":"26","seamark:distance_mark:units":"kilometres","seamark:type":"distance_mark","source":"existing waterway=milestone nodes"}}},{"type":"Feature","geometry":{"type":"Point","coordinates":[12.6546494,48.152152]},"properties":{"osm_id":11060730871,"osm_type":"node","seamark_type":"distance_mark","display_class":"OTHER","min_zoom":12,"importance":1,"name":null,"ref":null,"common":{"type":"distance_mark"},"children":{"distance_mark":{"category":"not_installed","distance":"22","units":"kilometres"}},"osm_tags":{"seamark:distance_mark:category":"not_installed","seamark:distance_mark:distance":"22","seamark:distance_mark:units":"kilometres","seamark:type":"distance_mark","source":"interpolation of existing waterway=milestone nodes"}}},{"type":"Feature","geometry":{"type":"Point","coordinates":[12.5696659,48.100048]},"properties":{"osm_id":11060730873,"osm_type":"node","seamark_type":"distance_mark","display_class":"OTHER","min_zoom":12,"importance":1,"name":null,"ref":null,"common":{"type":"distance_mark"},"children":{"distance_mark":{"category":"not_installed","distance":"32","units":"kilometres"}},"osm_tags":{"seamark:distance_mark:category":"not_installed","seamark:distance_mark:distance":"32","seamark:distance_mark:units":"kilometres","seamark:type":"distance_mark","source":"existing waterway=milestone nodes"}}},{"type":"Feature","geometry":{"type":"Point","coordinates":[12.6334235,48.1437165]},"properties":{"osm_id":11060730913,"osm_type":"node","seamark_type":"distance_mark","display_class":"OTHER","min_zoom":12,"importance":1,"name":null,"ref":null,"common":{"type":"distance_mark"},"children":{"distance_mark":{"category":"not_installed","distance":"24","units":"kilometres"}},"osm_tags":{"seamark:distance_mark:category":"not_installed","seamark:distance_mark:distance":"24","seamark:distance_mark:units":"kilometres","seamark:type":"distance_mark","source":"existing waterway=milestone nodes"}}},{"type":"Feature","geometry":{"type":"Point","coordinates":[12.4576003,48.2139999]},"properties":{"osm_id":11482311330,"osm_type":"node","seamark_type":"distance_mark","display_class":"OTHER","min_zoom":12,"importance":1,"name":null,"ref":null,"common":{"type":"distance_mark"},"children":{"distance_mark":{"category":"not_installed","distance":"7","units":"kilometres"}},"osm_tags":{"seamark:distance_mark:category":"not_installed","seamark:distance_mark:distance":"7","seamark:distance_mark:units":"kilometres","seamark:type":"distance_mark","source":"interpolation of existing waterway=milestone nodes in the neighborhood"}}},{"type":"Feature","geometry":{"type":"Point","coordinates":[12.0770185,48.5122485]},"properties":{"osm_id":12543757660,"osm_type":"node","seamark_type":"distance_mark","display_class":"OTHER","min_zoom":12,"importance":1,"name":null,"ref":null,"common":{"type":"distance_mark"},"children":{"distance_mark":{"category":"board","distance":"81","units":"kilometres"}},"osm_tags":{"distance":"81 km","seamark:distance_mark:category":"board","seamark:distance_mark:distance":"81","seamark:distance_mark:units":"kilometres","seamark:type":"distance_mark","waterway":"milestone"}}},{"type":"Feature","geometry":{"type":"Point","coordinates":[12.0669101,48.50671]},"properties":{"osm_id":12543757661,"osm_type":"node","seamark_type":"distance_mark","display_class":"OTHER","min_zoom":12,"importance":1,"name":null,"ref":null,"common":{"type":"distance_mark"},"children":{"distance_mark":{"category":"board","distance":"82","units":"kilometres"}},"osm_tags":{"distance":"82 km","seamark:distance_mark:category":"board","seamark:distance_mark:distance":"82","seamark:distance_mark:units":"kilometres","seamark:type":"distance_mark","waterway":"milestone"}}},{"type":"Feature","geometry":{"type":"Point","coordinates":[12.1887134,48.568076]},"properties":{"osm_id":12543757662,"osm_type":"node","seamark_type":"distance_mark","display_class":"OTHER","min_zoom":12,"importance":1,"name":null,"ref":null,"common":{"type":"distance_mark"},"children":{"distance_mark":{"category":"board","distance":"70","units":"kilometres"}},"osm_tags":{"distance":"70 km","seamark:distance_mark:category":"board","seamark:distance_mark:distance":"70","seamark:distance_mark:units":"kilometres","seamark:type":"distance_mark","waterway":"milestone"}}},{"type":"Feature","geometry":{"type":"Point","coordinates":[12.1987772,48.5737458]},"properties":{"osm_id":12543757663,"osm_type":"node","seamark_type":"distance_mark","display_class":"OTHER","min_zoom":12,"importance":1,"name":null,"ref":null,"common":{"type":"distance_mark"},"children":{"distance_mark":{"category":"board","distance":"69","units":"kilometres"}},"osm_tags":{"distance":"69 km","seamark:distance_mark:category":"board","seamark:distance_mark:distance":"69","seamark:distance_mark:units":"kilometres","seamark:type":"distance_mark","waterway":"milestone"}}},{"type":"Feature","geometry":{"type":"Point","coordinates":[12.2093039,48.5796008]},"properties":{"osm_id":12543757666,"osm_type":"node","seamark_type":"distance_mark","display_class":"OTHER","min_zoom":12,"importance":1,"name":null,"ref":null,"common":{"type":"distance_mark"},"children":{"distance_mark":{"category":"board","distance":"68","units":"kilometres"}},"osm_tags":{"distance":"68 km","seamark:distance_mark:category":"board","seamark:distance_mark:distance":"68","seamark:distance_mark:units":"kilometres","seamark:type":"distance_mark","waterway":"milestone"}}},{"type":"Feature","geometry":{"type":"Point","coordinates":[12.2208939,48.5840067]},"properties":{"osm_id":12543757667,"osm_type":"node","seamark_type":"distance_mark","display_class":"OTHER","min_zoom":12,"importance":1,"name":null,"ref":null,"common":{"type":"distance_mark"},"children":{"distance_mark":{"category":"board","distance":"67","units":"kilometres"}},"osm_tags":{"distance":"67 km","seamark:distance_mark:category":"board","seamark:distance_mark:distance":"67","seamark:distance_mark:units":"kilometres","seamark:type":"distance_mark","waterway":"milestone"}}},{"type":"Feature","geometry":{"type":"Point","coordinates":[12.2332835,48.5875102]},"properties":{"osm_id":12543757668,"osm_type":"node","seamark_type":"distance_mark","display_class":"OTHER","min_zoom":12,"importance":1,"name":null,"ref":null,"common":{"type":"distance_mark"},"children":{"distance_mark":{"category":"board","distance":"66","units":"kilometres"}},"osm_tags":{"distance":"66 km","seamark:distance_mark:category":"board","seamark:distance_mark:distance":"66","seamark:distance_mark:units":"kilometres","seamark:type":"distance_mark","waterway":"milestone"}}},{"type":"Feature","geometry":{"type":"Point","coordinates":[12.2443201,48.5928706]},"properties":{"osm_id":12543757669,"osm_type":"node","seamark_type":"distance_mark","display_class":"OTHER","min_zoom":12,"importance":1,"name":null,"ref":null,"common":{"type":"distance_mark"},"children":{"distance_mark":{"category":"board","distance":"65","units":"kilometres"}},"osm_tags":{"distance":"65 km","seamark:distance_mark:category":"board","seamark:distance_mark:distance":"65","seamark:distance_mark:units":"kilometres","seamark:type":"distance_mark","waterway":"milestone"}}},{"type":"Feature","geometry":{"type":"Point","coordinates":[12.7664698,48.8506153]},"properties":{"osm_id":13045203268,"osm_type":"node","seamark_type":"distance_mark","display_class":"OTHER","min_zoom":12,"importance":1,"name":null,"ref":null,"common":{"type":"distance_mark"},"children":{"distance_mark":{"category":"board","distance":"2302","units":"kilometres"}},"osm_tags":{"distance":"2302","man_made":"survey_point","river:waterway_distance":"2302","seamark:distance_mark:category":"board","seamark:distance_mark:distance":"2302","seamark:distance_mark:units":"kilometres","seamark:type":"distance_mark"}}},{"type":"Feature","geometry":{"type":"Point","coordinates":[12.4939465,48.63287]},"properties":{"osm_id":13947744836,"osm_type":"node","seamark_type":"gate","display_class":"OTHER","min_zoom":12,"importance":1,"name":null,"ref":null,"common":{"type":"gate"},"children":{},"osm_tags":{"seamark:type":"gate","waterway":"lock_gate"}}},{"type":"Feature","geometry":{"type":"Polygon","coordinates":[[[12.0162602,48.9259949],[12.0162454,48.9259658],[12.0163082,48.9259521],[12.0162664,48.9258697],[12.0160984,48.9259065],[12.0161006,48.925911],[12.0159932,48.9259346],[12.0160319,48.9260109],[12.0160531,48.9260062],[12.0160687,48.9260368],[12.0162602,48.9259949]]]},"properties":{"osm_id":115263286,"osm_type":"way","seamark_type":"landmark","display_class":"OTHER","min_zoom":12,"importance":1,"name":null,"ref":null,"common":{"type":"landmark"},"children":{"landmark":{"conspicuity":"conspicuous"}},"osm_tags":{"building":"yes","seamark:landmark:conspicuity":"conspicuous","seamark:type":"landmark"}}},{"type":"Feature","geometry":{"type":"Polygon","coordinates":[[[12.0192551,48.9473174],[12.0196116,48.9472819],[12.0196354,48.947253],[12.0196278,48.9472265],[12.0195943,48.947207],[12.0193251,48.9472338],[12.0193298,48.9472539],[12.0192425,48.9472626],[12.0192551,48.9473174]]]},"properties":{"osm_id":115710036,"osm_type":"way","seamark_type":"landmark","display_class":"OTHER","min_zoom":12,"importance":1,"name":null,"ref":null,"common":{"type":"landmark"},"children":{"landmark":{"category":"tower","conspicuity":"conspicuous","function":"church"}},"osm_tags":{"amenity":"place_of_worship","building":"church","religion":"christian","seamark:landmark:category":"tower","seamark:landmark:conspicuity":"conspicuous","seamark:landmark:function":"church","seamark:type":"landmark","source":"bing"}}},{"type":"Feature","geometry":{"type":"Polygon","coordinates":[[[12.0414352,48.9368785],[12.0418015,48.9368097],[12.0417472,48.9366849],[12.0415011,48.9367312],[12.0414168,48.9365374],[12.0412977,48.9365623],[12.0414352,48.9368785]]]},"properties":{"osm_id":126381112,"osm_type":"way","seamark_type":"landmark","display_class":"OTHER","min_zoom":12,"importance":1,"name":null,"ref":null,"common":{"type":"landmark"},"children":{"landmark":{"category":"tower","conspicuity":"conspicuous","function":"church"}},"osm_tags":{"building":"yes","seamark:landmark:category":"tower","seamark:landmark:conspicuity":"conspicuous","seamark:landmark:function":"church","seamark:type":"landmark"}}},{"type":"Feature","geometry":{"type":"Polygon","coordinates":[[[12.0402854,48.9353202],[12.0402199,48.93519],[12.0400213,48.9352308],[12.0400868,48.9353634],[12.0402854,48.9353202]]]},"properties":{"osm_id":126470103,"osm_type":"way","seamark_type":"landmark","display_class":"OTHER","min_zoom":12,"importance":1,"name":null,"ref":null,"common":{"type":"landmark"},"children":{"landmark":{"category":"tower","conspicuity":"conspicuous","function":"church"}},"osm_tags":{"building":"yes","seamark:landmark:category":"tower","seamark:landmark:conspicuity":"conspicuous","seamark:landmark:function":"church","seamark:type":"landmark"}}},{"type":"Feature","geometry":{"type":"Polygon","coordinates":[[[12.3586644,48.9943437],[12.3586578,48.994328],[12.3586209,48.9943346],[12.3586275,48.9943503],[12.3586644,48.9943437]]]},"properties":{"osm_id":142229402,"osm_type":"way","seamark_type":"landmark","display_class":"OTHER","min_zoom":12,"importance":1,"name":null,"ref":null,"common":{"type":"landmark"},"children":{"landmark":{"category":"tower","conspicuity":"conspicuous","function":"church"}},"osm_tags":{"amenity":"place_of_worship","building":"chapel","place_of_worship":"wayside_shrine","religion":"christian","seamark:landmark:category":"tower","seamark:landmark:conspicuity":"conspicuous","seamark:landmark:function":"church","seamark:type":"landmark"}}},{"type":"Feature","geometry":{"type":"Polygon","coordinates":[[[12.5519817,48.9000178],[12.5519223,48.8999086],[12.5519718,48.8998052],[12.5555486,48.8997489],[12.5555643,48.8998584],[12.555584,48.8999831],[12.5553886,48.8999854],[12.555365,48.8999634],[12.5519817,48.9000178]]]},"properties":{"osm_id":166568852,"osm_type":"way","seamark_type":"fairway","display_class":"OTHER","min_zoom":12,"importance":1,"name":null,"ref":null,"common":{"type":"fairway"},"children":{"fairway":{"information":"Donau"}},"osm_tags":{"natural":"water","seamark:fairway:information":"Donau","seamark:type":"fairway","water":"lock"}}},{"type":"Feature","geometry":{"type":"Polygon","coordinates":[[[12.7145957,48.885833],[12.7146413,48.8858912],[12.714821,48.88584],[12.7147835,48.8857801],[12.7145957,48.885833]]]},"properties":{"osm_id":219229279,"osm_type":"way","seamark_type":"landmark","display_class":"OTHER","min_zoom":12,"importance":1,"name":null,"ref":null,"common":{"type":"landmark"},"children":{"landmark":{"category":"tower","conspicuity":"conspicuous","function":"church"}},"osm_tags":{"building":"yes","seamark:landmark:category":"tower","seamark:landmark:conspicuity":"conspicuous","seamark:landmark:function":"church","seamark:type":"landmark"}}},{"type":"Feature","geometry":{"type":"Polygon","coordinates":[[[12.8033392,48.8184358],[12.8033982,48.8185665],[12.8037549,48.8185224],[12.8037442,48.8185012],[12.8039105,48.8184782],[12.80394,48.8184605],[12.8039453,48.8184341],[12.8039373,48.8184129],[12.8038971,48.8183987],[12.803868,48.8183919],[12.8038276,48.8183865],[12.8037309,48.8183971],[12.8037254,48.8183881],[12.8033392,48.8184358]]]},"properties":{"osm_id":225009570,"osm_type":"way","seamark_type":"landmark","display_class":"OTHER","min_zoom":12,"importance":1,"name":null,"ref":null,"common":{"type":"landmark"},"children":{"landmark":{"category":"tower","conspicuity":"conspicuous","function":"church"}},"osm_tags":{"building":"yes","seamark:landmark:category":"tower","seamark:landmark:conspicuity":"conspicuous","seamark:landmark:function":"church","seamark:type":"landmark"}}},{"type":"Feature","geometry":{"type":"Polygon","coordinates":[[[12.0424642,48.9345914],[12.0424931,48.9345952],[12.0425374,48.9345877],[12.04256,48.9345752],[12.0425769,48.934554],[12.0425795,48.9345346],[12.0425723,48.9345164],[12.0425456,48.9344958],[12.0425047,48.934484],[12.0424673,48.9344866],[12.0424415,48.934496],[12.0424189,48.9345144],[12.0424122,48.9345416],[12.0424227,48.9345689],[12.0424424,48.9345833],[12.0424642,48.9345914]]]},"properties":{"osm_id":245287772,"osm_type":"way","seamark_type":"landmark","display_class":"OTHER","min_zoom":12,"importance":1,"name":null,"ref":null,"common":{"type":"landmark"},"children":{"landmark":{"category":"tower","conspicuity":"conspicuous","name":"Schloß Hunger"}},"osm_tags":{"building":"yes","historic":"yes","seamark:landmark:category":"tower","seamark:landmark:conspicuity":"conspicuous","seamark:landmark:name":"Schloß Hunger","seamark:type":"landmark"}}},{"type":"Feature","geometry":{"type":"Polygon","coordinates":[[[12.9996101,48.7168149],[12.9998376,48.7167301],[12.9997518,48.7166298],[12.9996542,48.7166662],[12.9996636,48.7166772],[12.9995258,48.7167285],[12.9995414,48.7167468],[12.9995025,48.7167613],[12.9995451,48.7168111],[12.999592,48.7167937],[12.9996101,48.7168149]]]},"properties":{"osm_id":260300438,"osm_type":"way","seamark_type":"landmark","display_class":"OTHER","min_zoom":12,"importance":1,"name":null,"ref":null,"common":{"type":"landmark"},"children":{"landmark":{"category":"tower","conspicuity":"conspicuous","function":"church"}},"osm_tags":{"building":"yes","seamark:landmark:category":"tower","seamark:landmark:conspicuity":"conspicuous","seamark:landmark:function":"church","seamark:type":"landmark","wikidata":"Q41300115"}}},{"type":"Feature","geometry":{"type":"Polygon","coordinates":[[[12.968945,48.818436],[12.968484,48.819363],[12.968786,48.819416],[12.968824,48.819347],[12.968917,48.819168],[12.968996,48.819019],[12.969066,48.818882],[12.969138,48.818729],[12.969211,48.818573],[12.969213,48.818565],[12.969247,48.818489],[12.968945,48.818436]]]},"properties":{"osm_id":260303265,"osm_type":"way","seamark_type":"berth","display_class":"OTHER","min_zoom":12,"importance":1,"name":null,"ref":null,"common":{"type":"berth"},"children":{"berth":{"name":"Hafen Zweckverband Deggendorf","vertical_datum":"hshw_dhsw"}},"osm_tags":{"seamark:berth:name":"Hafen Zweckverband Deggendorf","seamark:berth:vertical_datum":"hshw_dhsw","seamark:type":"berth"}}},{"type":"Feature","geometry":{"type":"Polygon","coordinates":[[[12.969419,48.816551],[12.968772,48.818409],[12.968945,48.818436],[12.969247,48.818489],[12.969285,48.818398],[12.96937,48.818188],[12.96945,48.817989],[12.969538,48.817776],[12.969579,48.817673],[12.969603,48.817604],[12.969617,48.817562],[12.969692,48.817326],[12.969755,48.817135],[12.969823,48.816906],[12.969844,48.81683],[12.96989,48.81665],[12.969902,48.816601],[12.969419,48.816551]]]},"properties":{"osm_id":260303266,"osm_type":"way","seamark_type":"berth","display_class":"OTHER","min_zoom":12,"importance":1,"name":null,"ref":null,"common":{"type":"berth"},"children":{"berth":{"name":"Hafen Zweckverband Deggendorf","vertical_datum":"hshw_dhsw"}},"osm_tags":{"seamark:berth:name":"Hafen Zweckverband Deggendorf","seamark:berth:vertical_datum":"hshw_dhsw","seamark:type":"berth"}}},{"type":"Feature","geometry":{"type":"Polygon","coordinates":[[[12.949425,48.826286],[12.950986,48.828678],[12.951093,48.828648],[12.9511431,48.8286322],[12.951446,48.828537],[12.951642,48.82848],[12.9516748,48.8284692],[12.951885,48.8284],[12.952009,48.828365],[12.950509,48.826035],[12.950235,48.826099],[12.950077,48.826138],[12.949942,48.826176],[12.949891,48.826187],[12.949725,48.826218],[12.949677,48.826233],[12.949648,48.826241],[12.949555,48.82626],[12.949515,48.826263],[12.949497,48.826267],[12.949459,48.826279],[12.949425,48.826286]]]},"properties":{"osm_id":260303267,"osm_type":"way","seamark_type":"restricted_area","display_class":"OTHER","min_zoom":12,"importance":1,"name":null,"ref":null,"common":{"type":"restricted_area"},"children":{"restricted_area":{"restriction":"no_anchoring"}},"osm_tags":{"seamark:restricted_area:restriction":"no_anchoring","seamark:type":"restricted_area"}}},{"type":"Feature","geometry":{"type":"LineString","coordinates":[[12.939409,48.829487],[12.942023,48.831993]]},"properties":{"osm_id":260303268,"osm_type":"way","seamark_type":"cable_submarine","display_class":"OTHER","min_zoom":12,"importance":1,"name":null,"ref":null,"common":{"type":"cable_submarine"},"children":{"cable_submarine":{"category":"power","name":"Deutsche Bundespost mit Stadtwerke Deggendorf"}},"osm_tags":{"seamark:cable_submarine:category":"power","seamark:cable_submarine:name":"Deutsche Bundespost mit Stadtwerke Deggendorf","seamark:type":"cable_submarine"}}},{"type":"Feature","geometry":{"type":"Polygon","coordinates":[[[12.971732,48.80999],[12.971569,48.809978],[12.971553,48.810047],[12.971211,48.811073],[12.971189,48.811172],[12.971048,48.811676],[12.971021,48.811768],[12.97104,48.811756],[12.971218,48.811661],[12.971225,48.811638],[12.971265,48.811501],[12.971291,48.811417],[12.971308,48.811371],[12.971336,48.811283],[12.971372,48.81118],[12.971383,48.81115],[12.971389,48.811134],[12.971443,48.810978],[12.971476,48.810875],[12.971522,48.81076],[12.971563,48.810654],[12.971608,48.810486],[12.971642,48.810352],[12.971674,48.810234],[12.971714,48.810066],[12.971729,48.810001],[12.971732,48.80999]]]},"properties":{"osm_id":260303269,"osm_type":"way","seamark_type":"restricted_area","display_class":"OTHER","min_zoom":12,"importance":1,"name":null,"ref":null,"common":{"type":"restricted_area"},"children":{"restricted_area":{"restriction":"no_berthing"}},"osm_tags":{"seamark:restricted_area:restriction":"no_berthing","seamark:type":"restricted_area"}}},{"type":"Feature","geometry":{"type":"LineString","coordinates":[[12.941199,48.827805],[12.942544,48.829479],[12.943846,48.831173]]},"properties":{"osm_id":260303270,"osm_type":"way","seamark_type":"pipeline_submarine","display_class":"OTHER","min_zoom":12,"importance":1,"name":null,"ref":null,"common":{"type":"pipeline_submarine"},"children":{"pipeline_submarine":{"category":"intake","name":"Bezirk Niederbayern","product":"gas"}},"osm_tags":{"seamark:pipeline_submarine:category":"intake","seamark:pipeline_submarine:name":"Bezirk Niederbayern","seamark:pipeline_submarine:product":"gas","seamark:type":"pipeline_submarine"}}},{"type":"Feature","geometry":{"type":"LineString","coordinates":[[12.949861,48.825886],[12.950035,48.826149],[12.951708,48.828686]]},"properties":{"osm_id":260303271,"osm_type":"way","seamark_type":"pipeline_submarine","display_class":"OTHER","min_zoom":12,"importance":1,"name":null,"ref":null,"common":{"type":"pipeline_submarine"},"children":{"pipeline_submarine":{"category":"intake","name":"Zweckverband zur Wasserversorgung Lkrs Regensburg Süd","product":"drinking_water"}},"osm_tags":{"seamark:pipeline_submarine:category":"intake","seamark:pipeline_submarine:name":"Zweckverband zur Wasserversorgung Lkrs Regensburg Süd","seamark:pipeline_submarine:product":"drinking_water","seamark:type":"pipeline_submarine"}}},{"type":"Feature","geometry":{"type":"Polygon","coordinates":[[[12.970236,48.812843],[12.970074,48.812836],[12.969419,48.816551],[12.969902,48.816601],[12.969932,48.816486],[12.969958,48.816349],[12.969982,48.816208],[12.970008,48.816063],[12.97004,48.815872],[12.970085,48.815624],[12.970099,48.815536],[12.970109,48.815472],[12.970133,48.815319],[12.970168,48.815117],[12.970195,48.814941],[12.970231,48.814754],[12.970225,48.814754],[12.970273,48.814484],[12.970293,48.814369],[12.970323,48.814201],[12.970359,48.813995],[12.970365,48.813953],[12.970372,48.813946],[12.970405,48.813766],[12.970408,48.813744],[12.970437,48.813587],[12.970469,48.813404],[12.970508,48.813187],[12.970538,48.813007],[12.970561,48.812862],[12.970236,48.812843]]]},"properties":{"osm_id":260303272,"osm_type":"way","seamark_type":"berth","display_class":"OTHER","min_zoom":12,"importance":1,"name":null,"ref":null,"common":{"type":"berth"},"children":{"berth":{"name":"Hafen Zweckverband Deggendorf","vertical_datum":"hshw_dhsw"}},"osm_tags":{"seamark:berth:name":"Hafen Zweckverband Deggendorf","seamark:berth:vertical_datum":"hshw_dhsw","seamark:type":"berth"}}},{"type":"Feature","geometry":{"type":"Polygon","coordinates":[[[12.961424,48.825191],[12.960764,48.825436],[12.960871,48.825569],[12.961126,48.825478],[12.961178,48.825455],[12.961218,48.825439],[12.961268,48.82542],[12.961302,48.825405],[12.96135,48.825386],[12.9613709,48.8253768],[12.961393,48.825367],[12.961438,48.825344],[12.961477,48.825329],[12.961515,48.825317],[12.9615242,48.825311],[12.961532,48.825306],[12.961548,48.825298],[12.961579,48.825291],[12.961615,48.825287],[12.961631,48.825287],[12.961667,48.825272],[12.961708,48.825256],[12.961755,48.825233],[12.961804,48.825214],[12.961836,48.8251999],[12.961847,48.825195],[12.961884,48.82518],[12.961925,48.825161],[12.961948,48.82515],[12.961965,48.825138],[12.961976,48.825127],[12.961974,48.825111],[12.961972,48.8251],[12.961966,48.825085],[12.961992,48.825081],[12.962024,48.825069],[12.961936,48.824978],[12.961424,48.825191]]]},"properties":{"osm_id":260303273,"osm_type":"way","seamark_type":"restricted_area","display_class":"OTHER","min_zoom":12,"importance":1,"name":null,"ref":null,"common":{"type":"restricted_area"},"children":{"restricted_area":{"restriction":"no_anchoring"}},"osm_tags":{"seamark:restricted_area:restriction":"no_anchoring","seamark:type":"restricted_area"}}},{"type":"Feature","geometry":{"type":"Polygon","coordinates":[[[12.961878,48.824745],[12.962107,48.824631],[12.962314,48.824524],[12.962423,48.824467],[12.962513,48.824417],[12.962642,48.824345],[12.96277,48.824272],[12.962812,48.824245],[12.962984,48.824146],[12.96317,48.824032],[12.963276,48.823963],[12.963479,48.823826],[12.96372,48.823662],[12.963893,48.823551],[12.96551,48.822468],[12.965601,48.822407],[12.965773,48.822289],[12.966034,48.822117],[12.966307,48.821934],[12.966897,48.821537],[12.966913,48.821526],[12.966929,48.821518],[12.966943,48.82151],[12.966956,48.821507],[12.966968,48.821503],[12.966982,48.821495],[12.966992,48.821491],[12.967001,48.821491],[12.967008,48.821487],[12.967028,48.821484],[12.967057,48.82148],[12.967084,48.821476],[12.96711,48.821472],[12.967145,48.821472],[12.967175,48.821476],[12.967203,48.82148],[12.967238,48.821484],[12.967271,48.821495],[12.967298,48.821503],[12.967323,48.821514],[12.967343,48.821526],[12.967358,48.821537],[12.96737,48.821556],[12.967377,48.821568],[12.967379,48.821579],[12.967379,48.821594],[12.967376,48.821609],[12.967371,48.821617],[12.967342,48.821663],[12.967314,48.821697],[12.967106,48.821915],[12.966901,48.822117],[12.966682,48.822319],[12.966417,48.822548],[12.965816,48.823059],[12.965474,48.823334],[12.965121,48.823597],[12.964868,48.823776],[12.964543,48.82399],[12.964105,48.824265],[12.963675,48.824535],[12.963655,48.824547],[12.963642,48.824562],[12.963632,48.824574],[12.963623,48.824585],[12.963615,48.824604],[12.963612,48.824615],[12.963611,48.824631],[12.963615,48.824661],[12.963627,48.824684],[12.963645,48.824707],[12.963663,48.824722],[12.9636809,48.8247349],[12.963796,48.824818],[12.963825,48.824837],[12.963857,48.824848],[12.963889,48.82486],[12.963907,48.82486],[12.963928,48.824863],[12.96395,48.824863],[12.963971,48.824863],[12.963993,48.82486],[12.964013,48.824856],[12.964029,48.824852],[12.964041,48.824848],[12.964055,48.824844],[12.964407,48.824692],[12.96456,48.824623],[12.96472,48.824551],[12.964837,48.824493],[12.964936,48.82444],[12.965103,48.824333],[12.965414,48.824123],[12.965567,48.824017],[12.965676,48.823933],[12.965736,48.823887],[12.966093,48.823601],[12.966317,48.823406],[12.966511,48.823227],[12.966611,48.823132],[12.966766,48.822979],[12.96699,48.822746],[12.967191,48.822521],[12.967423,48.822239],[12.967515,48.822121],[12.967578,48.822018],[12.967638,48.821911],[12.967686,48.821808],[12.967729,48.821697],[12.96776,48.821598],[12.967782,48.821503],[12.967857,48.821175],[12.967981,48.820686],[12.968107,48.820175],[12.968186,48.819847],[12.968223,48.819702],[12.968257,48.819565],[12.968304,48.819374],[12.968344,48.819214],[12.968383,48.819054],[12.968458,48.818737],[12.9685,48.818581],[12.970675,48.809811],[12.97071,48.809673],[12.970757,48.809517],[12.970808,48.809361],[12.970866,48.809204],[12.970928,48.809048],[12.970996,48.808895],[12.971069,48.808739],[12.971148,48.808586],[12.971231,48.808437],[12.971319,48.808289],[12.971413,48.80814],[12.971511,48.807991],[12.971614,48.807846],[12.971723,48.807701],[12.971836,48.80756],[12.971953,48.807419],[12.972076,48.807278],[12.972207,48.80714],[12.972336,48.807007],[12.972472,48.806873],[12.972613,48.806744],[12.972759,48.806614],[12.972908,48.806488],[12.973063,48.806362],[12.973221,48.80624],[12.973383,48.806122],[12.973549,48.806004],[12.97372,48.805889],[12.973893,48.805775],[12.974072,48.805664],[12.974253,48.805557],[12.974438,48.805454],[12.974627,48.805351],[12.974734,48.805294],[12.974818,48.805252],[12.975014,48.805157],[12.977166,48.804123],[12.980886,48.802334],[12.981342,48.802116],[12.981825,48.801872],[12.982263,48.801643],[12.98261,48.801456],[12.982901,48.801292],[12.98305,48.801208],[12.983253,48.80109],[12.98342,48.800995],[12.983643,48.800861],[12.983848,48.800735],[12.984085,48.800587],[12.984356,48.800411],[12.984608,48.800247],[12.984822,48.800102],[12.985045,48.79995],[12.985252,48.799805],[12.985413,48.79969],[12.985566,48.799576],[12.985637,48.799526],[12.985779,48.799419],[12.985865,48.799355],[12.98597,48.799274],[12.986079,48.799191],[12.986177,48.799114],[12.986328,48.799007],[12.986486,48.798897],[12.987103,48.798466],[12.987232,48.798378],[12.98732,48.798309],[12.987435,48.798218],[12.987634,48.798073],[12.987836,48.797928],[12.988042,48.797787],[12.988253,48.797646],[12.988466,48.797508],[12.988684,48.797375],[12.994673,48.793732],[12.99482,48.793644],[12.995014,48.793533],[12.995212,48.793423],[12.994525,48.792938],[12.994491,48.792957],[12.994281,48.793072],[12.994073,48.793186],[12.993869,48.793304],[12.993669,48.793427],[12.988224,48.79681],[12.988127,48.796871],[12.987857,48.797043],[12.987591,48.797218],[12.987329,48.797394],[12.987069,48.797573],[12.986814,48.797756],[12.986565,48.797939],[12.986318,48.798126],[12.9861089,48.7982904],[12.986075,48.798317],[12.985837,48.798508],[12.985603,48.798702],[12.985373,48.798897],[12.985319,48.798943],[12.985094,48.799133],[12.984865,48.79932],[12.984618,48.799519],[12.984496,48.79961],[12.984381,48.799702],[12.984152,48.79987],[12.983906,48.800049],[12.983656,48.800224],[12.983402,48.8004],[12.983144,48.800571],[12.982882,48.800739],[12.982617,48.800903],[12.982348,48.801067],[12.982076,48.801228],[12.981799,48.801384],[12.981519,48.80154],[12.981236,48.801693],[12.980949,48.801842],[12.980659,48.801991],[12.980366,48.802132],[12.9769588,48.8039646],[12.9767813,48.8040429],[12.9766883,48.8040686],[12.9765671,48.8040975],[12.976441,48.8041092],[12.9763116,48.8041142],[12.975335,48.804115],[12.975213,48.804119],[12.975092,48.804123],[12.974971,48.804134],[12.974851,48.804146],[12.974731,48.804161],[12.974613,48.804184],[12.974497,48.804207],[12.974381,48.804234],[12.974269,48.80426],[12.974158,48.804295],[12.97405,48.804333],[12.973944,48.804371],[12.973841,48.804413],[12.973741,48.804459],[12.973644,48.804508],[12.971886,48.805435],[12.971806,48.805481],[12.971715,48.805534],[12.971628,48.805592],[12.971545,48.805649],[12.971467,48.80571],[12.971393,48.805775],[12.971322,48.80584],[12.971257,48.805908],[12.971196,48.805977],[12.97114,48.806049],[12.971088,48.806122],[12.971043,48.806194],[12.971002,48.806271],[12.970965,48.806347],[12.970935,48.806427],[12.970909,48.806503],[12.970889,48.806583],[12.970875,48.806664],[12.970863,48.806728],[12.970844,48.806808],[12.970819,48.806885],[12.97079,48.806965],[12.970755,48.807041],[12.970715,48.807117],[12.97067,48.80719],[12.970619,48.807266],[12.970511,48.807419],[12.970413,48.807568],[12.970321,48.807716],[12.970233,48.807865],[12.970151,48.808014],[12.970073,48.808167],[12.970001,48.808323],[12.969934,48.808475],[12.969872,48.808632],[12.969815,48.808788],[12.969765,48.808945],[12.969719,48.809105],[12.969678,48.809261],[12.967512,48.818367],[12.967475,48.818508],[12.967432,48.818657],[12.967383,48.818806],[12.967329,48.818951],[12.96727,48.819096],[12.967206,48.819241],[12.967136,48.819382],[12.967061,48.819527],[12.966982,48.819668],[12.966896,48.819805],[12.966806,48.819946],[12.966711,48.82008],[12.966612,48.820217],[12.966507,48.820351],[12.966397,48.82048],[12.966283,48.820614],[12.966252,48.820644],[12.966103,48.820805],[12.965948,48.820965],[12.96579,48.821121],[12.965626,48.821278],[12.965459,48.82143],[12.965286,48.821579],[12.96511,48.821728],[12.96493,48.821873],[12.964745,48.822018],[12.964556,48.822159],[12.964362,48.8223],[12.964166,48.822437],[12.963965,48.822571],[12.963177,48.823086],[12.963084,48.823139],[12.962979,48.823204],[12.962764,48.82333],[12.962552,48.823452],[12.962334,48.82357],[12.962124,48.823681],[12.962109,48.823689],[12.962043,48.823719],[12.961927,48.82378],[12.961725,48.823875],[12.961498,48.823982],[12.961277,48.824081],[12.961176,48.824127],[12.961878,48.824745]]]},"properties":{"osm_id":260303274,"osm_type":"way","seamark_type":"fairway","display_class":"OTHER","min_zoom":12,"importance":1,"name":null,"ref":null,"common":{"type":"fairway"},"children":{"fairway":{"information":"Donau"}},"osm_tags":{"seamark:fairway:information":"Donau","seamark:type":"fairway"}}},{"type":"Feature","geometry":{"type":"Polygon","coordinates":[[[12.9769588,48.8039646],[12.977166,48.804123],[12.980886,48.802334],[12.981342,48.802116],[12.981825,48.801872],[12.982263,48.801643],[12.98261,48.801456],[12.982901,48.801292],[12.98305,48.801208],[12.983253,48.80109],[12.98342,48.800995],[12.983643,48.800861],[12.983848,48.800735],[12.984085,48.800587],[12.984356,48.800411],[12.984608,48.800247],[12.984822,48.800102],[12.985045,48.79995],[12.984496,48.79961],[12.984381,48.799702],[12.984152,48.79987],[12.983906,48.800049],[12.983656,48.800224],[12.983402,48.8004],[12.983144,48.800571],[12.982882,48.800739],[12.982617,48.800903],[12.982348,48.801067],[12.982076,48.801228],[12.981799,48.801384],[12.981519,48.80154],[12.981236,48.801693],[12.980949,48.801842],[12.980659,48.801991],[12.980366,48.802132],[12.9769588,48.8039646]]]},"properties":{"osm_id":260303275,"osm_type":"way","seamark_type":"restricted_area","display_class":"OTHER","min_zoom":12,"importance":1,"name":null,"ref":null,"common":{"type":"restricted_area"},"children":{"restricted_area":{"information":"Einschiffig befahrbar"}},"osm_tags":{"seamark:restricted_area:information":"Einschiffig befahrbar","seamark:type":"restricted_area"}}},{"type":"Feature","geometry":{"type":"Polygon","coordinates":[[[12.961532,48.825306],[12.961548,48.825298],[12.961579,48.825291],[12.961615,48.825287],[12.961631,48.825287],[12.961667,48.825272],[12.961708,48.825256],[12.961755,48.825233],[12.961804,48.825214],[12.961836,48.8251999],[12.961847,48.825195],[12.961884,48.82518],[12.961925,48.825161],[12.961948,48.82515],[12.961965,48.825138],[12.961976,48.825127],[12.961974,48.825111],[12.961972,48.8251],[12.961966,48.825085],[12.961992,48.825081],[12.962024,48.825069],[12.962117,48.825031],[12.962176,48.825005],[12.962252,48.824974],[12.962366,48.824928],[12.962407,48.824974],[12.96242,48.824986],[12.962436,48.824982],[12.962443,48.824989],[12.962464,48.824974],[12.962498,48.824955],[12.962529,48.82494],[12.962565,48.824913],[12.962602,48.82489],[12.962647,48.82486],[12.962687,48.824833],[12.962569,48.824711],[12.962296,48.824829],[12.962165,48.824883],[12.96203,48.82494],[12.961936,48.824978],[12.961424,48.825191],[12.961532,48.825306]]]},"properties":{"osm_id":260303277,"osm_type":"way","seamark_type":"restricted_area","display_class":"OTHER","min_zoom":12,"importance":1,"name":null,"ref":null,"common":{"type":"restricted_area"},"children":{"restricted_area":{"restriction":"no_berthing"}},"osm_tags":{"seamark:restricted_area:restriction":"no_berthing","seamark:type":"restricted_area"}}},{"type":"Feature","geometry":{"type":"Polygon","coordinates":[[[12.961878,48.824745],[12.961176,48.824127],[12.96109,48.824165],[12.960911,48.824238],[12.960609,48.82436],[12.960348,48.824459],[12.960131,48.824539],[12.959949,48.8246],[12.959836,48.824638],[12.959782,48.824657],[12.959547,48.824734],[12.959154,48.824856],[12.95728,48.825397],[12.950722,48.827301],[12.950397,48.827396],[12.948197,48.828033],[12.948159,48.828045],[12.947906,48.828121],[12.947669,48.828197],[12.947435,48.828278],[12.947247,48.82835],[12.947092,48.828411],[12.946933,48.828476],[12.94672,48.828575],[12.946511,48.828674],[12.946305,48.828777],[12.946102,48.82888],[12.946044,48.828915],[12.945903,48.828991],[12.945829,48.829033],[12.945532,48.829193],[12.945231,48.829353],[12.944927,48.82951],[12.94462,48.829662],[12.944309,48.829811],[12.944036,48.829941],[12.943995,48.82996],[12.943865,48.830017],[12.943678,48.830105],[12.943358,48.830246],[12.943035,48.830383],[12.942709,48.830521],[12.94238,48.83065],[12.942049,48.83078],[12.941686,48.830917],[12.941607,48.830948],[12.941371,48.831039],[12.941139,48.831135],[12.94091,48.83123],[12.940684,48.831329],[12.940461,48.831432],[12.940241,48.831539],[12.940024,48.83165],[12.939948,48.831688],[12.939573,48.831879],[12.939196,48.832066],[12.938814,48.832249],[12.93843,48.832428],[12.938042,48.832607],[12.937652,48.832783],[12.937258,48.832954],[12.936861,48.833122],[12.936461,48.833286],[12.93606,48.83345],[12.935655,48.833611],[12.935246,48.833767],[12.934835,48.83392],[12.934422,48.834068],[12.934007,48.834217],[12.933588,48.834362],[12.933167,48.834499],[12.932743,48.834637],[12.932318,48.834774],[12.93189,48.834904],[12.931459,48.83503],[12.931026,48.835155],[12.930592,48.835278],[12.930155,48.835396],[12.929716,48.83551],[12.929276,48.835621],[12.929083,48.835667],[12.928724,48.835762],[12.928368,48.835857],[12.928013,48.835957],[12.927661,48.83606],[12.92731,48.836166],[12.926963,48.836273],[12.926617,48.836388],[12.926274,48.836502],[12.925933,48.83662],[12.925595,48.836742],[12.92526,48.836868],[12.924928,48.836998],[12.924598,48.837128],[12.924271,48.837261],[12.923946,48.837399],[12.923625,48.83754],[12.923307,48.837685],[12.922992,48.83783],[12.922681,48.837978],[12.922372,48.838131],[12.922067,48.838287],[12.921764,48.838444],[12.918768,48.84005],[12.918569,48.840153],[12.918369,48.84026],[12.918172,48.840366],[12.917976,48.840473],[12.917782,48.840584],[12.917588,48.840694],[12.917397,48.840805],[12.917207,48.840919],[12.917018,48.841034],[12.91683,48.841148],[12.916645,48.841263],[12.91646,48.841381],[12.916278,48.841499],[12.916097,48.841618],[12.915916,48.841736],[12.915738,48.841858],[12.915562,48.84198],[12.915387,48.842102],[12.915214,48.842228],[12.915134,48.842285],[12.91503,48.842358],[12.914925,48.842434],[12.914817,48.842506],[12.914707,48.842575],[12.914597,48.842648],[12.914484,48.842716],[12.914371,48.842785],[12.914255,48.842854],[12.914139,48.842918],[12.914021,48.842987],[12.913901,48.843048],[12.913781,48.843113],[12.913659,48.843174],[12.913535,48.843235],[12.91341,48.843296],[12.913284,48.843353],[12.913157,48.84341],[12.913109,48.843433],[12.912958,48.843498],[12.912806,48.843563],[12.912652,48.843628],[12.912498,48.843689],[12.912342,48.84375],[12.912186,48.843807],[12.912027,48.843864],[12.911869,48.843922],[12.911709,48.843979],[12.911548,48.844032],[12.911386,48.844086],[12.911223,48.844139],[12.911059,48.844189],[12.910894,48.844238],[12.910729,48.844284],[12.910563,48.84433],[12.910396,48.844376],[12.910228,48.844421],[12.910058,48.844463],[12.909888,48.844505],[12.909719,48.844543],[12.909547,48.844582],[12.909375,48.84462],[12.909204,48.844654],[12.90903,48.844688],[12.908856,48.844723],[12.908682,48.844753],[12.908507,48.844784],[12.908332,48.844814],[12.908155,48.844841],[12.907979,48.844868],[12.907803,48.844891],[12.907625,48.844913],[12.907448,48.844936],[12.907269,48.844955],[12.907091,48.844975],[12.906912,48.844994],[12.906734,48.845009],[12.906553,48.845024],[12.906374,48.845036],[12.906194,48.845047],[12.906125,48.845051],[12.904749,48.845123],[12.904525,48.845139],[12.904301,48.84515],[12.904077,48.845158],[12.903852,48.845165],[12.903627,48.845173],[12.903403,48.845177],[12.903178,48.845181],[12.902954,48.845184],[12.902729,48.845184],[12.902505,48.845184],[12.90228,48.845181],[12.902056,48.845181],[12.901831,48.845173],[12.901607,48.845169],[12.901381,48.845161],[12.901157,48.84515],[12.900933,48.845139],[12.900709,48.845127],[12.900486,48.845116],[12.900262,48.8451],[12.900039,48.845085],[12.899816,48.845066],[12.899593,48.845047],[12.89937,48.845024],[12.899148,48.845005],[12.898927,48.844982],[12.898705,48.844955],[12.898484,48.844929],[12.898263,48.844902],[12.898043,48.844872],[12.897823,48.844841],[12.897604,48.84481],[12.897385,48.844776],[12.897166,48.844742],[12.896948,48.844707],[12.89673,48.844669],[12.896645,48.844654],[12.894822,48.844326],[12.894598,48.844288],[12.894336,48.844929],[12.894417,48.844944],[12.894778,48.845013],[12.89514,48.845078],[12.895504,48.845142],[12.895868,48.8452],[12.896235,48.845253],[12.896602,48.845306],[12.898829,48.845608],[12.899042,48.845634],[12.899257,48.845661],[12.899471,48.845688],[12.899686,48.845711],[12.899901,48.845734],[12.900117,48.845757],[12.900332,48.845776],[12.900549,48.845795],[12.900765,48.84581],[12.900982,48.845825],[12.901199,48.84584],[12.901416,48.845852],[12.901633,48.845863],[12.901852,48.845875],[12.902069,48.845882],[12.902287,48.84589],[12.902504,48.845894],[12.902722,48.845898],[12.90294,48.845901],[12.903158,48.845901],[12.903377,48.845901],[12.903594,48.845901],[12.903811,48.845898],[12.90403,48.845894],[12.904247,48.845886],[12.904466,48.845879],[12.904683,48.845871],[12.904901,48.84586],[12.905117,48.845848],[12.905334,48.845833],[12.905551,48.845818],[12.905767,48.845802],[12.905984,48.845787],[12.906048,48.845779],[12.906997,48.845692],[12.907175,48.845673],[12.907354,48.845657],[12.907533,48.845638],[12.907711,48.845615],[12.907888,48.845596],[12.908066,48.84557],[12.908242,48.845547],[12.908419,48.84552],[12.908595,48.845493],[12.90877,48.845463],[12.908945,48.845432],[12.909119,48.845402],[12.909293,48.845367],[12.909466,48.845333],[12.909638,48.845299],[12.90981,48.845261],[12.909981,48.845222],[12.910151,48.845184],[12.910321,48.845142],[12.91049,48.8451],[12.910658,48.845055],[12.910825,48.845009],[12.910991,48.844963],[12.911157,48.844917],[12.911322,48.844868],[12.911485,48.844814],[12.911648,48.844765],[12.91181,48.844711],[12.91197,48.844658],[12.91213,48.844601],[12.912289,48.844543],[12.912447,48.844486],[12.912603,48.844425],[12.912759,48.844364],[12.912913,48.844303],[12.913067,48.844238],[12.913218,48.844177],[12.91337,48.844109],[12.91352,48.844044],[12.913668,48.843975],[12.913815,48.843906],[12.913961,48.843834],[12.914105,48.843765],[12.914249,48.843693],[12.914391,48.843616],[12.91442,48.843601],[12.914539,48.84354],[12.914658,48.843472],[12.914774,48.843407],[12.914889,48.843338],[12.915004,48.843269],[12.915116,48.843201],[12.915227,48.843132],[12.915337,48.84306],[12.915444,48.842987],[12.91555,48.842915],[12.915655,48.842838],[12.915887,48.84267],[12.91606,48.842545],[12.916235,48.842422],[12.916411,48.8423],[12.91659,48.842178],[12.916769,48.84206],[12.91695,48.841938],[12.917132,48.84182],[12.917316,48.841705],[12.917502,48.841587],[12.917689,48.841473],[12.917878,48.841358],[12.918068,48.841248],[12.918259,48.841133],[12.918452,48.841022],[12.918646,48.840916],[12.918842,48.840805],[12.919039,48.840698],[12.919237,48.840591],[12.919409,48.840504],[12.921693,48.839298],[12.921884,48.839195],[12.922076,48.8391],[12.922269,48.839001],[12.922464,48.838905],[12.92266,48.83881],[12.922857,48.838715],[12.923057,48.838619],[12.923257,48.838528],[12.923457,48.83844],[12.92366,48.838348],[12.923863,48.838261],[12.924068,48.838173],[12.924274,48.838089],[12.924481,48.838001],[12.92469,48.837917],[12.924899,48.837837],[12.92511,48.837757],[12.925322,48.837677],[12.925534,48.837597],[12.925748,48.837521],[12.925962,48.837444],[12.926178,48.837368],[12.926394,48.837296],[12.926613,48.837223],[12.926831,48.837154],[12.927051,48.837082],[12.927272,48.837013],[12.927493,48.836948],[12.927663,48.836899],[12.932964,48.835342],[12.933314,48.835236],[12.933662,48.835129],[12.934009,48.835014],[12.934352,48.8349],[12.934693,48.834782],[12.935031,48.83466],[12.935367,48.834534],[12.9357,48.834408],[12.93603,48.834278],[12.936357,48.834141],[12.936682,48.834003],[12.937003,48.833866],[12.937322,48.833721],[12.937637,48.833576],[12.937949,48.833427],[12.941615,48.83165],[12.941761,48.831581],[12.942068,48.831429],[12.942153,48.831383],[12.942164,48.831379],[12.942372,48.831272],[12.942673,48.831112],[12.94297,48.830952],[12.943091,48.830883],[12.94339,48.830723],[12.943692,48.830566],[12.943997,48.83041],[12.944121,48.830349],[12.944306,48.830257],[12.944618,48.830109],[12.944933,48.829964],[12.945411,48.829777],[12.945717,48.829662],[12.945946,48.829582],[12.946188,48.829506],[12.946361,48.829449],[12.946489,48.829414],[12.9466,48.82938],[12.946987,48.829269],[12.948792,48.828747],[12.951217,48.828041],[12.955977,48.826664],[12.956849,48.826412],[12.95774,48.826153],[12.957859,48.826118],[12.960036,48.825478],[12.960345,48.825375],[12.960402,48.825356],[12.960666,48.82526],[12.960879,48.825176],[12.961137,48.825073],[12.961398,48.824963],[12.961637,48.824856],[12.961878,48.824745]]]},"properties":{"osm_id":260303278,"osm_type":"way","seamark_type":"fairway","display_class":"OTHER","min_zoom":12,"importance":1,"name":null,"ref":null,"common":{"type":"fairway"},"children":{"fairway":{"information":"Donau"}},"osm_tags":{"seamark:fairway:information":"Donau","seamark:type":"fairway"}}},{"type":"Feature","geometry":{"type":"Polygon","coordinates":[[[12.942669,48.831635],[12.942439,48.831413],[12.939822,48.832611],[12.939795,48.832623],[12.939765,48.832638],[12.939496,48.832752],[12.939716,48.832981],[12.939788,48.832951],[12.939995,48.832859],[12.940023,48.832848],[12.940041,48.83284],[12.940087,48.832821],[12.940147,48.832794],[12.940207,48.832767],[12.940269,48.832745],[12.940387,48.832699],[12.940439,48.832684],[12.940495,48.832664],[12.940529,48.832649],[12.940624,48.832607],[12.940658,48.832596],[12.940718,48.832569],[12.940752,48.832554],[12.940766,48.83255],[12.940849,48.832512],[12.940936,48.832474],[12.940978,48.832458],[12.940992,48.832451],[12.941092,48.832405],[12.941221,48.832344],[12.941368,48.832275],[12.941502,48.832211],[12.941655,48.832134],[12.941705,48.832111],[12.941714,48.832108],[12.941737,48.83213],[12.941751,48.832127],[12.941736,48.8321],[12.941747,48.832096],[12.941771,48.832081],[12.941806,48.832062],[12.94193,48.832001],[12.94206,48.831936],[12.942245,48.831841],[12.942426,48.831753],[12.942669,48.831635]]]},"properties":{"osm_id":260303279,"osm_type":"way","seamark_type":"berth","display_class":"OTHER","min_zoom":12,"importance":1,"name":null,"ref":null,"common":{"type":"berth"},"children":{"berth":{"name":"Deggendorf Helfkam","vertical_datum":"hshw_dhsw"}},"osm_tags":{"seamark:berth:name":"Deggendorf Helfkam","seamark:berth:vertical_datum":"hshw_dhsw","seamark:type":"berth"}}},{"type":"Feature","geometry":{"type":"LineString","coordinates":[[12.780596,48.830391],[12.780614,48.83041],[12.782473,48.832317],[12.782519,48.832367]]},"properties":{"osm_id":260304638,"osm_type":"way","seamark_type":"cable_submarine","display_class":"OTHER","min_zoom":12,"importance":1,"name":null,"ref":null,"common":{"type":"cable_submarine"},"children":{"cable_submarine":{"category":"telephone","name":"Deutsche Bundespost"}},"osm_tags":{"seamark:cable_submarine:category":"telephone","seamark:cable_submarine:name":"Deutsche Bundespost","seamark:type":"cable_submarine"}}},{"type":"Feature","geometry":{"type":"Polygon","coordinates":[[[12.890498,48.843239],[12.885298,48.841526],[12.885121,48.841469],[12.884945,48.841412],[12.884767,48.841358],[12.884587,48.841305],[12.884408,48.841251],[12.884227,48.841202],[12.884046,48.841152],[12.883862,48.841103],[12.883679,48.841057],[12.883495,48.841011],[12.883311,48.840965],[12.883125,48.840923],[12.882939,48.840881],[12.882752,48.840843],[12.882565,48.840805],[12.882377,48.840767],[12.882188,48.840729],[12.881998,48.840694],[12.881808,48.840664],[12.881618,48.84063],[12.881427,48.840599],[12.881235,48.840572],[12.881043,48.840546],[12.880866,48.840519],[12.88068,48.840496],[12.880495,48.840473],[12.880309,48.840454],[12.880122,48.840435],[12.879935,48.840416],[12.879748,48.840397],[12.879561,48.840382],[12.879374,48.84037],[12.879186,48.840359],[12.878998,48.840347],[12.87881,48.840336],[12.878621,48.840328],[12.878433,48.840321],[12.878244,48.840317],[12.878056,48.840313],[12.877867,48.840309],[12.877678,48.840309],[12.877489,48.840309],[12.8773,48.840313],[12.877111,48.840313],[12.876924,48.840321],[12.876735,48.840324],[12.876546,48.840332],[12.876358,48.840343],[12.87617,48.840351],[12.875982,48.840366],[12.875794,48.840378],[12.875607,48.840393],[12.87542,48.840408],[12.875233,48.840427],[12.875111,48.840439],[12.874841,48.840469],[12.874573,48.8405],[12.874305,48.84053],[12.874037,48.840561],[12.873769,48.840595],[12.873502,48.840633],[12.873236,48.840668],[12.87297,48.84071],[12.872704,48.840748],[12.872438,48.84079],[12.872174,48.840832],[12.87191,48.840878],[12.871646,48.840919],[12.871383,48.840969],[12.87112,48.841015],[12.870859,48.841064],[12.870598,48.841118],[12.870337,48.841171],[12.870077,48.841225],[12.869818,48.841278],[12.869559,48.841335],[12.869301,48.841393],[12.869043,48.841454],[12.868787,48.841515],[12.868531,48.841576],[12.868277,48.841637],[12.868273,48.84164],[12.864248,48.842632],[12.864087,48.842674],[12.863924,48.842712],[12.863761,48.842747],[12.863597,48.842781],[12.863433,48.842815],[12.863268,48.84285],[12.863102,48.84288],[12.862935,48.842911],[12.862768,48.842937],[12.862601,48.842964],[12.862433,48.842991],[12.862265,48.843014],[12.862096,48.843037],[12.861927,48.84306],[12.861757,48.843079],[12.861587,48.843098],[12.861417,48.843113],[12.861246,48.843128],[12.861075,48.843143],[12.860904,48.843155],[12.860732,48.843166],[12.86056,48.843178],[12.860389,48.843185],[12.860217,48.843193],[12.860044,48.843197],[12.859873,48.843201],[12.8597,48.843204],[12.859528,48.843208],[12.859356,48.843204],[12.859183,48.843204],[12.859011,48.843201],[12.858839,48.843197],[12.858666,48.843193],[12.858495,48.843185],[12.858323,48.843174],[12.858151,48.843166],[12.85798,48.843155],[12.857809,48.84314],[12.857638,48.843124],[12.857467,48.843109],[12.857297,48.843094],[12.857127,48.843075],[12.856957,48.843052],[12.856789,48.843033],[12.85662,48.84301],[12.856451,48.842983],[12.856283,48.842957],[12.856116,48.84293],[12.856085,48.842926],[12.854131,48.842594],[12.853941,48.842564],[12.853751,48.842529],[12.853562,48.842491],[12.853374,48.842457],[12.853186,48.842419],[12.852999,48.842377],[12.852813,48.842335],[12.852627,48.842293],[12.852442,48.842251],[12.852258,48.842205],[12.852075,48.842159],[12.851892,48.84211],[12.85171,48.84206],[12.851529,48.84201],[12.851349,48.841961],[12.85117,48.841908],[12.850991,48.84185],[12.850814,48.841797],[12.850637,48.84174],[12.850462,48.841679],[12.850288,48.841621],[12.850115,48.84156],[12.849942,48.841499],[12.849771,48.841434],[12.849601,48.84137],[12.849431,48.841305],[12.849263,48.841236],[12.849096,48.841167],[12.84893,48.841099],[12.848766,48.841026],[12.848602,48.840958],[12.84844,48.840881],[12.848279,48.840809],[12.84812,48.840733],[12.847961,48.840656],[12.847804,48.840576],[12.847649,48.8405],[12.847494,48.84042],[12.847342,48.840336],[12.847189,48.840256],[12.847039,48.840172],[12.84689,48.840088],[12.846743,48.84],[12.846597,48.839916],[12.846452,48.839828],[12.846309,48.839737],[12.846215,48.83968],[12.846048,48.839573],[12.845883,48.839466],[12.84572,48.839355],[12.845558,48.839249],[12.845398,48.839138],[12.84524,48.839027],[12.845082,48.838917],[12.844927,48.838802],[12.844773,48.838688],[12.844621,48.838573],[12.84447,48.838459],[12.844321,48.838341],[12.844174,48.838223],[12.844028,48.838104],[12.843884,48.837986],[12.843742,48.837864],[12.843602,48.837742],[12.843464,48.83762],[12.843327,48.837498],[12.843192,48.837376],[12.843059,48.83725],[12.842927,48.837124],[12.842797,48.836998],[12.842669,48.836872],[12.842543,48.836742],[12.842419,48.836617],[12.842297,48.836487],[12.842175,48.836357],[12.842057,48.836224],[12.84194,48.836094],[12.841825,48.83596],[12.841712,48.835827],[12.8416,48.835693],[12.841492,48.83556],[12.841384,48.835423],[12.841279,48.835289],[12.841175,48.835152],[12.841132,48.835094],[12.838611,48.831696],[12.838538,48.831596],[12.838463,48.831501],[12.838387,48.831406],[12.838308,48.831314],[12.838227,48.831219],[12.838145,48.831123],[12.83806,48.831032],[12.837975,48.83094],[12.837886,48.830849],[12.837796,48.830761],[12.837705,48.830669],[12.837611,48.830582],[12.837516,48.830494],[12.83742,48.830406],[12.83732,48.830322],[12.83722,48.830238],[12.837118,48.830151],[12.837014,48.83007],[12.836908,48.829987],[12.836802,48.829906],[12.836693,48.829826],[12.836582,48.829746],[12.83647,48.829666],[12.836356,48.82959],[12.836241,48.829514],[12.836124,48.829437],[12.836006,48.829361],[12.835886,48.829288],[12.835765,48.829216],[12.835643,48.829144],[12.835519,48.829075],[12.835393,48.829006],[12.835266,48.828938],[12.835138,48.828873],[12.835009,48.828804],[12.834878,48.828739],[12.834745,48.828678],[12.834612,48.828613],[12.834481,48.828556],[12.834311,48.82848],[12.834141,48.828407],[12.833969,48.828335],[12.833797,48.828262],[12.833622,48.828194],[12.833447,48.828125],[12.833271,48.828056],[12.833094,48.827991],[12.832915,48.827927],[12.832736,48.827862],[12.832556,48.827797],[12.832375,48.827736],[12.832191,48.827679],[12.832008,48.827618],[12.831823,48.82756],[12.831638,48.827503],[12.831624,48.827499],[12.825865,48.825798],[12.825642,48.825733],[12.825418,48.825668],[12.825194,48.825607],[12.824968,48.825546],[12.824742,48.825485],[12.824516,48.825428],[12.824288,48.825371],[12.824059,48.825314],[12.823831,48.82526],[12.823601,48.825207],[12.82337,48.825153],[12.823139,48.825104],[12.822907,48.825054],[12.822675,48.825005],[12.822441,48.824959],[12.822207,48.824917],[12.821973,48.824871],[12.821738,48.824829],[12.821503,48.824787],[12.821266,48.824749],[12.82103,48.824711],[12.820792,48.824673],[12.820555,48.824638],[12.820316,48.824604],[12.820078,48.824574],[12.819839,48.824539],[12.819599,48.824512],[12.81936,48.824482],[12.819119,48.824455],[12.818879,48.824432],[12.818638,48.824406],[12.818487,48.824394],[12.81447,48.82402],[12.814268,48.824001],[12.814066,48.823986],[12.813863,48.823971],[12.813661,48.823956],[12.813457,48.823944],[12.813254,48.823933],[12.813051,48.823921],[12.812847,48.823914],[12.812644,48.82391],[12.812441,48.823902],[12.812237,48.823898],[12.812033,48.823898],[12.811829,48.823895],[12.811625,48.823898],[12.811421,48.823898],[12.811217,48.823902],[12.811014,48.823906],[12.81081,48.823914],[12.810607,48.823921],[12.81043,48.823929],[12.804445,48.824242],[12.804102,48.824261],[12.803759,48.824284],[12.803415,48.824303],[12.803073,48.824326],[12.802731,48.824352],[12.802388,48.824375],[12.802046,48.824406],[12.801704,48.824432],[12.801363,48.824463],[12.801022,48.824493],[12.80068,48.824528],[12.80034,48.824562],[12.8,48.824596],[12.79966,48.824635],[12.799397,48.824665],[12.799176,48.824692],[12.798955,48.824718],[12.798735,48.824749],[12.798515,48.82478],[12.798296,48.82481],[12.798077,48.824844],[12.797858,48.824879],[12.797641,48.824913],[12.797423,48.824951],[12.797207,48.824989],[12.79699,48.825031],[12.796775,48.825073],[12.79656,48.825115],[12.796346,48.825157],[12.796132,48.825203],[12.795918,48.825253],[12.795707,48.825298],[12.795495,48.825348],[12.795284,48.825401],[12.795074,48.825455],[12.794865,48.825508],[12.794784,48.825527],[12.790722,48.826599],[12.790514,48.826656],[12.790306,48.826714],[12.7901,48.826771],[12.789894,48.826832],[12.78969,48.826893],[12.789486,48.826954],[12.789283,48.827019],[12.789081,48.827084],[12.788879,48.827148],[12.78868,48.827217],[12.788481,48.827286],[12.788282,48.827354],[12.788086,48.827427],[12.787889,48.827499],[12.787695,48.827572],[12.787501,48.827648],[12.787415,48.827682],[12.785389,48.828491],[12.785134,48.828594],[12.784882,48.828701],[12.784629,48.828804],[12.784378,48.828911],[12.784128,48.829018],[12.783879,48.829128],[12.783632,48.829239],[12.783386,48.82935],[12.783141,48.82946],[12.782897,48.829575],[12.782655,48.829689],[12.782413,48.829807],[12.782235,48.829895],[12.777104,48.832409],[12.776865,48.832527],[12.776628,48.832645],[12.776391,48.832764],[12.776156,48.832886],[12.775923,48.833008],[12.77569,48.833134],[12.775459,48.833256],[12.775229,48.833382],[12.775002,48.833511],[12.774776,48.833637],[12.774549,48.833767],[12.774326,48.833897],[12.774103,48.83403],[12.773883,48.83416],[12.773711,48.834267],[12.774343,48.834751],[12.774563,48.834618],[12.774785,48.834488],[12.775009,48.834358],[12.775234,48.834229],[12.77546,48.834099],[12.775689,48.833973],[12.775918,48.833847],[12.776149,48.833721],[12.776381,48.833599],[12.776615,48.833473],[12.77685,48.833355],[12.777086,48.833233],[12.777324,48.833115],[12.777562,48.832996],[12.777811,48.832874],[12.783442,48.830154],[12.783685,48.83004],[12.783927,48.829926],[12.784171,48.829811],[12.784416,48.8297],[12.784663,48.82959],[12.784911,48.829479],[12.78516,48.829369],[12.78541,48.829262],[12.785661,48.829155],[12.785913,48.829052],[12.786167,48.828949],[12.786422,48.828846],[12.786678,48.828743],[12.786935,48.828644],[12.787193,48.828545],[12.787453,48.828445],[12.787713,48.82835],[12.787974,48.828255],[12.788237,48.828163],[12.7885,48.828068],[12.788764,48.827976],[12.78903,48.827888],[12.789296,48.827801],[12.789563,48.827713],[12.789832,48.827625],[12.790101,48.827541],[12.790371,48.827457],[12.790643,48.827374],[12.790915,48.827293],[12.791187,48.827213],[12.791461,48.827137],[12.79147,48.827133],[12.794743,48.82621],[12.79495,48.826149],[12.795156,48.826096],[12.795365,48.826038],[12.795575,48.825985],[12.795785,48.825932],[12.795996,48.825882],[12.796207,48.825832],[12.79642,48.825783],[12.796633,48.825737],[12.796846,48.825691],[12.797061,48.825645],[12.797276,48.825603],[12.797491,48.825562],[12.797708,48.825523],[12.797924,48.825485],[12.798142,48.825447],[12.79836,48.825409],[12.798578,48.825375],[12.798798,48.825344],[12.799017,48.82531],[12.799236,48.825279],[12.799457,48.825253],[12.799678,48.825226],[12.799898,48.825199],[12.80012,48.825172],[12.800247,48.825161],[12.800588,48.825127],[12.800928,48.825092],[12.80127,48.825058],[12.801611,48.825027],[12.801952,48.825001],[12.802295,48.824974],[12.802636,48.824947],[12.802979,48.824921],[12.803322,48.824898],[12.803664,48.824875],[12.804008,48.824856],[12.804351,48.824837],[12.804694,48.824818],[12.805038,48.824802],[12.805382,48.824787],[12.805726,48.824776],[12.805988,48.824764],[12.810854,48.8246],[12.811078,48.824593],[12.811303,48.824589],[12.811527,48.824585],[12.811752,48.824581],[12.811976,48.824581],[12.812201,48.824581],[12.812426,48.824581],[12.812651,48.824585],[12.812875,48.824589],[12.813099,48.824596],[12.813324,48.824604],[12.813548,48.824612],[12.813772,48.824623],[12.813995,48.824635],[12.814219,48.824646],[12.814443,48.824661],[12.814666,48.824677],[12.814889,48.824696],[12.815112,48.824711],[12.815171,48.824718],[12.817963,48.82497],[12.818204,48.824989],[12.818444,48.825016],[12.818686,48.825039],[12.818926,48.825066],[12.819165,48.825096],[12.819405,48.825123],[12.819644,48.825153],[12.819882,48.825188],[12.820121,48.825222],[12.820358,48.825256],[12.820596,48.825294],[12.820832,48.825329],[12.821069,48.825371],[12.821304,48.825409],[12.82154,48.825451],[12.821774,48.825497],[12.822008,48.825542],[12.822241,48.825588],[12.822346,48.825607],[12.824818,48.826118],[12.825012,48.82616],[12.825207,48.826202],[12.825399,48.826244],[12.825592,48.826286],[12.825785,48.826332],[12.825975,48.826378],[12.826166,48.826427],[12.826355,48.826477],[12.826545,48.826527],[12.826733,48.82658],[12.82692,48.826633],[12.827106,48.826687],[12.827291,48.826744],[12.827476,48.826801],[12.827659,48.826859],[12.827842,48.82692],[12.827975,48.826965],[12.832446,48.82848],[12.832591,48.828529],[12.832735,48.828579],[12.832877,48.828632],[12.833019,48.828686],[12.833159,48.828739],[12.8333,48.828796],[12.833438,48.828854],[12.833575,48.828915],[12.833711,48.828972],[12.833846,48.829033],[12.83398,48.829098],[12.834112,48.829159],[12.834243,48.829224],[12.834373,48.829288],[12.8345,48.829357],[12.834628,48.829426],[12.834753,48.829494],[12.834878,48.829563],[12.835,48.829636],[12.835122,48.829708],[12.835241,48.829781],[12.83536,48.829853],[12.835477,48.829929],[12.835592,48.830006],[12.835706,48.830086],[12.835818,48.830162],[12.835929,48.830242],[12.836038,48.830322],[12.836145,48.830402],[12.836251,48.830486],[12.836355,48.83057],[12.836457,48.830654],[12.836558,48.830738],[12.836657,48.830826],[12.836754,48.83091],[12.836849,48.830997],[12.836943,48.831085],[12.837035,48.831177],[12.837125,48.831264],[12.837214,48.831356],[12.837299,48.831448],[12.837384,48.831539],[12.837466,48.831635],[12.837547,48.831726],[12.837626,48.831821],[12.837704,48.831917],[12.837778,48.832012],[12.837806,48.83205],[12.841105,48.836391],[12.841195,48.836506],[12.841287,48.83662],[12.84138,48.836735],[12.841475,48.836849],[12.841572,48.83696],[12.841671,48.837074],[12.841772,48.837185],[12.841875,48.837296],[12.841979,48.837402],[12.842086,48.837513],[12.842195,48.83762],[12.842304,48.83773],[12.842416,48.837833],[12.84253,48.83794],[12.842646,48.838047],[12.842763,48.83815],[12.842881,48.838253],[12.843002,48.838356],[12.843124,48.838455],[12.843248,48.838558],[12.843374,48.838657],[12.843502,48.838757],[12.843631,48.838852],[12.843761,48.838951],[12.843843,48.839008],[12.844568,48.839539],[12.844707,48.839634],[12.844846,48.839733],[12.844987,48.839832],[12.84513,48.839928],[12.845274,48.840023],[12.84542,48.840115],[12.845567,48.84021],[12.845716,48.840302],[12.845866,48.840393],[12.846018,48.840481],[12.84617,48.840572],[12.846325,48.84066],[12.846481,48.840744],[12.846639,48.840832],[12.846798,48.840916],[12.846957,48.841],[12.847119,48.84108],[12.847281,48.841164],[12.847445,48.841244],[12.847611,48.84132],[12.847778,48.8414],[12.847946,48.841476],[12.848115,48.841549],[12.848286,48.841625],[12.848456,48.841698],[12.848629,48.841766],[12.848804,48.841839],[12.848978,48.841908],[12.849154,48.841976],[12.849332,48.842041],[12.849509,48.842106],[12.849689,48.842171],[12.849869,48.842236],[12.850051,48.842297],[12.850233,48.842358],[12.850416,48.842415],[12.8506,48.842472],[12.850785,48.842529],[12.850971,48.842583],[12.851158,48.84264],[12.851346,48.84269],[12.851535,48.842743],[12.851725,48.842793],[12.851914,48.842838],[12.852105,48.842888],[12.852297,48.842934],[12.852489,48.842976],[12.852683,48.843021],[12.852875,48.84306],[12.854397,48.843384],[12.854577,48.843418],[12.854757,48.843456],[12.854939,48.843491],[12.855121,48.843521],[12.855303,48.843555],[12.855486,48.843586],[12.85567,48.843613],[12.855854,48.843643],[12.856038,48.843666],[12.856223,48.843693],[12.856409,48.843716],[12.856595,48.843739],[12.856781,48.843758],[12.856968,48.843777],[12.857155,48.843796],[12.857342,48.843811],[12.857529,48.843826],[12.857717,48.843838],[12.857904,48.843849],[12.858092,48.843861],[12.858281,48.843872],[12.858469,48.84388],[12.858658,48.843884],[12.858847,48.843887],[12.859035,48.843891],[12.859224,48.843895],[12.859413,48.843895],[12.859602,48.843895],[12.859791,48.843891],[12.859979,48.843887],[12.860168,48.843884],[12.860356,48.843876],[12.860544,48.843868],[12.860733,48.843857],[12.860921,48.843845],[12.861109,48.843834],[12.861296,48.843819],[12.861484,48.843803],[12.86167,48.843788],[12.861857,48.843769],[12.862043,48.84375],[12.862229,48.843727],[12.862415,48.843704],[12.8626,48.843681],[12.862785,48.843658],[12.862969,48.843632],[12.863153,48.843601],[12.863338,48.843571],[12.86352,48.84354],[12.863703,48.84351],[12.863884,48.843475],[12.864065,48.843441],[12.864245,48.843403],[12.864426,48.843365],[12.864605,48.843327],[12.864783,48.843285],[12.864961,48.843243],[12.865054,48.843224],[12.868416,48.842392],[12.868684,48.842327],[12.868953,48.842262],[12.869223,48.842201],[12.869493,48.84214],[12.869765,48.842083],[12.870037,48.842026],[12.87031,48.841969],[12.870583,48.841911],[12.870856,48.841858],[12.871131,48.841808],[12.871407,48.841755],[12.871682,48.841705],[12.871958,48.84166],[12.872235,48.84161],[12.872512,48.841564],[12.87279,48.841522],[12.873069,48.84148],[12.873347,48.841438],[12.873627,48.841396],[12.873906,48.841358],[12.874187,48.841324],[12.874467,48.841286],[12.874748,48.841251],[12.87503,48.841221],[12.875068,48.841217],[12.875246,48.841194],[12.875425,48.841179],[12.875604,48.84116],[12.875783,48.841145],[12.875962,48.841133],[12.876143,48.841122],[12.876322,48.84111],[12.876502,48.841099],[12.876682,48.841091],[12.876863,48.841084],[12.877044,48.84108],[12.877224,48.841076],[12.877405,48.841072],[12.877585,48.841072],[12.877767,48.841072],[12.877947,48.841076],[12.878128,48.84108],[12.878308,48.841084],[12.878489,48.841091],[12.87867,48.841099],[12.878678,48.841099],[12.878881,48.84111],[12.879085,48.841122],[12.879288,48.841133],[12.87949,48.841148],[12.879692,48.841164],[12.879894,48.841183],[12.880096,48.841202],[12.880298,48.841221],[12.880499,48.841244],[12.880674,48.841263],[12.880896,48.84129],[12.881116,48.84132],[12.881336,48.841347],[12.881556,48.841381],[12.881775,48.841412],[12.881993,48.841446],[12.882212,48.84148],[12.882429,48.841518],[12.882647,48.841557],[12.882863,48.841595],[12.883079,48.841637],[12.883294,48.841679],[12.88335,48.84169],[12.883514,48.841724],[12.883678,48.841759],[12.883842,48.841797],[12.884004,48.841835],[12.884166,48.841873],[12.884326,48.841915],[12.884486,48.841957],[12.884645,48.841999],[12.884804,48.842045],[12.884961,48.842091],[12.885118,48.84214],[12.885274,48.842186],[12.885428,48.842239],[12.885542,48.842274],[12.890075,48.8438],[12.89041,48.84391],[12.890749,48.844017],[12.891089,48.84412],[12.891433,48.844223],[12.891778,48.844318],[12.892125,48.844414],[12.892452,48.844498],[12.892825,48.844593],[12.893179,48.844677],[12.893534,48.844757],[12.89389,48.844837],[12.894249,48.84491],[12.894336,48.844929],[12.894598,48.844288],[12.894257,48.844219],[12.893917,48.844151],[12.893579,48.844078],[12.893199,48.843994],[12.892908,48.843925],[12.892575,48.843842],[12.892245,48.843758],[12.891916,48.843666],[12.89159,48.843575],[12.891266,48.843479],[12.890944,48.84338],[12.890624,48.843277],[12.890544,48.843254],[12.890498,48.843239]]]},"properties":{"osm_id":260304639,"osm_type":"way","seamark_type":"fairway","display_class":"OTHER","min_zoom":12,"importance":1,"name":null,"ref":null,"common":{"type":"fairway"},"children":{"fairway":{"information":"Donau"}},"osm_tags":{"seamark:fairway:information":"Donau","seamark:type":"fairway"}}},{"type":"Feature","geometry":{"type":"Polygon","coordinates":[[[12.8731337,48.844263],[12.873263,48.844273],[12.8732745,48.8442086],[12.8731452,48.8441986],[12.8731337,48.844263]]]},"properties":{"osm_id":260304645,"osm_type":"way","seamark_type":"landmark","display_class":"OTHER","min_zoom":12,"importance":1,"name":null,"ref":null,"common":{"type":"landmark"},"children":{"landmark":{"category":"tower","conspicuity":"conspicuous","function":"church"}},"osm_tags":{"addr:country":"DE","addr:housenumber":"8","addr:place":"Zeitldorf","building":"chapel","seamark:landmark:category":"tower","seamark:landmark:conspicuity":"conspicuous","seamark:landmark:function":"church","seamark:type":"landmark"}}},{"type":"Feature","geometry":{"type":"Polygon","coordinates":[[[12.8605746,48.8452109],[12.8605499,48.8451519],[12.8607433,48.8451168],[12.860768,48.8451758],[12.8605746,48.8452109]]]},"properties":{"osm_id":260304648,"osm_type":"way","seamark_type":"landmark","display_class":"OTHER","min_zoom":12,"importance":1,"name":null,"ref":null,"common":{"type":"landmark"},"children":{"landmark":{"category":"tower","conspicuity":"conspicuous","function":"church"}},"osm_tags":{"addr:city":"Offenberg","addr:housenumber":"9","addr:postcode":"94560","addr:street":"Kleinschwarzach","amenity":"place_of_worship","building":"chapel","religion":"christian","seamark:landmark:category":"tower","seamark:landmark:conspicuity":"conspicuous","seamark:landmark:function":"church","seamark:type":"landmark","wikidata":"Q41299960"}}},{"type":"Feature","geometry":{"type":"LineString","coordinates":[[12.747522,48.879559],[12.745661,48.878288]]},"properties":{"osm_id":260307946,"osm_type":"way","seamark_type":"calling-in_point","display_class":"OTHER","min_zoom":12,"importance":1,"name":null,"ref":null,"common":{"type":"calling-in_point"},"children":{"calling-in_point":{"channel":"18","orientation":"313.7","traffic_flow":"one-way"}},"osm_tags":{"seamark:calling-in_point:channel":"18","seamark:calling-in_point:orientation":"313.7","seamark:calling-in_point:traffic_flow":"one-way","seamark:type":"calling-in_point"}}},{"type":"Feature","geometry":{"type":"LineString","coordinates":[[12.747522,48.879559],[12.745661,48.878288]]},"properties":{"osm_id":260307947,"osm_type":"way","seamark_type":"calling-in_point","display_class":"OTHER","min_zoom":12,"importance":1,"name":null,"ref":null,"common":{"type":"calling-in_point"},"children":{"calling-in_point":{"channel":"82","orientation":"133.6","traffic_flow":"one-way"}},"osm_tags":{"seamark:calling-in_point:channel":"82","seamark:calling-in_point:orientation":"133.6","seamark:calling-in_point:traffic_flow":"one-way","seamark:type":"calling-in_point"}}},{"type":"Feature","geometry":{"type":"Polygon","coordinates":[[[12.70752,48.893688],[12.7075,48.893703],[12.707498,48.893734],[12.707507,48.893768],[12.707542,48.893833],[12.707603,48.893948],[12.707723,48.894215],[12.707748,48.894295],[12.707883,48.894165],[12.707978,48.894077],[12.708064,48.893997],[12.708147,48.893887],[12.708187,48.893806],[12.70819,48.893749],[12.708191,48.893711],[12.708212,48.893673],[12.708279,48.89362],[12.708246,48.893593],[12.708205,48.893574],[12.708152,48.893551],[12.708135,48.893547],[12.708114,48.893543],[12.7081,48.893543],[12.708093,48.893547],[12.708085,48.893551],[12.708055,48.893562],[12.707918,48.8936],[12.707799,48.893631],[12.707739,48.89365],[12.70771,48.893658],[12.707686,48.893661],[12.707638,48.893669],[12.70752,48.893688]]]},"properties":{"osm_id":260307948,"osm_type":"way","seamark_type":"restricted_area","display_class":"OTHER","min_zoom":12,"importance":1,"name":null,"ref":null,"common":{"type":"restricted_area"},"children":{"restricted_area":{"information":"Veränderliche Sandbank"}},"osm_tags":{"seamark:restricted_area:information":"Veränderliche Sandbank","seamark:type":"restricted_area"}}},{"type":"Feature","geometry":{"type":"Polygon","coordinates":[[[12.695999,48.897774],[12.696191,48.897682],[12.696304,48.897625],[12.696465,48.897533],[12.696646,48.897449],[12.696816,48.897366],[12.696846,48.89735],[12.696957,48.897289],[12.697127,48.897202],[12.697163,48.897186],[12.697314,48.89711],[12.697487,48.897038],[12.697685,48.89695],[12.697867,48.896873],[12.697943,48.896851],[12.697971,48.896847],[12.697984,48.896843],[12.697985,48.896832],[12.697976,48.89682],[12.697953,48.896797],[12.697874,48.896729],[12.697785,48.896656],[12.697693,48.896572],[12.697609,48.896503],[12.697666,48.896477],[12.69768,48.896488],[12.6977,48.896503],[12.697756,48.896557],[12.697824,48.896614],[12.697894,48.896675],[12.698013,48.89677],[12.69804,48.89679],[12.698047,48.896793],[12.698062,48.896782],[12.69807,48.896778],[12.69811,48.896748],[12.698175,48.896706],[12.6983,48.896641],[12.698449,48.896576],[12.698593,48.896507],[12.698705,48.896458],[12.698813,48.896408],[12.698932,48.896351],[12.699051,48.896301],[12.699174,48.896248],[12.699287,48.896198],[12.699341,48.896175],[12.699398,48.896149],[12.699457,48.896122],[12.699505,48.896103],[12.699659,48.89603],[12.699829,48.895954],[12.699921,48.895908],[12.700024,48.895863],[12.700091,48.895828],[12.700214,48.895767],[12.700338,48.895706],[12.70048,48.895641],[12.700592,48.895596],[12.700661,48.895561],[12.700765,48.895512],[12.700859,48.895473],[12.70097,48.895432],[12.701087,48.895382],[12.701207,48.895336],[12.701284,48.895306],[12.701374,48.895267],[12.701457,48.895233],[12.701547,48.895195],[12.701658,48.895153],[12.701789,48.8951],[12.702007,48.89502],[12.702197,48.894951],[12.702322,48.894909],[12.702415,48.894871],[12.702503,48.894836],[12.7026,48.894802],[12.702712,48.894768],[12.702807,48.894745],[12.702921,48.894714],[12.703059,48.894676],[12.703299,48.894608],[12.703455,48.894562],[12.703875,48.894447],[12.704008,48.894417],[12.704077,48.894394],[12.704204,48.894363],[12.70441,48.894295],[12.704566,48.89426],[12.704696,48.89423],[12.704885,48.89418],[12.704969,48.894157],[12.705063,48.894135],[12.705132,48.894119],[12.7052,48.894108],[12.705266,48.894096],[12.705336,48.894089],[12.705409,48.894081],[12.705471,48.894077],[12.705527,48.894081],[12.705584,48.894089],[12.705698,48.894135],[12.705739,48.894142],[12.705797,48.894135],[12.705852,48.894135],[12.705934,48.89415],[12.706729,48.89431],[12.707297,48.894417],[12.707285,48.89439],[12.707235,48.894333],[12.707171,48.894257],[12.707111,48.894184],[12.707024,48.894077],[12.706951,48.893986],[12.706945,48.893978],[12.706907,48.893929],[12.706899,48.893913],[12.706996,48.893879],[12.707007,48.893887],[12.707014,48.893906],[12.707022,48.893925],[12.707038,48.893951],[12.707046,48.893959],[12.707086,48.894005],[12.707156,48.894089],[12.707259,48.894207],[12.707335,48.894287],[12.707426,48.894356],[12.707505,48.894394],[12.707548,48.894405],[12.707577,48.894409],[12.707606,48.894405],[12.707635,48.89439],[12.707672,48.894348],[12.707748,48.894295],[12.707883,48.894165],[12.707978,48.894077],[12.708064,48.893997],[12.708147,48.893887],[12.708187,48.893806],[12.70819,48.893749],[12.708191,48.893711],[12.708212,48.893673],[12.708279,48.89362],[12.708393,48.893589],[12.708447,48.893574],[12.708524,48.893551],[12.708627,48.893524],[12.708749,48.893505],[12.708765,48.893482],[12.708817,48.893444],[12.708856,48.893436],[12.708901,48.893444],[12.708949,48.893448],[12.708983,48.89344],[12.709063,48.893398],[12.709213,48.893314],[12.709282,48.893276],[12.709319,48.893246],[12.709311,48.893223],[12.709301,48.893208],[12.709314,48.893192],[12.709366,48.893173],[12.70944,48.893143],[12.709546,48.893105],[12.709701,48.893044],[12.70988,48.892986],[12.710044,48.892921],[12.710227,48.89286],[12.710388,48.892811],[12.710579,48.892742],[12.71067,48.892712],[12.710812,48.892654],[12.710988,48.892582],[12.711104,48.892532],[12.711184,48.892498],[12.71122,48.892483],[12.709917,48.891075],[12.709671,48.891171],[12.709528,48.89122],[12.709504,48.891232],[12.709491,48.891235],[12.709291,48.891315],[12.709285,48.891319],[12.709207,48.89135],[12.70905,48.891403],[12.7089,48.891457],[12.708799,48.891491],[12.708649,48.891537],[12.708464,48.891602],[12.708289,48.891655],[12.708177,48.891685],[12.708169,48.891689],[12.708118,48.891705],[12.707773,48.891823],[12.707592,48.891876],[12.707571,48.891884],[12.707541,48.891891],[12.707331,48.891953],[12.707112,48.89201],[12.706912,48.892075],[12.706731,48.89212],[12.706489,48.892204],[12.706436,48.892216],[12.706327,48.892227],[12.706224,48.892227],[12.706115,48.892216],[12.705993,48.892204],[12.705976,48.8922],[12.705965,48.8922],[12.705846,48.892193],[12.705749,48.892185],[12.705671,48.892189],[12.705614,48.8922],[12.705567,48.89222],[12.705523,48.89225],[12.705482,48.892281],[12.705429,48.89233],[12.705383,48.892372],[12.70536,48.892403],[12.705356,48.892418],[12.705374,48.892429],[12.705384,48.892445],[12.70537,48.892456],[12.705312,48.892475],[12.705285,48.892487],[12.705276,48.892483],[12.705234,48.892464],[12.705147,48.892429],[12.704945,48.892376],[12.704795,48.892365],[12.70474,48.892368],[12.704661,48.892376],[12.704552,48.892395],[12.704444,48.89241],[12.704393,48.892422],[12.704365,48.892426],[12.704324,48.892437],[12.704299,48.892441],[12.704181,48.892475],[12.704051,48.892509],[12.703943,48.89254],[12.703839,48.892563],[12.703759,48.892582],[12.703675,48.892612],[12.703616,48.892647],[12.70352,48.892693],[12.703463,48.892708],[12.703403,48.892723],[12.703358,48.892735],[12.703313,48.892738],[12.703268,48.892738],[12.703207,48.89275],[12.703141,48.892773],[12.703057,48.892811],[12.70296,48.89286],[12.702915,48.892883],[12.702877,48.892902],[12.702832,48.892929],[12.702687,48.89304],[12.702561,48.893127],[12.702479,48.893173],[12.702388,48.893219],[12.70228,48.893257],[12.702207,48.893284],[12.702075,48.89333],[12.701962,48.893364],[12.701879,48.893391],[12.701787,48.893417],[12.701673,48.893456],[12.701573,48.89349],[12.70149,48.893524],[12.701385,48.893566],[12.701303,48.8936],[12.701191,48.893642],[12.701097,48.893677],[12.700993,48.893703],[12.700908,48.893738],[12.700796,48.89378],[12.700688,48.893822],[12.700586,48.893864],[12.700465,48.893921],[12.700359,48.89397],[12.700233,48.894028],[12.700039,48.894104],[12.699961,48.894135],[12.699842,48.894176],[12.699659,48.894241],[12.699557,48.894272],[12.699477,48.894291],[12.699402,48.894314],[12.699319,48.894337],[12.699236,48.89436],[12.699155,48.894379],[12.699075,48.894402],[12.699015,48.894417],[12.698928,48.89444],[12.698895,48.894447],[12.698859,48.894459],[12.698753,48.894485],[12.698668,48.894512],[12.698609,48.894527],[12.698508,48.894562],[12.698462,48.894585],[12.698418,48.894604],[12.698366,48.894623],[12.698317,48.894642],[12.698259,48.894665],[12.698213,48.894684],[12.698143,48.894718],[12.697994,48.894783],[12.697986,48.894787],[12.697948,48.894806],[12.697785,48.894878],[12.697699,48.89492],[12.69759,48.894966],[12.697504,48.895008],[12.697409,48.895054],[12.697312,48.895103],[12.697216,48.895149],[12.697121,48.895195],[12.697025,48.895241],[12.696937,48.895283],[12.69684,48.895332],[12.696817,48.895344],[12.69672,48.89539],[12.696712,48.895393],[12.696585,48.895454],[12.696464,48.895512],[12.696347,48.895573],[12.696254,48.895618],[12.696239,48.895626],[12.696054,48.895729],[12.695868,48.895828],[12.695619,48.895958],[12.695347,48.896111],[12.695318,48.896126],[12.695269,48.896152],[12.695025,48.896278],[12.694946,48.896317],[12.694813,48.896397],[12.694592,48.896523],[12.694514,48.896564],[12.694087,48.896797],[12.693697,48.89703],[12.693585,48.897091],[12.693583,48.897095],[12.693567,48.897102],[12.693551,48.89711],[12.693539,48.897118],[12.693529,48.897121],[12.693517,48.897129],[12.693469,48.89716],[12.693209,48.897312],[12.693867,48.897789],[12.694551,48.898281],[12.694779,48.898445],[12.694968,48.898331],[12.69517,48.89822],[12.695366,48.898117],[12.695593,48.897987],[12.695827,48.897858],[12.695921,48.897812],[12.695999,48.897774]]]},"properties":{"osm_id":260307949,"osm_type":"way","seamark_type":"restricted_area","display_class":"OTHER","min_zoom":12,"importance":1,"name":null,"ref":null,"common":{"type":"restricted_area"},"children":{"restricted_area":{"restriction":"no_berthing"}},"osm_tags":{"seamark:restricted_area:restriction":"no_berthing","seamark:type":"restricted_area"}}},{"type":"Feature","geometry":{"type":"Polygon","coordinates":[[[12.694551,48.898281],[12.694812,48.898067],[12.695102,48.897835],[12.695399,48.89761],[12.695705,48.897385],[12.69602,48.897167],[12.696342,48.896954],[12.696671,48.896748],[12.697009,48.896542],[12.697353,48.896347],[12.697704,48.896152],[12.698063,48.895966],[12.698428,48.895786],[12.698799,48.895611],[12.699177,48.895443],[12.69956,48.895279],[12.69995,48.895123],[12.700345,48.894974],[12.700746,48.894829],[12.701151,48.894688],[12.701561,48.894558],[12.701976,48.894432],[12.702395,48.894314],[12.702819,48.894203],[12.703247,48.894096],[12.703301,48.894085],[12.70885,48.89278],[12.709263,48.892681],[12.709672,48.892574],[12.710077,48.89246],[12.710478,48.892342],[12.710874,48.892212],[12.711265,48.892082],[12.71165,48.891941],[12.71203,48.891796],[12.712405,48.891644],[12.712774,48.891487],[12.713138,48.891323],[12.713494,48.891155],[12.713845,48.89098],[12.714189,48.890797],[12.714525,48.89061],[12.714854,48.890419],[12.715177,48.890221],[12.715491,48.890018],[12.715798,48.889812],[12.716098,48.889599],[12.716389,48.889381],[12.716671,48.88916],[12.716946,48.888935],[12.717251,48.888668],[12.717447,48.888496],[12.717651,48.888332],[12.717864,48.888172],[12.718084,48.888016],[12.718313,48.887867],[12.718549,48.887722],[12.718792,48.887581],[12.719043,48.887447],[12.7193,48.887318],[12.719563,48.887196],[12.719833,48.887081],[12.720012,48.887009],[12.72027,48.886909],[12.720534,48.886814],[12.720803,48.88673],[12.721077,48.88665],[12.721354,48.886578],[12.721636,48.886513],[12.721921,48.886452],[12.722209,48.886402],[12.722499,48.886356],[12.722793,48.886318],[12.723087,48.886288],[12.723384,48.886261],[12.723563,48.88625],[12.727075,48.886059],[12.727604,48.886028],[12.728132,48.88599],[12.728659,48.885941],[12.729184,48.885887],[12.729708,48.885826],[12.730229,48.885757],[12.730748,48.885685],[12.731265,48.885601],[12.731532,48.885555],[12.732947,48.885311],[12.733433,48.885223],[12.733914,48.885128],[12.734393,48.885029],[12.734868,48.884918],[12.73534,48.884804],[12.735807,48.884682],[12.736271,48.884552],[12.73673,48.884418],[12.737185,48.884277],[12.737635,48.884129],[12.738079,48.883976],[12.738519,48.883812],[12.738954,48.883648],[12.739382,48.883472],[12.739805,48.883293],[12.740222,48.88311],[12.740632,48.882915],[12.741036,48.882721],[12.741434,48.882519],[12.741825,48.882309],[12.742209,48.882095],[12.742586,48.881874],[12.742955,48.881649],[12.743318,48.88142],[12.743408,48.881359],[12.743789,48.881115],[12.744176,48.880875],[12.744571,48.880642],[12.744973,48.880413],[12.745382,48.880188],[12.745798,48.879971],[12.746221,48.879757],[12.74657,48.879589],[12.746909,48.879421],[12.747242,48.87925],[12.747568,48.879074],[12.747888,48.878891],[12.748199,48.878704],[12.748504,48.87851],[12.7488,48.878311],[12.749089,48.878109],[12.74937,48.877899],[12.749642,48.877689],[12.749906,48.877472],[12.750161,48.877247],[12.750408,48.877022],[12.750646,48.876793],[12.750875,48.876556],[12.751094,48.87632],[12.751304,48.87608],[12.751505,48.875832],[12.751696,48.875584],[12.751877,48.875332],[12.752048,48.875076],[12.752196,48.87484],[12.752388,48.874535],[12.75259,48.874229],[12.752801,48.873928],[12.753023,48.873631],[12.753254,48.873337],[12.753495,48.873047],[12.753745,48.872757],[12.754005,48.872475],[12.754274,48.872196],[12.754553,48.871918],[12.75484,48.871647],[12.755136,48.87138],[12.755441,48.871113],[12.755754,48.870853],[12.756076,48.870602],[12.756406,48.87035],[12.756471,48.870304],[12.756804,48.870052],[12.757127,48.869801],[12.757442,48.869541],[12.75775,48.869278],[12.758048,48.869011],[12.758337,48.86874],[12.758617,48.868465],[12.758888,48.868187],[12.759151,48.867905],[12.759403,48.867619],[12.759646,48.867329],[12.75988,48.867035],[12.760103,48.866737],[12.760318,48.866436],[12.760522,48.866135],[12.760715,48.865829],[12.7609,48.86552],[12.761074,48.865208],[12.761237,48.864895],[12.761391,48.864578],[12.761533,48.864262],[12.761665,48.863941],[12.761787,48.863617],[12.761898,48.863297],[12.761998,48.862972],[12.762089,48.862644],[12.762167,48.862316],[12.762236,48.861988],[12.762324,48.861553],[12.762424,48.861118],[12.762534,48.860683],[12.762655,48.860249],[12.762787,48.859818],[12.76293,48.859386],[12.763011,48.859161],[12.763083,48.858959],[12.763247,48.858532],[12.763421,48.858105],[12.763606,48.857681],[12.763733,48.857407],[12.763925,48.856983],[12.763927,48.856979],[12.764106,48.85656],[12.764277,48.856133],[12.764437,48.855705],[12.764586,48.855278],[12.764725,48.854847],[12.764853,48.854412],[12.764971,48.853981],[12.765078,48.853546],[12.765173,48.853111],[12.765258,48.852673],[12.765332,48.852234],[12.765396,48.851795],[12.765439,48.851448],[12.765505,48.850861],[12.765539,48.850529],[12.765563,48.850197],[12.765575,48.849865],[12.765576,48.849537],[12.765568,48.849205],[12.765548,48.848873],[12.765516,48.848541],[12.765474,48.848209],[12.76547,48.848175],[12.765207,48.846386],[12.76517,48.846096],[12.765143,48.84581],[12.765129,48.84552],[12.765124,48.84523],[12.765131,48.84494],[12.765148,48.84465],[12.765177,48.84436],[12.765216,48.84407],[12.765266,48.843784],[12.765327,48.843494],[12.765399,48.843208],[12.765482,48.842926],[12.765574,48.84264],[12.765678,48.842358],[12.765793,48.842079],[12.765917,48.841801],[12.766052,48.841526],[12.766149,48.841343],[12.766282,48.841103],[12.766427,48.84087],[12.766582,48.840637],[12.766746,48.840405],[12.76692,48.840179],[12.767103,48.839954],[12.767297,48.839737],[12.7675,48.83952],[12.767712,48.839306],[12.767932,48.8391],[12.768162,48.838894],[12.7684,48.838696],[12.768647,48.838497],[12.768902,48.838306],[12.769165,48.838123],[12.769331,48.838009],[12.773108,48.835529],[12.773584,48.83522],[12.774069,48.834919],[12.774343,48.834751],[12.773711,48.834267],[12.773225,48.834568],[12.772747,48.834873],[12.77245,48.835068],[12.76897,48.837383],[12.768653,48.837601],[12.768345,48.837822],[12.768044,48.838051],[12.767753,48.83828],[12.767469,48.838516],[12.767195,48.838757],[12.766929,48.839001],[12.766671,48.839249],[12.766594,48.839325],[12.766376,48.83955],[12.76617,48.839779],[12.765971,48.840012],[12.765782,48.840248],[12.765603,48.840488],[12.765434,48.840729],[12.765275,48.840977],[12.765126,48.841225],[12.764987,48.841473],[12.764858,48.841728],[12.76474,48.841984],[12.764632,48.842239],[12.764535,48.842499],[12.764448,48.842758],[12.764373,48.843021],[12.764308,48.843285],[12.764253,48.843548],[12.76421,48.843815],[12.764176,48.844078],[12.764154,48.844345],[12.764144,48.844612],[12.764144,48.844879],[12.764154,48.845146],[12.764176,48.845413],[12.764177,48.845428],[12.764573,48.849213],[12.764603,48.849545],[12.764621,48.849876],[12.764627,48.850208],[12.764625,48.85054],[12.764609,48.850872],[12.764585,48.851204],[12.764548,48.851532],[12.764501,48.851864],[12.764443,48.852192],[12.764374,48.85252],[12.764295,48.852848],[12.764204,48.853176],[12.764103,48.8535],[12.763991,48.853821],[12.763945,48.853951],[12.763531,48.855061],[12.763484,48.855171],[12.763427,48.855278],[12.76336,48.855381],[12.763283,48.855484],[12.763197,48.855583],[12.763101,48.855679],[12.762996,48.855766],[12.762912,48.855831],[12.762801,48.855919],[12.762699,48.85601],[12.762605,48.856106],[12.762521,48.856205],[12.762446,48.856308],[12.762382,48.856415],[12.762328,48.856522],[12.762297,48.856598],[12.762261,48.856689],[12.761409,48.858932],[12.761373,48.859043],[12.761347,48.859154],[12.761332,48.859268],[12.761327,48.859383],[12.761333,48.859497],[12.761352,48.859608],[12.761379,48.859722],[12.761418,48.859833],[12.761441,48.859886],[12.761486,48.859993],[12.761519,48.860107],[12.761542,48.860218],[12.761554,48.860332],[12.761555,48.860447],[12.761545,48.860558],[12.761524,48.860672],[12.761511,48.860725],[12.76142,48.861069],[12.761341,48.861416],[12.761277,48.861732],[12.76121,48.862064],[12.761133,48.862389],[12.761045,48.862717],[12.760946,48.863041],[12.760838,48.863365],[12.760717,48.863689],[12.760587,48.86401],[12.760446,48.864326],[12.760294,48.864643],[12.760132,48.864956],[12.75996,48.865269],[12.759777,48.865578],[12.759585,48.865883],[12.759382,48.866188],[12.75917,48.866486],[12.758947,48.866783],[12.758716,48.867081],[12.758474,48.867371],[12.758223,48.867657],[12.757962,48.867939],[12.757692,48.868221],[12.757414,48.868496],[12.757126,48.868767],[12.756829,48.869034],[12.756523,48.869297],[12.756209,48.869556],[12.755886,48.869812],[12.755555,48.87006],[12.755481,48.870117],[12.755179,48.870342],[12.754886,48.870571],[12.754601,48.870808],[12.754325,48.871048],[12.754057,48.871292],[12.753798,48.87154],[12.753772,48.871567],[12.753261,48.87207],[12.753013,48.872322],[12.752772,48.872578],[12.752542,48.872837],[12.752321,48.8731],[12.75211,48.873367],[12.751908,48.873638],[12.751717,48.873913],[12.751535,48.874187],[12.751378,48.874443],[12.751218,48.874699],[12.751047,48.874954],[12.750868,48.875206],[12.750677,48.875458],[12.750478,48.875702],[12.750269,48.875942],[12.750051,48.876183],[12.749823,48.876415],[12.749585,48.876648],[12.74934,48.876873],[12.749085,48.877098],[12.748822,48.877316],[12.74855,48.877529],[12.74827,48.877735],[12.747982,48.877941],[12.747686,48.878139],[12.747383,48.878334],[12.747071,48.878521],[12.746753,48.878704],[12.746428,48.878883],[12.746096,48.879055],[12.745767,48.879215],[12.745339,48.879425],[12.744919,48.879639],[12.744506,48.87986],[12.744099,48.880085],[12.743699,48.880314],[12.743307,48.88055],[12.742922,48.880795],[12.742776,48.880886],[12.742414,48.881119],[12.742043,48.88134],[12.741666,48.881561],[12.741282,48.881775],[12.74089,48.881981],[12.740491,48.882183],[12.740087,48.882381],[12.739675,48.882572],[12.739257,48.882755],[12.738833,48.882935],[12.738404,48.883106],[12.737969,48.883274],[12.73753,48.883434],[12.737084,48.883587],[12.736634,48.883736],[12.736179,48.883877],[12.73572,48.88401],[12.735255,48.88414],[12.734787,48.884262],[12.734316,48.884377],[12.73384,48.884483],[12.733361,48.884583],[12.732879,48.884678],[12.732366,48.884769],[12.73129,48.884953],[12.730787,48.885036],[12.730283,48.885109],[12.729775,48.885178],[12.729267,48.885239],[12.728756,48.885292],[12.728244,48.885342],[12.72773,48.88538],[12.727215,48.88541],[12.727041,48.885422],[12.722582,48.885651],[12.722311,48.885666],[12.72204,48.885693],[12.721772,48.885723],[12.721506,48.885761],[12.721242,48.885807],[12.720982,48.88586],[12.720724,48.885921],[12.72047,48.885986],[12.720222,48.886059],[12.719977,48.886139],[12.719737,48.886227],[12.719503,48.886318],[12.719275,48.886417],[12.719052,48.88652],[12.718837,48.886631],[12.718628,48.886745],[12.718426,48.886868],[12.718231,48.886993],[12.718045,48.887123],[12.718005,48.887154],[12.715521,48.889019],[12.715239,48.889229],[12.714948,48.889431],[12.714649,48.889626],[12.714343,48.88982],[12.71403,48.890007],[12.713709,48.890186],[12.713382,48.890362],[12.713047,48.890533],[12.712706,48.890697],[12.712358,48.890858],[12.712095,48.890972],[12.711709,48.891132],[12.711317,48.891285],[12.710919,48.891434],[12.710517,48.891575],[12.710109,48.891708],[12.709697,48.891838],[12.709279,48.89196],[12.708858,48.892075],[12.708646,48.892132],[12.708036,48.892288],[12.702482,48.893623],[12.702056,48.89373],[12.701633,48.893841],[12.701214,48.893963],[12.7008,48.894089],[12.700391,48.894218],[12.699986,48.89436],[12.699587,48.894505],[12.699192,48.894657],[12.698804,48.894814],[12.698421,48.894978],[12.698045,48.895149],[12.697675,48.895325],[12.69731,48.895508],[12.696954,48.895695],[12.696604,48.895885],[12.69626,48.896084],[12.695925,48.89629],[12.695597,48.8965],[12.695275,48.896713],[12.694963,48.896931],[12.694658,48.897156],[12.694362,48.897385],[12.694074,48.897617],[12.693867,48.897789],[12.694551,48.898281]]]},"properties":{"osm_id":260307950,"osm_type":"way","seamark_type":"fairway","display_class":"OTHER","min_zoom":12,"importance":1,"name":null,"ref":null,"common":{"type":"fairway"},"children":{"fairway":{"information":"Donau"}},"osm_tags":{"seamark:fairway:information":"Donau","seamark:type":"fairway"}}},{"type":"Feature","geometry":{"type":"Polygon","coordinates":[[[12.69389,48.898979],[12.694132,48.898834],[12.694427,48.898647],[12.694754,48.89846],[12.694779,48.898445],[12.694551,48.898281],[12.693867,48.897789],[12.693209,48.897312],[12.692819,48.89756],[12.692635,48.897682],[12.692472,48.897781],[12.692459,48.897789],[12.6924405,48.8978],[12.69243,48.897808],[12.692229,48.897942],[12.692053,48.89806],[12.691871,48.898174],[12.691658,48.898308],[12.691463,48.898426],[12.691431,48.898445],[12.691407,48.898457],[12.69139,48.898468],[12.691246,48.898567],[12.691498,48.898605],[12.691596,48.898621],[12.69389,48.898979]]]},"properties":{"osm_id":260309505,"osm_type":"way","seamark_type":"restricted_area","display_class":"OTHER","min_zoom":12,"importance":1,"name":null,"ref":null,"common":{"type":"restricted_area"},"children":{"restricted_area":{"restriction":"no_berthing"}},"osm_tags":{"seamark:restricted_area:restriction":"no_berthing","seamark:type":"restricted_area"}}},{"type":"Feature","geometry":{"type":"LineString","coordinates":[[12.687867,48.904175],[12.687964,48.904331],[12.688396,48.905037],[12.688478,48.905167]]},"properties":{"osm_id":260309506,"osm_type":"way","seamark_type":"pipeline_submarine","display_class":"OTHER","min_zoom":12,"importance":1,"name":null,"ref":null,"common":{"type":"pipeline_submarine"},"children":{"pipeline_submarine":{"category":"intake","name":"Stadt Bogen","product":"water"}},"osm_tags":{"seamark:pipeline_submarine:category":"intake","seamark:pipeline_submarine:name":"Stadt Bogen","seamark:pipeline_submarine:product":"water","seamark:type":"pipeline_submarine"}}},{"type":"Feature","geometry":{"type":"Polygon","coordinates":[[[12.676853,48.903828],[12.676357,48.903893],[12.675795,48.903961],[12.67523,48.904022],[12.674664,48.904076],[12.674095,48.904121],[12.673527,48.90416],[12.672956,48.904194],[12.672952,48.904194],[12.672497,48.904221],[12.672044,48.904251],[12.671592,48.904293],[12.671141,48.904343],[12.670691,48.904396],[12.670245,48.904457],[12.669801,48.904526],[12.669359,48.904602],[12.668921,48.904686],[12.668485,48.904778],[12.668053,48.904873],[12.667624,48.904976],[12.667431,48.905025],[12.667133,48.905109],[12.666841,48.905197],[12.666553,48.905296],[12.660873,48.907272],[12.660565,48.907375],[12.660253,48.907471],[12.659935,48.907558],[12.659614,48.907642],[12.659288,48.907719],[12.658959,48.907787],[12.658628,48.907848],[12.658293,48.907906],[12.657955,48.907951],[12.657616,48.907993],[12.657275,48.908028],[12.656933,48.908054],[12.656589,48.908073],[12.656244,48.908089],[12.655899,48.908092],[12.655554,48.908092],[12.65521,48.908081],[12.654865,48.908066],[12.654522,48.908043],[12.65418,48.908012],[12.653839,48.907974],[12.653501,48.907928],[12.653165,48.907879],[12.652555,48.90778],[12.652469,48.907764],[12.652136,48.907703],[12.651807,48.907635],[12.65148,48.907562],[12.651157,48.907482],[12.650839,48.907394],[12.650525,48.907299],[12.650216,48.907196],[12.649911,48.907089],[12.649612,48.906979],[12.649319,48.906857],[12.64731,48.90601],[12.647285,48.906002],[12.646998,48.905872],[12.646718,48.905743],[12.646443,48.905605],[12.646175,48.90546],[12.645915,48.905312],[12.645877,48.905289],[12.645691,48.905186],[12.645496,48.905087],[12.645297,48.904995],[12.64509,48.904911],[12.644878,48.904831],[12.644662,48.904758],[12.64444,48.90469],[12.644214,48.904629],[12.643984,48.904575],[12.643751,48.90453],[12.643515,48.904488],[12.643275,48.904457],[12.643035,48.90443],[12.642908,48.904419],[12.642736,48.904411],[12.642564,48.904411],[12.642391,48.904419],[12.64222,48.904434],[12.642051,48.904457],[12.641884,48.904484],[12.641721,48.904522],[12.641561,48.904564],[12.641404,48.904613],[12.641253,48.904667],[12.641109,48.904728],[12.640969,48.904797],[12.640838,48.904869],[12.640713,48.904949],[12.637902,48.906826],[12.637684,48.906967],[12.637446,48.907112],[12.637201,48.907249],[12.63695,48.907383],[12.636691,48.907513],[12.636426,48.907631],[12.636155,48.907749],[12.635879,48.907856],[12.635596,48.907959],[12.635309,48.908058],[12.635016,48.90815],[12.63472,48.908234],[12.634419,48.90831],[12.634114,48.908379],[12.633806,48.908443],[12.633112,48.908577],[12.633024,48.908596],[12.63276,48.908642],[12.632493,48.90868],[12.632224,48.90871],[12.631954,48.908733],[12.631682,48.908749],[12.63141,48.90876],[12.631137,48.90876],[12.630864,48.908756],[12.630592,48.908745],[12.630321,48.908726],[12.630051,48.908699],[12.629783,48.908665],[12.629518,48.908627],[12.629254,48.908577],[12.628994,48.908524],[12.628737,48.908463],[12.628485,48.908394],[12.628144,48.908298],[12.627934,48.908237],[12.627689,48.908157],[12.62745,48.90807],[12.627216,48.907978],[12.626988,48.907879],[12.626766,48.907776],[12.626551,48.907665],[12.626342,48.907547],[12.626141,48.907425],[12.625947,48.907299],[12.625761,48.907169],[12.625583,48.907032],[12.625414,48.906891],[12.625253,48.906746],[12.625101,48.906597],[12.624958,48.906445],[12.624825,48.906288],[12.624701,48.906128],[12.624587,48.905964],[12.624484,48.905796],[12.624391,48.905628],[12.624307,48.905457],[12.622857,48.902256],[12.622838,48.902214],[12.622734,48.90197],[12.622194,48.900616],[12.622175,48.900566],[12.622091,48.900379],[12.621997,48.900192],[12.621892,48.900005],[12.621778,48.899822],[12.621654,48.899647],[12.621518,48.899467],[12.621374,48.899296],[12.621221,48.899128],[12.621058,48.898964],[12.620886,48.8988],[12.620706,48.898643],[12.620516,48.898491],[12.620318,48.898346],[12.620112,48.898201],[12.6199,48.898064],[12.619678,48.89793],[12.619451,48.897804],[12.619215,48.897682],[12.618974,48.897568],[12.618726,48.897457],[12.618472,48.89735],[12.618213,48.897255],[12.617949,48.897163],[12.617679,48.897076],[12.617405,48.896999],[12.617126,48.896927],[12.616844,48.896862],[12.616559,48.896805],[12.616271,48.896751],[12.615979,48.896709],[12.615686,48.896671],[12.615391,48.896641],[12.615094,48.896618],[12.614797,48.896603],[12.614498,48.896591],[12.6142,48.896591],[12.613901,48.896595],[12.613603,48.89661],[12.613305,48.896629],[12.613273,48.896629],[12.613102,48.896648],[12.612934,48.896675],[12.612769,48.896709],[12.612607,48.896748],[12.61245,48.896793],[12.612296,48.896847],[12.612148,48.896904],[12.612007,48.896969],[12.611872,48.897038],[12.611743,48.897114],[12.611623,48.897198],[12.61151,48.897282],[12.611405,48.897373],[12.61131,48.897469],[12.611224,48.897568],[12.611146,48.897655],[12.611052,48.897751],[12.610948,48.897842],[12.610836,48.89793],[12.610716,48.89801],[12.610588,48.898087],[12.610454,48.898159],[12.609241,48.898758],[12.608953,48.898899],[12.608361,48.899185],[12.607366,48.899647],[12.606071,48.900227],[12.60529,48.900555],[12.604765,48.900772],[12.604518,48.900871],[12.604223,48.900993],[12.604056,48.901058],[12.60389,48.901127],[12.603821,48.901157],[12.603728,48.901199],[12.603631,48.901249],[12.603534,48.901302],[12.60343,48.901363],[12.603336,48.901421],[12.603258,48.901463],[12.603194,48.901493],[12.603136,48.90152],[12.603082,48.901543],[12.60302,48.901566],[12.602967,48.901585],[12.602888,48.901611],[12.602857,48.901623],[12.602457,48.901745],[12.602053,48.901859],[12.601645,48.901966],[12.601233,48.902069],[12.600817,48.902161],[12.600733,48.90218],[12.600471,48.902229],[12.600207,48.902275],[12.59994,48.902313],[12.599671,48.90234],[12.599401,48.902363],[12.599129,48.902382],[12.598856,48.90239],[12.598583,48.90239],[12.59831,48.902382],[12.598039,48.90237],[12.597768,48.902351],[12.597498,48.902325],[12.596795,48.902241],[12.596376,48.902195],[12.596067,48.902157],[12.595699,48.902107],[12.595359,48.902042],[12.594984,48.901955],[12.59468,48.901867],[12.594425,48.901783],[12.594043,48.902248],[12.594159,48.902287],[12.594301,48.902332],[12.594464,48.902382],[12.594573,48.902409],[12.594724,48.902447],[12.594876,48.902485],[12.594997,48.902508],[12.595114,48.902531],[12.595273,48.902561],[12.595448,48.902588],[12.59564,48.902615],[12.595816,48.902634],[12.596354,48.902691],[12.59738,48.902798],[12.597508,48.902809],[12.597779,48.902832],[12.598051,48.902843],[12.598324,48.902851],[12.598597,48.902851],[12.598869,48.902843],[12.599141,48.902828],[12.599412,48.902805],[12.599681,48.902775],[12.599948,48.90274],[12.600213,48.902695],[12.600411,48.90266],[12.60085,48.902576],[12.601284,48.902485],[12.601716,48.902386],[12.602143,48.902279],[12.602567,48.902168],[12.602986,48.90205],[12.603401,48.901924],[12.603811,48.901791],[12.604217,48.901653],[12.604617,48.901508],[12.605012,48.90136],[12.605401,48.901199],[12.605785,48.901039],[12.606163,48.900867],[12.606534,48.900692],[12.612023,48.898037],[12.612097,48.898003],[12.612299,48.897915],[12.612507,48.897831],[12.61272,48.897751],[12.612939,48.897682],[12.613162,48.897617],[12.61339,48.897556],[12.613621,48.897507],[12.613855,48.897461],[12.614093,48.897423],[12.614332,48.897392],[12.614573,48.897369],[12.614816,48.897354],[12.61506,48.897343],[12.615303,48.897343],[12.615547,48.897346],[12.61579,48.897358],[12.616033,48.897381],[12.616273,48.897408],[12.616511,48.897438],[12.616748,48.89748],[12.616981,48.89753],[12.61721,48.897583],[12.617436,48.897644],[12.617658,48.897713],[12.617873,48.897785],[12.618085,48.897865],[12.618291,48.897953],[12.61849,48.898045],[12.619047,48.898315],[12.619276,48.898434],[12.619485,48.898548],[12.619686,48.89867],[12.619881,48.898796],[12.620067,48.898926],[12.620245,48.899063],[12.620416,48.899204],[12.620577,48.899349],[12.620729,48.899498],[12.620872,48.899651],[12.621006,48.899807],[12.62113,48.899967],[12.621244,48.900131],[12.621349,48.900295],[12.621444,48.900467],[12.621527,48.900635],[12.6216,48.90081],[12.622887,48.904091],[12.62291,48.904152],[12.622969,48.904327],[12.623017,48.904507],[12.623055,48.904682],[12.623082,48.904861],[12.623083,48.904865],[12.62311,48.905045],[12.623148,48.905224],[12.623198,48.905399],[12.623257,48.905575],[12.623327,48.90575],[12.623407,48.905922],[12.623499,48.90609],[12.6236,48.906258],[12.623711,48.906422],[12.623833,48.906582],[12.623963,48.906742],[12.624104,48.906895],[12.624253,48.907047],[12.624412,48.907192],[12.624578,48.907333],[12.624755,48.907471],[12.624939,48.907604],[12.625131,48.907734],[12.62533,48.907856],[12.625537,48.907974],[12.625751,48.908085],[12.625971,48.908192],[12.626198,48.908291],[12.62643,48.908386],[12.626668,48.908474],[12.626911,48.908554],[12.627159,48.90863],[12.627412,48.908699],[12.627667,48.90876],[12.628841,48.909023],[12.628967,48.909054],[12.629229,48.909103],[12.629493,48.909149],[12.62976,48.909187],[12.630029,48.909218],[12.630299,48.909241],[12.63057,48.909256],[12.630843,48.909267],[12.631116,48.909267],[12.631389,48.909264],[12.63166,48.909248],[12.631932,48.909229],[12.632201,48.909203],[12.632469,48.909168],[12.632735,48.90913],[12.632998,48.909081],[12.634252,48.908836],[12.634581,48.908768],[12.634907,48.908691],[12.635228,48.908607],[12.635546,48.90852],[12.635859,48.908424],[12.636168,48.908321],[12.636471,48.908215],[12.636769,48.9081],[12.637061,48.907978],[12.637348,48.907852],[12.637629,48.907719],[12.637768,48.90765],[12.638071,48.907494],[12.638368,48.90733],[12.638658,48.907162],[12.638939,48.90699],[12.639214,48.906811],[12.639481,48.906628],[12.639739,48.906437],[12.63999,48.906246],[12.640232,48.906048],[12.640309,48.905987],[12.640426,48.905903],[12.640551,48.905823],[12.640681,48.90575],[12.640821,48.905682],[12.640965,48.905621],[12.641115,48.905563],[12.641271,48.905514],[12.64143,48.905472],[12.641594,48.905434],[12.64176,48.905407],[12.642962,48.90522],[12.643057,48.905209],[12.643228,48.90519],[12.643399,48.905178],[12.643572,48.905174],[12.643744,48.905178],[12.643915,48.905186],[12.644086,48.905205],[12.644255,48.905228],[12.644421,48.905262],[12.644583,48.9053],[12.644741,48.905342],[12.644895,48.905396],[12.645043,48.905453],[12.645186,48.905518],[12.645322,48.905586],[12.648012,48.907055],[12.648094,48.907101],[12.648365,48.907242],[12.648643,48.907375],[12.648927,48.907505],[12.649218,48.907627],[12.649513,48.907745],[12.649815,48.907856],[12.650122,48.907959],[12.650433,48.908058],[12.650749,48.90815],[12.65107,48.908234],[12.651394,48.90831],[12.651721,48.908382],[12.652052,48.908447],[12.652387,48.908504],[12.652722,48.908554],[12.653062,48.9086],[12.653402,48.908634],[12.653745,48.908665],[12.654088,48.908684],[12.654432,48.908699],[12.654778,48.908707],[12.654864,48.90871],[12.65527,48.908707],[12.655674,48.908703],[12.656077,48.908688],[12.656481,48.908665],[12.656883,48.908634],[12.657284,48.9086],[12.657683,48.908554],[12.658081,48.908504],[12.658476,48.908447],[12.658869,48.908382],[12.659259,48.90831],[12.659645,48.908234],[12.660028,48.90815],[12.660409,48.908054],[12.660785,48.907959],[12.661156,48.907852],[12.661524,48.907742],[12.661886,48.907623],[12.667457,48.905739],[12.667546,48.905712],[12.667838,48.905617],[12.668134,48.905533],[12.668433,48.905457],[12.668737,48.905384],[12.669044,48.905319],[12.669405,48.905247],[12.669846,48.90517],[12.670289,48.905098],[12.670735,48.905037],[12.671184,48.90498],[12.671634,48.904926],[12.672086,48.904884],[12.672539,48.90485],[12.672994,48.904819],[12.673449,48.9048],[12.673904,48.904785],[12.674067,48.904781],[12.67439,48.904766],[12.674711,48.904743],[12.675031,48.904716],[12.675348,48.904678],[12.675665,48.904636],[12.675979,48.904587],[12.67629,48.90453],[12.676597,48.904465],[12.676901,48.904392],[12.677036,48.904358],[12.677202,48.904316],[12.677498,48.904232],[12.677581,48.904205],[12.677878,48.904125],[12.67818,48.904049],[12.678485,48.90398],[12.678794,48.903915],[12.679106,48.903862],[12.67942,48.903812],[12.679651,48.903782],[12.679736,48.903774],[12.680055,48.90374],[12.680375,48.903709],[12.680696,48.90369],[12.681019,48.903679],[12.68107,48.903679],[12.681456,48.90366],[12.68184,48.903641],[12.682222,48.90361],[12.682374,48.903595],[12.682605,48.903572],[12.682984,48.903526],[12.683362,48.903477],[12.683738,48.903419],[12.684111,48.903355],[12.684481,48.903282],[12.684848,48.903202],[12.68521,48.903118],[12.68557,48.903023],[12.685925,48.902924],[12.686276,48.902821],[12.686623,48.902706],[12.686963,48.902588],[12.6873,48.902462],[12.68763,48.902332],[12.687955,48.902195],[12.688225,48.902077],[12.688696,48.901863],[12.68916,48.901642],[12.689618,48.901413],[12.690069,48.901184],[12.690514,48.900944],[12.690951,48.900703],[12.691381,48.900455],[12.691805,48.9002],[12.692221,48.89994],[12.692629,48.899677],[12.6928019,48.8995599],[12.693029,48.899406],[12.693422,48.899132],[12.693807,48.898853],[12.694183,48.898571],[12.694551,48.898281],[12.693867,48.897789],[12.693554,48.898037],[12.693183,48.898323],[12.692803,48.898605],[12.692415,48.898884],[12.692019,48.899158],[12.691616,48.899426],[12.691205,48.899685],[12.690786,48.899944],[12.69036,48.900196],[12.689927,48.90044],[12.689487,48.900681],[12.689039,48.900917],[12.688585,48.901146],[12.688315,48.901279],[12.687999,48.901424],[12.687675,48.901562],[12.687346,48.901695],[12.687012,48.901821],[12.686949,48.901844],[12.68662,48.901958],[12.686255,48.902084],[12.685897,48.902199],[12.685552,48.902306],[12.685135,48.902424],[12.684856,48.9025],[12.684566,48.902576],[12.684223,48.902664],[12.683896,48.902744],[12.68359,48.902813],[12.683174,48.902901],[12.68281,48.902973],[12.682372,48.903057],[12.682283,48.903072],[12.682212,48.903084],[12.682152,48.903091],[12.68208,48.903103],[12.682015,48.903111],[12.681952,48.903118],[12.681874,48.903126],[12.68181,48.90313],[12.68178,48.903133],[12.681218,48.903172],[12.681118,48.903179],[12.680989,48.903191],[12.680857,48.903202],[12.680734,48.903214],[12.680591,48.903229],[12.680448,48.903248],[12.680305,48.903267],[12.680187,48.903286],[12.680044,48.903305],[12.679928,48.903324],[12.679473,48.903404],[12.678183,48.903622],[12.678033,48.903648],[12.677477,48.903736],[12.676918,48.90382],[12.676853,48.903828]]]},"properties":{"osm_id":260309507,"osm_type":"way","seamark_type":"fairway","display_class":"OTHER","min_zoom":12,"importance":1,"name":null,"ref":null,"common":{"type":"fairway"},"children":{"fairway":{"information":"Donau"}},"osm_tags":{"seamark:fairway:information":"Donau","seamark:type":"fairway"}}},{"type":"Feature","geometry":{"type":"Polygon","coordinates":[[[12.545365,48.900452],[12.548612,48.900402],[12.548676,48.900402],[12.548748,48.900398],[12.54882,48.900394],[12.548892,48.900391],[12.548964,48.900387],[12.549035,48.900383],[12.549108,48.900375],[12.549178,48.900372],[12.54925,48.900364],[12.549321,48.900356],[12.549392,48.900349],[12.549463,48.900337],[12.549534,48.90033],[12.549603,48.900318],[12.549674,48.900307],[12.549744,48.900295],[12.549813,48.90028],[12.549939,48.900261],[12.5510253,48.90007],[12.5513165,48.9000314],[12.5514319,48.9000258],[12.5517558,48.900021],[12.5517898,48.90004],[12.5519914,48.9000384],[12.5519817,48.9000178],[12.5519223,48.8999086],[12.5519718,48.8998052],[12.5519815,48.8997842],[12.5517713,48.899788],[12.5517573,48.8998072],[12.551462,48.8998126],[12.5512507,48.8998064],[12.5510891,48.8997936],[12.5496551,48.8995796],[12.546086,48.8996337],[12.546069,48.8996312],[12.5460559,48.8996262],[12.5460464,48.8996194],[12.545799,48.899635],[12.545727,48.899635],[12.545654,48.899635],[12.545583,48.899632],[12.54551,48.899632],[12.545439,48.899628],[12.545366,48.899624],[12.545334,48.899624],[12.545365,48.900452]]]},"properties":{"osm_id":260907044,"osm_type":"way","seamark_type":"fairway","display_class":"OTHER","min_zoom":12,"importance":1,"name":null,"ref":null,"common":{"type":"fairway"},"children":{"fairway":{"information":"Donau"}},"osm_tags":{"seamark:fairway:information":"Donau","seamark:type":"fairway"}}},{"type":"Feature","geometry":{"type":"LineString","coordinates":[[12.591282,48.901108],[12.593607,48.900501]]},"properties":{"osm_id":260907046,"osm_type":"way","seamark_type":"cable_submarine","display_class":"OTHER","min_zoom":12,"importance":1,"name":null,"ref":null,"common":{"type":"cable_submarine"},"children":{"cable_submarine":{"category":"telephone","name":"Deutsche Bundespost"}},"osm_tags":{"seamark:cable_submarine:category":"telephone","seamark:cable_submarine:name":"Deutsche Bundespost","seamark:type":"cable_submarine"}}},{"type":"Feature","geometry":{"type":"Polygon","coordinates":[[[12.593731,48.900753],[12.593699,48.900726],[12.593614,48.900654],[12.593491,48.900555],[12.593468,48.900536],[12.5934,48.900478],[12.593302,48.900394],[12.593271,48.900368],[12.593238,48.900341],[12.593207,48.900318],[12.593198,48.900311],[12.59311,48.90023],[12.593104,48.900227],[12.59295,48.90007],[12.592944,48.900063],[12.592825,48.89994],[12.590975,48.900711],[12.591075,48.900818],[12.591197,48.900936],[12.591324,48.901043],[12.591362,48.901073],[12.591377,48.901085],[12.591427,48.901119],[12.591509,48.901173],[12.591604,48.901237],[12.591778,48.901333],[12.592022,48.901463],[12.593731,48.900753]]]},"properties":{"osm_id":260907047,"osm_type":"way","seamark_type":"restricted_area","display_class":"OTHER","min_zoom":12,"importance":1,"name":null,"ref":null,"common":{"type":"restricted_area"},"children":{"restricted_area":{"restriction":"no_anchoring"}},"osm_tags":{"seamark:restricted_area:restriction":"no_anchoring","seamark:type":"restricted_area"}}},{"type":"Feature","geometry":{"type":"Polygon","coordinates":[[[12.565977,48.900135],[12.565997,48.900135],[12.566163,48.900135],[12.566374,48.900127],[12.56656,48.90012],[12.566582,48.90012],[12.56685,48.900112],[12.56702,48.900105],[12.567243,48.900093],[12.567453,48.900078],[12.56768,48.900059],[12.567866,48.900047],[12.568028,48.900032],[12.568202,48.900013],[12.56838,48.899998],[12.568586,48.899979],[12.568768,48.89996],[12.568972,48.899937],[12.569118,48.899921],[12.569137,48.899918],[12.569107,48.899796],[12.568967,48.899811],[12.568562,48.899841],[12.568156,48.899868],[12.567744,48.899899],[12.567342,48.899925],[12.566934,48.899952],[12.566528,48.899982],[12.56612,48.900009],[12.565976,48.900017],[12.565977,48.900135]]]},"properties":{"osm_id":260907048,"osm_type":"way","seamark_type":"restricted_area","display_class":"OTHER","min_zoom":12,"importance":1,"name":null,"ref":null,"common":{"type":"restricted_area"},"children":{"restricted_area":{"restriction":"no_berthing"}},"osm_tags":{"seamark:restricted_area:restriction":"no_berthing","seamark:type":"restricted_area"}}},{"type":"Feature","geometry":{"type":"Polygon","coordinates":[[[12.5902633,48.8979006],[12.5911588,48.897866],[12.5920207,48.897831],[12.5919711,48.8974856],[12.5919597,48.8973299],[12.5918806,48.8965222],[12.591884,48.895939],[12.591888,48.895855],[12.591887,48.895802],[12.591887,48.89576],[12.591901,48.895714],[12.591934,48.895676],[12.591987,48.895645],[12.592018,48.895626],[12.592042,48.895611],[12.592144,48.895542],[12.592192,48.895504],[12.592197,48.8955],[12.592225,48.895473],[12.592242,48.895439],[12.592244,48.895405],[12.592262,48.895374],[12.592269,48.895336],[12.592262,48.89529],[12.592261,48.895222],[12.592247,48.895092],[12.59222,48.894993],[12.592203,48.894928],[12.592186,48.894817],[12.592178,48.894722],[12.5917237,48.8942677],[12.5916637,48.8942768],[12.5916117,48.8942535],[12.5915874,48.8942268],[12.591564,48.8941273],[12.5915248,48.8940216],[12.5914818,48.8938971],[12.5914449,48.8938119],[12.5914234,48.8937706],[12.5914269,48.8937375],[12.5914431,48.8937237],[12.591468,48.8937177],[12.5914545,48.8936806],[12.5914339,48.8936798],[12.591398,48.8936688],[12.5913695,48.8936274],[12.5913243,48.8935317],[12.5912397,48.8933731],[12.5909941,48.8929592],[12.5909427,48.892893],[12.5907364,48.8926274],[12.5904641,48.8923313],[12.590134,48.8920216],[12.5897944,48.891738],[12.589656,48.8916228],[12.5893615,48.8913776],[12.5892032,48.8912595],[12.5891841,48.8912452],[12.5887935,48.8909539],[12.588532,48.890785],[12.58852,48.89077],[12.58851,48.890751],[12.588511,48.890736],[12.588525,48.890724],[12.58847,48.890675],[12.588413,48.890675],[12.58839,48.890667],[12.588348,48.890652],[12.588287,48.890614],[12.588221,48.890568],[12.5881911,48.89055],[12.588113,48.890503],[12.587948,48.890408],[12.58768,48.890251],[12.587416,48.890102],[12.586748,48.889709],[12.586493,48.889568],[12.5864358,48.8895364],[12.586397,48.889515],[12.586379,48.889503],[12.5857117,48.8891903],[12.5853953,48.8890464],[12.5852951,48.8889978],[12.5851629,48.8889337],[12.5844877,48.8886877],[12.5841514,48.8885295],[12.5841309,48.8885199],[12.5837994,48.8883917],[12.5836594,48.8883284],[12.5829936,48.8880427],[12.582399,48.887796],[12.5821003,48.8876573],[12.5817696,48.8874941],[12.5817277,48.8874734],[12.581516,48.887367],[12.581258,48.887245],[12.5810759,48.887168],[12.580934,48.887108],[12.580652,48.886993],[12.58057,48.886967],[12.5805185,48.8869474],[12.580499,48.88694],[12.580356,48.886887],[12.580078,48.886772],[12.579987,48.88673],[12.579921,48.886703],[12.579862,48.886677],[12.579803,48.886654],[12.579742,48.886631],[12.579638,48.8866],[12.5795722,48.8865792],[12.5795017,48.8865686],[12.5794404,48.8865735],[12.5794101,48.8865877],[12.579348,48.8865978],[12.5792171,48.8865821],[12.5790769,48.8865375],[12.578837,48.886448],[12.578621,48.886387],[12.578534,48.886372],[12.578458,48.88636],[12.578375,48.886349],[12.5783,48.886337],[12.578295,48.886337],[12.578283,48.886337],[12.578253,48.886345],[12.578219,48.886356],[12.578196,48.886368],[12.578181,48.886379],[12.578178,48.886391],[12.578184,48.886402],[12.57821,48.886425],[12.5783312,48.8864669],[12.578419,48.8864947],[12.5785004,48.8865257],[12.5786518,48.8865728],[12.5788,48.886642],[12.578918,48.886684],[12.579055,48.88673],[12.57912,48.886753],[12.579165,48.886768],[12.579205,48.88678],[12.5792447,48.8867942],[12.5792929,48.8868147],[12.5793173,48.8868373],[12.5793198,48.8868579],[12.5793076,48.88688],[12.5792785,48.886897],[12.5792443,48.886903],[12.5792082,48.8868975],[12.5790908,48.8868543],[12.5788491,48.8867707],[12.5784856,48.8866458],[12.5783902,48.886614],[12.578141,48.8865309],[12.5776142,48.8863395],[12.5775645,48.8863223],[12.5775135,48.8863046],[12.5774979,48.8862992],[12.5774913,48.8862794],[12.5774658,48.886271],[12.5774351,48.8862608],[12.5774098,48.8862687],[12.5773614,48.8862519],[12.5773223,48.8862389],[12.5771124,48.8861692],[12.5768939,48.8860995],[12.5766498,48.8860451],[12.5764451,48.8859981],[12.5763044,48.8859742],[12.5761755,48.8859623],[12.5759291,48.8859375],[12.5754446,48.8858763],[12.5751381,48.8858351],[12.5749406,48.8858141],[12.5748268,48.8857855],[12.5747384,48.885776],[12.5746615,48.8857791],[12.574477,48.886429],[12.574642,48.886456],[12.5748013,48.8864969],[12.574864,48.886513],[12.574974,48.886543],[12.575001,48.886551],[12.575055,48.886559],[12.575259,48.886608],[12.575377,48.886627],[12.575702,48.886719],[12.575848,48.886761],[12.576332,48.886906],[12.576533,48.886978],[12.576551,48.886982],[12.576671,48.887024],[12.576689,48.887032],[12.576817,48.887074],[12.577126,48.887184],[12.5773244,48.8872518],[12.577439,48.887291],[12.577449,48.887295],[12.577504,48.88731],[12.577938,48.887463],[12.578208,48.887581],[12.578235,48.887596],[12.578248,48.887604],[12.578259,48.887611],[12.578261,48.887619],[12.57826,48.887627],[12.578255,48.887634],[12.578248,48.887642],[12.578242,48.887646],[12.578234,48.88765],[12.578221,48.887653],[12.578209,48.887657],[12.578193,48.887657],[12.578176,48.887653],[12.578156,48.88765],[12.578125,48.887642],[12.578037,48.887608],[12.577942,48.887569],[12.577797,48.88752],[12.577687,48.887482],[12.577531,48.887421],[12.577516,48.887417],[12.57743,48.887386],[12.577377,48.887367],[12.577359,48.887371],[12.577353,48.887375],[12.577342,48.887379],[12.577333,48.887383],[12.577323,48.88739],[12.577312,48.887398],[12.577301,48.887409],[12.577286,48.887424],[12.577276,48.887436],[12.577258,48.887466],[12.577239,48.887497],[12.577226,48.88752],[12.577221,48.887527],[12.5783145,48.8879161],[12.5790108,48.8878971],[12.5790862,48.8879038],[12.5791158,48.887916],[12.5791035,48.8879295],[12.579203,48.887959],[12.579278,48.887981],[12.579312,48.887989],[12.579471,48.888046],[12.579679,48.88813],[12.5798281,48.8881875],[12.579936,48.888229],[12.580192,48.888317],[12.580472,48.888424],[12.580669,48.888504],[12.581104,48.88866],[12.581445,48.888802],[12.581763,48.888931],[12.582036,48.889023],[12.582325,48.889149],[12.58267,48.889301],[12.583002,48.889435],[12.583213,48.889534],[12.583711,48.889759],[12.583853,48.889828],[12.584007,48.889893],[12.584281,48.890015],[12.584638,48.890186],[12.58464,48.890182],[12.584646,48.89019],[12.584596,48.890217],[12.584602,48.890221],[12.584652,48.890194],[12.58466,48.890202],[12.58475,48.89024],[12.5847979,48.8902656],[12.584849,48.890293],[12.584859,48.890301],[12.584791,48.890316],[12.584798,48.890324],[12.584805,48.890331],[12.584881,48.890312],[12.584891,48.890316],[12.585073,48.890415],[12.58529,48.890533],[12.585312,48.890545],[12.585386,48.890583],[12.585536,48.890656],[12.585768,48.89077],[12.58608,48.890907],[12.586297,48.891037],[12.586344,48.891068],[12.586463,48.891136],[12.586714,48.89127],[12.586951,48.891396],[12.587137,48.891491],[12.587306,48.89159],[12.587436,48.891682],[12.587495,48.891724],[12.587574,48.891777],[12.5878,48.891922],[12.588009,48.892063],[12.588158,48.89217],[12.588284,48.892281],[12.588313,48.892307],[12.58834,48.89233],[12.588537,48.89249],[12.588674,48.892601],[12.588804,48.892715],[12.588943,48.892845],[12.589063,48.892948],[12.589183,48.893055],[12.589268,48.89315],[12.589386,48.893288],[12.589467,48.893394],[12.589473,48.893406],[12.58954,48.893509],[12.589607,48.893627],[12.589683,48.893764],[12.589746,48.89389],[12.5898472,48.8940469],[12.5898953,48.8941443],[12.5899328,48.8942584],[12.590017,48.894558],[12.590059,48.894741],[12.590121,48.894962],[12.590136,48.895142],[12.590144,48.89534],[12.590161,48.895508],[12.590179,48.895695],[12.590181,48.895878],[12.590186,48.896065],[12.590204,48.896244],[12.590217,48.896423],[12.590218,48.896576],[12.590228,48.896759],[12.5902294,48.8968427],[12.5902307,48.8969223],[12.590237,48.897068],[12.590258,48.89732],[12.5902652,48.8974237],[12.5902633,48.8979006]]]},"properties":{"osm_id":260907049,"osm_type":"way","seamark_type":"restricted_area","display_class":"OTHER","min_zoom":12,"importance":1,"name":null,"ref":null,"common":{"type":"restricted_area"},"children":{"restricted_area":{"restriction":"no_wake"}},"osm_tags":{"seamark:restricted_area:restriction":"no_wake","seamark:type":"restricted_area"}}},{"type":"Feature","geometry":{"type":"Polygon","coordinates":[[[12.5707545,48.885578],[12.570744,48.885582],[12.570731,48.885551],[12.570711,48.885555],[12.57072,48.885571],[12.570716,48.885574],[12.570709,48.885574],[12.570701,48.885559],[12.57068,48.885563],[12.570687,48.885582],[12.570578,48.885601],[12.570571,48.885582],[12.570544,48.885586],[12.570553,48.885605],[12.57055,48.88562],[12.570534,48.885624],[12.570514,48.885628],[12.570408,48.885651],[12.570137,48.885719],[12.56997,48.885765],[12.569684,48.885857],[12.569452,48.885956],[12.569139,48.886097],[12.568913,48.886223],[12.568577,48.886448],[12.56843,48.886562],[12.568283,48.886688],[12.568112,48.886875],[12.567976,48.887077],[12.567835,48.887295],[12.567728,48.887493],[12.567658,48.8876],[12.567654,48.887611],[12.567643,48.887642],[12.567638,48.887653],[12.567625,48.887684],[12.56762,48.887699],[12.567599,48.887775],[12.567579,48.887848],[12.567529,48.888023],[12.567492,48.888176],[12.567456,48.888344],[12.567416,48.8885831],[12.5673873,48.8887759],[12.567393,48.889103],[12.567395,48.889244],[12.567402,48.889416],[12.56742,48.889568],[12.567432,48.889694],[12.567443,48.889793],[12.567474,48.889973],[12.567528,48.890167],[12.56757,48.890327],[12.567609,48.890457],[12.567682,48.890621],[12.567776,48.890858],[12.567873,48.891037],[12.567946,48.891167],[12.568017,48.891312],[12.568098,48.891445],[12.568215,48.891644],[12.568398,48.891865],[12.56848,48.891964],[12.568583,48.892109],[12.568667,48.892223],[12.568869,48.892483],[12.569017,48.892708],[12.569154,48.892906],[12.569266,48.893066],[12.569358,48.893238],[12.569451,48.893436],[12.569475,48.893505],[12.569511,48.893608],[12.569558,48.893764],[12.569592,48.893902],[12.569629,48.894024],[12.56965,48.894207],[12.569666,48.894402],[12.569642,48.894714],[12.56962,48.894844],[12.569592,48.895004],[12.569551,48.895176],[12.569478,48.895393],[12.569434,48.895477],[12.569392,48.895561],[12.569315,48.895733],[12.569225,48.895847],[12.569117,48.895988],[12.568956,48.896187],[12.568951,48.896194],[12.56887,48.896282],[12.568794,48.896366],[12.568712,48.896439],[12.568629,48.896507],[12.568525,48.896591],[12.568437,48.896652],[12.568321,48.896736],[12.568215,48.896816],[12.568087,48.896885],[12.568053,48.896904],[12.5679,48.896969],[12.567783,48.897015],[12.567642,48.897057],[12.567374,48.897141],[12.567167,48.89719],[12.566967,48.897228],[12.566734,48.897259],[12.566445,48.897274],[12.566322,48.897285],[12.566104,48.897297],[12.565819,48.897316],[12.565513,48.897331],[12.565278,48.897335],[12.565028,48.897339],[12.564857,48.897343],[12.564622,48.89735],[12.564399,48.897346],[12.564133,48.897343],[12.563819,48.897339],[12.563509,48.897339],[12.563163,48.897339],[12.562919,48.897331],[12.562605,48.897327],[12.562337,48.897312],[12.562028,48.897289],[12.561682,48.897266],[12.561529,48.897251],[12.5613297,48.8972352],[12.5611495,48.897211],[12.5609123,48.8971625],[12.560693,48.8970884],[12.5600797,48.8968461],[12.5599397,48.8969879],[12.5599845,48.897011],[12.5600095,48.8970398],[12.56001,48.8970631],[12.5599921,48.8970846],[12.5599545,48.8970956],[12.5599135,48.8970987],[12.5597057,48.897086],[12.559217,48.897057],[12.55904,48.897045],[12.558878,48.897034],[12.558745,48.897034],[12.558577,48.897041],[12.558162,48.8970621],[12.5581,48.8985127],[12.5580836,48.8988972],[12.558076,48.89901],[12.558235,48.899033],[12.558265,48.899036],[12.558305,48.89904],[12.558336,48.899044],[12.558434,48.899063],[12.558508,48.899075],[12.558649,48.899094],[12.558747,48.899097],[12.558852,48.899097],[12.558991,48.899097],[12.559209,48.899097],[12.559383,48.899097],[12.559564,48.899094],[12.559745,48.89909],[12.559866,48.89909],[12.560009,48.899086],[12.560028,48.899086],[12.560228,48.899086],[12.56046,48.899086],[12.560631,48.899086],[12.560791,48.899086],[12.560965,48.899082],[12.561157,48.899082],[12.561299,48.899078],[12.561424,48.899071],[12.561623,48.899059],[12.561693,48.899055],[12.56187,48.899052],[12.562002,48.899048],[12.562137,48.899048],[12.562296,48.899052],[12.56252,48.899044],[12.562641,48.89904],[12.563015,48.89904],[12.563273,48.899033],[12.563516,48.899029],[12.563744,48.899025],[12.563845,48.899033],[12.563904,48.899036],[12.564169,48.899052],[12.564376,48.899052],[12.564612,48.899048],[12.564856,48.899044],[12.565093,48.89904],[12.565448,48.899036],[12.565777,48.899025],[12.566035,48.899014],[12.566273,48.899006],[12.566289,48.899002],[12.566336,48.899002],[12.566574,48.898979],[12.566829,48.89896],[12.56705,48.898941],[12.567285,48.898922],[12.567671,48.89888],[12.567936,48.898846],[12.568086,48.89883],[12.568288,48.8988],[12.568528,48.898762],[12.568804,48.89872],[12.568823,48.898716],[12.569323,48.898621],[12.569839,48.898521],[12.570136,48.89846],[12.570336,48.898411],[12.570536,48.898361],[12.570737,48.8983],[12.570972,48.898216],[12.57125,48.89809],[12.571418,48.898003],[12.571585,48.897903],[12.571741,48.897793],[12.571886,48.897697],[12.571923,48.897675],[12.571931,48.897671],[12.571947,48.897659],[12.571976,48.897636],[12.571996,48.897621],[12.572001,48.897617],[12.5720169,48.8975974],[12.572081,48.897518],[12.572119,48.897476],[12.572173,48.897385],[12.572207,48.897278],[12.572237,48.897182],[12.572273,48.897095],[12.572313,48.896984],[12.572339,48.896919],[12.57235,48.896908],[12.572371,48.896896],[12.572394,48.896877],[12.572404,48.89687],[12.572415,48.896847],[12.572432,48.896828],[12.572439,48.89682],[12.5725,48.896732],[12.572539,48.896606],[12.572583,48.896492],[12.57261,48.896313],[12.572635,48.896191],[12.572659,48.896061],[12.572666,48.895966],[12.572666,48.895947],[12.572666,48.895889],[12.572665,48.895859],[12.572665,48.895756],[12.572655,48.895653],[12.572645,48.895561],[12.572621,48.895435],[12.572596,48.89534],[12.572563,48.895233],[12.572526,48.895138],[12.572497,48.895054],[12.572495,48.895046],[12.572471,48.894978],[12.572425,48.894871],[12.572378,48.894772],[12.572318,48.894642],[12.57222,48.894436],[12.572128,48.89418],[12.572033,48.893951],[12.57194,48.893753],[12.571845,48.893532],[12.571827,48.893494],[12.571764,48.893356],[12.57175,48.89333],[12.57171,48.893261],[12.571657,48.893173],[12.571547,48.892994],[12.571406,48.892765],[12.571276,48.892601],[12.571218,48.892521],[12.571157,48.892437],[12.571118,48.892387],[12.570987,48.892174],[12.570951,48.892124],[12.570825,48.891941],[12.570704,48.891766],[12.570678,48.891724],[12.570643,48.891674],[12.570539,48.891514],[12.570443,48.891365],[12.570301,48.89119],[12.570238,48.891052],[12.570235,48.891048],[12.570194,48.890976],[12.570162,48.890919],[12.570094,48.890812],[12.57005,48.890705],[12.570022,48.890659],[12.570021,48.890656],[12.570015,48.890648],[12.570008,48.890633],[12.569968,48.890499],[12.569901,48.890358],[12.569829,48.890198],[12.56982,48.890182],[12.569763,48.890076],[12.569692,48.889954],[12.569579,48.889755],[12.569492,48.889614],[12.569348,48.889347],[12.569335,48.88932],[12.569308,48.889271],[12.569286,48.88921],[12.569247,48.88903],[12.569228,48.888897],[12.569211,48.888725],[12.569202,48.888515],[12.569215,48.888386],[12.569223,48.888302],[12.569232,48.888275],[12.56927,48.888161],[12.5694,48.887924],[12.569494,48.887741],[12.569601,48.887623],[12.569698,48.887535],[12.569779,48.887466],[12.569812,48.88744],[12.569945,48.887333],[12.570105,48.887234],[12.570354,48.887043],[12.57056,48.886913],[12.570569,48.886909],[12.570781,48.886806],[12.570811,48.886795],[12.570875,48.886765],[12.571054,48.886692],[12.571201,48.886635],[12.57122,48.886627],[12.571253,48.886608],[12.571289,48.886589],[12.571328,48.886574],[12.571558,48.886509],[12.571717,48.886467],[12.571879,48.886433],[12.572019,48.88641],[12.572162,48.886391],[12.572291,48.886372],[12.572426,48.886349],[12.572562,48.88633],[12.572733,48.886322],[12.5729,48.886318],[12.573083,48.886322],[12.5733,48.886318],[12.573489,48.886314],[12.573626,48.886326],[12.573694,48.886333],[12.573699,48.886333],[12.573891,48.886356],[12.573937,48.88636],[12.574,48.886028],[12.5740637,48.8857051],[12.5735123,48.885644],[12.5730313,48.885587],[12.5729037,48.885576],[12.572664,48.885517],[12.572496,48.885487],[12.572364,48.885464],[12.572154,48.885429],[12.572047,48.88541],[12.571971,48.885399],[12.571941,48.885395],[12.571921,48.885403],[12.571905,48.88541],[12.57189,48.885433],[12.571888,48.885448],[12.571888,48.885464],[12.571913,48.885479],[12.571912,48.88549],[12.571908,48.885506],[12.57189,48.885513],[12.571839,48.885513],[12.5717548,48.8855149],[12.571697,48.885517],[12.571528,48.885517],[12.571072,48.885544],[12.570971,48.885555],[12.570772,48.885578],[12.5707545,48.885578]]]},"properties":{"osm_id":260907050,"osm_type":"way","seamark_type":"restricted_area","display_class":"OTHER","min_zoom":12,"importance":1,"name":null,"ref":null,"common":{"type":"restricted_area"},"children":{"restricted_area":{"restriction":"no_entry"}},"osm_tags":{"seamark:restricted_area:restriction":"no_entry","seamark:type":"restricted_area"}}},{"type":"Feature","geometry":{"type":"Polygon","coordinates":[[[12.5573144,48.9000838],[12.563975,48.899975],[12.56414,48.899975],[12.564328,48.899971],[12.564516,48.899963],[12.564703,48.89996],[12.564891,48.899952],[12.565079,48.899948],[12.565266,48.89994],[12.565454,48.899933],[12.56564,48.899921],[12.565827,48.899914],[12.566015,48.899902],[12.566202,48.899891],[12.566389,48.899879],[12.566576,48.899868],[12.566616,48.899864],[12.566749,48.899853],[12.566882,48.899845],[12.567015,48.899834],[12.567147,48.899822],[12.567281,48.899807],[12.567412,48.899796],[12.567545,48.89978],[12.567677,48.899765],[12.567809,48.89975],[12.567941,48.899734],[12.568072,48.899715],[12.568204,48.8997],[12.568335,48.899681],[12.568465,48.899662],[12.568596,48.899643],[12.568727,48.899624],[12.568856,48.899601],[12.568986,48.899578],[12.570683,48.899277],[12.571869,48.899052],[12.572977,48.898838],[12.57352,48.898735],[12.574063,48.89864],[12.574882,48.898495],[12.575702,48.898361],[12.576524,48.898232],[12.577349,48.898106],[12.578133,48.897995],[12.582139,48.897442],[12.582216,48.89743],[12.582312,48.897419],[12.582408,48.897408],[12.582503,48.897396],[12.5826,48.897385],[12.582696,48.897377],[12.582792,48.897369],[12.582889,48.897358],[12.582986,48.897354],[12.583082,48.897346],[12.583179,48.897339],[12.583276,48.897335],[12.583373,48.897331],[12.58347,48.897327],[12.583568,48.897324],[12.583665,48.89732],[12.583762,48.89732],[12.583859,48.89732],[12.583957,48.89732],[12.584054,48.89732],[12.584151,48.89732],[12.584249,48.897324],[12.584346,48.897327],[12.584443,48.897331],[12.584539,48.897335],[12.584637,48.897339],[12.584734,48.897343],[12.58483,48.89735],[12.584928,48.897358],[12.585024,48.897366],[12.58512,48.897373],[12.585217,48.897385],[12.585313,48.897392],[12.585408,48.897404],[12.585505,48.897415],[12.5856,48.897427],[12.585695,48.897442],[12.58579,48.897453],[12.585885,48.897469],[12.585979,48.897484],[12.586074,48.897499],[12.586168,48.897514],[12.586262,48.897533],[12.586355,48.897549],[12.586449,48.897568],[12.586541,48.897587],[12.586634,48.897606],[12.586726,48.897629],[12.586729,48.897629],[12.58681,48.897648],[12.586891,48.897667],[12.586972,48.897686],[12.587052,48.897705],[12.587132,48.897728],[12.587212,48.897751],[12.587291,48.897774],[12.587369,48.897797],[12.587447,48.89782],[12.587524,48.897846],[12.587602,48.897869],[12.587678,48.897896],[12.587754,48.897923],[12.58783,48.897949],[12.587905,48.89798],[12.587979,48.898006],[12.588054,48.898037],[12.588127,48.898067],[12.5882,48.898098],[12.588272,48.898129],[12.588344,48.898159],[12.588414,48.89819],[12.588485,48.898224],[12.588554,48.898258],[12.588624,48.898293],[12.588692,48.898327],[12.588759,48.898361],[12.588827,48.898396],[12.588893,48.898434],[12.588959,48.898468],[12.589025,48.898506],[12.589088,48.898544],[12.589152,48.898582],[12.589214,48.898621],[12.589277,48.898663],[12.589338,48.898701],[12.589398,48.898743],[12.589458,48.898781],[12.589518,48.898823],[12.589576,48.898865],[12.589633,48.898907],[12.589689,48.898952],[12.589745,48.898994],[12.5898,48.899036],[12.589854,48.899082],[12.589907,48.899128],[12.589959,48.899174],[12.590011,48.89922],[12.590061,48.899265],[12.590111,48.899311],[12.590159,48.899357],[12.590207,48.899403],[12.590255,48.899452],[12.590301,48.899502],[12.590345,48.899548],[12.59039,48.899597],[12.590433,48.899647],[12.590475,48.899696],[12.590517,48.899746],[12.590557,48.899796],[12.590596,48.899845],[12.590634,48.899899],[12.590641,48.899906],[12.590683,48.899963],[12.590727,48.900017],[12.590771,48.900074],[12.590816,48.900127],[12.590862,48.900181],[12.590909,48.900234],[12.590957,48.900288],[12.591005,48.900341],[12.591056,48.900394],[12.591106,48.900448],[12.591158,48.900501],[12.59121,48.900551],[12.591264,48.900604],[12.591318,48.900654],[12.591373,48.900703],[12.59143,48.900753],[12.591487,48.900803],[12.591545,48.900852],[12.591603,48.900902],[12.591663,48.900951],[12.591723,48.900997],[12.591785,48.901047],[12.591847,48.901093],[12.59191,48.901138],[12.591974,48.901184],[12.592038,48.90123],[12.592104,48.901276],[12.59217,48.901321],[12.592237,48.901363],[12.592304,48.901409],[12.592373,48.901451],[12.592443,48.901493],[12.592512,48.901535],[12.592583,48.901577],[12.592654,48.901619],[12.592726,48.901657],[12.592799,48.901699],[12.592873,48.901737],[12.592946,48.901775],[12.593021,48.901814],[12.593097,48.901852],[12.593173,48.901886],[12.593249,48.901924],[12.593328,48.901958],[12.593405,48.901993],[12.593484,48.902031],[12.593563,48.902061],[12.593643,48.902096],[12.593723,48.90213],[12.593767,48.902145],[12.593835,48.902172],[12.593904,48.902199],[12.593973,48.902225],[12.594043,48.902248],[12.594425,48.901783],[12.594357,48.90176],[12.59429,48.901733],[12.594223,48.901707],[12.594157,48.90168],[12.594091,48.901653],[12.594027,48.901627],[12.593963,48.9016],[12.593899,48.901569],[12.593836,48.901543],[12.593773,48.901512],[12.593712,48.901482],[12.59365,48.901451],[12.59359,48.901417],[12.59353,48.901386],[12.593471,48.901352],[12.593412,48.901321],[12.593355,48.901287],[12.593298,48.901253],[12.593242,48.901218],[12.593186,48.90118],[12.593131,48.901146],[12.593078,48.901112],[12.593024,48.901073],[12.592972,48.901035],[12.59292,48.900997],[12.59287,48.900959],[12.59282,48.900921],[12.592771,48.900883],[12.592723,48.900841],[12.592675,48.900803],[12.592629,48.900761],[12.592584,48.900719],[12.592539,48.900677],[12.592495,48.900635],[12.592452,48.900593],[12.59241,48.900551],[12.592372,48.900513],[12.591229,48.899296],[12.591193,48.899258],[12.591143,48.899208],[12.591091,48.899155],[12.591039,48.899105],[12.590985,48.899055],[12.590931,48.899002],[12.590877,48.898952],[12.59082,48.898903],[12.590764,48.898857],[12.590706,48.898808],[12.590648,48.898758],[12.590589,48.898712],[12.590528,48.898663],[12.590467,48.898617],[12.590405,48.898571],[12.590343,48.898525],[12.59028,48.898479],[12.590216,48.898434],[12.590151,48.898392],[12.590085,48.898346],[12.590018,48.898304],[12.589951,48.898262],[12.589883,48.898216],[12.589814,48.898174],[12.589745,48.898136],[12.589674,48.898094],[12.589603,48.898052],[12.589532,48.898014],[12.589459,48.897976],[12.589386,48.897938],[12.589313,48.8979],[12.589238,48.897861],[12.589163,48.897823],[12.589087,48.897789],[12.589011,48.897751],[12.588934,48.897717],[12.588857,48.897682],[12.588778,48.897648],[12.588699,48.897617],[12.58862,48.897583],[12.58854,48.897552],[12.58846,48.897518],[12.588379,48.897488],[12.588297,48.897461],[12.588215,48.89743],[12.588133,48.8974],[12.588049,48.897373],[12.587966,48.897346],[12.587881,48.897316],[12.587797,48.897293],[12.587712,48.897266],[12.587626,48.89724],[12.587541,48.897217],[12.587454,48.897194],[12.587367,48.897171],[12.58728,48.897148],[12.587193,48.897125],[12.587105,48.897106],[12.587016,48.897083],[12.586927,48.897064],[12.586831,48.897045],[12.586733,48.897022],[12.586636,48.897003],[12.586537,48.896984],[12.586439,48.896969],[12.586341,48.89695],[12.586242,48.896935],[12.586143,48.896915],[12.586043,48.8969],[12.585944,48.896889],[12.585844,48.896873],[12.585744,48.896858],[12.585644,48.896847],[12.585543,48.896835],[12.585443,48.896824],[12.585341,48.896812],[12.58524,48.896805],[12.585139,48.896797],[12.585038,48.896786],[12.584937,48.896778],[12.584835,48.896774],[12.584734,48.896767],[12.584632,48.896763],[12.58453,48.896755],[12.584428,48.896751],[12.584326,48.896751],[12.584224,48.896748],[12.584123,48.896744],[12.584021,48.896744],[12.583919,48.896744],[12.583817,48.896744],[12.583714,48.896744],[12.583612,48.896748],[12.58351,48.896751],[12.583408,48.896751],[12.583306,48.896755],[12.583204,48.896763],[12.583102,48.896767],[12.583001,48.896774],[12.582899,48.896778],[12.582798,48.896786],[12.582697,48.896797],[12.582596,48.896805],[12.582495,48.896812],[12.582394,48.896824],[12.582294,48.896835],[12.582192,48.896847],[12.57974,48.897144],[12.579613,48.89716],[12.579333,48.897194],[12.579055,48.897228],[12.578776,48.897266],[12.578498,48.897301],[12.578219,48.897339],[12.577942,48.897377],[12.577664,48.897415],[12.577387,48.897457],[12.577109,48.897495],[12.576833,48.897537],[12.576556,48.897579],[12.57628,48.897621],[12.576003,48.897663],[12.575727,48.897709],[12.575452,48.897751],[12.575176,48.897797],[12.574902,48.897842],[12.574626,48.897888],[12.574351,48.897938],[12.574078,48.897984],[12.573803,48.898033],[12.573529,48.898083],[12.573256,48.898132],[12.572983,48.898182],[12.57271,48.898232],[12.572437,48.898285],[12.572165,48.898338],[12.571893,48.898392],[12.571598,48.898449],[12.571304,48.898506],[12.571009,48.898563],[12.570714,48.898617],[12.570418,48.898674],[12.570123,48.898727],[12.569826,48.898781],[12.56953,48.898834],[12.569233,48.898888],[12.568936,48.898937],[12.568747,48.898972],[12.56862,48.898991],[12.568494,48.899014],[12.568367,48.899033],[12.56824,48.899052],[12.568113,48.899071],[12.567986,48.899086],[12.567859,48.899105],[12.567731,48.89912],[12.567603,48.899136],[12.567475,48.899151],[12.567347,48.899162],[12.567219,48.899178],[12.56709,48.899189],[12.566961,48.8992],[12.566833,48.899212],[12.566703,48.899223],[12.566574,48.899235],[12.566477,48.899242],[12.566293,48.899254],[12.566109,48.899265],[12.565925,48.899277],[12.56574,48.899284],[12.565556,48.899296],[12.565371,48.899303],[12.565187,48.899311],[12.565001,48.899319],[12.564816,48.899326],[12.564632,48.89933],[12.564447,48.899338],[12.564262,48.899342],[12.564077,48.899345],[12.563963,48.899345],[12.5613599,48.8994037],[12.5583623,48.8994477],[12.5579774,48.8994573],[12.557222,48.8995953],[12.5565166,48.899715],[12.5562711,48.8997362],[12.5561074,48.8997432],[12.5555486,48.8997489],[12.5555643,48.8998584],[12.555584,48.8999831],[12.5555996,48.8999661],[12.5563297,48.8999536],[12.5565287,48.899968],[12.5566537,48.8999845],[12.5570826,48.900048],[12.5573144,48.9000838]]]},"properties":{"osm_id":260907053,"osm_type":"way","seamark_type":"fairway","display_class":"OTHER","min_zoom":12,"importance":1,"name":null,"ref":null,"common":{"type":"fairway"},"children":{"fairway":{"information":"Donau"}},"osm_tags":{"seamark:fairway:information":"Donau","seamark:type":"fairway"}}},{"type":"Feature","geometry":{"type":"Polygon","coordinates":[[[12.558162,48.8970621],[12.5580101,48.8970702],[12.5570811,48.897124],[12.5571016,48.897688],[12.5571109,48.8976902],[12.5571192,48.8976949],[12.5571245,48.8977026],[12.5571245,48.8977095],[12.5571206,48.8977159],[12.5571124,48.8977213],[12.5571014,48.8977241],[12.5570868,48.897723],[12.5570766,48.8977182],[12.5570703,48.8977104],[12.5564411,48.897721],[12.5562084,48.8977147],[12.5562046,48.8976951],[12.556207,48.8976829],[12.556212,48.897671],[12.556225,48.897659],[12.556239,48.897652],[12.5564906,48.8976485],[12.5564864,48.8971798],[12.5564229,48.8971804],[12.5563767,48.8971811],[12.5562863,48.8971824],[12.5562037,48.8971836],[12.5561386,48.8971694],[12.5561074,48.8971488],[12.556091,48.89712],[12.5560922,48.8970762],[12.5560851,48.8970506],[12.555627,48.896976],[12.555497,48.896976],[12.555396,48.89698],[12.555235,48.896988],[12.555,48.896999],[12.554839,48.897007],[12.554691,48.897015],[12.554593,48.897015],[12.554512,48.897022],[12.554441,48.897026],[12.554324,48.897038],[12.554192,48.897049],[12.554029,48.89706],[12.553938,48.897068],[12.553866,48.897079],[12.553809,48.897087],[12.553746,48.897091],[12.553632,48.89711],[12.553556,48.897118],[12.553437,48.897133],[12.55326,48.897152],[12.553113,48.897163],[12.552965,48.897182],[12.552852,48.89719],[12.55273,48.897202],[12.552547,48.897213],[12.552361,48.897221],[12.552113,48.897232],[12.551888,48.897247],[12.551604,48.897263],[12.551342,48.897278],[12.552468,48.897835],[12.553107,48.898205],[12.5538882,48.8985599],[12.554005,48.898613],[12.554896,48.898926],[12.555374,48.898922],[12.5558421,48.8989144],[12.5564811,48.8989071],[12.5565546,48.8989056],[12.5565544,48.8989],[12.556601,48.8988997],[12.5566012,48.898905],[12.5569509,48.8989005],[12.557183,48.8989164],[12.5580836,48.8988972],[12.5581,48.8985127],[12.558162,48.8970621]]]},"properties":{"osm_id":260907054,"osm_type":"way","seamark_type":"restricted_area","display_class":"OTHER","min_zoom":12,"importance":1,"name":null,"ref":null,"common":{"type":"restricted_area"},"children":{"restricted_area":{"restriction":"no_entry"}},"osm_tags":{"seamark:restricted_area:restriction":"no_entry","seamark:type":"restricted_area"}}},{"type":"Feature","geometry":{"type":"Polygon","coordinates":[[[12.012575,48.926174],[12.010433,48.926991],[12.010282,48.927006],[12.009376,48.927399],[12.009817,48.92767],[12.010267,48.927948],[12.01089,48.927921],[12.010935,48.927864],[12.011104,48.927845],[12.011595,48.927605],[12.011594,48.927593],[12.011595,48.927582],[12.011597,48.927567],[12.0116,48.927559],[12.011604,48.927551],[12.011609,48.927547],[12.011616,48.927544],[12.011634,48.927532],[12.011644,48.927525],[12.011662,48.927517],[12.011682,48.927509],[12.011716,48.927498],[12.011763,48.927486],[12.011818,48.927471],[12.011889,48.927448],[12.011974,48.927429],[12.012092,48.927399],[12.012149,48.927387],[12.012186,48.927383],[12.012225,48.927376],[12.012258,48.927372],[12.012275,48.927372],[12.0123,48.927368],[12.012317,48.927368],[12.01235,48.927364],[12.01238,48.927364],[12.012402,48.927368],[12.01243,48.927368],[12.012459,48.927368],[12.012506,48.927372],[12.012544,48.927376],[12.01257,48.927376],[12.012612,48.92738],[12.012636,48.927383],[12.01266,48.927383],[12.012682,48.927387],[12.012704,48.927395],[12.012747,48.927406],[12.012785,48.927422],[12.012811,48.927425],[12.012904,48.927444],[12.013044,48.927467],[12.013121,48.927471],[12.013124,48.92746],[12.01313,48.927452],[12.0131373,48.9274457],[12.0131463,48.9274399],[12.0131547,48.9274364],[12.013167,48.9274338],[12.013179,48.927433],[12.01341,48.927429],[12.0136832,48.927423],[12.013727,48.927422],[12.013721,48.927261],[12.013718,48.927155],[12.013522,48.927155],[12.013519,48.927155],[12.013502,48.927151],[12.013496,48.927147],[12.013489,48.927143],[12.013484,48.927139],[12.013481,48.927135],[12.013479,48.927132],[12.013478,48.927128],[12.013477,48.927124],[12.013476,48.92712],[12.013477,48.927116],[12.013477,48.927113],[12.013478,48.927109],[12.013481,48.927105],[12.0134893,48.9271033],[12.014244,48.927097],[12.014245,48.927135],[12.014024,48.927139],[12.014026,48.927193],[12.014055,48.927193],[12.014056,48.927204],[12.014026,48.927204],[12.014029,48.927265],[12.014057,48.927265],[12.014057,48.927277],[12.014029,48.927277],[12.014031,48.927338],[12.01406,48.927338],[12.014061,48.927345],[12.014031,48.927345],[12.014034,48.927406],[12.014254,48.927402],[12.014255,48.927437],[12.014375,48.927441],[12.014544,48.927444],[12.01477,48.927448],[12.014815,48.927448],[12.014847,48.927448],[12.014909,48.927452],[12.015094,48.927456],[12.015104,48.927452],[12.015152,48.927452],[12.015267,48.927448],[12.015383,48.927437],[12.015428,48.927433],[12.015493,48.927433],[12.01553,48.927433],[12.015585,48.927441],[12.015652,48.927448],[12.015936,48.927486],[12.016026,48.927502],[12.014617,48.926144],[12.012575,48.926174]]]},"properties":{"osm_id":262388890,"osm_type":"way","seamark_type":"restricted_area","display_class":"OTHER","min_zoom":12,"importance":1,"name":null,"ref":null,"common":{"type":"restricted_area"},"children":{"restricted_area":{"restriction":"no_entry"}},"osm_tags":{"seamark:restricted_area:restriction":"no_entry","seamark:type":"restricted_area"}}},{"type":"Feature","geometry":{"type":"LineString","coordinates":[[12.014696,48.92836],[12.014834,48.927559]]},"properties":{"osm_id":262388904,"osm_type":"way","seamark_type":"pipeline_submarine","display_class":"OTHER","min_zoom":12,"importance":1,"name":null,"ref":null,"common":{"type":"pipeline_submarine"},"children":{"pipeline_submarine":{"category":"intake","name":"Bayernwerk Wasserkraft AG, RMD","product":"drinking_water"}},"osm_tags":{"seamark:pipeline_submarine:category":"intake","seamark:pipeline_submarine:name":"Bayernwerk Wasserkraft AG, RMD","seamark:pipeline_submarine:product":"drinking_water","seamark:type":"pipeline_submarine"}}},{"type":"Feature","geometry":{"type":"Polygon","coordinates":[[[11.996659,48.939678],[12.012379,48.939678],[12.012515,48.939564],[12.006645,48.935738],[12.006065,48.93578],[12.005663,48.935837],[12.004523,48.936035],[12.004318,48.936062],[12.003691,48.936172],[12.003158,48.936287],[12.001493,48.936642],[12.001226,48.936714],[12.00109,48.936749],[11.999684,48.937092],[11.999029,48.937241],[11.998886,48.937298],[11.998824,48.937386],[11.998395,48.937988],[11.998183,48.938549],[11.997924,48.938793],[11.997494,48.939156],[11.996659,48.939678]]]},"properties":{"osm_id":262388906,"osm_type":"way","seamark_type":"restricted_area","display_class":"OTHER","min_zoom":12,"importance":1,"name":null,"ref":null,"common":{"type":"restricted_area"},"children":{"restricted_area":{"category":"nature_reserve","information":"Wasserschutzgebiet"}},"osm_tags":{"seamark:restricted_area:category":"nature_reserve","seamark:restricted_area:information":"Wasserschutzgebiet","seamark:type":"restricted_area"}}},{"type":"Feature","geometry":{"type":"Polygon","coordinates":[[[12.008055,48.928459],[12.008249,48.928871],[12.008638,48.928783],[12.011001,48.928253],[12.011233,48.928204],[12.011286,48.928196],[12.01147,48.928165],[12.011708,48.928131],[12.011949,48.928101],[12.012191,48.928082],[12.012434,48.928066],[12.012678,48.928062],[12.012921,48.928062],[12.013165,48.92807],[12.013249,48.928078],[12.013526,48.928093],[12.014384,48.928143],[12.014749,48.928169],[12.015111,48.9282],[12.015472,48.928238],[12.015832,48.928288],[12.016189,48.928337],[12.016543,48.928398],[12.016646,48.928417],[12.016831,48.927986],[12.016467,48.927921],[12.016102,48.927864],[12.015733,48.927814],[12.015363,48.927773],[12.014991,48.927734],[12.014617,48.927708],[12.014242,48.927685],[12.014118,48.927681],[12.0137,48.927662],[12.013512,48.927658],[12.013456,48.927654],[12.013212,48.927654],[12.012968,48.927662],[12.012725,48.927677],[12.012484,48.9277],[12.012243,48.927731],[12.012006,48.927765],[12.01177,48.927807],[12.011539,48.927856],[12.01145,48.927879],[12.011105,48.927959],[12.0111,48.927959],[12.010756,48.928032],[12.010405,48.928101],[12.01005,48.928162],[12.009901,48.928185],[12.008463,48.928398],[12.008055,48.928459]]]},"properties":{"osm_id":262388958,"osm_type":"way","seamark_type":"restricted_area","display_class":"OTHER","min_zoom":12,"importance":1,"name":null,"ref":null,"common":{"type":"restricted_area"},"children":{"restricted_area":{"information":"Einschiffig befahrbar"}},"osm_tags":{"seamark:restricted_area:information":"Einschiffig befahrbar","seamark:type":"restricted_area"}}},{"type":"Feature","geometry":{"type":"Polygon","coordinates":[[[12.013144,48.928185],[12.013151,48.928185],[12.013168,48.928188],[12.013273,48.928185],[12.013451,48.928181],[12.01372,48.928181],[12.013736,48.928185],[12.013795,48.928185],[12.014059,48.9282],[12.014264,48.928207],[12.014486,48.928223],[12.014786,48.928246],[12.015092,48.928272],[12.015327,48.928299],[12.015338,48.928303],[12.015337,48.928307],[12.015423,48.928314],[12.015424,48.92831],[12.015434,48.928314],[12.015612,48.928333],[12.016159,48.928413],[12.016562,48.928478],[12.016616,48.92849],[12.016646,48.928417],[12.016831,48.927986],[12.016861,48.927914],[12.016779,48.927898],[12.016445,48.927845],[12.016151,48.927799],[12.015451,48.927708],[12.015318,48.927692],[12.0152039,48.9276839],[12.0151646,48.9276819],[12.015118,48.927673],[12.015061,48.927666],[12.014984,48.927658],[12.014916,48.92765],[12.014737,48.927639],[12.01451,48.927628],[12.013768,48.927597],[12.013556,48.927605],[12.013514,48.927601],[12.013476,48.927593],[12.013453,48.927589],[12.013438,48.927586],[12.013408,48.927582],[12.013109,48.927586],[12.013034,48.927589],[12.013055,48.928192],[12.013104,48.928192],[12.013124,48.928196],[12.013134,48.928192],[12.013141,48.928188],[12.013144,48.928185]]]},"properties":{"osm_id":262388964,"osm_type":"way","seamark_type":"restricted_area","display_class":"OTHER","min_zoom":12,"importance":1,"name":null,"ref":null,"common":{"type":"restricted_area"},"children":{"restricted_area":{"restriction":"no_anchoring"}},"osm_tags":{"seamark:restricted_area:restriction":"no_anchoring","seamark:type":"restricted_area"}}},{"type":"Feature","geometry":{"type":"Polygon","coordinates":[[[12.0058003,48.919574],[12.0058978,48.9195972],[12.0059374,48.9195255],[12.0059339,48.9195247],[12.0058399,48.9195023],[12.0058003,48.919574]]]},"properties":{"osm_id":262396043,"osm_type":"way","seamark_type":"landmark","display_class":"OTHER","min_zoom":12,"importance":1,"name":null,"ref":null,"common":{"type":"landmark"},"children":{"landmark":{"category":"tower","conspicuity":"conspicuous","function":"church"}},"osm_tags":{"building:part":"yes","man_made":"tower","seamark:landmark:category":"tower","seamark:landmark:conspicuity":"conspicuous","seamark:landmark:function":"church","seamark:type":"landmark","tower:type":"bell_tower"}}},{"type":"Feature","geometry":{"type":"Polygon","coordinates":[[[12.017896,48.928699],[12.018147,48.928284],[12.018104,48.928272],[12.017947,48.928234],[12.01779,48.928192],[12.017632,48.928158],[12.017473,48.92812],[12.017313,48.928085],[12.017153,48.928051],[12.016992,48.928017],[12.016831,48.927986],[12.016646,48.928417],[12.016803,48.928448],[12.01696,48.928482],[12.017116,48.928513],[12.017271,48.928547],[12.017426,48.928581],[12.017579,48.928619],[12.017733,48.928658],[12.017885,48.928699],[12.017896,48.928699]]]},"properties":{"osm_id":262653549,"osm_type":"way","seamark_type":"restricted_area","display_class":"OTHER","min_zoom":12,"importance":1,"name":null,"ref":null,"common":{"type":"restricted_area"},"children":{"restricted_area":{"information":"Einschiffig befahrbar"}},"osm_tags":{"seamark:restricted_area:information":"Einschiffig befahrbar","seamark:type":"restricted_area"}}},{"type":"Feature","geometry":{"type":"Polygon","coordinates":[[[12.018675,48.929012],[12.018939,48.9291],[12.019179,48.92918],[12.019394,48.929264],[12.019689,48.929379],[12.019835,48.92944],[12.01985,48.929443],[12.020002,48.929512],[12.020392,48.929688],[12.020616,48.929794],[12.020808,48.92989],[12.020964,48.92997],[12.021164,48.930077],[12.021343,48.930176],[12.021599,48.930328],[12.021753,48.930424],[12.021916,48.930531],[12.022063,48.93063],[12.022174,48.930706],[12.022272,48.930779],[12.022523,48.930962],[12.022736,48.931129],[12.022943,48.931301],[12.023076,48.931416],[12.023266,48.931587],[12.023418,48.931728],[12.023705,48.93203],[12.023819,48.932148],[12.023913,48.932251],[12.024022,48.932384],[12.024179,48.932575],[12.024293,48.932724],[12.024389,48.932858],[12.02446,48.932961],[12.02455,48.933098],[12.024639,48.933231],[12.024788,48.933491],[12.024888,48.933666],[12.024932,48.933758],[12.024995,48.933876],[12.025083,48.934059],[12.025218,48.934402],[12.025285,48.934582],[12.025346,48.934776],[12.025388,48.934887],[12.025391,48.934898],[12.025396,48.93494],[12.025432,48.935089],[12.025456,48.935207],[12.025496,48.935398],[12.025555,48.935772],[12.025578,48.935986],[12.025586,48.936157],[12.025601,48.93647],[12.025602,48.936481],[12.025595,48.936581],[12.025585,48.936752],[12.025541,48.937202],[12.025459,48.937637],[12.025385,48.937954],[12.025331,48.938122],[12.025289,48.938259],[12.025245,48.938374],[12.025209,48.938473],[12.025177,48.938557],[12.025141,48.938641],[12.025088,48.938766],[12.025036,48.938881],[12.024995,48.938969],[12.024961,48.939041],[12.024909,48.939144],[12.024838,48.939278],[12.024792,48.939365],[12.024734,48.939465],[12.024687,48.939541],[12.0246,48.939682],[12.024529,48.939793],[12.02446,48.939892],[12.024368,48.940025],[12.024252,48.940182],[12.024154,48.940308],[12.024009,48.940487],[12.02389,48.940628],[12.023787,48.940742],[12.023625,48.940918],[12.023519,48.941036],[12.023371,48.941177],[12.023211,48.941334],[12.023037,48.941483],[12.022885,48.941608],[12.022734,48.941734],[12.022592,48.94186],[12.02258,48.941872],[12.022396,48.941998],[12.022174,48.942158],[12.021458,48.942623],[12.021189,48.942783],[12.021031,48.942871],[12.020848,48.94297],[12.020686,48.943058],[12.020457,48.943172],[12.020214,48.943291],[12.020057,48.943371],[12.019901,48.943443],[12.019704,48.943535],[12.019549,48.943607],[12.019334,48.943703],[12.019195,48.943764],[12.019011,48.943844],[12.018913,48.943886],[12.018809,48.943932],[12.01873,48.943962],[12.018444,48.944084],[12.0184,48.944099],[12.018395,48.944103],[12.018381,48.944111],[12.018342,48.944122],[12.018166,48.944195],[12.017883,48.944302],[12.017646,48.944401],[12.017643,48.944401],[12.017628,48.944408],[12.01711,48.944603],[12.016969,48.94466],[12.016936,48.944675],[12.016922,48.944679],[12.016899,48.944687],[12.016787,48.944733],[12.0166,48.944801],[12.016406,48.944878],[12.016264,48.944931],[12.01625,48.944939],[12.016123,48.944984],[12.016003,48.945026],[12.015852,48.945087],[12.015621,48.945179],[12.01555,48.94521],[12.015348,48.945286],[12.015234,48.945332],[12.015118,48.945377],[12.015106,48.945377],[12.015092,48.945377],[12.015076,48.945374],[12.015064,48.945374],[12.015052,48.945366],[12.014997,48.945389],[12.015002,48.945415],[12.015001,48.945419],[12.014984,48.945427],[12.01497,48.945431],[12.01495,48.945438],[12.014938,48.945442],[12.014915,48.945442],[12.014923,48.945454],[12.014932,48.945465],[12.014938,48.945473],[12.014944,48.945484],[12.014945,48.945488],[12.014946,48.945496],[12.014946,48.945507],[12.014944,48.945518],[12.014937,48.94553],[12.014928,48.945545],[12.014922,48.945553],[12.015534,48.945782],[12.016002,48.945602],[12.016528,48.945396],[12.018091,48.944794],[12.018103,48.94479],[12.018347,48.944695],[12.018843,48.944504],[12.018848,48.944504],[12.018852,48.944504],[12.018855,48.944504],[12.018857,48.944508],[12.019008,48.944607],[12.019138,48.944542],[12.019276,48.944473],[12.019402,48.944416],[12.019531,48.944355],[12.019622,48.944302],[12.019724,48.944244],[12.019784,48.944206],[12.019835,48.94418],[12.019995,48.944111],[12.020206,48.944019],[12.020284,48.943989],[12.020326,48.943966],[12.020347,48.943958],[12.020445,48.943909],[12.020507,48.943886],[12.020559,48.943863],[12.020592,48.943863],[12.020592,48.943859],[12.020597,48.943855],[12.020606,48.943848],[12.020616,48.943844],[12.020636,48.94384],[12.020658,48.943844],[12.020668,48.943848],[12.020679,48.943855],[12.020687,48.943859],[12.020692,48.943863],[12.020695,48.943871],[12.020697,48.943878],[12.020696,48.943886],[12.020682,48.943905],[12.020821,48.943977],[12.020861,48.943943],[12.021156,48.943691],[12.021305,48.943569],[12.021359,48.943516],[12.021395,48.943478],[12.021436,48.943436],[12.021459,48.94342],[12.02148,48.943405],[12.021501,48.94339],[12.021522,48.943378],[12.021551,48.943363],[12.021682,48.943291],[12.021892,48.943172],[12.022062,48.943069],[12.022178,48.942997],[12.02219,48.942989],[12.02222,48.94297],[12.022872,48.942539],[12.02318,48.94231],[12.023317,48.942204],[12.023498,48.942059],[12.023711,48.941883],[12.023906,48.941708],[12.024076,48.941551],[12.024226,48.941402],[12.024364,48.941257],[12.024465,48.941154],[12.024567,48.941044],[12.024737,48.940861],[12.024821,48.940754],[12.024936,48.940609],[12.025098,48.940399],[12.025279,48.940147],[12.025388,48.939991],[12.025478,48.939854],[12.025548,48.939739],[12.025629,48.939598],[12.025714,48.939442],[12.02577,48.939335],[12.025832,48.939217],[12.025894,48.939079],[12.025965,48.938934],[12.025994,48.93885],[12.026075,48.938656],[12.026128,48.938519],[12.026255,48.938126],[12.026349,48.937752],[12.026461,48.937099],[12.026471,48.936954],[12.026471,48.936943],[12.026476,48.936882],[12.026503,48.936466],[12.026484,48.936016],[12.026464,48.93581],[12.026444,48.935608],[12.026374,48.935196],[12.026278,48.934803],[12.026185,48.934509],[12.026161,48.934429],[12.026074,48.934193],[12.026037,48.934105],[12.026005,48.934021],[12.025976,48.933949],[12.025955,48.933891],[12.02595,48.933861],[12.025951,48.933853],[12.025958,48.933838],[12.025957,48.933834],[12.025948,48.933819],[12.025941,48.933804],[12.025931,48.933804],[12.02592,48.933796],[12.02591,48.933792],[12.025905,48.933788],[12.025885,48.933743],[12.025841,48.933651],[12.025758,48.933487],[12.025696,48.93338],[12.025662,48.933319],[12.025656,48.933308],[12.025555,48.933121],[12.025547,48.933109],[12.025507,48.933044],[12.025466,48.932976],[12.025311,48.932747],[12.025253,48.932667],[12.025218,48.932613],[12.025184,48.93256],[12.025105,48.932453],[12.02499,48.932304],[12.024917,48.932209],[12.024817,48.932087],[12.024647,48.931892],[12.024558,48.931797],[12.024474,48.931698],[12.024366,48.931587],[12.024209,48.931431],[12.024072,48.931297],[12.023864,48.931107],[12.023705,48.930965],[12.023592,48.93087],[12.023348,48.930672],[12.0232798,48.9306209],[12.023108,48.930492],[12.02291,48.930347],[12.022545,48.930103],[12.02226,48.92992],[12.022247,48.929913],[12.022135,48.929844],[12.022012,48.929771],[12.021873,48.929691],[12.021749,48.929623],[12.021588,48.929535],[12.021313,48.92939],[12.020951,48.929211],[12.020817,48.92915],[12.020665,48.929081],[12.02045,48.928986],[12.02034,48.92894],[12.020139,48.928856],[12.019798,48.928726],[12.019342,48.928558],[12.019092,48.928478],[12.018924,48.928425],[12.018728,48.928368],[12.018497,48.928299],[12.018233,48.928226],[12.017963,48.928154],[12.017707,48.928093],[12.017438,48.928032],[12.017128,48.927967],[12.016861,48.927914],[12.016831,48.927986],[12.016646,48.928417],[12.016616,48.92849],[12.016788,48.928524],[12.016956,48.928558],[12.017158,48.9286],[12.017292,48.928631],[12.017413,48.928661],[12.017582,48.928699],[12.017706,48.92873],[12.017814,48.928761],[12.017941,48.928791],[12.018059,48.928825],[12.018201,48.92886],[12.01847,48.928947],[12.018675,48.929012]]]},"properties":{"osm_id":262653551,"osm_type":"way","seamark_type":"restricted_area","display_class":"OTHER","min_zoom":12,"importance":1,"name":null,"ref":null,"common":{"type":"restricted_area"},"children":{"restricted_area":{"restriction":"no_anchoring"}},"osm_tags":{"seamark:restricted_area:restriction":"no_anchoring","seamark:type":"restricted_area"}}},{"type":"Feature","geometry":{"type":"Polygon","coordinates":[[[12.016646,48.928417],[12.016803,48.928448],[12.01696,48.928482],[12.017116,48.928513],[12.017271,48.928547],[12.017426,48.928581],[12.017579,48.928619],[12.017733,48.928658],[12.017885,48.928699],[12.017896,48.928699],[12.018036,48.928738],[12.018187,48.92878],[12.018336,48.928825],[12.018485,48.928871],[12.018634,48.928917],[12.018781,48.928963],[12.018927,48.929012],[12.019072,48.929062],[12.019216,48.929115],[12.019358,48.929169],[12.0195,48.929222],[12.019641,48.929276],[12.01978,48.929333],[12.019918,48.92939],[12.020056,48.929451],[12.020192,48.929508],[12.020327,48.929569],[12.02046,48.929634],[12.020593,48.929695],[12.020724,48.92976],[12.020854,48.929829],[12.020982,48.929893],[12.021109,48.929962],[12.021235,48.930031],[12.021358,48.930103],[12.021482,48.930172],[12.021603,48.930244],[12.021723,48.930321],[12.021841,48.930393],[12.021958,48.93047],[12.022073,48.930546],[12.022187,48.930622],[12.022299,48.930702],[12.022409,48.930782],[12.022518,48.930862],[12.022626,48.930943],[12.022731,48.931026],[12.022835,48.93111],[12.022938,48.931194],[12.023038,48.931278],[12.023136,48.931366],[12.023233,48.931454],[12.023329,48.931541],[12.023422,48.931629],[12.023514,48.931717],[12.023603,48.931808],[12.023692,48.9319],[12.023778,48.931992],[12.023862,48.932083],[12.023945,48.932178],[12.02398,48.932217],[12.024135,48.9324],[12.024215,48.932491],[12.024292,48.932587],[12.024368,48.932682],[12.024442,48.932777],[12.024514,48.932877],[12.024584,48.932972],[12.024652,48.933071],[12.024718,48.93317],[12.024782,48.93327],[12.024844,48.933369],[12.024904,48.933472],[12.024961,48.933571],[12.025018,48.933674],[12.025071,48.933773],[12.025124,48.933876],[12.025173,48.933979],[12.025221,48.934082],[12.025267,48.934185],[12.02531,48.934292],[12.025351,48.934395],[12.02539,48.934502],[12.025427,48.934605],[12.025462,48.934711],[12.025495,48.934814],[12.025526,48.934921],[12.025554,48.935028],[12.02558,48.935135],[12.025604,48.935242],[12.025627,48.935349],[12.025646,48.935455],[12.025664,48.935562],[12.02568,48.935669],[12.025693,48.93578],[12.025704,48.935886],[12.025713,48.935993],[12.025721,48.9361],[12.025724,48.936211],[12.025727,48.936317],[12.025727,48.936424],[12.025725,48.936531],[12.025722,48.936642],[12.025715,48.936749],[12.025707,48.936855],[12.025696,48.936962],[12.025683,48.937073],[12.025668,48.93718],[12.025651,48.937286],[12.025632,48.937393],[12.02561,48.9375],[12.025586,48.937607],[12.02556,48.937714],[12.025533,48.93782],[12.025502,48.937927],[12.025471,48.93803],[12.025435,48.938137],[12.025411,48.93821],[12.025332,48.938435],[12.025294,48.938538],[12.025253,48.938644],[12.025211,48.938747],[12.025167,48.93885],[12.025121,48.938957],[12.025072,48.93906],[12.025022,48.939159],[12.024969,48.939262],[12.024914,48.939365],[12.024858,48.939465],[12.024798,48.939568],[12.024737,48.939667],[12.024674,48.939766],[12.02461,48.939865],[12.024543,48.939964],[12.024473,48.940063],[12.024403,48.940159],[12.02433,48.940258],[12.024255,48.940353],[12.024179,48.940449],[12.024099,48.94054],[12.024019,48.940636],[12.023936,48.940731],[12.023852,48.940823],[12.023766,48.940914],[12.023678,48.941006],[12.023588,48.941093],[12.023497,48.941185],[12.023402,48.941273],[12.023307,48.94136],[12.023211,48.941448],[12.023111,48.941532],[12.023011,48.94162],[12.022908,48.941704],[12.022804,48.941788],[12.022699,48.941868],[12.022592,48.941952],[12.022483,48.942032],[12.022372,48.942112],[12.02226,48.942188],[12.022146,48.942268],[12.022031,48.942345],[12.021914,48.942417],[12.021795,48.942493],[12.021676,48.942566],[12.021554,48.942638],[12.02147,48.942688],[12.02087,48.943035],[12.020747,48.943108],[12.020621,48.943176],[12.020494,48.943245],[12.020367,48.94331],[12.020238,48.943378],[12.020107,48.943443],[12.019975,48.943508],[12.019841,48.943569],[12.019707,48.94363],[12.019571,48.943691],[12.019434,48.943748],[12.019297,48.94381],[12.019156,48.943867],[12.019016,48.94392],[12.019006,48.943924],[12.014946,48.945507],[12.014944,48.945518],[12.014937,48.94553],[12.014928,48.945545],[12.014922,48.945553],[12.014915,48.945557],[12.014894,48.945572],[12.014726,48.945671],[12.014495,48.945805],[12.014223,48.945965],[12.014177,48.945992],[12.014132,48.946011],[12.014086,48.946033],[12.014041,48.946053],[12.013997,48.946072],[12.013955,48.946091],[12.01386,48.946125],[12.013822,48.94614],[12.013801,48.946148],[12.013884,48.946243],[12.013905,48.946236],[12.013976,48.946205],[12.013989,48.946201],[12.014025,48.94619],[12.014074,48.946171],[12.014146,48.946144],[12.014204,48.946125],[12.014281,48.946106],[12.014411,48.946072],[12.014877,48.945965],[12.015293,48.945869],[12.015318,48.945866],[12.015342,48.945858],[12.015534,48.945782],[12.016002,48.945602],[12.016528,48.945396],[12.018091,48.944794],[12.018103,48.94479],[12.018347,48.944695],[12.018843,48.944504],[12.018848,48.944504],[12.019793,48.944134],[12.019812,48.944126],[12.019957,48.944069],[12.0201,48.944012],[12.020242,48.943951],[12.020382,48.943893],[12.020522,48.943829],[12.02066,48.943768],[12.020798,48.943703],[12.020933,48.943638],[12.021068,48.943569],[12.021201,48.943504],[12.021333,48.943436],[12.021463,48.943363],[12.021593,48.943295],[12.02172,48.943222],[12.021847,48.943146],[12.021972,48.943073],[12.022095,48.942997],[12.022217,48.942921],[12.022337,48.942844],[12.022456,48.942764],[12.022573,48.942684],[12.022689,48.942604],[12.022802,48.942524],[12.022916,48.94244],[12.023026,48.942356],[12.023135,48.942272],[12.023243,48.942188],[12.023349,48.942101],[12.023453,48.942013],[12.023555,48.941925],[12.023656,48.941837],[12.023755,48.94175],[12.023851,48.941658],[12.02399,48.941528],[12.024068,48.941452],[12.024162,48.94136],[12.024254,48.941269],[12.024344,48.941174],[12.024432,48.941078],[12.024519,48.940983],[12.024604,48.940887],[12.024686,48.940792],[12.024767,48.940693],[12.024846,48.940598],[12.024922,48.940498],[12.024998,48.940399],[12.02507,48.9403],[12.025142,48.940197],[12.02521,48.940098],[12.025278,48.939995],[12.025343,48.939892],[12.025406,48.939789],[12.025467,48.939686],[12.025525,48.939583],[12.025582,48.93948],[12.025637,48.939373],[12.02569,48.93927],[12.025741,48.939163],[12.025789,48.939056],[12.025836,48.93895],[12.02588,48.938843],[12.025923,48.938736],[12.025963,48.938629],[12.026001,48.938519],[12.026036,48.938412],[12.02607,48.938305],[12.026102,48.938194],[12.026176,48.937927],[12.02619,48.937878],[12.026218,48.937771],[12.026245,48.93766],[12.026269,48.93755],[12.026291,48.937439],[12.026311,48.937332],[12.026328,48.937222],[12.026343,48.937111],[12.026357,48.937],[12.026368,48.93689],[12.026377,48.936779],[12.026384,48.936668],[12.026389,48.936558],[12.026391,48.936447],[12.026391,48.936333],[12.026389,48.936222],[12.026385,48.936111],[12.026379,48.936001],[12.02637,48.93589],[12.02636,48.93578],[12.026347,48.935669],[12.026332,48.935558],[12.026315,48.935448],[12.026296,48.935341],[12.026274,48.93523],[12.02625,48.93512],[12.026224,48.935009],[12.026196,48.934902],[12.026166,48.934792],[12.026134,48.934685],[12.026099,48.934574],[12.026062,48.934467],[12.026024,48.934357],[12.025983,48.93425],[12.02594,48.934143],[12.025895,48.934036],[12.025847,48.933929],[12.025799,48.933823],[12.025747,48.93372],[12.025694,48.933613],[12.025638,48.93351],[12.02558,48.933403],[12.025521,48.9333],[12.025459,48.933197],[12.025395,48.933094],[12.02533,48.932995],[12.025262,48.932892],[12.025192,48.932793],[12.025121,48.93269],[12.025047,48.93259],[12.024972,48.932491],[12.024895,48.932392],[12.024755,48.93222],[12.024731,48.93219],[12.024651,48.932091],[12.024569,48.931995],[12.024485,48.9319],[12.024399,48.931805],[12.024311,48.931709],[12.024221,48.931614],[12.024131,48.931522],[12.024037,48.931431],[12.023942,48.931339],[12.023846,48.931248],[12.023747,48.931156],[12.023646,48.931068],[12.023544,48.930981],[12.023441,48.930893],[12.023335,48.930805],[12.023229,48.930721],[12.023119,48.930637],[12.023009,48.930553],[12.022897,48.93047],[12.022783,48.930389],[12.022668,48.930309],[12.022551,48.930229],[12.022432,48.930149],[12.022312,48.930073],[12.022191,48.929996],[12.022068,48.92992],[12.021943,48.929844],[12.021817,48.929771],[12.021689,48.929699],[12.021561,48.929626],[12.021431,48.929558],[12.021299,48.929489],[12.021166,48.92942],[12.021031,48.929352],[12.020896,48.929287],[12.02076,48.929222],[12.020621,48.929161],[12.020482,48.9291],[12.020341,48.929039],[12.0202,48.928978],[12.020057,48.928921],[12.019913,48.928864],[12.019768,48.928806],[12.019621,48.928753],[12.019474,48.928696],[12.019325,48.928646],[12.019176,48.928593],[12.019026,48.928543],[12.018874,48.928497],[12.018722,48.928448],[12.018569,48.928402],[12.018414,48.92836],[12.01826,48.928314],[12.018147,48.928284],[12.018104,48.928272],[12.017947,48.928234],[12.01779,48.928192],[12.017632,48.928158],[12.017473,48.92812],[12.017313,48.928085],[12.017153,48.928051],[12.016992,48.928017],[12.016831,48.927986],[12.016646,48.928417]]]},"properties":{"osm_id":262653552,"osm_type":"way","seamark_type":"fairway","display_class":"OTHER","min_zoom":12,"importance":1,"name":null,"ref":null,"common":{"type":"fairway"},"children":{"fairway":{"information":"Donau"}},"osm_tags":{"seamark:fairway:information":"Donau","seamark:type":"fairway"}}},{"type":"Feature","geometry":{"type":"Polygon","coordinates":[[[12.041433,48.983654],[12.041537,48.98381],[12.04165,48.98399],[12.041742,48.98415],[12.041822,48.984303],[12.041939,48.984482],[12.042081,48.984711],[12.042173,48.984833],[12.04428,48.984329],[12.044135,48.984112],[12.044038,48.983967],[12.043938,48.983818],[12.043828,48.983654],[12.043715,48.983482],[12.043615,48.98333],[12.043491,48.983158],[12.043488,48.983154],[12.041433,48.983654]]]},"properties":{"osm_id":262684608,"osm_type":"way","seamark_type":"restricted_area","display_class":"OTHER","min_zoom":12,"importance":1,"name":null,"ref":null,"common":{"type":"restricted_area"},"children":{"restricted_area":{"restriction":"no_anchoring"}},"osm_tags":{"seamark:restricted_area:restriction":"no_anchoring","seamark:type":"restricted_area"}}},{"type":"Feature","geometry":{"type":"LineString","coordinates":[[12.041769,48.98428],[12.043882,48.98365]]},"properties":{"osm_id":262684618,"osm_type":"way","seamark_type":"cable_submarine","display_class":"OTHER","min_zoom":12,"importance":1,"name":null,"ref":null,"common":{"type":"cable_submarine"},"children":{"cable_submarine":{"category":"telephone","name":"Fernmeldeamt Regensburg, Deutsche Bundespost"}},"osm_tags":{"seamark:cable_submarine:category":"telephone","seamark:cable_submarine:name":"Fernmeldeamt Regensburg, Deutsche Bundespost","seamark:type":"cable_submarine"}}},{"type":"Feature","geometry":{"type":"LineString","coordinates":[[12.044327,48.987934],[12.046205,48.987534]]},"properties":{"osm_id":262685236,"osm_type":"way","seamark_type":"calling-in_point","display_class":"OTHER","min_zoom":12,"importance":1,"name":null,"ref":null,"common":{"type":"calling-in_point"},"children":{"calling-in_point":{"channel":"21","orientation":"13.7","traffic_flow":"one-way"}},"osm_tags":{"seamark:calling-in_point:channel":"21","seamark:calling-in_point:orientation":"13.7","seamark:calling-in_point:traffic_flow":"one-way","seamark:type":"calling-in_point"}}},{"type":"Feature","geometry":{"type":"LineString","coordinates":[[12.03826,48.999855],[12.039721,49.000622]]},"properties":{"osm_id":262685238,"osm_type":"way","seamark_type":"cable_submarine","display_class":"OTHER","min_zoom":12,"importance":1,"name":null,"ref":null,"common":{"type":"cable_submarine"},"children":{"cable_submarine":{"category":"telephone","name":"Fernmeldeamt Regensburg, Deutsche Bundespost"}},"osm_tags":{"seamark:cable_submarine:category":"telephone","seamark:cable_submarine:name":"Fernmeldeamt Regensburg, Deutsche Bundespost","seamark:type":"cable_submarine"}}},{"type":"Feature","geometry":{"type":"Polygon","coordinates":[[[12.497441,48.957199],[12.497451,48.957188],[12.497499,48.957127],[12.497546,48.957069],[12.497593,48.957008],[12.497639,48.956947],[12.497684,48.956886],[12.497727,48.956825],[12.497769,48.956764],[12.497811,48.956703],[12.497852,48.956638],[12.497891,48.956577],[12.497931,48.956516],[12.497968,48.956451],[12.498005,48.95639],[12.49804,48.956326],[12.498075,48.956261],[12.498109,48.9562],[12.498141,48.956135],[12.498173,48.95607],[12.498202,48.956005],[12.498232,48.95594],[12.49826,48.955875],[12.498288,48.955811],[12.498314,48.955746],[12.498339,48.955681],[12.498363,48.955612],[12.498386,48.955547],[12.498408,48.955482],[12.498429,48.955414],[12.498449,48.955349],[12.498467,48.955284],[12.498486,48.955215],[12.498502,48.955151],[12.498518,48.955082],[12.498532,48.955017],[12.498546,48.954948],[12.498558,48.954884],[12.49877,48.953667],[12.498785,48.953587],[12.4988,48.953506],[12.498816,48.95343],[12.498835,48.95335],[12.498854,48.95327],[12.498874,48.95319],[12.498895,48.95311],[12.498917,48.953033],[12.49894,48.952953],[12.498964,48.952873],[12.498989,48.952797],[12.499016,48.952717],[12.499043,48.952637],[12.499071,48.95256],[12.499101,48.952484],[12.499132,48.952404],[12.499164,48.952328],[12.499196,48.952248],[12.499229,48.952171],[12.499265,48.952095],[12.499301,48.952019],[12.499337,48.951942],[12.499375,48.951866],[12.499414,48.95179],[12.499454,48.951714],[12.499496,48.951637],[12.499537,48.951561],[12.49958,48.951485],[12.499625,48.951412],[12.49967,48.951336],[12.499716,48.951263],[12.499763,48.951187],[12.499811,48.951115],[12.499861,48.951038],[12.49991,48.950966],[12.499962,48.950893],[12.500014,48.950821],[12.500067,48.950748],[12.500106,48.950699],[12.500146,48.950645],[12.500187,48.950596],[12.500229,48.950542],[12.500272,48.950493],[12.500316,48.950443],[12.50036,48.950394],[12.500406,48.950344],[12.500453,48.950294],[12.500501,48.950245],[12.500549,48.950199],[12.500599,48.95015],[12.500649,48.950104],[12.500701,48.950054],[12.500753,48.950008],[12.500806,48.949963],[12.50086,48.949917],[12.500915,48.949871],[12.500971,48.949825],[12.501027,48.94978],[12.501084,48.949738],[12.501143,48.949692],[12.501202,48.94965],[12.501261,48.949608],[12.501322,48.949566],[12.501338,48.949554],[12.501417,48.949501],[12.501497,48.949448],[12.501577,48.949394],[12.501658,48.949345],[12.50174,48.949291],[12.501823,48.949242],[12.501907,48.949192],[12.501991,48.949142],[12.502076,48.949093],[12.502162,48.949043],[12.502249,48.948997],[12.502336,48.948948],[12.502423,48.948902],[12.502512,48.948856],[12.502601,48.948811],[12.50269,48.948765],[12.502781,48.948719],[12.502872,48.948677],[12.502964,48.948631],[12.503057,48.948589],[12.503149,48.948547],[12.503243,48.948505],[12.503338,48.948463],[12.503432,48.948421],[12.503528,48.948383],[12.503624,48.948345],[12.50372,48.948303],[12.503818,48.948265],[12.503915,48.948231],[12.504013,48.948193],[12.504112,48.948154],[12.504211,48.94812],[12.504312,48.948086],[12.504412,48.948051],[12.504513,48.948017],[12.504614,48.947983],[12.504716,48.947952],[12.504818,48.947922],[12.504921,48.947887],[12.505024,48.947857],[12.505128,48.94783],[12.505232,48.9478],[12.505337,48.947769],[12.505442,48.947742],[12.505547,48.947716],[12.505652,48.947689],[12.505758,48.947662],[12.505797,48.947655],[12.505916,48.947628],[12.506034,48.947601],[12.506152,48.947575],[12.506271,48.947548],[12.506391,48.947521],[12.50651,48.947498],[12.50663,48.947475],[12.50675,48.947453],[12.506871,48.94743],[12.506991,48.947411],[12.507113,48.947388],[12.507235,48.947369],[12.507356,48.94735],[12.507478,48.94733],[12.5076,48.947311],[12.507722,48.947296],[12.507845,48.947281],[12.507968,48.947262],[12.508091,48.947247],[12.508214,48.947235],[12.508337,48.94722],[12.508461,48.947208],[12.508585,48.947193],[12.508709,48.947182],[12.508833,48.947174],[12.508957,48.947163],[12.509081,48.947151],[12.509206,48.947144],[12.50933,48.947136],[12.509455,48.947128],[12.50958,48.947121],[12.509704,48.947117],[12.509829,48.947113],[12.509953,48.947105],[12.510078,48.947105],[12.510204,48.947102],[12.510329,48.947098],[12.510454,48.947098],[12.510579,48.947098],[12.510704,48.947098],[12.51083,48.947098],[12.510955,48.947098],[12.51108,48.947102],[12.511205,48.947102],[12.51133,48.947105],[12.511455,48.947109],[12.51158,48.947117],[12.511704,48.947121],[12.511829,48.947128],[12.511902,48.947132],[12.51519,48.947323],[12.51525,48.947323],[12.515343,48.94733],[12.515435,48.947334],[12.515528,48.947334],[12.515621,48.947338],[12.515715,48.947338],[12.515807,48.947342],[12.5159,48.947342],[12.515993,48.947342],[12.516086,48.947338],[12.516179,48.947338],[12.516272,48.947334],[12.516365,48.94733],[12.516458,48.947327],[12.51655,48.947323],[12.516643,48.947315],[12.516735,48.947311],[12.516828,48.947304],[12.51692,48.947296],[12.517012,48.947289],[12.517104,48.947277],[12.517196,48.947269],[12.517287,48.947258],[12.517379,48.947247],[12.51747,48.947235],[12.517561,48.947224],[12.517652,48.947208],[12.517742,48.947193],[12.517833,48.947178],[12.517922,48.947163],[12.518012,48.947147],[12.518102,48.947132],[12.51819,48.947113],[12.518279,48.947094],[12.518368,48.947075],[12.518456,48.947056],[12.518544,48.947037],[12.518631,48.947014],[12.518718,48.946995],[12.518805,48.946972],[12.518891,48.946949],[12.518977,48.946926],[12.519062,48.946899],[12.519147,48.946877],[12.519232,48.94685],[12.519316,48.946823],[12.5194,48.946796],[12.519483,48.94677],[12.519565,48.946743],[12.519647,48.946712],[12.519729,48.946682],[12.51981,48.946651],[12.51989,48.946621],[12.51997,48.94659],[12.520049,48.94656],[12.520128,48.946526],[12.520205,48.946495],[12.520284,48.946461],[12.520361,48.946426],[12.520437,48.946388],[12.520513,48.946354],[12.520588,48.94632],[12.520662,48.946281],[12.520736,48.946243],[12.520809,48.946205],[12.520882,48.946167],[12.520953,48.946129],[12.521024,48.946091],[12.521094,48.946049],[12.521164,48.946011],[12.521233,48.945969],[12.521301,48.945927],[12.521368,48.945885],[12.521435,48.945843],[12.521501,48.945797],[12.521566,48.945755],[12.52163,48.945709],[12.521694,48.945663],[12.521756,48.945621],[12.521818,48.945576],[12.521879,48.94553],[12.52194,48.94548],[12.521999,48.945435],[12.522058,48.945385],[12.522116,48.945339],[12.522172,48.94529],[12.522228,48.94524],[12.522284,48.94519],[12.522338,48.945141],[12.522391,48.945091],[12.522444,48.945042],[12.522495,48.944992],[12.522546,48.944939],[12.522595,48.944889],[12.522644,48.944836],[12.522692,48.944782],[12.522738,48.944729],[12.522785,48.944675],[12.52283,48.944622],[12.522874,48.944569],[12.522917,48.944515],[12.522959,48.944462],[12.523,48.944405],[12.523041,48.944351],[12.52308,48.944294],[12.523118,48.944237],[12.523155,48.944183],[12.523191,48.944126],[12.523226,48.944069],[12.52326,48.944012],[12.523293,48.943954],[12.523326,48.943897],[12.523356,48.94384],[12.523387,48.943783],[12.523416,48.943726],[12.523443,48.943665],[12.523471,48.943607],[12.523497,48.943546],[12.523521,48.943489],[12.523545,48.943428],[12.523568,48.943371],[12.523589,48.94331],[12.52361,48.943253],[12.523629,48.943192],[12.523648,48.94313],[12.523665,48.943069],[12.523682,48.943012],[12.523697,48.942951],[12.523711,48.94289],[12.523725,48.942829],[12.523736,48.942768],[12.523747,48.942707],[12.523757,48.942646],[12.523766,48.942585],[12.523773,48.942524],[12.52378,48.942463],[12.523786,48.942402],[12.523789,48.942341],[12.523793,48.94228],[12.523795,48.942219],[12.523796,48.942158],[12.523796,48.942097],[12.523795,48.942036],[12.523793,48.941975],[12.523789,48.941914],[12.523786,48.941853],[12.52378,48.941792],[12.523773,48.94173],[12.523766,48.941669],[12.523757,48.941608],[12.523747,48.941547],[12.523737,48.941486],[12.523725,48.941425],[12.523711,48.941364],[12.523697,48.941303],[12.523683,48.941242],[12.523665,48.941181],[12.523648,48.941124],[12.52363,48.941063],[12.523611,48.941002],[12.52359,48.940941],[12.523568,48.940884],[12.523545,48.940823],[12.523522,48.940765],[12.523498,48.940704],[12.523472,48.940647],[12.523444,48.940586],[12.523417,48.940529],[12.523388,48.940472],[12.523357,48.940414],[12.523327,48.940357],[12.523294,48.9403],[12.523261,48.940243],[12.523227,48.940186],[12.523192,48.940128],[12.523156,48.940071],[12.523119,48.940014],[12.523081,48.93996],[12.523042,48.939903],[12.523002,48.93985],[12.522961,48.939793],[12.522918,48.939739],[12.522875,48.939686],[12.522831,48.939629],[12.522786,48.939575],[12.52274,48.939522],[12.522694,48.939472],[12.522646,48.939419],[12.522597,48.939365],[12.522547,48.939316],[12.522496,48.939262],[12.522445,48.939213],[12.522392,48.939159],[12.52234,48.93911],[12.522285,48.93906],[12.52223,48.939011],[12.522174,48.938961],[12.522118,48.938915],[12.522059,48.938866],[12.522001,48.93882],[12.521942,48.93877],[12.521882,48.938725],[12.52182,48.938679],[12.521759,48.938633],[12.521696,48.938587],[12.521632,48.938541],[12.521568,48.938499],[12.521503,48.938454],[12.521438,48.938412],[12.521371,48.93837],[12.521303,48.938328],[12.521235,48.938286],[12.521167,48.938244],[12.521097,48.938202],[12.521027,48.938164],[12.520956,48.938122],[12.520884,48.938084],[12.520811,48.938046],[12.520739,48.938007],[12.520665,48.937969],[12.52059,48.937935],[12.520515,48.937897],[12.520439,48.937862],[12.520363,48.937828],[12.520287,48.937794],[12.520208,48.937759],[12.520131,48.937725],[12.520052,48.937695],[12.519973,48.93766],[12.519893,48.93763],[12.519813,48.937599],[12.519732,48.937569],[12.51965,48.937538],[12.516164,48.936295],[12.516064,48.93626],[12.515964,48.936222],[12.515863,48.936184],[12.515764,48.936146],[12.515666,48.936108],[12.515568,48.936069],[12.515471,48.936028],[12.515374,48.935989],[12.515278,48.935947],[12.515182,48.935905],[12.515087,48.935863],[12.514993,48.935818],[12.514899,48.935776],[12.514806,48.93573],[12.514713,48.935684],[12.514622,48.935642],[12.51453,48.935596],[12.51444,48.935547],[12.51435,48.935501],[12.51426,48.935452],[12.514173,48.935406],[12.514085,48.935356],[12.513997,48.935307],[12.513911,48.935257],[12.513825,48.935207],[12.513741,48.935154],[12.513657,48.935104],[12.513573,48.935051],[12.51349,48.935001],[12.513409,48.934948],[12.513328,48.934895],[12.513247,48.934837],[12.513167,48.934784],[12.513088,48.934731],[12.513011,48.934673],[12.512934,48.934616],[12.512857,48.934563],[12.512781,48.934505],[12.512707,48.934448],[12.512633,48.934387],[12.51256,48.93433],[12.512487,48.934273],[12.512417,48.934212],[12.512346,48.934151],[12.512277,48.934093],[12.512208,48.934032],[12.512139,48.933971],[12.512073,48.93391],[12.512007,48.933846],[12.511942,48.933784],[12.511877,48.933723],[12.511814,48.933659],[12.511751,48.933598],[12.51169,48.933533],[12.511629,48.933468],[12.51157,48.933403],[12.511511,48.933338],[12.511453,48.933273],[12.511396,48.933208],[12.51134,48.93314],[12.511285,48.933075],[12.511231,48.933006],[12.511178,48.932941],[12.511126,48.932873],[12.511075,48.932804],[12.511024,48.932735],[12.510976,48.932671],[12.510927,48.932602],[12.51088,48.932529],[12.510835,48.932461],[12.510789,48.932392],[12.510745,48.932323],[12.510702,48.932251],[12.51066,48.932182],[12.510618,48.93211],[12.510578,48.932041],[12.510539,48.931969],[12.510502,48.931896],[12.510465,48.931828],[12.510428,48.931755],[12.510394,48.931683],[12.51036,48.93161],[12.510327,48.931538],[12.510295,48.931465],[12.510264,48.931393],[12.510235,48.93132],[12.510206,48.931244],[12.510179,48.931171],[12.510152,48.931099],[12.510127,48.931026],[12.510102,48.93095],[12.510079,48.930878],[12.510056,48.930801],[12.510041,48.930748],[12.509946,48.930408],[12.509926,48.930336],[12.509907,48.930264],[12.50989,48.930191],[12.509872,48.930119],[12.509857,48.930042],[12.509842,48.92997],[12.509829,48.929897],[12.509816,48.929821],[12.509805,48.929749],[12.509795,48.929676],[12.509786,48.9296],[12.509777,48.929527],[12.50977,48.929455],[12.509765,48.929379],[12.50976,48.929306],[12.509756,48.92923],[12.509753,48.929157],[12.509752,48.929081],[12.509751,48.929008],[12.509752,48.928936],[12.509754,48.92886],[12.509757,48.928787],[12.509761,48.928711],[12.509766,48.928638],[12.509772,48.928566],[12.509779,48.92849],[12.509788,48.928417],[12.509797,48.928341],[12.509808,48.928268],[12.509819,48.928196],[12.509831,48.92812],[12.509845,48.928047],[12.50986,48.927975],[12.509876,48.927902],[12.509892,48.927826],[12.509911,48.927753],[12.50993,48.927681],[12.509951,48.927608],[12.509972,48.927536],[12.509994,48.927464],[12.510017,48.927391],[12.510041,48.927319],[12.510067,48.927246],[12.510094,48.927174],[12.510121,48.927101],[12.51015,48.927029],[12.51018,48.92696],[12.510211,48.926888],[12.510242,48.926815],[12.510276,48.926746],[12.510309,48.926674],[12.510345,48.926605],[12.510381,48.926533],[12.510418,48.926464],[12.510456,48.926395],[12.510495,48.926323],[12.510535,48.926254],[12.51054,48.926247],[12.516857,48.915539],[12.516927,48.915421],[12.516997,48.915302],[12.517069,48.915188],[12.517142,48.91507],[12.517216,48.914955],[12.51729,48.914837],[12.517366,48.914722],[12.517443,48.914608],[12.517521,48.914494],[12.517599,48.914375],[12.517679,48.914265],[12.51776,48.91415],[12.517841,48.914036],[12.517924,48.913921],[12.518008,48.913807],[12.518093,48.913696],[12.518178,48.913582],[12.518265,48.913471],[12.518353,48.913361],[12.518441,48.913246],[12.518531,48.913136],[12.518621,48.913025],[12.518712,48.912914],[12.518805,48.912804],[12.518898,48.912693],[12.518992,48.912586],[12.519088,48.912476],[12.519184,48.912369],[12.519281,48.912258],[12.51938,48.912151],[12.519478,48.912045],[12.519578,48.911938],[12.519679,48.911831],[12.519781,48.911724],[12.519883,48.911617],[12.519987,48.91151],[12.520092,48.911404],[12.520197,48.911301],[12.520304,48.911198],[12.520411,48.911091],[12.520519,48.910988],[12.520628,48.910885],[12.520738,48.910782],[12.520849,48.910679],[12.520961,48.910576],[12.521073,48.910477],[12.521187,48.910374],[12.521301,48.910275],[12.521417,48.910172],[12.52146,48.910137],[12.521532,48.910072],[12.521649,48.909973],[12.521768,48.909874],[12.521886,48.909775],[12.522005,48.909679],[12.522031,48.909657],[12.522367,48.909382],[12.522515,48.909264],[12.522664,48.909145],[12.522814,48.909023],[12.522964,48.908905],[12.523115,48.908787],[12.523268,48.908669],[12.523421,48.908554],[12.523575,48.908436],[12.523729,48.908321],[12.523885,48.908203],[12.524041,48.908089],[12.524199,48.907974],[12.524357,48.90786],[12.524515,48.907745],[12.524675,48.907631],[12.524836,48.90752],[12.524997,48.907406],[12.525159,48.907295],[12.525321,48.907185],[12.525485,48.90707],[12.525649,48.906963],[12.525814,48.906853],[12.52598,48.906742],[12.526147,48.906631],[12.526315,48.906525],[12.526483,48.906418],[12.526651,48.906311],[12.526821,48.906204],[12.526992,48.906097],[12.527163,48.905991],[12.527335,48.905884],[12.527508,48.905781],[12.52768,48.905678],[12.527855,48.905571],[12.528029,48.905468],[12.528206,48.905365],[12.528381,48.905266],[12.528559,48.905163],[12.528736,48.905064],[12.528915,48.904961],[12.529094,48.904861],[12.529274,48.904762],[12.529454,48.904663],[12.529517,48.904629],[12.529615,48.904575],[12.529751,48.904503],[12.529888,48.90443],[12.530025,48.904358],[12.530164,48.904285],[12.530302,48.904217],[12.530441,48.904144],[12.530581,48.904076],[12.530723,48.904003],[12.530864,48.903934],[12.531006,48.90387],[12.531148,48.903801],[12.531292,48.903732],[12.531436,48.903667],[12.53158,48.903603],[12.531725,48.903534],[12.531871,48.903469],[12.532018,48.903408],[12.532165,48.903343],[12.532311,48.903278],[12.53246,48.903217],[12.532609,48.903156],[12.532758,48.903095],[12.532908,48.903034],[12.533058,48.902973],[12.53321,48.902916],[12.533361,48.902855],[12.533513,48.902798],[12.533666,48.90274],[12.533819,48.902683],[12.533973,48.90263],[12.534127,48.902573],[12.534282,48.902519],[12.534437,48.902462],[12.534593,48.902409],[12.534749,48.902359],[12.534905,48.902306],[12.535063,48.902252],[12.535221,48.902203],[12.535239,48.902195],[12.536574,48.901768],[12.536707,48.901726],[12.536839,48.901684],[12.536973,48.901646],[12.537107,48.901604],[12.537241,48.901566],[12.537375,48.901527],[12.537511,48.901489],[12.537646,48.901451],[12.537782,48.901413],[12.537918,48.901379],[12.538054,48.901344],[12.538192,48.901306],[12.538329,48.901276],[12.538467,48.901241],[12.538606,48.901207],[12.538744,48.901176],[12.538883,48.901146],[12.539022,48.901115],[12.539039,48.901112],[12.539178,48.901081],[12.539318,48.901051],[12.539458,48.901024],[12.539599,48.900993],[12.539741,48.900967],[12.539882,48.90094],[12.540023,48.900913],[12.540165,48.90089],[12.540307,48.900867],[12.54045,48.900841],[12.540592,48.900818],[12.540735,48.900795],[12.540878,48.900776],[12.541022,48.900753],[12.541165,48.900734],[12.541309,48.900715],[12.541453,48.900696],[12.541598,48.900677],[12.541742,48.900661],[12.541887,48.900642],[12.542032,48.900627],[12.542177,48.900612],[12.542322,48.900597],[12.542468,48.900585],[12.542613,48.90057],[12.542759,48.900558],[12.542905,48.900547],[12.543051,48.900536],[12.543197,48.900524],[12.543344,48.900517],[12.543489,48.900509],[12.543635,48.900497],[12.543782,48.90049],[12.543929,48.900486],[12.544075,48.900478],[12.544222,48.900475],[12.544369,48.900471],[12.544516,48.900467],[12.544662,48.900463],[12.544762,48.900459],[12.545365,48.900452],[12.545334,48.899624],[12.545262,48.899616],[12.54519,48.899612],[12.545118,48.899605],[12.545047,48.899601],[12.544976,48.899593],[12.544905,48.899586],[12.544834,48.899574],[12.544764,48.899567],[12.544693,48.899555],[12.544622,48.899544],[12.544553,48.899532],[12.544483,48.899521],[12.544414,48.899506],[12.544344,48.899494],[12.544275,48.899479],[12.544208,48.899464],[12.544139,48.899448],[12.544071,48.899433],[12.544004,48.899414],[12.543937,48.899395],[12.543871,48.899376],[12.543805,48.899357],[12.543739,48.899338],[12.543674,48.899319],[12.54361,48.899296],[12.543545,48.899277],[12.543505,48.899261],[12.541825,48.898666],[12.541772,48.898647],[12.541717,48.898632],[12.541662,48.898613],[12.541607,48.898598],[12.541551,48.898582],[12.541494,48.898567],[12.541437,48.898552],[12.541381,48.898537],[12.541323,48.898521],[12.541265,48.89851],[12.541207,48.898499],[12.541148,48.898487],[12.54109,48.898476],[12.541031,48.898468],[12.540971,48.898457],[12.540912,48.898449],[12.540852,48.898441],[12.540792,48.898434],[12.540731,48.898426],[12.540671,48.898422],[12.540611,48.898415],[12.54055,48.898411],[12.540489,48.898407],[12.540428,48.898407],[12.540367,48.898403],[12.540307,48.898403],[12.540246,48.898399],[12.540185,48.898399],[12.540124,48.898403],[12.540063,48.898403],[12.540002,48.898407],[12.539941,48.898407],[12.539881,48.898411],[12.53982,48.898415],[12.539759,48.898422],[12.539699,48.898426],[12.539639,48.898434],[12.539578,48.898441],[12.539518,48.898449],[12.539459,48.898457],[12.5394,48.898464],[12.539341,48.898476],[12.539282,48.898487],[12.539224,48.898499],[12.539165,48.89851],[12.539107,48.898521],[12.53905,48.898537],[12.538993,48.898548],[12.538936,48.898563],[12.538879,48.898579],[12.538823,48.898598],[12.538768,48.898613],[12.538713,48.898632],[12.538658,48.898647],[12.538605,48.898666],[12.538584,48.898674],[12.538489,48.898708],[12.538446,48.898724],[12.53825,48.898796],[12.538011,48.89888],[12.537773,48.898968],[12.537535,48.899059],[12.537298,48.899147],[12.537062,48.899235],[12.536825,48.899326],[12.536806,48.899334],[12.53659,48.899418],[12.536355,48.899509],[12.53612,48.899601],[12.535887,48.899693],[12.535653,48.899784],[12.53542,48.899879],[12.535188,48.899975],[12.534957,48.90007],[12.534725,48.900166],[12.534495,48.900261],[12.534266,48.900356],[12.534036,48.900455],[12.533807,48.900555],[12.533579,48.90065],[12.533352,48.900749],[12.533125,48.900852],[12.532899,48.900951],[12.532673,48.901051],[12.532448,48.901154],[12.532224,48.901257],[12.532,48.90136],[12.531776,48.901463],[12.531554,48.901566],[12.531447,48.901615],[12.531414,48.90163],[12.531387,48.901646],[12.531363,48.901657],[12.531338,48.901672],[12.531314,48.901688],[12.531291,48.901699],[12.531268,48.901718],[12.531247,48.901733],[12.531226,48.901749],[12.531206,48.901764],[12.531187,48.901783],[12.531169,48.901798],[12.531152,48.901817],[12.531136,48.901836],[12.53112,48.901855],[12.531106,48.901875],[12.531093,48.901894],[12.53108,48.901913],[12.53107,48.901932],[12.531059,48.901955],[12.53105,48.901974],[12.531041,48.901993],[12.531034,48.902016],[12.531028,48.902035],[12.531023,48.902058],[12.531019,48.902077],[12.531016,48.9021],[12.531014,48.902122],[12.531014,48.902134],[12.531013,48.902176],[12.531012,48.902206],[12.53101,48.902237],[12.531006,48.902264],[12.531001,48.902294],[12.530995,48.902321],[12.530989,48.902351],[12.530981,48.902378],[12.530972,48.902409],[12.530962,48.902435],[12.530951,48.902462],[12.530939,48.902493],[12.530926,48.902519],[12.530912,48.902546],[12.530897,48.902573],[12.530881,48.902599],[12.530864,48.902626],[12.530846,48.902653],[12.530827,48.902679],[12.530806,48.902706],[12.530785,48.902733],[12.530763,48.902756],[12.53074,48.902782],[12.530716,48.902805],[12.530691,48.902828],[12.530665,48.902851],[12.530639,48.902878],[12.530611,48.902897],[12.530582,48.90292],[12.530554,48.902943],[12.530523,48.902966],[12.530493,48.902985],[12.530461,48.903004],[12.530429,48.903023],[12.530396,48.903042],[12.530362,48.903061],[12.530328,48.90308],[12.530293,48.903099],[12.53028,48.903103],[12.530134,48.903175],[12.529989,48.903244],[12.529845,48.903313],[12.529701,48.903385],[12.529558,48.903458],[12.529416,48.90353],[12.529274,48.903603],[12.529133,48.903675],[12.528993,48.903751],[12.528852,48.903824],[12.528749,48.903881],[12.528649,48.903934],[12.528466,48.904034],[12.528284,48.904137],[12.528102,48.904236],[12.527921,48.904339],[12.52774,48.904442],[12.527561,48.904545],[12.527382,48.904648],[12.527204,48.904751],[12.527026,48.904854],[12.526849,48.904961],[12.526673,48.905064],[12.526498,48.90517],[12.526323,48.905277],[12.526149,48.905384],[12.525976,48.905491],[12.525804,48.905602],[12.525632,48.905708],[12.525461,48.905819],[12.525291,48.905926],[12.525122,48.906036],[12.524953,48.906147],[12.524785,48.906258],[12.524618,48.906372],[12.524452,48.906483],[12.524286,48.906593],[12.524122,48.906708],[12.523958,48.906822],[12.523795,48.906937],[12.523632,48.907051],[12.523471,48.907166],[12.523311,48.90728],[12.52315,48.907398],[12.522991,48.907513],[12.522833,48.907631],[12.522676,48.907749],[12.522519,48.907867],[12.522363,48.907986],[12.522208,48.908104],[12.522054,48.908222],[12.5219,48.908344],[12.521748,48.908463],[12.521596,48.908585],[12.521445,48.908707],[12.521307,48.908817],[12.52097,48.909092],[12.520933,48.909122],[12.520811,48.909222],[12.52069,48.909321],[12.52057,48.909424],[12.520451,48.909527],[12.520332,48.909626],[12.520214,48.909729],[12.520098,48.909832],[12.519981,48.909935],[12.519867,48.910038],[12.519753,48.910145],[12.51964,48.910248],[12.519527,48.910355],[12.519416,48.910458],[12.519305,48.910564],[12.519196,48.910671],[12.519087,48.910778],[12.518979,48.910885],[12.518872,48.910992],[12.518766,48.911098],[12.518661,48.911209],[12.518557,48.911316],[12.518454,48.911427],[12.518352,48.911533],[12.51825,48.911644],[12.518149,48.911755],[12.51805,48.911865],[12.517952,48.911976],[12.517854,48.912086],[12.517757,48.912197],[12.517662,48.912308],[12.517567,48.912422],[12.517473,48.912533],[12.517381,48.912647],[12.517288,48.912762],[12.517198,48.912872],[12.517108,48.912987],[12.517018,48.913101],[12.516931,48.913216],[12.516844,48.91333],[12.516757,48.913448],[12.516672,48.913563],[12.516588,48.913677],[12.516505,48.913795],[12.516423,48.91391],[12.516342,48.914028],[12.516262,48.914146],[12.516183,48.914261],[12.516105,48.914379],[12.516027,48.914497],[12.515951,48.914616],[12.515876,48.914734],[12.515801,48.914852],[12.515729,48.91497],[12.515656,48.915092],[12.515585,48.915211],[12.508852,48.926624],[12.508833,48.926659],[12.508794,48.926727],[12.508755,48.926796],[12.508718,48.926865],[12.50868,48.926937],[12.508645,48.927006],[12.50861,48.927078],[12.508576,48.927147],[12.508544,48.927219],[12.508512,48.927292],[12.508482,48.927361],[12.508452,48.927433],[12.508424,48.927505],[12.508397,48.927578],[12.50837,48.92765],[12.508346,48.927723],[12.508322,48.927795],[12.508298,48.927868],[12.508276,48.92794],[12.508255,48.928013],[12.508236,48.928085],[12.508217,48.928158],[12.508199,48.92823],[12.508183,48.928303],[12.508167,48.928379],[12.508153,48.928452],[12.50814,48.928524],[12.508127,48.9286],[12.508116,48.928673],[12.508105,48.928745],[12.508097,48.928822],[12.508089,48.928894],[12.508081,48.928967],[12.508076,48.929043],[12.508072,48.929115],[12.508068,48.929192],[12.508065,48.929264],[12.508064,48.92934],[12.508063,48.929413],[12.508064,48.929485],[12.508066,48.929562],[12.508069,48.929634],[12.508074,48.92971],[12.508079,48.929783],[12.508085,48.929859],[12.508092,48.929932],[12.508101,48.930004],[12.50811,48.93008],[12.508121,48.930153],[12.508133,48.930225],[12.508145,48.930302],[12.50816,48.930374],[12.508174,48.930447],[12.508194,48.930565],[12.508211,48.930664],[12.508226,48.930744],[12.508243,48.93082],[12.50826,48.930897],[12.508278,48.930977],[12.508297,48.931053],[12.508318,48.931129],[12.508339,48.93121],[12.508362,48.931286],[12.508386,48.931362],[12.50841,48.931438],[12.508435,48.931515],[12.508462,48.931591],[12.508491,48.931667],[12.508519,48.931744],[12.508549,48.93182],[12.50858,48.931896],[12.508613,48.931969],[12.508645,48.932045],[12.508679,48.932121],[12.508715,48.932194],[12.508751,48.93227],[12.508788,48.932346],[12.508826,48.932419],[12.508866,48.932491],[12.508906,48.932568],[12.508948,48.93264],[12.50899,48.932713],[12.509034,48.932785],[12.509078,48.932858],[12.509124,48.93293],[12.509171,48.933002],[12.509218,48.933075],[12.509267,48.933147],[12.509315,48.93322],[12.509366,48.933289],[12.509418,48.933361],[12.50947,48.93343],[12.509523,48.933502],[12.509578,48.933571],[12.509633,48.93364],[12.509689,48.933708],[12.509748,48.933777],[12.509806,48.933846],[12.509865,48.933914],[12.509925,48.933983],[12.509986,48.934048],[12.510048,48.934116],[12.510111,48.934181],[12.510175,48.934246],[12.51024,48.934315],[12.510305,48.93438],[12.510372,48.934444],[12.51044,48.934509],[12.510508,48.934574],[12.510577,48.934635],[12.510648,48.9347],[12.510718,48.934761],[12.510791,48.934826],[12.510863,48.934887],[12.510937,48.934948],[12.511011,48.935009],[12.511086,48.93507],[12.511163,48.935131],[12.51124,48.935188],[12.511318,48.935249],[12.511396,48.935307],[12.511477,48.935368],[12.511557,48.935425],[12.511638,48.935482],[12.51172,48.935539],[12.511803,48.935596],[12.511886,48.93565],[12.51197,48.935707],[12.512055,48.93576],[12.512141,48.935814],[12.512227,48.935867],[12.512315,48.935921],[12.512403,48.935974],[12.512491,48.936028],[12.512581,48.936077],[12.512671,48.936131],[12.512762,48.93618],[12.512854,48.93623],[12.512946,48.936279],[12.513039,48.936329],[12.513133,48.936378],[12.513227,48.936424],[12.513322,48.936474],[12.513417,48.93652],[12.513514,48.936565],[12.513611,48.936611],[12.513708,48.936657],[12.519061,48.939095],[12.519125,48.939121],[12.519189,48.939152],[12.519252,48.939182],[12.519314,48.939213],[12.519375,48.939247],[12.519436,48.939278],[12.519496,48.939312],[12.519555,48.939346],[12.519613,48.939381],[12.519671,48.939415],[12.519729,48.939449],[12.519785,48.939484],[12.51984,48.939522],[12.519896,48.939556],[12.519949,48.939594],[12.520002,48.939632],[12.520055,48.939671],[12.520106,48.939709],[12.520158,48.939747],[12.520207,48.939789],[12.520257,48.939827],[12.520305,48.939869],[12.520352,48.939911],[12.520399,48.939953],[12.520445,48.939995],[12.52049,48.940037],[12.520534,48.940079],[12.520576,48.940121],[12.520618,48.940163],[12.520659,48.940208],[12.5207,48.94025],[12.520739,48.940296],[12.520777,48.940342],[12.520815,48.940388],[12.520851,48.940434],[12.520886,48.940479],[12.520921,48.940525],[12.520954,48.940571],[12.520987,48.940617],[12.521018,48.940666],[12.521049,48.940712],[12.521078,48.940762],[12.521107,48.940807],[12.521134,48.940857],[12.52116,48.940907],[12.521186,48.940952],[12.52121,48.941002],[12.521234,48.941051],[12.521255,48.941101],[12.521276,48.941151],[12.521297,48.9412],[12.521316,48.94125],[12.521334,48.941299],[12.521351,48.941349],[12.521367,48.941402],[12.521381,48.941452],[12.521396,48.941502],[12.521408,48.941555],[12.52142,48.941605],[12.52143,48.941654],[12.52144,48.941708],[12.521448,48.941757],[12.521456,48.941811],[12.521461,48.94186],[12.521466,48.94191],[12.52147,48.941963],[12.521473,48.942013],[12.521475,48.942066],[12.521476,48.942116],[12.521476,48.942169],[12.521474,48.942219],[12.521471,48.942272],[12.521468,48.942322],[12.521463,48.942375],[12.521458,48.942425],[12.52145,48.942478],[12.521442,48.942528],[12.521436,48.94257],[12.521407,48.942719],[12.521398,48.942768],[12.521387,48.942822],[12.521375,48.942871],[12.521362,48.942921],[12.521348,48.94297],[12.521333,48.94302],[12.521317,48.943069],[12.521299,48.943119],[12.521281,48.943165],[12.521261,48.943214],[12.521241,48.943264],[12.521219,48.943314],[12.521197,48.943359],[12.521173,48.943409],[12.521149,48.943459],[12.521123,48.943504],[12.521096,48.94355],[12.521069,48.9436],[12.52104,48.943645],[12.52101,48.943691],[12.52098,48.943737],[12.520947,48.943787],[12.520915,48.943832],[12.520882,48.943874],[12.520846,48.94392],[12.520811,48.943966],[12.520774,48.944012],[12.520737,48.944054],[12.520699,48.944099],[12.520658,48.944141],[12.520618,48.944183],[12.520577,48.944225],[12.520535,48.944271],[12.520492,48.944309],[12.520448,48.944351],[12.520403,48.944393],[12.520357,48.944435],[12.52031,48.944473],[12.520263,48.944515],[12.520214,48.944553],[12.520164,48.944592],[12.520115,48.94463],[12.520064,48.944668],[12.520012,48.944706],[12.519959,48.94474],[12.519906,48.944778],[12.519853,48.944813],[12.519797,48.944851],[12.519742,48.944885],[12.519686,48.94492],[12.519629,48.944954],[12.51957,48.944984],[12.519512,48.945019],[12.519453,48.945049],[12.519393,48.945084],[12.519332,48.945114],[12.519271,48.945145],[12.519209,48.945175],[12.519146,48.945202],[12.519083,48.945232],[12.519019,48.945259],[12.518955,48.945286],[12.51889,48.945312],[12.518825,48.945339],[12.518759,48.945366],[12.518692,48.945389],[12.518624,48.945415],[12.518557,48.945438],[12.518489,48.945461],[12.518419,48.945484],[12.518351,48.945507],[12.518281,48.945526],[12.51821,48.945549],[12.51814,48.945568],[12.518069,48.945587],[12.517998,48.945606],[12.517926,48.945625],[12.517854,48.945641],[12.517781,48.945656],[12.517709,48.945675],[12.517635,48.94569],[12.517562,48.945702],[12.517488,48.945717],[12.517414,48.945728],[12.51734,48.945744],[12.517264,48.945755],[12.51719,48.945766],[12.517115,48.945774],[12.517039,48.945786],[12.516964,48.945793],[12.516888,48.945801],[12.516812,48.945808],[12.516736,48.945816],[12.51666,48.945824],[12.516583,48.945827],[12.516507,48.945831],[12.516431,48.945835],[12.516355,48.945839],[12.516277,48.945843],[12.516234,48.945843],[12.512267,48.94593],[12.51223,48.94593],[12.512057,48.945934],[12.511886,48.945938],[12.511713,48.945946],[12.51154,48.94595],[12.511369,48.945957],[12.511196,48.945965],[12.511024,48.945976],[12.510852,48.945984],[12.51068,48.945995],[12.510509,48.946007],[12.510337,48.946018],[12.510165,48.94603],[12.509994,48.946041],[12.509177,48.946106],[12.509125,48.94611],[12.508993,48.946121],[12.508861,48.946133],[12.508728,48.946144],[12.508596,48.946156],[12.508465,48.946171],[12.508333,48.946186],[12.508202,48.946201],[12.50807,48.946217],[12.507939,48.946232],[12.507809,48.946251],[12.507678,48.946266],[12.507547,48.946285],[12.507418,48.946304],[12.507287,48.946327],[12.507157,48.946346],[12.507029,48.946369],[12.506899,48.946388],[12.50677,48.946411],[12.506642,48.946438],[12.506514,48.946461],[12.506386,48.946487],[12.506258,48.94651],[12.506131,48.946537],[12.506004,48.946564],[12.505877,48.946594],[12.505751,48.946621],[12.505625,48.946651],[12.5055,48.946678],[12.505374,48.946709],[12.505249,48.946739],[12.505125,48.946774],[12.505001,48.946804],[12.504877,48.946838],[12.504754,48.946873],[12.504631,48.946907],[12.504509,48.946941],[12.504387,48.946976],[12.504266,48.947014],[12.504145,48.947052],[12.504025,48.94709],[12.503904,48.947128],[12.503785,48.947166],[12.503666,48.947205],[12.503547,48.947247],[12.503428,48.947285],[12.503311,48.947327],[12.503194,48.947369],[12.503078,48.947414],[12.502962,48.947456],[12.502847,48.947502],[12.502731,48.947544],[12.502617,48.94759],[12.502503,48.947636],[12.50239,48.947681],[12.502277,48.947731],[12.502166,48.947777],[12.502054,48.947826],[12.501944,48.947876],[12.501833,48.947926],[12.501723,48.947975],[12.501615,48.948025],[12.501506,48.948078],[12.501398,48.948128],[12.501291,48.948181],[12.501185,48.948235],[12.50108,48.948288],[12.500975,48.948341],[12.50087,48.948399],[12.500766,48.948452],[12.500663,48.948509],[12.500561,48.948563],[12.50046,48.94862],[12.500359,48.948677],[12.500258,48.948738],[12.500158,48.948795],[12.50006,48.948856],[12.499962,48.948914],[12.499865,48.948975],[12.499768,48.949036],[12.499672,48.949097],[12.499578,48.949158],[12.499483,48.949219],[12.499443,48.949249],[12.499377,48.949291],[12.499312,48.949337],[12.499249,48.949383],[12.499185,48.949429],[12.499123,48.949478],[12.499061,48.949524],[12.499001,48.949574],[12.49894,48.949619],[12.498881,48.949669],[12.498823,48.949718],[12.498766,48.949768],[12.498709,48.949818],[12.498653,48.949867],[12.498599,48.949917],[12.498545,48.94997],[12.498492,48.95002],[12.49844,48.950073],[12.498389,48.950127],[12.498339,48.95018],[12.49829,48.950233],[12.498241,48.950287],[12.498194,48.95034],[12.498148,48.950394],[12.498102,48.950447],[12.498057,48.950504],[12.498014,48.950558],[12.497972,48.950615],[12.49793,48.950668],[12.49789,48.950726],[12.497849,48.950783],[12.497811,48.95084],[12.497773,48.950897],[12.497737,48.950954],[12.497702,48.951012],[12.497666,48.951069],[12.497633,48.95113],[12.497601,48.951187],[12.497569,48.951244],[12.497539,48.951305],[12.497509,48.951363],[12.49748,48.951424],[12.497454,48.951485],[12.497427,48.951542],[12.497402,48.951603],[12.497377,48.951664],[12.497355,48.951725],[12.497333,48.951782],[12.497312,48.951843],[12.497292,48.951904],[12.497272,48.951965],[12.497254,48.952026],[12.497238,48.952087],[12.497222,48.952152],[12.496548,48.954891],[12.496532,48.954952],[12.496516,48.955009],[12.496499,48.95507],[12.496481,48.955128],[12.496461,48.955189],[12.496441,48.955246],[12.496419,48.955307],[12.496396,48.955364],[12.496373,48.955421],[12.496347,48.955482],[12.496322,48.95554],[12.496295,48.955597],[12.496267,48.955654],[12.496239,48.955711],[12.496208,48.955769],[12.496178,48.955826],[12.496145,48.955883],[12.496112,48.95594],[12.496078,48.955994],[12.496043,48.956051],[12.496007,48.956108],[12.49597,48.956161],[12.495932,48.956215],[12.495893,48.956272],[12.495852,48.956326],[12.495811,48.956379],[12.49577,48.956432],[12.495727,48.956486],[12.495683,48.956539],[12.495674,48.956551],[12.497441,48.957199]]]},"properties":{"osm_id":264746356,"osm_type":"way","seamark_type":"fairway","display_class":"OTHER","min_zoom":12,"importance":1,"name":null,"ref":null,"common":{"type":"fairway"},"children":{"fairway":{"information":"Donau"}},"osm_tags":{"seamark:fairway:information":"Donau","seamark:type":"fairway"}}},{"type":"Feature","geometry":{"type":"Polygon","coordinates":[[[12.538366,48.898624],[12.538168,48.898689],[12.538124,48.898701],[12.53811,48.898705],[12.538015,48.898739],[12.537791,48.898811],[12.537616,48.898872],[12.537477,48.898926],[12.537331,48.898979],[12.537285,48.898994],[12.537269,48.898998],[12.537238,48.899014],[12.5371944,48.8990296],[12.537036,48.899086],[12.536809,48.899174],[12.536705,48.899212],[12.536806,48.899334],[12.536825,48.899326],[12.537062,48.899235],[12.537298,48.899147],[12.537535,48.899059],[12.537773,48.898968],[12.538011,48.89888],[12.53825,48.898796],[12.538446,48.898724],[12.538366,48.898624]]]},"properties":{"osm_id":264746386,"osm_type":"way","seamark_type":"restricted_area","display_class":"OTHER","min_zoom":12,"importance":1,"name":null,"ref":null,"common":{"type":"restricted_area"},"children":{"restricted_area":{"restriction":"no_berthing"}},"osm_tags":{"seamark:restricted_area:restriction":"no_berthing","seamark:type":"restricted_area"}}},{"type":"Feature","geometry":{"type":"Polygon","coordinates":[[[12.511818,48.924873],[12.511814,48.924881],[12.51181,48.924889],[12.511807,48.924892],[12.511805,48.9249],[12.511799,48.924908],[12.511792,48.924911],[12.511783,48.924919],[12.511755,48.924927],[12.51173,48.924965],[12.511684,48.925053],[12.511612,48.925167],[12.511537,48.925289],[12.511465,48.925404],[12.5114,48.925514],[12.511338,48.925625],[12.511268,48.925739],[12.511203,48.925858],[12.51112,48.926003],[12.511054,48.926121],[12.510983,48.926243],[12.510891,48.926392],[12.510815,48.926517],[12.510751,48.926628],[12.510688,48.926723],[12.51064,48.926807],[12.510624,48.926853],[12.510616,48.926876],[12.510171,48.9286],[12.510147,48.928623],[12.510134,48.92865],[12.510116,48.928722],[12.510098,48.928814],[12.51008,48.928917],[12.510062,48.929005],[12.510055,48.92907],[12.510059,48.929092],[12.510066,48.929108],[12.51009,48.929131],[12.510126,48.92915],[12.510159,48.929157],[12.511305,48.929306],[12.511349,48.929253],[12.511378,48.929199],[12.511386,48.929169],[12.511389,48.929142],[12.511377,48.929119],[12.511359,48.929111],[12.511314,48.929108],[12.511276,48.9291],[12.511267,48.929092],[12.511271,48.929085],[12.511283,48.929081],[12.511304,48.929081],[12.511337,48.929089],[12.511384,48.9291],[12.51139,48.929096],[12.511403,48.929089],[12.511421,48.929073],[12.511442,48.929047],[12.511463,48.929008],[12.511483,48.928947],[12.511502,48.92889],[12.511524,48.928829],[12.511557,48.928761],[12.511569,48.928703],[12.511579,48.928646],[12.511574,48.928635],[12.511557,48.928627],[12.511534,48.928623],[12.5115,48.928616],[12.511488,48.928608],[12.511489,48.928596],[12.5115,48.928593],[12.511518,48.928596],[12.511554,48.9286],[12.51157,48.928596],[12.511598,48.928577],[12.511625,48.928555],[12.511644,48.92852],[12.511671,48.928452],[12.511719,48.928341],[12.511775,48.928211],[12.511812,48.928127],[12.511833,48.928066],[12.511832,48.92804],[12.511827,48.928028],[12.511813,48.92802],[12.511808,48.928013],[12.511827,48.927975],[12.511854,48.927921],[12.511894,48.927845],[12.511946,48.92775],[12.512002,48.927654],[12.512087,48.927505],[12.512112,48.92746],[12.512132,48.927437],[12.512135,48.927429],[12.512137,48.92741],[12.512146,48.92738],[12.512164,48.927338],[12.51221,48.927246],[12.512258,48.927151],[12.512312,48.927044],[12.512359,48.92696],[12.512406,48.926865],[12.512466,48.926754],[12.512507,48.926666],[12.512571,48.926559],[12.512601,48.926529],[12.512631,48.926476],[12.512657,48.926418],[12.512674,48.926384],[12.512725,48.926292],[12.512836,48.926064],[12.512973,48.925816],[12.513087,48.925602],[12.513157,48.925468],[12.513203,48.925385],[12.513236,48.925304],[12.513288,48.925201],[12.513357,48.925072],[12.513406,48.92498],[12.513448,48.924885],[12.513502,48.924782],[12.513538,48.924709],[12.513579,48.924633],[12.513587,48.924622],[12.513638,48.92453],[12.513702,48.924419],[12.513749,48.924328],[12.513783,48.924255],[12.513809,48.924202],[12.513827,48.924156],[12.513932,48.923958],[12.513968,48.923893],[12.51401,48.923817],[12.514096,48.923664],[12.514163,48.923542],[12.514231,48.923409],[12.514304,48.923275],[12.514383,48.923122],[12.514443,48.923012],[12.514477,48.922943],[12.51449,48.922913],[12.514494,48.922909],[12.514499,48.922909],[12.514508,48.922905],[12.514529,48.922897],[12.514544,48.922894],[12.514552,48.92289],[12.51456,48.922886],[12.514571,48.922878],[12.514584,48.922863],[12.514592,48.922848],[12.514593,48.922832],[12.514592,48.922821],[12.514587,48.922813],[12.514578,48.922802],[12.514567,48.922791],[12.514565,48.922771],[12.514583,48.922741],[12.514599,48.922707],[12.514627,48.922646],[12.514657,48.922577],[12.514675,48.922539],[12.514707,48.922474],[12.514755,48.922375],[12.514783,48.922314],[12.5149,48.922119],[12.515017,48.921906],[12.515105,48.921753],[12.515144,48.921673],[12.515174,48.921612],[12.515211,48.921535],[12.51526,48.921448],[12.515306,48.921356],[12.515374,48.921227],[12.515452,48.921078],[12.515503,48.921005],[12.515526,48.920952],[12.515574,48.920864],[12.515637,48.920738],[12.515702,48.920609],[12.515739,48.920528],[12.51578,48.920486],[12.515796,48.920467],[12.515811,48.920425],[12.515867,48.920319],[12.515935,48.920189],[12.515968,48.920101],[12.515996,48.92004],[12.516012,48.920013],[12.516023,48.920002],[12.516051,48.919998],[12.51608,48.920002],[12.516089,48.920002],[12.516099,48.919998],[12.516118,48.919971],[12.516121,48.919952],[12.516114,48.919941],[12.516092,48.91993],[12.516072,48.919918],[12.516066,48.919907],[12.516077,48.919884],[12.516122,48.919811],[12.516146,48.919773],[12.516175,48.919724],[12.516215,48.919655],[12.516244,48.919609],[12.516255,48.919582],[12.516253,48.919556],[12.516259,48.919533],[12.516304,48.919453],[12.516387,48.9193],[12.516451,48.919182],[12.516486,48.919113],[12.51651,48.919083],[12.516528,48.919075],[12.516562,48.919022],[12.516639,48.918873],[12.516655,48.918823],[12.516679,48.918747],[12.516725,48.918663],[12.516787,48.918556],[12.516837,48.918457],[12.51689,48.918373],[12.516894,48.918346],[12.516898,48.918316],[12.516916,48.918282],[12.516956,48.918205],[12.516992,48.918137],[12.517018,48.918079],[12.5170498,48.9180334],[12.5171168,48.9179119],[12.517146,48.917847],[12.517166,48.917805],[12.516479,48.917496],[12.516447,48.917488],[12.51641,48.917488],[12.516379,48.917488],[12.516362,48.917492],[12.516341,48.917503],[12.516306,48.91753],[12.516259,48.917572],[12.516155,48.917679],[12.516074,48.91777],[12.515994,48.917858],[12.515944,48.917908],[12.515906,48.91795],[12.515892,48.917973],[12.515296,48.9188],[12.515216,48.918907],[12.515134,48.919041],[12.515036,48.919197],[12.514934,48.919361],[12.514839,48.91951],[12.514698,48.919739],[12.514631,48.919865],[12.514549,48.920036],[12.514469,48.920204],[12.514402,48.920338],[12.514384,48.920376],[12.514378,48.920395],[12.514163,48.920784],[12.514134,48.920826],[12.514107,48.920876],[12.514067,48.920937],[12.514013,48.921036],[12.513957,48.921139],[12.513879,48.92128],[12.513797,48.921421],[12.513737,48.921532],[12.513662,48.921669],[12.513557,48.921852],[12.513548,48.921864],[12.513522,48.921925],[12.51339,48.922165],[12.5133,48.922314],[12.5131905,48.9224844],[12.512923,48.922924],[12.512907,48.922943],[12.512897,48.922981],[12.51288,48.923008],[12.512859,48.923038],[12.512792,48.923168],[12.512742,48.923267],[12.512616,48.923454],[12.512476,48.923679],[12.512355,48.923882],[12.512231,48.924088],[12.512162,48.924202],[12.512086,48.924328],[12.512051,48.924385],[12.512047,48.924393],[12.512036,48.924416],[12.51203,48.924442],[12.511818,48.924873]]]},"properties":{"osm_id":264746387,"osm_type":"way","seamark_type":"restricted_area","display_class":"OTHER","min_zoom":12,"importance":1,"name":null,"ref":null,"common":{"type":"restricted_area"},"children":{"restricted_area":{"restriction":"no_entry"}},"osm_tags":{"seamark:restricted_area:restriction":"no_entry","seamark:type":"restricted_area"}}},{"type":"Feature","geometry":{"type":"Polygon","coordinates":[[[12.536705,48.899212],[12.536694,48.899216],[12.536613,48.899246],[12.536457,48.899307],[12.536442,48.899311],[12.536432,48.899315],[12.536265,48.89938],[12.536097,48.899445],[12.535851,48.89954],[12.5357748,48.89957],[12.535648,48.89962],[12.535637,48.899624],[12.535624,48.899632],[12.535401,48.899719],[12.53525,48.899784],[12.535063,48.899857],[12.534948,48.899902],[12.534925,48.899914],[12.53527,48.90028],[12.535402,48.900227],[12.535593,48.90015],[12.535748,48.900085],[12.535966,48.899998],[12.535988,48.89999],[12.536,48.899982],[12.536183,48.89991],[12.536423,48.899818],[12.536595,48.899754],[12.536784,48.899681],[12.536941,48.89962],[12.53702,48.89959],[12.536806,48.899334],[12.536705,48.899212]]]},"properties":{"osm_id":264746388,"osm_type":"way","seamark_type":"berth","display_class":"OTHER","min_zoom":12,"importance":1,"name":null,"ref":null,"common":{"type":"berth"},"children":{"berth":{"category":"non-pushing-navigation","class":"no_blue","name":"Straubing","vertical_datum":"hshw_dhsw"}},"osm_tags":{"seamark:berth:category":"non-pushing-navigation","seamark:berth:class":"no_blue","seamark:berth:name":"Straubing","seamark:berth:vertical_datum":"hshw_dhsw","seamark:type":"berth"}}},{"type":"Feature","geometry":{"type":"Polygon","coordinates":[[[12.534925,48.899914],[12.534859,48.89994],[12.534824,48.899956],[12.534811,48.89996],[12.534708,48.900002],[12.534512,48.900085],[12.534358,48.900154],[12.534263,48.9001943],[12.53416,48.900238],[12.534025,48.900295],[12.534012,48.900299],[12.533987,48.900311],[12.53382,48.900383],[12.533652,48.900459],[12.533447,48.900547],[12.53329,48.900616],[12.533229,48.900639],[12.533216,48.900646],[12.533089,48.900703],[12.5328959,48.9007884],[12.532645,48.900902],[12.532469,48.900982],[12.532439,48.900993],[12.532426,48.901001],[12.532288,48.901066],[12.532205,48.9011],[12.532555,48.901466],[12.532659,48.901421],[12.53282,48.901348],[12.532836,48.90134],[12.533014,48.901257],[12.533248,48.901154],[12.533455,48.901062],[12.533581,48.901005],[12.533647,48.900978],[12.533807,48.900906],[12.534014,48.900818],[12.534184,48.900742],[12.534341,48.900673],[12.534357,48.900669],[12.53438,48.900658],[12.534388,48.900654],[12.534515,48.9006],[12.534715,48.900513],[12.534868,48.900448],[12.535058,48.900368],[12.535157,48.900326],[12.535192,48.900311],[12.535218,48.900299],[12.53527,48.90028],[12.534925,48.899914]]]},"properties":{"osm_id":264746389,"osm_type":"way","seamark_type":"berth","display_class":"OTHER","min_zoom":12,"importance":1,"name":null,"ref":null,"common":{"type":"berth"},"children":{"berth":{"category":"pushing-navigation","class":"no_blue","name":"Straubing","vertical_datum":"hshw_dhsw"}},"osm_tags":{"seamark:berth:category":"pushing-navigation","seamark:berth:class":"no_blue","seamark:berth:name":"Straubing","seamark:berth:vertical_datum":"hshw_dhsw","seamark:type":"berth"}}},{"type":"Feature","geometry":{"type":"Polygon","coordinates":[[[12.521594,48.92615],[12.5215619,48.9261861],[12.5215637,48.9262026],[12.5215837,48.9262108],[12.521608,48.9262037],[12.52164,48.9261676],[12.521594,48.92615]]]},"properties":{"osm_id":264746399,"osm_type":"way","seamark_type":"landmark","display_class":"OTHER","min_zoom":12,"importance":1,"name":null,"ref":null,"common":{"type":"landmark"},"children":{"landmark":{"category":"tower","conspicuity":"conspicuous","function":"church"}},"osm_tags":{"building":"yes","seamark:landmark:category":"tower","seamark:landmark:conspicuity":"conspicuous","seamark:landmark:function":"church","seamark:type":"landmark"}}},{"type":"Feature","geometry":{"type":"Polygon","coordinates":[[[12.5056978,48.8882795],[12.5057504,48.8882783],[12.5057514,48.888298],[12.5058983,48.8882945],[12.505894,48.8882154],[12.5057476,48.8882188],[12.5057483,48.8882311],[12.5056953,48.8882324],[12.5056978,48.8882795]]]},"properties":{"osm_id":264746401,"osm_type":"way","seamark_type":"landmark","display_class":"OTHER","min_zoom":12,"importance":1,"name":null,"ref":null,"common":{"type":"landmark"},"children":{"landmark":{"category":"tower","conspicuity":"conspicuous","function":"church"}},"osm_tags":{"building":"yes","seamark:landmark:category":"tower","seamark:landmark:conspicuity":"conspicuous","seamark:landmark:function":"church","seamark:type":"landmark"}}},{"type":"Feature","geometry":{"type":"Polygon","coordinates":[[[12.393241,48.981335],[12.404842,48.982647],[12.405055,48.982666],[12.405323,48.982689],[12.405591,48.9827],[12.40586,48.982708],[12.406129,48.982708],[12.406398,48.9827],[12.406666,48.982685],[12.406933,48.982662],[12.407198,48.982632],[12.407461,48.982594],[12.407722,48.982552],[12.40798,48.982502],[12.408235,48.982445],[12.408485,48.98238],[12.408732,48.982307],[12.408975,48.982231],[12.409211,48.982147],[12.409443,48.982059],[12.409669,48.98196],[12.409889,48.981861],[12.410103,48.98175],[12.410309,48.98164],[12.410509,48.981522],[12.410701,48.981396],[12.412014,48.980511],[12.412018,48.980507],[12.412292,48.980328],[12.412574,48.980156],[12.412863,48.979988],[12.413158,48.979824],[12.413462,48.979664],[12.413772,48.979511],[12.414087,48.979366],[12.41453,48.979172],[12.415091,48.978931],[12.415657,48.978695],[12.416229,48.978466],[12.416807,48.978245],[12.417391,48.978031],[12.417979,48.977821],[12.418573,48.977615],[12.419171,48.977421],[12.419775,48.97723],[12.420383,48.977047],[12.420996,48.976868],[12.421613,48.9767],[12.422234,48.976536],[12.422859,48.976376],[12.423573,48.9762],[12.424417,48.975983],[12.425257,48.975758],[12.426093,48.975525],[12.426924,48.975288],[12.427751,48.975044],[12.428573,48.974792],[12.42939,48.974537],[12.430203,48.974274],[12.431011,48.974003],[12.431999,48.973667],[12.432031,48.973656],[12.432613,48.973454],[12.433189,48.973248],[12.433762,48.973034],[12.434327,48.972813],[12.434888,48.972584],[12.435442,48.972351],[12.43599,48.972111],[12.436533,48.971867],[12.437069,48.971615],[12.437599,48.971359],[12.439259,48.970543],[12.439364,48.97049],[12.439763,48.970299],[12.440167,48.970116],[12.440578,48.96994],[12.440995,48.969769],[12.441418,48.969601],[12.441846,48.96944],[12.442279,48.969288],[12.442718,48.969143],[12.443161,48.969002],[12.443608,48.968868],[12.44406,48.968742],[12.444517,48.96862],[12.444978,48.968506],[12.445441,48.968399],[12.445909,48.9683],[12.44638,48.968208],[12.446854,48.968121],[12.44733,48.96804],[12.449563,48.967686],[12.449641,48.967674],[12.449811,48.967648],[12.450207,48.967594],[12.450605,48.967545],[12.451006,48.967506],[12.451408,48.967472],[12.451811,48.967445],[12.452215,48.967426],[12.452621,48.967415],[12.453025,48.967411],[12.45343,48.967411],[12.453835,48.967422],[12.45424,48.967438],[12.460228,48.967743],[12.460493,48.967751],[12.460777,48.967754],[12.461061,48.967751],[12.461345,48.967743],[12.461627,48.967724],[12.461908,48.967701],[12.462188,48.967667],[12.462465,48.967628],[12.462741,48.967583],[12.463013,48.967529],[12.463282,48.967468],[12.463547,48.967403],[12.463808,48.967331],[12.464066,48.967251],[12.464317,48.967163],[12.464563,48.967072],[12.464805,48.966972],[12.46504,48.966869],[12.465268,48.966759],[12.46549,48.96664],[12.465635,48.96656],[12.465833,48.966442],[12.466023,48.966316],[12.466205,48.96619],[12.466379,48.966053],[12.466545,48.965916],[12.466702,48.965775],[12.466849,48.965626],[12.466989,48.965477],[12.467115,48.965328],[12.467346,48.96505],[12.467567,48.964771],[12.467779,48.964485],[12.46798,48.964199],[12.468172,48.963909],[12.468354,48.963615],[12.468525,48.963318],[12.468686,48.96302],[12.468837,48.962719],[12.468978,48.962418],[12.469108,48.962112],[12.469193,48.961887],[12.469273,48.961655],[12.469341,48.961418],[12.469399,48.961178],[12.469447,48.960938],[12.469483,48.960697],[12.469509,48.960457],[12.469523,48.960217],[12.469527,48.959976],[12.469517,48.959793],[12.469494,48.959564],[12.46946,48.959339],[12.469416,48.959114],[12.46936,48.958893],[12.469138,48.958076],[12.469106,48.957951],[12.469029,48.957634],[12.468965,48.957321],[12.46891,48.957005],[12.468867,48.956684],[12.468835,48.956367],[12.468813,48.956047],[12.468812,48.956013],[12.468812,48.95586],[12.468822,48.955704],[12.468844,48.955547],[12.468877,48.955395],[12.468921,48.955242],[12.468975,48.95509],[12.469039,48.954941],[12.469114,48.954792],[12.4692,48.954647],[12.469296,48.954502],[12.4694,48.954365],[12.469516,48.954227],[12.46964,48.954098],[12.469774,48.953968],[12.469916,48.953842],[12.470067,48.953724],[12.470226,48.953609],[12.470394,48.953499],[12.470569,48.953392],[12.47075,48.953293],[12.470939,48.953201],[12.471134,48.953114],[12.471335,48.95303],[12.471541,48.952953],[12.471753,48.952885],[12.47197,48.95282],[12.47219,48.952766],[12.472414,48.952717],[12.472642,48.952671],[12.472872,48.952637],[12.473104,48.95261],[12.473338,48.952587],[12.473574,48.952572],[12.47381,48.952564],[12.474047,48.952564],[12.474282,48.952572],[12.474518,48.952587],[12.474752,48.952606],[12.474985,48.952637],[12.475215,48.952671],[12.475443,48.952713],[12.475667,48.952763],[12.475887,48.95282],[12.476104,48.952885],[12.476315,48.952953],[12.476522,48.95303],[12.476724,48.95311],[12.476918,48.953197],[12.477107,48.953293],[12.477289,48.953392],[12.477465,48.953495],[12.477632,48.953606],[12.477791,48.95372],[12.477942,48.953842],[12.478085,48.953964],[12.478218,48.954094],[12.478343,48.954227],[12.482346,48.958702],[12.482451,48.958817],[12.482601,48.958965],[12.48276,48.959114],[12.482928,48.959255],[12.483105,48.959393],[12.483289,48.959526],[12.483481,48.959652],[12.483681,48.959774],[12.483889,48.959892],[12.484102,48.960003],[12.484324,48.96011],[12.48455,48.960209],[12.484784,48.960304],[12.485023,48.960392],[12.485266,48.960472],[12.485514,48.960548],[12.485766,48.960613],[12.486023,48.960678],[12.486283,48.960732],[12.486547,48.960777],[12.486813,48.960819],[12.487082,48.960854],[12.487351,48.96088],[12.487622,48.960899],[12.487895,48.960911],[12.488168,48.960918],[12.488441,48.960915],[12.488714,48.960907],[12.488986,48.960888],[12.489257,48.960865],[12.489526,48.960835],[12.489793,48.960796],[12.490057,48.960754],[12.490319,48.960701],[12.490577,48.960644],[12.490831,48.960579],[12.491082,48.960506],[12.493025,48.959919],[12.493303,48.959827],[12.493591,48.959732],[12.493874,48.959625],[12.49415,48.959515],[12.494421,48.959396],[12.494686,48.95927],[12.494945,48.959145],[12.495195,48.959007],[12.49544,48.958866],[12.495677,48.958721],[12.495907,48.958572],[12.496129,48.958416],[12.496343,48.958252],[12.496548,48.958088],[12.496744,48.95792],[12.496932,48.957745],[12.497111,48.957565],[12.497281,48.957382],[12.497441,48.957199],[12.495674,48.956551],[12.495669,48.956554],[12.495522,48.956722],[12.495367,48.956882],[12.495203,48.957039],[12.495029,48.957195],[12.494847,48.957344],[12.494657,48.957485],[12.494458,48.957626],[12.494251,48.95776],[12.494038,48.95789],[12.493816,48.958012],[12.493588,48.95813],[12.493354,48.958244],[12.493113,48.958351],[12.492866,48.95845],[12.492613,48.958546],[12.492355,48.958633],[12.492093,48.958714],[12.491826,48.95879],[12.490601,48.959118],[12.490497,48.959145],[12.490264,48.959198],[12.490027,48.959248],[12.489788,48.959286],[12.489547,48.95932],[12.489303,48.959347],[12.489058,48.959366],[12.488811,48.959381],[12.488564,48.959385],[12.488317,48.959385],[12.48807,48.959373],[12.487823,48.959358],[12.487578,48.959335],[12.487335,48.959305],[12.487095,48.959267],[12.486856,48.959225],[12.486622,48.959171],[12.486391,48.959114],[12.486164,48.959049],[12.485942,48.958977],[12.485724,48.9589],[12.485513,48.958817],[12.485307,48.958725],[12.485106,48.95863],[12.484913,48.95853],[12.484727,48.958424],[12.484548,48.958309],[12.484377,48.958191],[12.484214,48.958069],[12.484058,48.957943],[12.483912,48.957813],[12.483775,48.957676],[12.483647,48.957535],[12.479977,48.953331],[12.479927,48.953274],[12.479781,48.953121],[12.479627,48.952969],[12.479464,48.952824],[12.479291,48.952682],[12.479111,48.952545],[12.478922,48.952412],[12.478725,48.952286],[12.478521,48.952164],[12.47831,48.952045],[12.478091,48.951935],[12.477867,48.951828],[12.477636,48.951729],[12.4774,48.951637],[12.477158,48.95155],[12.476911,48.951469],[12.47666,48.951393],[12.476403,48.951328],[12.476144,48.951267],[12.475881,48.951214],[12.475614,48.951164],[12.475345,48.951126],[12.475074,48.951092],[12.474801,48.951065],[12.474526,48.951046],[12.474252,48.951035],[12.473976,48.951031],[12.4737,48.951035],[12.473425,48.951042],[12.47315,48.951061],[12.472877,48.951084],[12.472605,48.951115],[12.472336,48.951153],[12.472069,48.951199],[12.471805,48.951252],[12.471543,48.951309],[12.471287,48.951378],[12.471034,48.95145],[12.470785,48.951527],[12.470542,48.951614],[12.470304,48.951706],[12.470072,48.951801],[12.469846,48.951908],[12.469625,48.952015],[12.469413,48.952133],[12.469207,48.952251],[12.469008,48.952377],[12.468818,48.952511],[12.468635,48.952644],[12.46846,48.952785],[12.468294,48.95293],[12.468137,48.953079],[12.467989,48.953236],[12.467851,48.953392],[12.467722,48.953552],[12.467603,48.953716],[12.467493,48.95388],[12.467429,48.953983],[12.467424,48.953991],[12.467322,48.954166],[12.467232,48.954346],[12.46715,48.954521],[12.467079,48.954704],[12.467019,48.954887],[12.46697,48.95507],[12.466932,48.955257],[12.466905,48.955441],[12.466887,48.955627],[12.466882,48.955814],[12.466887,48.956001],[12.466903,48.956188],[12.466929,48.956375],[12.466968,48.956558],[12.467016,48.956745],[12.467588,48.958691],[12.467654,48.958931],[12.467712,48.959183],[12.467759,48.959435],[12.467795,48.95969],[12.46782,48.959942],[12.467834,48.960197],[12.467837,48.960453],[12.46783,48.960705],[12.467811,48.96096],[12.467781,48.961212],[12.467741,48.961468],[12.46769,48.96172],[12.467624,48.962013],[12.467591,48.962143],[12.467534,48.962337],[12.467467,48.962532],[12.467389,48.962723],[12.4673,48.96291],[12.467201,48.963097],[12.467093,48.96328],[12.466973,48.963463],[12.466845,48.963638],[12.466705,48.963814],[12.466557,48.963985],[12.466399,48.964153],[12.466231,48.964317],[12.466056,48.964478],[12.465871,48.964634],[12.465677,48.964787],[12.465396,48.964996],[12.46523,48.965118],[12.465056,48.965233],[12.464876,48.96534],[12.464687,48.965443],[12.464493,48.965542],[12.464292,48.965633],[12.464084,48.965721],[12.463871,48.965801],[12.463827,48.965816],[12.463571,48.965904],[12.463279,48.965996],[12.462982,48.966084],[12.462682,48.96616],[12.462378,48.966232],[12.46207,48.966301],[12.461758,48.966358],[12.461444,48.966412],[12.461127,48.966457],[12.460809,48.966496],[12.460488,48.966526],[12.460166,48.966549],[12.459844,48.966564],[12.459519,48.966576],[12.459196,48.966576],[12.458872,48.966572],[12.454224,48.966446],[12.454024,48.966442],[12.453535,48.966434],[12.453047,48.966438],[12.452559,48.966446],[12.45207,48.966461],[12.451583,48.96648],[12.451097,48.966511],[12.450611,48.966549],[12.450127,48.966591],[12.449644,48.966644],[12.449515,48.96666],[12.449163,48.966702],[12.448686,48.966766],[12.448209,48.966839],[12.446687,48.967079],[12.446671,48.967083],[12.44622,48.967159],[12.445772,48.967239],[12.445328,48.967331],[12.444886,48.967426],[12.444448,48.967529],[12.444014,48.96764],[12.443583,48.967754],[12.443157,48.96788],[12.442737,48.96801],[12.44232,48.968143],[12.441908,48.968288],[12.441502,48.968437],[12.4411,48.96859],[12.440705,48.968754],[12.440315,48.968918],[12.439932,48.969093],[12.439555,48.969273],[12.439184,48.969456],[12.437167,48.97049],[12.436902,48.970623],[12.436376,48.970882],[12.435843,48.971138],[12.435304,48.971386],[12.434757,48.97163],[12.434206,48.971863],[12.433648,48.972095],[12.433085,48.972321],[12.432516,48.972538],[12.431942,48.972748],[12.431863,48.972778],[12.431069,48.973061],[12.43027,48.973335],[12.429466,48.973606],[12.428658,48.973869],[12.427844,48.974125],[12.427025,48.974377],[12.426203,48.974617],[12.425375,48.974857],[12.424543,48.975086],[12.423707,48.975311],[12.418563,48.976662],[12.418531,48.976669],[12.418158,48.976772],[12.417789,48.976883],[12.417423,48.976997],[12.417063,48.977123],[12.416708,48.977249],[12.416359,48.977386],[12.416015,48.977528],[12.415192,48.977875],[12.414838,48.978027],[12.41433,48.978252],[12.41383,48.978481],[12.413336,48.978718],[12.412848,48.978958],[12.412367,48.979206],[12.411892,48.979462],[12.411425,48.979721],[12.410965,48.979984],[12.410512,48.980255],[12.410066,48.98053],[12.410035,48.980549],[12.409841,48.980663],[12.409639,48.980774],[12.409431,48.980881],[12.409216,48.980976],[12.408995,48.981071],[12.408768,48.981155],[12.408536,48.981239],[12.408299,48.981312],[12.408058,48.98138],[12.407813,48.981438],[12.407564,48.981495],[12.407459,48.981514],[12.407158,48.981567],[12.406853,48.981617],[12.406547,48.981655],[12.406238,48.981689],[12.405928,48.981716],[12.405617,48.981735],[12.405304,48.981747],[12.404991,48.98175],[12.404678,48.981747],[12.404366,48.981739],[12.404055,48.98172],[12.403744,48.981697],[12.403435,48.981667],[12.39345,48.980537],[12.393241,48.981335]]]},"properties":{"osm_id":264762942,"osm_type":"way","seamark_type":"fairway","display_class":"OTHER","min_zoom":12,"importance":1,"name":null,"ref":null,"common":{"type":"fairway"},"children":{"fairway":{"information":"Donau"}},"osm_tags":{"seamark:fairway:information":"Donau","seamark:type":"fairway"}}},{"type":"Feature","geometry":{"type":"Polygon","coordinates":[[[12.335309,48.975613],[12.340135,48.976471],[12.3403,48.976448],[12.340554,48.976418],[12.340808,48.976391],[12.341125,48.976364],[12.341336,48.976353],[12.341347,48.976353],[12.341362,48.976357],[12.34137,48.97636],[12.341352,48.976387],[12.341316,48.976425],[12.341301,48.976448],[12.341301,48.97646],[12.341313,48.976475],[12.341331,48.976479],[12.341357,48.976486],[12.34138,48.976486],[12.3414,48.976486],[12.341411,48.976482],[12.341421,48.976479],[12.341432,48.976475],[12.341466,48.976463],[12.341568,48.976414],[12.341676,48.976368],[12.34173,48.976349],[12.341765,48.976341],[12.341783,48.976337],[12.341804,48.976334],[12.341826,48.976334],[12.341863,48.97633],[12.342136,48.976326],[12.342628,48.976326],[12.343124,48.976322],[12.343192,48.976326],[12.343405,48.976322],[12.3434701,48.9761936],[12.3434947,48.9761651],[12.34352,48.976143],[12.3435359,48.9761328],[12.3435693,48.9761175],[12.3436389,48.9761023],[12.3438706,48.9761043],[12.3440338,48.9761069],[12.3444919,48.9761065],[12.3444956,48.9761296],[12.3445171,48.9761527],[12.344547,48.9761787],[12.344613,48.9762177],[12.344703,48.9762362],[12.3448784,48.9762402],[12.344992,48.9762434],[12.3453195,48.9762245],[12.3454714,48.9762293],[12.3458951,48.9762428],[12.346385,48.976257],[12.3479969,48.9744529],[12.3479649,48.9744492],[12.3476372,48.9744114],[12.3474535,48.9743981],[12.3471508,48.9743774],[12.346822,48.974358],[12.3466227,48.9743477],[12.346458,48.9743786],[12.3459153,48.974353],[12.3454288,48.9743322],[12.3445832,48.974342],[12.344582,48.9743856],[12.3445333,48.9743853],[12.3445189,48.9743853],[12.3444416,48.9743843],[12.3443522,48.9743836],[12.3443437,48.9748912],[12.3445122,48.9748925],[12.3445753,48.974893],[12.3445749,48.9749236],[12.3445118,48.9749232],[12.3441455,48.974919],[12.3440491,48.974918],[12.3439268,48.9749165],[12.3439343,48.9743732],[12.3438692,48.9743729],[12.3438384,48.974368],[12.3438135,48.9743629],[12.3437947,48.9743531],[12.3437824,48.9743411],[12.3437747,48.9743302],[12.343767,48.9743152],[12.3437639,48.9742436],[12.3437074,48.9742415],[12.3431812,48.9741558],[12.3429862,48.9741576],[12.3428148,48.9741642],[12.3426893,48.9741749],[12.3425051,48.9741929],[12.3421333,48.9742747],[12.341825,48.9743604],[12.341372,48.9744832],[12.34129,48.9745067],[12.341179,48.9745296],[12.341069,48.9745522],[12.340906,48.9745771],[12.340476,48.9746276],[12.3402611,48.9746503],[12.339624,48.9747352],[12.339437,48.9747599],[12.339285,48.9747849],[12.338702,48.9748834],[12.3385369,48.974911],[12.3378138,48.9750573],[12.337272,48.975159],[12.336895,48.975239],[12.336681,48.975288],[12.336551,48.975315],[12.336329,48.975368],[12.336103,48.975418],[12.335924,48.975456],[12.335628,48.975533],[12.335479,48.975571],[12.335309,48.975613]]]},"properties":{"osm_id":265418624,"osm_type":"way","seamark_type":"restricted_area","display_class":"OTHER","min_zoom":12,"importance":1,"name":null,"ref":null,"common":{"type":"restricted_area"},"children":{"restricted_area":{"restriction":"no_entry"}},"osm_tags":{"seamark:restricted_area:restriction":"no_entry","seamark:type":"restricted_area"}}},{"type":"Feature","geometry":{"type":"LineString","coordinates":[[12.391437,48.98127],[12.391717,48.98019]]},"properties":{"osm_id":265418625,"osm_type":"way","seamark_type":"cable_submarine","display_class":"OTHER","min_zoom":12,"importance":1,"name":null,"ref":null,"common":{"type":"cable_submarine"},"children":{"cable_submarine":{"category":"telephone","name":"Deutsche Bundespost"}},"osm_tags":{"seamark:cable_submarine:category":"telephone","seamark:cable_submarine:name":"Deutsche Bundespost","seamark:type":"cable_submarine"}}},{"type":"Feature","geometry":{"type":"Polygon","coordinates":[[[12.3907798,48.9811346],[12.3922354,48.981294],[12.392448,48.980328],[12.392277,48.980312],[12.392098,48.980289],[12.392069,48.980286],[12.391968,48.98027],[12.391922,48.980263],[12.391772,48.980247],[12.391679,48.980236],[12.391637,48.980232],[12.391456,48.980209],[12.391238,48.980186],[12.391002,48.98016],[12.3907798,48.9811346]]]},"properties":{"osm_id":265418627,"osm_type":"way","seamark_type":"restricted_area","display_class":"OTHER","min_zoom":12,"importance":1,"name":null,"ref":null,"common":{"type":"restricted_area"},"children":{"restricted_area":{"restriction":"no_anchoring"}},"osm_tags":{"seamark:restricted_area:restriction":"no_anchoring","seamark:type":"restricted_area"}}},{"type":"Feature","geometry":{"type":"Polygon","coordinates":[[[12.356802,48.975376],[12.356389,48.975441],[12.356125,48.975483],[12.35586,48.975525],[12.355595,48.975563],[12.35533,48.975605],[12.355063,48.975643],[12.354797,48.975681],[12.354531,48.975719],[12.354265,48.975758],[12.354196,48.975765],[12.353999,48.975792],[12.353732,48.975826],[12.353465,48.975861],[12.353198,48.975895],[12.352931,48.975929],[12.352663,48.975964],[12.352395,48.975994],[12.352127,48.976025],[12.351859,48.976055],[12.351591,48.976086],[12.351322,48.976112],[12.351054,48.976143],[12.3506169,48.9761861],[12.347878,48.97646],[12.347443,48.976578],[12.346987,48.976707],[12.346658,48.976799],[12.346533,48.97683],[12.346512,48.976837],[12.34649,48.976841],[12.346466,48.976845],[12.346456,48.976849],[12.346399,48.976856],[12.346312,48.976871],[12.346267,48.976879],[12.346145,48.976894],[12.346124,48.976898],[12.34612,48.976883],[12.346095,48.976887],[12.346099,48.976902],[12.34578,48.976936],[12.345778,48.976929],[12.345769,48.976917],[12.34576,48.976917],[12.345726,48.977051],[12.345819,48.977169],[12.345828,48.977165],[12.345832,48.97715],[12.346103,48.977119],[12.346148,48.977116],[12.346152,48.977131],[12.346177,48.977131],[12.346173,48.977116],[12.346262,48.977104],[12.346295,48.977104],[12.346313,48.9771],[12.346387,48.977097],[12.3465244,48.9770966],[12.3480406,48.9771974],[12.353822,48.976589],[12.35388,48.976582],[12.35403,48.976566],[12.354178,48.976551],[12.354328,48.976532],[12.354448,48.976517],[12.354477,48.976517],[12.354626,48.976498],[12.354774,48.976475],[12.354923,48.976456],[12.355072,48.976437],[12.35522,48.976414],[12.355368,48.976391],[12.355515,48.976368],[12.357185,48.976105],[12.358523,48.975895],[12.358579,48.975883],[12.3587,48.975864],[12.358821,48.975845],[12.358942,48.975822],[12.359062,48.9758],[12.359183,48.975777],[12.359303,48.975754],[12.359423,48.975731],[12.359542,48.975708],[12.359661,48.975681],[12.35978,48.975655],[12.359832,48.975643],[12.359899,48.975628],[12.360017,48.975601],[12.360134,48.975571],[12.360251,48.975544],[12.360368,48.975513],[12.360485,48.975483],[12.3606,48.975452],[12.360717,48.975422],[12.360832,48.975388],[12.360947,48.975357],[12.361061,48.975323],[12.361175,48.975288],[12.361288,48.975254],[12.361402,48.97522],[12.361514,48.975182],[12.361626,48.975147],[12.361737,48.975109],[12.361849,48.975071],[12.361959,48.975033],[12.362022,48.97501],[12.362091,48.974983],[12.36216,48.974957],[12.362227,48.97493],[12.362229,48.97493],[12.362332,48.974888],[12.362435,48.974846],[12.362537,48.974804],[12.362638,48.974758],[12.36274,48.974716],[12.36284,48.97467],[12.362939,48.974625],[12.363038,48.974579],[12.363136,48.974533],[12.363234,48.974483],[12.363331,48.974438],[12.363427,48.974388],[12.363523,48.974339],[12.363618,48.974289],[12.363712,48.974239],[12.363806,48.97419],[12.363899,48.97414],[12.366945,48.972443],[12.366952,48.972439],[12.367014,48.972404],[12.367078,48.97237],[12.367143,48.972336],[12.367208,48.972305],[12.367273,48.972271],[12.367339,48.97224],[12.367407,48.97221],[12.367475,48.972179],[12.367542,48.972149],[12.367611,48.972118],[12.367681,48.972092],[12.36775,48.972061],[12.367821,48.972034],[12.367879,48.972012],[12.367953,48.971985],[12.368029,48.971958],[12.368105,48.971931],[12.368181,48.971905],[12.368258,48.971878],[12.368336,48.971851],[12.368414,48.971828],[12.368492,48.971806],[12.368571,48.971783],[12.36865,48.97176],[12.368731,48.971737],[12.368811,48.971714],[12.368891,48.971695],[12.368972,48.971676],[12.369053,48.971657],[12.369135,48.971638],[12.369217,48.971619],[12.369299,48.971603],[12.369382,48.971584],[12.369465,48.971569],[12.369548,48.971554],[12.369632,48.971542],[12.369716,48.971527],[12.369754,48.971519],[12.369829,48.971512],[12.369905,48.9715],[12.369981,48.971489],[12.370057,48.971481],[12.370133,48.971474],[12.37021,48.971466],[12.370286,48.971458],[12.370363,48.971451],[12.37044,48.971447],[12.370517,48.971439],[12.370526,48.971439],[12.370612,48.971436],[12.370699,48.971432],[12.370785,48.971428],[12.370872,48.971428],[12.370957,48.971424],[12.371044,48.971424],[12.37113,48.971424],[12.371217,48.971424],[12.371303,48.971424],[12.371389,48.971428],[12.371475,48.971428],[12.371562,48.971432],[12.371648,48.971436],[12.371734,48.971443],[12.37182,48.971447],[12.371906,48.971455],[12.371992,48.971462],[12.372077,48.97147],[12.372163,48.971478],[12.372248,48.971485],[12.372334,48.971497],[12.372418,48.971504],[12.372502,48.971516],[12.372587,48.971527],[12.372671,48.971542],[12.372755,48.971554],[12.372839,48.971569],[12.372923,48.971584],[12.373006,48.9716],[12.373089,48.971615],[12.373171,48.97163],[12.373254,48.971649],[12.373335,48.971668],[12.373417,48.971687],[12.373498,48.971706],[12.373579,48.971725],[12.373659,48.971748],[12.373739,48.971767],[12.373818,48.97179],[12.373898,48.971813],[12.373977,48.971836],[12.374055,48.971859],[12.374132,48.971886],[12.374209,48.971912],[12.374287,48.971935],[12.374363,48.971962],[12.374438,48.971992],[12.374514,48.972019],[12.374588,48.972046],[12.374662,48.972076],[12.374736,48.972107],[12.374809,48.972137],[12.374882,48.972168],[12.374953,48.972198],[12.375024,48.972233],[12.375094,48.972263],[12.375165,48.972298],[12.375234,48.972332],[12.375302,48.972366],[12.37537,48.972401],[12.375438,48.972439],[12.375504,48.972473],[12.375516,48.972481],[12.375568,48.972511],[12.37564,48.972549],[12.37571,48.972591],[12.37578,48.972633],[12.37585,48.972675],[12.375917,48.972721],[12.375985,48.972763],[12.376053,48.972805],[12.376119,48.972851],[12.376184,48.972897],[12.376248,48.972942],[12.376312,48.972988],[12.376375,48.973034],[12.376437,48.97308],[12.376499,48.973129],[12.376559,48.973175],[12.376619,48.973225],[12.376678,48.973274],[12.376852,48.973419],[12.376907,48.973469],[12.376974,48.973526],[12.377039,48.973583],[12.377104,48.97364],[12.377167,48.973698],[12.37723,48.973759],[12.377292,48.973816],[12.377353,48.973877],[12.377413,48.973938],[12.377472,48.973999],[12.37753,48.97406],[12.377587,48.974121],[12.377644,48.974182],[12.377699,48.974243],[12.377753,48.974304],[12.377807,48.974369],[12.377859,48.97443],[12.377911,48.974495],[12.377961,48.97456],[12.378011,48.974625],[12.378059,48.974686],[12.378107,48.974751],[12.378154,48.974815],[12.3782,48.974884],[12.378244,48.974949],[12.378288,48.975014],[12.37833,48.975079],[12.378372,48.975147],[12.378413,48.975212],[12.378452,48.975281],[12.378491,48.975349],[12.378529,48.975414],[12.379866,48.977856],[12.379869,48.977859],[12.379896,48.977909],[12.379924,48.977955],[12.379952,48.978001],[12.379983,48.97805],[12.380013,48.978096],[12.380045,48.978142],[12.380078,48.978188],[12.380113,48.978233],[12.380147,48.978279],[12.380183,48.978325],[12.380219,48.978371],[12.380258,48.978413],[12.380296,48.978458],[12.380336,48.9785],[12.380377,48.978546],[12.380418,48.978588],[12.380461,48.97863],[12.380504,48.978672],[12.380548,48.978714],[12.380593,48.978756],[12.380639,48.978794],[12.380686,48.978836],[12.380733,48.978874],[12.380782,48.978916],[12.380832,48.978954],[12.380882,48.978992],[12.380934,48.979031],[12.380985,48.979069],[12.380992,48.979073],[12.381051,48.979115],[12.381111,48.979156],[12.381171,48.979198],[12.381232,48.979237],[12.381295,48.979275],[12.381358,48.979317],[12.381421,48.979355],[12.381486,48.979393],[12.381551,48.979431],[12.381617,48.979465],[12.381683,48.979504],[12.38175,48.979538],[12.381818,48.979572],[12.381886,48.979607],[12.381956,48.979641],[12.382026,48.979675],[12.382096,48.97971],[12.382167,48.97974],[12.382239,48.979774],[12.382311,48.979805],[12.382384,48.979836],[12.382458,48.979862],[12.382532,48.979893],[12.382607,48.979923],[12.382682,48.97995],[12.382757,48.979977],[12.382833,48.980003],[12.382911,48.98003],[12.382988,48.980057],[12.383065,48.98008],[12.383143,48.980106],[12.383222,48.980129],[12.383301,48.980152],[12.383381,48.980175],[12.383461,48.980194],[12.383541,48.980217],[12.383622,48.980236],[12.383703,48.980255],[12.383784,48.980274],[12.383866,48.980293],[12.383948,48.980309],[12.384031,48.980328],[12.384114,48.980343],[12.384197,48.980358],[12.38428,48.980373],[12.384364,48.980389],[12.384448,48.9804],[12.384532,48.980415],[12.384617,48.980427],[12.384702,48.980438],[12.384787,48.980446],[12.384871,48.980457],[12.384956,48.980465],[12.385042,48.980476],[12.387803,48.980736],[12.388112,48.980766],[12.38842,48.980797],[12.388729,48.980827],[12.389037,48.980862],[12.389311,48.980892],[12.393241,48.981335],[12.39345,48.980537],[12.389547,48.980095],[12.385427,48.97963],[12.385353,48.979622],[12.38528,48.979614],[12.385206,48.979603],[12.385133,48.979591],[12.385059,48.97958],[12.384986,48.979568],[12.384913,48.979553],[12.384841,48.979542],[12.384769,48.979527],[12.384697,48.979511],[12.384625,48.979496],[12.384555,48.979481],[12.384484,48.979462],[12.384414,48.979446],[12.384344,48.979427],[12.384274,48.979408],[12.384205,48.979389],[12.384136,48.979366],[12.384068,48.979347],[12.384001,48.979324],[12.383933,48.979301],[12.383866,48.979279],[12.383801,48.979256],[12.383735,48.979233],[12.38367,48.979206],[12.383605,48.979179],[12.383601,48.979179],[12.383597,48.979179],[12.383523,48.979149],[12.383449,48.979118],[12.383375,48.979084],[12.383303,48.979053],[12.383231,48.979019],[12.383159,48.978985],[12.383088,48.978954],[12.383018,48.97892],[12.382949,48.978882],[12.382879,48.978848],[12.382812,48.978809],[12.382744,48.978775],[12.382677,48.978737],[12.382611,48.978699],[12.382545,48.978661],[12.382481,48.978622],[12.382417,48.97858],[12.382354,48.978542],[12.382292,48.9785],[12.38223,48.978462],[12.382169,48.97842],[12.382109,48.978378],[12.38205,48.978333],[12.381991,48.978291],[12.381933,48.978249],[12.381877,48.978203],[12.381821,48.978161],[12.381765,48.978115],[12.381711,48.978069],[12.381658,48.978024],[12.381605,48.977978],[12.381554,48.977932],[12.381503,48.977882],[12.381454,48.977837],[12.381404,48.977787],[12.381356,48.977741],[12.381309,48.977692],[12.381263,48.977642],[12.381218,48.977592],[12.381173,48.977543],[12.38113,48.977493],[12.381087,48.977444],[12.381052,48.977398],[12.380562,48.976791],[12.380522,48.976742],[12.380483,48.976692],[12.380445,48.976639],[12.380407,48.976589],[12.380371,48.976536],[12.380336,48.976486],[12.380302,48.976433],[12.380269,48.976379],[12.380237,48.976326],[12.380205,48.976273],[12.380176,48.976219],[12.38016,48.976192],[12.379812,48.975552],[12.37977,48.975475],[12.379727,48.975399],[12.379684,48.975323],[12.37964,48.97525],[12.379594,48.975174],[12.379547,48.975101],[12.379499,48.975025],[12.379451,48.974953],[12.379401,48.97488],[12.379351,48.974804],[12.379299,48.974731],[12.379247,48.974659],[12.379192,48.974586],[12.379138,48.974514],[12.379083,48.974445],[12.379026,48.974373],[12.378968,48.9743],[12.37891,48.974232],[12.378851,48.974159],[12.378796,48.974098],[12.378624,48.9739],[12.378572,48.973843],[12.378521,48.973785],[12.378468,48.973728],[12.378413,48.973671],[12.378358,48.973614],[12.378303,48.973557],[12.378245,48.973503],[12.378187,48.973446],[12.378129,48.973392],[12.378069,48.973335],[12.378009,48.973282],[12.377948,48.973228],[12.377885,48.973175],[12.377822,48.973122],[12.377758,48.973068],[12.377693,48.973019],[12.377627,48.972965],[12.377562,48.972916],[12.377494,48.972862],[12.377426,48.972813],[12.377357,48.972763],[12.377288,48.972713],[12.377216,48.972668],[12.377146,48.972618],[12.377096,48.972584],[12.377019,48.972534],[12.37694,48.972485],[12.376861,48.972435],[12.376781,48.972385],[12.3767,48.972336],[12.376619,48.97229],[12.376537,48.97224],[12.376454,48.972195],[12.37637,48.972149],[12.376287,48.972103],[12.376202,48.972057],[12.376116,48.972012],[12.37603,48.97197],[12.375943,48.971924],[12.375855,48.971882],[12.375767,48.97184],[12.375678,48.971798],[12.375588,48.971756],[12.375499,48.971714],[12.375408,48.971676],[12.375317,48.971634],[12.375225,48.971596],[12.375133,48.971558],[12.375039,48.971519],[12.374946,48.971485],[12.374851,48.971447],[12.374757,48.971413],[12.374661,48.971375],[12.374565,48.97134],[12.374469,48.971306],[12.374372,48.971275],[12.374274,48.971241],[12.374177,48.97121],[12.374079,48.97118],[12.37398,48.971146],[12.37388,48.971119],[12.373781,48.971088],[12.373681,48.971058],[12.37358,48.971031],[12.373486,48.971004],[12.373168,48.970921],[12.373088,48.970898],[12.373007,48.970879],[12.372926,48.97086],[12.372845,48.97084],[12.372763,48.970821],[12.372681,48.970802],[12.372599,48.970787],[12.372516,48.970772],[12.372433,48.970753],[12.37235,48.970741],[12.372266,48.970726],[12.372182,48.970711],[12.372098,48.970699],[12.372013,48.970688],[12.371929,48.970676],[12.371844,48.970665],[12.371758,48.970654],[12.371674,48.970646],[12.371589,48.970634],[12.371503,48.970627],[12.371417,48.970619],[12.371331,48.970615],[12.371245,48.970608],[12.37116,48.970604],[12.371073,48.9706],[12.370987,48.970596],[12.370901,48.970592],[12.370814,48.970589],[12.370728,48.970589],[12.370642,48.970589],[12.37058,48.970589],[12.370498,48.970589],[12.370416,48.970589],[12.370334,48.970592],[12.370252,48.970592],[12.370171,48.970596],[12.370089,48.9706],[12.370007,48.970608],[12.369925,48.970612],[12.369844,48.970619],[12.369762,48.970627],[12.369681,48.970634],[12.3696,48.970642],[12.36952,48.97065],[12.369439,48.970661],[12.369359,48.970669],[12.369279,48.97068],[12.369199,48.970692],[12.369119,48.970707],[12.36904,48.970718],[12.36896,48.970734],[12.368881,48.970749],[12.368803,48.970764],[12.368725,48.970779],[12.36872,48.970779],[12.368638,48.970798],[12.368556,48.970818],[12.368475,48.970837],[12.368394,48.970856],[12.368313,48.970875],[12.368233,48.970898],[12.368153,48.970917],[12.368073,48.97094],[12.367994,48.970963],[12.367916,48.970985],[12.367838,48.971012],[12.36776,48.971035],[12.367683,48.971062],[12.367606,48.971088],[12.36753,48.971115],[12.367455,48.971142],[12.367379,48.971172],[12.367305,48.971199],[12.367231,48.97123],[12.367158,48.97126],[12.367085,48.971291],[12.367013,48.971321],[12.366941,48.971352],[12.36687,48.971386],[12.366799,48.971416],[12.36673,48.971451],[12.366661,48.971485],[12.366592,48.971519],[12.366525,48.971554],[12.366458,48.971592],[12.366391,48.971626],[12.366325,48.971664],[12.366261,48.971703],[12.366247,48.97171],[12.364106,48.972969],[12.364011,48.973026],[12.363914,48.97308],[12.363816,48.973137],[12.363718,48.97319],[12.36362,48.973244],[12.363521,48.973297],[12.36342,48.973351],[12.363319,48.973404],[12.363217,48.973454],[12.363115,48.973503],[12.363013,48.973557],[12.362909,48.973606],[12.362805,48.973656],[12.3627,48.973701],[12.362596,48.973751],[12.36249,48.973797],[12.362383,48.973846],[12.362275,48.973892],[12.362168,48.973938],[12.36206,48.97398],[12.361951,48.974026],[12.361841,48.974072],[12.361731,48.974113],[12.36162,48.974155],[12.361509,48.974197],[12.361398,48.974239],[12.361285,48.974281],[12.361173,48.974319],[12.361059,48.974358],[12.360946,48.9744],[12.360831,48.974438],[12.360716,48.974472],[12.360601,48.97451],[12.360485,48.974548],[12.360369,48.974583],[12.360252,48.974617],[12.360135,48.974651],[12.360018,48.974686],[12.3599,48.974716],[12.359781,48.974751],[12.359663,48.974781],[12.359544,48.974812],[12.359413,48.974846],[12.358912,48.974976],[12.358809,48.974998],[12.358706,48.975025],[12.358604,48.975048],[12.358501,48.975075],[12.358397,48.975098],[12.358294,48.975121],[12.35819,48.97514],[12.358085,48.975163],[12.35798,48.975182],[12.357875,48.975201],[12.35777,48.97522],[12.357664,48.975239],[12.357558,48.975258],[12.357515,48.975262],[12.356802,48.975376]]]},"properties":{"osm_id":265418630,"osm_type":"way","seamark_type":"fairway","display_class":"OTHER","min_zoom":12,"importance":1,"name":null,"ref":null,"common":{"type":"fairway"},"children":{"fairway":{"information":"Donau"}},"osm_tags":{"seamark:fairway:information":"Donau","seamark:type":"fairway"}}},{"type":"Feature","geometry":{"type":"Polygon","coordinates":[[[12.339941,48.97728],[12.339851,48.97728],[12.339706,48.977295],[12.329412,48.978363],[12.329315,48.978374],[12.329219,48.978386],[12.329123,48.978401],[12.329026,48.978416],[12.328931,48.978432],[12.328836,48.978451],[12.328742,48.97847],[12.328649,48.978489],[12.328556,48.978512],[12.328465,48.978535],[12.328373,48.978558],[12.328283,48.978584],[12.328194,48.978611],[12.328105,48.978642],[12.328017,48.978672],[12.327931,48.978703],[12.327846,48.978733],[12.327762,48.978767],[12.327679,48.978802],[12.327597,48.97884],[12.327516,48.978874],[12.327436,48.978912],[12.327358,48.978954],[12.327282,48.978992],[12.327207,48.979034],[12.327132,48.97908],[12.32706,48.979122],[12.326989,48.979168],[12.32692,48.979214],[12.326852,48.979259],[12.326786,48.979309],[12.326721,48.979359],[12.326658,48.979408],[12.326597,48.979458],[12.326537,48.979511],[12.32648,48.979561],[12.326424,48.979614],[12.326369,48.979671],[12.326317,48.979725],[12.326294,48.979752],[12.326219,48.979836],[12.326144,48.979919],[12.326073,48.980007],[12.326002,48.980095],[12.325934,48.980183],[12.325868,48.98027],[12.325804,48.980358],[12.325741,48.98045],[12.325681,48.980537],[12.325623,48.980629],[12.325578,48.980701],[12.325538,48.98077],[12.3255,48.980839],[12.325463,48.980907],[12.325429,48.980976],[12.325397,48.981045],[12.325367,48.981113],[12.325339,48.981186],[12.325314,48.981258],[12.32529,48.981327],[12.325269,48.9814],[12.32525,48.981472],[12.325233,48.981544],[12.325217,48.981613],[12.325204,48.981686],[12.325193,48.981758],[12.325186,48.981831],[12.325179,48.981907],[12.325175,48.981979],[12.325173,48.982052],[12.325173,48.982124],[12.325175,48.982197],[12.32518,48.982269],[12.325187,48.982342],[12.325196,48.982414],[12.325208,48.982487],[12.325221,48.982559],[12.325236,48.982632],[12.325254,48.982704],[12.325274,48.982773],[12.325296,48.982845],[12.32532,48.982918],[12.325346,48.982986],[12.325375,48.983059],[12.325405,48.983128],[12.325438,48.983196],[12.325473,48.983269],[12.325509,48.983337],[12.325548,48.983402],[12.325589,48.983471],[12.325632,48.98354],[12.325677,48.983604],[12.325724,48.983673],[12.325772,48.983738],[12.325823,48.983803],[12.325876,48.983864],[12.325931,48.983929],[12.325987,48.98399],[12.326045,48.984055],[12.326106,48.984116],[12.326168,48.984173],[12.326232,48.984234],[12.326297,48.984291],[12.326365,48.984352],[12.326433,48.984409],[12.326505,48.984463],[12.326577,48.98452],[12.326651,48.984573],[12.326727,48.984627],[12.326804,48.984676],[12.326876,48.984726],[12.326991,48.984798],[12.327108,48.984867],[12.327227,48.98494],[12.327347,48.985008],[12.327468,48.985077],[12.327591,48.985142],[12.327715,48.985207],[12.32784,48.985271],[12.327967,48.985336],[12.328095,48.985397],[12.328224,48.985458],[12.328355,48.985519],[12.328487,48.985577],[12.32862,48.985638],[12.328754,48.985691],[12.32889,48.985748],[12.329026,48.985802],[12.32904,48.985806],[12.329097,48.985828],[12.329153,48.985855],[12.329207,48.985878],[12.329261,48.985905],[12.329313,48.985935],[12.329364,48.985962],[12.329412,48.985992],[12.32946,48.986023],[12.329507,48.986053],[12.329551,48.986088],[12.329594,48.986122],[12.329636,48.986156],[12.329675,48.986191],[12.329713,48.986229],[12.329748,48.986267],[12.329782,48.986305],[12.329814,48.986343],[12.329844,48.986382],[12.329872,48.98642],[12.329899,48.986462],[12.329923,48.986504],[12.329945,48.986546],[12.329965,48.986588],[12.329967,48.986591],[12.329988,48.986633],[12.330009,48.986675],[12.330033,48.986717],[12.330059,48.986759],[12.330087,48.986797],[12.330116,48.986839],[12.330149,48.986877],[12.330182,48.986916],[12.330217,48.986954],[12.330255,48.986988],[12.330294,48.987026],[12.330335,48.987061],[12.330378,48.987095],[12.330422,48.987125],[12.330468,48.98716],[12.330515,48.98719],[12.330564,48.987221],[12.330615,48.987247],[12.330667,48.987278],[12.33072,48.987305],[12.330774,48.987328],[12.330831,48.987354],[12.330887,48.987377],[12.330945,48.987396],[12.331004,48.987419],[12.331064,48.987438],[12.331089,48.987446],[12.331338,48.987518],[12.33659,48.989086],[12.336642,48.989101],[12.336716,48.98912],[12.336858,48.989155],[12.336937,48.989166],[12.337003,48.989178],[12.337074,48.989185],[12.33715,48.989197],[12.337218,48.989201],[12.337298,48.989204],[12.337427,48.989208],[12.337434,48.989208],[12.337502,48.989208],[12.337568,48.989204],[12.337635,48.989201],[12.337701,48.989197],[12.337747,48.989193],[12.337812,48.989185],[12.337879,48.989182],[12.337946,48.989178],[12.338013,48.989178],[12.338079,48.989178],[12.338147,48.989178],[12.338214,48.989182],[12.338281,48.989185],[12.338346,48.989189],[12.338413,48.989197],[12.338478,48.989204],[12.338544,48.989216],[12.338609,48.989227],[12.338673,48.989239],[12.338737,48.989254],[12.338799,48.989269],[12.338861,48.989285],[12.338922,48.989304],[12.338982,48.989323],[12.339042,48.989342],[12.3391,48.989365],[12.339157,48.989388],[12.339212,48.989414],[12.339267,48.989437],[12.33932,48.989464],[12.339373,48.989491],[12.339406,48.98951],[12.339575,48.989609],[12.339743,48.989708],[12.339909,48.989811],[12.340073,48.98991],[12.340236,48.990013],[12.340397,48.990116],[12.340557,48.990223],[12.340715,48.990326],[12.34074,48.990345],[12.340843,48.990414],[12.340944,48.990486],[12.341044,48.990559],[12.341143,48.990631],[12.341239,48.990707],[12.341333,48.99078],[12.341427,48.990856],[12.341518,48.990936],[12.341608,48.991013],[12.341696,48.991093],[12.341783,48.991173],[12.341866,48.991253],[12.341949,48.991333],[12.34203,48.991417],[12.342109,48.991497],[12.342186,48.991581],[12.342261,48.991665],[12.342334,48.991753],[12.342405,48.991837],[12.342475,48.991924],[12.342543,48.992012],[12.342608,48.9921],[12.342671,48.992188],[12.342733,48.992275],[12.342793,48.992367],[12.342851,48.992455],[12.342906,48.992546],[12.342959,48.992638],[12.343011,48.992729],[12.34306,48.992821],[12.343107,48.992916],[12.343153,48.993008],[12.343196,48.993103],[12.343237,48.993195],[12.343276,48.99329],[12.343313,48.993385],[12.343348,48.993481],[12.34338,48.993576],[12.343411,48.993671],[12.343439,48.993767],[12.343466,48.993862],[12.34349,48.993961],[12.343512,48.994057],[12.343532,48.994156],[12.343549,48.994251],[12.343564,48.99435],[12.343579,48.994457],[12.343592,48.994564],[12.343602,48.994671],[12.343611,48.994778],[12.343616,48.994884],[12.343621,48.994991],[12.343622,48.995098],[12.343622,48.995201],[12.343619,48.995308],[12.343615,48.995415],[12.343608,48.995522],[12.343598,48.995628],[12.343587,48.995735],[12.343574,48.995842],[12.343558,48.995949],[12.34354,48.996056],[12.34352,48.996159],[12.343509,48.996216],[12.343498,48.996265],[12.343479,48.996346],[12.343454,48.996449],[12.343428,48.996548],[12.343398,48.996647],[12.343367,48.996746],[12.343333,48.996845],[12.343298,48.996944],[12.34326,48.997044],[12.34322,48.997143],[12.343179,48.997242],[12.343134,48.997337],[12.343088,48.997437],[12.34304,48.997532],[12.342989,48.997627],[12.342937,48.997723],[12.342883,48.997818],[12.342826,48.997913],[12.342824,48.997917],[12.342768,48.998009],[12.342708,48.9981],[12.342645,48.998196],[12.34258,48.998287],[12.342514,48.998379],[12.342445,48.99847],[12.342375,48.998562],[12.342302,48.99865],[12.342228,48.998741],[12.342152,48.998829],[12.342074,48.998917],[12.341994,48.999004],[12.341912,48.999088],[12.341828,48.999176],[12.341743,48.99926],[12.341656,48.999344],[12.341591,48.999405],[12.341567,48.999428],[12.341475,48.999508],[12.341383,48.999592],[12.341289,48.999672],[12.341192,48.999752],[12.341095,48.999828],[12.340995,48.999908],[12.340894,48.999985],[12.340792,49.000061],[12.340687,49.000137],[12.340581,49.00021],[12.340473,49.000282],[12.340364,49.000355],[12.340253,49.000427],[12.340141,49.000496],[12.340027,49.000565],[12.339987,49.000587],[12.339783,49.00071],[12.339578,49.000828],[12.339371,49.000946],[12.339162,49.00106],[12.338952,49.001175],[12.338741,49.001289],[12.338529,49.001404],[12.338315,49.001514],[12.338099,49.001625],[12.337883,49.001736],[12.337666,49.001846],[12.337446,49.001953],[12.337226,49.00206],[12.337004,49.002163],[12.336781,49.002266],[12.336556,49.002369],[12.33633,49.002472],[12.336104,49.002571],[12.335876,49.00267],[12.335647,49.002769],[12.335417,49.002865],[12.335185,49.00296],[12.334952,49.003056],[12.334719,49.003151],[12.334483,49.003242],[12.334248,49.003334],[12.33401,49.003422],[12.333794,49.003502],[12.333659,49.003551],[12.333526,49.003605],[12.333393,49.003654],[12.333262,49.003712],[12.333132,49.003765],[12.333003,49.003822],[12.332876,49.00388],[12.332749,49.003937],[12.332624,49.003998],[12.3325,49.004059],[12.332378,49.00412],[12.332257,49.004185],[12.332138,49.00425],[12.332019,49.004314],[12.331903,49.004379],[12.331787,49.004448],[12.331673,49.004517],[12.33156,49.004585],[12.33145,49.004658],[12.33134,49.00473],[12.331232,49.004803],[12.331126,49.004875],[12.331021,49.004951],[12.330918,49.005028],[12.330817,49.005104],[12.330717,49.00518],[12.330619,49.00526],[12.330523,49.005341],[12.330428,49.005421],[12.330335,49.005501],[12.330244,49.005585],[12.330154,49.005665],[12.330067,49.005749],[12.329981,49.005836],[12.329897,49.00592],[12.329815,49.006008],[12.329735,49.006092],[12.329657,49.00618],[12.32958,49.006271],[12.329505,49.006359],[12.329432,49.006451],[12.329405,49.006485],[12.328954,49.007061],[12.328815,49.007233],[12.328674,49.007408],[12.328532,49.00758],[12.328388,49.007755],[12.328242,49.007927],[12.328094,49.008099],[12.327945,49.008266],[12.327793,49.008438],[12.32764,49.008606],[12.327484,49.008774],[12.327367,49.0089],[12.327258,49.009014],[12.328423,49.009663],[12.32853,49.009541],[12.328637,49.009415],[12.328741,49.009293],[12.328843,49.009167],[12.328943,49.009041],[12.329041,49.008915],[12.329138,49.008789],[12.329221,49.008678],[12.329309,49.00856],[12.329398,49.008442],[12.329489,49.008327],[12.329582,49.008213],[12.329678,49.008099],[12.329775,49.007984],[12.329873,49.00787],[12.329974,49.007759],[12.330077,49.007648],[12.330182,49.007538],[12.330288,49.007427],[12.330397,49.007317],[12.330506,49.00721],[12.330618,49.007099],[12.330732,49.006992],[12.330848,49.006889],[12.330965,49.006783],[12.331084,49.00668],[12.331204,49.006577],[12.331327,49.006474],[12.331451,49.006371],[12.331577,49.006271],[12.331705,49.006168],[12.331834,49.006069],[12.331965,49.005974],[12.332097,49.005875],[12.332232,49.005779],[12.332367,49.005684],[12.332504,49.005589],[12.332644,49.005497],[12.332784,49.005405],[12.332926,49.005314],[12.33307,49.005222],[12.333215,49.005135],[12.333362,49.005047],[12.333509,49.004959],[12.333658,49.004875],[12.333809,49.004791],[12.333961,49.004707],[12.334115,49.004623],[12.33427,49.004543],[12.334427,49.004463],[12.334584,49.004383],[12.334743,49.004303],[12.334904,49.004227],[12.335065,49.00415],[12.335228,49.004078],[12.335392,49.004005],[12.335557,49.003933],[12.335724,49.00386],[12.335892,49.003792],[12.336061,49.003723],[12.33623,49.003654],[12.336401,49.00359],[12.336574,49.003525],[12.336747,49.00346],[12.336921,49.003399],[12.33707,49.003349],[12.337252,49.003284],[12.337431,49.00322],[12.337609,49.003155],[12.337788,49.003086],[12.337964,49.003021],[12.338139,49.002949],[12.338313,49.00288],[12.338487,49.002808],[12.338658,49.002735],[12.338829,49.002663],[12.338998,49.002586],[12.339167,49.00251],[12.339334,49.00243],[12.339499,49.002354],[12.339664,49.002274],[12.339827,49.00219],[12.339988,49.00211],[12.340149,49.002026],[12.340307,49.001942],[12.340466,49.001854],[12.340622,49.001766],[12.340776,49.001678],[12.34093,49.001591],[12.341082,49.001499],[12.341232,49.001411],[12.341381,49.001316],[12.341529,49.001225],[12.341675,49.001129],[12.341819,49.001034],[12.341962,49.000938],[12.342103,49.000839],[12.342242,49.000744],[12.342381,49.000645],[12.342517,49.000542],[12.342598,49.000481],[12.342702,49.000404],[12.342805,49.000324],[12.342905,49.00024],[12.343004,49.00016],[12.343066,49.000107],[12.343102,49.000076],[12.343197,48.999992],[12.343291,48.999908],[12.343383,48.999821],[12.343473,48.999737],[12.343562,48.999649],[12.343649,48.999561],[12.343733,48.99947],[12.343816,48.999382],[12.343897,48.99929],[12.343976,48.999199],[12.344053,48.999107],[12.344129,48.999016],[12.344202,48.998924],[12.344274,48.998829],[12.344343,48.998734],[12.344411,48.998642],[12.344476,48.998547],[12.34454,48.998447],[12.344601,48.998352],[12.344661,48.998253],[12.344718,48.998158],[12.344742,48.998116],[12.344773,48.998058],[12.344827,48.997959],[12.344878,48.99786],[12.344901,48.997814],[12.344953,48.997707],[12.345001,48.997601],[12.345048,48.997494],[12.345093,48.997387],[12.345136,48.99728],[12.345176,48.997173],[12.345214,48.997066],[12.34525,48.996956],[12.345284,48.996849],[12.345317,48.996738],[12.345346,48.996632],[12.345374,48.996521],[12.3454,48.99641],[12.345423,48.996304],[12.345445,48.996193],[12.345463,48.996082],[12.34548,48.995972],[12.345494,48.995861],[12.345508,48.99575],[12.345517,48.99564],[12.345526,48.995529],[12.345531,48.995419],[12.345535,48.995308],[12.345537,48.995197],[12.345536,48.995087],[12.345533,48.994976],[12.345529,48.994865],[12.345521,48.994755],[12.345511,48.994644],[12.3455,48.994534],[12.345487,48.994423],[12.345476,48.994347],[12.345459,48.99424],[12.34544,48.994133],[12.345418,48.994026],[12.345395,48.993919],[12.345369,48.993813],[12.345342,48.993706],[12.345312,48.993599],[12.34528,48.993492],[12.345245,48.993389],[12.345209,48.993282],[12.345171,48.993179],[12.34513,48.993073],[12.345087,48.99297],[12.345042,48.992867],[12.344995,48.992764],[12.344947,48.992661],[12.344895,48.992558],[12.344842,48.992455],[12.344787,48.992352],[12.344729,48.992252],[12.34467,48.992149],[12.344609,48.99205],[12.344545,48.991951],[12.34448,48.991852],[12.344413,48.991753],[12.344343,48.991657],[12.344272,48.991558],[12.344198,48.991463],[12.344123,48.991367],[12.344046,48.991272],[12.343966,48.991177],[12.343886,48.991081],[12.343803,48.99099],[12.343719,48.990898],[12.343632,48.990807],[12.343543,48.990715],[12.343452,48.990623],[12.34336,48.990536],[12.343266,48.990448],[12.343171,48.99036],[12.343073,48.990273],[12.342974,48.990189],[12.342873,48.990101],[12.342771,48.990017],[12.342666,48.989937],[12.34256,48.989853],[12.342452,48.989773],[12.342342,48.989693],[12.342232,48.989613],[12.342119,48.989532],[12.342005,48.989456],[12.341889,48.98938],[12.341772,48.989304],[12.341653,48.989231],[12.341533,48.989155],[12.341411,48.989082],[12.341288,48.989014],[12.341164,48.988941],[12.341037,48.988873],[12.34091,48.988804],[12.340781,48.988739],[12.340651,48.988674],[12.340519,48.988609],[12.340386,48.988544],[12.340253,48.988483],[12.340117,48.988422],[12.339981,48.988361],[12.339967,48.988358],[12.339726,48.988255],[12.339485,48.988152],[12.339242,48.988052],[12.338998,48.987953],[12.338753,48.987854],[12.338507,48.987759],[12.338259,48.987663],[12.338011,48.987568],[12.337761,48.987476],[12.337511,48.987385],[12.337259,48.987293],[12.337007,48.987206],[12.336753,48.987118],[12.336498,48.98703],[12.336243,48.986946],[12.335986,48.986862],[12.335728,48.986778],[12.335469,48.986698],[12.33521,48.986618],[12.334949,48.986542],[12.334688,48.986462],[12.334426,48.986385],[12.334163,48.986313],[12.334051,48.986279],[12.333923,48.986244],[12.333797,48.986206],[12.33367,48.986168],[12.333545,48.986126],[12.333421,48.986084],[12.333298,48.986042],[12.333176,48.985996],[12.333055,48.985954],[12.332934,48.985905],[12.332816,48.985859],[12.332698,48.985809],[12.332582,48.98576],[12.332466,48.985706],[12.332353,48.985653],[12.33224,48.9856],[12.332129,48.985546],[12.332018,48.985489],[12.331909,48.985432],[12.331802,48.985374],[12.331697,48.985313],[12.331592,48.985252],[12.331489,48.985191],[12.331387,48.98513],[12.331286,48.985065],[12.331188,48.985001],[12.331091,48.984936],[12.330996,48.984867],[12.330902,48.984798],[12.33081,48.98473],[12.330719,48.984661],[12.33063,48.984592],[12.330544,48.98452],[12.330458,48.984447],[12.330374,48.984375],[12.330292,48.984299],[12.330212,48.984222],[12.330133,48.98415],[12.330057,48.984074],[12.329983,48.983994],[12.329909,48.983917],[12.329839,48.983837],[12.329769,48.983757],[12.329702,48.983677],[12.329637,48.983597],[12.329574,48.983517],[12.329512,48.983433],[12.329453,48.983349],[12.329395,48.983265],[12.32934,48.983181],[12.329287,48.983097],[12.329235,48.983013],[12.329185,48.982925],[12.32917,48.982899],[12.329135,48.982834],[12.329103,48.982769],[12.329071,48.9827],[12.329042,48.982635],[12.329016,48.982567],[12.328991,48.982498],[12.328968,48.98243],[12.328948,48.982361],[12.328929,48.982292],[12.328913,48.982224],[12.328899,48.982155],[12.328887,48.982086],[12.328877,48.982018],[12.32887,48.981949],[12.328865,48.98188],[12.328862,48.981808],[12.328861,48.981739],[12.328862,48.98167],[12.328865,48.981613],[12.32887,48.981548],[12.328876,48.981487],[12.328886,48.981422],[12.328897,48.981361],[12.328911,48.981297],[12.328926,48.981236],[12.328944,48.981171],[12.328964,48.98111],[12.328986,48.981049],[12.32901,48.980988],[12.329037,48.980927],[12.329065,48.980865],[12.329096,48.980804],[12.329128,48.980743],[12.329163,48.980686],[12.329199,48.980625],[12.329238,48.980568],[12.329279,48.980511],[12.329321,48.980453],[12.329366,48.980396],[12.329412,48.980343],[12.329461,48.980286],[12.329511,48.980232],[12.329563,48.980179],[12.329618,48.980125],[12.329673,48.980076],[12.32973,48.980022],[12.32979,48.979973],[12.32985,48.979923],[12.329913,48.979874],[12.329978,48.979828],[12.330044,48.979782],[12.330112,48.979736],[12.33018,48.979691],[12.330251,48.979649],[12.330322,48.979607],[12.330397,48.979565],[12.330471,48.979527],[12.330547,48.979485],[12.330625,48.979446],[12.330704,48.979412],[12.330784,48.979374],[12.330865,48.979343],[12.330947,48.979309],[12.331031,48.979275],[12.331116,48.979244],[12.331202,48.979218],[12.331287,48.979187],[12.331375,48.97916],[12.331464,48.979137],[12.331553,48.979111],[12.331643,48.979092],[12.331734,48.979069],[12.331825,48.97905],[12.331918,48.979031],[12.332011,48.979012],[12.332105,48.978996],[12.332198,48.978981],[12.332293,48.97897],[12.332388,48.978958],[12.332452,48.978951],[12.336958,48.978477],[12.33716,48.978455],[12.337361,48.978432],[12.337562,48.978405],[12.337763,48.978382],[12.337963,48.978352],[12.338162,48.978325],[12.338362,48.978294],[12.33856,48.97826],[12.338758,48.97823],[12.338956,48.978195],[12.339153,48.978157],[12.33935,48.978119],[12.339545,48.978081],[12.339741,48.978043],[12.339934,48.978001],[12.340129,48.977959],[12.3404227,48.977894],[12.341464,48.977612],[12.341554,48.977592],[12.341632,48.977577],[12.341735,48.977566],[12.34179,48.977558],[12.341794,48.977573],[12.341817,48.977573],[12.341813,48.977558],[12.342034,48.977535],[12.342067,48.977551],[12.342261,48.977531],[12.342268,48.977512],[12.342182,48.977409],[12.342213,48.977295],[12.3422,48.97728],[12.342005,48.977299],[12.341982,48.977322],[12.341807,48.977337],[12.341763,48.977341],[12.341759,48.977325],[12.341736,48.977329],[12.341739,48.977345],[12.341733,48.977345],[12.341535,48.97736],[12.341489,48.97736],[12.341464,48.977364],[12.341444,48.97736],[12.341384,48.977364],[12.341082,48.977348],[12.340764,48.977329],[12.340465,48.97731],[12.340237,48.977295],[12.339941,48.97728]]]},"properties":{"osm_id":265418638,"osm_type":"way","seamark_type":"fairway","display_class":"OTHER","min_zoom":12,"importance":1,"name":null,"ref":null,"common":{"type":"fairway"},"children":{"fairway":{"information":"Donau"}},"osm_tags":{"seamark:fairway:information":"Donau","seamark:type":"fairway"}}},{"type":"Feature","geometry":{"type":"LineString","coordinates":[[12.1639338,48.5465543],[12.1640544,48.5464625]]},"properties":{"osm_id":785385199,"osm_type":"way","seamark_type":"shoreline_construction","display_class":"OTHER","min_zoom":12,"importance":1,"name":null,"ref":null,"common":{"type":"shoreline_construction"},"children":{"shoreline_construction":{"category":"groyne","water_level":"submerged"}},"osm_tags":{"man_made":"groyne","material":"stone","seamark:shoreline_construction:category":"groyne","seamark:shoreline_construction:water_level":"submerged","seamark:type":"shoreline_construction"}}},{"type":"Feature","geometry":{"type":"LineString","coordinates":[[12.1641524,48.5463873],[12.1643067,48.5462708]]},"properties":{"osm_id":785385200,"osm_type":"way","seamark_type":"shoreline_construction","display_class":"OTHER","min_zoom":12,"importance":1,"name":null,"ref":null,"common":{"type":"shoreline_construction"},"children":{"shoreline_construction":{"category":"groyne","water_level":"submerged"}},"osm_tags":{"man_made":"groyne","material":"stone","seamark:shoreline_construction:category":"groyne","seamark:shoreline_construction:water_level":"submerged","seamark:type":"shoreline_construction"}}},{"type":"Feature","geometry":{"type":"LineString","coordinates":[[12.5787892,48.5692355],[12.5788865,48.5691591]]},"properties":{"osm_id":814742076,"osm_type":"way","seamark_type":"small_craft_facility","display_class":"OTHER","min_zoom":12,"importance":1,"name":null,"ref":null,"common":{"type":"small_craft_facility"},"children":{"small_craft_facility":{"category":"slipway"}},"osm_tags":{"highway":"service","lanes":"1","leisure":"slipway","seamark:small_craft_facility:category":"slipway","seamark:type":"small_craft_facility","service":"slipway","surface":"paving_stones"}}},{"type":"Feature","geometry":{"type":"LineString","coordinates":[[12.5782758,48.5689267],[12.5783912,48.568838]]},"properties":{"osm_id":814742077,"osm_type":"way","seamark_type":"small_craft_facility","display_class":"OTHER","min_zoom":12,"importance":1,"name":null,"ref":null,"common":{"type":"small_craft_facility"},"children":{"small_craft_facility":{"category":"slipway"}},"osm_tags":{"highway":"service","lanes":"1","leisure":"slipway","seamark:small_craft_facility:category":"slipway","seamark:type":"small_craft_facility","service":"slipway"}}},{"type":"Feature","geometry":{"type":"Polygon","coordinates":[[[12.5908616,48.5693584],[12.5906939,48.5692155],[12.5903399,48.5691362],[12.589784,48.5692446],[12.5896433,48.5692943],[12.5894548,48.5694998],[12.589342,48.5697363],[12.5894694,48.5699211],[12.5897086,48.5698228],[12.5898004,48.5698015],[12.5898856,48.5697883],[12.5899346,48.5697944],[12.5899805,48.5698114],[12.5899999,48.5698262],[12.5900067,48.5698142],[12.5900194,48.5698044],[12.5900363,48.5697982],[12.5900554,48.5697961],[12.5900745,48.5697984],[12.5900912,48.5698049],[12.5901212,48.5698374],[12.590251,48.5697866],[12.5902307,48.5697638],[12.5902126,48.5697438],[12.5902107,48.5697406],[12.5902093,48.5697373],[12.5902097,48.5697339],[12.5902116,48.5697308],[12.5902149,48.5697282],[12.5902193,48.5697264],[12.5902244,48.5697256],[12.5902295,48.569726],[12.5902342,48.5697274],[12.590238,48.5697297],[12.5902594,48.5697526],[12.5902772,48.5697457],[12.5902574,48.5697234],[12.5902561,48.5697201],[12.5902564,48.5697167],[12.5902583,48.5697135],[12.5902617,48.5697109],[12.5902661,48.5697091],[12.5902711,48.5697084],[12.5902762,48.5697087],[12.5902809,48.5697101],[12.5902847,48.5697124],[12.5902872,48.5697154],[12.5903047,48.569735],[12.5903246,48.5697273],[12.5903054,48.5697051],[12.5903041,48.5697018],[12.5903044,48.5696984],[12.5903063,48.5696953],[12.5903097,48.5696927],[12.5903141,48.5696909],[12.5903191,48.5696901],[12.5903242,48.5696905],[12.5903289,48.5696919],[12.5903327,48.5696942],[12.5903357,48.5696966],[12.5903536,48.5697159],[12.5903734,48.5697382],[12.5904989,48.5696874],[12.5904667,48.5696515],[12.590467,48.5696386],[12.5904739,48.5696266],[12.5904865,48.5696169],[12.5905034,48.5696106],[12.5905226,48.5696085],[12.5905241,48.5695629],[12.5905294,48.5695372],[12.5905452,48.5695076],[12.590568,48.5694935],[12.5908616,48.5693584]]]},"properties":{"osm_id":820922251,"osm_type":"way","seamark_type":"restricted_area","display_class":"OTHER","min_zoom":12,"importance":1,"name":null,"ref":null,"common":{"type":"restricted_area"},"children":{"restricted_area":{"category":"no_entry","restriction":"no_entry"}},"osm_tags":{"access":"no","area":"yes","seamark:restricted_area:category":"no_entry","seamark:restricted_area:restriction":"no_entry","seamark:type":"restricted_area"}}},{"type":"Feature","geometry":{"type":"LineString","coordinates":[[12.1638755,48.5465367],[12.1640051,48.5464292],[12.1640387,48.5464014],[12.1640825,48.546365],[12.164226,48.5462459]]},"properties":{"osm_id":820924646,"osm_type":"way","seamark_type":"cable_overhead","display_class":"OTHER","min_zoom":12,"importance":1,"name":null,"ref":null,"common":{"type":"cable_overhead"},"children":{"cable_overhead":{"category":"transmission","clearance_height_safe":"3m"}},"osm_tags":{"seamark:cable_overhead:category":"transmission","seamark:cable_overhead:clearance_height_safe":"3m","seamark:type":"cable_overhead"}}},{"type":"Feature","geometry":{"type":"Polygon","coordinates":[[[12.2194899,48.5820489],[12.2195049,48.582058],[12.2193802,48.5821829],[12.219354,48.5821765],[12.2193281,48.5821859],[12.2193218,48.5822067],[12.2193392,48.5822216],[12.219206,48.5823496],[12.2191776,48.5823418],[12.2191539,48.5823526],[12.2191466,48.5823715],[12.219165,48.5823883],[12.2190371,48.5825166],[12.2190087,48.5825088],[12.218985,48.5825196],[12.2189777,48.5825385],[12.2189951,48.5825563],[12.2188746,48.5826768],[12.2188071,48.582647],[12.2187914,48.5826423],[12.2187737,48.5826473],[12.2187636,48.5826552],[12.2187545,48.5826721],[12.2187609,48.582698],[12.218769,48.582709],[12.2187891,48.58272],[12.218361,48.5831433],[12.2178594,48.5829216],[12.2177247,48.5829405],[12.2168472,48.5831106],[12.2164097,48.583104],[12.2159009,48.5830866],[12.2155902,48.5830188],[12.2153331,48.5829432],[12.2149535,48.5827758],[12.2143417,48.5824558],[12.2133374,48.581947],[12.2131374,48.5818174],[12.2129905,48.58165],[12.2128654,48.5814021],[12.2132771,48.5810656],[12.2145704,48.580612],[12.2158578,48.5801594],[12.2177699,48.5794746],[12.2182917,48.5793012],[12.2184454,48.5794967],[12.2187321,48.5799313],[12.2190285,48.5805418],[12.2194038,48.5817565],[12.2194899,48.5820489]]]},"properties":{"osm_id":821127728,"osm_type":"way","seamark_type":"restricted_area","display_class":"OTHER","min_zoom":12,"importance":1,"name":null,"ref":null,"common":{"type":"restricted_area"},"children":{"restricted_area":{"restriction":"no_entry"}},"osm_tags":{"area":"yes","seamark:restricted_area:restriction":"no_entry","seamark:type":"restricted_area"}}},{"type":"Feature","geometry":{"type":"Polygon","coordinates":[[[12.3593196,48.6265397],[12.359254,48.6265384],[12.3591227,48.6264937],[12.359067,48.6264424],[12.3590789,48.626378],[12.3591366,48.6263372],[12.3592421,48.6263162],[12.3593753,48.626307],[12.359439,48.6263385],[12.3594708,48.6263898],[12.3594609,48.6264582],[12.3594072,48.6265095],[12.3593196,48.6265397]]]},"properties":{"osm_id":821490739,"osm_type":"way","seamark_type":"seabed_area","display_class":"OTHER","min_zoom":12,"importance":1,"name":null,"ref":null,"common":{"type":"seabed_area"},"children":{"seabed_area":{"surface":"sand","water_level":"submerged"}},"osm_tags":{"area":"yes","depth":"1m","natural":"reef","seamark:seabed_area:surface":"sand","seamark:seabed_area:water_level":"submerged","seamark:type":"seabed_area"}}},{"type":"Feature","geometry":{"type":"Polygon","coordinates":[[[12.3585009,48.6284426],[12.3587286,48.6281814],[12.3587996,48.6281119],[12.3588832,48.6280234],[12.3589544,48.6279331],[12.3583171,48.6276745],[12.3581938,48.6276249],[12.3578642,48.6275017],[12.3577314,48.6274521],[12.3573607,48.6273055],[12.3570348,48.6271767],[12.3566997,48.6270442],[12.356681,48.6270636],[12.3566218,48.6271253],[12.3563808,48.6273005],[12.3562369,48.6273139],[12.3560722,48.6273182],[12.3558793,48.6273596],[12.3558771,48.6274503],[12.3560648,48.6274686],[12.3585009,48.6284426]]]},"properties":{"osm_id":821490744,"osm_type":"way","seamark_type":"restricted_area","display_class":"OTHER","min_zoom":12,"importance":1,"name":null,"ref":null,"common":{"type":"restricted_area"},"children":{"restricted_area":{"restriction":"no_entry"}},"osm_tags":{"area":"yes","seamark:restricted_area:restriction":"no_entry","seamark:type":"restricted_area","swimming":"no"}}},{"type":"Feature","geometry":{"type":"LineString","coordinates":[[12.0120694,48.4814617],[12.0121688,48.4814547],[12.0123381,48.4814518],[12.0124973,48.481449],[12.0126934,48.4814478],[12.0128874,48.4814416],[12.0130607,48.4814379],[12.0132442,48.4814302],[12.0134298,48.4814274],[12.0136011,48.4814244],[12.0137665,48.481422],[12.0138665,48.4814164]]},"properties":{"osm_id":827913269,"osm_type":"way","seamark_type":"cable_submarine","display_class":"OTHER","min_zoom":12,"importance":1,"name":null,"ref":null,"common":{"type":"cable_submarine"},"children":{"cable_submarine":{"category":"disused"}},"osm_tags":{"seamark:cable_submarine:category":"disused","seamark:type":"cable_submarine"}}},{"type":"Feature","geometry":{"type":"LineString","coordinates":[[12.0728903,48.5069019],[12.0723657,48.5066799]]},"properties":{"osm_id":844078292,"osm_type":"way","seamark_type":"small_craft_facility","display_class":"OTHER","min_zoom":12,"importance":1,"name":null,"ref":null,"common":{"type":"small_craft_facility"},"children":{"small_craft_facility":{"category":"slipway"}},"osm_tags":{"highway":"service","lanes":"1","leisure":"slipway","seamark:small_craft_facility:category":"slipway","seamark:type":"small_craft_facility","service":"slipway","surface":"concrete"}}},{"type":"Feature","geometry":{"type":"LineString","coordinates":[[12.0723657,48.5066799],[12.0722306,48.5066243]]},"properties":{"osm_id":844079051,"osm_type":"way","seamark_type":"small_craft_facility","display_class":"OTHER","min_zoom":12,"importance":1,"name":null,"ref":null,"common":{"type":"small_craft_facility"},"children":{"small_craft_facility":{"category":"slipway"}},"osm_tags":{"flood_prone":"yes","highway":"service","lanes":"1","leisure":"slipway","seamark:small_craft_facility:category":"slipway","seamark:type":"small_craft_facility","service":"slipway","surface":"concrete"}}},{"type":"Feature","geometry":{"type":"Polygon","coordinates":[[[12.1640051,48.5464292],[12.1644142,48.5466398],[12.1644825,48.5465892],[12.1640825,48.546365],[12.1640051,48.5464292]]]},"properties":{"osm_id":993269764,"osm_type":"way","seamark_type":"fairway","display_class":"OTHER","min_zoom":12,"importance":1,"name":null,"ref":null,"common":{"type":"fairway"},"children":{},"osm_tags":{"area":"yes","seamark:type":"fairway"}}},{"type":"Feature","geometry":{"type":"Polygon","coordinates":[[[12.4885881,48.9638674],[12.488673,48.9638622],[12.4886679,48.9638268],[12.488665,48.9638069],[12.4885802,48.9638122],[12.4885881,48.9638674]]]},"properties":{"osm_id":1012330222,"osm_type":"way","seamark_type":"landmark","display_class":"OTHER","min_zoom":12,"importance":1,"name":null,"ref":null,"common":{"type":"landmark"},"children":{"landmark":{"category":"tower","conspicuity":"conspicuous","function":"church"}},"osm_tags":{"building":"yes","man_made":"tower","seamark:landmark:category":"tower","seamark:landmark:conspicuity":"conspicuous","seamark:landmark:function":"church","seamark:type":"landmark","tower:type":"bell_tower"}}},{"type":"Feature","geometry":{"type":"Polygon","coordinates":[[[12.7744934,48.8766721],[12.7744387,48.8766672],[12.7744463,48.8766303],[12.7745022,48.8766353],[12.7744934,48.8766721]]]},"properties":{"osm_id":1013393762,"osm_type":"way","seamark_type":"landmark","display_class":"OTHER","min_zoom":12,"importance":1,"name":null,"ref":null,"common":{"type":"landmark"},"children":{"landmark":{"category":"tower","conspicuity":"conspicuous","function":"church"}},"osm_tags":{"building":"yes","man_made":"tower","seamark:landmark:category":"tower","seamark:landmark:conspicuity":"conspicuous","seamark:landmark:function":"church","seamark:type":"landmark","tower:type":"bell_tower"}}},{"type":"Feature","geometry":{"type":"LineString","coordinates":[[12.8370792,48.0271718],[12.8353585,48.0264641]]},"properties":{"osm_id":1200918743,"osm_type":"way","seamark_type":"cable_overhead","display_class":"OTHER","min_zoom":12,"importance":1,"name":null,"ref":null,"common":{"type":"cable_overhead"},"children":{},"osm_tags":{"aerialway":"goods","description":"Seilanlage. Vermutlich zur Ausbaggerung.Am Ufer mit \"Gefahr Danger Achtung Baggerung bei Blinklicht anlegen\" beschildert","seamark:type":"cable_overhead"}}},{"type":"Feature","geometry":{"type":"Polygon","coordinates":[[[12.8536545,48.1797569],[12.8541715,48.1801264],[12.8541435,48.1796828],[12.8538254,48.1794653],[12.85309,48.1793357],[12.8536545,48.1797569]]]},"properties":{"osm_id":1202427795,"osm_type":"way","seamark_type":"restricted_area","display_class":"OTHER","min_zoom":12,"importance":1,"name":null,"ref":null,"common":{"type":"restricted_area"},"children":{"restricted_area":{"restriction":"no_entry"}},"osm_tags":{"access":"no","description":"Sog der Ansaugstelle","seamark:restricted_area:restriction":"no_entry","seamark:type":"restricted_area"}}},{"type":"Feature","geometry":{"type":"LineString","coordinates":[[12.342213,48.977295],[12.342182,48.977409],[12.342268,48.977512]]},"properties":{"osm_id":1216409506,"osm_type":"way","seamark_type":"gate","display_class":"OTHER","min_zoom":12,"importance":1,"name":null,"ref":null,"common":{"type":"gate"},"children":{},"osm_tags":{"maxwidth":"24","seamark:type":"gate","waterway":"lock_gate"}}},{"type":"Feature","geometry":{"type":"LineString","coordinates":[[12.345819,48.977169],[12.345726,48.977051],[12.34576,48.976917]]},"properties":{"osm_id":1216409507,"osm_type":"way","seamark_type":"gate","display_class":"OTHER","min_zoom":12,"importance":1,"name":null,"ref":null,"common":{"type":"gate"},"children":{},"osm_tags":{"maxwidth":"24","seamark:type":"gate","waterway":"lock_gate"}}},{"type":"Feature","geometry":{"type":"LineString","coordinates":[[12.0142974,48.926118],[12.0142888,48.9261092],[12.0142968,48.9260985]]},"properties":{"osm_id":1290011950,"osm_type":"way","seamark_type":"gate","display_class":"OTHER","min_zoom":12,"importance":1,"name":null,"ref":null,"common":{"type":"gate"},"children":{},"osm_tags":{"seamark:type":"gate","waterway":"lock_gate"}}},{"type":"Feature","geometry":{"type":"LineString","coordinates":[[12.0131499,48.9261342],[12.0131495,48.9261243],[12.0131493,48.9261148]]},"properties":{"osm_id":1290011953,"osm_type":"way","seamark_type":"gate","display_class":"OTHER","min_zoom":12,"importance":1,"name":null,"ref":null,"common":{"type":"gate"},"children":{},"osm_tags":{"seamark:type":"gate","waterway":"lock_gate"}}},{"type":"Feature","geometry":{"type":"LineString","coordinates":[[12.5555486,48.8997489],[12.5555643,48.8998584],[12.555584,48.8999831]]},"properties":{"osm_id":1290782548,"osm_type":"way","seamark_type":"gate","display_class":"OTHER","min_zoom":12,"importance":1,"name":null,"ref":null,"common":{"type":"gate"},"children":{},"osm_tags":{"seamark:type":"gate","waterway":"lock_gate"}}},{"type":"Feature","geometry":{"type":"Polygon","coordinates":[[[12.8043365,48.8266698],[12.8043239,48.8266467],[12.8042868,48.8266554],[12.8042994,48.8266785],[12.8043365,48.8266698]]]},"properties":{"osm_id":1301325560,"osm_type":"way","seamark_type":"landmark","display_class":"OTHER","min_zoom":12,"importance":1,"name":null,"ref":null,"common":{"type":"landmark"},"children":{"landmark":{"category":"tower","conspicuity":"conspicuous","function":"tower"}},"osm_tags":{"building":"bell_tower","man_made":"tower","seamark:landmark:category":"tower","seamark:landmark:conspicuity":"conspicuous","seamark:landmark:function":"tower","seamark:type":"landmark","tower:type":"bell_tower"}}},{"type":"Feature","geometry":{"type":"LineString","coordinates":[[12.5519817,48.9000178],[12.5519223,48.8999086],[12.5519718,48.8998052]]},"properties":{"osm_id":1320067876,"osm_type":"way","seamark_type":"gate","display_class":"OTHER","min_zoom":12,"importance":1,"name":null,"ref":null,"common":{"type":"gate"},"children":{},"osm_tags":{"seamark:type":"gate","waterway":"lock_gate"}}},{"type":"Feature","geometry":{"type":"LineString","coordinates":[[12.555584,48.8999831],[12.5555486,48.8997489]]},"properties":{"osm_id":1320067877,"osm_type":"way","seamark_type":"gate","display_class":"OTHER","min_zoom":12,"importance":1,"name":null,"ref":null,"common":{"type":"gate"},"children":{},"osm_tags":{"seamark:type":"gate","waterway":"lock_gate"}}},{"type":"Feature","geometry":{"type":"Polygon","coordinates":[[[12.1507264,48.5383793],[12.1510343,48.5388497],[12.15105,48.5388884],[12.151228,48.5391275],[12.1512981,48.5391922],[12.1514241,48.5392585],[12.1515544,48.5393562],[12.1515818,48.5393691],[12.1519441,48.539537],[12.1522567,48.5396702],[12.152591,48.5397949],[12.1532535,48.5400473],[12.1535134,48.5401485],[12.1536367,48.5402051],[12.153706,48.5402573],[12.1541651,48.5404239],[12.154219,48.5404438],[12.1543,48.5404701],[12.1543138,48.5404746],[12.1543335,48.5404807],[12.1543856,48.540497],[12.1547165,48.5406],[12.1552281,48.540766],[12.1554249,48.540875],[12.1556135,48.5409492],[12.1558758,48.5410329],[12.1562028,48.540595],[12.1559873,48.5404855],[12.1558014,48.5403159],[12.1558094,48.5402751],[12.1556373,48.540206],[12.155174,48.5400344],[12.1550897,48.5401362],[12.155175,48.5401671],[12.1551581,48.5401871],[12.1550753,48.5401589],[12.1549965,48.5402555],[12.1550832,48.5402867],[12.1550587,48.5403169],[12.1546505,48.5401722],[12.1546028,48.5401862],[12.1545584,48.5401728],[12.1545741,48.5401526],[12.1546146,48.5401082],[12.1547731,48.5398987],[12.1544006,48.5397805],[12.1542188,48.5396926],[12.1537689,48.5395655],[12.1530095,48.5393495],[12.1527407,48.5392528],[12.1524642,48.5391499],[12.1519338,48.538936],[12.1518618,48.5389021],[12.1517619,48.5388528],[12.1516651,48.5387943],[12.1515759,48.5387262],[12.1514586,48.5386232],[12.1513364,48.538509],[12.1512652,48.5384324],[12.1511991,48.5383286],[12.1511182,48.538195],[12.151012,48.5380782],[12.1509139,48.5379736],[12.1508551,48.5379004],[12.1508186,48.5378337],[12.1507507,48.5376931],[12.1506369,48.5374968],[12.1505551,48.5373935],[12.1504902,48.5373085],[12.1504114,48.5372051],[12.1503464,48.5370901],[12.150397,48.5370737],[12.1502916,48.5369424],[12.1502328,48.536894],[12.1502035,48.5368718],[12.1501451,48.536826],[12.149825,48.5365751],[12.1495804,48.5363759],[12.1492946,48.5361419],[12.1489695,48.5358785],[12.1487964,48.5357876],[12.1487671,48.5357725],[12.1488007,48.5357565],[12.1484228,48.5355373],[12.1481562,48.5354041],[12.1480588,48.5353582],[12.1479511,48.5353075],[12.1476855,48.5351765],[12.1472558,48.5348728],[12.1472911,48.5348539],[12.146685,48.5344194],[12.1466142,48.5343365],[12.1461883,48.5338379],[12.1457534,48.5333343],[12.1448723,48.5335962],[12.1449237,48.5336494],[12.1449611,48.5336914],[12.1452546,48.5340574],[12.14556,48.5343443],[12.1459293,48.5347563],[12.1461085,48.5349627],[12.1461766,48.5350432],[12.1461704,48.5350507],[12.1461574,48.5350545],[12.1461401,48.5350541],[12.1461254,48.5350523],[12.1461087,48.5350463],[12.1456407,48.5347516],[12.1456335,48.5347456],[12.1456308,48.5347393],[12.1455344,48.5345253],[12.1453089,48.5342713],[12.1452744,48.5342361],[12.1452581,48.5342241],[12.1452419,48.5342207],[12.1452183,48.5342238],[12.1452074,48.5342333],[12.1452006,48.5342465],[12.1454114,48.5345076],[12.1454187,48.5345314],[12.145413,48.5345601],[12.145397,48.5345712],[12.1453777,48.5345743],[12.1453543,48.5345701],[12.1450593,48.5343789],[12.1446177,48.5340353],[12.1445124,48.5339535],[12.1444431,48.533948],[12.1443981,48.5339581],[12.1443893,48.5339848],[12.1444026,48.534018],[12.144807,48.5343475],[12.1454623,48.5347734],[12.1458432,48.534974],[12.146085,48.5350926],[12.1465339,48.5353574],[12.1470259,48.5356645],[12.1471936,48.5357897],[12.1472709,48.5358431],[12.1474316,48.5359283],[12.14768,48.5360916],[12.1477928,48.5361843],[12.1478405,48.5363385],[12.147842,48.5363511],[12.1478432,48.5363612],[12.1478438,48.5363737],[12.1478475,48.5364279],[12.1478709,48.5365628],[12.1479017,48.5366485],[12.1479201,48.5368701],[12.1480046,48.5373417],[12.1482959,48.5373059],[12.1485647,48.5372835],[12.1485854,48.5372677],[12.1486025,48.5372575],[12.1486167,48.5372451],[12.1485991,48.5372354],[12.1485966,48.5372234],[12.148723,48.5370721],[12.1488166,48.5369151],[12.1486319,48.5368657],[12.1485738,48.5368947],[12.1485618,48.5368826],[12.1486032,48.536858],[12.1486564,48.5367707],[12.1486598,48.5367652],[12.1486239,48.5367641],[12.1486018,48.5367685],[12.1485756,48.5367806],[12.1485621,48.5367764],[12.1485626,48.5367671],[12.1485937,48.5367571],[12.1486107,48.5367412],[12.1485964,48.5366166],[12.148571,48.5363922],[12.1485536,48.5363881],[12.1485429,48.5363194],[12.1485428,48.5363142],[12.1485416,48.5363061],[12.1485373,48.5362618],[12.1485564,48.5362524],[12.1485831,48.5362546],[12.1485931,48.5362711],[12.1486112,48.5362833],[12.1487927,48.5364028],[12.1487904,48.5364129],[12.1486779,48.5366306],[12.1490504,48.5367115],[12.1491469,48.5366943],[12.1491568,48.5366943],[12.1493745,48.5368649],[12.1496393,48.537087],[12.1496549,48.5370996],[12.1499268,48.5373242],[12.1500963,48.5375285],[12.1502256,48.5377072],[12.1502845,48.5377865],[12.150341,48.5378625],[12.1504259,48.5379822],[12.1505224,48.5381016],[12.1506601,48.538256],[12.1506717,48.5382696],[12.1506468,48.5382786],[12.1507264,48.5383793]]]},"properties":{"osm_id":1359146849,"osm_type":"way","seamark_type":"restricted_area","display_class":"OTHER","min_zoom":12,"importance":1,"name":null,"ref":null,"common":{"type":"restricted_area"},"children":{"restricted_area":{"category":"safety","restriction":"no_entry"}},"osm_tags":{"seamark:restricted_area:category":"safety","seamark:restricted_area:restriction":"no_entry","seamark:type":"restricted_area"}}},{"type":"Feature","geometry":{"type":"LineString","coordinates":[[12.9453171,48.7748303],[12.9452112,48.7748818]]},"properties":{"osm_id":1365586467,"osm_type":"way","seamark_type":"gate","display_class":"OTHER","min_zoom":12,"importance":1,"name":null,"ref":null,"common":{"type":"gate"},"children":{},"osm_tags":{"seamark:type":"gate","waterway":"lock_gate"}}},{"type":"Feature","geometry":{"type":"LineString","coordinates":[[12.0026671,48.9664311],[12.0034189,48.9650055]]},"properties":{"osm_id":1507150351,"osm_type":"way","seamark_type":"cable_overhead","display_class":"OTHER","min_zoom":12,"importance":1,"name":null,"ref":null,"common":{"type":"cable_overhead"},"children":{"cable_overhead":{"category":"ferry","clearance_height_safe":"9.9"}},"osm_tags":{"river:waterway_distance":"2393.1","seamark:cable_overhead:category":"ferry","seamark:cable_overhead:clearance_height_safe":"9.9","seamark:type":"cable_overhead"}}},{"type":"Feature","geometry":{"type":"Point","coordinates":[12.6448179,48.9044088]},"properties":{"osm_id":1565186380,"osm_type":"node","seamark_type":"harbour","display_class":"OTHER","min_zoom":12,"importance":1,"name":"1. Motorboot und Wasserskiclub e.V.","ref":null,"common":{"name":"1. Motorboot und Wasserskiclub e.V.","type":"harbour"},"children":{"harbour":{"category":"marina_no_facilities"}},"osm_tags":{"description":"km 2314 RU; Strom, Dusche/WC; Boote bis max. 3t","email":"mail@mwsc.de","leisure":"marina","name":"1. Motorboot und Wasserskiclub e.V.","phone":"+49 9421 9749805","seamark:harbour:category":"marina_no_facilities","seamark:name":"1. Motorboot und Wasserskiclub e.V.","seamark:type":"harbour","website":"https://www.mwsc.de/"}}},{"type":"Feature","geometry":{"type":"Point","coordinates":[12.91415,48.8442335]},"properties":{"osm_id":2123785282,"osm_type":"node","seamark_type":"harbour","display_class":"OTHER","min_zoom":12,"importance":1,"name":"1. Motorbootclub Deggendorf","ref":null,"common":{"name":"1. Motorbootclub Deggendorf","type":"harbour"},"children":{"harbour":{"category":"marina_no_facilities"}},"osm_tags":{"check_date":"2024-04-18","description":"km 2288,5 LU; Strom, Dusche/WC, Grillplatz, Slipway; geringe Tiefe (bei Niedrigwasser nur 0,5m bis 0,8m!)","email":"vorstand@motorbootclub-deggendorf.de","leisure":"marina","name":"1. Motorbootclub Deggendorf","phone":"+49 9901 3404","seamark:harbour:category":"marina_no_facilities","seamark:name":"1. Motorbootclub Deggendorf","seamark:type":"harbour","website":"https://www.motorbootclub-deggendorf.de/"}}},{"type":"Feature","geometry":{"type":"Polygon","coordinates":[[[12.9074729,48.846123],[12.9064692,48.8462281],[12.9061328,48.8462254],[12.9061843,48.8461731],[12.9065128,48.8460986],[12.9066022,48.8460334],[12.9070901,48.8460076],[12.9073449,48.8460372],[12.9074712,48.8460751],[12.9074729,48.846123]]]},"properties":{"osm_id":1173091565,"osm_type":"way","seamark_type":"harbour","display_class":"OTHER","min_zoom":12,"importance":1,"name":"1. Motorbootclub Deggendorf","ref":null,"common":{"name":"1. Motorbootclub Deggendorf","type":"harbour"},"children":{"harbour":{"category":"marina_no_facilities"}},"osm_tags":{"club":"boot","leisure":"marina","name":"1 MSC Metten","seamark:harbour:category":"marina_no_facilities","seamark:name":"1. Motorbootclub Deggendorf","seamark:type":"harbour"}}},{"type":"Feature","geometry":{"type":"Point","coordinates":[12.5808435,48.8973012]},"properties":{"osm_id":1763132475,"osm_type":"node","seamark_type":"bridge","display_class":"OTHER","min_zoom":12,"importance":1,"name":"Agnes-Bernauer-Brücke","ref":null,"common":{"name":"Agnes-Bernauer-Brücke","type":"bridge"},"children":{"bridge":{"category":"fixed","clearance_height":"8.85","clearance_width":"66.55"}},"osm_tags":{"maxheight":"8.85","maxwidth":"66.55","obstacle":"bridge","obstacle_name":"Agnes-Bernauer-Brücke","river:waterway_distance":"2320","seamark:bridge:category":"fixed","seamark:bridge:clearance_height":"8.85","seamark:bridge:clearance_width":"66.55","seamark:name":"Agnes-Bernauer-Brücke","seamark:type":"bridge","source":"elwis.de"}}},{"type":"Feature","geometry":{"type":"Polygon","coordinates":[[[12.0351476,48.992163],[12.0350679,48.9921435],[12.034836,48.9920869],[12.0348024,48.9921461],[12.0350343,48.9922028],[12.0351139,48.9922223],[12.0351476,48.992163]]]},"properties":{"osm_id":28013993,"osm_type":"way","seamark_type":"landmark","display_class":"OTHER","min_zoom":12,"importance":1,"name":"Alte Kirche","ref":null,"common":{"type":"landmark"},"children":{"landmark":{"category":"tower","conspicuity":"conspicuous","function":"church"}},"osm_tags":{"addr:city":"Sinzing","addr:housenumber":"2","addr:postcode":"93161","addr:street":"Laberstraße","amenity":"place_of_worship","building":"yes","denomination":"catholic","name":"Alte Kirche","religion":"christian","seamark:landmark:category":"tower","seamark:landmark:conspicuity":"conspicuous","seamark:landmark:function":"church","seamark:type":"landmark","wheelchair":"no","wikidata":"Q41417379","wikimedia_commons":"Category:Mariä Himmelfahrt (Sinzing)","wikipedia":"de:Mariä Himmelfahrt (Sinzing)"}}},{"type":"Feature","geometry":{"type":"Polygon","coordinates":[[[12.6386018,48.8944547],[12.6387106,48.8944503],[12.6387048,48.8943963],[12.6385968,48.8944005],[12.6385813,48.8944067],[12.6385721,48.8944145],[12.6385673,48.8944242],[12.6385684,48.8944349],[12.6385748,48.8944435],[12.6385866,48.8944502],[12.6386018,48.8944547]]]},"properties":{"osm_id":260309516,"osm_type":"way","seamark_type":"landmark","display_class":"OTHER","min_zoom":12,"importance":1,"name":"Aukirche","ref":null,"common":{"type":"landmark"},"children":{"landmark":{"category":"tower","conspicuity":"conspicuous","function":"church"}},"osm_tags":{"amenity":"place_of_worship","building":"church","name":"Aukirche","religion":"christian","seamark:landmark:category":"tower","seamark:landmark:conspicuity":"conspicuous","seamark:landmark:function":"church","seamark:type":"landmark"}}},{"type":"Feature","geometry":{"type":"Point","coordinates":[12.9705662,48.8088751]},"properties":{"osm_id":1763147679,"osm_type":"node","seamark_type":"bridge","display_class":"OTHER","min_zoom":12,"importance":1,"name":"Autobahnbrücke Deggenau","ref":null,"common":{"name":"Autobahnbrücke Deggenau","type":"bridge"},"children":{"bridge":{"category":"fixed","clearance_height":"9.65","clearance_width":"82.9"}},"osm_tags":{"maxheight":"9.65","maxwidth":"82.9","obstacle":"bridge","obstacle_name":"Autobahnbrücke Deggenau","river:waterway_distance":"2282.52","seamark:bridge:category":"fixed","seamark:bridge:clearance_height":"9.65","seamark:bridge:clearance_width":"82.9","seamark:name":"Autobahnbrücke Deggenau","seamark:type":"bridge","source":"elwis.de"}}},{"type":"Feature","geometry":{"type":"Point","coordinates":[12.9485367,48.8285588]},"properties":{"osm_id":1763147681,"osm_type":"node","seamark_type":"bridge","display_class":"OTHER","min_zoom":12,"importance":1,"name":"Autobahnbrücke Fischerdorf","ref":null,"common":{"name":"Autobahnbrücke Fischerdorf","type":"bridge"},"children":{"bridge":{"category":"fixed","clearance_height":"8.40","clearance_width":"89.85"}},"osm_tags":{"maxheight":"8.40","maxwidth":"89.85","obstacle":"bridge","obstacle_name":"Autobahnbrücke Fischerdorf","river:waterway_distance":"2285.49","seamark:bridge:category":"fixed","seamark:bridge:clearance_height":"8.40","seamark:bridge:clearance_width":"89.85","seamark:name":"Autobahnbrücke Fischerdorf","seamark:type":"bridge","source":"elwis.de"}}},{"type":"Feature","geometry":{"type":"Point","coordinates":[12.8926602,48.8443404]},"properties":{"osm_id":301908431,"osm_type":"node","seamark_type":"bridge","display_class":"OTHER","min_zoom":12,"importance":1,"name":"Autobahnbrücke Metten","ref":null,"common":{"name":"Autobahnbrücke Metten","type":"bridge"},"children":{"bridge":{"category":"fixed","clearance_height":"8.4","clearance_width":"71.40"}},"osm_tags":{"maxheight":"8.60","maxwidth":"71.40","obstacle":"bridge","obstacle_name":"Autobahnbrücke Metten","river:waterway_distance":"2290.12","seamark:bridge:category":"fixed","seamark:bridge:clearance_height":"8.4","seamark:bridge:clearance_width":"71.40","seamark:name":"Autobahnbrücke Metten","seamark:type":"bridge","source":"elwis.de"}}},{"type":"Feature","geometry":{"type":"Point","coordinates":[12.0403709,48.9989829]},"properties":{"osm_id":33260170,"osm_type":"node","seamark_type":"bridge","display_class":"OTHER","min_zoom":12,"importance":1,"name":"Autobahnbrücke Sinzig","ref":null,"common":{"name":"Autobahnbrücke Sinzig","type":"bridge"},"children":{"bridge":{"category":"fixed","clearance_height":"10","clearance_width":"49.25"}},"osm_tags":{"maxheight":"10","maxwidth":"49.25","obstacle":"bridge","obstacle_name":"Autobahnbrücke Sinzig","river:waterway_distance":"2387.590","seamark:bridge:category":"fixed","seamark:bridge:clearance_height":"10","seamark:bridge:clearance_width":"49.25","seamark:name":"Autobahnbrücke Sinzig","seamark:type":"bridge","source":"elwis.de"}}},{"type":"Feature","geometry":{"type":"Point","coordinates":[12.3438785,48.9980466]},"properties":{"osm_id":33260018,"osm_type":"node","seamark_type":"bridge","display_class":"OTHER","min_zoom":12,"importance":1,"name":"Autobahnbrücke Wörth","ref":null,"common":{"name":"Autobahnbrücke Wörth","type":"bridge"},"children":{"bridge":{"category":"fixed","clearance_height":"8.1","clearance_width":"138.45"}},"osm_tags":{"maxheight":"8.1","maxwidth":"138.45","obstacle":"bridge","obstacle_name":"Autobahnbrücke Wörth","river:waterway_distance":"2358.26","seamark:bridge:category":"fixed","seamark:bridge:clearance_height":"8.1","seamark:bridge:clearance_width":"138.45","seamark:name":"Autobahnbrücke Wörth","seamark:type":"bridge","source":"elwis.de"}}},{"type":"Feature","geometry":{"type":"Point","coordinates":[12.0133403,48.9470697]},"properties":{"osm_id":2312739055,"osm_type":"node","seamark_type":"radio_station","display_class":"OTHER","min_zoom":12,"importance":1,"name":"Bad Abbach","ref":null,"common":{"name":"Bad Abbach","type":"radio_station"},"children":{"radio_station":{"category":"dgps","frequency":"314500","range":"121.5"}},"osm_tags":{"communication:dgps":"yes","designation":"DGPS Bad Abbach","dgps:datarate":"100 B/s","dgps:frequency":"314.5 kHz","dgps:messagetype":"RTCM SC 104 (9, 3, 6, 7, 16)","dgps:range":"225 km","dgps:stationid":"765","frequency":"314.5 kHz","height":"25.2 m","man_made":"mast","name":"DGPS-Sender Bad Abbach","operator":"Wasserstraßen- und Schifffahrtsverwaltung des Bundes","seamark:name":"Bad Abbach","seamark:radio_station:category":"dgps","seamark:radio_station:frequency":"314500","seamark:radio_station:range":"121.5","seamark:type":"radio_station","tower:construction":"freestanding","tower:type":"communication","url":"https://www.abvt.wsv.de/Webs/WSA/ABVT/DE/DGNSS/DGNSS_node.html"}}},{"type":"Feature","geometry":{"type":"Polygon","coordinates":[[[12.5717727,48.8853894],[12.5717685,48.8853679],[12.5717532,48.8853486],[12.5717289,48.8853339],[12.5717109,48.885329],[12.5716984,48.8853256],[12.5716655,48.8853246],[12.571634,48.8853312],[12.5716077,48.8853444],[12.57159,48.8853627],[12.5715828,48.8853838],[12.5715871,48.8854054],[12.5716023,48.8854246],[12.5716266,48.8854393],[12.5716571,48.8854476],[12.5716901,48.8854486],[12.5717216,48.8854421],[12.5717478,48.8854289],[12.5717656,48.8854106],[12.5717727,48.8853894]]]},"properties":{"osm_id":225427612,"osm_type":"way","seamark_type":"landmark","display_class":"OTHER","min_zoom":12,"importance":1,"name":"Bastion des Schöpfwerkes","ref":null,"common":{"type":"landmark"},"children":{"landmark":{"category":"monument","conspicuity":"conspicuous"}},"osm_tags":{"alt_name":"Adler","building":"yes","man_made":"tower","name":"Bastion des Schöpfwerkes","seamark:landmark:category":"monument","seamark:landmark:conspicuity":"conspicuous","seamark:type":"landmark","tower:type":"defensive"}}},{"type":"Feature","geometry":{"type":"Point","coordinates":[12.0166769,48.9455984]},"properties":{"osm_id":1914135046,"osm_type":"node","seamark_type":"bridge","display_class":"OTHER","min_zoom":12,"importance":1,"name":"Betriebswegbrücke","ref":null,"common":{"name":"Betriebswegbrücke","type":"bridge"},"children":{"bridge":{"category":"fixed"}},"osm_tags":{"seamark:bridge:category":"fixed","seamark:name":"Betriebswegbrücke","seamark:type":"bridge"}}},{"type":"Feature","geometry":{"type":"Point","coordinates":[12.6795263,48.903613]},"properties":{"osm_id":1763147687,"osm_type":"node","seamark_type":"bridge","display_class":"OTHER","min_zoom":12,"importance":1,"name":"Eisenbahnbrücke Bogen","ref":null,"common":{"name":"Eisenbahnbrücke Bogen","type":"bridge"},"children":{"bridge":{"category":"fixed","clearance_height":"5","clearance_width":"43.95"}},"osm_tags":{"maxheight":"5","maxwidth":"43.95","obstacle":"bridge","obstacle_name":"Eisenbahnbrücke Bogen","river:waterway_distance":"2311.27","seamark:bridge:category":"fixed","seamark:bridge:clearance_height":"5","seamark:bridge:clearance_width":"43.95","seamark:name":"Eisenbahnbrücke Bogen","seamark:type":"bridge","source":"elwis.de"}}},{"type":"Feature","geometry":{"type":"Point","coordinates":[12.9440274,48.8301936]},"properties":{"osm_id":301908434,"osm_type":"node","seamark_type":"bridge","display_class":"OTHER","min_zoom":12,"importance":1,"name":"Eisenbahnbrücke Deggendorf","ref":null,"common":{"name":"Eisenbahnbrücke Deggendorf","type":"bridge"},"children":{"bridge":{"category":"fixed","clearance_height":"4.7","clearance_width":"40.05"}},"osm_tags":{"maxheight":"4.70","maxwidth":"40.05","obstacle":"bridge","obstacle_name":"Eisenbahnbrücke Deggendorf","river:waterway_distance":"2285.87","seamark:bridge:category":"fixed","seamark:bridge:clearance_height":"4.7","seamark:bridge:clearance_width":"40.05","seamark:name":"Eisenbahnbrücke Deggendorf","seamark:type":"bridge","source":"elwis.de","wikidata":"Q122674236"}}},{"type":"Feature","geometry":{"type":"Point","coordinates":[12.0102508,48.9269056]},"properties":{"osm_id":1763132497,"osm_type":"node","seamark_type":"bridge","display_class":"OTHER","min_zoom":12,"importance":1,"name":"Eisenbahnbrücke Poikam","ref":null,"common":{"name":"Eisenbahnbrücke Poikam","type":"bridge"},"children":{"bridge":{"category":"fixed","clearance_height":"7.05","clearance_width":"28.75"}},"osm_tags":{"maxheight":"7.05","maxwidth":"28.75","obstacle":"bridge","obstacle_name":"Eisenbahnbrücke Poikam","river:waterway_distance":"2401.920","seamark:bridge:category":"fixed","seamark:bridge:clearance_height":"7.05","seamark:bridge:clearance_width":"28.75","seamark:name":"Eisenbahnbrücke Poikam","seamark:type":"bridge","source":"elwis.de"}}},{"type":"Feature","geometry":{"type":"Point","coordinates":[12.0111579,48.928071]},"properties":{"osm_id":1763132498,"osm_type":"node","seamark_type":"bridge","display_class":"OTHER","min_zoom":12,"importance":1,"name":"Eisenbahnbrücke Poikam","ref":null,"common":{"name":"Eisenbahnbrücke Poikam","type":"bridge"},"children":{"bridge":{"category":"fixed","clearance_height":"7.05","clearance_width":"28.75"}},"osm_tags":{"maxheight":"7.05","maxwidth":"28.75","obstacle":"bridge","obstacle_name":"Eisenbahnbrücke Poikam","river:waterway_distance":"2401.920","seamark:bridge:category":"fixed","seamark:bridge:clearance_height":"7.05","seamark:bridge:clearance_width":"28.75","seamark:name":"Eisenbahnbrücke Poikam","seamark:type":"bridge","source":"elwis.de"}}},{"type":"Feature","geometry":{"type":"LineString","coordinates":[[12.0102557,48.9268858],[12.0102399,48.9268655],[12.0100338,48.9265993]]},"properties":{"osm_id":5009829,"osm_type":"way","seamark_type":"bridge","display_class":"OTHER","min_zoom":12,"importance":1,"name":"Eisenbahnbrücke Poikam","ref":"5851","common":{"name":"Eisenbahnbrücke Poikam","type":"bridge"},"children":{"bridge":{"clearance_height":"7.05"}},"osm_tags":{"bridge":"yes","electrified":"contact_line","frequency":"16.7","gauge":"1435","layer":"1","maxspeed":"110","name":"Regensburg Hbf -- Ingolstadt Nord","operator":"DB InfraGO AG","passenger_lines":"1","railway":"rail","railway:etcs":"no","railway:pzb":"yes","railway:radio":"gsm-r","railway:tilting":"no","railway:track_class":"D4","railway:traffic_mode":"mixed","ref":"5851","seamark:bridge:clearance_height":"7.05","seamark:name":"Eisenbahnbrücke Poikam","seamark:type":"bridge","usage":"main","voltage":"15000","website":"https://dbinfrago.com","wikidata":"Q122870674","wikipedia":"de:DB InfraGO"}}},{"type":"Feature","geometry":{"type":"LineString","coordinates":[[12.0113581,48.9283097],[12.0102557,48.9268858]]},"properties":{"osm_id":854915846,"osm_type":"way","seamark_type":"bridge","display_class":"OTHER","min_zoom":12,"importance":1,"name":"Eisenbahnbrücke Poikam","ref":"5851","common":{"name":"Eisenbahnbrücke Poikam","type":"bridge"},"children":{"bridge":{"clearance_height":"7.05"}},"osm_tags":{"bridge":"yes","electrified":"contact_line","frequency":"16.7","gauge":"1435","layer":"1","maxspeed":"120","name":"Regensburg Hbf -- Ingolstadt Nord","operator":"DB InfraGO AG","operator:wikidata":"Q122870674","operator:wikipedia":"de:DB InfraGO","passenger_lines":"1","railway":"rail","railway:etcs":"no","railway:gnt":"no","railway:pzb":"yes","railway:radio":"gsm-r","railway:tilting":"no","railway:track_class":"D4","railway:traffic_mode":"mixed","ref":"5851","seamark:bridge:clearance_height":"7.05","seamark:name":"Eisenbahnbrücke Poikam","seamark:type":"bridge","usage":"main","voltage":"15000","website":"https://dbinfrago.com"}}},{"type":"Feature","geometry":{"type":"Polygon","coordinates":[[[12.6827149,48.9127184],[12.6826462,48.9126204],[12.6826965,48.9126057],[12.6826635,48.9125516],[12.6827346,48.9125311],[12.6827729,48.9125813],[12.6829763,48.9125237],[12.6830598,48.9126634],[12.6829625,48.9126907],[12.6829388,48.9126507],[12.6827966,48.9126934],[12.6827149,48.9127184]]]},"properties":{"osm_id":158055769,"osm_type":"way","seamark_type":"landmark","display_class":"OTHER","min_zoom":12,"importance":1,"name":"Evangelische Erlöserkirche","ref":null,"common":{"type":"landmark"},"children":{"landmark":{"category":"tower","conspicuity":"conspicuous","function":"church"}},"osm_tags":{"addr:city":"Bogen","addr:country":"DE","addr:housenumber":"6","addr:postcode":"94327","addr:street":"Dr.-Martin-Luther-Straße","amenity":"place_of_worship","building":"church","denomination":"lutheran","heritage":"4","heritage:operator":"BLfD","historic":"building","image":"https://commons.wikimedia.org/wiki/File:Evangelische_Kirche_in_Bogen,_Martin-Luther-Str._6.JPG","name":"Evangelische Erlöserkirche","ref:BLfD":"D-2-78-118-97","religion":"christian","seamark:landmark:category":"tower","seamark:landmark:conspicuity":"conspicuous","seamark:landmark:function":"church","seamark:type":"landmark","wikidata":"Q41406229","wikimedia_commons":"Category:Erlöserkirche (Bogen)"}}},{"type":"Feature","geometry":{"type":"Polygon","coordinates":[[[12.8455227,48.8286256],[12.8454971,48.8285533],[12.8457136,48.8285201],[12.8457392,48.8285924],[12.8455227,48.8286256]]]},"properties":{"osm_id":260304646,"osm_type":"way","seamark_type":"landmark","display_class":"OTHER","min_zoom":12,"importance":1,"name":"Filialkirche St. Laurentius","ref":null,"common":{"type":"landmark"},"children":{"landmark":{"category":"tower","conspicuity":"conspicuous","function":"church"}},"osm_tags":{"addr:city":"Stephansposching","addr:housenumber":"5","addr:postcode":"94569","addr:street":"Pointweg","amenity":"place_of_worship","building":"church","denomination":"catholic","name":"Filialkirche St. Laurentius","religion":"christian","seamark:landmark:category":"tower","seamark:landmark:conspicuity":"conspicuous","seamark:landmark:function":"church","seamark:type":"landmark","wikidata":"Q41303750"}}},{"type":"Feature","geometry":{"type":"Polygon","coordinates":[[[12.8366637,48.8279655],[12.8369072,48.8279792],[12.8369167,48.8279055],[12.8366732,48.8278919],[12.8366637,48.8279655]]]},"properties":{"osm_id":260304647,"osm_type":"way","seamark_type":"landmark","display_class":"OTHER","min_zoom":12,"importance":1,"name":"Filialkirche St. Maria Magdalena","ref":null,"common":{"type":"landmark"},"children":{"landmark":{"category":"tower","conspicuity":"conspicuous","function":"church"}},"osm_tags":{"addr:city":"Stephansposching","addr:housenumber":"3","addr:postcode":"94569","addr:street":"Kapellenweg","amenity":"place_of_worship","building":"church","denomination":"catholic","name":"Filialkirche St. Maria Magdalena","religion":"christian","seamark:landmark:category":"tower","seamark:landmark:conspicuity":"conspicuous","seamark:landmark:function":"church","seamark:type":"landmark","website":"https://regiowiki.pnp.de/wiki/Steinkirchen_(Stephansposching)","wikidata":"Q41303771"}}},{"type":"Feature","geometry":{"type":"Point","coordinates":[12.7129903,48.8909833]},"properties":{"osm_id":1763147683,"osm_type":"node","seamark_type":"bridge","display_class":"OTHER","min_zoom":12,"importance":1,"name":"Franz-Xaver-Hafner-Brücke","ref":null,"common":{"name":"Franz-Xaver-Hafner-Brücke","type":"bridge"},"children":{"bridge":{"category":"fixed","clearance_height":"9","clearance_width":"75.10"}},"osm_tags":{"maxheight":"9","maxwidth":"75.10","obstacle":"bridge","obstacle_name":"Franz-Xaver-Hafner-Brücke","river:waterway_distance":"2308.4","seamark:bridge:category":"fixed","seamark:bridge:clearance_height":"9","seamark:bridge:clearance_width":"75.10","seamark:name":"Franz-Xaver-Hafner-Brücke","seamark:type":"bridge","source":"elwis.de"}}},{"type":"Feature","geometry":{"type":"Point","coordinates":[12.0375905,48.9400356]},"properties":{"osm_id":33335588,"osm_type":"node","seamark_type":"bridge","display_class":"OTHER","min_zoom":12,"importance":1,"name":"Fußwegbrücke Bad Abbach","ref":null,"common":{"name":"Fußwegbrücke Bad Abbach","type":"bridge"},"children":{"bridge":{"category":"fixed"}},"osm_tags":{"river:waterway_distance":"2399.2","seamark:bridge:category":"fixed","seamark:name":"Fußwegbrücke Bad Abbach","seamark:type":"bridge"}}},{"type":"Feature","geometry":{"type":"Polygon","coordinates":[[[12.5625959,48.8917924],[12.5627099,48.8917454],[12.562736,48.8917337],[12.5627751,48.8917157],[12.5627925,48.891707],[12.5628028,48.8917018],[12.5628118,48.8916959],[12.5628241,48.8916821],[12.5628323,48.8916602],[12.5628259,48.8916407],[12.5628106,48.8916279],[12.5627963,48.8916209],[12.5627737,48.8916154],[12.5627452,48.8916173],[12.562726,48.8916226],[12.5627172,48.8916201],[12.5625091,48.8917021],[12.562528,48.891722],[12.5625097,48.8917292],[12.5624974,48.8917382],[12.5624956,48.8917528],[12.5625054,48.8917651],[12.5625196,48.8917713],[12.5625352,48.8917719],[12.5625474,48.8917684],[12.5625589,48.8917631],[12.5625657,48.8917598],[12.5625959,48.8917924]]]},"properties":{"osm_id":260907117,"osm_type":"way","seamark_type":"landmark","display_class":"OTHER","min_zoom":12,"importance":1,"name":"Heilig Kreuzauffindung","ref":null,"common":{"type":"landmark"},"children":{"landmark":{"category":"tower","conspicuity":"conspicuous","function":"church"}},"osm_tags":{"addr:city":"Straubing","addr:housenumber":"91","addr:postcode":"94315","addr:street":"Meginhardstraße","amenity":"place_of_worship","building":"church","denomination":"roman_catholic","name":"Heilig Kreuzauffindung","religion":"christian","roof:shape":"gabled","seamark:landmark:category":"tower","seamark:landmark:conspicuity":"conspicuous","seamark:landmark:function":"church","seamark:type":"landmark","wikidata":"Q98696209","wikipedia":"de:Heilig-Kreuzauffindung (Kagers)"}}},{"type":"Feature","geometry":{"type":"Polygon","coordinates":[[[12.9621652,48.8317355],[12.9621608,48.831758],[12.9621537,48.8317946],[12.9621682,48.8318065],[12.9622345,48.8318143],[12.9622432,48.8318153],[12.9622645,48.8318019],[12.9622755,48.8317448],[12.9623153,48.8317487],[12.9623602,48.8317537],[12.9623568,48.8317735],[12.9624377,48.8317822],[12.9624416,48.8317824],[12.9624499,48.8317739],[12.9624566,48.8317746],[12.9624607,48.8317666],[12.962556,48.8317757],[12.9625682,48.8317835],[12.9625754,48.8317805],[12.9625647,48.8317726],[12.9625846,48.8317731],[12.9625871,48.8317768],[12.9625948,48.8317767],[12.9625947,48.8317707],[12.9626081,48.8317645],[12.9626136,48.8317668],[12.9626182,48.8317611],[12.9626149,48.8317593],[12.9626161,48.8317471],[12.9626217,48.8317465],[12.9626185,48.8317409],[12.9626111,48.8317415],[12.9626062,48.8317333],[12.9626448,48.8317374],[12.9626436,48.8317492],[12.9626603,48.8317498],[12.9626616,48.8317384],[12.9627255,48.8317451],[12.9627229,48.8317642],[12.9627067,48.8317639],[12.9627063,48.8317812],[12.9627207,48.8317831],[12.9627079,48.8317915],[12.9627142,48.8317936],[12.9627239,48.8317909],[12.962782,48.8317988],[12.962791,48.8318093],[12.9628766,48.831804],[12.9628964,48.8317868],[12.962902,48.8317481],[12.9628373,48.8317238],[12.9628457,48.8316949],[12.9628611,48.8316928],[12.9628568,48.831682],[12.9628437,48.8316844],[12.9628109,48.8316609],[12.9628212,48.8316503],[12.9628083,48.8316488],[12.9628014,48.8316585],[12.9627617,48.831654],[12.9627634,48.83164],[12.9627486,48.8316391],[12.9627489,48.8316523],[12.9626807,48.8316451],[12.9626823,48.8316311],[12.9626684,48.8316306],[12.9626673,48.8316426],[12.9626247,48.831639],[12.962638,48.8316315],[12.9626429,48.8316351],[12.9626497,48.8316295],[12.9626436,48.8316279],[12.9626467,48.831615],[12.9626522,48.8316145],[12.9626515,48.8316086],[12.9626442,48.83161],[12.9626319,48.8315996],[12.9626368,48.8315969],[12.9626301,48.8315925],[12.9626255,48.8315969],[12.9626111,48.8315955],[12.9626225,48.8315916],[12.9626184,48.8315825],[12.962599,48.8315885],[12.9625083,48.8315766],[12.9625088,48.8315659],[12.9624946,48.8315643],[12.9624947,48.831558],[12.9624184,48.8315483],[12.9624114,48.8315559],[12.9623992,48.8315535],[12.9623965,48.8315628],[12.9623572,48.8315589],[12.96232,48.8315552],[12.9623238,48.8315456],[12.9623104,48.831543],[12.9623146,48.8315274],[12.9622276,48.8315162],[12.962226,48.8315286],[12.9622086,48.8315378],[12.9622033,48.8315325],[12.9621911,48.831538],[12.9622005,48.8315482],[12.9621925,48.8315906],[12.9621722,48.831588],[12.9621708,48.8315999],[12.9621905,48.8316014],[12.9621764,48.8316758],[12.9621557,48.8316744],[12.962153,48.8316858],[12.9621741,48.8316881],[12.9621598,48.8317344],[12.9621652,48.8317355]]]},"properties":{"osm_id":230157148,"osm_type":"way","seamark_type":"landmark","display_class":"OTHER","min_zoom":12,"importance":1,"name":"Heilig-Grab-Kirche Sankt Peter und Paul","ref":null,"common":{"type":"landmark"},"children":{"landmark":{"category":"tower","conspicuity":"conspicuous","function":"church"}},"osm_tags":{"addr:city":"Deggendorf","addr:housenumber":"1","addr:postcode":"94469","addr:street":"Michael-Fischer-Platz","alt_name":"Grabkirche","amenity":"place_of_worship","building":"church","denomination":"catholic","height":"23","heritage":"4","heritage:operator":"BLfD","historic":"church","name":"Heilig-Grab-Kirche Sankt Peter und Paul","opening_hours":"Mo-Su 08:00-18:00","ref:BLfD":"D-2-71-119-41","religion":"christian","roof:shape":"gabled","seamark:landmark:category":"tower","seamark:landmark:conspicuity":"conspicuous","seamark:landmark:function":"church","seamark:type":"landmark","source":"Bing","wheelchair":"yes","wikidata":"Q1540852"}}},{"type":"Feature","geometry":{"type":"Polygon","coordinates":[[[12.7688601,48.8253544],[12.7688544,48.8253203],[12.7687468,48.8253281],[12.7687342,48.8252531],[12.7688382,48.8252455],[12.7688297,48.825195],[12.7692279,48.8251661],[12.7692322,48.8251917],[12.7693016,48.8252177],[12.7693076,48.8252538],[12.7692517,48.8252913],[12.7692574,48.8253256],[12.7688601,48.8253544]]]},"properties":{"osm_id":222107090,"osm_type":"way","seamark_type":"landmark","display_class":"OTHER","min_zoom":12,"importance":1,"name":"Heilig-Kreuz-Kirche","ref":null,"common":{"type":"landmark"},"children":{"landmark":{"category":"tower","conspicuity":"conspicuous","function":"church"}},"osm_tags":{"addr:city":"Stephansposching","addr:postcode":"94569","amenity":"place_of_worship","building":"church","building:architecture":"baroque","denomination":"roman_catholic","heritage":"4","heritage:operator":"BLfD","historic":"yes","name":"Heilig-Kreuz-Kirche","ref:BLfD":"D-2-71-151-10","religion":"christian","seamark:landmark:category":"tower","seamark:landmark:conspicuity":"conspicuous","seamark:landmark:function":"church","seamark:type":"landmark","wikidata":"Q126026902"}}},{"type":"Feature","geometry":{"type":"Polygon","coordinates":[[[12.4673246,48.969014],[12.4673648,48.9690031],[12.4674083,48.9690019],[12.4674497,48.9690107],[12.4674839,48.9690283],[12.4675068,48.9690526],[12.4675154,48.9690806],[12.4675088,48.9691089],[12.4674878,48.9691339],[12.4674548,48.9691526],[12.4674141,48.9691626],[12.4673706,48.9691628],[12.4673296,48.9691531],[12.4671689,48.9691552],[12.4671677,48.9691275],[12.4670872,48.9691291],[12.4670859,48.9691015],[12.4670441,48.9691023],[12.4670429,48.9690747],[12.4670847,48.9690739],[12.4670834,48.9690462],[12.4671639,48.9690446],[12.4671626,48.969017],[12.4673246,48.969014]]]},"properties":{"osm_id":181487875,"osm_type":"way","seamark_type":"landmark","display_class":"OTHER","min_zoom":12,"importance":1,"name":"Hl. Blut","ref":null,"common":{"type":"landmark"},"children":{"landmark":{"category":"tower","conspicuity":"conspicuous","function":"church","name":"Wallfahrtskirche zum Hl. Blut"}},"osm_tags":{"amenity":"place_of_worship","building":"yes","denomination":"roman_catholic","name":"Hl. Blut","religion":"christian","seamark:landmark:category":"tower","seamark:landmark:conspicuity":"conspicuous","seamark:landmark:function":"church","seamark:landmark:name":"Wallfahrtskirche zum Hl. Blut","seamark:type":"landmark","wikidata":"Q41415576"}}},{"type":"Feature","geometry":{"type":"Point","coordinates":[12.1449153,48.5324383]},"properties":{"osm_id":1852736370,"osm_type":"node","seamark_type":"small_craft_facility","display_class":"OTHER","min_zoom":12,"importance":1,"name":"Kanu Ausstiegsstelle","ref":null,"common":{"type":"small_craft_facility"},"children":{"small_craft_facility":{"category":"slipway"}},"osm_tags":{"access":"yes","fee":"no","leisure":"slipway","name":"Kanu Ausstiegsstelle","seamark:small_craft_facility:category":"slipway","seamark:type":"small_craft_facility","surface":"concrete"}}},{"type":"Feature","geometry":{"type":"Polygon","coordinates":[[[12.5729412,48.8835969],[12.5729663,48.8835488],[12.5729324,48.8835031],[12.5728581,48.8834868],[12.5725627,48.8834985],[12.572558,48.8834475],[12.5720534,48.8834669],[12.5720478,48.8836993],[12.5722049,48.8836932],[12.5725866,48.8836731],[12.5725827,48.8836309],[12.5728717,48.8836192],[12.5729243,48.8836023],[12.5729412,48.8835969]]]},"properties":{"osm_id":202211547,"osm_type":"way","seamark_type":"landmark","display_class":"OTHER","min_zoom":12,"importance":1,"name":"Karmelitenkirche","ref":null,"common":{"type":"landmark"},"children":{"landmark":{"category":"tower","conspicuity":"conspicuous","function":"church"}},"osm_tags":{"amenity":"place_of_worship","building":"yes","denomination":"catholic","name":"Karmelitenkirche","religion":"christian","seamark:landmark:category":"tower","seamark:landmark:conspicuity":"conspicuous","seamark:landmark:function":"church","seamark:type":"landmark","wheelchair":"yes"}}},{"type":"Feature","geometry":{"type":"Polygon","coordinates":[[[12.0403273,48.9313268],[12.040544,48.9312195],[12.040435,48.9311244],[12.0402182,48.9312318],[12.0403273,48.9313268]]]},"properties":{"osm_id":126261800,"osm_type":"way","seamark_type":"landmark","display_class":"OTHER","min_zoom":12,"importance":1,"name":"Kreuzkirche","ref":null,"common":{"type":"landmark"},"children":{"landmark":{"category":"tower","conspicuity":"conspicuous","function":"church"}},"osm_tags":{"addr:city":"Bad Abbach","addr:country":"DE","addr:housenumber":"2a","addr:postcode":"93077","addr:street":"Am Kurpark","amenity":"place_of_worship","building":"church","building:levels":"2","check_date":"2024-02-09","denomination":"protestant","email":"pfarramt.badabbach@elkb.de","name":"Kreuzkirche","phone":"+49 9405 500600","religion":"christian","seamark:landmark:category":"tower","seamark:landmark:conspicuity":"conspicuous","seamark:landmark:function":"church","seamark:type":"landmark","url":"http://www.bad-abbach-evangelisch.de/","wheelchair":"limited","wikidata":"Q120513910"}}},{"type":"Feature","geometry":{"type":"Point","coordinates":[12.3265193,48.9701961]},"properties":{"osm_id":1469719006,"osm_type":"node","seamark_type":"landmark","display_class":"OTHER","min_zoom":12,"importance":1,"name":"Kriegerdenkmal","ref":null,"common":{"type":"landmark"},"children":{"landmark":{"category":"monument","conspicuity":"conspicuous"}},"osm_tags":{"historic":"memorial","memorial":"war_memorial","name":"Kriegerdenkmal","seamark:landmark:category":"monument","seamark:landmark:conspicuity":"conspicuous","seamark:type":"landmark","wheelchair":"limited"}}},{"type":"Feature","geometry":{"type":"Polygon","coordinates":[[[12.308862,48.989413],[12.3088667,48.9893773],[12.308905,48.9893796],[12.3089003,48.9894152],[12.308862,48.989413]]]},"properties":{"osm_id":265113242,"osm_type":"way","seamark_type":"landmark","display_class":"OTHER","min_zoom":12,"importance":1,"name":"Lindenkapelle","ref":null,"common":{"type":"landmark"},"children":{"landmark":{"category":"tower","conspicuity":"conspicuous","function":"church"}},"osm_tags":{"addr:city":"Barbing","addr:country":"DE","addr:housenumber":"47","addr:postcode":"93092","addr:street":"Kapellenstraße","addr:suburb":"Eltheim","amenity":"place_of_worship","building":"chapel","name":"Lindenkapelle","religion":"christian","seamark:landmark:category":"tower","seamark:landmark:conspicuity":"conspicuous","seamark:landmark:function":"church","seamark:type":"landmark","wikidata":"Q41414251"}}},{"type":"Feature","geometry":{"type":"Point","coordinates":[12.1476878,48.5355218]},"properties":{"osm_id":7666931801,"osm_type":"node","seamark_type":"bridge","display_class":"OTHER","min_zoom":12,"importance":1,"name":"Luipoldbrücke","ref":null,"common":{"name":"Luipoldbrücke","type":"bridge"},"children":{"bridge":{"category":"fixed"}},"osm_tags":{"seamark:bridge:category":"fixed","seamark:name":"Luipoldbrücke","seamark:type":"bridge"}}},{"type":"Feature","geometry":{"type":"Polygon","coordinates":[[[12.8134575,48.8177498],[12.8134249,48.8178361],[12.81321,48.817801],[12.8132426,48.8177147],[12.8134575,48.8177498]]]},"properties":{"osm_id":225000227,"osm_type":"way","seamark_type":"landmark","display_class":"OTHER","min_zoom":12,"importance":1,"name":"Maria Himmelfahrt","ref":null,"common":{"type":"landmark"},"children":{"landmark":{"category":"tower","conspicuity":"conspicuous","function":"church"}},"osm_tags":{"addr:city":"Stephansposching","addr:housenumber":"1","addr:postcode":"94569","addr:street":"Kirchenweg","amenity":"place_of_worship","building":"church","denomination":"catholic","name":"Maria Himmelfahrt","religion":"christian","seamark:landmark:category":"tower","seamark:landmark:conspicuity":"conspicuous","seamark:landmark:function":"church","seamark:type":"landmark","wikidata":"Q41303776"}}},{"type":"Feature","geometry":{"type":"Point","coordinates":[12.3580759,48.9704406]},"properties":{"osm_id":4211121178,"osm_type":"node","seamark_type":"landmark","display_class":"OTHER","min_zoom":12,"importance":1,"name":"Marienkapelle","ref":null,"common":{"type":"landmark"},"children":{"landmark":{"category":"tower","conspicuity":"conspicuous","function":"chapel"}},"osm_tags":{"amenity":"place_of_worship","building":"chapel","building:colour":"white","denomination":"catholic","description":"Privatkapelle der Inhaber des umliegenden Bauernhofes.","image":"https://commons.wikimedia.org/wiki/File:Pfatter-Seppenhausen-Gutshof-mit-Hofkapelle.jpg","name":"Marienkapelle","religion":"christian","seamark:landmark:category":"tower","seamark:landmark:conspicuity":"conspicuous","seamark:landmark:function":"chapel","seamark:type":"landmark","start_date":"1950"}}},{"type":"Feature","geometry":{"type":"Polygon","coordinates":[[[12.3272014,48.9695654],[12.3271828,48.9694751],[12.3275195,48.9694452],[12.327568,48.9694674],[12.3275752,48.9694954],[12.3275441,48.9695251],[12.3275098,48.9695281],[12.3275166,48.9695616],[12.3274204,48.9695701],[12.3274155,48.9695464],[12.3272014,48.9695654]]]},"properties":{"osm_id":131711889,"osm_type":"way","seamark_type":"landmark","display_class":"OTHER","min_zoom":12,"importance":1,"name":"Mariä Geburt","ref":null,"common":{"type":"landmark"},"children":{"landmark":{"category":"tower","conspicuity":"conspicuous","function":"church"}},"osm_tags":{"addr:city":"Pfatter","addr:country":"DE","addr:housenumber":"3","addr:postcode":"93102","addr:street":"Schulweg","addr:suburb":"Geisling","amenity":"place_of_worship","building":"church","denomination":"catholic","heritage":"4","heritage:operator":"BLfD","image":"https://commons.wikimedia.org/wiki/File:Pfatter-Geisling-Kirche-Mari%C3%A4-Geburt.jpg","name":"Mariä Geburt","ref:BLfD":"D-3-75-183-14","religion":"christian","seamark:landmark:category":"tower","seamark:landmark:conspicuity":"conspicuous","seamark:landmark:function":"church","seamark:type":"landmark","start_date":"1365","wikidata":"Q15119391","wikipedia":"de:Maria Geburt (Geisling)"}}},{"type":"Feature","geometry":{"type":"Polygon","coordinates":[[[12.0353616,48.9904857],[12.0357061,48.9905834],[12.0357381,48.9905348],[12.0356903,48.9905212],[12.0358191,48.9903259],[12.0357913,48.990318],[12.0358429,48.9902397],[12.0355762,48.990164],[12.0354866,48.9903],[12.0355618,48.9903214],[12.0354827,48.9904415],[12.0354052,48.9904195],[12.0353616,48.9904857]]]},"properties":{"osm_id":28021653,"osm_type":"way","seamark_type":"landmark","display_class":"OTHER","min_zoom":12,"importance":1,"name":"Mariä Himmelfahrt","ref":null,"common":{"type":"landmark"},"children":{"landmark":{"category":"tower","conspicuity":"conspicuous","function":"church"}},"osm_tags":{"addr:city":"Sinzing","addr:country":"DE","addr:housenumber":"2","addr:postcode":"93161","addr:street":"Kirchweg","amenity":"place_of_worship","building":"church","denomination":"roman_catholic","description":"Neue Pfarrkirche Sinzing","name":"Mariä Himmelfahrt","religion":"christian","seamark:landmark:category":"tower","seamark:landmark:conspicuity":"conspicuous","seamark:landmark:function":"church","seamark:type":"landmark","wikidata":"Q120513958"}}},{"type":"Feature","geometry":{"type":"Polygon","coordinates":[[[12.382904,48.9652274],[12.3829677,48.9652151],[12.3829971,48.9652843],[12.3831042,48.9652636],[12.3830768,48.9652035],[12.3831507,48.9651892],[12.3831647,48.9652194],[12.383266,48.9651998],[12.383241,48.9651442],[12.3832979,48.9651332],[12.3832585,48.9650452],[12.3831152,48.9650729],[12.3831062,48.9650527],[12.3828845,48.9650955],[12.382894,48.9651169],[12.3828562,48.9651242],[12.382904,48.9652274]]]},"properties":{"osm_id":140314033,"osm_type":"way","seamark_type":"landmark","display_class":"OTHER","min_zoom":12,"importance":1,"name":"Mariä Himmelfahrt","ref":null,"common":{"type":"landmark"},"children":{"landmark":{"category":"tower","conspicuity":"conspicuous","function":"church"}},"osm_tags":{"addr:city":"Pfatter","addr:country":"DE","addr:housenumber":"25","addr:postcode":"93102","addr:street":"Haidauer Straße","air_conditioning":"no","amenity":"place_of_worship","building":"church","building:colour":"yellow","check_date":"2026-04-09","denomination":"roman_catholic","description":"Pfarrkirche","heritage":"4","heritage:operator":"BLfD","image":"https://commons.wikimedia.org/wiki/File:Pfatter-Pfarrkirche-Mari%C3%A4-Himmelfahrt.jpg","name":"Mariä Himmelfahrt","ref:BLfD":"D-3-75-183-2","religion":"christian","seamark:landmark:category":"tower","seamark:landmark:conspicuity":"conspicuous","seamark:landmark:function":"church","seamark:type":"landmark","wheelchair":"limited","wikidata":"Q41381650","wikimedia_commons":"Category:Mariä Himmelfahrt (Pfatter)"}}},{"type":"Feature","geometry":{"type":"Polygon","coordinates":[[[12.7536977,48.8412315],[12.7537084,48.8412492],[12.7537352,48.8412686],[12.7537433,48.8412951],[12.7537379,48.8413163],[12.7537164,48.8413357],[12.7536869,48.8413445],[12.7536762,48.8413604],[12.7533302,48.8413392],[12.7533364,48.841295],[12.7533034,48.8412933],[12.7532631,48.8412898],[12.7532605,48.8412686],[12.7532739,48.8412439],[12.7533168,48.8412315],[12.7533436,48.8412333],[12.7533543,48.8412086],[12.7536977,48.8412315]]]},"properties":{"osm_id":222179876,"osm_type":"way","seamark_type":"landmark","display_class":"OTHER","min_zoom":12,"importance":1,"name":"Mariä Himmelfahrt","ref":null,"common":{"type":"landmark"},"children":{"landmark":{"category":"tower","conspicuity":"conspicuous","function":"church"}},"osm_tags":{"addr:city":"Irlbach","addr:housenumber":"2","addr:postcode":"94342","addr:street":"Kirchberg","amenity":"place_of_worship","building":"church","denomination":"roman_catholic","name":"Mariä Himmelfahrt","religion":"christian","seamark:landmark:category":"tower","seamark:landmark:conspicuity":"conspicuous","seamark:landmark:function":"church","seamark:type":"landmark","wikidata":"Q41408710","wikipedia":"de:Mariä Himmelfahrt in Irlbach"}}},{"type":"Feature","geometry":{"type":"Polygon","coordinates":[[[12.5617019,48.9056393],[12.5619132,48.9055272],[12.5619529,48.9055595],[12.5619638,48.9055537],[12.5620509,48.9055076],[12.5620093,48.9054737],[12.5620931,48.9054292],[12.5621035,48.9053887],[12.5620711,48.9053552],[12.5620151,48.9053546],[12.5616142,48.9055674],[12.5616388,48.9055874],[12.5616016,48.9056071],[12.5616423,48.9056403],[12.5616792,48.9056208],[12.5617019,48.9056393]]]},"properties":{"osm_id":264746398,"osm_type":"way","seamark_type":"landmark","display_class":"OTHER","min_zoom":12,"importance":1,"name":"Mariä Himmelfahrt","ref":null,"common":{"type":"landmark"},"children":{"landmark":{"category":"tower","conspicuity":"conspicuous","function":"church"}},"osm_tags":{"amenity":"place_of_worship","building":"church","denomination":"catholic","name":"Mariä Himmelfahrt","religion":"christian","seamark:landmark:category":"tower","seamark:landmark:conspicuity":"conspicuous","seamark:landmark:function":"church","seamark:type":"landmark"}}},{"type":"Feature","geometry":{"type":"Point","coordinates":[12.9601293,48.825033]},"properties":{"osm_id":1763147680,"osm_type":"node","seamark_type":"bridge","display_class":"OTHER","min_zoom":12,"importance":1,"name":"Maximilianbrücke Deggendorf","ref":null,"common":{"name":"Maximilianbrücke Deggendorf","type":"bridge"},"children":{"bridge":{"category":"fixed","clearance_height":"8.6","clearance_width":"89.85"}},"osm_tags":{"maxheight":"8.60","maxwidth":"89.85","obstacle":"bridge","obstacle_name":"Maximilianbrücke Deggendorf","river:waterway_distance":"2284.59","seamark:bridge:category":"fixed","seamark:bridge:clearance_height":"8.6","seamark:bridge:clearance_width":"89.85","seamark:name":"Maximilianbrücke Deggendorf","seamark:type":"bridge","source":"elwis.de"}}},{"type":"Feature","geometry":{"type":"Polygon","coordinates":[[[12.7311765,48.1713372],[12.731143,48.1713033],[12.731088,48.1713274],[12.7311216,48.1713632],[12.7311765,48.1713372]]]},"properties":{"osm_id":241980319,"osm_type":"way","seamark_type":"waterway_gauge","display_class":"OTHER","min_zoom":12,"importance":1,"name":"Pegel Burgkirchen","ref":"Pegel Burgkirchen","common":{"name":"Pegel Burgkirchen","type":"waterway_gauge"},"children":{},"osm_tags":{"building":"yes","building:levels":"1","ele":"396.90","man_made":"monitoring_station","monitoring:water_level":"yes","recording":"yes","recording:automated":"yes","recording:remote":"yes","ref":"Pegel Burgkirchen","seamark:name":"Pegel Burgkirchen","seamark:type":"waterway_gauge","website":"https://www.hnd.bayern.de/pegel/inn/burgkirchen-18408200"}}},{"type":"Feature","geometry":{"type":"LineString","coordinates":[[12.1242467,48.5254434],[12.1261097,48.5231505]]},"properties":{"osm_id":895288344,"osm_type":"way","seamark_type":"cable_overhead","display_class":"OTHER","min_zoom":12,"importance":1,"name":"Rosenheim - Landshut","ref":"410","common":{"type":"cable_overhead"},"children":{"cable_overhead":{"category":"power","clearance_height_safe":"20 m"}},"osm_tags":{"cables":"4","circuits":"2","frequency":"16.7","name":"Rosenheim - Landshut","operator":"DB Energie GmbH","power":"line","ref":"410","seamark:cable_overhead:category":"power","seamark:cable_overhead:clearance_height_safe":"20 m","seamark:type":"cable_overhead","voltage":"110000","wires":"single"}}},{"type":"Feature","geometry":{"type":"Polygon","coordinates":[[[12.7573832,48.8702603],[12.7574685,48.8702066],[12.7575101,48.870208],[12.7575302,48.8702219],[12.7575288,48.870248],[12.7574435,48.8703018],[12.7574276,48.870291],[12.7573989,48.8702709],[12.7573832,48.8702603]]]},"properties":{"osm_id":214606453,"osm_type":"way","seamark_type":"landmark","display_class":"OTHER","min_zoom":12,"importance":1,"name":"Sankt Koloman","ref":null,"common":{"type":"landmark"},"children":{"landmark":{"category":"tower","conspicuity":"conspicuous","function":"church"}},"osm_tags":{"amenity":"place_of_worship","building":"chapel","denomination":"catholic","name":"Sankt Koloman","religion":"christian","seamark:landmark:category":"tower","seamark:landmark:conspicuity":"conspicuous","seamark:landmark:function":"church","seamark:type":"landmark","wikidata":"Q41415509"}}},{"type":"Feature","geometry":{"type":"Polygon","coordinates":[[[12.6247498,48.9083315],[12.6248964,48.9083447],[12.6248897,48.9083787],[12.6250056,48.9083886],[12.6250205,48.9083467],[12.6250616,48.9083387],[12.6250673,48.9083115],[12.6250255,48.9082876],[12.624763,48.9082646],[12.6247498,48.9083315]]]},"properties":{"osm_id":226510874,"osm_type":"way","seamark_type":"landmark","display_class":"OTHER","min_zoom":12,"importance":1,"name":"Sankt Martin","ref":null,"common":{"type":"landmark"},"children":{"landmark":{"category":"tower","conspicuity":"conspicuous","function":"church"}},"osm_tags":{"addr:city":"Parkstetten","addr:housenumber":"3","addr:postcode":"94365","addr:street":"Donaustraße","addr:suburb":"Reibersdorf","amenity":"place_of_worship","building":"yes","name":"Sankt Martin","religion":"christian","roof:shape":"gabled","seamark:landmark:category":"tower","seamark:landmark:conspicuity":"conspicuous","seamark:landmark:function":"church","seamark:type":"landmark","wikidata":"Q41416373"}}},{"type":"Feature","geometry":{"type":"Polygon","coordinates":[[[12.342268,48.977512],[12.342182,48.977409],[12.342213,48.977295],[12.342409,48.977276],[12.342405,48.977261],[12.34243,48.977257],[12.342434,48.977276],[12.342751,48.977242],[12.34335,48.97718],[12.343963,48.977119],[12.34455,48.977058],[12.345178,48.976994],[12.345286,48.976986],[12.345283,48.976967],[12.345306,48.976967],[12.34531,48.976982],[12.345492,48.976963],[12.34555,48.976959],[12.345573,48.976936],[12.34576,48.976917],[12.345726,48.977051],[12.345819,48.977169],[12.345633,48.977188],[12.345601,48.977173],[12.345363,48.977196],[12.345366,48.977211],[12.345342,48.977215],[12.345338,48.9772],[12.345262,48.977207],[12.345041,48.97723],[12.344507,48.977283],[12.343927,48.977341],[12.343337,48.977402],[12.342857,48.977451],[12.342525,48.977486],[12.342485,48.977489],[12.342489,48.977505],[12.342464,48.977509],[12.342461,48.977489],[12.342268,48.977512]]]},"properties":{"osm_id":229856671,"osm_type":"way","seamark_type":"fairway","display_class":"OTHER","min_zoom":12,"importance":1,"name":"Schleuse Geisling","ref":null,"common":{"type":"fairway"},"children":{"fairway":{"information":"Donau"}},"osm_tags":{"description":"km 2354,285 LU; 230m x 24m; 7.3m Hub; Schwimmpoller beidseitig; UKW:22","lock":"yes","name":"Schleuse Geisling","natural":"water","opening_hours":"24/7","passage_time":"30","phone":"+49 9481 943673111","seamark:fairway:information":"Donau","seamark:type":"fairway","vhf":"22","water":"basin"}}},{"type":"Feature","geometry":{"type":"Point","coordinates":[12.5563767,48.8998416]},"properties":{"osm_id":1763132491,"osm_type":"node","seamark_type":"bridge","display_class":"OTHER","min_zoom":12,"importance":1,"name":"Schleusenbrücke Staubing","ref":null,"common":{"name":"Schleusenbrücke Staubing","type":"bridge"},"children":{"bridge":{"category":"fixed","clearance_height":"8.30"}},"osm_tags":{"maxheight":"8.30","obstacle":"bridge","obstacle_name":"Schleusenbrücke Staubing","river:waterway_distance":"2321.82","seamark:bridge:category":"fixed","seamark:bridge:clearance_height":"8.30","seamark:name":"Schleusenbrücke Staubing","seamark:type":"bridge","source":"elwis.de"}}},{"type":"Feature","geometry":{"type":"Polygon","coordinates":[[[12.5830766,48.8851126],[12.5831076,48.8851634],[12.5830767,48.885211],[12.5830113,48.8852242],[12.5828287,48.8851791],[12.582812,48.8852045],[12.5823976,48.8851068],[12.5824856,48.8849419],[12.5825189,48.88495],[12.5827012,48.884993],[12.5829211,48.8850445],[12.5829065,48.8850708],[12.5830766,48.8851126]]]},"properties":{"osm_id":201922334,"osm_type":"way","seamark_type":"landmark","display_class":"OTHER","min_zoom":12,"importance":1,"name":"Schutzengelkirche","ref":null,"common":{"type":"landmark"},"children":{"landmark":{"category":"tower","conspicuity":"conspicuous","function":"church"}},"osm_tags":{"addr:city":"Straubing","addr:country":"DE","addr:housenumber":"3","addr:postcode":"94315","addr:street":"Schulgasse","amenity":"place_of_worship","building":"church","check_date":"2024-01-20","denomination":"roman_catholic","name":"Schutzengelkirche","religion":"christian","roof:shape":"flat","seamark:landmark:category":"tower","seamark:landmark:conspicuity":"conspicuous","seamark:landmark:function":"church","seamark:type":"landmark"}}},{"type":"Feature","geometry":{"type":"Point","coordinates":[12.9675029,48.8217252]},"properties":{"osm_id":2339243116,"osm_type":"node","seamark_type":"harbour","display_class":"OTHER","min_zoom":12,"importance":1,"name":"Schutzhafen Deggendorf","ref":null,"common":{"type":"harbour"},"children":{"harbour":{"category":"marina"}},"osm_tags":{"harbour":"yes","leisure":"marina","name":"Schutzhafen Deggendorf","seamark:harbour:category":"marina","seamark:type":"harbour"}}},{"type":"Feature","geometry":{"type":"Polygon","coordinates":[[[12.5692668,48.883682],[12.5690539,48.8836316],[12.568987,48.883621],[12.5689374,48.8837011],[12.569221,48.8837676],[12.5692868,48.8837552],[12.5693068,48.8837181],[12.5692668,48.883682]]]},"properties":{"osm_id":231143606,"osm_type":"way","seamark_type":"landmark","display_class":"OTHER","min_zoom":12,"importance":1,"name":"Spitalkirche zur Hl. Dreifaltigkeit","ref":null,"common":{"type":"landmark"},"children":{"landmark":{"category":"tower","conspicuity":"conspicuous","function":"church"}},"osm_tags":{"amenity":"place_of_worship","building":"church","denomination":"catholic","name":"Spitalkirche zur Hl. Dreifaltigkeit","religion":"christian","seamark:landmark:category":"tower","seamark:landmark:conspicuity":"conspicuous","seamark:landmark:function":"church","seamark:type":"landmark"}}},{"type":"Feature","geometry":{"type":"Polygon","coordinates":[[[12.7357981,48.8737435],[12.7357909,48.8737902],[12.7356917,48.8737836],[12.735699,48.8737368],[12.7357981,48.8737435]]]},"properties":{"osm_id":219233771,"osm_type":"way","seamark_type":"landmark","display_class":"OTHER","min_zoom":12,"importance":1,"name":"St Thomas von Canterbury","ref":null,"common":{"type":"landmark"},"children":{"landmark":{"category":"tower","conspicuity":"conspicuous","function":"church"}},"osm_tags":{"amenity":"place_of_worship","building":"chapel","denomination":"catholic","heritage":"4","name":"St Thomas von Canterbury","ref:BLfD":"D-2-78-140-11","religion":"christian","seamark:landmark:category":"tower","seamark:landmark:conspicuity":"conspicuous","seamark:landmark:function":"church","seamark:type":"landmark","wikidata":"Q41408714"}}},{"type":"Feature","geometry":{"type":"Polygon","coordinates":[[[12.6923719,48.9085093],[12.6925669,48.908483],[12.6927095,48.9084637],[12.6927766,48.908456],[12.6927737,48.9084364],[12.6928304,48.9084302],[12.6928909,48.9084207],[12.6929328,48.9083907],[12.6929243,48.9083612],[12.6928842,48.9083418],[12.6928452,48.9083481],[12.6928452,48.9083286],[12.6928213,48.9083155],[12.692787,48.9083167],[12.6927756,48.9083318],[12.6927403,48.9083371],[12.6924173,48.9083797],[12.6924138,48.9083683],[12.6924107,48.9083582],[12.692329,48.908369],[12.6923719,48.9085093]]]},"properties":{"osm_id":155420955,"osm_type":"way","seamark_type":"landmark","display_class":"OTHER","min_zoom":12,"importance":1,"name":"St. Florian","ref":null,"common":{"type":"landmark"},"children":{"landmark":{"category":"tower","conspicuity":"conspicuous","function":"church"}},"osm_tags":{"amenity":"place_of_worship","building":"church","denomination":"roman_catholic","heritage":"4","heritage:operator":"BLfD","image":"https://commons.wikimedia.org/wiki/File:Stadtpfarrkirche_St._Florian,_Bogen.JPG","name":"St. Florian","name:de":"St. Florian","ref:BLfD":"D-2-78-118-15","religion":"christian","seamark:landmark:category":"tower","seamark:landmark:conspicuity":"conspicuous","seamark:landmark:function":"church","seamark:type":"landmark","wikidata":"Q41406233","wikimedia_commons":"Category:St. Florian (Bogen)","wikipedia":"de:St. Florian (Bogen)"}}},{"type":"Feature","geometry":{"type":"Polygon","coordinates":[[[12.5496016,48.9295637],[12.5495386,48.9295501],[12.5495511,48.9295252],[12.5495016,48.9295145],[12.5494891,48.9295393],[12.5494306,48.9295266],[12.5493807,48.929626],[12.5495802,48.9296692],[12.5495685,48.9296925],[12.5496505,48.9297103],[12.5496689,48.9296737],[12.5497097,48.9296827],[12.5497555,48.9296657],[12.5497716,48.929635],[12.5497529,48.9295965],[12.5496689,48.9295783],[12.5496794,48.9295573],[12.5496121,48.9295427],[12.5496016,48.9295637]]]},"properties":{"osm_id":264746396,"osm_type":"way","seamark_type":"landmark","display_class":"OTHER","min_zoom":12,"importance":1,"name":"St. Gangolf","ref":null,"common":{"type":"landmark"},"children":{"landmark":{"category":"tower","conspicuity":"conspicuous","function":"church"}},"osm_tags":{"addr:city":"Kirchroth","addr:housenumber":"4","addr:postcode":"94356","addr:street":"Kirchgasse","amenity":"place_of_worship","building":"church","denomination":"roman_catholic","name":"St. Gangolf","religion":"christian","seamark:landmark:category":"tower","seamark:landmark:conspicuity":"conspicuous","seamark:landmark:function":"church","seamark:type":"landmark","wikidata":"Q98696508","wikipedia":"de:St. Gangolf (Kößnach)"}}},{"type":"Feature","geometry":{"type":"Polygon","coordinates":[[[12.5965371,48.9147043],[12.596767,48.9146761],[12.5967442,48.9145958],[12.5968623,48.9145813],[12.5968405,48.9145048],[12.5967916,48.9145108],[12.5967812,48.9144743],[12.5968421,48.9144668],[12.5968237,48.9144023],[12.5967111,48.9144162],[12.5967068,48.914401],[12.5965421,48.9144212],[12.5965521,48.9144561],[12.5964694,48.9144663],[12.5965371,48.9147043]]]},"properties":{"osm_id":226403504,"osm_type":"way","seamark_type":"landmark","display_class":"OTHER","min_zoom":12,"importance":1,"name":"St. Georg","ref":null,"common":{"type":"landmark"},"children":{"landmark":{"category":"tower","conspicuity":"conspicuous","function":"church"}},"osm_tags":{"addr:city":"Parkstetten","addr:housenumber":"8","addr:postcode":"94365","addr:street":"Kirchplatz","amenity":"place_of_worship","check_date":"2024-04-14","denomination":"roman_catholic","name":"St. Georg","religion":"christian","seamark:landmark:category":"tower","seamark:landmark:conspicuity":"conspicuous","seamark:landmark:function":"church","seamark:type":"landmark","wikidata":"Q41416372"}}},{"type":"Feature","geometry":{"type":"Polygon","coordinates":[[[12.5045832,48.9319946],[12.5045697,48.9319178],[12.5047627,48.9319031],[12.5047762,48.93198],[12.5045832,48.9319946]]]},"properties":{"osm_id":264746394,"osm_type":"way","seamark_type":"landmark","display_class":"OTHER","min_zoom":12,"importance":1,"name":"St. Georg","ref":null,"common":{"type":"landmark"},"children":{"landmark":{"category":"tower","conspicuity":"conspicuous","function":"church"}},"osm_tags":{"amenity":"place_of_worship","building":"yes","denomination":"roman_catholic","name":"St. Georg","religion":"christian","seamark:landmark:category":"tower","seamark:landmark:conspicuity":"conspicuous","seamark:landmark:function":"church","seamark:type":"landmark","wikidata":"Q41212664"}}},{"type":"Feature","geometry":{"type":"Polygon","coordinates":[[[12.5644068,48.9147147],[12.5646052,48.9147071],[12.5646046,48.9147004],[12.5646902,48.9146971],[12.5646845,48.9146321],[12.5645945,48.9146356],[12.5645939,48.9146286],[12.5643998,48.9146361],[12.5644068,48.9147147]]]},"properties":{"osm_id":264746395,"osm_type":"way","seamark_type":"landmark","display_class":"OTHER","min_zoom":12,"importance":1,"name":"St. Jakobus","ref":null,"common":{"type":"landmark"},"children":{"landmark":{"category":"tower","conspicuity":"conspicuous","function":"church"}},"osm_tags":{"amenity":"place_of_worship","building":"church","denomination":"roman_catholic","name":"St. Jakobus","religion":"christian","seamark:landmark:category":"tower","seamark:landmark:conspicuity":"conspicuous","seamark:landmark:function":"church","seamark:type":"landmark"}}},{"type":"Feature","geometry":{"type":"Polygon","coordinates":[[[12.6347882,48.881688],[12.6347836,48.8816636],[12.6343967,48.8816949],[12.6344049,48.8817383],[12.6343501,48.8817433],[12.6343596,48.8817884],[12.6344134,48.8817836],[12.6344213,48.8818257],[12.6348081,48.8817944],[12.6348015,48.8817592],[12.6348796,48.8817528],[12.634904,48.8817285],[12.6348964,48.8816948],[12.6348663,48.8816817],[12.6347882,48.881688]]]},"properties":{"osm_id":260309517,"osm_type":"way","seamark_type":"landmark","display_class":"OTHER","min_zoom":12,"importance":1,"name":"St. Johannes","ref":null,"common":{"type":"landmark"},"children":{"landmark":{"category":"tower","conspicuity":"conspicuous","function":"church"}},"osm_tags":{"amenity":"place_of_worship","building":"church","denomination":"catholic","name":"St. Johannes","religion":"christian","roof:shape":"gabled","seamark:landmark:category":"tower","seamark:landmark:conspicuity":"conspicuous","seamark:landmark:function":"church","seamark:type":"landmark","wheelchair":"limited"}}},{"type":"Feature","geometry":{"type":"Polygon","coordinates":[[[12.0570114,48.9824611],[12.0570173,48.9824734],[12.0571363,48.9824485],[12.0571583,48.9824939],[12.0570481,48.982517],[12.0570544,48.98253],[12.0568453,48.9825738],[12.056811,48.982503],[12.0570114,48.9824611]]]},"properties":{"osm_id":28784752,"osm_type":"way","seamark_type":"landmark","display_class":"OTHER","min_zoom":12,"importance":1,"name":"St. Johannes der Täufer","ref":null,"common":{"type":"landmark"},"children":{"landmark":{"category":"tower","conspicuity":"conspicuous","function":"church"}},"osm_tags":{"addr:city":"Pentling","addr:country":"DE","addr:housenumber":"10","addr:postcode":"93080","addr:street":"Schulstraße","amenity":"place_of_worship","building":"church","denomination":"catholic","heritage":"4","heritage:operator":"BLfD","name":"St. Johannes der Täufer","ref:BLfD":"D-3-75-180-1","religion":"christian","seamark:landmark:category":"tower","seamark:landmark:conspicuity":"conspicuous","seamark:landmark:function":"church","seamark:type":"landmark","wikidata":"Q39487227","wikipedia":"de:St. Johannes (Pentling)"}}},{"type":"Feature","geometry":{"type":"Polygon","coordinates":[[[12.5121958,48.9586603],[12.5123739,48.9586597],[12.5123733,48.9585857],[12.5121952,48.9585863],[12.5121954,48.9586096],[12.5122157,48.9586095],[12.512216,48.9586357],[12.5121956,48.9586358],[12.5121958,48.9586603]]]},"properties":{"osm_id":158750761,"osm_type":"way","seamark_type":"landmark","display_class":"OTHER","min_zoom":12,"importance":1,"name":"St. Johannes der Täufer","ref":null,"common":{"type":"landmark"},"children":{"landmark":{"category":"tower","conspicuity":"conspicuous","function":"church"}},"osm_tags":{"amenity":"place_of_worship","building":"yes","denomination":"roman_catholic","name":"St. Johannes der Täufer","religion":"christian","seamark:landmark:category":"tower","seamark:landmark:conspicuity":"conspicuous","seamark:landmark:function":"church","seamark:type":"landmark","wikidata":"Q41415596"}}},{"type":"Feature","geometry":{"type":"Polygon","coordinates":[[[12.3106306,48.985515],[12.3106428,48.9854172],[12.3103952,48.9854038],[12.310383,48.9855016],[12.3106306,48.985515]]]},"properties":{"osm_id":131711150,"osm_type":"way","seamark_type":"landmark","display_class":"OTHER","min_zoom":12,"importance":1,"name":"St. Laurentius","ref":null,"common":{"type":"landmark"},"children":{"landmark":{"category":"tower","conspicuity":"conspicuous","function":"church"}},"osm_tags":{"addr:city":"Barbing","addr:country":"DE","addr:housenumber":"9","addr:postcode":"93092","addr:street":"Kapellenstraße","addr:suburb":"Eltheim","amenity":"place_of_worship","building":"yes","denomination":"roman_catholic","name":"St. Laurentius","religion":"christian","seamark:landmark:category":"tower","seamark:landmark:conspicuity":"conspicuous","seamark:landmark:function":"church","seamark:type":"landmark","source":"bing","wikidata":"Q41414250","wikipedia":"de:St. Laurentius (Eltheim)"}}},{"type":"Feature","geometry":{"type":"Polygon","coordinates":[[[12.5031501,48.9619738],[12.5030961,48.9619035],[12.5033058,48.9618341],[12.5033142,48.9618451],[12.5033616,48.9618294],[12.5033973,48.9618759],[12.5033499,48.9618916],[12.5033598,48.9619044],[12.5031501,48.9619738]]]},"properties":{"osm_id":264763100,"osm_type":"way","seamark_type":"landmark","display_class":"OTHER","min_zoom":12,"importance":1,"name":"St. Laurenzius","ref":null,"common":{"type":"landmark"},"children":{"landmark":{"category":"tower","conspicuity":"conspicuous","function":"church"}},"osm_tags":{"amenity":"place_of_worship","building":"church","denomination":"catholic","name":"St. Laurenzius","religion":"christian","seamark:landmark:category":"tower","seamark:landmark:conspicuity":"conspicuous","seamark:landmark:function":"church","seamark:type":"landmark","wikidata":"Q41415585"}}},{"type":"Feature","geometry":{"type":"Polygon","coordinates":[[[12.4692514,48.9430276],[12.4694896,48.9429958],[12.4694837,48.9429766],[12.4695828,48.9429634],[12.4695783,48.9429488],[12.4696075,48.9429449],[12.4695945,48.9429027],[12.4695654,48.9429066],[12.4695625,48.9428972],[12.4695173,48.9429042],[12.469499,48.9428467],[12.4694128,48.9428585],[12.4694256,48.9428989],[12.4692201,48.9429263],[12.4692514,48.9430276]]]},"properties":{"osm_id":264763101,"osm_type":"way","seamark_type":"landmark","display_class":"OTHER","min_zoom":12,"importance":1,"name":"St. Lukas","ref":null,"common":{"type":"landmark"},"children":{"landmark":{"category":"tower","conspicuity":"conspicuous","function":"church"}},"osm_tags":{"addr:city":"Aholfing","addr:country":"DE","addr:housenumber":"1","addr:postcode":"94345","addr:street":"Sankt-Lukas-Straße","amenity":"place_of_worship","building":"church","check_date":"2025-03-23","denomination":"catholic","name":"St. Lukas","religion":"christian","seamark:landmark:category":"tower","seamark:landmark:conspicuity":"conspicuous","seamark:landmark:function":"church","seamark:type":"landmark","wikidata":"Q41212647"}}},{"type":"Feature","geometry":{"type":"Polygon","coordinates":[[[12.7429085,48.8826079],[12.7429434,48.8826873],[12.7432667,48.8826281],[12.7433076,48.8826113],[12.7433189,48.8825868],[12.7433028,48.8825638],[12.7432679,48.8825497],[12.7432331,48.8825497],[12.7429085,48.8826079]]]},"properties":{"osm_id":219239307,"osm_type":"way","seamark_type":"landmark","display_class":"OTHER","min_zoom":12,"importance":1,"name":"St. Margaretha","ref":null,"common":{"type":"landmark"},"children":{"landmark":{"category":"tower","conspicuity":"conspicuous","function":"church"}},"osm_tags":{"amenity":"place_of_worship","building":"church","denomination":"roman_catholic","name":"St. Margaretha","religion":"christian","seamark:landmark:category":"tower","seamark:landmark:conspicuity":"conspicuous","seamark:landmark:function":"church","seamark:type":"landmark","wikidata":"Q41406291"}}},{"type":"Feature","geometry":{"type":"Polygon","coordinates":[[[12.7159844,48.8840942],[12.7161341,48.8843262],[12.7159204,48.8843858],[12.7157707,48.8841538],[12.7159844,48.8840942]]]},"properties":{"osm_id":44779776,"osm_type":"way","seamark_type":"landmark","display_class":"OTHER","min_zoom":12,"importance":1,"name":"St. Michael","ref":null,"common":{"type":"landmark"},"children":{"landmark":{"category":"tower","conspicuity":"conspicuous","function":"church"}},"osm_tags":{"amenity":"place_of_worship","building":"yes","name":"St. Michael","religion":"christian","seamark:landmark:category":"tower","seamark:landmark:conspicuity":"conspicuous","seamark:landmark:function":"church","seamark:type":"landmark"}}},{"type":"Feature","geometry":{"type":"Polygon","coordinates":[[[12.3905572,48.9675868],[12.3906228,48.9676954],[12.3906675,48.9676838],[12.3908322,48.9676409],[12.390819,48.9676188],[12.3908906,48.9675999],[12.3908543,48.9675404],[12.3907827,48.9675593],[12.3907666,48.9675323],[12.3906243,48.9675694],[12.3906009,48.9675755],[12.3905572,48.9675868]]]},"properties":{"osm_id":87740043,"osm_type":"way","seamark_type":"landmark","display_class":"OTHER","min_zoom":12,"importance":1,"name":"St. Nikolaus","ref":null,"common":{"type":"landmark"},"children":{"landmark":{"category":"tower","conspicuity":"conspicuous","function":"church","name":"St. Nikolaus"}},"osm_tags":{"addr:city":"Pfatter","addr:country":"DE","addr:housenumber":"23","addr:postcode":"93102","addr:street":"Nikolastraße","air_conditioning":"no","amenity":"place_of_worship","building":"church","denomination":"roman_catholic","description":"Nebenkirche","heritage":"4","heritage:operator":"BLfD","image":"https://commons.wikimedia.org/wiki/File:Pfatter-Nikolastra%C3%9Fe-23-Kirche-Sankt-Nikolaus.jpg","name":"St. Nikolaus","ref:BLfD":"D-3-75-183-6","religion":"christian","seamark:landmark:category":"tower","seamark:landmark:conspicuity":"conspicuous","seamark:landmark:function":"church","seamark:landmark:name":"St. Nikolaus","seamark:type":"landmark","wheelchair":"yes","wikidata":"Q41381658","wikimedia_commons":"Category:St. Nikolaus (Pfatter)","wikipedia":"de:St. Nikolaus (Pfatter)"}}},{"type":"Feature","geometry":{"type":"Polygon","coordinates":[[[12.5885518,48.8862116],[12.5885563,48.886203],[12.58855,48.8861948],[12.5885369,48.8861919],[12.5885306,48.8861356],[12.5884038,48.8861417],[12.5884089,48.8861875],[12.5880683,48.8862039],[12.5880864,48.8863671],[12.5885538,48.8863446],[12.5885526,48.8863337],[12.5885694,48.8863281],[12.5885754,48.8863163],[12.5885669,48.8863052],[12.588549,48.8863013],[12.5885477,48.8862898],[12.5885803,48.886279],[12.5885919,48.8862562],[12.5885754,48.8862347],[12.5885408,48.8862272],[12.5885394,48.8862157],[12.5885518,48.8862116]]]},"properties":{"osm_id":202212996,"osm_type":"way","seamark_type":"landmark","display_class":"OTHER","min_zoom":12,"importance":1,"name":"St. Peter","ref":null,"common":{"type":"landmark"},"children":{"landmark":{"category":"tower","conspicuity":"conspicuous","function":"church","name":"Kloster Azlburg"}},"osm_tags":{"addr:city":"Straubing","addr:country":"DE","addr:housenumber":"50b","addr:postcode":"94315","addr:street":"Kirchgasse","amenity":"place_of_worship","building":"church","denomination":"roman_catholic","name":"St. Peter","religion":"christian","seamark:landmark:category":"tower","seamark:landmark:conspicuity":"conspicuous","seamark:landmark:function":"church","seamark:landmark:name":"Kloster Azlburg","seamark:type":"landmark","wikidata":"Q991266"}}},{"type":"Feature","geometry":{"type":"Polygon","coordinates":[[[12.6664752,48.9168821],[12.6664822,48.9169058],[12.6665716,48.9168943],[12.6665846,48.9169379],[12.6666377,48.9169311],[12.6666911,48.9169243],[12.6666711,48.9168569],[12.6667698,48.9168442],[12.6667753,48.9168435],[12.666774,48.916849],[12.6667753,48.9168602],[12.6667803,48.9168709],[12.6667888,48.9168806],[12.6668004,48.9168888],[12.6668145,48.9168952],[12.6668304,48.9168993],[12.6668472,48.916901],[12.6668643,48.9169001],[12.6668806,48.9168968],[12.6668954,48.9168912],[12.6669079,48.9168836],[12.6669175,48.9168744],[12.6669238,48.9168639],[12.6669264,48.9168528],[12.6669251,48.9168417],[12.6669201,48.9168309],[12.6669154,48.9168255],[12.6669176,48.9168253],[12.6672147,48.9167871],[12.6671932,48.9167148],[12.6671925,48.9167125],[12.667203,48.9167135],[12.6672201,48.9167127],[12.6672364,48.9167094],[12.6672512,48.9167038],[12.6672637,48.9166962],[12.6672733,48.9166869],[12.6672796,48.9166765],[12.6672821,48.9166654],[12.6672809,48.9166542],[12.6672759,48.9166435],[12.6672674,48.9166338],[12.6672558,48.9166255],[12.6672417,48.9166192],[12.6672258,48.9166151],[12.6672089,48.9166134],[12.6671919,48.9166142],[12.6671756,48.9166175],[12.6671654,48.9166214],[12.6671493,48.9165672],[12.66651,48.9166493],[12.6664097,48.9166622],[12.6664135,48.9166751],[12.6664197,48.9166957],[12.6664242,48.916711],[12.6664302,48.9167313],[12.666411,48.9167298],[12.666394,48.9167306],[12.6663777,48.9167339],[12.6663629,48.9167395],[12.6663504,48.9167471],[12.6663407,48.9167563],[12.6663345,48.9167668],[12.6663319,48.9167779],[12.6663332,48.916789],[12.6663382,48.9167998],[12.6663467,48.9168095],[12.6663583,48.9168177],[12.6663724,48.9168241],[12.6663882,48.9168282],[12.6664051,48.9168299],[12.6664221,48.916829],[12.6664384,48.9168257],[12.666456,48.9168174],[12.6664752,48.9168821]]]},"properties":{"osm_id":110117641,"osm_type":"way","seamark_type":"landmark","display_class":"OTHER","min_zoom":12,"importance":1,"name":"St. Peter und Paul","ref":null,"common":{"type":"landmark"},"children":{"landmark":{"category":"tower","conspicuity":"conspicuous","function":"church"}},"osm_tags":{"addr:city":"Bogen","addr:housenumber":"12","addr:postcode":"94327","addr:street":"Veit-Höser-Straße","addr:suburb":"Oberalteich","amenity":"place_of_worship","building":"church","check_date":"2025-01-01","denomination":"catholic","name":"St. Peter und Paul","religion":"christian","seamark:landmark:category":"tower","seamark:landmark:conspicuity":"conspicuous","seamark:landmark:function":"church","seamark:type":"landmark"}}},{"type":"Feature","geometry":{"type":"Polygon","coordinates":[[[12.7749975,48.8450492],[12.774963,48.8449876],[12.7751426,48.8449439],[12.7751255,48.8449148],[12.7751227,48.8448982],[12.775133,48.8448829],[12.7751535,48.8448731],[12.7751787,48.8448713],[12.7752019,48.844878],[12.7752169,48.8448915],[12.7752346,48.8449216],[12.7752583,48.8449158],[12.7752909,48.8449281],[12.7753054,48.844954],[12.7752928,48.8449774],[12.7752833,48.8449797],[12.7753012,48.8450102],[12.7752436,48.8450249],[12.7752254,48.8449938],[12.7749975,48.8450492]]]},"properties":{"osm_id":260307952,"osm_type":"way","seamark_type":"landmark","display_class":"OTHER","min_zoom":12,"importance":1,"name":"St. Peter und Paul","ref":null,"common":{"type":"landmark"},"children":{"landmark":{"category":"tower","conspicuity":"conspicuous","function":"church"}},"osm_tags":{"addr:city":"Niederwinkling","addr:country":"DE","addr:housenumber":"34","addr:place":"Waltendorf","addr:postcode":"94559","amenity":"place_of_worship","building":"church","denomination":"roman_catholic","heritage":"4","heritage:operator":"BLfD","name":"St. Peter und Paul","ref:BLfD":"D-2-78-159-8","religion":"christian","seamark:landmark:category":"tower","seamark:landmark:conspicuity":"conspicuous","seamark:landmark:function":"church","seamark:type":"landmark","wikidata":"Q41415518"}}},{"type":"Feature","geometry":{"type":"Polygon","coordinates":[[[12.7106447,48.8973301],[12.7106081,48.8972685],[12.7107305,48.897237],[12.7107692,48.8972439],[12.7107905,48.8972772],[12.7107623,48.8972999],[12.7106447,48.8973301]]]},"properties":{"osm_id":260307953,"osm_type":"way","seamark_type":"landmark","display_class":"OTHER","min_zoom":12,"importance":1,"name":"St. Ulrich","ref":null,"common":{"type":"landmark"},"children":{"landmark":{"category":"tower","conspicuity":"conspicuous","function":"church"}},"osm_tags":{"alt_name":"Schimmelkapelle","amenity":"place_of_worship","building":"church","denomination":"roman_catholic","name":"St. Ulrich","religion":"christian","seamark:landmark:category":"tower","seamark:landmark:conspicuity":"conspicuous","seamark:landmark:function":"church","seamark:type":"landmark","wikidata":"Q41406271","wikipedia":"de:Kapelle St. Ulrich (Hutterhof)"}}},{"type":"Feature","geometry":{"type":"Polygon","coordinates":[[[12.0043897,48.9648842],[12.0044508,48.9647969],[12.0041837,48.9647164],[12.0041528,48.9647607],[12.0041227,48.9648038],[12.0043897,48.9648842]]]},"properties":{"osm_id":115669980,"osm_type":"way","seamark_type":"landmark","display_class":"OTHER","min_zoom":12,"importance":1,"name":"St. Wolfgang","ref":null,"common":{"type":"landmark"},"children":{"landmark":{"category":"tower","conspicuity":"conspicuous","function":"church"}},"osm_tags":{"amenity":"place_of_worship","building":"church","check_date":"2025-12-15","denomination":"roman_catholic","name":"St. Wolfgang","religion":"christian","seamark:landmark:category":"tower","seamark:landmark:conspicuity":"conspicuous","seamark:landmark:function":"church","seamark:type":"landmark","wikidata":"Q41417360","wikipedia":"de:St. Wolfgang (Matting)"}}},{"type":"Feature","geometry":{"type":"Point","coordinates":[12.3569501,48.9757259]},"properties":{"osm_id":1763132511,"osm_type":"node","seamark_type":"bridge","display_class":"OTHER","min_zoom":12,"importance":1,"name":"Straßenbrücke Pfatter","ref":null,"common":{"name":"Straßenbrücke Pfatter","type":"bridge"},"children":{"bridge":{"category":"fixed","clearance_height":"7.35","clearance_width":"85.35"}},"osm_tags":{"maxheight":"7.35","maxwidth":"85.35","obstacle":"bridge","obstacle_name":"Straßenbrücke Pfatter","river:waterway_distance":"2353.32","seamark:bridge:category":"fixed","seamark:bridge:clearance_height":"7.35","seamark:bridge:clearance_width":"85.35","seamark:name":"Straßenbrücke Pfatter","seamark:type":"bridge","source":"elwis.de"}}},{"type":"Feature","geometry":{"type":"Point","coordinates":[12.6159336,48.8970444]},"properties":{"osm_id":301908317,"osm_type":"node","seamark_type":"bridge","display_class":"OTHER","min_zoom":12,"importance":1,"name":"Straßenbrücke Reibersdorf","ref":null,"common":{"name":"Straßenbrücke Reibersdorf","type":"bridge"},"children":{"bridge":{"category":"fixed","clearance_height":"8.85","clearance_width":"71.90"}},"osm_tags":{"maxheight":"8.85","maxwidth":"71.90","obstacle":"bridge","obstacle_name":"Straßenbrücke Reibersdorf","river:waterway_distance":"2316.98","seamark:bridge:category":"fixed","seamark:bridge:clearance_height":"8.85","seamark:bridge:clearance_width":"71.90","seamark:name":"Straßenbrücke Reibersdorf","seamark:type":"bridge","source":"elwis.de"}}},{"type":"Feature","geometry":{"type":"Polygon","coordinates":[[[12.5378838,48.9082368],[12.5380356,48.9081978],[12.5380227,48.9081761],[12.5380866,48.9081597],[12.5381062,48.9081927],[12.5381352,48.9081853],[12.5381665,48.9081902],[12.538187,48.9082339],[12.5381637,48.9082579],[12.538097,48.908275],[12.5381047,48.908288],[12.5379394,48.9083304],[12.5378838,48.9082368]]]},"properties":{"osm_id":91565553,"osm_type":"way","seamark_type":"landmark","display_class":"OTHER","min_zoom":12,"importance":1,"name":"Unserer Lieben Frau","ref":null,"common":{"type":"landmark"},"children":{"landmark":{"category":"tower","conspicuity":"conspicuous","function":"church"}},"osm_tags":{"amenity":"place_of_worship","building":"church","denomination":"catholic","name":"Unserer Lieben Frau","religion":"christian","seamark:landmark:category":"tower","seamark:landmark:conspicuity":"conspicuous","seamark:landmark:function":"church","seamark:type":"landmark"}}},{"type":"Feature","geometry":{"type":"Polygon","coordinates":[[[12.5734971,48.8840132],[12.5734536,48.8840105],[12.5734021,48.8840162],[12.5733953,48.8840022],[12.5733811,48.8839924],[12.5733026,48.8839951],[12.5732678,48.884003],[12.5732546,48.8840356],[12.5731999,48.8840409],[12.5732241,48.8841568],[12.5732868,48.8841503],[12.5733243,48.8841732],[12.5733562,48.8841644],[12.5734289,48.8841618],[12.5734409,48.8841525],[12.5734424,48.8841397],[12.5735059,48.8841336],[12.5735333,48.8841146],[12.5735449,48.8840903],[12.5735416,48.8840638],[12.5735282,48.8840374],[12.5735221,48.8840326],[12.5734971,48.8840132]]]},"properties":{"osm_id":231369981,"osm_type":"way","seamark_type":"landmark","display_class":"OTHER","min_zoom":12,"importance":1,"name":"Ursulinenkirche","ref":null,"common":{"type":"landmark"},"children":{"landmark":{"category":"tower","conspicuity":"conspicuous","function":"church"}},"osm_tags":{"amenity":"place_of_worship","building":"church","denomination":"roman_catholic","name":"Ursulinenkirche","religion":"christian","seamark:landmark:category":"tower","seamark:landmark:conspicuity":"conspicuous","seamark:landmark:function":"church","seamark:type":"landmark","wikidata":"Q18562215"}}},{"type":"Feature","geometry":{"type":"Polygon","coordinates":[[[12.6965424,48.9020109],[12.6965691,48.9020005],[12.6966059,48.9019862],[12.6965921,48.9019709],[12.6969666,48.9018254],[12.6969276,48.9017821],[12.6969928,48.9017568],[12.697009,48.9017175],[12.6969967,48.9016954],[12.6969671,48.901678],[12.6968956,48.9016799],[12.6967146,48.9017503],[12.6966716,48.9017026],[12.6963597,48.9018239],[12.6964075,48.901877],[12.6964709,48.9019474],[12.6965103,48.9019911],[12.6965209,48.9019869],[12.6965424,48.9020109]]]},"properties":{"osm_id":158925717,"osm_type":"way","seamark_type":"landmark","display_class":"OTHER","min_zoom":12,"importance":1,"name":"Wallfahrtskirche Sankt Maria Himmelfahrt","ref":null,"common":{"type":"landmark"},"children":{"landmark":{"category":"tower","conspicuity":"conspicuous","function":"church"}},"osm_tags":{"addr:housenumber":"9","addr:place":"Bogenberg","amenity":"place_of_worship","building":"church","denomination":"roman_catholic","name":"Wallfahrtskirche Sankt Maria Himmelfahrt","religion":"christian","seamark:landmark:category":"tower","seamark:landmark:conspicuity":"conspicuous","seamark:landmark:function":"church","seamark:type":"landmark","wheelchair":"yes"}}},{"type":"Feature","geometry":{"type":"Polygon","coordinates":[[[12.5488994,48.8810671],[12.5489343,48.8810978],[12.5489343,48.8811328],[12.5490765,48.8811326],[12.5490779,48.8810945],[12.5491108,48.881068],[12.5491325,48.8810649],[12.549134,48.8810116],[12.5490602,48.8810116],[12.5490461,48.8810006],[12.5489702,48.8809992],[12.5489566,48.8810116],[12.5488807,48.8810116],[12.5488827,48.881062],[12.5488994,48.8810671]]]},"properties":{"osm_id":260907118,"osm_type":"way","seamark_type":"landmark","display_class":"OTHER","min_zoom":12,"importance":1,"name":"Wallfahrtskirche Unserer Lieben Frau","ref":null,"common":{"type":"landmark"},"children":{"landmark":{"category":"tower","conspicuity":"conspicuous","function":"church"}},"osm_tags":{"alt_name":"Frauenbrünnl","amenity":"place_of_worship","building":"church","denomination":"roman_catholic","name":"Wallfahrtskirche Unserer Lieben Frau","religion":"christian","seamark:landmark:category":"tower","seamark:landmark:conspicuity":"conspicuous","seamark:landmark:function":"church","seamark:type":"landmark","wikidata":"Q33975926"}}},{"type":"Feature","geometry":{"type":"Polygon","coordinates":[[[12.223056,48.9783866],[12.2230913,48.978388],[12.2230965,48.9783337],[12.2230611,48.9783323],[12.223056,48.9783866]]]},"properties":{"osm_id":358708692,"osm_type":"way","seamark_type":"rescue_station","display_class":"OTHER","min_zoom":12,"importance":1,"name":"Wasserrettungswache","ref":null,"common":{"type":"rescue_station"},"children":{},"osm_tags":{"building":"yes","emergency":"water_rescue","emergency_telephone_code":"112","name":"Wasserrettungswache","opening_hours":"May - Sep: Sa,Su 09:00 -17:00","operator":"DLRG","seamark:type":"rescue_station"}}},{"type":"Feature","geometry":{"type":"Point","coordinates":[12.0135682,48.927849]},"properties":{"osm_id":33335597,"osm_type":"node","seamark_type":"bridge","display_class":"OTHER","min_zoom":12,"importance":1,"name":"Wehrbrücke bad Abbach","ref":null,"common":{"name":"Wehrbrücke bad Abbach","type":"bridge"},"children":{"bridge":{"category":"fixed","clearance_height":"6.4","clearance_width":"48.60"}},"osm_tags":{"maxheight":"6.40","maxwidth":"48.60","obstacle":"bridge","obstacle_name":"Wehrbrücke bad Abbach","river:waterway_distance":"2401.74","seamark:bridge:category":"fixed","seamark:bridge:clearance_height":"6.4","seamark:bridge:clearance_width":"48.60","seamark:name":"Wehrbrücke bad Abbach","seamark:type":"bridge","source":"elwis.de"}}},{"type":"Feature","geometry":{"type":"Point","coordinates":[12.0260876,48.9363175]},"properties":{"osm_id":33335603,"osm_type":"node","seamark_type":"bridge","display_class":"OTHER","min_zoom":12,"importance":1,"name":"Wirtschaftswegbrücke Bad Abbach","ref":null,"common":{"name":"Wirtschaftswegbrücke Bad Abbach","type":"bridge"},"children":{"bridge":{"category":"fixed","clearance_height":"6.45"}},"osm_tags":{"river:waterway_distance":"2400.280","seamark:bridge:category":"fixed","seamark:bridge:clearance_height":"6.45","seamark:name":"Wirtschaftswegbrücke Bad Abbach","seamark:type":"bridge"}}},{"type":"Feature","geometry":{"type":"Point","coordinates":[12.1401063,48.5292172]},"properties":{"osm_id":7666931802,"osm_type":"node","seamark_type":"Bridge","display_class":"OTHER","min_zoom":12,"importance":1,"name":"achdorfer Isarsteg","ref":null,"common":{"name":"achdorfer Isarsteg","type":"Bridge"},"children":{"bridge":{"category":"fixed","clearance_height":"2.5"}},"osm_tags":{"seamark:bridge:category":"fixed","seamark:bridge:clearance_height":"2.5","seamark:name":"achdorfer Isarsteg","seamark:type":"Bridge"}}},{"type":"Feature","geometry":{"type":"LineString","coordinates":[[12.1860376,48.5658241],[12.18673,48.5646845]]},"properties":{"osm_id":142030618,"osm_type":"way","seamark_type":"oil_barrier","display_class":"OTHER","min_zoom":12,"importance":1,"name":"oil boom","ref":null,"common":{"type":"oil_barrier"},"children":{},"osm_tags":{"conditional":"yes","emergency":"oil_boom","fixme":"Tagging","name":"oil boom","note":"Flexible Ölsperre die im Notfall (Bruch der TAL Pipeline die unter der Isar verläuft) vom THW aufgebaut wird. Nicht beständig im Wasser wird im Bedarf errichtet","operator":"TAL(Transalpine Pipeline) / THW (Federal Agency for Technical Relief)","seamark:type":"oil_barrier","steady":"no"}}}],"type":"FeatureCollection"}