{"type":"FeatureCollection","features":[{"type":"Feature","geometry":{"type":"Point","coordinates":[-3.005913,51.248404]},"properties":{"osm_id":331368444,"osm_type":"node","seamark_type":"light_minor","display_class":"LIGHTHOUSE","min_zoom":7,"importance":5,"name":"Burnham","ref":null,"common":{"name":"Burnham","type":"light_minor"},"children":{"landmark":{"height":"9"},"light":{"1:character":"Fl","1:colour":"white","1:height":"7","1:period":"7.5","1:range":"12","1:sector_end":"164","1:sector_start":"74","1:sequence":"0.3+(7.2)","2:category":"directional","2:character":"F","2:colour":"green","2:height":"4","2:orientation":"73","2:range":"12","3:category":"directional","3:character":"F","3:colour":"white","3:height":"4","3:orientation":"76","3:range":"10","4:category":"directional","4:character":"F","4:colour":"red","4:height":"4","4:orientation":"79","4:range":"10","reference":"A 5570"}},"osm_tags":{"man_made":"lighthouse","name":"Burnham-on-Sea Low Lighthouse","seamark:landmark:height":"9","seamark:light:1:character":"Fl","seamark:light:1:colour":"white","seamark:light:1:height":"7","seamark:light:1:period":"7.5","seamark:light:1:range":"12","seamark:light:1:sector_end":"164","seamark:light:1:sector_start":"74","seamark:light:1:sequence":"0.3+(7.2)","seamark:light:2:category":"directional","seamark:light:2:character":"F","seamark:light:2:colour":"green","seamark:light:2:height":"4","seamark:light:2:orientation":"73","seamark:light:2:range":"12","seamark:light:3:category":"directional","seamark:light:3:character":"F","seamark:light:3:colour":"white","seamark:light:3:height":"4","seamark:light:3:orientation":"76","seamark:light:3:range":"10","seamark:light:4:category":"directional","seamark:light:4:character":"F","seamark:light:4:colour":"red","seamark:light:4:height":"4","seamark:light:4:orientation":"79","seamark:light:4:range":"10","seamark:light:reference":"A 5570","seamark:name":"Burnham","seamark:type":"light_minor","wikidata":"Q4999731","wikipedia":"en:Burnham-on-Sea Low Lighthouse"}}},{"type":"Feature","geometry":{"type":"Polygon","coordinates":[[[-3.1187509,51.3755825],[-3.118673,51.3756233],[-3.1185563,51.3756843],[-3.118632,51.3757407],[-3.1187172,51.3756962],[-3.1187597,51.3757278],[-3.1187915,51.3757113],[-3.11875,51.3756804],[-3.1188317,51.3756376],[-3.118755,51.3755804],[-3.1187509,51.3755825]]]},"properties":{"osm_id":138650440,"osm_type":"way","seamark_type":"light_major","display_class":"LIGHTHOUSE","min_zoom":7,"importance":5,"name":"Flatholm","ref":null,"common":{"name":"Flatholm","type":"light_major"},"children":{"landmark":{"height":"30"},"light":{"1:character":"Fl","1:colour":"red","1:group":"3","1:height":"50","1:period":"10","1:range":"12","1:sector_end":"140","1:sector_start":"106","1:sequence":"0.4+(1.6)+0.4+(1.6)+0.4+(5.6)","2:character":"Fl","2:colour":"white","2:group":"3","2:height":"50","2:period":"10","2:range":"15","2:sector_end":"151","2:sector_start":"140","3:character":"Fl","3:colour":"red","3:group":"3","3:height":"50","3:period":"10","3:range":"12","3:sector_end":"203","3:sector_start":"151","4:character":"Fl","4:colour":"white","4:group":"3","4:height":"50","4:period":"10","4:range":"15","4:sector_end":"106","4:sector_start":"203","reference":"A 5426"}},"osm_tags":{"building":"yes","man_made":"lighthouse","name":"Flat Holm Lighthouse","seamark:landmark:height":"30","seamark:light:1:character":"Fl","seamark:light:1:colour":"red","seamark:light:1:group":"3","seamark:light:1:height":"50","seamark:light:1:period":"10","seamark:light:1:range":"12","seamark:light:1:sector_end":"140","seamark:light:1:sector_start":"106","seamark:light:1:sequence":"0.4+(1.6)+0.4+(1.6)+0.4+(5.6)","seamark:light:2:character":"Fl","seamark:light:2:colour":"white","seamark:light:2:group":"3","seamark:light:2:height":"50","seamark:light:2:period":"10","seamark:light:2:range":"15","seamark:light:2:sector_end":"151","seamark:light:2:sector_start":"140","seamark:light:3:character":"Fl","seamark:light:3:colour":"red","seamark:light:3:group":"3","seamark:light:3:height":"50","seamark:light:3:period":"10","seamark:light:3:range":"12","seamark:light:3:sector_end":"203","seamark:light:3:sector_start":"151","seamark:light:4:character":"Fl","seamark:light:4:colour":"white","seamark:light:4:group":"3","seamark:light:4:height":"50","seamark:light:4:period":"10","seamark:light:4:range":"15","seamark:light:4:sector_end":"106","seamark:light:4:sector_start":"203","seamark:light:reference":"A 5426","seamark:name":"Flatholm","seamark:type":"light_major","source":"US NGA Pub. 114. 2011-05-26.","website":"https://www.trinityhouse.co.uk/lighthouses-and-lightvessels/flatholm-lighthouse","wikidata":"Q3739781","wikipedia":"en:Flat Holm Lighthouse","year_of_construction":"1737"}}},{"type":"Feature","geometry":{"type":"Point","coordinates":[-3.786597,51.2455341]},"properties":{"osm_id":269343948,"osm_type":"node","seamark_type":"light_major","display_class":"LIGHTHOUSE","min_zoom":7,"importance":5,"name":"Foreland Point","ref":null,"common":{"name":"Foreland Point","type":"light_major"},"children":{"landmark":{"height":"15"},"light":{"1:character":"Fl","1:colour":"white","1:group":"4","1:height":"67","1:period":"15","1:range":"18","1:sector_end":"275","1:sector_start":"83","1:sequence":"0.1+(2.2),0.1+(2.2),0.1+(2.2),0.1+(8)","reference":"A 5590"}},"osm_tags":{"man_made":"lighthouse","name":"Lynmouth Foreland Lighthouse","seamark:landmark:height":"15","seamark:light:1:character":"Fl","seamark:light:1:colour":"white","seamark:light:1:group":"4","seamark:light:1:height":"67","seamark:light:1:period":"15","seamark:light:1:range":"18","seamark:light:1:sector_end":"275","seamark:light:1:sector_start":"83","seamark:light:1:sequence":"0.1+(2.2),0.1+(2.2),0.1+(2.2),0.1+(8)","seamark:light:reference":"A 5590","seamark:name":"Foreland Point","seamark:type":"light_major","url":"https://www.trinityhouse.co.uk/lighthouses-and-lightvessels/lynmouth-foreland-lighthouse","wikidata":"Q15243200","wikipedia":"en:Lynmouth Foreland Lighthouse"}}},{"type":"Feature","geometry":{"type":"Point","coordinates":[-3.1000667,51.4148333]},"properties":{"osm_id":1556360791,"osm_type":"node","seamark_type":"light_minor","display_class":"LIGHTHOUSE","min_zoom":7,"importance":5,"name":"Monkstone","ref":null,"common":{"name":"Monkstone","type":"light_minor"},"children":{"light":{"character":"Fl","colour":"white","height":"13","period":"5","range":"13","reference":"A 5428","sequence":"0.9+(4.1)"}},"osm_tags":{"man_made":"lighthouse","name":"Monkstone Lighthouse","seamark:light:character":"Fl","seamark:light:colour":"white","seamark:light:height":"13","seamark:light:period":"5","seamark:light:range":"13","seamark:light:reference":"A 5428","seamark:light:sequence":"0.9+(4.1)","seamark:name":"Monkstone","seamark:type":"light_minor","source":"US NGA Pub. 114. 2011-05-26.","wikidata":"Q16570914"}}},{"type":"Feature","geometry":{"type":"Polygon","coordinates":[[[-3.9710822,51.5668584],[-3.9710645,51.5668835],[-3.9710506,51.5668869],[-3.9710255,51.5668931],[-3.9709843,51.5668819],[-3.9709692,51.5668577],[-3.9709866,51.5668326],[-3.9710262,51.5668229],[-3.9710669,51.5668339],[-3.9710822,51.5668584]]]},"properties":{"osm_id":169502393,"osm_type":"way","seamark_type":"light_major","display_class":"LIGHTHOUSE","min_zoom":7,"importance":5,"name":"Mumbles","ref":null,"common":{"name":"Mumbles","type":"light_major"},"children":{"fog_signal":{"category":"horn","group":"3","period":"60"},"light":{"character":"Fl","colour":"white","group":"4","height":"35","period":"20","range":"15","reference":"A 5358","sequence":"0.8+(2.2)+0.8+(2.2)+0.8+(2.2)+0.8+(10.2)"}},"osm_tags":{"building":"yes","height":"17 m","man_made":"lighthouse","name":"Mumbles Lighthouse","seamark:fog_signal:category":"horn","seamark:fog_signal:group":"3","seamark:fog_signal:period":"60","seamark:light:character":"Fl","seamark:light:colour":"white","seamark:light:group":"4","seamark:light:height":"35","seamark:light:period":"20","seamark:light:range":"15","seamark:light:reference":"A 5358","seamark:light:sequence":"0.8+(2.2)+0.8+(2.2)+0.8+(2.2)+0.8+(10.2)","seamark:name":"Mumbles","seamark:type":"light_major","source":"US NGA Pub. 114. 2011-05-26.","wikidata":"Q339434","wikipedia":"en:Mumbles Lighthouse"}}},{"type":"Feature","geometry":{"type":"Point","coordinates":[-3.5521149,51.4008239]},"properties":{"osm_id":29062672,"osm_type":"node","seamark_type":"light_major","display_class":"LIGHTHOUSE","min_zoom":7,"importance":5,"name":"Nash Point","ref":null,"common":{"name":"Nash Point","type":"light_major"},"children":{"light":{"1:character":"Fl","1:colour":"red","1:group":"2","1:height":"56","1:period":"15","1:range":"16","1:sector_end":"290","1:sector_start":"280","1:sequence":"0.1+(3.7),0.1+(11.1)","2:character":"Fl","2:colour":"white","2:group":"2","2:height":"56","2:period":"15","2:range":"21","2:sector_end":"100","2:sector_start":"290","2:sequence":"0.1+(3.7),0.1+(11.1)","3:character":"Fl","3:colour":"red","3:group":"2","3:height":"56","3:period":"15","3:range":"16","3:sector_end":"120","3:sector_start":"100","3:sequence":"0.1+(3.7),0.1+(11.1)","4:character":"Fl","4:colour":"white","4:group":"2","4:height":"56","4:period":"15","4:range":"21","4:sector_end":"128","4:sector_start":"120","4:sequence":"0.1+(3.7),0.1+(11.1)","reference":"A 5406"},"radio_station":{"category":"dgps"}},"osm_tags":{"fee":"yes","man_made":"lighthouse","name":"Nash Point","name:cy":"Goleudy Trwyn yr As","seamark:light:1:character":"Fl","seamark:light:1:colour":"red","seamark:light:1:group":"2","seamark:light:1:height":"56","seamark:light:1:period":"15","seamark:light:1:range":"16","seamark:light:1:sector_end":"290","seamark:light:1:sector_start":"280","seamark:light:1:sequence":"0.1+(3.7),0.1+(11.1)","seamark:light:2:character":"Fl","seamark:light:2:colour":"white","seamark:light:2:group":"2","seamark:light:2:height":"56","seamark:light:2:period":"15","seamark:light:2:range":"21","seamark:light:2:sector_end":"100","seamark:light:2:sector_start":"290","seamark:light:2:sequence":"0.1+(3.7),0.1+(11.1)","seamark:light:3:character":"Fl","seamark:light:3:colour":"red","seamark:light:3:group":"2","seamark:light:3:height":"56","seamark:light:3:period":"15","seamark:light:3:range":"16","seamark:light:3:sector_end":"120","seamark:light:3:sector_start":"100","seamark:light:3:sequence":"0.1+(3.7),0.1+(11.1)","seamark:light:4:character":"Fl","seamark:light:4:colour":"white","seamark:light:4:group":"2","seamark:light:4:height":"56","seamark:light:4:period":"15","seamark:light:4:range":"21","seamark:light:4:sector_end":"128","seamark:light:4:sector_start":"120","seamark:light:4:sequence":"0.1+(3.7),0.1+(11.1)","seamark:light:reference":"A 5406","seamark:name":"Nash Point","seamark:radio_station:category":"dgps","seamark:type":"light_major","tourism":"attraction","website":"https://www.trinityhouse.co.uk/lighthouses/nash_point.html?tab=visitor","wikidata":"Q15717627"}}},{"type":"Feature","geometry":{"type":"Polygon","coordinates":[[[-3.3286237,51.1839988],[-3.3286314,51.1839989],[-3.3286385,51.1839972],[-3.328644,51.1839939],[-3.3286471,51.1839895],[-3.3286472,51.1839847],[-3.3286445,51.1839802],[-3.3286392,51.1839767],[-3.3286322,51.1839748],[-3.3286245,51.1839747],[-3.3286174,51.1839764],[-3.3286118,51.1839798],[-3.3286087,51.1839842],[-3.3286086,51.183989],[-3.3286114,51.1839935],[-3.3286167,51.1839969],[-3.3286237,51.1839988]]]},"properties":{"osm_id":249285324,"osm_type":"way","seamark_type":"light_minor","display_class":"LIGHTHOUSE","min_zoom":7,"importance":5,"name":"Watchet Harbour Lighthouse","ref":null,"common":{"type":"light_minor"},"children":{"light":{"character":"Oc","colour":"green","height":"9","period":"3","range":"9","reference":"A 5584","sequence":"2.5+(0.5)"}},"osm_tags":{"building":"yes","man_made":"lighthouse","name":"Watchet Harbour Lighthouse","seamark:light:character":"Oc","seamark:light:colour":"green","seamark:light:height":"9","seamark:light:period":"3","seamark:light:range":"9","seamark:light:reference":"A 5584","seamark:light:sequence":"2.5+(0.5)","seamark:type":"light_minor","wikidata":"Q7973128","wikipedia":"en:Watchet Harbour Lighthouse"}}},{"type":"Feature","geometry":{"type":"Point","coordinates":[-3.1736114,51.4469907]},"properties":{"osm_id":1097214192,"osm_type":"node","seamark_type":"beacon_lateral","display_class":"BEACON","min_zoom":9,"importance":4,"name":null,"ref":null,"common":{"type":"beacon_lateral"},"children":{"beacon_lateral":{"category":"starboard","colour":"green","shape":"pile"}},"osm_tags":{"man_made":"beacon","seamark:beacon_lateral:category":"starboard","seamark:beacon_lateral:colour":"green","seamark:beacon_lateral:shape":"pile","seamark:type":"beacon_lateral"}}},{"type":"Feature","geometry":{"type":"Point","coordinates":[-3.1640713,51.4546349]},"properties":{"osm_id":1097214226,"osm_type":"node","seamark_type":"beacon_lateral","display_class":"BEACON","min_zoom":9,"importance":4,"name":null,"ref":null,"common":{"type":"beacon_lateral"},"children":{"beacon_lateral":{"category":"starboard"},"beacon_special_purpose":{"colour":"green"}},"osm_tags":{"man_made":"beacon","seamark:beacon_lateral:category":"starboard","seamark:beacon_special_purpose:colour":"green","seamark:type":"beacon_lateral"}}},{"type":"Feature","geometry":{"type":"Point","coordinates":[-3.1640751,51.4549146]},"properties":{"osm_id":1097214238,"osm_type":"node","seamark_type":"beacon_lateral","display_class":"BEACON","min_zoom":9,"importance":4,"name":null,"ref":null,"common":{"type":"beacon_lateral"},"children":{"beacon_lateral":{"category":"starboard","colour":"green"}},"osm_tags":{"man_made":"beacon","seamark:beacon_lateral:category":"starboard","seamark:beacon_lateral:colour":"green","seamark:type":"beacon_lateral"}}},{"type":"Feature","geometry":{"type":"Point","coordinates":[-3.7926667,51.2548333]},"properties":{"osm_id":1556352149,"osm_type":"node","seamark_type":"beacon_isolated_danger","display_class":"BEACON","min_zoom":9,"importance":4,"name":null,"ref":null,"common":{"information":"Marine turbine","type":"beacon_isolated_danger"},"children":{"beacon_isolated_danger":{"colour":"black;red;black","colour_pattern":"horizontal"},"fog_signal":{"category":"siren","group":"U","period":"30"},"light":{"character":"Fl","colour":"white","group":"2","period":"10","range":"5","reference":"A 5588","sequence":"1+(1)+1+(7)"}},"osm_tags":{"seamark:beacon_isolated_danger:colour":"black;red;black","seamark:beacon_isolated_danger:colour_pattern":"horizontal","seamark:fog_signal:category":"siren","seamark:fog_signal:group":"U","seamark:fog_signal:period":"30","seamark:information":"Marine turbine","seamark:light:character":"Fl","seamark:light:colour":"white","seamark:light:group":"2","seamark:light:period":"10","seamark:light:range":"5","seamark:light:reference":"A 5588","seamark:light:sequence":"1+(1)+1+(7)","seamark:type":"beacon_isolated_danger","source":"US NGA Pub. 114. 2011-05-26."}}},{"type":"Feature","geometry":{"type":"Point","coordinates":[-3.4717333,51.2162333]},"properties":{"osm_id":1556352680,"osm_type":"node","seamark_type":"beacon_lateral","display_class":"BEACON","min_zoom":9,"importance":4,"name":null,"ref":null,"common":{"type":"beacon_lateral"},"children":{"beacon_lateral":{"category":"starboard","colour":"green","system":"iala-a"},"light":{"character":"Q","colour":"green","height":"6","range":"7","reference":"A 5586.4"}},"osm_tags":{"seamark:beacon_lateral:category":"starboard","seamark:beacon_lateral:colour":"green","seamark:beacon_lateral:system":"iala-a","seamark:light:character":"Q","seamark:light:colour":"green","seamark:light:height":"6","seamark:light:range":"7","seamark:light:reference":"A 5586.4","seamark:type":"beacon_lateral","source":"US NGA Pub. 114. 2011-05-26."}}},{"type":"Feature","geometry":{"type":"Point","coordinates":[-3.8334333,51.6235833]},"properties":{"osm_id":1556375319,"osm_type":"node","seamark_type":"beacon_lateral","display_class":"BEACON","min_zoom":9,"importance":4,"name":null,"ref":null,"common":{"type":"beacon_lateral"},"children":{"beacon_lateral":{"category":"starboard","colour":"green","system":"iala-a"},"light":{"category":"vertical","character":"F","colour":"green","multiple":"2","reference":"A 5381"},"topmark":{"colour":"green","shape":"cone, point up"}},"osm_tags":{"seamark:beacon_lateral:category":"starboard","seamark:beacon_lateral:colour":"green","seamark:beacon_lateral:system":"iala-a","seamark:light:category":"vertical","seamark:light:character":"F","seamark:light:colour":"green","seamark:light:multiple":"2","seamark:light:reference":"A 5381","seamark:topmark:colour":"green","seamark:topmark:shape":"cone, point up","seamark:type":"beacon_lateral","source":"US NGA Pub. 114. 2011-05-26."}}},{"type":"Feature","geometry":{"type":"Point","coordinates":[-3.8474,51.6181833]},"properties":{"osm_id":1556375505,"osm_type":"node","seamark_type":"beacon_lateral","display_class":"BEACON","min_zoom":9,"importance":4,"name":null,"ref":null,"common":{"type":"beacon_lateral"},"children":{"beacon_lateral":{"category":"starboard","colour":"green","height":"9","system":"iala-a"},"light":{"character":"Fl","colour":"green","group":"3","height":"6","period":"10","range":"5","reference":"A 5377"}},"osm_tags":{"seamark:beacon_lateral:category":"starboard","seamark:beacon_lateral:colour":"green","seamark:beacon_lateral:height":"9","seamark:beacon_lateral:system":"iala-a","seamark:light:character":"Fl","seamark:light:colour":"green","seamark:light:group":"3","seamark:light:height":"6","seamark:light:period":"10","seamark:light:range":"5","seamark:light:reference":"A 5377","seamark:type":"beacon_lateral","source":"US NGA Pub. 114. 2011-05-26."}}},{"type":"Feature","geometry":{"type":"Point","coordinates":[-3.8567333,51.6118167]},"properties":{"osm_id":1556375605,"osm_type":"node","seamark_type":"beacon_lateral","display_class":"BEACON","min_zoom":9,"importance":4,"name":null,"ref":null,"common":{"type":"beacon_lateral"},"children":{"beacon_lateral":{"category":"starboard","colour":"green","height":"13","system":"iala-a"},"light":{"character":"Fl","colour":"green","height":"6","period":"1.5","range":"5","reference":"A 5376"}},"osm_tags":{"seamark:beacon_lateral:category":"starboard","seamark:beacon_lateral:colour":"green","seamark:beacon_lateral:height":"13","seamark:beacon_lateral:system":"iala-a","seamark:light:character":"Fl","seamark:light:colour":"green","seamark:light:height":"6","seamark:light:period":"1.5","seamark:light:range":"5","seamark:light:reference":"A 5376","seamark:type":"beacon_lateral","source":"US NGA Pub. 114. 2011-05-26."}}},{"type":"Feature","geometry":{"type":"Point","coordinates":[-3.1725435,51.4463906]},"properties":{"osm_id":3922314710,"osm_type":"node","seamark_type":"beacon_lateral","display_class":"BEACON","min_zoom":9,"importance":4,"name":null,"ref":null,"common":{"type":"beacon_lateral"},"children":{"beacon_lateral":{"category":"port","colour":"red"}},"osm_tags":{"man_made":"beacon","seamark:beacon_lateral:category":"port","seamark:beacon_lateral:colour":"red","seamark:type":"beacon_lateral"}}},{"type":"Feature","geometry":{"type":"Point","coordinates":[-3.1676087,51.4474061]},"properties":{"osm_id":3922314711,"osm_type":"node","seamark_type":"beacon_lateral","display_class":"BEACON","min_zoom":9,"importance":4,"name":null,"ref":null,"common":{"type":"beacon_lateral"},"children":{"beacon_lateral":{"category":"starboard","colour":"green"}},"osm_tags":{"man_made":"beacon","seamark:beacon_lateral:category":"starboard","seamark:beacon_lateral:colour":"green","seamark:type":"beacon_lateral"}}},{"type":"Feature","geometry":{"type":"Point","coordinates":[-3.1655051,51.4518624]},"properties":{"osm_id":3922314712,"osm_type":"node","seamark_type":"beacon_lateral","display_class":"BEACON","min_zoom":9,"importance":4,"name":null,"ref":null,"common":{"type":"beacon_lateral"},"children":{"beacon_lateral":{"category":"starboard","colour":"green"}},"osm_tags":{"man_made":"beacon","seamark:beacon_lateral:category":"starboard","seamark:beacon_lateral:colour":"green","seamark:type":"beacon_lateral"}}},{"type":"Feature","geometry":{"type":"Point","coordinates":[-3.86595,51.6054]},"properties":{"osm_id":1556375688,"osm_type":"node","seamark_type":"beacon_lateral","display_class":"BEACON","min_zoom":9,"importance":4,"name":"Monkstone","ref":null,"common":{"name":"Monkstone","type":"beacon_lateral"},"children":{"beacon_lateral":{"category":"starboard","colour":"green","height":"13","system":"iala-a"},"light":{"character":"Fl","colour":"green","group":"2","height":"6","period":"6","range":"5","reference":"A 5374"}},"osm_tags":{"seamark:beacon_lateral:category":"starboard","seamark:beacon_lateral:colour":"green","seamark:beacon_lateral:height":"13","seamark:beacon_lateral:system":"iala-a","seamark:light:character":"Fl","seamark:light:colour":"green","seamark:light:group":"2","seamark:light:height":"6","seamark:light:period":"6","seamark:light:range":"5","seamark:light:reference":"A 5374","seamark:name":"Monkstone","seamark:type":"beacon_lateral","source":"US NGA Pub. 114. 2011-05-26."}}},{"type":"Feature","geometry":{"type":"Point","coordinates":[-3.0983555,51.0220091]},"properties":{"osm_id":49834220,"osm_type":"node","seamark_type":"gate","display_class":"OTHER","min_zoom":12,"importance":1,"name":null,"ref":null,"common":{"type":"gate"},"children":{},"osm_tags":{"seamark:type":"gate","waterway":"lock_gate"}}},{"type":"Feature","geometry":{"type":"Point","coordinates":[-3.0981774,51.022119]},"properties":{"osm_id":49834223,"osm_type":"node","seamark_type":"gate","display_class":"OTHER","min_zoom":12,"importance":1,"name":null,"ref":null,"common":{"type":"gate"},"children":{},"osm_tags":{"seamark:type":"gate","waterway":"lock_gate"}}},{"type":"Feature","geometry":{"type":"Point","coordinates":[-3.2403588,51.8719348]},"properties":{"osm_id":300622806,"osm_type":"node","seamark_type":"gate","display_class":"OTHER","min_zoom":12,"importance":1,"name":null,"ref":null,"common":{"type":"gate"},"children":{},"osm_tags":{"seamark:type":"gate","waterway":"lock_gate"}}},{"type":"Feature","geometry":{"type":"Point","coordinates":[-3.2446997,51.8703549]},"properties":{"osm_id":300622990,"osm_type":"node","seamark_type":"gate","display_class":"OTHER","min_zoom":12,"importance":1,"name":null,"ref":null,"common":{"type":"gate"},"children":{},"osm_tags":{"seamark:type":"gate","waterway":"lock_gate"}}},{"type":"Feature","geometry":{"type":"Point","coordinates":[-3.2444381,51.8701756]},"properties":{"osm_id":300623035,"osm_type":"node","seamark_type":"gate","display_class":"OTHER","min_zoom":12,"importance":1,"name":null,"ref":null,"common":{"type":"gate"},"children":{},"osm_tags":{"seamark:type":"gate","waterway":"lock_gate"}}},{"type":"Feature","geometry":{"type":"Point","coordinates":[-3.0394044,51.5914843]},"properties":{"osm_id":367057640,"osm_type":"node","seamark_type":"gate","display_class":"OTHER","min_zoom":12,"importance":1,"name":null,"ref":null,"common":{"type":"gate"},"children":{},"osm_tags":{"seamark:type":"gate","waterway":"lock_gate"}}},{"type":"Feature","geometry":{"type":"Point","coordinates":[-3.0323069,51.5904074]},"properties":{"osm_id":367057649,"osm_type":"node","seamark_type":"gate","display_class":"OTHER","min_zoom":12,"importance":1,"name":null,"ref":null,"common":{"type":"gate"},"children":{},"osm_tags":{"seamark:type":"gate","waterway":"lock_gate"}}},{"type":"Feature","geometry":{"type":"Point","coordinates":[-3.0410211,51.5915616]},"properties":{"osm_id":420443708,"osm_type":"node","seamark_type":"gate","display_class":"OTHER","min_zoom":12,"importance":1,"name":null,"ref":null,"common":{"type":"gate"},"children":{},"osm_tags":{"seamark:type":"gate","waterway":"lock_gate"}}},{"type":"Feature","geometry":{"type":"Point","coordinates":[-3.9214346,51.6135068]},"properties":{"osm_id":1084311122,"osm_type":"node","seamark_type":"gate","display_class":"OTHER","min_zoom":12,"importance":1,"name":null,"ref":null,"common":{"type":"gate"},"children":{},"osm_tags":{"seamark:type":"gate","waterway":"lock_gate"}}},{"type":"Feature","geometry":{"type":"Point","coordinates":[-3.9209842,51.6132549]},"properties":{"osm_id":1084313733,"osm_type":"node","seamark_type":"gate","display_class":"OTHER","min_zoom":12,"importance":1,"name":null,"ref":null,"common":{"type":"gate"},"children":{},"osm_tags":{"seamark:type":"gate","waterway":"lock_gate"}}},{"type":"Feature","geometry":{"type":"Point","coordinates":[-3.9339753,51.616719]},"properties":{"osm_id":1084315910,"osm_type":"node","seamark_type":"gate","display_class":"OTHER","min_zoom":12,"importance":1,"name":null,"ref":null,"common":{"type":"gate"},"children":{},"osm_tags":{"seamark:type":"gate","waterway":"lock_gate"}}},{"type":"Feature","geometry":{"type":"Point","coordinates":[-3.923701,51.6127283]},"properties":{"osm_id":1084423262,"osm_type":"node","seamark_type":"gate","display_class":"OTHER","min_zoom":12,"importance":1,"name":null,"ref":null,"common":{"type":"gate"},"children":{},"osm_tags":{"seamark:type":"gate","waterway":"lock_gate"}}},{"type":"Feature","geometry":{"type":"Point","coordinates":[-3.9246141,51.6118674]},"properties":{"osm_id":1084423330,"osm_type":"node","seamark_type":"gate","display_class":"OTHER","min_zoom":12,"importance":1,"name":null,"ref":null,"common":{"type":"gate"},"children":{},"osm_tags":{"seamark:type":"gate","waterway":"lock_gate"}}},{"type":"Feature","geometry":{"type":"Point","coordinates":[-3.0035921,51.1333879]},"properties":{"osm_id":1376699324,"osm_type":"node","seamark_type":"gate","display_class":"OTHER","min_zoom":12,"importance":1,"name":null,"ref":null,"common":{"type":"gate"},"children":{},"osm_tags":{"seamark:type":"gate","waterway":"lock_gate"}}},{"type":"Feature","geometry":{"type":"Point","coordinates":[-3.0402626,51.5915936]},"properties":{"osm_id":1446085169,"osm_type":"node","seamark_type":"gate","display_class":"OTHER","min_zoom":12,"importance":1,"name":null,"ref":null,"common":{"type":"gate"},"children":{},"osm_tags":{"seamark:type":"gate","waterway":"lock_gate"}}},{"type":"Feature","geometry":{"type":"Point","coordinates":[-3.0425598,51.59131]},"properties":{"osm_id":1446098008,"osm_type":"node","seamark_type":"gate","display_class":"OTHER","min_zoom":12,"importance":1,"name":null,"ref":null,"common":{"type":"gate"},"children":{},"osm_tags":{"seamark:type":"gate","waterway":"lock_gate"}}},{"type":"Feature","geometry":{"type":"Point","coordinates":[-3.0422699,51.5913723]},"properties":{"osm_id":1446098011,"osm_type":"node","seamark_type":"gate","display_class":"OTHER","min_zoom":12,"importance":1,"name":null,"ref":null,"common":{"type":"gate"},"children":{},"osm_tags":{"seamark:type":"gate","waterway":"lock_gate"}}},{"type":"Feature","geometry":{"type":"Point","coordinates":[-3.8307108,51.2320248]},"properties":{"osm_id":1556351997,"osm_type":"node","seamark_type":"light_minor","display_class":"OTHER","min_zoom":12,"importance":1,"name":null,"ref":null,"common":{"type":"light_minor"},"children":{"light":{"category":"vertical","character":"F","colour":"green","height":"6","multiple":"2","range":"5","reference":"A 5593"}},"osm_tags":{"image":"https://archive.org/details/lynmouth-2021-09-07/DSCN4731.JPG","seamark:light:category":"vertical","seamark:light:character":"F","seamark:light:colour":"green","seamark:light:height":"6","seamark:light:multiple":"2","seamark:light:range":"5","seamark:light:reference":"A 5593","seamark:type":"light_minor","source":"US NGA Pub. 114. 2011-05-26."}}},{"type":"Feature","geometry":{"type":"Point","coordinates":[-3.8305745,51.2318267]},"properties":{"osm_id":1556352084,"osm_type":"node","seamark_type":"light_minor","display_class":"OTHER","min_zoom":12,"importance":1,"name":null,"ref":null,"common":{"type":"light_minor"},"children":{"light":{"category":"vertical","character":"F","colour":"red","height":"6","multiple":"2","range":"5","reference":"A 5592"}},"osm_tags":{"image":"https://archive.org/details/lynmouth-2021-09-07/DSCN4736.JPG","seamark:light:category":"vertical","seamark:light:character":"F","seamark:light:colour":"red","seamark:light:height":"6","seamark:light:multiple":"2","seamark:light:range":"5","seamark:light:reference":"A 5592","seamark:type":"light_minor","source":"US NGA Pub. 114. 2011-05-26."}}},{"type":"Feature","geometry":{"type":"Point","coordinates":[-3.4726365,51.2135542]},"properties":{"osm_id":1556352643,"osm_type":"node","seamark_type":"light_minor","display_class":"OTHER","min_zoom":12,"importance":1,"name":null,"ref":null,"common":{"information":"Visible 127° -262° .","type":"light_minor"},"children":{"light":{"character":"Fl","colour":"green","group":"2","period":"5","range":"4","reference":"A 5586"}},"osm_tags":{"seamark:information":"Visible 127° -262° .","seamark:light:character":"Fl","seamark:light:colour":"green","seamark:light:group":"2","seamark:light:period":"5","seamark:light:range":"4","seamark:light:reference":"A 5586","seamark:type":"light_minor","source":"US NGA Pub. 114. 2011-05-26."}}},{"type":"Feature","geometry":{"type":"Point","coordinates":[-3.3284523,51.1836105]},"properties":{"osm_id":1556352743,"osm_type":"node","seamark_type":"light_minor","display_class":"OTHER","min_zoom":12,"importance":1,"name":null,"ref":null,"common":{"type":"light_minor"},"children":{"light":{"category":"vertical","character":"F","colour":"red","multiple":"2","reference":"A 5584.2"}},"osm_tags":{"seamark:light:category":"vertical","seamark:light:character":"F","seamark:light:colour":"red","seamark:light:multiple":"2","seamark:light:reference":"A 5584.2","seamark:type":"light_minor","source":"US NGA Pub. 114. 2011-05-26."}}},{"type":"Feature","geometry":{"type":"Point","coordinates":[-3.0329333,51.1891167]},"properties":{"osm_id":1556353982,"osm_type":"node","seamark_type":"light_minor","display_class":"OTHER","min_zoom":12,"importance":1,"name":null,"ref":null,"common":{"information":"Visible 187° -217°","type":"light_minor"},"children":{"light":{"character":"Fl","colour":"white","height":"4","period":"3","range":"7","reference":"A 5573","sequence":"0.3+(2.7)","visibility":"part_obscured"}},"osm_tags":{"seamark:information":"Visible 187° -217°","seamark:light:character":"Fl","seamark:light:colour":"white","seamark:light:height":"4","seamark:light:period":"3","seamark:light:range":"7","seamark:light:reference":"A 5573","seamark:light:sequence":"0.3+(2.7)","seamark:light:visibility":"part_obscured","seamark:type":"light_minor","source":"US NGA Pub. 114. 2011-05-26."}}},{"type":"Feature","geometry":{"type":"Point","coordinates":[-3.1300667,51.2154833]},"properties":{"osm_id":1556354698,"osm_type":"node","seamark_type":"light_minor","display_class":"OTHER","min_zoom":12,"importance":1,"name":null,"ref":null,"common":{"type":"light_minor"},"children":{"light":{"category":"vertical","character":"F","colour":"green","height":"7","multiple":"2","range":"3","reference":"A 5582"}},"osm_tags":{"seamark:light:category":"vertical","seamark:light:character":"F","seamark:light:colour":"green","seamark:light:height":"7","seamark:light:multiple":"2","seamark:light:range":"3","seamark:light:reference":"A 5582","seamark:type":"light_minor","source":"US NGA Pub. 114. 2011-05-26."}}},{"type":"Feature","geometry":{"type":"Point","coordinates":[-3.1647907,51.4348114]},"properties":{"osm_id":1556360713,"osm_type":"node","seamark_type":"light_minor","display_class":"OTHER","min_zoom":12,"importance":1,"name":null,"ref":null,"common":{"information":"Port signals. Sounded 10 min. before a vessel is expected","type":"light_minor"},"children":{"fog_signal":{"category":"horn","group":"BA","period":"60"},"light":{"character":"F","colour":"red","height":"8","range":"3","reference":"A 5430"}},"osm_tags":{"seamark:fog_signal:category":"horn","seamark:fog_signal:group":"BA","seamark:fog_signal:period":"60","seamark:information":"Port signals. Sounded 10 min. before a vessel is expected","seamark:light:character":"F","seamark:light:colour":"red","seamark:light:height":"8","seamark:light:range":"3","seamark:light:reference":"A 5430","seamark:type":"light_minor","source":"US NGA Pub. 114. 2011-05-26."}}},{"type":"Feature","geometry":{"type":"Point","coordinates":[-3.1612217,51.4525872]},"properties":{"osm_id":1556360743,"osm_type":"node","seamark_type":"light_minor","display_class":"OTHER","min_zoom":12,"importance":1,"name":null,"ref":null,"common":{"type":"light_minor"},"children":{"light":{"category":"vertical","character":"F","colour":"red","multiple":"2","reference":"A 5440.3"}},"osm_tags":{"seamark:light:category":"vertical","seamark:light:character":"F","seamark:light:colour":"red","seamark:light:multiple":"2","seamark:light:reference":"A 5440.3","seamark:type":"light_minor","source":"US NGA Pub. 114. 2011-05-26."}}},{"type":"Feature","geometry":{"type":"Point","coordinates":[-3.1595456,51.4514588]},"properties":{"osm_id":1556360781,"osm_type":"node","seamark_type":"light_minor","display_class":"OTHER","min_zoom":12,"importance":1,"name":null,"ref":null,"common":{"type":"light_minor"},"children":{"fog_signal":{"category":"diaphone","group":"1","period":"60"},"light":{"category":"vertical","character":"F","colour":"green","multiple":"2","reference":"A 5440"}},"osm_tags":{"seamark:fog_signal:category":"diaphone","seamark:fog_signal:group":"1","seamark:fog_signal:period":"60","seamark:light:category":"vertical","seamark:light:character":"F","seamark:light:colour":"green","seamark:light:multiple":"2","seamark:light:reference":"A 5440","seamark:type":"light_minor","source":"US NGA Pub. 114. 2011-05-26."}}},{"type":"Feature","geometry":{"type":"Point","coordinates":[-3.2858012,51.389657]},"properties":{"osm_id":1556364234,"osm_type":"node","seamark_type":"light_minor","display_class":"OTHER","min_zoom":12,"importance":1,"name":null,"ref":null,"common":{"type":"light_minor"},"children":{"light":{"category":"vertical","character":"F","colour":"green","height":"5","multiple":"2","range":"5","reference":"A 5411"}},"osm_tags":{"seamark:light:category":"vertical","seamark:light:character":"F","seamark:light:colour":"green","seamark:light:height":"5","seamark:light:multiple":"2","seamark:light:range":"5","seamark:light:reference":"A 5411","seamark:type":"light_minor","source":"US NGA Pub. 114. 2011-05-26."}}},{"type":"Feature","geometry":{"type":"Point","coordinates":[-3.2606656,51.3941041]},"properties":{"osm_id":1556367786,"osm_type":"node","seamark_type":"light_minor","display_class":"OTHER","min_zoom":12,"importance":1,"name":null,"ref":null,"common":{"information":"Traffic signals.Shown when port is closed.","type":"light_minor"},"children":{"light":{"category":"vertical","character":"F","colour":"red","height":"13","multiple":"2","range":"6","reference":"A 5414"}},"osm_tags":{"seamark:information":"Traffic signals.Shown when port is closed.","seamark:light:category":"vertical","seamark:light:character":"F","seamark:light:colour":"red","seamark:light:height":"13","seamark:light:multiple":"2","seamark:light:range":"6","seamark:light:reference":"A 5414","seamark:type":"light_minor","source":"US NGA Pub. 114. 2011-05-26."}}},{"type":"Feature","geometry":{"type":"Point","coordinates":[-3.2571764,51.3917645]},"properties":{"osm_id":1556367938,"osm_type":"node","seamark_type":"light_minor","display_class":"OTHER","min_zoom":12,"importance":1,"name":null,"ref":null,"common":{"type":"light_minor"},"children":{"light":{"character":"Q","colour":"green","height":"7","range":"8","reference":"A 5413"}},"osm_tags":{"seamark:light:character":"Q","seamark:light:colour":"green","seamark:light:height":"7","seamark:light:range":"8","seamark:light:reference":"A 5413","seamark:type":"light_minor","source":"US NGA Pub. 114. 2011-05-26."}}},{"type":"Feature","geometry":{"type":"Point","coordinates":[-3.2586138,51.3911535]},"properties":{"osm_id":1556369012,"osm_type":"node","seamark_type":"light_minor","display_class":"OTHER","min_zoom":12,"importance":1,"name":null,"ref":null,"common":{"type":"light_minor"},"children":{"light":{"character":"Fl","colour":"white","height":"12","period":"2.5","range":"10","reference":"A 5412","sequence":"0.1+(2.4)"}},"osm_tags":{"seamark:light:character":"Fl","seamark:light:colour":"white","seamark:light:height":"12","seamark:light:period":"2.5","seamark:light:range":"10","seamark:light:reference":"A 5412","seamark:light:sequence":"0.1+(2.4)","seamark:type":"light_minor","source":"US NGA Pub. 114. 2011-05-26."}}},{"type":"Feature","geometry":{"type":"Point","coordinates":[-3.4090167,51.37535]},"properties":{"osm_id":1556369293,"osm_type":"node","seamark_type":"light_minor","display_class":"OTHER","min_zoom":12,"importance":1,"name":null,"ref":null,"common":{"type":"light_minor"},"children":{"light":{"character":"Fl","colour":"red","height":"11","reference":"A 5407"}},"osm_tags":{"seamark:light:character":"Fl","seamark:light:colour":"red","seamark:light:height":"11","seamark:light:reference":"A 5407","seamark:type":"light_minor","source":"US NGA Pub. 114. 2011-05-26."}}},{"type":"Feature","geometry":{"type":"Point","coordinates":[-3.8138667,51.5727167]},"properties":{"osm_id":1556373341,"osm_type":"node","seamark_type":"light_minor","display_class":"OTHER","min_zoom":12,"importance":1,"name":null,"ref":null,"common":{"type":"light_minor"},"children":{"light":{"character":"Fl","colour":"green","height":"8","period":"2","range":"2","reference":"A 5395.8"}},"osm_tags":{"seamark:light:character":"Fl","seamark:light:colour":"green","seamark:light:height":"8","seamark:light:period":"2","seamark:light:range":"2","seamark:light:reference":"A 5395.8","seamark:type":"light_minor","source":"US NGA Pub. 114. 2011-05-26."}}},{"type":"Feature","geometry":{"type":"Point","coordinates":[-3.8075833,51.5725667]},"properties":{"osm_id":1556373499,"osm_type":"node","seamark_type":"light_minor","display_class":"OTHER","min_zoom":12,"importance":1,"name":null,"ref":null,"common":{"type":"light_minor"},"children":{"light":{"character":"Fl","colour":"green","height":"8","period":"2","range":"2","reference":"A 5395.6"}},"osm_tags":{"seamark:light:character":"Fl","seamark:light:colour":"green","seamark:light:height":"8","seamark:light:period":"2","seamark:light:range":"2","seamark:light:reference":"A 5395.6","seamark:type":"light_minor","source":"US NGA Pub. 114. 2011-05-26."}}},{"type":"Feature","geometry":{"type":"Point","coordinates":[-3.7959914,51.5729232]},"properties":{"osm_id":1556373674,"osm_type":"node","seamark_type":"light_minor","display_class":"OTHER","min_zoom":12,"importance":1,"name":null,"ref":null,"common":{"type":"light_minor"},"children":{"light":{"character":"Iso","colour":"white","period":"2","range":"2","reference":"A 5395.4"}},"osm_tags":{"seamark:light:character":"Iso","seamark:light:colour":"white","seamark:light:period":"2","seamark:light:range":"2","seamark:light:reference":"A 5395.4","seamark:type":"light_minor","source":"US NGA Pub. 114. 2011-05-26."}}},{"type":"Feature","geometry":{"type":"Point","coordinates":[-3.7962333,51.5746]},"properties":{"osm_id":1556373892,"osm_type":"node","seamark_type":"light_minor","display_class":"OTHER","min_zoom":12,"importance":1,"name":null,"ref":null,"common":{"type":"light_minor"},"children":{"light":{"character":"Iso","colour":"white","height":"7","period":"2","range":"1","reference":"A 5395.3"}},"osm_tags":{"seamark:light:character":"Iso","seamark:light:colour":"white","seamark:light:height":"7","seamark:light:period":"2","seamark:light:range":"1","seamark:light:reference":"A 5395.3","seamark:type":"light_minor","source":"US NGA Pub. 114. 2011-05-26."}}},{"type":"Feature","geometry":{"type":"Point","coordinates":[-3.8009,51.5763833]},"properties":{"osm_id":1556374013,"osm_type":"node","seamark_type":"light_minor","display_class":"OTHER","min_zoom":12,"importance":1,"name":null,"ref":null,"common":{"type":"light_minor"},"children":{"light":{"character":"Fl","colour":"red","height":"6","period":"2","range":"1","reference":"A 5395.2"}},"osm_tags":{"seamark:light:character":"Fl","seamark:light:colour":"red","seamark:light:height":"6","seamark:light:period":"2","seamark:light:range":"1","seamark:light:reference":"A 5395.2","seamark:type":"light_minor","source":"US NGA Pub. 114. 2011-05-26."}}},{"type":"Feature","geometry":{"type":"Point","coordinates":[-3.8054167,51.57975]},"properties":{"osm_id":1556374222,"osm_type":"node","seamark_type":"light_minor","display_class":"OTHER","min_zoom":12,"importance":1,"name":null,"ref":null,"common":{"type":"light_minor"},"children":{"light":{"character":"Fl","colour":"red","height":"8","period":"2","range":"2","reference":"A 5395"}},"osm_tags":{"seamark:light:character":"Fl","seamark:light:colour":"red","seamark:light:height":"8","seamark:light:period":"2","seamark:light:range":"2","seamark:light:reference":"A 5395","seamark:type":"light_minor","source":"US NGA Pub. 114. 2011-05-26."}}},{"type":"Feature","geometry":{"type":"Point","coordinates":[-3.8036546,51.5740061]},"properties":{"osm_id":1556374377,"osm_type":"node","seamark_type":"light_minor","display_class":"OTHER","min_zoom":12,"importance":1,"name":null,"ref":null,"common":{"information":"2 meters apart.","type":"light_minor"},"children":{"light":{"category":"vertical","character":"F","colour":"yellow","height":"9","multiple":"2","range":"1","reference":"A 5394"}},"osm_tags":{"seamark:information":"2 meters apart.","seamark:light:category":"vertical","seamark:light:character":"F","seamark:light:colour":"yellow","seamark:light:height":"9","seamark:light:multiple":"2","seamark:light:range":"1","seamark:light:reference":"A 5394","seamark:type":"light_minor","source":"US NGA Pub. 114. 2011-05-26."}}},{"type":"Feature","geometry":{"type":"Point","coordinates":[-3.8171247,51.5746113]},"properties":{"osm_id":1556374563,"osm_type":"node","seamark_type":"light_minor","display_class":"OTHER","min_zoom":12,"importance":1,"name":null,"ref":null,"common":{"type":"light_minor"},"children":{"light":{"character":"Fl","colour":"green","height":"11","period":"3","range":"3","reference":"A 5390","sequence":"0.5+(2.5)"}},"osm_tags":{"seamark:light:character":"Fl","seamark:light:colour":"green","seamark:light:height":"11","seamark:light:period":"3","seamark:light:range":"3","seamark:light:reference":"A 5390","seamark:light:sequence":"0.5+(2.5)","seamark:type":"light_minor","source":"US NGA Pub. 114. 2011-05-26."}}},{"type":"Feature","geometry":{"type":"Point","coordinates":[-3.8168391,51.5794703]},"properties":{"osm_id":1556374689,"osm_type":"node","seamark_type":"light_minor","display_class":"OTHER","min_zoom":12,"importance":1,"name":null,"ref":null,"common":{"type":"light_minor"},"children":{"light":{"character":"Fl","colour":"red","group":"4","height":"11","period":"10","range":"3","reference":"A 5389","sequence":"0.7+(1)+0.7+(1)+0.7+(1)+0.7+(4.2)"}},"osm_tags":{"seamark:light:character":"Fl","seamark:light:colour":"red","seamark:light:group":"4","seamark:light:height":"11","seamark:light:period":"10","seamark:light:range":"3","seamark:light:reference":"A 5389","seamark:light:sequence":"0.7+(1)+0.7+(1)+0.7+(1)+0.7+(4.2)","seamark:type":"light_minor","source":"US NGA Pub. 114. 2011-05-26."}}},{"type":"Feature","geometry":{"type":"Point","coordinates":[-3.7969167,51.5837333]},"properties":{"osm_id":1556374885,"osm_type":"node","seamark_type":"light_minor","display_class":"OTHER","min_zoom":12,"importance":1,"name":null,"ref":null,"common":{"information":"Shown when required","type":"light_minor"},"children":{"light":{"category":"upper","character":"Oc","colour":"red","height":"32","period":"6","range":"6","reference":"A 5391.1","sequence":"5+(1)"}},"osm_tags":{"seamark:information":"Shown when required","seamark:light:category":"upper","seamark:light:character":"Oc","seamark:light:colour":"red","seamark:light:height":"32","seamark:light:period":"6","seamark:light:range":"6","seamark:light:reference":"A 5391.1","seamark:light:sequence":"5+(1)","seamark:type":"light_minor","source":"US NGA Pub. 114. 2011-05-26."}}},{"type":"Feature","geometry":{"type":"Point","coordinates":[-3.8016101,51.5820132]},"properties":{"osm_id":1556375025,"osm_type":"node","seamark_type":"light_minor","display_class":"OTHER","min_zoom":12,"importance":1,"name":null,"ref":null,"common":{"information":"Shown when required","type":"light_minor"},"children":{"light":{"category":"lower","character":"Oc","colour":"red","height":"12","period":"3","range":"6","reference":"A 5391"}},"osm_tags":{"seamark:information":"Shown when required","seamark:light:category":"lower","seamark:light:character":"Oc","seamark:light:colour":"red","seamark:light:height":"12","seamark:light:period":"3","seamark:light:range":"6","seamark:light:reference":"A 5391","seamark:type":"light_minor","source":"US NGA Pub. 114. 2011-05-26."}}},{"type":"Feature","geometry":{"type":"Point","coordinates":[-3.8439833,51.6198333]},"properties":{"osm_id":1556375404,"osm_type":"node","seamark_type":"light_minor","display_class":"OTHER","min_zoom":12,"importance":1,"name":null,"ref":null,"common":{"type":"light_minor"},"children":{"light":{"character":"Fl","colour":"green","group":"2","period":"10","reference":"A 5373"}},"osm_tags":{"seamark:light:character":"Fl","seamark:light:colour":"green","seamark:light:group":"2","seamark:light:period":"10","seamark:light:reference":"A 5373","seamark:type":"light_minor","source":"US NGA Pub. 114. 2011-05-26."}}},{"type":"Feature","geometry":{"type":"Point","coordinates":[-3.9265667,51.61335]},"properties":{"osm_id":1556376050,"osm_type":"node","seamark_type":"light_minor","display_class":"OTHER","min_zoom":12,"importance":1,"name":null,"ref":null,"common":{"information":"206","type":"light_minor"},"children":{"light":{"category":"vertical","character":"F","colour":"green","height":"9","multiple":"2","range":"5","reference":"A 5369"}},"osm_tags":{"seamark:information":"206","seamark:light:category":"vertical","seamark:light:character":"F","seamark:light:colour":"green","seamark:light:height":"9","seamark:light:multiple":"2","seamark:light:range":"5","seamark:light:reference":"A 5369","seamark:type":"light_minor","source":"US NGA Pub. 114. 2011-05-26."}}},{"type":"Feature","geometry":{"type":"Point","coordinates":[-3.9239167,51.6114667]},"properties":{"osm_id":1556376139,"osm_type":"node","seamark_type":"light_minor","display_class":"OTHER","min_zoom":12,"importance":1,"name":null,"ref":null,"common":{"type":"light_minor"},"children":{"light":{"category":"upper","character":"F","colour":"green","reference":"A 5367.1"}},"osm_tags":{"seamark:light:category":"upper","seamark:light:character":"F","seamark:light:colour":"green","seamark:light:reference":"A 5367.1","seamark:type":"light_minor","source":"US NGA Pub. 114. 2011-05-26."}}},{"type":"Feature","geometry":{"type":"Point","coordinates":[-3.9268684,51.6064851]},"properties":{"osm_id":1556376260,"osm_type":"node","seamark_type":"light_minor","display_class":"OTHER","min_zoom":12,"importance":1,"name":null,"ref":null,"common":{"information":"Obscured when bearing less than 020° .Conspicuous R. and G. traffic signals 300 meters N.","type":"light_minor"},"children":{"light":{"category":"lower","character":"Oc","colour":"green","height":"5","period":"4","range":"2","reference":"A 5367"}},"osm_tags":{"seamark:information":"Obscured when bearing less than 020° .Conspicuous R. and G. traffic signals 300 meters N.","seamark:light:category":"lower","seamark:light:character":"Oc","seamark:light:colour":"green","seamark:light:height":"5","seamark:light:period":"4","seamark:light:range":"2","seamark:light:reference":"A 5367","seamark:type":"light_minor","source":"US NGA Pub. 114. 2011-05-26."}}},{"type":"Feature","geometry":{"type":"Point","coordinates":[-3.9297333,51.6154167]},"properties":{"osm_id":1556376652,"osm_type":"node","seamark_type":"light_minor","display_class":"OTHER","min_zoom":12,"importance":1,"name":null,"ref":null,"common":{"information":"2 meters apart.","type":"light_minor"},"children":{"light":{"category":"vertical","character":"F","colour":"red","height":"5","multiple":"2","range":"1","reference":"A 5370.2"}},"osm_tags":{"seamark:information":"2 meters apart.","seamark:light:category":"vertical","seamark:light:character":"F","seamark:light:colour":"red","seamark:light:height":"5","seamark:light:multiple":"2","seamark:light:range":"1","seamark:light:reference":"A 5370.2","seamark:type":"light_minor","source":"US NGA Pub. 114. 2011-05-26."}}},{"type":"Feature","geometry":{"type":"Point","coordinates":[-3.92875,51.6156833]},"properties":{"osm_id":1556376807,"osm_type":"node","seamark_type":"light_minor","display_class":"OTHER","min_zoom":12,"importance":1,"name":null,"ref":null,"common":{"information":"2 meters apart.","type":"light_minor"},"children":{"light":{"category":"vertical","character":"F","colour":"green","height":"5","multiple":"2","range":"1","reference":"A 5370"}},"osm_tags":{"seamark:information":"2 meters apart.","seamark:light:category":"vertical","seamark:light:character":"F","seamark:light:colour":"green","seamark:light:height":"5","seamark:light:multiple":"2","seamark:light:range":"1","seamark:light:reference":"A 5370","seamark:type":"light_minor","source":"US NGA Pub. 114. 2011-05-26."}}},{"type":"Feature","geometry":{"type":"Point","coordinates":[-3.9269016,51.6064008]},"properties":{"osm_id":1556376895,"osm_type":"node","seamark_type":"light_minor","display_class":"OTHER","min_zoom":12,"importance":1,"name":null,"ref":null,"common":{"information":"Horn: 1 bl. ev. 30s. Sounded at tide time.","type":"light_minor"},"children":{"fog_signal":{"category":"horn"},"light":{"category":"vertical","character":"F","colour":"green","height":"10","multiple":"2","range":"6","reference":"A 5366"}},"osm_tags":{"seamark:fog_signal:category":"horn","seamark:information":"Horn: 1 bl. ev. 30s. Sounded at tide time.","seamark:light:category":"vertical","seamark:light:character":"F","seamark:light:colour":"green","seamark:light:height":"10","seamark:light:multiple":"2","seamark:light:range":"6","seamark:light:reference":"A 5366","seamark:type":"light_minor","source":"US NGA Pub. 114. 2011-05-26."}}},{"type":"Feature","geometry":{"type":"Point","coordinates":[-3.9287568,51.6082158]},"properties":{"osm_id":1556376999,"osm_type":"node","seamark_type":"light_minor","display_class":"OTHER","min_zoom":12,"importance":1,"name":null,"ref":null,"common":{"information":"F.R. lights on radio mast 1.3 miles NNE.","type":"light_minor"},"children":{"light":{"character":"Fl","colour":"red","group":"2","height":"11","period":"10","range":"9","reference":"A 5364"}},"osm_tags":{"seamark:information":"F.R. lights on radio mast 1.3 miles NNE.","seamark:light:character":"Fl","seamark:light:colour":"red","seamark:light:group":"2","seamark:light:height":"11","seamark:light:period":"10","seamark:light:range":"9","seamark:light:reference":"A 5364","seamark:type":"light_minor","source":"US NGA Pub. 114. 2011-05-26."}}},{"type":"Feature","geometry":{"type":"Point","coordinates":[-3.9738181,51.5699131]},"properties":{"osm_id":1560495510,"osm_type":"node","seamark_type":"light_minor","display_class":"OTHER","min_zoom":12,"importance":1,"name":null,"ref":null,"common":{"type":"light_minor"},"children":{"light":{"category":"vertical","character":"F","colour":"red","height":"11","multiple":"2","range":"9","reference":"A 5360"}},"osm_tags":{"seamark:light:category":"vertical","seamark:light:character":"F","seamark:light:colour":"red","seamark:light:height":"11","seamark:light:multiple":"2","seamark:light:range":"9","seamark:light:reference":"A 5360","seamark:type":"light_minor"}}},{"type":"Feature","geometry":{"type":"Point","coordinates":[-3.1630664,51.4433117]},"properties":{"osm_id":2652467629,"osm_type":"node","seamark_type":"buoy_lateral","display_class":"OTHER","min_zoom":12,"importance":1,"name":null,"ref":null,"common":{"type":"buoy_lateral"},"children":{"buoy_lateral":{"category":"port","colour":"red","shape":"can","system":"iala-a"}},"osm_tags":{"seamark:buoy_lateral:category":"port","seamark:buoy_lateral:colour":"red","seamark:buoy_lateral:shape":"can","seamark:buoy_lateral:system":"iala-a","seamark:type":"buoy_lateral"}}},{"type":"Feature","geometry":{"type":"Point","coordinates":[-3.164421,51.4442244]},"properties":{"osm_id":2652467632,"osm_type":"node","seamark_type":"buoy_lateral","display_class":"OTHER","min_zoom":12,"importance":1,"name":null,"ref":null,"common":{"type":"buoy_lateral"},"children":{"buoy_lateral":{"category":"port","colour":"red","shape":"can","system":"iala-a"}},"osm_tags":{"seamark:buoy_lateral:category":"port","seamark:buoy_lateral:colour":"red","seamark:buoy_lateral:shape":"can","seamark:buoy_lateral:system":"iala-a","seamark:type":"buoy_lateral"}}},{"type":"Feature","geometry":{"type":"Point","coordinates":[-3.1637785,51.4445561]},"properties":{"osm_id":2652467635,"osm_type":"node","seamark_type":"buoy_lateral","display_class":"OTHER","min_zoom":12,"importance":1,"name":null,"ref":null,"common":{"type":"buoy_lateral"},"children":{"buoy_lateral":{"category":"starboard","colour":"green","shape":"conical","system":"iala-a"}},"osm_tags":{"seamark:buoy_lateral:category":"starboard","seamark:buoy_lateral:colour":"green","seamark:buoy_lateral:shape":"conical","seamark:buoy_lateral:system":"iala-a","seamark:type":"buoy_lateral"}}},{"type":"Feature","geometry":{"type":"Point","coordinates":[-3.1629986,51.4318539]},"properties":{"osm_id":2654783738,"osm_type":"node","seamark_type":"buoy_lateral","display_class":"OTHER","min_zoom":12,"importance":1,"name":null,"ref":null,"common":{"type":"buoy_lateral"},"children":{"buoy_lateral":{"category":"port","colour":"red","shape":"spherical","system":"iala-a"}},"osm_tags":{"seamark:buoy_lateral:category":"port","seamark:buoy_lateral:colour":"red","seamark:buoy_lateral:shape":"spherical","seamark:buoy_lateral:system":"iala-a","seamark:type":"buoy_lateral"}}},{"type":"Feature","geometry":{"type":"Point","coordinates":[-3.1611217,51.4402966]},"properties":{"osm_id":2654783740,"osm_type":"node","seamark_type":"buoy_lateral","display_class":"OTHER","min_zoom":12,"importance":1,"name":null,"ref":null,"common":{"type":"buoy_lateral"},"children":{"buoy_lateral":{"category":"port","colour":"red","shape":"can","system":"iala-a"},"light":{"colour":"red"}},"osm_tags":{"seamark:buoy_lateral:category":"port","seamark:buoy_lateral:colour":"red","seamark:buoy_lateral:shape":"can","seamark:buoy_lateral:system":"iala-a","seamark:light:colour":"red","seamark:type":"buoy_lateral"}}},{"type":"Feature","geometry":{"type":"Point","coordinates":[-3.1606219,51.4454902]},"properties":{"osm_id":2654783742,"osm_type":"node","seamark_type":"buoy_lateral","display_class":"OTHER","min_zoom":12,"importance":1,"name":null,"ref":null,"common":{"type":"buoy_lateral"},"children":{"buoy_lateral":{"category":"starboard","colour":"green","shape":"conical","system":"iala-a"},"light":{"colour":"green"}},"osm_tags":{"seamark:buoy_lateral:category":"starboard","seamark:buoy_lateral:colour":"green","seamark:buoy_lateral:shape":"conical","seamark:buoy_lateral:system":"iala-a","seamark:light:colour":"green","seamark:type":"buoy_lateral"}}},{"type":"Feature","geometry":{"type":"Point","coordinates":[-3.1604886,51.448012]},"properties":{"osm_id":2654783743,"osm_type":"node","seamark_type":"buoy_lateral","display_class":"OTHER","min_zoom":12,"importance":1,"name":null,"ref":null,"common":{"type":"buoy_lateral"},"children":{"buoy_lateral":{"category":"starboard","colour":"green","shape":"conical","system":"iala-a"}},"osm_tags":{"seamark:buoy_lateral:category":"starboard","seamark:buoy_lateral:colour":"green","seamark:buoy_lateral:shape":"conical","seamark:buoy_lateral:system":"iala-a","seamark:type":"buoy_lateral"}}},{"type":"Feature","geometry":{"type":"Point","coordinates":[-3.1628664,51.4437792]},"properties":{"osm_id":3243181954,"osm_type":"node","seamark_type":"buoy_lateral","display_class":"OTHER","min_zoom":12,"importance":1,"name":null,"ref":null,"common":{"type":"buoy_lateral"},"children":{"buoy_lateral":{"category":"preferred_channel_starboard","colour":"red;green;red","shape":"can","system":"iala-a"}},"osm_tags":{"seamark:buoy_lateral:category":"preferred_channel_starboard","seamark:buoy_lateral:colour":"red;green;red","seamark:buoy_lateral:shape":"can","seamark:buoy_lateral:system":"iala-a","seamark:type":"buoy_lateral"}}},{"type":"Feature","geometry":{"type":"Point","coordinates":[-3.163943,51.4450156]},"properties":{"osm_id":3922637867,"osm_type":"node","seamark_type":"light_minor","display_class":"OTHER","min_zoom":12,"importance":1,"name":null,"ref":null,"common":{"type":"light_minor"},"children":{"light":{"colour":"green"}},"osm_tags":{"seamark:light:colour":"green","seamark:type":"light_minor"}}},{"type":"Feature","geometry":{"type":"Point","coordinates":[-3.1682794,51.4482158]},"properties":{"osm_id":3930851925,"osm_type":"node","seamark_type":"buoy_cardinal","display_class":"OTHER","min_zoom":12,"importance":1,"name":null,"ref":null,"common":{"type":"buoy_cardinal"},"children":{"buoy_cardinal":{"category":"east","colour":"black;yellow;black","colour_pattern":"horizontal","shape":"pillar"}},"osm_tags":{"seamark:buoy_cardinal:category":"east","seamark:buoy_cardinal:colour":"black;yellow;black","seamark:buoy_cardinal:colour_pattern":"horizontal","seamark:buoy_cardinal:shape":"pillar","seamark:type":"buoy_cardinal"}}},{"type":"Feature","geometry":{"type":"Point","coordinates":[-3.1644905,51.4452794]},"properties":{"osm_id":3937670754,"osm_type":"node","seamark_type":"light_minor","display_class":"OTHER","min_zoom":12,"importance":1,"name":null,"ref":null,"common":{"type":"light_minor"},"children":{"light":{"colour":"red"}},"osm_tags":{"seamark:light:colour":"red","seamark:type":"light_minor","source":"PGS"}}},{"type":"Feature","geometry":{"type":"Point","coordinates":[-3.3282577,51.1833067]},"properties":{"osm_id":4147094042,"osm_type":"node","seamark_type":"gate","display_class":"OTHER","min_zoom":12,"importance":1,"name":null,"ref":null,"common":{"type":"gate"},"children":{},"osm_tags":{"seamark:type":"gate","waterway":"lock_gate"}}},{"type":"Feature","geometry":{"type":"Point","coordinates":[-3.701023,51.475522]},"properties":{"osm_id":4564307152,"osm_type":"node","seamark_type":"mooring","display_class":"OTHER","min_zoom":12,"importance":1,"name":null,"ref":null,"common":{"type":"mooring"},"children":{"mooring":{"category":"dolphin"}},"osm_tags":{"seamark:mooring:category":"dolphin","seamark:type":"mooring"}}},{"type":"Feature","geometry":{"type":"Point","coordinates":[-3.7016746,51.4755033]},"properties":{"osm_id":4564307153,"osm_type":"node","seamark_type":"mooring","display_class":"OTHER","min_zoom":12,"importance":1,"name":null,"ref":null,"common":{"type":"mooring"},"children":{"mooring":{"category":"dolphin"}},"osm_tags":{"seamark:mooring:category":"dolphin","seamark:type":"mooring"}}},{"type":"Feature","geometry":{"type":"Point","coordinates":[-3.7016731,51.4748305]},"properties":{"osm_id":4564307154,"osm_type":"node","seamark_type":"mooring","display_class":"OTHER","min_zoom":12,"importance":1,"name":null,"ref":null,"common":{"type":"mooring"},"children":{"mooring":{"category":"dolphin"}},"osm_tags":{"seamark:mooring:category":"dolphin","seamark:type":"mooring"}}},{"type":"Feature","geometry":{"type":"Point","coordinates":[-3.7012402,51.4747247]},"properties":{"osm_id":4564307155,"osm_type":"node","seamark_type":"mooring","display_class":"OTHER","min_zoom":12,"importance":1,"name":null,"ref":null,"common":{"type":"mooring"},"children":{"mooring":{"category":"dolphin"}},"osm_tags":{"seamark:mooring:category":"dolphin","seamark:type":"mooring"}}},{"type":"Feature","geometry":{"type":"Point","coordinates":[-3.7016018,51.4747458]},"properties":{"osm_id":4564307156,"osm_type":"node","seamark_type":"mooring","display_class":"OTHER","min_zoom":12,"importance":1,"name":null,"ref":null,"common":{"type":"mooring"},"children":{"mooring":{"category":"dolphin"}},"osm_tags":{"seamark:mooring:category":"dolphin","seamark:type":"mooring"}}},{"type":"Feature","geometry":{"type":"Point","coordinates":[-3.7011525,51.4739347]},"properties":{"osm_id":4564307157,"osm_type":"node","seamark_type":"small_craft_facility","display_class":"OTHER","min_zoom":12,"importance":1,"name":null,"ref":null,"common":{"type":"small_craft_facility"},"children":{"small_craft_facility":{"category":"slipway"}},"osm_tags":{"leisure":"slipway","seamark:small_craft_facility:category":"slipway","seamark:type":"small_craft_facility"}}},{"type":"Feature","geometry":{"type":"Point","coordinates":[-3.7010668,51.4751494]},"properties":{"osm_id":4564307170,"osm_type":"node","seamark_type":"mooring","display_class":"OTHER","min_zoom":12,"importance":1,"name":null,"ref":null,"common":{"type":"mooring"},"children":{"mooring":{"category":"dolphin"}},"osm_tags":{"seamark:mooring:category":"dolphin","seamark:type":"mooring"}}},{"type":"Feature","geometry":{"type":"Point","coordinates":[-3.7010693,51.4748934]},"properties":{"osm_id":4564307174,"osm_type":"node","seamark_type":"mooring","display_class":"OTHER","min_zoom":12,"importance":1,"name":null,"ref":null,"common":{"type":"mooring"},"children":{"mooring":{"category":"dolphin"}},"osm_tags":{"seamark:mooring:category":"dolphin","seamark:type":"mooring"}}},{"type":"Feature","geometry":{"type":"Point","coordinates":[-3.0074461,51.1323371]},"properties":{"osm_id":4657190724,"osm_type":"node","seamark_type":"gate","display_class":"OTHER","min_zoom":12,"importance":1,"name":null,"ref":null,"common":{"type":"gate"},"children":{},"osm_tags":{"seamark:type":"gate","waterway":"lock_gate"}}},{"type":"Feature","geometry":{"type":"Point","coordinates":[-3.004579,51.1331424]},"properties":{"osm_id":4708621429,"osm_type":"node","seamark_type":"gate","display_class":"OTHER","min_zoom":12,"importance":1,"name":null,"ref":null,"common":{"type":"gate"},"children":{},"osm_tags":{"note":"Lock gates permanently open.","seamark:type":"gate","waterway":"lock_gate"}}},{"type":"Feature","geometry":{"type":"Point","coordinates":[-3.0360626,51.5911116]},"properties":{"osm_id":4837125291,"osm_type":"node","seamark_type":"gate","display_class":"OTHER","min_zoom":12,"importance":1,"name":null,"ref":null,"common":{"type":"gate"},"children":{},"osm_tags":{"seamark:type":"gate","waterway":"lock_gate"}}},{"type":"Feature","geometry":{"type":"Point","coordinates":[-3.2406861,51.8719403]},"properties":{"osm_id":4914504366,"osm_type":"node","seamark_type":"gate","display_class":"OTHER","min_zoom":12,"importance":1,"name":null,"ref":null,"common":{"type":"gate"},"children":{},"osm_tags":{"seamark:type":"gate","waterway":"lock_gate"}}},{"type":"Feature","geometry":{"type":"Point","coordinates":[-3.2526959,51.8706513]},"properties":{"osm_id":4915216145,"osm_type":"node","seamark_type":"gate","display_class":"OTHER","min_zoom":12,"importance":1,"name":null,"ref":null,"common":{"type":"gate"},"children":{},"osm_tags":{"seamark:type":"gate","waterway":"lock_gate"}}},{"type":"Feature","geometry":{"type":"Point","coordinates":[-3.8177687,51.5932674]},"properties":{"osm_id":6244381158,"osm_type":"node","seamark_type":"small_craft_facility","display_class":"OTHER","min_zoom":12,"importance":1,"name":null,"ref":null,"common":{"type":"small_craft_facility"},"children":{"small_craft_facility":{"category":"slipway"}},"osm_tags":{"leisure":"slipway","seamark:small_craft_facility:category":"slipway","seamark:type":"small_craft_facility"}}},{"type":"Feature","geometry":{"type":"Point","coordinates":[-3.05723,51.1749883]},"properties":{"osm_id":7171336600,"osm_type":"node","seamark_type":"mooring","display_class":"OTHER","min_zoom":12,"importance":1,"name":null,"ref":null,"common":{"type":"mooring"},"children":{},"osm_tags":{"seamark:type":"mooring"}}},{"type":"Feature","geometry":{"type":"Point","coordinates":[-3.0571005,51.1748447]},"properties":{"osm_id":7171336601,"osm_type":"node","seamark_type":"mooring","display_class":"OTHER","min_zoom":12,"importance":1,"name":null,"ref":null,"common":{"type":"mooring"},"children":{},"osm_tags":{"seamark:type":"mooring"}}},{"type":"Feature","geometry":{"type":"Point","coordinates":[-3.057645,51.1749384]},"properties":{"osm_id":7171336602,"osm_type":"node","seamark_type":"mooring","display_class":"OTHER","min_zoom":12,"importance":1,"name":null,"ref":null,"common":{"type":"mooring"},"children":{},"osm_tags":{"seamark:type":"mooring"}}},{"type":"Feature","geometry":{"type":"Point","coordinates":[-3.0579803,51.1751361]},"properties":{"osm_id":7171336603,"osm_type":"node","seamark_type":"mooring","display_class":"OTHER","min_zoom":12,"importance":1,"name":null,"ref":null,"common":{"type":"mooring"},"children":{},"osm_tags":{"seamark:type":"mooring"}}},{"type":"Feature","geometry":{"type":"Point","coordinates":[-3.05807,51.1748135]},"properties":{"osm_id":7171336604,"osm_type":"node","seamark_type":"mooring","display_class":"OTHER","min_zoom":12,"importance":1,"name":null,"ref":null,"common":{"type":"mooring"},"children":{},"osm_tags":{"seamark:type":"mooring"}}},{"type":"Feature","geometry":{"type":"Point","coordinates":[-3.4750311,51.2144875]},"properties":{"osm_id":7289596266,"osm_type":"node","seamark_type":"small_craft_facility","display_class":"OTHER","min_zoom":12,"importance":1,"name":null,"ref":null,"common":{"type":"small_craft_facility"},"children":{"small_craft_facility":{"category":"slipway"}},"osm_tags":{"leisure":"slipway","seamark:small_craft_facility:category":"slipway","seamark:type":"small_craft_facility"}}},{"type":"Feature","geometry":{"type":"Point","coordinates":[-3.0003894,51.2343623]},"properties":{"osm_id":7321614174,"osm_type":"node","seamark_type":"small_craft_facility","display_class":"OTHER","min_zoom":12,"importance":1,"name":null,"ref":null,"common":{"type":"small_craft_facility"},"children":{"small_craft_facility":{"category":"slipway"}},"osm_tags":{"leisure":"slipway","seamark:small_craft_facility:category":"slipway","seamark:type":"small_craft_facility"}}},{"type":"Feature","geometry":{"type":"Point","coordinates":[-3.3882658,51.9441647]},"properties":{"osm_id":7470615574,"osm_type":"node","seamark_type":"mooring","display_class":"OTHER","min_zoom":12,"importance":1,"name":null,"ref":null,"common":{"type":"mooring"},"children":{},"osm_tags":{"operator":"Canal & River Trust","seamark:type":"mooring"}}},{"type":"Feature","geometry":{"type":"Point","coordinates":[-3.388066,51.9442915]},"properties":{"osm_id":7470615575,"osm_type":"node","seamark_type":"mooring","display_class":"OTHER","min_zoom":12,"importance":1,"name":null,"ref":null,"common":{"type":"mooring"},"children":{},"osm_tags":{"operator":"Canal & River Trust","seamark:type":"mooring"}}},{"type":"Feature","geometry":{"type":"Point","coordinates":[-3.387032,51.9439622]},"properties":{"osm_id":7470615576,"osm_type":"node","seamark_type":"mooring","display_class":"OTHER","min_zoom":12,"importance":1,"name":null,"ref":null,"common":{"type":"mooring"},"children":{},"osm_tags":{"operator":"Canal & River Trust","seamark:type":"mooring"}}},{"type":"Feature","geometry":{"type":"Point","coordinates":[-3.1565923,51.212193]},"properties":{"osm_id":8273906123,"osm_type":"node","seamark_type":"mooring","display_class":"OTHER","min_zoom":12,"importance":1,"name":null,"ref":null,"common":{"type":"mooring"},"children":{},"osm_tags":{"seamark:type":"mooring"}}},{"type":"Feature","geometry":{"type":"Point","coordinates":[-3.1562278,51.2121797]},"properties":{"osm_id":8273906124,"osm_type":"node","seamark_type":"mooring","display_class":"OTHER","min_zoom":12,"importance":1,"name":null,"ref":null,"common":{"type":"mooring"},"children":{},"osm_tags":{"seamark:type":"mooring"}}},{"type":"Feature","geometry":{"type":"Point","coordinates":[-3.1557783,51.2122373]},"properties":{"osm_id":8273906125,"osm_type":"node","seamark_type":"mooring","display_class":"OTHER","min_zoom":12,"importance":1,"name":null,"ref":null,"common":{"type":"mooring"},"children":{},"osm_tags":{"seamark:type":"mooring"}}},{"type":"Feature","geometry":{"type":"Point","coordinates":[-3.1684127,51.4322287]},"properties":{"osm_id":8302893325,"osm_type":"node","seamark_type":"small_craft_facility","display_class":"OTHER","min_zoom":12,"importance":1,"name":null,"ref":null,"common":{"type":"small_craft_facility"},"children":{"small_craft_facility":{"category":"slipway"}},"osm_tags":{"leisure":"slipway","seamark:small_craft_facility:category":"slipway","seamark:type":"small_craft_facility"}}},{"type":"Feature","geometry":{"type":"Point","coordinates":[-3.1683609,51.4323914]},"properties":{"osm_id":8302893331,"osm_type":"node","seamark_type":"small_craft_facility","display_class":"OTHER","min_zoom":12,"importance":1,"name":null,"ref":null,"common":{"type":"small_craft_facility"},"children":{"small_craft_facility":{"category":"slipway"}},"osm_tags":{"leisure":"slipway","seamark:small_craft_facility:category":"slipway","seamark:type":"small_craft_facility","source":"PGS"}}},{"type":"Feature","geometry":{"type":"Point","coordinates":[-3.8422527,51.6363677]},"properties":{"osm_id":8784794011,"osm_type":"node","seamark_type":"gate","display_class":"OTHER","min_zoom":12,"importance":1,"name":null,"ref":null,"common":{"type":"gate"},"children":{},"osm_tags":{"seamark:type":"gate","waterway":"lock_gate"}}},{"type":"Feature","geometry":{"type":"Point","coordinates":[-3.7503616,51.6820137]},"properties":{"osm_id":8829620510,"osm_type":"node","seamark_type":"gate","display_class":"OTHER","min_zoom":12,"importance":1,"name":null,"ref":null,"common":{"type":"gate"},"children":{},"osm_tags":{"seamark:type":"gate","waterway":"lock_gate"}}},{"type":"Feature","geometry":{"type":"Point","coordinates":[-3.7502601,51.6820276]},"properties":{"osm_id":8829620511,"osm_type":"node","seamark_type":"gate","display_class":"OTHER","min_zoom":12,"importance":1,"name":null,"ref":null,"common":{"type":"gate"},"children":{},"osm_tags":{"seamark:type":"gate","waterway":"lock_gate"}}},{"type":"Feature","geometry":{"type":"Point","coordinates":[-3.842365,51.636252]},"properties":{"osm_id":9347311897,"osm_type":"node","seamark_type":"gate","display_class":"OTHER","min_zoom":12,"importance":1,"name":null,"ref":null,"common":{"type":"gate"},"children":{},"osm_tags":{"seamark:type":"gate","waterway":"lock_gate"}}},{"type":"Feature","geometry":{"type":"Point","coordinates":[-3.7846667,51.472]},"properties":{"osm_id":10278896161,"osm_type":"node","seamark_type":"obstruction","display_class":"OTHER","min_zoom":12,"importance":1,"name":null,"ref":null,"common":{"type":"obstruction"},"children":{},"osm_tags":{"depth":"1.3","seamark:type":"obstruction"}}},{"type":"Feature","geometry":{"type":"Point","coordinates":[-3.1893333,51.2265]},"properties":{"osm_id":10281264371,"osm_type":"node","seamark_type":"buoy_special_purpose","display_class":"OTHER","min_zoom":12,"importance":1,"name":null,"ref":null,"common":{"type":"buoy_special_purpose"},"children":{"buoy_special_purpose":{"colour":"yellow","shape":"spherical"},"light":{"character":"Fl","colour":"yellow","group":"5","period":"20"}},"osm_tags":{"seamark:buoy_special_purpose:colour":"yellow","seamark:buoy_special_purpose:shape":"spherical","seamark:light:character":"Fl","seamark:light:colour":"yellow","seamark:light:group":"5","seamark:light:period":"20","seamark:type":"buoy_special_purpose"}}},{"type":"Feature","geometry":{"type":"Point","coordinates":[-3.1895,51.236]},"properties":{"osm_id":10281264372,"osm_type":"node","seamark_type":"buoy_special_purpose","display_class":"OTHER","min_zoom":12,"importance":1,"name":null,"ref":null,"common":{"type":"buoy_special_purpose"},"children":{"buoy_special_purpose":{"colour":"yellow","shape":"spherical"},"light":{"character":"Fl","colour":"yellow","period":"5"}},"osm_tags":{"seamark:buoy_special_purpose:colour":"yellow","seamark:buoy_special_purpose:shape":"spherical","seamark:light:character":"Fl","seamark:light:colour":"yellow","seamark:light:period":"5","seamark:type":"buoy_special_purpose"}}},{"type":"Feature","geometry":{"type":"Point","coordinates":[-3.1893333,51.2291667]},"properties":{"osm_id":10281264373,"osm_type":"node","seamark_type":"buoy_special_purpose","display_class":"OTHER","min_zoom":12,"importance":1,"name":null,"ref":null,"common":{"type":"buoy_special_purpose"},"children":{"buoy_special_purpose":{"colour":"yellow","shape":"spherical"},"light":{"character":"Fl","colour":"yellow","period":"5"}},"osm_tags":{"seamark:buoy_special_purpose:colour":"yellow","seamark:buoy_special_purpose:shape":"spherical","seamark:light:character":"Fl","seamark:light:colour":"yellow","seamark:light:period":"5","seamark:type":"buoy_special_purpose"}}},{"type":"Feature","geometry":{"type":"Point","coordinates":[-3.1476667,51.227]},"properties":{"osm_id":10281264374,"osm_type":"node","seamark_type":"buoy_special_purpose","display_class":"OTHER","min_zoom":12,"importance":1,"name":null,"ref":null,"common":{"type":"buoy_special_purpose"},"children":{"buoy_special_purpose":{"colour":"yellow","shape":"spherical"},"light":{"character":"Fl","colour":"yellow","period":"5"}},"osm_tags":{"seamark:buoy_special_purpose:colour":"yellow","seamark:buoy_special_purpose:shape":"spherical","seamark:light:character":"Fl","seamark:light:colour":"yellow","seamark:light:period":"5","seamark:type":"buoy_special_purpose"}}},{"type":"Feature","geometry":{"type":"Point","coordinates":[-3.1478333,51.2345]},"properties":{"osm_id":10281264375,"osm_type":"node","seamark_type":"buoy_special_purpose","display_class":"OTHER","min_zoom":12,"importance":1,"name":null,"ref":null,"common":{"type":"buoy_special_purpose"},"children":{"buoy_special_purpose":{"colour":"yellow","shape":"spherical"},"light":{"character":"Fl","colour":"yellow","period":"5"}},"osm_tags":{"seamark:buoy_special_purpose:colour":"yellow","seamark:buoy_special_purpose:shape":"spherical","seamark:light:character":"Fl","seamark:light:colour":"yellow","seamark:light:period":"5","seamark:type":"buoy_special_purpose"}}},{"type":"Feature","geometry":{"type":"Point","coordinates":[-3.161,51.2421667]},"properties":{"osm_id":10281264376,"osm_type":"node","seamark_type":"buoy_special_purpose","display_class":"OTHER","min_zoom":12,"importance":1,"name":null,"ref":null,"common":{"type":"buoy_special_purpose"},"children":{"buoy_special_purpose":{"colour":"yellow","shape":"spherical"},"light":{"character":"Fl","colour":"yellow","period":"5"}},"osm_tags":{"seamark:buoy_special_purpose:colour":"yellow","seamark:buoy_special_purpose:shape":"spherical","seamark:light:character":"Fl","seamark:light:colour":"yellow","seamark:light:period":"5","seamark:type":"buoy_special_purpose"}}},{"type":"Feature","geometry":{"type":"Point","coordinates":[-3.1793333,51.2418333]},"properties":{"osm_id":10281264377,"osm_type":"node","seamark_type":"buoy_special_purpose","display_class":"OTHER","min_zoom":12,"importance":1,"name":null,"ref":null,"common":{"type":"buoy_special_purpose"},"children":{"buoy_special_purpose":{"colour":"yellow","shape":"spherical"},"light":{"character":"Fl","colour":"yellow","period":"5"}},"osm_tags":{"seamark:buoy_special_purpose:colour":"yellow","seamark:buoy_special_purpose:shape":"spherical","seamark:light:character":"Fl","seamark:light:colour":"yellow","seamark:light:period":"5","seamark:type":"buoy_special_purpose"}}},{"type":"Feature","geometry":{"type":"Point","coordinates":[-3.1578212,51.2118969]},"properties":{"osm_id":10982653307,"osm_type":"node","seamark_type":"mooring","display_class":"OTHER","min_zoom":12,"importance":1,"name":null,"ref":null,"common":{"type":"mooring"},"children":{},"osm_tags":{"seamark:type":"mooring"}}},{"type":"Feature","geometry":{"type":"Point","coordinates":[-3.15817,51.2118515]},"properties":{"osm_id":10982653308,"osm_type":"node","seamark_type":"mooring","display_class":"OTHER","min_zoom":12,"importance":1,"name":null,"ref":null,"common":{"type":"mooring"},"children":{},"osm_tags":{"seamark:type":"mooring"}}},{"type":"Feature","geometry":{"type":"Point","coordinates":[-3.6279087,51.2193776]},"properties":{"osm_id":11078307614,"osm_type":"node","seamark_type":"gate","display_class":"OTHER","min_zoom":12,"importance":1,"name":null,"ref":null,"common":{"type":"gate"},"children":{},"osm_tags":{"seamark:type":"gate","waterway":"lock_gate"}}},{"type":"Feature","geometry":{"type":"Point","coordinates":[-3.0386867,51.5912614]},"properties":{"osm_id":12271791610,"osm_type":"node","seamark_type":"gate","display_class":"OTHER","min_zoom":12,"importance":1,"name":null,"ref":null,"common":{"type":"gate"},"children":{},"osm_tags":{"seamark:type":"gate","waterway":"lock_gate"}}},{"type":"Feature","geometry":{"type":"Point","coordinates":[-3.0375861,51.5910571]},"properties":{"osm_id":12271791611,"osm_type":"node","seamark_type":"gate","display_class":"OTHER","min_zoom":12,"importance":1,"name":null,"ref":null,"common":{"type":"gate"},"children":{},"osm_tags":{"seamark:type":"gate","waterway":"lock_gate"}}},{"type":"Feature","geometry":{"type":"Point","coordinates":[-3.0365263,51.5910994]},"properties":{"osm_id":12271791612,"osm_type":"node","seamark_type":"gate","display_class":"OTHER","min_zoom":12,"importance":1,"name":null,"ref":null,"common":{"type":"gate"},"children":{},"osm_tags":{"seamark:type":"gate","waterway":"lock_gate"}}},{"type":"Feature","geometry":{"type":"Point","coordinates":[-3.0353736,51.5911335]},"properties":{"osm_id":12271791613,"osm_type":"node","seamark_type":"gate","display_class":"OTHER","min_zoom":12,"importance":1,"name":null,"ref":null,"common":{"type":"gate"},"children":{},"osm_tags":{"seamark:type":"gate","waterway":"lock_gate"}}},{"type":"Feature","geometry":{"type":"Point","coordinates":[-3.0344829,51.5910883]},"properties":{"osm_id":12271791614,"osm_type":"node","seamark_type":"gate","display_class":"OTHER","min_zoom":12,"importance":1,"name":null,"ref":null,"common":{"type":"gate"},"children":{},"osm_tags":{"seamark:type":"gate","waterway":"lock_gate"}}},{"type":"Feature","geometry":{"type":"Point","coordinates":[-3.0333078,51.5907403]},"properties":{"osm_id":12271791615,"osm_type":"node","seamark_type":"gate","display_class":"OTHER","min_zoom":12,"importance":1,"name":null,"ref":null,"common":{"type":"gate"},"children":{},"osm_tags":{"seamark:type":"gate","waterway":"lock_gate"}}},{"type":"Feature","geometry":{"type":"Point","coordinates":[-3.0328951,51.5906179]},"properties":{"osm_id":12271791616,"osm_type":"node","seamark_type":"gate","display_class":"OTHER","min_zoom":12,"importance":1,"name":null,"ref":null,"common":{"type":"gate"},"children":{},"osm_tags":{"seamark:type":"gate","waterway":"lock_gate"}}},{"type":"Feature","geometry":{"type":"Point","coordinates":[-3.883237,51.593344]},"properties":{"osm_id":13820315377,"osm_type":"node","seamark_type":"buoy_lateral","display_class":"OTHER","min_zoom":12,"importance":1,"name":null,"ref":null,"common":{"name":"","type":"buoy_lateral"},"children":{"buoy_lateral":{"category":"starboard","colour":"green","shape":"can","system":"iala-a"},"light":{"character":"Fl","colour":"green","period":"5"},"topmark":{"colour":"green","shape":"cone, point up"}},"osm_tags":{"seamark:buoy_lateral:category":"starboard","seamark:buoy_lateral:colour":"green","seamark:buoy_lateral:shape":"can","seamark:buoy_lateral:system":"iala-a","seamark:light:character":"Fl","seamark:light:colour":"green","seamark:light:period":"5","seamark:name":"","seamark:topmark:colour":"green","seamark:topmark:shape":"cone, point up","seamark:type":"buoy_lateral"}}},{"type":"Feature","geometry":{"type":"Point","coordinates":[-3.883533,51.595011]},"properties":{"osm_id":13820315378,"osm_type":"node","seamark_type":"buoy_lateral","display_class":"OTHER","min_zoom":12,"importance":1,"name":null,"ref":null,"common":{"name":"","type":"buoy_lateral"},"children":{"buoy_lateral":{"category":"starboard","colour":"red","shape":"can","system":"iala-a"},"light":{"character":"Fl","colour":"red","period":"5"},"topmark":{"colour":"red","shape":"cylinder"}},"osm_tags":{"seamark:buoy_lateral:category":"starboard","seamark:buoy_lateral:colour":"red","seamark:buoy_lateral:shape":"can","seamark:buoy_lateral:system":"iala-a","seamark:light:character":"Fl","seamark:light:colour":"red","seamark:light:period":"5","seamark:name":"","seamark:topmark:colour":"red","seamark:topmark:shape":"cylinder","seamark:type":"buoy_lateral"}}},{"type":"Feature","geometry":{"type":"Point","coordinates":[-3.854846,51.561795]},"properties":{"osm_id":13820315379,"osm_type":"node","seamark_type":"buoy_lateral","display_class":"OTHER","min_zoom":12,"importance":1,"name":null,"ref":null,"common":{"name":"","type":"buoy_lateral"},"children":{"buoy_lateral":{"category":"starboard","colour":"green","shape":"can","system":"iala-a"},"light":{"character":"Fl","colour":"green","period":"5"},"topmark":{"colour":"green","shape":"cone, point up"}},"osm_tags":{"seamark:buoy_lateral:category":"starboard","seamark:buoy_lateral:colour":"green","seamark:buoy_lateral:shape":"can","seamark:buoy_lateral:system":"iala-a","seamark:light:character":"Fl","seamark:light:colour":"green","seamark:light:period":"5","seamark:name":"","seamark:topmark:colour":"green","seamark:topmark:shape":"cone, point up","seamark:type":"buoy_lateral"}}},{"type":"Feature","geometry":{"type":"Point","coordinates":[-3.856245,51.563048]},"properties":{"osm_id":13820315380,"osm_type":"node","seamark_type":"buoy_lateral","display_class":"OTHER","min_zoom":12,"importance":1,"name":null,"ref":null,"common":{"name":"","type":"buoy_lateral"},"children":{"buoy_lateral":{"category":"starboard","colour":"red","shape":"can","system":"iala-a"},"light":{"character":"Fl","colour":"red","period":"5"},"topmark":{"colour":"red","shape":"cylinder"}},"osm_tags":{"seamark:buoy_lateral:category":"starboard","seamark:buoy_lateral:colour":"red","seamark:buoy_lateral:shape":"can","seamark:buoy_lateral:system":"iala-a","seamark:light:character":"Fl","seamark:light:colour":"red","seamark:light:period":"5","seamark:name":"","seamark:topmark:colour":"red","seamark:topmark:shape":"cylinder","seamark:type":"buoy_lateral"}}},{"type":"Feature","geometry":{"type":"Point","coordinates":[-3.835918,51.568204]},"properties":{"osm_id":13820315381,"osm_type":"node","seamark_type":"buoy_lateral","display_class":"OTHER","min_zoom":12,"importance":1,"name":null,"ref":null,"common":{"name":"","type":"buoy_lateral"},"children":{"buoy_lateral":{"category":"starboard","colour":"green","shape":"can","system":"iala-a"},"light":{"character":"Fl","colour":"green","period":"3"},"topmark":{"colour":"green","shape":"cone, point up"}},"osm_tags":{"seamark:buoy_lateral:category":"starboard","seamark:buoy_lateral:colour":"green","seamark:buoy_lateral:shape":"can","seamark:buoy_lateral:system":"iala-a","seamark:light:character":"Fl","seamark:light:colour":"green","seamark:light:period":"3","seamark:name":"","seamark:topmark:colour":"green","seamark:topmark:shape":"cone, point up","seamark:type":"buoy_lateral"}}},{"type":"Feature","geometry":{"type":"Point","coordinates":[-3.837381,51.570225]},"properties":{"osm_id":13820315382,"osm_type":"node","seamark_type":"buoy_lateral","display_class":"OTHER","min_zoom":12,"importance":1,"name":null,"ref":null,"common":{"name":"","type":"buoy_lateral"},"children":{"buoy_lateral":{"category":"starboard","colour":"red","shape":"can","system":"iala-a"},"light":{"character":"Fl","colour":"red","period":"3"},"topmark":{"colour":"red","shape":"cylinder"}},"osm_tags":{"seamark:buoy_lateral:category":"starboard","seamark:buoy_lateral:colour":"red","seamark:buoy_lateral:shape":"can","seamark:buoy_lateral:system":"iala-a","seamark:light:character":"Fl","seamark:light:colour":"red","seamark:light:period":"3","seamark:name":"","seamark:topmark:colour":"red","seamark:topmark:shape":"cylinder","seamark:type":"buoy_lateral"}}},{"type":"Feature","geometry":{"type":"Point","coordinates":[-3.1093948,51.8459212]},"properties":{"osm_id":14046894745,"osm_type":"node","seamark_type":"gate","display_class":"OTHER","min_zoom":12,"importance":1,"name":null,"ref":null,"common":{"type":"gate"},"children":{},"osm_tags":{"material":"metal","seamark:type":"gate","waterway":"lock_gate"}}},{"type":"Feature","geometry":{"type":"LineString","coordinates":[[-3.1605049,51.4618835],[-3.1603079,51.4618552],[-3.1602477,51.461805],[-3.1601881,51.4617437]]},"properties":{"osm_id":222961779,"osm_type":"way","seamark_type":"gate","display_class":"OTHER","min_zoom":12,"importance":1,"name":null,"ref":null,"common":{"type":"gate"},"children":{},"osm_tags":{"seamark:type":"gate","waterway":"lock_gate"}}},{"type":"Feature","geometry":{"type":"LineString","coordinates":[[-3.1613748,51.4610918],[-3.1612663,51.4610802],[-3.1611783,51.4610644],[-3.1611283,51.4610242],[-3.1610681,51.4609611]]},"properties":{"osm_id":222961787,"osm_type":"way","seamark_type":"gate","display_class":"OTHER","min_zoom":12,"importance":1,"name":null,"ref":null,"common":{"type":"gate"},"children":{},"osm_tags":{"seamark:type":"gate","waterway":"lock_gate"}}},{"type":"Feature","geometry":{"type":"LineString","coordinates":[[-3.263571,51.3927428],[-3.2627404,51.392621]]},"properties":{"osm_id":284675245,"osm_type":"way","seamark_type":"small_craft_facility","display_class":"OTHER","min_zoom":12,"importance":1,"name":null,"ref":null,"common":{"type":"small_craft_facility"},"children":{"small_craft_facility":{"category":"slipway"}},"osm_tags":{"highway":"service","leisure":"slipway","seamark:small_craft_facility:category":"slipway","seamark:type":"small_craft_facility","service":"slipway"}}},{"type":"Feature","geometry":{"type":"LineString","coordinates":[[-3.2620666,51.3942581],[-3.2619903,51.3943445],[-3.2618449,51.3943574]]},"properties":{"osm_id":284675248,"osm_type":"way","seamark_type":"gate","display_class":"OTHER","min_zoom":12,"importance":1,"name":null,"ref":null,"common":{"type":"gate"},"children":{},"osm_tags":{"natural":"coastline","seamark:type":"gate","waterway":"lock_gate"}}},{"type":"Feature","geometry":{"type":"LineString","coordinates":[[-3.1599575,51.4530874],[-3.1598507,51.453088],[-3.1597257,51.4530752],[-3.159653,51.4530237],[-3.1595865,51.4529554]]},"properties":{"osm_id":301969046,"osm_type":"way","seamark_type":"gate","display_class":"OTHER","min_zoom":12,"importance":1,"name":null,"ref":null,"common":{"type":"gate"},"children":{},"osm_tags":{"seamark:type":"gate","waterway":"lock_gate"}}},{"type":"Feature","geometry":{"type":"LineString","coordinates":[[-3.1591816,51.4539143],[-3.1589668,51.4538941],[-3.1588369,51.4537887]]},"properties":{"osm_id":301969047,"osm_type":"way","seamark_type":"gate","display_class":"OTHER","min_zoom":12,"importance":1,"name":null,"ref":null,"common":{"type":"gate"},"children":{},"osm_tags":{"seamark:type":"gate","waterway":"lock_gate"}}},{"type":"Feature","geometry":{"type":"LineString","coordinates":[[-3.1580893,51.4551005],[-3.157859,51.4550958],[-3.1577416,51.4549744]]},"properties":{"osm_id":301969048,"osm_type":"way","seamark_type":"gate","display_class":"OTHER","min_zoom":12,"importance":1,"name":null,"ref":null,"common":{"type":"gate"},"children":{},"osm_tags":{"seamark:type":"gate","waterway":"lock_gate"}}},{"type":"Feature","geometry":{"type":"Polygon","coordinates":[[[-3.1660563,51.461651],[-3.1660301,51.4616501],[-3.1662071,51.4615024],[-3.1662215,51.4615099],[-3.1660563,51.461651]]]},"properties":{"osm_id":329320548,"osm_type":"way","seamark_type":"gate","display_class":"OTHER","min_zoom":12,"importance":1,"name":null,"ref":null,"common":{"type":"gate"},"children":{},"osm_tags":{"area":"yes","seamark:type":"gate","waterway":"lock_gate"}}},{"type":"Feature","geometry":{"type":"LineString","coordinates":[[-3.1659596,51.445923],[-3.1659797,51.445973],[-3.1659672,51.4459856],[-3.1658811,51.4459974]]},"properties":{"osm_id":389100442,"osm_type":"way","seamark_type":"gate","display_class":"OTHER","min_zoom":12,"importance":1,"name":null,"ref":null,"common":{"type":"gate"},"children":{},"osm_tags":{"seamark:type":"gate","waterway":"lock_gate"}}},{"type":"Feature","geometry":{"type":"LineString","coordinates":[[-3.16574,51.4461379],[-3.1657615,51.4461909],[-3.1657515,51.446202],[-3.1656655,51.4462126]]},"properties":{"osm_id":389100443,"osm_type":"way","seamark_type":"gate","display_class":"OTHER","min_zoom":12,"importance":1,"name":null,"ref":null,"common":{"type":"gate"},"children":{},"osm_tags":{"seamark:type":"gate","waterway":"lock_gate"}}},{"type":"Feature","geometry":{"type":"LineString","coordinates":[[-3.1663834,51.4464008],[-3.1663105,51.4464095],[-3.1663031,51.4464173],[-3.1663227,51.4464621]]},"properties":{"osm_id":389100444,"osm_type":"way","seamark_type":"gate","display_class":"OTHER","min_zoom":12,"importance":1,"name":null,"ref":null,"common":{"type":"gate"},"children":{},"osm_tags":{"seamark:type":"gate","waterway":"lock_gate"}}},{"type":"Feature","geometry":{"type":"LineString","coordinates":[[-3.1661706,51.4466357],[-3.1660714,51.446645],[-3.1660631,51.4466535],[-3.1660899,51.446716]]},"properties":{"osm_id":389100446,"osm_type":"way","seamark_type":"gate","display_class":"OTHER","min_zoom":12,"importance":1,"name":null,"ref":null,"common":{"type":"gate"},"children":{},"osm_tags":{"seamark:type":"gate","waterway":"lock_gate"}}},{"type":"Feature","geometry":{"type":"LineString","coordinates":[[-3.1654941,51.4463611],[-3.1655223,51.4464286],[-3.1655092,51.4464404],[-3.1654016,51.4464554]]},"properties":{"osm_id":389100447,"osm_type":"way","seamark_type":"gate","display_class":"OTHER","min_zoom":12,"importance":1,"name":null,"ref":null,"common":{"type":"gate"},"children":{},"osm_tags":{"seamark:type":"gate","waterway":"lock_gate"}}},{"type":"Feature","geometry":{"type":"LineString","coordinates":[[-3.1693898,51.4457524],[-3.1694095,51.4457356],[-3.1694405,51.4456957],[-3.1694359,51.4456803],[-3.1693731,51.4456549],[-3.1693424,51.4456461]]},"properties":{"osm_id":389925644,"osm_type":"way","seamark_type":"gate","display_class":"OTHER","min_zoom":12,"importance":1,"name":null,"ref":null,"common":{"type":"gate"},"children":{},"osm_tags":{"seamark:type":"gate","waterway":"lock_gate"}}},{"type":"Feature","geometry":{"type":"LineString","coordinates":[[-3.1687474,51.4458397],[-3.168788,51.445791],[-3.1687131,51.4457593]]},"properties":{"osm_id":389925648,"osm_type":"way","seamark_type":"gate","display_class":"OTHER","min_zoom":12,"importance":1,"name":null,"ref":null,"common":{"type":"gate"},"children":{},"osm_tags":{"seamark:type":"gate","waterway":"lock_gate"}}},{"type":"Feature","geometry":{"type":"LineString","coordinates":[[-3.1548142,51.4651637],[-3.154857,51.4652939],[-3.1550323,51.4653351]]},"properties":{"osm_id":389968852,"osm_type":"way","seamark_type":"gate","display_class":"OTHER","min_zoom":12,"importance":1,"name":null,"ref":null,"common":{"type":"gate"},"children":{},"osm_tags":{"seamark:type":"gate","waterway":"lock_gate"}}},{"type":"Feature","geometry":{"type":"LineString","coordinates":[[-3.1568252,51.4641142],[-3.156905,51.4642269],[-3.1570604,51.4642786]]},"properties":{"osm_id":389968853,"osm_type":"way","seamark_type":"gate","display_class":"OTHER","min_zoom":12,"importance":1,"name":null,"ref":null,"common":{"type":"gate"},"children":{},"osm_tags":{"seamark:type":"gate","waterway":"lock_gate"}}},{"type":"Feature","geometry":{"type":"LineString","coordinates":[[-3.1666823,51.4612505],[-3.166814,51.4613224]]},"properties":{"osm_id":389968854,"osm_type":"way","seamark_type":"gate","display_class":"OTHER","min_zoom":12,"importance":1,"name":null,"ref":null,"common":{"type":"gate"},"children":{},"osm_tags":{"seamark:type":"gate","waterway":"lock_gate"}}},{"type":"Feature","geometry":{"type":"LineString","coordinates":[[-3.166477,51.4613943],[-3.1665975,51.4614595]]},"properties":{"osm_id":389968855,"osm_type":"way","seamark_type":"gate","display_class":"OTHER","min_zoom":12,"importance":1,"name":null,"ref":null,"common":{"type":"gate"},"children":{},"osm_tags":{"seamark:type":"gate","waterway":"lock_gate"}}},{"type":"Feature","geometry":{"type":"LineString","coordinates":[[-3.7010668,51.4751494],[-3.7010689,51.4752201],[-3.7010709,51.475299]]},"properties":{"osm_id":460831328,"osm_type":"way","seamark_type":"pontoon","display_class":"OTHER","min_zoom":12,"importance":1,"name":null,"ref":null,"common":{"type":"pontoon"},"children":{},"osm_tags":{"floating":"yes","man_made":"pier","seamark:type":"pontoon"}}},{"type":"Feature","geometry":{"type":"LineString","coordinates":[[-3.7010786,51.4750241],[-3.7010746,51.4749679],[-3.7010693,51.4748934]]},"properties":{"osm_id":460831329,"osm_type":"way","seamark_type":"pontoon","display_class":"OTHER","min_zoom":12,"importance":1,"name":null,"ref":null,"common":{"type":"pontoon"},"children":{},"osm_tags":{"floating":"yes","man_made":"pier","seamark:type":"pontoon"}}},{"type":"Feature","geometry":{"type":"LineString","coordinates":[[-3.7010689,51.4752201],[-3.7017382,51.475203]]},"properties":{"osm_id":460831330,"osm_type":"way","seamark_type":"pontoon","display_class":"OTHER","min_zoom":12,"importance":1,"name":null,"ref":null,"common":{"type":"pontoon"},"children":{},"osm_tags":{"floating":"yes","man_made":"pier","seamark:type":"pontoon"}}},{"type":"Feature","geometry":{"type":"LineString","coordinates":[[-3.7016803,51.4749514],[-3.7010746,51.4749679]]},"properties":{"osm_id":460831331,"osm_type":"way","seamark_type":"pontoon","display_class":"OTHER","min_zoom":12,"importance":1,"name":null,"ref":null,"common":{"type":"pontoon"},"children":{},"osm_tags":{"floating":"yes","man_made":"pier","seamark:type":"pontoon"}}},{"type":"Feature","geometry":{"type":"LineString","coordinates":[[-3.7011938,51.474722],[-3.7012402,51.4747247],[-3.7016018,51.4747458],[-3.7016659,51.4747495],[-3.7016731,51.4748305],[-3.7016803,51.4749514],[-3.701685,51.4750027],[-3.7017204,51.4750018]]},"properties":{"osm_id":460831333,"osm_type":"way","seamark_type":"pontoon","display_class":"OTHER","min_zoom":12,"importance":1,"name":null,"ref":null,"common":{"type":"pontoon"},"children":{},"osm_tags":{"floating":"yes","man_made":"pier","seamark:type":"pontoon"}}},{"type":"Feature","geometry":{"type":"LineString","coordinates":[[-3.7009405,51.4755244],[-3.701023,51.475522],[-3.7016746,51.4755033],[-3.7017599,51.4755008],[-3.7017382,51.475203],[-3.7017204,51.4750018]]},"properties":{"osm_id":460831335,"osm_type":"way","seamark_type":"pontoon","display_class":"OTHER","min_zoom":12,"importance":1,"name":null,"ref":null,"common":{"type":"pontoon"},"children":{},"osm_tags":{"floating":"yes","man_made":"pier","seamark:type":"pontoon"}}},{"type":"Feature","geometry":{"type":"LineString","coordinates":[[-3.9734836,51.5700597],[-3.9739157,51.5698915]]},"properties":{"osm_id":604060271,"osm_type":"way","seamark_type":"small_craft_facility","display_class":"OTHER","min_zoom":12,"importance":1,"name":null,"ref":null,"common":{"type":"small_craft_facility"},"children":{"small_craft_facility":{"category":"slipway"}},"osm_tags":{"leisure":"slipway","seamark:small_craft_facility:category":"slipway","seamark:type":"small_craft_facility","source":"Bing"}}},{"type":"Feature","geometry":{"type":"LineString","coordinates":[[-3.2637923,51.3957827],[-3.2637226,51.3958667],[-3.2635643,51.3958826]]},"properties":{"osm_id":641665157,"osm_type":"way","seamark_type":"gate","display_class":"OTHER","min_zoom":12,"importance":1,"name":null,"ref":null,"common":{"type":"gate"},"children":{},"osm_tags":{"seamark:type":"gate","waterway":"lock_gate"}}},{"type":"Feature","geometry":{"type":"LineString","coordinates":[[-3.9211751,51.6132743],[-3.9209842,51.6132549],[-3.9208791,51.6131528]]},"properties":{"osm_id":773670340,"osm_type":"way","seamark_type":"gate","display_class":"OTHER","min_zoom":12,"importance":1,"name":null,"ref":null,"common":{"type":"gate"},"children":{},"osm_tags":{"seamark:type":"gate","waterway":"lock_gate"}}},{"type":"Feature","geometry":{"type":"LineString","coordinates":[[-3.9227014,51.6138834],[-3.9224938,51.6138607],[-3.9223808,51.6137456]]},"properties":{"osm_id":773670341,"osm_type":"way","seamark_type":"gate","display_class":"OTHER","min_zoom":12,"importance":1,"name":null,"ref":null,"common":{"type":"gate"},"children":{},"osm_tags":{"seamark:type":"gate","waterway":"lock_gate"}}},{"type":"Feature","geometry":{"type":"LineString","coordinates":[[-3.9248295,51.6118868],[-3.9247525,51.6118846],[-3.9246816,51.6118794],[-3.9246141,51.6118674],[-3.924576,51.6118424],[-3.9245338,51.6118046],[-3.9245108,51.6117746],[-3.924497,51.6117439]]},"properties":{"osm_id":773670344,"osm_type":"way","seamark_type":"gate","display_class":"OTHER","min_zoom":12,"importance":1,"name":null,"ref":null,"common":{"type":"gate"},"children":{},"osm_tags":{"seamark:type":"gate","waterway":"lock_gate"}}},{"type":"Feature","geometry":{"type":"LineString","coordinates":[[-3.9239125,51.612748],[-3.923701,51.6127283],[-3.9235847,51.6126107]]},"properties":{"osm_id":773670345,"osm_type":"way","seamark_type":"gate","display_class":"OTHER","min_zoom":12,"importance":1,"name":null,"ref":null,"common":{"type":"gate"},"children":{},"osm_tags":{"seamark:type":"gate","waterway":"lock_gate"}}},{"type":"Feature","geometry":{"type":"LineString","coordinates":[[-3.933498,51.6167402],[-3.9334985,51.6167453],[-3.9335075,51.6167922],[-3.9335342,51.6168463]]},"properties":{"osm_id":773894809,"osm_type":"way","seamark_type":"gate","display_class":"OTHER","min_zoom":12,"importance":1,"name":null,"ref":null,"common":{"type":"gate"},"children":{},"osm_tags":{"seamark:type":"gate","waterway":"lock_gate"}}},{"type":"Feature","geometry":{"type":"LineString","coordinates":[[-3.9339972,51.6167655],[-3.9339753,51.616719],[-3.9339553,51.6166736]]},"properties":{"osm_id":773894831,"osm_type":"way","seamark_type":"gate","display_class":"OTHER","min_zoom":12,"importance":1,"name":null,"ref":null,"common":{"type":"gate"},"children":{},"osm_tags":{"seamark:type":"gate","waterway":"lock_gate"}}},{"type":"Feature","geometry":{"type":"LineString","coordinates":[[-3.9306278,51.6163098],[-3.930533,51.6163356],[-3.9304726,51.6163913]]},"properties":{"osm_id":773894833,"osm_type":"way","seamark_type":"gate","display_class":"OTHER","min_zoom":12,"importance":1,"name":null,"ref":null,"common":{"type":"gate"},"children":{},"osm_tags":{"seamark:type":"gate","waterway":"lock_gate"}}},{"type":"Feature","geometry":{"type":"LineString","coordinates":[[-3.930202,51.6159709],[-3.9301049,51.615982],[-3.9300402,51.6160392]]},"properties":{"osm_id":773894834,"osm_type":"way","seamark_type":"gate","display_class":"OTHER","min_zoom":12,"importance":1,"name":null,"ref":null,"common":{"type":"gate"},"children":{},"osm_tags":{"seamark:type":"gate","waterway":"lock_gate"}}},{"type":"Feature","geometry":{"type":"LineString","coordinates":[[-3.7767785,51.6788076],[-3.7767576,51.6787974],[-3.776757,51.6787806]]},"properties":{"osm_id":953829144,"osm_type":"way","seamark_type":"gate","display_class":"OTHER","min_zoom":12,"importance":1,"name":null,"ref":null,"common":{"type":"gate"},"children":{},"osm_tags":{"seamark:type":"gate","waterway":"lock_gate"}}},{"type":"Feature","geometry":{"type":"LineString","coordinates":[[-3.7770222,51.6787305],[-3.7770024,51.6787191],[-3.7769972,51.6787039]]},"properties":{"osm_id":953829145,"osm_type":"way","seamark_type":"gate","display_class":"OTHER","min_zoom":12,"importance":1,"name":null,"ref":null,"common":{"type":"gate"},"children":{},"osm_tags":{"seamark:type":"gate","waterway":"lock_gate"}}},{"type":"Feature","geometry":{"type":"LineString","coordinates":[[-3.7808918,51.6744299],[-3.7808709,51.6744189],[-3.7808721,51.6744023]]},"properties":{"osm_id":953948461,"osm_type":"way","seamark_type":"gate","display_class":"OTHER","min_zoom":12,"importance":1,"name":null,"ref":null,"common":{"type":"gate"},"children":{},"osm_tags":{"seamark:type":"gate","waterway":"lock_gate"}}},{"type":"Feature","geometry":{"type":"LineString","coordinates":[[-3.7811918,51.6743479],[-3.7811738,51.6743361],[-3.7811722,51.6743203]]},"properties":{"osm_id":953948462,"osm_type":"way","seamark_type":"gate","display_class":"OTHER","min_zoom":12,"importance":1,"name":null,"ref":null,"common":{"type":"gate"},"children":{},"osm_tags":{"seamark:type":"gate","waterway":"lock_gate"}}},{"type":"Feature","geometry":{"type":"LineString","coordinates":[[-3.7398407,51.6880604],[-3.7398195,51.6880585],[-3.7398046,51.6880494]]},"properties":{"osm_id":953997276,"osm_type":"way","seamark_type":"gate","display_class":"OTHER","min_zoom":12,"importance":1,"name":null,"ref":null,"common":{"type":"gate"},"children":{},"osm_tags":{"seamark:type":"gate","waterway":"lock_gate"}}},{"type":"Feature","geometry":{"type":"LineString","coordinates":[[-3.7399704,51.6878997],[-3.7399497,51.6878973],[-3.7399349,51.6878876]]},"properties":{"osm_id":953997277,"osm_type":"way","seamark_type":"gate","display_class":"OTHER","min_zoom":12,"importance":1,"name":null,"ref":null,"common":{"type":"gate"},"children":{},"osm_tags":{"seamark:type":"gate","waterway":"lock_gate"}}},{"type":"Feature","geometry":{"type":"LineString","coordinates":[[-3.7391396,51.6891928],[-3.7391179,51.6891917],[-3.7391016,51.6891827]]},"properties":{"osm_id":953997291,"osm_type":"way","seamark_type":"gate","display_class":"OTHER","min_zoom":12,"importance":1,"name":null,"ref":null,"common":{"type":"gate"},"children":{},"osm_tags":{"seamark:type":"gate","waterway":"lock_gate"}}},{"type":"Feature","geometry":{"type":"LineString","coordinates":[[-3.7392687,51.6890056],[-3.7392472,51.6890045],[-3.7392307,51.6889955]]},"properties":{"osm_id":953997292,"osm_type":"way","seamark_type":"gate","display_class":"OTHER","min_zoom":12,"importance":1,"name":null,"ref":null,"common":{"type":"gate"},"children":{},"osm_tags":{"seamark:type":"gate","waterway":"lock_gate"}}},{"type":"Feature","geometry":{"type":"LineString","coordinates":[[-3.1660039,51.4617149],[-3.1660771,51.4617691]]},"properties":{"osm_id":988338749,"osm_type":"way","seamark_type":"gate","display_class":"OTHER","min_zoom":12,"importance":1,"name":null,"ref":null,"common":{"type":"gate"},"children":{},"osm_tags":{"seamark:type":"gate","waterway":"lock_gate"}}},{"type":"Feature","geometry":{"type":"LineString","coordinates":[[-3.1658807,51.4618641],[-3.1658006,51.4618075]]},"properties":{"osm_id":988338750,"osm_type":"way","seamark_type":"gate","display_class":"OTHER","min_zoom":12,"importance":1,"name":null,"ref":null,"common":{"type":"gate"},"children":{},"osm_tags":{"seamark:type":"gate","waterway":"lock_gate"}}},{"type":"Feature","geometry":{"type":"Polygon","coordinates":[[[-3.1891667,51.2206667],[-3.1896667,51.2418333],[-3.148,51.2421667],[-3.1475,51.2198333],[-3.1646667,51.2151667],[-3.1891667,51.2206667]]]},"properties":{"osm_id":1124296367,"osm_type":"way","seamark_type":"precautionary_area","display_class":"OTHER","min_zoom":12,"importance":1,"name":null,"ref":null,"common":{"type":"precautionary_area"},"children":{},"osm_tags":{"seamark:type":"precautionary_area"}}},{"type":"Feature","geometry":{"type":"LineString","coordinates":[[-3.7963971,51.5843239],[-3.7963761,51.584405],[-3.7964644,51.5844793]]},"properties":{"osm_id":1176681900,"osm_type":"way","seamark_type":"gate","display_class":"OTHER","min_zoom":12,"importance":1,"name":null,"ref":null,"common":{"type":"gate"},"children":{},"osm_tags":{"seamark:type":"gate","waterway":"lock_gate"}}},{"type":"Feature","geometry":{"type":"LineString","coordinates":[[-3.798382,51.5839716],[-3.7983554,51.5840828],[-3.7984724,51.5841752]]},"properties":{"osm_id":1176681901,"osm_type":"way","seamark_type":"gate","display_class":"OTHER","min_zoom":12,"importance":1,"name":null,"ref":null,"common":{"type":"gate"},"children":{},"osm_tags":{"seamark:type":"gate","waterway":"lock_gate"}}},{"type":"Feature","geometry":{"type":"Polygon","coordinates":[[[-3.7968978,51.5862709],[-3.796811,51.5864522],[-3.7967507,51.5865981],[-3.796735,51.5866578],[-3.7967283,51.5867189],[-3.7967417,51.5867439],[-3.7967797,51.5867689],[-3.7968244,51.5867814],[-3.796896,51.5867883],[-3.7975039,51.586805],[-3.7975509,51.5868008],[-3.7975844,51.5867925],[-3.7976157,51.5867675],[-3.7976313,51.5867383],[-3.7977453,51.5863481],[-3.7976538,51.5863412],[-3.7970838,51.5862882],[-3.7968978,51.5862709]]]},"properties":{"osm_id":1176681903,"osm_type":"way","seamark_type":"harbour","display_class":"OTHER","min_zoom":12,"importance":1,"name":null,"ref":null,"common":{"type":"harbour"},"children":{"harbour":{"category":"marina"}},"osm_tags":{"barrier":"fence","leisure":"marina","seamark:harbour:category":"marina","seamark:type":"harbour"}}},{"type":"Feature","geometry":{"type":"Polygon","coordinates":[[[-3.7978336,51.5874449],[-3.7976526,51.5874102],[-3.7977941,51.5869325],[-3.7978604,51.5867088],[-3.7979566,51.5866783],[-3.7980169,51.5866074],[-3.7980996,51.5866116],[-3.7980109,51.5869521],[-3.7979342,51.5872463],[-3.7979074,51.5873477],[-3.7978962,51.5873685],[-3.7978739,51.5873977],[-3.7978604,51.5874171],[-3.7978336,51.5874449]]]},"properties":{"osm_id":1176700922,"osm_type":"way","seamark_type":"harbour","display_class":"OTHER","min_zoom":12,"importance":1,"name":null,"ref":null,"common":{"type":"harbour"},"children":{"harbour":{"category":"marina"}},"osm_tags":{"barrier":"fence","leisure":"marina","seamark:harbour:category":"marina","seamark:type":"harbour"}}},{"type":"Feature","geometry":{"type":"Polygon","coordinates":[[[-3.7975699,51.5878018],[-3.7977419,51.587943],[-3.7977745,51.5878664],[-3.7977936,51.5877953],[-3.797832,51.5876587],[-3.7978483,51.587594],[-3.7978646,51.5875488],[-3.797704,51.5875365],[-3.7976682,51.5875449],[-3.7976459,51.5875657],[-3.7975699,51.5878018]]]},"properties":{"osm_id":1176700924,"osm_type":"way","seamark_type":"harbour","display_class":"OTHER","min_zoom":12,"importance":1,"name":null,"ref":null,"common":{"type":"harbour"},"children":{"harbour":{"category":"marina"}},"osm_tags":{"leisure":"marina","seamark:harbour:category":"marina","seamark:type":"harbour"}}},{"type":"Feature","geometry":{"type":"LineString","coordinates":[[-3.6278434,51.2194046],[-3.6279314,51.2193391]]},"properties":{"osm_id":1192339678,"osm_type":"way","seamark_type":"gate","display_class":"OTHER","min_zoom":12,"importance":1,"name":null,"ref":null,"common":{"type":"gate"},"children":{},"osm_tags":{"description":"Rarely closed","seamark:type":"gate","waterway":"lock_gate"}}},{"type":"Feature","geometry":{"type":"LineString","coordinates":[[-3.1666024,51.4461847],[-3.1665267,51.4461925],[-3.1665206,51.4461983],[-3.1665425,51.4462439]]},"properties":{"osm_id":1287683052,"osm_type":"way","seamark_type":"gate","display_class":"OTHER","min_zoom":12,"importance":1,"name":null,"ref":null,"common":{"type":"gate"},"children":{},"osm_tags":{"seamark:type":"gate","waterway":"lock_gate"}}},{"type":"Feature","geometry":{"type":"LineString","coordinates":[[-3.1597567,51.4616646],[-3.1594167,51.4616635]]},"properties":{"osm_id":1366387126,"osm_type":"way","seamark_type":"gate","display_class":"OTHER","min_zoom":12,"importance":1,"name":null,"ref":null,"common":{"type":"gate"},"children":{},"osm_tags":{"seamark:type":"gate","waterway":"lock_gate"}}},{"type":"Feature","geometry":{"type":"LineString","coordinates":[[-3.1618097,51.4582301],[-3.1615438,51.4580803]]},"properties":{"osm_id":1371407477,"osm_type":"way","seamark_type":"gate","display_class":"OTHER","min_zoom":12,"importance":1,"name":null,"ref":null,"common":{"type":"gate"},"children":{},"osm_tags":{"seamark:type":"gate","waterway":"lock_gate"}}},{"type":"Feature","geometry":{"type":"Point","coordinates":[-3.0038253,51.1333368]},"properties":{"osm_id":313904127,"osm_type":"node","seamark_type":"gate","display_class":"OTHER","min_zoom":12,"importance":1,"name":"Barge Lock","ref":null,"common":{"type":"gate"},"children":{},"osm_tags":{"name":"Barge Lock","seamark:type":"gate","waterway":"lock_gate"}}},{"type":"Feature","geometry":{"type":"Polygon","coordinates":[[[-3.0047059,51.1331354],[-3.0047022,51.1330916],[-3.0046406,51.1330714],[-3.0047223,51.1330386],[-3.0047165,51.1330324],[-3.0047621,51.1330153],[-3.0047738,51.1330025],[-3.0047757,51.1329889],[-3.0047508,51.1327407],[-3.0047497,51.1327284],[-3.0047602,51.1327203],[-3.0047738,51.132716],[-3.0053267,51.1325397],[-3.0053604,51.1325289],[-3.0057497,51.1324043],[-3.0060955,51.1322932],[-3.0064213,51.1321894],[-3.0066247,51.1321211],[-3.0067652,51.1320759],[-3.0070234,51.1319855],[-3.0071028,51.1319667],[-3.0071377,51.1319651],[-3.0071661,51.1319729],[-3.0071905,51.1319875],[-3.0072115,51.13201],[-3.007264,51.1321411],[-3.0073246,51.1323099],[-3.007329,51.1323165],[-3.0073361,51.1323211],[-3.0073455,51.132324],[-3.0073561,51.1323245],[-3.0074305,51.1323215],[-3.0074461,51.1323371],[-3.0074309,51.1323551],[-3.007365,51.1323575],[-3.0073609,51.1323589],[-3.0073578,51.132361],[-3.0073556,51.132364],[-3.0073552,51.1323673],[-3.0074045,51.1325004],[-3.0073525,51.1325295],[-3.0073043,51.1325528],[-3.0072303,51.132577],[-3.0070913,51.1326264],[-3.0070775,51.1326117],[-3.0066639,51.1327465],[-3.0062389,51.1328841],[-3.0062438,51.1328975],[-3.0055964,51.1331042],[-3.0052221,51.1332245],[-3.0052039,51.1332302],[-3.0051705,51.1332409],[-3.0051584,51.1332457],[-3.0051451,51.1332448],[-3.0051353,51.1332388],[-3.0049092,51.133095],[-3.0048944,51.1330845],[-3.004876,51.1330792],[-3.0048607,51.1330783],[-3.0048488,51.1330802],[-3.0047856,51.1331089],[-3.0047784,51.1331027],[-3.0047059,51.1331354]]]},"properties":{"osm_id":28787026,"osm_type":"way","seamark_type":"harbour","display_class":"OTHER","min_zoom":12,"importance":1,"name":"Bridgwater Marina","ref":null,"common":{"type":"harbour"},"children":{"harbour":{"category":"marina"}},"osm_tags":{"leisure":"marina","name":"Bridgwater Marina","natural":"water","operator":"Sedgemoor District Council","seamark:harbour:category":"marina","seamark:type":"harbour","waterway":"dock","website":"https://www.watersidemooring.com/324-bridgwater-marina","wikidata":"Q17006324","wikipedia":"en:Port of Bridgwater"}}},{"type":"Feature","geometry":{"type":"Polygon","coordinates":[[[-3.0045762,51.1331944],[-3.0045049,51.133226],[-3.0044767,51.1332387],[-3.0045214,51.1332847],[-3.0045286,51.1332984],[-3.0045215,51.1333185],[-3.0044436,51.1335049],[-3.0044283,51.1335225],[-3.004384,51.1335533],[-3.0043046,51.1336115],[-3.0042165,51.1336744],[-3.004197,51.1336878],[-3.0041798,51.13369],[-3.004159,51.1336881],[-3.0041442,51.1336818],[-3.0041297,51.1336684],[-3.0040189,51.1335618],[-3.0039504,51.1334992],[-3.0039437,51.1334935],[-3.0039276,51.1334925],[-3.003912,51.1334959],[-3.0038429,51.1334309],[-3.0038416,51.1333974],[-3.0038858,51.1333793],[-3.0038933,51.1333701],[-3.0038931,51.1333611],[-3.0038873,51.1333536],[-3.0038781,51.1333486],[-3.0038654,51.133346],[-3.003827,51.133354],[-3.0038253,51.1333368],[-3.0038076,51.1333222],[-3.0038307,51.1333171],[-3.0038366,51.1333175],[-3.0038428,51.1333157],[-3.0038454,51.1333135],[-3.0038465,51.1333107],[-3.0038471,51.1333018],[-3.0037752,51.1331898],[-3.0037694,51.1331813],[-3.0037672,51.1331718],[-3.0037684,51.1331642],[-3.0037719,51.1331573],[-3.0037785,51.1331501],[-3.0037886,51.1331434],[-3.0041673,51.132997],[-3.004183,51.1329934],[-3.0042018,51.1329925],[-3.0042189,51.1329948],[-3.004235,51.1330003],[-3.0042997,51.1330515],[-3.0042931,51.1330631],[-3.0043975,51.1331689],[-3.0044301,51.1331558],[-3.0045036,51.1331264],[-3.0045094,51.133124],[-3.004579,51.1331424],[-3.0045816,51.1331914],[-3.0045762,51.1331944]]]},"properties":{"osm_id":477524565,"osm_type":"way","seamark_type":"harbour","display_class":"OTHER","min_zoom":12,"importance":1,"name":"Bridgwater Marina","ref":null,"common":{"type":"harbour"},"children":{"harbour":{"category":"marina"}},"osm_tags":{"leisure":"marina","name":"Bridgwater Marina","natural":"water","operator":"Sedgemoor District Council","seamark:harbour:category":"marina","seamark:type":"harbour","waterway":"dock","website":"https://www.watersidemooring.com/324-bridgwater-marina","wikidata":"Q17006324","wikipedia":"en:Port of Bridgwater"}}},{"type":"Feature","geometry":{"type":"Point","coordinates":[-3.4530208,51.2102486]},"properties":{"osm_id":9946741738,"osm_type":"node","seamark_type":"wreck","display_class":"OTHER","min_zoom":12,"importance":1,"name":"Bristol Packet (possibly)","ref":null,"common":{"type":"wreck"},"children":{},"osm_tags":{"access":"yes","historic":"wreck","name":"Bristol Packet (possibly)","seamark:type":"wreck","source":"https://historicengland.org.uk/listing/the-list/list-entry/1437202","wreck:date_sunk":"1808","wreck:visible_at_high_tide":"no","wreck:visible_at_low_tide":"yes"}}},{"type":"Feature","geometry":{"type":"Point","coordinates":[-3.8707,51.55595]},"properties":{"osm_id":1560593878,"osm_type":"node","seamark_type":"buoy_cardinal","display_class":"OTHER","min_zoom":12,"importance":1,"name":"Cabenda","ref":null,"common":{"name":"Cabenda","type":"buoy_cardinal"},"children":{"buoy_cardinal":{"category":"south","colour":"yellow;black","colour_pattern":"horizontal","shape":"pillar"},"light":{"character":"Q+LFl","colour":"white","group":"6"},"radio_station":{"category":"ais","mmsi":"992351520"},"topmark":{"colour":"black","shape":"2 cones down"}},"osm_tags":{"seamark:buoy_cardinal:category":"south","seamark:buoy_cardinal:colour":"yellow;black","seamark:buoy_cardinal:colour_pattern":"horizontal","seamark:buoy_cardinal:shape":"pillar","seamark:light:character":"Q+LFl","seamark:light:colour":"white","seamark:light:group":"6","seamark:name":"Cabenda","seamark:radio_station:category":"ais","seamark:radio_station:mmsi":"992351520","seamark:topmark:colour":"black","seamark:topmark:shape":"2 cones down","seamark:type":"buoy_cardinal","source":"US NGA Pub. 114. 2011-05-26."}}},{"type":"Feature","geometry":{"type":"Polygon","coordinates":[[[-3.1833311,51.4471184],[-3.1811439,51.4474076],[-3.1799745,51.447502],[-3.1794916,51.4474813],[-3.1765943,51.4465224],[-3.1757942,51.4464162],[-3.1750461,51.4464339],[-3.1744922,51.4465047],[-3.1739573,51.4467083],[-3.1734605,51.4470119],[-3.1745636,51.4476346],[-3.1746828,51.4476997],[-3.1748577,51.4475766],[-3.1751538,51.4474211],[-3.175195,51.4473915],[-3.1753873,51.4473577],[-3.1756812,51.4473599],[-3.1759286,51.4474164],[-3.1761581,51.4474838],[-3.1762431,51.4473676],[-3.1770215,51.4475907],[-3.1774472,51.4477183],[-3.1782167,51.4479411],[-3.1787594,51.4480916],[-3.1791173,51.4481955],[-3.1799802,51.4482098],[-3.1812173,51.4480433],[-3.1817645,51.4479759],[-3.1816272,51.4474689],[-3.1833647,51.4472331],[-3.1833311,51.4471184]]]},"properties":{"osm_id":808147616,"osm_type":"way","seamark_type":"harbour","display_class":"OTHER","min_zoom":12,"importance":1,"name":"Cardiff Bay Yacht Club","ref":null,"common":{"type":"harbour"},"children":{"harbour":{"category":"marina"}},"osm_tags":{"leisure":"marina","name":"Cardiff Bay Yacht Club","seamark:harbour:category":"marina","seamark:type":"harbour"}}},{"type":"Feature","geometry":{"type":"Polygon","coordinates":[[[-3.1749646,51.4482455],[-3.1750053,51.4482898],[-3.1750594,51.4483365],[-3.1751319,51.4483856],[-3.175206,51.4483387],[-3.1752156,51.4483438],[-3.175267,51.4483116],[-3.1752369,51.4482936],[-3.1752438,51.4482895],[-3.1751674,51.4481922],[-3.1751821,51.4481874],[-3.1751471,51.4481426],[-3.1751338,51.4481468],[-3.1750825,51.4480812],[-3.1750372,51.4480829],[-3.1750367,51.4480757],[-3.1750556,51.4480745],[-3.175053,51.4480496],[-3.1750041,51.4480528],[-3.1750056,51.4480649],[-3.1749319,51.4480709],[-3.174932,51.4480742],[-3.1748927,51.4480769],[-3.1749091,51.4481413],[-3.1749306,51.4481926],[-3.1749646,51.4482455]]]},"properties":{"osm_id":176493208,"osm_type":"way","seamark_type":"harbour","display_class":"OTHER","min_zoom":12,"importance":1,"name":"Cardiff Bay Yacht Club Club House","ref":null,"common":{"type":"harbour"},"children":{"harbour":{"category":"marina"}},"osm_tags":{"addr:city":"Cardiff","addr:postcode":"CF11 0JL","building":"yes","leisure":"marina","name":"Cardiff Bay Yacht Club Club House","ref:GB:uprn":"200002932197","seamark:harbour:category":"marina","seamark:type":"harbour"}}},{"type":"Feature","geometry":{"type":"Polygon","coordinates":[[[-3.1838667,51.4471105],[-3.1839122,51.4476594],[-3.1841854,51.4476659],[-3.1843226,51.4476812],[-3.1845184,51.4477057],[-3.1847096,51.4477269],[-3.1849102,51.4477747],[-3.1851155,51.4478243],[-3.1853218,51.4478802],[-3.1853415,51.4478855],[-3.1854799,51.4479227],[-3.1855585,51.4479197],[-3.1858774,51.4480401],[-3.1861064,51.4481268],[-3.1861793,51.4481686],[-3.1866288,51.44846],[-3.1868483,51.4485897],[-3.1872184,51.4487378],[-3.1872695,51.4487165],[-3.1873584,51.4487732],[-3.1876452,51.4489619],[-3.1876196,51.4489802],[-3.1878893,51.4492415],[-3.1883975,51.4495723],[-3.1887496,51.4497911],[-3.1891896,51.4500701],[-3.1893467,51.4501833],[-3.189903,51.4498951],[-3.1887762,51.4491879],[-3.1875602,51.4483844],[-3.1866689,51.447823],[-3.1860763,51.44757],[-3.1859718,51.4475135],[-3.1853193,51.4473052],[-3.1846381,51.4471624],[-3.1838667,51.4471105]]]},"properties":{"osm_id":805832737,"osm_type":"way","seamark_type":"harbour","display_class":"OTHER","min_zoom":12,"importance":1,"name":"Cardiff Marina","ref":null,"common":{"type":"harbour"},"children":{"harbour":{"category":"marina"}},"osm_tags":{"leisure":"marina","name":"Cardiff Marina","seamark:harbour:category":"marina","seamark:type":"harbour"}}},{"type":"Feature","geometry":{"type":"Polygon","coordinates":[[[-3.1750871,51.4587565],[-3.17515,51.45873],[-3.1752497,51.4586738],[-3.1755251,51.4583576],[-3.175543,51.4582901],[-3.1755875,51.4581501],[-3.1756221,51.4579716],[-3.1756853,51.4578258],[-3.1757939,51.4576514],[-3.1759124,51.457367],[-3.176044,51.4571968],[-3.1760776,51.4571734],[-3.1761847,51.4570054],[-3.1762115,51.4569188],[-3.1763138,51.4567599],[-3.1754376,51.4565557],[-3.1752151,51.4569025],[-3.174146,51.4567066],[-3.1739515,51.4572185],[-3.1734588,51.4571359],[-3.1731859,51.4579173],[-3.1727978,51.4579855],[-3.1728273,51.4580414],[-3.1728438,51.4580888],[-3.1728024,51.4581818],[-3.1727869,51.4582163],[-3.1727535,51.4582596],[-3.1728651,51.4582825],[-3.172897,51.4582964],[-3.1729573,51.4582996],[-3.1729869,51.4583358],[-3.1730225,51.4583342],[-3.1730212,51.4583692],[-3.1731128,51.4583746],[-3.1732732,51.4584561],[-3.1733388,51.4584562],[-3.1734369,51.458459],[-3.173497,51.458469],[-3.1735356,51.458444],[-3.1735441,51.458415],[-3.1740794,51.4584554],[-3.1740507,51.4585325],[-3.1740836,51.458541],[-3.1741111,51.45856],[-3.1741165,51.4586104],[-3.1741592,51.4586316],[-3.1741058,51.4587143],[-3.1742925,51.4587761],[-3.1744283,51.4585791],[-3.1747479,51.4586435],[-3.1750871,51.4587565]]]},"properties":{"osm_id":808147615,"osm_type":"way","seamark_type":"harbour","display_class":"OTHER","min_zoom":12,"importance":1,"name":"Cardiff Yacht Club","ref":null,"common":{"type":"harbour"},"children":{"harbour":{"category":"marina"}},"osm_tags":{"leisure":"marina","name":"Cardiff Yacht Club","seamark:harbour:category":"marina","seamark:type":"harbour"}}},{"type":"Feature","geometry":{"type":"Polygon","coordinates":[[[-3.0988271,51.8246754],[-3.0990327,51.8243325],[-3.099124,51.8240734],[-3.0993198,51.8239745],[-3.0992056,51.8238354],[-3.0986215,51.8240219],[-3.0986035,51.8242105],[-3.0985317,51.8243447],[-3.0985105,51.8244929],[-3.0986672,51.8247914],[-3.0986913,51.8247739],[-3.0987478,51.8247329],[-3.0988271,51.8246754]]]},"properties":{"osm_id":701058186,"osm_type":"way","seamark_type":"harbour","display_class":"OTHER","min_zoom":12,"importance":1,"name":"Castle Boats","ref":null,"common":{"type":"harbour"},"children":{"harbour":{"category":"marina"}},"osm_tags":{"addr:city":"Abergavenny","addr:postcode":"NP7 0EP","addr:street":"Church Road Wharf","addr:suburb":"Gilwern","email":"info@castlenarrowboats.co.uk","leisure":"marina","name":"Castle Boats","phone":"+44 1873 830001","seamark:harbour:category":"marina","seamark:type":"harbour","website":"https://castlenarrowboats.co.uk/"}}},{"type":"Feature","geometry":{"type":"Polygon","coordinates":[[[-3.7364849,51.5505189],[-3.7361083,51.5507768],[-3.7359579,51.5506985],[-3.7355026,51.5510549],[-3.7362444,51.5514143],[-3.7362839,51.5514335],[-3.7363484,51.5514647],[-3.736412,51.5514955],[-3.736599,51.5513762],[-3.7366634,51.551336],[-3.7366987,51.5513131],[-3.7367381,51.551291],[-3.736989,51.5511649],[-3.7369714,51.551152],[-3.737107,51.5510565],[-3.7371265,51.5510369],[-3.7371365,51.551016],[-3.7371414,51.5509915],[-3.7371382,51.5509699],[-3.7371287,51.5509524],[-3.737114,51.5509384],[-3.7370914,51.5509216],[-3.7370262,51.5508797],[-3.7366342,51.5506391],[-3.7366632,51.5506189],[-3.7366943,51.5505955],[-3.7367867,51.5506431],[-3.7368134,51.550623],[-3.7367306,51.5505804],[-3.7367801,51.5505433],[-3.7367459,51.5505257],[-3.7366386,51.5506063],[-3.7364849,51.5505189]]]},"properties":{"osm_id":343889727,"osm_type":"way","seamark_type":"harbour","display_class":"OTHER","min_zoom":12,"importance":1,"name":"Clwb Hwylio Dur TATA","ref":null,"common":{"type":"harbour"},"children":{"harbour":{"category":"marina"}},"osm_tags":{"leisure":"marina","name":"Clwb Hwylio Dur TATA","name:en":"Tata Steel Sailing Club","seamark:harbour:category":"marina","seamark:type":"harbour"}}},{"type":"Feature","geometry":{"type":"Point","coordinates":[-3.2451165,51.5208841]},"properties":{"osm_id":410228465,"osm_type":"node","seamark_type":"gate","display_class":"OTHER","min_zoom":12,"importance":1,"name":"Forest Lock","ref":null,"common":{"type":"gate"},"children":{},"osm_tags":{"disused":"yes","material":"wood","name":"Forest Lock","seamark:type":"gate","waterway":"lock_gate"}}},{"type":"Feature","geometry":{"type":"Polygon","coordinates":[[[-3.0581439,51.8170017],[-3.0593945,51.8170762],[-3.0593958,51.8171549],[-3.0607656,51.817168],[-3.0607661,51.8171179],[-3.061118,51.8171145],[-3.0611483,51.8171142],[-3.06121,51.8171461],[-3.0615022,51.8171465],[-3.0615241,51.8171335],[-3.0615579,51.8171145],[-3.0617514,51.8171139],[-3.0617701,51.8170983],[-3.060601,51.8170938],[-3.0594294,51.8170627],[-3.0593947,51.8170412],[-3.0587468,51.8170123],[-3.0583403,51.8169952],[-3.0581439,51.8170017]]]},"properties":{"osm_id":705751894,"osm_type":"way","seamark_type":"harbour","display_class":"OTHER","min_zoom":12,"importance":1,"name":"Govilon Boat Club","ref":null,"common":{"type":"harbour"},"children":{"harbour":{"category":"marina"}},"osm_tags":{"access":"private","fee":"yes","leisure":"marina","name":"Govilon Boat Club","operator":"Govilon Boat Club","power_supply":"yes","sanitary_dump_station":"yes","seamark:harbour:category":"marina","seamark:type":"harbour"}}},{"type":"Feature","geometry":{"type":"Point","coordinates":[-3.168146,51.4621002]},"properties":{"osm_id":3917476119,"osm_type":"node","seamark_type":"harbour","display_class":"OTHER","min_zoom":12,"importance":1,"name":"Graving Dock Pay & Display","ref":null,"common":{"type":"harbour"},"children":{"harbour":{"category":"marina"}},"osm_tags":{"fee":"no","leisure":"marina","name":"Graving Dock Pay & Display","operator":"Cardiff Harbour Authority","power_supply":"no","sanitary_dump_station":"no","seamark:harbour:category":"marina","seamark:type":"harbour"}}},{"type":"Feature","geometry":{"type":"Polygon","coordinates":[[[-3.1722744,51.4272318],[-3.1722754,51.4273058],[-3.17252,51.4273062],[-3.172524,51.4272342],[-3.1722744,51.4272318]]]},"properties":{"osm_id":1044317570,"osm_type":"way","seamark_type":"rescue_station","display_class":"OTHER","min_zoom":12,"importance":1,"name":"HM Coastguard Rescue Station","ref":null,"common":{"type":"rescue_station"},"children":{},"osm_tags":{"addr:city":"Penarth","addr:postcode":"CF64 5BP","addr:street":"Cliff Parade","building":"yes","emergency":"water_rescue","name":"HM Coastguard Rescue Station","ref:GB:uprn":"64012087","seamark:type":"rescue_station"}}},{"type":"Feature","geometry":{"type":"Point","coordinates":[-3.760511,51.5290003]},"properties":{"osm_id":11053830440,"osm_type":"node","seamark_type":"wreck","display_class":"OTHER","min_zoom":12,"importance":1,"name":"HMV Altmark","ref":null,"common":{"type":"wreck"},"children":{"wreck":{"category":"hull_showing"}},"osm_tags":{"access":"foot","addr:housename":"Sker Beach","description":"To see the wreck you need to make sure the tide is in your favour. Either go out (at least 3 hours after the last high tide) or any time after and up to about 4 hours before the next high tide.","historic":"wreck","name":"HMV Altmark","seamark:type":"wreck","seamark:wreck:category":"hull_showing","tourism":"attraction","wreck:date_sunk":"1961-06-12","wreck:type":"ship","wreck:visible_at_high_tide":"no","wreck:visible_at_low_tide":"yes"}}},{"type":"Feature","geometry":{"type":"Point","coordinates":[-3.7020081,51.4747531]},"properties":{"osm_id":11914276497,"osm_type":"node","seamark_type":"building","display_class":"OTHER","min_zoom":12,"importance":1,"name":"Harbourmaster's Office","ref":null,"common":{"type":"building"},"children":{"building":{"function":"harbour_master"}},"osm_tags":{"addr:city":"Porthcawl","addr:housename":"Cosy Corner","addr:place":"The Harbour","addr:postcode":"CF36 3BY","addr:unit":"Marina Office","email":"porthcawlmarina@bridgend.gov.uk","name":"Harbourmaster's Office","office":"yes","phone":"+44 1656 815 715","seamark:building:function":"harbour_master","seamark:type":"building","website":"https://www.visitbridgend.co.uk/porthcawl-marina"}}},{"type":"Feature","geometry":{"type":"Point","coordinates":[-3.900945,51.58996]},"properties":{"osm_id":13820315384,"osm_type":"node","seamark_type":"buoy_special_purpose","display_class":"OTHER","min_zoom":12,"importance":1,"name":"Hyder N","ref":null,"common":{"name":"Hyder N","type":"buoy_special_purpose"},"children":{"buoy_special_purpose":{"category":"outfall","colour":"yellow","shape":"spherical"},"light":{"character":"Fl","colour":"yellow","period":"10"},"topmark":{"colour":"yellow","shape":"x-shape"}},"osm_tags":{"seamark:buoy_special_purpose:category":"outfall","seamark:buoy_special_purpose:colour":"yellow","seamark:buoy_special_purpose:shape":"spherical","seamark:light:character":"Fl","seamark:light:colour":"yellow","seamark:light:period":"10","seamark:name":"Hyder N","seamark:topmark:colour":"yellow","seamark:topmark:shape":"x-shape","seamark:type":"buoy_special_purpose"}}},{"type":"Feature","geometry":{"type":"Point","coordinates":[-3.901372,51.588369]},"properties":{"osm_id":13820315385,"osm_type":"node","seamark_type":"buoy_special_purpose","display_class":"OTHER","min_zoom":12,"importance":1,"name":"Hyder S","ref":null,"common":{"name":"Hyder S","type":"buoy_special_purpose"},"children":{"buoy_special_purpose":{"category":"outfall","colour":"yellow","shape":"spherical"},"light":{"character":"Fl","colour":"yellow","period":"5"},"topmark":{"colour":"yellow","shape":"x-shape"}},"osm_tags":{"seamark:buoy_special_purpose:category":"outfall","seamark:buoy_special_purpose:colour":"yellow","seamark:buoy_special_purpose:shape":"spherical","seamark:light:character":"Fl","seamark:light:colour":"yellow","seamark:light:period":"5","seamark:name":"Hyder S","seamark:topmark:colour":"yellow","seamark:topmark:shape":"x-shape","seamark:type":"buoy_special_purpose"}}},{"type":"Feature","geometry":{"type":"Point","coordinates":[-3.1747863,51.445017]},"properties":{"osm_id":12618648162,"osm_type":"node","seamark_type":"harbour","display_class":"OTHER","min_zoom":12,"importance":1,"name":"Inner Basin","ref":null,"common":{"type":"harbour"},"children":{"harbour":{"category":"marina"}},"osm_tags":{"leisure":"marina","name":"Inner Basin","seamark:harbour:category":"marina","seamark:type":"harbour"}}},{"type":"Feature","geometry":{"type":"Point","coordinates":[-3.2609667,51.392853]},"properties":{"osm_id":8302893333,"osm_type":"node","seamark_type":"rescue_station","display_class":"OTHER","min_zoom":12,"importance":1,"name":"Inner Wheel II","ref":"14-24","common":{"name":"Inner Wheel II","source":"Bing; https://rnli.org/find-my-nearest","type":"rescue_station"},"children":{"radio_station":{"category":"ais","mmsi":"232002585"},"rescue_station":{"category":"lifeboat_on_mooring"}},"osm_tags":{"emergency":"water_rescue","name":"Inner Wheel II","operator":"Royal National Lifeboat Institution","operator:short":"RNLI","ref":"14-24","seamark:name":"Inner Wheel II","seamark:radio_station:category":"ais","seamark:radio_station:mmsi":"232002585","seamark:rescue_station:category":"lifeboat_on_mooring","seamark:source":"Bing; https://rnli.org/find-my-nearest","seamark:type":"rescue_station","website":"https://rnli.org/find-my-nearest/lifeboat-stations/barry-dock-lifeboat-station/barry-dock-lifeboat"}}},{"type":"Feature","geometry":{"type":"Point","coordinates":[-3.0047022,51.1330916]},"properties":{"osm_id":2781762083,"osm_type":"node","seamark_type":"gate","display_class":"OTHER","min_zoom":12,"importance":1,"name":"Inter-Basin Lock","ref":null,"common":{"type":"gate"},"children":{},"osm_tags":{"name":"Inter-Basin Lock","note":"Lock gates permanently open.","seamark:type":"gate","waterway":"lock_gate"}}},{"type":"Feature","geometry":{"type":"Point","coordinates":[-3.1634744,51.4626386]},"properties":{"osm_id":3916450135,"osm_type":"node","seamark_type":"harbour","display_class":"OTHER","min_zoom":12,"importance":1,"name":"Mermaid Quay Pay & Display","ref":null,"common":{"type":"harbour"},"children":{"harbour":{"category":"marina"}},"osm_tags":{"fee":"yes","internet_access":"wlan","leisure":"marina","name":"Mermaid Quay Pay & Display","operator":"Cardiff Harbour Authority","power_supply":"no","sanitary_dump_station":"no","seamark:harbour:category":"marina","seamark:type":"harbour"}}},{"type":"Feature","geometry":{"type":"Point","coordinates":[-3.9377304,51.5929635]},"properties":{"osm_id":13747794428,"osm_type":"node","seamark_type":"buoy_lateral","display_class":"OTHER","min_zoom":12,"importance":1,"name":"Middle fairway stbd","ref":null,"common":{"name":"Middle fairway stbd","type":"buoy_lateral"},"children":{"buoy_lateral":{"category":"starboard","colour":"red","shape":"pillar","system":"iala-a"},"light":{"character":"Q","colour":"red","period":"5"},"topmark":{"colour":"red","shape":"cylinder"}},"osm_tags":{"seamark:buoy_lateral:category":"starboard","seamark:buoy_lateral:colour":"red","seamark:buoy_lateral:shape":"pillar","seamark:buoy_lateral:system":"iala-a","seamark:light:character":"Q","seamark:light:colour":"red","seamark:light:period":"5","seamark:name":"Middle fairway stbd","seamark:topmark:colour":"red","seamark:topmark:shape":"cylinder","seamark:type":"buoy_lateral"}}},{"type":"Feature","geometry":{"type":"Point","coordinates":[-3.942051,51.579733]},"properties":{"osm_id":13820315374,"osm_type":"node","seamark_type":"buoy_lateral","display_class":"OTHER","min_zoom":12,"importance":1,"name":"Middle fairway stbd","ref":null,"common":{"name":"Middle fairway stbd","type":"buoy_lateral"},"children":{"buoy_lateral":{"category":"starboard","colour":"green","shape":"pillar","system":"iala-a"},"light":{"character":"Fl","colour":"green","group":"2","period":"5"},"topmark":{"colour":"green","shape":"cone, point up"}},"osm_tags":{"seamark:buoy_lateral:category":"starboard","seamark:buoy_lateral:colour":"green","seamark:buoy_lateral:shape":"pillar","seamark:buoy_lateral:system":"iala-a","seamark:light:character":"Fl","seamark:light:colour":"green","seamark:light:group":"2","seamark:light:period":"5","seamark:name":"Middle fairway stbd","seamark:topmark:colour":"green","seamark:topmark:shape":"cone, point up","seamark:type":"buoy_lateral"}}},{"type":"Feature","geometry":{"type":"Point","coordinates":[-3.927805,51.603798]},"properties":{"osm_id":13820315375,"osm_type":"node","seamark_type":"buoy_lateral","display_class":"OTHER","min_zoom":12,"importance":1,"name":"Middle fairway stbd","ref":null,"common":{"name":"Middle fairway stbd","type":"buoy_lateral"},"children":{"buoy_lateral":{"category":"starboard","colour":"green","shape":"pillar","system":"iala-a"},"light":{"character":"Fl","colour":"green","period":"2.5"},"topmark":{"colour":"green","shape":"cone, point up"}},"osm_tags":{"seamark:buoy_lateral:category":"starboard","seamark:buoy_lateral:colour":"green","seamark:buoy_lateral:shape":"pillar","seamark:buoy_lateral:system":"iala-a","seamark:light:character":"Fl","seamark:light:colour":"green","seamark:light:period":"2.5","seamark:name":"Middle fairway stbd","seamark:topmark:colour":"green","seamark:topmark:shape":"cone, point up","seamark:type":"buoy_lateral"}}},{"type":"Feature","geometry":{"type":"Polygon","coordinates":[[[-3.4753624,51.2139604],[-3.4754584,51.2140313],[-3.4752212,51.2141574],[-3.4751251,51.2140865],[-3.4753624,51.2139604]]]},"properties":{"osm_id":780628977,"osm_type":"way","seamark_type":"rescue_station","display_class":"OTHER","min_zoom":12,"importance":1,"name":"Minehead Lifeboat Station","ref":null,"common":{"name":"Minehead Lifeboat Station","type":"rescue_station"},"children":{"rescue_station":{"category":"lifeboat"}},"osm_tags":{"building":"yes","emergency":"water_rescue","name":"Minehead Lifeboat Station","operator":"Royal National Lifeboat Institution","operator:short":"RNLI","operator:wikidata":"Q2166873","seamark:name":"Minehead Lifeboat Station","seamark:rescue_station:category":"lifeboat","seamark:type":"rescue_station","website":"https://rnli.org/find-my-nearest/lifeboat-stations/minehead-lifeboat-station","wikidata":"Q12061834","wikipedia":"en:Minehead Lifeboat Station"}}},{"type":"Feature","geometry":{"type":"Point","coordinates":[-3.46805,51.22709]},"properties":{"osm_id":6690883146,"osm_type":"node","seamark_type":"buoy_special_purpose","display_class":"OTHER","min_zoom":12,"importance":1,"name":"Minehead Waverider","ref":null,"common":{"name":"Minehead Waverider","type":"buoy_special_purpose"},"children":{"buoy_special_purpose":{"category":"odas","colour":"yellow","shape":"spherical"},"light":{"character":"Fl","colour":"yellow","group":"5","period":"20"}},"osm_tags":{"seamark:buoy_special_purpose:category":"odas","seamark:buoy_special_purpose:colour":"yellow","seamark:buoy_special_purpose:shape":"spherical","seamark:light:character":"Fl","seamark:light:colour":"yellow","seamark:light:group":"5","seamark:light:period":"20","seamark:name":"Minehead Waverider","seamark:type":"buoy_special_purpose"}}},{"type":"Feature","geometry":{"type":"Point","coordinates":[-3.979577,51.552056]},"properties":{"osm_id":13820315386,"osm_type":"node","seamark_type":"buoy_lateral","display_class":"OTHER","min_zoom":12,"importance":1,"name":"Mixon","ref":null,"common":{"name":"Mixon","type":"buoy_lateral"},"children":{"buoy_lateral":{"category":"starboard","colour":"red","shape":"can","system":"iala-a"},"light":{"character":"Fl","colour":"red","group":"2","period":"5"},"topmark":{"colour":"red","shape":"cylinder"}},"osm_tags":{"seamark:buoy_lateral:category":"starboard","seamark:buoy_lateral:colour":"red","seamark:buoy_lateral:shape":"can","seamark:buoy_lateral:system":"iala-a","seamark:light:character":"Fl","seamark:light:colour":"red","seamark:light:group":"2","seamark:light:period":"5","seamark:name":"Mixon","seamark:topmark:colour":"red","seamark:topmark:shape":"cylinder","seamark:type":"buoy_lateral"}}},{"type":"Feature","geometry":{"type":"Polygon","coordinates":[[[-3.2656709,51.3878893],[-3.2656455,51.3878645],[-3.2656049,51.3878548],[-3.2655706,51.3878588],[-3.2655406,51.3878315],[-3.2654898,51.387847],[-3.2654864,51.3878649],[-3.2655308,51.3879113],[-3.2655447,51.3879079],[-3.2655568,51.3879243],[-3.2655795,51.387931],[-3.2656033,51.3879221],[-3.2656049,51.3879109],[-3.2656709,51.3878893]]]},"properties":{"osm_id":484524365,"osm_type":"way","seamark_type":"building","display_class":"OTHER","min_zoom":12,"importance":1,"name":"NCI Nells Point","ref":null,"common":{"name":"NCI Nells Point","type":"building"},"children":{"building":{"function":"lookout"},"radio_station":{"callsign":"Nells Point NCI","channel":"65"}},"osm_tags":{"addr:city":"Barry","addr:postcode":"CF62 5DW","building":"yes","name":"Coastwatch Lookout Station","ref:GB:uprn":"64105336","seamark:building:function":"lookout","seamark:name":"NCI Nells Point","seamark:radio_station:callsign":"Nells Point NCI","seamark:radio_station:channel":"65","seamark:type":"building"}}},{"type":"Feature","geometry":{"type":"Polygon","coordinates":[[[-3.5319954,51.3990492],[-3.5318784,51.3990898],[-3.5319092,51.3991294],[-3.5320202,51.3990921],[-3.5319954,51.3990492]]]},"properties":{"osm_id":1003684818,"osm_type":"way","seamark_type":"building","display_class":"OTHER","min_zoom":12,"importance":1,"name":"NCI St.Donats Bay","ref":null,"common":{"name":"NCI St.Donats Bay","type":"building"},"children":{"building":{"function":"lookout"},"radio_station":{"callsign":"St.Donats Bay NCI","channel":"65"}},"osm_tags":{"building":"yes","name":"Coastwatch Lookout Station","operator":"National Coastwatch Institution","seamark:building:function":"lookout","seamark:name":"NCI St.Donats Bay","seamark:radio_station:callsign":"St.Donats Bay NCI","seamark:radio_station:channel":"65","seamark:type":"building"}}},{"type":"Feature","geometry":{"type":"Polygon","coordinates":[[[-3.5544307,51.4010067],[-3.5542933,51.4009982],[-3.5543119,51.4008817],[-3.5544493,51.4008902],[-3.5544307,51.4010067]]]},"properties":{"osm_id":618045787,"osm_type":"way","seamark_type":"building","display_class":"OTHER","min_zoom":12,"importance":1,"name":"Nash Point Fog Horn","ref":null,"common":{"type":"building"},"children":{"fog_signal":{"category":"horn"}},"osm_tags":{"attraction":"historic","building":"yes","building:levels":"1","heritage":"yes","name":"Nash Point Fog Horn","seamark:fog_signal:category":"horn","seamark:type":"building","tourism":"museum","wikidata":"Q29495576"}}},{"type":"Feature","geometry":{"type":"Point","coordinates":[-3.0077107,51.132327]},"properties":{"osm_id":4708621431,"osm_type":"node","seamark_type":"gate","display_class":"OTHER","min_zoom":12,"importance":1,"name":"Newtown Lock","ref":null,"common":{"type":"gate"},"children":{},"osm_tags":{"name":"Newtown Lock","seamark:type":"gate","waterway":"lock_gate"}}},{"type":"Feature","geometry":{"type":"Point","coordinates":[-3.1703555,51.4455518]},"properties":{"osm_id":12618648161,"osm_type":"node","seamark_type":"harbour","display_class":"OTHER","min_zoom":12,"importance":1,"name":"Outer Basin","ref":null,"common":{"type":"harbour"},"children":{"harbour":{"category":"marina"}},"osm_tags":{"leisure":"marina","name":"Outer Basin","seamark:harbour:category":"marina","seamark:type":"harbour"}}},{"type":"Feature","geometry":{"type":"Point","coordinates":[-3.1576333,51.4368167]},"properties":{"osm_id":2654783739,"osm_type":"node","seamark_type":"buoy_cardinal","display_class":"OTHER","min_zoom":12,"importance":1,"name":"Outer Wrach","ref":null,"common":{"name":"Outer Wrach","type":"buoy_cardinal"},"children":{"buoy_cardinal":{"category":"west","colour":"yellow;black;yellow","colour_pattern":"horizontal","shape":"pillar"},"light":{"colour":"yellow"},"topmark":{"colour":"yellow","shape":"2 cones point together"}},"osm_tags":{"seamark:buoy_cardinal:category":"west","seamark:buoy_cardinal:colour":"yellow;black;yellow","seamark:buoy_cardinal:colour_pattern":"horizontal","seamark:buoy_cardinal:shape":"pillar","seamark:light:colour":"yellow","seamark:name":"Outer Wrach","seamark:topmark:colour":"yellow","seamark:topmark:shape":"2 cones point together","seamark:type":"buoy_cardinal"}}},{"type":"Feature","geometry":{"type":"Point","coordinates":[-3.94644,51.604007]},"properties":{"osm_id":13820315383,"osm_type":"node","seamark_type":"buoy_special_purpose","display_class":"OTHER","min_zoom":12,"importance":1,"name":"Outfall","ref":null,"common":{"name":"Outfall","type":"buoy_special_purpose"},"children":{"buoy_special_purpose":{"category":"outfall","colour":"red","shape":"can"}},"osm_tags":{"seamark:buoy_special_purpose:category":"outfall","seamark:buoy_special_purpose:colour":"red","seamark:buoy_special_purpose:shape":"can","seamark:name":"Outfall","seamark:type":"buoy_special_purpose"}}},{"type":"Feature","geometry":{"type":"Polygon","coordinates":[[[-3.1689388,51.4324267],[-3.1689149,51.4324854],[-3.1689026,51.4325156],[-3.1688955,51.432534],[-3.1688948,51.432543],[-3.1689004,51.432551],[-3.168919,51.4325585],[-3.1691344,51.4325955],[-3.1691718,51.4324997],[-3.1691039,51.4324878],[-3.1691161,51.4324569],[-3.1689388,51.4324267]]]},"properties":{"osm_id":90218186,"osm_type":"way","seamark_type":"rescue_station","display_class":"OTHER","min_zoom":12,"importance":1,"name":"Penarth Lifeboat Station","ref":null,"common":{"name":"Penarth Lifeboat Station","type":"rescue_station"},"children":{"rescue_station":{"category":"lifeboat"}},"osm_tags":{"addr:postcode":"CF64 3AU","addr:street":"The Esplanade","building":"yes","emergency":"water_rescue","name":"Penarth Lifeboat Station","name:cy":"Gorsaf Bad Achub Penarth","name:en":"Penarth Lifeboat Station","operator":"Royal National Lifeboat Institution","operator:short":"RNLI","operator:wikidata":"Q2166873","ref:GB:uprn":"64012764;64012763","seamark:name":"Penarth Lifeboat Station","seamark:rescue_station:category":"lifeboat","seamark:type":"rescue_station","source":"Bing;survey","website":"https://rnli.org/find-my-nearest/lifeboat-stations/penarth-lifeboat-station","wikidata":"Q7162264","wikipedia":"en:Penarth Lifeboat Station"}}},{"type":"Feature","geometry":{"type":"Polygon","coordinates":[[[-3.1772481,51.4445283],[-3.1770304,51.4445209],[-3.1768953,51.444525],[-3.1768245,51.4445229],[-3.1767611,51.4445178],[-3.1767286,51.4445333],[-3.1767058,51.4445457],[-3.1766333,51.4445432],[-3.1765956,51.4445272],[-3.1765948,51.4445089],[-3.1765711,51.4444984],[-3.176514,51.4444877],[-3.1764533,51.4444908],[-3.1763938,51.4444982],[-3.1761568,51.4444902],[-3.1761464,51.4446062],[-3.1760028,51.4446007],[-3.1760162,51.4444838],[-3.1753777,51.4444647],[-3.1750253,51.4444556],[-3.1750428,51.4445745],[-3.1749,51.4445847],[-3.1748713,51.4444145],[-3.1746913,51.4444086],[-3.1743144,51.4444047],[-3.1743041,51.4444229],[-3.174238,51.4444282],[-3.1742475,51.444503],[-3.1742497,51.4445198],[-3.1742522,51.4445399],[-3.1738856,51.44456],[-3.1738638,51.4444484],[-3.1736745,51.4444606],[-3.173565,51.444374],[-3.1733002,51.4443923],[-3.1733176,51.4445169],[-3.1731731,51.4445217],[-3.1731554,51.4444212],[-3.1726061,51.4444646],[-3.1726835,51.4448946],[-3.1727108,51.4450583],[-3.1727051,51.4450682],[-3.1726951,51.4450789],[-3.1726849,51.4450809],[-3.1726864,51.4450864],[-3.172296,51.4451452],[-3.1721589,51.4451661],[-3.1720157,51.4451899],[-3.1719941,51.4451887],[-3.1719427,51.4451961],[-3.1719155,51.4452061],[-3.1714677,51.4452752],[-3.171222,51.4453158],[-3.1711788,51.4453208],[-3.1711636,51.4453176],[-3.1711448,51.4453107],[-3.171128,51.4452975],[-3.1710132,51.445013],[-3.1710049,51.4449994],[-3.1709897,51.4449894],[-3.1709672,51.4449817],[-3.1709399,51.4449792],[-3.170336,51.4450752],[-3.1696859,51.4451804],[-3.1693466,51.4452344],[-3.1693341,51.4452382],[-3.1693243,51.445243],[-3.1693123,51.4452521],[-3.1693073,51.4452625],[-3.1693036,51.4452732],[-3.1693059,51.4452851],[-3.1693396,51.4453602],[-3.1693252,51.4453625],[-3.1693419,51.4454014],[-3.1693566,51.4453997],[-3.1693778,51.4454521],[-3.1693904,51.4454833],[-3.169417,51.445549],[-3.1694414,51.4455555],[-3.1694763,51.4456437],[-3.1694713,51.4456476],[-3.1694455,51.4456512],[-3.1694427,51.4456465],[-3.1694288,51.4456416],[-3.1694197,51.4456101],[-3.1694046,51.445612],[-3.1693901,51.4456175],[-3.1693781,51.445624],[-3.1693686,51.4456334],[-3.169352,51.4456352],[-3.1693424,51.4456461],[-3.1693331,51.4456559],[-3.1687996,51.4457392],[-3.1687945,51.445754],[-3.168781,51.4457557],[-3.1687745,51.4457409],[-3.1687693,51.4457351],[-3.1687603,51.4457286],[-3.1687447,51.4457229],[-3.1687264,51.4457211],[-3.1687127,51.4457218],[-3.1687012,51.4457238],[-3.1687188,51.4457547],[-3.1687131,51.4457593],[-3.1687082,51.445763],[-3.1687097,51.445768],[-3.168685,51.4457729],[-3.1686756,51.4457709],[-3.1687065,51.4458418],[-3.1687085,51.4458363],[-3.1687372,51.4458322],[-3.1687391,51.4458366],[-3.1687474,51.4458397],[-3.168755,51.4458425],[-3.1687624,51.4458755],[-3.1687746,51.4458729],[-3.1687892,51.4458686],[-3.1688039,51.4458616],[-3.1688113,51.4458538],[-3.168815,51.445846],[-3.168818,51.4458356],[-3.1688157,51.4458289],[-3.1688078,51.445829],[-3.1688045,51.4458222],[-3.1688176,51.4458199],[-3.1688503,51.445828],[-3.1693547,51.4457468],[-3.1694025,51.4457391],[-3.1694231,51.445755],[-3.1694422,51.4457608],[-3.1694612,51.4457618],[-3.1694812,51.4457592],[-3.1694639,51.445729],[-3.1694741,51.4457134],[-3.1694973,51.4457089],[-3.1695056,51.4457117],[-3.169539,51.4457973],[-3.1695327,51.4458044],[-3.1695223,51.4458092],[-3.1695554,51.4458912],[-3.169568,51.4459225],[-3.1696063,51.4460174],[-3.1696334,51.4460862],[-3.1696463,51.4460976],[-3.1696689,51.4461069],[-3.169702,51.4461096],[-3.1697326,51.4461058],[-3.170538,51.4459739],[-3.1709442,51.4459096],[-3.1712937,51.4458575],[-3.1713111,51.4458523],[-3.1713284,51.4458415],[-3.171336,51.4458276],[-3.1713362,51.4458122],[-3.1713033,51.4457318],[-3.17132,51.4457285],[-3.171303,51.4456884],[-3.1712877,51.4456907],[-3.1712203,51.445527],[-3.1712194,51.445513],[-3.1712305,51.4454962],[-3.1712493,51.4454828],[-3.1712717,51.4454746],[-3.1713031,51.4454692],[-3.1713296,51.4454691],[-3.1713683,51.4454624],[-3.1713712,51.4454686],[-3.1714066,51.4454714],[-3.1715047,51.4454562],[-3.1715334,51.4454454],[-3.1715327,51.4454383],[-3.1718387,51.4453893],[-3.1718391,51.4453848],[-3.1723238,51.4453092],[-3.1725205,51.4452785],[-3.1725233,51.4452837],[-3.1725788,51.4452851],[-3.1726493,51.4452736],[-3.1726526,51.4452696],[-3.1726861,51.4452587],[-3.1726834,51.445253],[-3.1727436,51.4452429],[-3.1727634,51.4452441],[-3.1727825,51.4452512],[-3.1727918,51.4452643],[-3.1728241,51.4453479],[-3.1728079,51.4453498],[-3.1728235,51.4453838],[-3.1728401,51.445382],[-3.1728646,51.4454482],[-3.1728766,51.4454617],[-3.172896,51.4454709],[-3.1729183,51.4454758],[-3.1729426,51.4454746],[-3.1733133,51.4454459],[-3.17362,51.4454258],[-3.1740486,51.4454075],[-3.1745076,51.4453979],[-3.1748204,51.4453981],[-3.1752015,51.445405],[-3.1754527,51.4454133],[-3.175641,51.4454218],[-3.1758199,51.4454311],[-3.1760353,51.4454443],[-3.1762775,51.445462],[-3.176452,51.4454762],[-3.1767182,51.4455021],[-3.176873,51.4455188],[-3.1769396,51.4455258],[-3.1770992,51.4455404],[-3.1771005,51.4455331],[-3.1771177,51.4454392],[-3.1771196,51.4454312],[-3.1771397,51.4453259],[-3.1771432,51.4453086],[-3.1771625,51.4452098],[-3.177164,51.4452007],[-3.1771742,51.4451457],[-3.177218,51.4449127],[-3.1772119,51.4448819],[-3.1771997,51.4448581],[-3.1772107,51.4447917],[-3.1772333,51.4446335],[-3.1772481,51.4445283]]]},"properties":{"osm_id":24006016,"osm_type":"way","seamark_type":"harbour","display_class":"OTHER","min_zoom":12,"importance":1,"name":"Penarth Marina","ref":null,"common":{"type":"harbour"},"children":{"harbour":{"category":"marina"}},"osm_tags":{"leisure":"marina","name":"Penarth Marina","natural":"water","ref:GB:uprn":"64104883","seamark:harbour:category":"marina","seamark:type":"harbour","water":"harbour"}}},{"type":"Feature","geometry":{"type":"Polygon","coordinates":[[[-3.1693059,51.4452851],[-3.1693396,51.4453602],[-3.1693252,51.4453625],[-3.1693419,51.4454014],[-3.1693566,51.4453997],[-3.1693778,51.4454521],[-3.1693904,51.4454833],[-3.169417,51.445549],[-3.1694414,51.4455555],[-3.1694763,51.4456437],[-3.1695056,51.4457117],[-3.169539,51.4457973],[-3.1695327,51.4458044],[-3.1695223,51.4458092],[-3.1695554,51.4458912],[-3.169568,51.4459225],[-3.1696063,51.4460174],[-3.1696334,51.4460862],[-3.1696463,51.4460976],[-3.1696689,51.4461069],[-3.169702,51.4461096],[-3.1697326,51.4461058],[-3.170538,51.4459739],[-3.1709442,51.4459096],[-3.1712937,51.4458575],[-3.1713111,51.4458523],[-3.1713284,51.4458415],[-3.171336,51.4458276],[-3.1713362,51.4458122],[-3.1713033,51.4457318],[-3.17132,51.4457285],[-3.171303,51.4456884],[-3.1712877,51.4456907],[-3.1712203,51.445527],[-3.1712194,51.445513],[-3.1712305,51.4454962],[-3.1712493,51.4454828],[-3.1712717,51.4454746],[-3.1713031,51.4454692],[-3.1713296,51.4454691],[-3.1713683,51.4454624],[-3.1713712,51.4454686],[-3.1714066,51.4454714],[-3.1715047,51.4454562],[-3.1715334,51.4454454],[-3.1715327,51.4454383],[-3.1718387,51.4453893],[-3.1718391,51.4453848],[-3.1723238,51.4453092],[-3.1725205,51.4452785],[-3.1725233,51.4452837],[-3.1725788,51.4452851],[-3.1726493,51.4452736],[-3.1726526,51.4452696],[-3.1726861,51.4452587],[-3.1726834,51.445253],[-3.1727436,51.4452429],[-3.1727634,51.4452441],[-3.1727825,51.4452512],[-3.1727918,51.4452643],[-3.1728241,51.4453479],[-3.1728079,51.4453498],[-3.1728235,51.4453838],[-3.1728401,51.445382],[-3.1728646,51.4454482],[-3.1728766,51.4454617],[-3.172896,51.4454709],[-3.1729183,51.4454758],[-3.1729426,51.4454746],[-3.1733133,51.4454459],[-3.17362,51.4454258],[-3.1740486,51.4454075],[-3.1745076,51.4453979],[-3.1748204,51.4453981],[-3.1752015,51.445405],[-3.1754527,51.4454133],[-3.175641,51.4454218],[-3.1758199,51.4454311],[-3.1760353,51.4454443],[-3.1762775,51.445462],[-3.176452,51.4454762],[-3.1767182,51.4455021],[-3.176873,51.4455188],[-3.1769396,51.4455258],[-3.1770992,51.4455404],[-3.1771005,51.4455331],[-3.1771177,51.4454392],[-3.1771196,51.4454312],[-3.1771397,51.4453259],[-3.1771432,51.4453086],[-3.1771625,51.4452098],[-3.177164,51.4452007],[-3.1771742,51.4451457],[-3.177218,51.4449127],[-3.1772119,51.4448819],[-3.1771997,51.4448581],[-3.1772107,51.4447917],[-3.1772333,51.4446335],[-3.1772481,51.4445283],[-3.1770304,51.4445209],[-3.1768953,51.444525],[-3.1768245,51.4445229],[-3.1767611,51.4445178],[-3.1767286,51.4445333],[-3.1767058,51.4445457],[-3.1766333,51.4445432],[-3.1765956,51.4445272],[-3.1765948,51.4445089],[-3.1765711,51.4444984],[-3.176514,51.4444877],[-3.1764533,51.4444908],[-3.1763938,51.4444982],[-3.1761568,51.4444902],[-3.1761464,51.4446062],[-3.1760028,51.4446007],[-3.1760162,51.4444838],[-3.1753777,51.4444647],[-3.1750253,51.4444556],[-3.1750428,51.4445745],[-3.1749,51.4445847],[-3.1748713,51.4444145],[-3.1746913,51.4444086],[-3.1743144,51.4444047],[-3.1743041,51.4444229],[-3.174238,51.4444282],[-3.1742475,51.444503],[-3.1742497,51.4445198],[-3.1742522,51.4445399],[-3.1738856,51.44456],[-3.1738638,51.4444484],[-3.1736745,51.4444606],[-3.173565,51.444374],[-3.1733002,51.4443923],[-3.1733176,51.4445169],[-3.1731731,51.4445217],[-3.1731554,51.4444212],[-3.1726061,51.4444646],[-3.1726835,51.4448946],[-3.1727108,51.4450583],[-3.1727051,51.4450682],[-3.1726951,51.4450789],[-3.1726849,51.4450809],[-3.1726864,51.4450864],[-3.172296,51.4451452],[-3.1721589,51.4451661],[-3.1720157,51.4451899],[-3.1719941,51.4451887],[-3.1719427,51.4451961],[-3.1719155,51.4452061],[-3.1714677,51.4452752],[-3.171222,51.4453158],[-3.1711788,51.4453208],[-3.1711636,51.4453176],[-3.1711448,51.4453107],[-3.171128,51.4452975],[-3.1710132,51.445013],[-3.1710049,51.4449994],[-3.1709897,51.4449894],[-3.1709672,51.4449817],[-3.1709399,51.4449792],[-3.170336,51.4450752],[-3.1696859,51.4451804],[-3.1693466,51.4452344],[-3.1693341,51.4452382],[-3.1693243,51.445243],[-3.1693123,51.4452521],[-3.1693073,51.4452625],[-3.1693036,51.4452732],[-3.1693059,51.4452851]]]},"properties":{"osm_id":956366208,"osm_type":"way","seamark_type":"harbour","display_class":"OTHER","min_zoom":12,"importance":1,"name":"Penarth Marina","ref":null,"common":{"type":"harbour"},"children":{"harbour":{"category":"marina"}},"osm_tags":{"alt_name":"Portway Marina","leisure":"marina","name":"Penarth Marina","seamark:harbour:category":"marina","seamark:type":"harbour","url":"https://www.boatfolk.co.uk/penarth-marina-cardiff","wikidata":"Q7162266"}}},{"type":"Feature","geometry":{"type":"Polygon","coordinates":[[[-3.1692037,51.445565],[-3.1691361,51.445576],[-3.1689817,51.4456014],[-3.1689852,51.4456115],[-3.1689771,51.4456127],[-3.1689963,51.4456572],[-3.1690072,51.4456557],[-3.1690093,51.4456599],[-3.1690357,51.4456562],[-3.1690378,51.445662],[-3.1691975,51.4456375],[-3.1691953,51.4456308],[-3.1692287,51.445626],[-3.1692265,51.4456206],[-3.1692037,51.445565]]]},"properties":{"osm_id":317977304,"osm_type":"way","seamark_type":"harbour","display_class":"OTHER","min_zoom":12,"importance":1,"name":"Penarth Marina Office","ref":null,"common":{"type":"harbour"},"children":{"harbour":{"category":"marina"}},"osm_tags":{"building":"yes","leisure":"marina","name":"Penarth Marina Office","seamark:harbour:category":"marina","seamark:type":"harbour"}}},{"type":"Feature","geometry":{"type":"Polygon","coordinates":[[[-3.6297611,51.2205862],[-3.6298579,51.2208095],[-3.6298766,51.2209347],[-3.6299249,51.2209733],[-3.6300818,51.2210422],[-3.629127,51.2210682],[-3.6289414,51.2209027],[-3.6287099,51.2205756],[-3.628648,51.2204601],[-3.6283183,51.2201589],[-3.6281277,51.2200452],[-3.6280314,51.2199554],[-3.6279592,51.2198763],[-3.6278942,51.2197902],[-3.6278899,51.2197845],[-3.627841,51.2196645],[-3.627872,51.219574],[-3.6278836,51.2195354],[-3.6279566,51.2194786],[-3.6279543,51.219459],[-3.6278434,51.2194046],[-3.6278252,51.2193957],[-3.6279117,51.2193279],[-3.6279314,51.2193391],[-3.6280416,51.2194019],[-3.6280795,51.2193937],[-3.6281759,51.2193422],[-3.6282094,51.2193463],[-3.6285152,51.2196429],[-3.6285128,51.2196675],[-3.6285525,51.2197042],[-3.6286872,51.2197402],[-3.6288317,51.2198176],[-3.6289526,51.2199221],[-3.6291565,51.2200128],[-3.6293536,51.2201589],[-3.6294797,51.2202236],[-3.6295654,51.2203073],[-3.6296822,51.2204328],[-3.6297611,51.2205862]]]},"properties":{"osm_id":237589171,"osm_type":"way","seamark_type":"harbour","display_class":"OTHER","min_zoom":12,"importance":1,"name":"Porlock Weir","ref":null,"common":{"type":"harbour"},"children":{"harbour":{"category":"marina"}},"osm_tags":{"dock":"tidal","leisure":"marina","name":"Porlock Weir","operator":"Porlock Manor Estate","seamark:harbour:category":"marina","seamark:type":"harbour"}}},{"type":"Feature","geometry":{"type":"Polygon","coordinates":[[[-3.8169163,51.5936067],[-3.8169253,51.5935658],[-3.8169507,51.593568],[-3.8169648,51.5935044],[-3.8167894,51.5934894],[-3.816778,51.593541],[-3.8167106,51.5935353],[-3.816699,51.5935882],[-3.8169163,51.5936067]]]},"properties":{"osm_id":602191461,"osm_type":"way","seamark_type":"rescue_station","display_class":"OTHER","min_zoom":12,"importance":1,"name":"Port Talbot Lifeboat Station","ref":null,"common":{"name":"Port Talbot Lifeboat Station","type":"rescue_station"},"children":{"rescue_station":{"category":"lifeboat"}},"osm_tags":{"building":"yes","emergency":"water_rescue","layer":"1","name":"Port Talbot Lifeboat Station","operator":"Royal National Lifeboat Institution","operator:short":"RNLI","seamark:name":"Port Talbot Lifeboat Station","seamark:rescue_station:category":"lifeboat","seamark:type":"rescue_station","website":"https://rnli.org/find-my-nearest/lifeboat-stations/port-talbot-lifeboat-station","wikidata":"Q7230967"}}},{"type":"Feature","geometry":{"type":"Polygon","coordinates":[[[-3.7910384,51.5864171],[-3.7909776,51.5862384],[-3.7909291,51.5860845],[-3.7908923,51.5859873],[-3.7907617,51.5860075],[-3.7906399,51.5860237],[-3.7906018,51.5860316],[-3.7905757,51.5860427],[-3.7905548,51.5860587],[-3.7905298,51.5860855],[-3.790516,51.5861122],[-3.790398,51.5861644],[-3.7902451,51.5862202],[-3.7900732,51.5862583],[-3.7900074,51.5862745],[-3.7899912,51.5862504],[-3.7898694,51.5862782],[-3.7898366,51.5862225],[-3.7899429,51.5861959],[-3.7899074,51.5861411],[-3.7898011,51.5861677],[-3.7897867,51.5861504],[-3.7897554,51.5861581],[-3.7898563,51.5863117],[-3.7895348,51.5863909],[-3.7895092,51.586353],[-3.7896218,51.5863237],[-3.7895627,51.5862362],[-3.7893684,51.5862868],[-3.7894531,51.5864122],[-3.789505,51.5864914],[-3.789523,51.5866324],[-3.7896942,51.5866082],[-3.7899524,51.5865705],[-3.7901144,51.5865484],[-3.7903983,51.5865063],[-3.7910384,51.5864171]]]},"properties":{"osm_id":1176700939,"osm_type":"way","seamark_type":"harbour","display_class":"OTHER","min_zoom":12,"importance":1,"name":"Port Talbot Sea Cadets","ref":null,"common":{"type":"harbour"},"children":{"harbour":{"category":"marina"}},"osm_tags":{"leisure":"marina","name":"Port Talbot Sea Cadets","seamark:harbour:category":"marina","seamark:type":"harbour"}}},{"type":"Feature","geometry":{"type":"Polygon","coordinates":[[[-3.7009097,51.475548],[-3.7008654,51.4750067],[-3.7008092,51.4750093],[-3.7007979,51.4749202],[-3.7008501,51.4749181],[-3.7008444,51.4748597],[-3.7007906,51.4748629],[-3.7007696,51.4746964],[-3.7008272,51.4746943],[-3.7008218,51.4746457],[-3.7008158,51.4745925],[-3.7009648,51.4745885],[-3.701025,51.4745869],[-3.7010255,51.4746397],[-3.7010325,51.4746654],[-3.7010451,51.4746654],[-3.7010465,51.4746874],[-3.7016983,51.474724],[-3.7017023,51.4747242],[-3.7017345,51.4747261],[-3.7018042,51.475497],[-3.7017344,51.4755271],[-3.7009097,51.475548]]]},"properties":{"osm_id":124271110,"osm_type":"way","seamark_type":"harbour","display_class":"OTHER","min_zoom":12,"importance":1,"name":"Porthcawl Harbour","ref":null,"common":{"name":"Porthcawl Harbour","type":"harbour"},"children":{"harbour":{"category":"marina"}},"osm_tags":{"harbour":"yes","leisure":"marina","natural":"water","salt":"yes","seamark:harbour:category":"marina","seamark:name":"Porthcawl Harbour","seamark:type":"harbour","tidal":"yes"}}},{"type":"Feature","geometry":{"type":"LineString","coordinates":[[-3.7010255,51.4746397],[-3.7009213,51.4746428],[-3.7008218,51.4746457]]},"properties":{"osm_id":460831327,"osm_type":"way","seamark_type":"gate","display_class":"OTHER","min_zoom":12,"importance":1,"name":"Porthcawl Harbour","ref":null,"common":{"name":"Porthcawl Harbour","type":"gate"},"children":{"gate":{"category":"lock"}},"osm_tags":{"seamark:gate:category":"lock","seamark:name":"Porthcawl Harbour","seamark:type":"gate","waterway":"lock_gate"}}},{"type":"Feature","geometry":{"type":"Polygon","coordinates":[[[-3.7021007,51.4742443],[-3.7018885,51.4741979],[-3.7019255,51.4741322],[-3.701943,51.4741012],[-3.7019621,51.4740673],[-3.7021922,51.4741176],[-3.7021535,51.4741864],[-3.7021355,51.4741825],[-3.7021007,51.4742443]]]},"properties":{"osm_id":124278863,"osm_type":"way","seamark_type":"rescue_station","display_class":"OTHER","min_zoom":12,"importance":1,"name":"Porthcawl Lifeboat Station","ref":null,"common":{"name":"Porthcawl Lifeboat Station","type":"rescue_station"},"children":{"rescue_station":{"category":"lifeboat"}},"osm_tags":{"building":"yes","emergency":"water_rescue","name":"Porthcawl Lifeboat Station","operator":"Royal National Lifeboat Institution","operator:short":"RNLI","operator:wikidata":"Q2166873","seamark:name":"Porthcawl Lifeboat Station","seamark:rescue_station:category":"lifeboat","seamark:type":"rescue_station","website":"https://rnli.org/find-my-nearest/lifeboat-stations/porthcawl-lifeboat-station","wikidata":"Q7231751","wikipedia":"en:Porthcawl Lifeboat Station"}}},{"type":"Feature","geometry":{"type":"Polygon","coordinates":[[[-3.7015712,51.4740645],[-3.7015158,51.4740349],[-3.7015584,51.4740039],[-3.7015856,51.4739971],[-3.7016124,51.4740012],[-3.7016241,51.4740163],[-3.7016154,51.4740321],[-3.7015712,51.4740645]]]},"properties":{"osm_id":918396468,"osm_type":"way","seamark_type":"building","display_class":"OTHER","min_zoom":12,"importance":1,"name":"Porthcawl NCI","ref":null,"common":{"name":"Porthcawl NCI","type":"building"},"children":{"building":{"function":"lookout"},"radio_station":{"callsign":"Porthcawl NCI","channel":"65"}},"osm_tags":{"building":"yes","name":"Coastwatch Lookout Station","seamark:building:function":"lookout","seamark:name":"Porthcawl NCI","seamark:radio_station:callsign":"Porthcawl NCI","seamark:radio_station:channel":"65","seamark:type":"building"}}},{"type":"Feature","geometry":{"type":"Point","coordinates":[-3.6997375,51.4730829]},"properties":{"osm_id":1556370667,"osm_type":"node","seamark_type":"light_minor","display_class":"OTHER","min_zoom":12,"importance":1,"name":"Porthcawl, breakwater, SE","ref":null,"common":{"name":"Porthcawl, breakwater, SE","type":"light_minor"},"children":{"light":{"1:character":"F","1:colour":"green","1:height":"10","1:range":"4","1:sector_end":"36","1:sector_start":"302","2:character":"F","2:colour":"white","2:height":"10","2:range":"6","2:sector_end":"82","2:sector_start":"36","3:character":"F","3:colour":"red","3:height":"10","3:range":"4","3:sector_end":"122","3:sector_start":"82","reference":"A 5402"}},"osm_tags":{"seamark:light:1:character":"F","seamark:light:1:colour":"green","seamark:light:1:height":"10","seamark:light:1:range":"4","seamark:light:1:sector_end":"36","seamark:light:1:sector_start":"302","seamark:light:2:character":"F","seamark:light:2:colour":"white","seamark:light:2:height":"10","seamark:light:2:range":"6","seamark:light:2:sector_end":"82","seamark:light:2:sector_start":"36","seamark:light:3:character":"F","seamark:light:3:colour":"red","seamark:light:3:height":"10","seamark:light:3:range":"4","seamark:light:3:sector_end":"122","seamark:light:3:sector_start":"82","seamark:light:reference":"A 5402","seamark:name":"Porthcawl, breakwater, SE","seamark:type":"light_minor","source":"US NGA Pub. 114. 2011-05-26."}}},{"type":"Feature","geometry":{"type":"Point","coordinates":[-3.0234911,51.2716846]},"properties":{"osm_id":1701709834,"osm_type":"node","seamark_type":"wreck","display_class":"OTHER","min_zoom":12,"importance":1,"name":"SS Nornen","ref":null,"common":{"type":"wreck"},"children":{},"osm_tags":{"historic":"wreck","name":"SS Nornen","seamark:type":"wreck","wikidata":"Q105806436","wikipedia":"en:Nornen","wreck:date_sunk":"1897-03-03","wreck:visible_at_high_tide":"no","wreck:visible_at_low_tide":"yes"}}},{"type":"Feature","geometry":{"type":"Point","coordinates":[-3.9523082,51.5700195]},"properties":{"osm_id":13744483784,"osm_type":"node","seamark_type":"buoy_cardinal","display_class":"OTHER","min_zoom":12,"importance":1,"name":"South West Inner Green Grounds","ref":null,"common":{"name":"South West Inner Green Grounds","type":"buoy_cardinal"},"children":{"buoy_cardinal":{"category":"east","colour":"black;yellow;black","colour_pattern":"horizontal","shape":"pillar"},"light":{"character":"Q","colour":"white","group":"3","period":"10"},"topmark":{"colour":"black","shape":"2 cones base together"}},"osm_tags":{"alt_name":"SWIGG","name":"SWIGG","seamark:buoy_cardinal:category":"east","seamark:buoy_cardinal:colour":"black;yellow;black","seamark:buoy_cardinal:colour_pattern":"horizontal","seamark:buoy_cardinal:shape":"pillar","seamark:light:character":"Q","seamark:light:colour":"white","seamark:light:group":"3","seamark:light:period":"10","seamark:name":"South West Inner Green Grounds","seamark:topmark:colour":"black","seamark:topmark:shape":"2 cones base together","seamark:type":"buoy_cardinal"}}},{"type":"Feature","geometry":{"type":"Point","coordinates":[-3.4025667,51.4571833]},"properties":{"osm_id":1556369223,"osm_type":"node","seamark_type":"landmark","display_class":"OTHER","min_zoom":12,"importance":1,"name":"St. Hilary","ref":null,"common":{"information":"Obstruction light.4 F.R. (vert.)","name":"St. Hilary","type":"landmark"},"children":{"landmark":{"category":"mast","height":"229"},"light":{"category":"aero","character":"Q","colour":"red","height":"346","range":"11","reference":"A 5406.6"}},"osm_tags":{"seamark:information":"Obstruction light.4 F.R. (vert.)","seamark:landmark:category":"mast","seamark:landmark:height":"229","seamark:light:category":"aero","seamark:light:character":"Q","seamark:light:colour":"red","seamark:light:height":"346","seamark:light:range":"11","seamark:light:reference":"A 5406.6","seamark:name":"St. Hilary","seamark:type":"landmark","source":"US NGA Pub. 114. 2011-05-26."}}},{"type":"Feature","geometry":{"type":"Point","coordinates":[-3.830369,51.577905]},"properties":{"osm_id":13820315376,"osm_type":"node","seamark_type":"buoy_cardinal","display_class":"OTHER","min_zoom":12,"importance":1,"name":"Stalheim","ref":null,"common":{"name":"Stalheim","type":"buoy_cardinal"},"children":{"buoy_cardinal":{"category":"west","colour":"yellow;black;yellow","colour_pattern":"horizontal","shape":"pillar"},"light":{"character":"Q","colour":"white","group":"9","period":"15"},"topmark":{"colour":"black","shape":"2 cones point together"}},"osm_tags":{"alt_name":"Stalheim","name":"Stalheim","seamark:buoy_cardinal:category":"west","seamark:buoy_cardinal:colour":"yellow;black;yellow","seamark:buoy_cardinal:colour_pattern":"horizontal","seamark:buoy_cardinal:shape":"pillar","seamark:light:character":"Q","seamark:light:colour":"white","seamark:light:group":"9","seamark:light:period":"15","seamark:name":"Stalheim","seamark:topmark:colour":"black","seamark:topmark:shape":"2 cones point together","seamark:type":"buoy_cardinal"}}},{"type":"Feature","geometry":{"type":"Point","coordinates":[-3.213466,51.4024264]},"properties":{"osm_id":8438284811,"osm_type":"node","seamark_type":"harbour","display_class":"OTHER","min_zoom":12,"importance":1,"name":"Sully Sailing Club","ref":null,"common":{"type":"harbour"},"children":{"harbour":{"category":"marina"}},"osm_tags":{"leisure":"marina","name":"Sully Sailing Club","seamark:harbour:category":"marina","seamark:type":"harbour"}}},{"type":"Feature","geometry":{"type":"Polygon","coordinates":[[[-3.9339972,51.6167655],[-3.9339753,51.616719],[-3.9339553,51.6166736],[-3.9339385,51.6166327],[-3.9339573,51.6166307],[-3.9339729,51.6166313],[-3.9339898,51.6166339],[-3.9340015,51.6166375],[-3.9340127,51.6166423],[-3.9340189,51.6166494],[-3.9340227,51.6166582],[-3.9340266,51.6166702],[-3.9340506,51.616669],[-3.9340588,51.6166675],[-3.934066,51.6166648],[-3.9340717,51.6166611],[-3.9340752,51.6166566],[-3.9340912,51.6166142],[-3.9341009,51.6166141],[-3.9341112,51.6166122],[-3.9341202,51.6166087],[-3.9341307,51.6166025],[-3.9341375,51.6165957],[-3.9341421,51.6165878],[-3.9341435,51.6165819],[-3.9341424,51.616572],[-3.9339285,51.6162295],[-3.9355341,51.6158604],[-3.9355588,51.615901],[-3.9355534,51.6159243],[-3.935834,51.6164246],[-3.9358607,51.6164552],[-3.9359002,51.6164768],[-3.9359523,51.6164855],[-3.9360138,51.6164826],[-3.9374911,51.6161465],[-3.9375165,51.6161322],[-3.9375223,51.6161099],[-3.9375073,51.6160892],[-3.9374793,51.616062],[-3.9371302,51.6154973],[-3.9434881,51.6140407],[-3.9436253,51.6142736],[-3.9440088,51.6149244],[-3.9440285,51.6149205],[-3.9440483,51.6149558],[-3.9376854,51.6164281],[-3.9376223,51.6163232],[-3.9375745,51.6162996],[-3.9375075,51.6163042],[-3.9367593,51.6164783],[-3.9367593,51.6164891],[-3.9366323,51.6165199],[-3.9366023,51.6165135],[-3.9362595,51.6165959],[-3.9362641,51.616603],[-3.9362064,51.6166181],[-3.9361427,51.616633],[-3.9361025,51.6166324],[-3.9360575,51.6166442],[-3.936024,51.6166668],[-3.9360127,51.6166936],[-3.9360141,51.6167144],[-3.9361512,51.6169426],[-3.9361648,51.6169395],[-3.9361973,51.617],[-3.9346119,51.6173978],[-3.9345687,51.6173337],[-3.9345867,51.6173297],[-3.9344586,51.6171098],[-3.934428,51.6170818],[-3.9343811,51.6170627],[-3.9343147,51.6170571],[-3.9342769,51.6170484],[-3.9342007,51.617067],[-3.9342108,51.6170831],[-3.932825,51.6174011],[-3.9325019,51.617201],[-3.9325794,51.6171521],[-3.9325401,51.6171286],[-3.933272,51.6170229],[-3.9333139,51.6170178],[-3.9333432,51.617017],[-3.9333628,51.6170179],[-3.9333883,51.6170211],[-3.9334189,51.6170255],[-3.9334653,51.6170295],[-3.9335064,51.6170306],[-3.9335314,51.6170302],[-3.9335501,51.6170289],[-3.9335636,51.6170276],[-3.9335805,51.617025],[-3.9335906,51.6170229],[-3.9335873,51.6170172],[-3.933613,51.6170125],[-3.9336158,51.6170169],[-3.9338326,51.6169624],[-3.9338421,51.6169596],[-3.9338502,51.6169557],[-3.9338531,51.6169517],[-3.9338555,51.6169475],[-3.9340236,51.6169031],[-3.9340377,51.6169145],[-3.934107,51.6168972],[-3.9341183,51.6169107],[-3.934182,51.6168941],[-3.9342113,51.6168819],[-3.9342059,51.6168741],[-3.9342164,51.6168698],[-3.9342262,51.6168656],[-3.934236,51.6168609],[-3.9342448,51.6168553],[-3.9342534,51.6168493],[-3.9342599,51.6168442],[-3.9342677,51.6168357],[-3.9342708,51.6168278],[-3.9342718,51.6168173],[-3.9342696,51.6168097],[-3.9342664,51.6168025],[-3.9342603,51.6167945],[-3.9342511,51.6167872],[-3.9342357,51.6167791],[-3.9342254,51.6167767],[-3.9342118,51.6167748],[-3.9341975,51.6167742],[-3.9341853,51.6167741],[-3.9341589,51.6167745],[-3.934119,51.6167493],[-3.9341045,51.6167435],[-3.9340871,51.6167433],[-3.9340698,51.6167458],[-3.934055,51.6167491],[-3.9340599,51.6167614],[-3.9340601,51.6167687],[-3.9340586,51.6167775],[-3.9340533,51.616786],[-3.9340433,51.6167966],[-3.9340283,51.6168034],[-3.9340055,51.6168069],[-3.9339972,51.6167655]]]},"properties":{"osm_id":14368128,"osm_type":"way","seamark_type":"harbour","display_class":"OTHER","min_zoom":12,"importance":1,"name":"Swansea Marina","ref":null,"common":{"type":"harbour"},"children":{"harbour":{"category":"marina"}},"osm_tags":{"leisure":"marina","name":"Swansea Marina","name:cy":"Marina Abertawe","natural":"water","old_name":"South Dock","seamark:harbour:category":"marina","seamark:type":"harbour","swimming":"no","wikidata":"Q7653703","wikipedia":"en:Swansea Marina"}}},{"type":"Feature","geometry":{"type":"Point","coordinates":[-3.9346833,51.5921167]},"properties":{"osm_id":13820315373,"osm_type":"node","seamark_type":"buoy_lateral","display_class":"OTHER","min_zoom":12,"importance":1,"name":"Swansea Middle Green Fairway","ref":null,"common":{"name":"Swansea Middle Green Fairway","type":"buoy_lateral"},"children":{"buoy_lateral":{"category":"starboard","colour":"green","shape":"pillar","system":"iala-a"},"light":{"character":"Q","colour":"green","period":"5"},"topmark":{"colour":"green","shape":"cone, point up"}},"osm_tags":{"seamark:buoy_lateral:category":"starboard","seamark:buoy_lateral:colour":"green","seamark:buoy_lateral:shape":"pillar","seamark:buoy_lateral:system":"iala-a","seamark:light:character":"Q","seamark:light:colour":"green","seamark:light:period":"5","seamark:name":"Swansea Middle Green Fairway","seamark:topmark:colour":"green","seamark:topmark:shape":"cone, point up","seamark:type":"buoy_lateral"}}},{"type":"Feature","geometry":{"type":"LineString","coordinates":[[-3.0131387,51.2861049],[-3.013983,51.286133],[-3.0155067,51.2862758],[-3.076417,51.287017],[-3.34125,51.259],[-3.4268,51.2589],[-3.430533,51.258283],[-3.449133,51.259017],[-3.460717,51.260433],[-3.461417,51.26055],[-3.484117,51.258517],[-3.483783,51.258883],[-3.501367,51.2591],[-3.526183,51.26265],[-3.567817,51.268867],[-3.588183,51.273033],[-3.596933,51.273867],[-3.7113,51.292367],[-3.798783,51.32295],[-3.800883,51.323433],[-3.809967,51.326617],[-3.814267,51.3267],[-3.816383,51.32905],[-3.84235,51.3414],[-3.848133,51.343],[-3.85435,51.345933],[-3.856533,51.348267],[-3.985083,51.40975],[-3.992967,51.419033],[-3.993667,51.450167],[-3.99655,51.45675],[-3.996467,51.503267],[-4.0142,51.52],[-4.019867,51.52495],[-4.063,51.539],[-4.09825,51.55025],[-4.12935,51.558867],[-4.133867,51.5592],[-4.146917,51.557417],[-4.161367,51.5574]]},"properties":{"osm_id":78434602,"osm_type":"way","seamark_type":"cable_submarine","display_class":"OTHER","min_zoom":12,"importance":1,"name":"Swansea/Brean","ref":null,"common":{"type":"cable_submarine"},"children":{},"osm_tags":{"communication":"line","description":"OXWICH TO BREAN","name":"Swansea/Brean","operator":"Cable & Wireless","phone":"+44 1344 602218","seamark:type":"cable_submarine","source":"Kingfisher Information Service, February 2010, http://www.kisca.org.uk/charts.htm","submarine":"yes"}}},{"type":"Feature","geometry":{"type":"Polygon","coordinates":[[[-3.9739643,51.5699494],[-3.9743163,51.5698352],[-3.9742594,51.5697676],[-3.9742013,51.5696983],[-3.9738493,51.5698124],[-3.9739157,51.5698915],[-3.9739643,51.5699494]]]},"properties":{"osm_id":458121817,"osm_type":"way","seamark_type":"rescue_station","display_class":"OTHER","min_zoom":12,"importance":1,"name":"The Mumbles Lifeboat Station","ref":null,"common":{"name":"The Mumbles Lifeboat Station","type":"rescue_station"},"children":{"rescue_station":{"category":"lifeboat"}},"osm_tags":{"building":"boathouse","emergency":"water_rescue","layer":"1","lifeboat":"offshore;inshore","lifeboat:class":"RNLI Tyne;RNLI IB1 Class","lifeboat:name":"Ethel Anne;Peterborough Beer Festival II","name":"The Mumbles Lifeboat Station","operator":"Royal National Lifeboat Institution","operator:short":"RNLI","operator:wikidata":"Q2166873","seamark:name":"The Mumbles Lifeboat Station","seamark:rescue_station:category":"lifeboat","seamark:type":"rescue_station","website":"https://rnli.org/find-my-nearest/lifeboat-stations/the-mumbles-lifeboat-station"}}},{"type":"Feature","geometry":{"type":"Polygon","coordinates":[[[-3.3298898,51.1827929],[-3.3283901,51.1833392],[-3.3283731,51.1833454],[-3.3282903,51.1832898],[-3.3282577,51.1833067],[-3.3282276,51.1833223],[-3.3281261,51.1832503],[-3.3276721,51.1832943],[-3.3270505,51.1828732],[-3.3272803,51.1825184],[-3.3273056,51.1825239],[-3.327506,51.1822057],[-3.3275576,51.1822046],[-3.3275616,51.1821967],[-3.3274943,51.1821805],[-3.327641,51.181941],[-3.3277855,51.181926],[-3.3279985,51.1819028],[-3.3284396,51.1820162],[-3.3289763,51.1821673],[-3.3296035,51.1823555],[-3.3296081,51.1824393],[-3.3296042,51.1824784],[-3.3295896,51.182522],[-3.3300774,51.1825722],[-3.3301848,51.1825833],[-3.3300672,51.1826643],[-3.3298898,51.1827929]]]},"properties":{"osm_id":413377874,"osm_type":"way","seamark_type":"harbour","display_class":"OTHER","min_zoom":12,"importance":1,"name":"Watchet Harbour Marina","ref":null,"common":{"type":"harbour"},"children":{"harbour":{"category":"marina"}},"osm_tags":{"addr:city":"Watchet","addr:housename":"Watchet Harbour Marina","addr:housenumber":"10","addr:postcode":"TA23 0AJ","addr:street":"The Esplanade","capacity":"180","fee":"yes","internet_access":"wlan","leisure":"marina","mooring":"180","name":"Watchet Harbour Marina","note:tidal":"Tidal only due to lack of funds: marina staff indicate they are awaiting repair to the lock paddles: parent company in administration. 2023-07-31","operator":"The Marine Group","power_supply":"yes","sanitary_dump_station":"yes","seamark:harbour:category":"marina","seamark:type":"harbour","tidal":"yes","website":"http://www.watchet-harbour-marina.com/"}}},{"type":"Feature","geometry":{"type":"Point","coordinates":[-3.2812667,51.4592667]},"properties":{"osm_id":1556369157,"osm_type":"node","seamark_type":"landmark","display_class":"OTHER","min_zoom":12,"importance":1,"name":"Wenvoe","ref":null,"common":{"information":"Obstruction light. F.R.","name":"Wenvoe","type":"landmark"},"children":{"landmark":{"category":"mast","height":"242"},"light":{"category":"aero","character":"Q","colour":"white","height":"365","range":"12","reference":"A 5410"}},"osm_tags":{"seamark:information":"Obstruction light. F.R.","seamark:landmark:category":"mast","seamark:landmark:height":"242","seamark:light:category":"aero","seamark:light:character":"Q","seamark:light:colour":"white","seamark:light:height":"365","seamark:light:range":"12","seamark:light:reference":"A 5410","seamark:name":"Wenvoe","seamark:type":"landmark","source":"US NGA Pub. 114. 2011-05-26."}}},{"type":"Feature","geometry":{"type":"Point","coordinates":[-3.92635,51.4718167]},"properties":{"osm_id":1556370722,"osm_type":"node","seamark_type":"buoy_cardinal","display_class":"OTHER","min_zoom":12,"importance":1,"name":"West Scar","ref":null,"common":{"name":"West Scar","type":"buoy_cardinal"},"children":{"buoy_cardinal":{"category":"west","colour":"yellow;black;yellow","colour_pattern":"horizontal","shape":"pillar"},"fog_signal":{"category":"bell"},"light":{"character":"Q","colour":"white","group":"9","period":"15"},"radar_transponder":{"category":"racon"},"topmark":{"colour":"black","shape":"2 cones point together"}},"osm_tags":{"seamark:buoy_cardinal:category":"west","seamark:buoy_cardinal:colour":"yellow;black;yellow","seamark:buoy_cardinal:colour_pattern":"horizontal","seamark:buoy_cardinal:shape":"pillar","seamark:fog_signal:category":"bell","seamark:light:character":"Q","seamark:light:colour":"white","seamark:light:group":"9","seamark:light:period":"15","seamark:name":"West Scar","seamark:radar_transponder:category":"racon","seamark:topmark:colour":"black","seamark:topmark:shape":"2 cones point together","seamark:type":"buoy_cardinal","source":"US NGA Pub. 114. 2011-05-26."}}},{"type":"Feature","geometry":{"type":"Point","coordinates":[-3.01676,51.35422]},"properties":{"osm_id":6715364422,"osm_type":"node","seamark_type":"buoy_special_purpose","display_class":"OTHER","min_zoom":12,"importance":1,"name":"Weston Bay Waverider","ref":null,"common":{"name":"Weston Bay Waverider","type":"buoy_special_purpose"},"children":{"buoy_special_purpose":{"category":"odas","colour":"yellow","shape":"spherical"},"light":{"character":"Fl","colour":"yellow","group":"5","period":"20"}},"osm_tags":{"seamark:buoy_special_purpose:category":"odas","seamark:buoy_special_purpose:colour":"yellow","seamark:buoy_special_purpose:shape":"spherical","seamark:light:character":"Fl","seamark:light:colour":"yellow","seamark:light:group":"5","seamark:light:period":"20","seamark:name":"Weston Bay Waverider","seamark:type":"buoy_special_purpose"}}}],"type":"FeatureCollection"}