{"type":"FeatureCollection","features":[{"type":"Feature","geometry":{"type":"Point","coordinates":[11.2016167,56.1009167]},"properties":{"osm_id":1460915001,"osm_type":"node","seamark_type":"light_major","display_class":"LIGHTHOUSE","min_zoom":7,"importance":5,"name":"Sjællands Rev N","ref":null,"common":{"name":"Sjællands Rev N","type":"light_major"},"children":{"light":{"10:character":"Iso","10:colour":"white","10:height":"25","10:period":"2","10:range":"22","10:sector_end":"212","10:sector_start":"205","11:character":"Iso","11:colour":"red","11:height":"25","11:period":"2","11:range":"17","11:sector_end":"235","11:sector_start":"212","12:character":"Iso","12:colour":"green","12:height":"25","12:period":"2","12:range":"17","12:sector_end":"256","12:sector_start":"235","13:character":"Iso","13:colour":"white","13:height":"25","13:period":"2","13:range":"22","13:sector_end":"283","13:sector_start":"256","14:character":"Iso","14:colour":"red","14:height":"25","14:period":"2","14:range":"17","14:sector_end":"317","14:sector_start":"283","15:character":"Iso","15:colour":"green","15:height":"25","15:period":"2","15:range":"17","15:sector_end":"350","15:sector_start":"317","16:character":"Iso","16:colour":"red","16:height":"25","16:period":"2","16:range":"17","16:sector_end":"25","16:sector_start":"350","1:character":"Iso","1:colour":"green","1:height":"25","1:period":"2","1:range":"17","1:sector_end":"36","1:sector_start":"25","2:character":"Iso","2:colour":"white","2:height":"25","2:period":"2","2:range":"22","2:sector_end":"39","2:sector_start":"36","3:character":"Iso","3:colour":"red","3:height":"25","3:period":"2","3:range":"17","3:sector_end":"62","3:sector_start":"39","4:character":"Iso","4:colour":"green","4:height":"25","4:period":"2","4:range":"17","4:sector_end":"74","4:sector_start":"62","5:character":"Iso","5:colour":"white","5:height":"25","5:period":"2","5:range":"22","5:sector_end":"77","5:sector_start":"74","6:character":"Iso","6:colour":"red","6:height":"25","6:period":"2","6:range":"17","6:sector_end":"105","6:sector_start":"77","7:character":"Iso","7:colour":"green","7:height":"25","7:period":"2","7:range":"17","7:sector_end":"118","7:sector_start":"105","8:character":"Iso","8:colour":"red","8:height":"25","8:period":"2","8:range":"17","8:sector_end":"141","8:sector_start":"118","9:character":"Iso","9:colour":"green","9:height":"25","9:period":"2","9:range":"17","9:sector_end":"205","9:sector_start":"141","reference":"C 1478"},"radar_transponder":{"category":"racon","group":"N","period":"40","range":"20","sector_end":"280","sector_start":"20"}},"osm_tags":{"man_made":"lighthouse","seamark:light:10:character":"Iso","seamark:light:10:colour":"white","seamark:light:10:height":"25","seamark:light:10:period":"2","seamark:light:10:range":"22","seamark:light:10:sector_end":"212","seamark:light:10:sector_start":"205","seamark:light:11:character":"Iso","seamark:light:11:colour":"red","seamark:light:11:height":"25","seamark:light:11:period":"2","seamark:light:11:range":"17","seamark:light:11:sector_end":"235","seamark:light:11:sector_start":"212","seamark:light:12:character":"Iso","seamark:light:12:colour":"green","seamark:light:12:height":"25","seamark:light:12:period":"2","seamark:light:12:range":"17","seamark:light:12:sector_end":"256","seamark:light:12:sector_start":"235","seamark:light:13:character":"Iso","seamark:light:13:colour":"white","seamark:light:13:height":"25","seamark:light:13:period":"2","seamark:light:13:range":"22","seamark:light:13:sector_end":"283","seamark:light:13:sector_start":"256","seamark:light:14:character":"Iso","seamark:light:14:colour":"red","seamark:light:14:height":"25","seamark:light:14:period":"2","seamark:light:14:range":"17","seamark:light:14:sector_end":"317","seamark:light:14:sector_start":"283","seamark:light:15:character":"Iso","seamark:light:15:colour":"green","seamark:light:15:height":"25","seamark:light:15:period":"2","seamark:light:15:range":"17","seamark:light:15:sector_end":"350","seamark:light:15:sector_start":"317","seamark:light:16:character":"Iso","seamark:light:16:colour":"red","seamark:light:16:height":"25","seamark:light:16:period":"2","seamark:light:16:range":"17","seamark:light:16:sector_end":"25","seamark:light:16:sector_start":"350","seamark:light:1:character":"Iso","seamark:light:1:colour":"green","seamark:light:1:height":"25","seamark:light:1:period":"2","seamark:light:1:range":"17","seamark:light:1:sector_end":"36","seamark:light:1:sector_start":"25","seamark:light:2:character":"Iso","seamark:light:2:colour":"white","seamark:light:2:height":"25","seamark:light:2:period":"2","seamark:light:2:range":"22","seamark:light:2:sector_end":"39","seamark:light:2:sector_start":"36","seamark:light:3:character":"Iso","seamark:light:3:colour":"red","seamark:light:3:height":"25","seamark:light:3:period":"2","seamark:light:3:range":"17","seamark:light:3:sector_end":"62","seamark:light:3:sector_start":"39","seamark:light:4:character":"Iso","seamark:light:4:colour":"green","seamark:light:4:height":"25","seamark:light:4:period":"2","seamark:light:4:range":"17","seamark:light:4:sector_end":"74","seamark:light:4:sector_start":"62","seamark:light:5:character":"Iso","seamark:light:5:colour":"white","seamark:light:5:height":"25","seamark:light:5:period":"2","seamark:light:5:range":"22","seamark:light:5:sector_end":"77","seamark:light:5:sector_start":"74","seamark:light:6:character":"Iso","seamark:light:6:colour":"red","seamark:light:6:height":"25","seamark:light:6:period":"2","seamark:light:6:range":"17","seamark:light:6:sector_end":"105","seamark:light:6:sector_start":"77","seamark:light:7:character":"Iso","seamark:light:7:colour":"green","seamark:light:7:height":"25","seamark:light:7:period":"2","seamark:light:7:range":"17","seamark:light:7:sector_end":"118","seamark:light:7:sector_start":"105","seamark:light:8:character":"Iso","seamark:light:8:colour":"red","seamark:light:8:height":"25","seamark:light:8:period":"2","seamark:light:8:range":"17","seamark:light:8:sector_end":"141","seamark:light:8:sector_start":"118","seamark:light:9:character":"Iso","seamark:light:9:colour":"green","seamark:light:9:height":"25","seamark:light:9:period":"2","seamark:light:9:range":"17","seamark:light:9:sector_end":"205","seamark:light:9:sector_start":"141","seamark:light:reference":"C 1478","seamark:name":"Sjællands Rev N","seamark:radar_transponder:category":"racon","seamark:radar_transponder:group":"N","seamark:radar_transponder:period":"40","seamark:radar_transponder:range":"20","seamark:radar_transponder:sector_end":"280","seamark:radar_transponder:sector_start":"20","seamark:type":"light_major"}}},{"type":"Feature","geometry":{"type":"Point","coordinates":[11.2216333,56.0701667]},"properties":{"osm_id":8665921824,"osm_type":"node","seamark_type":"beacon_special_purpose","display_class":"BEACON","min_zoom":9,"importance":4,"name":null,"ref":null,"common":{"type":"beacon_special_purpose"},"children":{"beacon_special_purpose":{"colour":"black"}},"osm_tags":{"seamark:beacon_special_purpose:colour":"black","seamark:type":"beacon_special_purpose"}}},{"type":"Feature","geometry":{"type":"Point","coordinates":[11.215,56.0793333]},"properties":{"osm_id":4107839499,"osm_type":"node","seamark_type":"beacon_special_purpose","display_class":"BEACON","min_zoom":9,"importance":4,"name":"Sjællands Rev","ref":null,"common":{"name":"Sjællands Rev","type":"beacon_special_purpose"},"children":{"beacon_special_purpose":{"colour":"red"},"light":{"1:character":"Fl","1:colour":"white","1:height":"6","1:period":"5","1:range":"7.5","1:sector_end":"360","1:sector_start":"0","reference":"C 1476"}},"osm_tags":{"seamark:beacon_special_purpose:colour":"red","seamark:light:1:character":"Fl","seamark:light:1:colour":"white","seamark:light:1:height":"6","seamark:light:1:period":"5","seamark:light:1:range":"7.5","seamark:light:1:sector_end":"360","seamark:light:1:sector_start":"0","seamark:light:reference":"C 1476","seamark:name":"Sjællands Rev","seamark:type":"beacon_special_purpose","source":"US NGA Pub. 116. 2011-07-07./Dansk Fyrlista 2020"}}},{"type":"Feature","geometry":{"type":"Point","coordinates":[11.0203833,56.06745]},"properties":{"osm_id":1523919444,"osm_type":"node","seamark_type":"beacon_lateral","display_class":"BEACON","min_zoom":9,"importance":4,"name":"Yderflak","ref":null,"common":{"construction":"metal","name":"Yderflak","type":"beacon_lateral"},"children":{"beacon_lateral":{"category":"starboard","colour":"green","height":"8","shape":"tower","system":"iala-a"},"light":{"character":"Fl","colour":"green","height":"10","period":"3","range":"8","reference":"C 1480","sequence":"0.8+(2.2)"}},"osm_tags":{"seamark:beacon_lateral:category":"starboard","seamark:beacon_lateral:colour":"green","seamark:beacon_lateral:height":"8","seamark:beacon_lateral:shape":"tower","seamark:beacon_lateral:system":"iala-a","seamark:construction":"metal","seamark:light:character":"Fl","seamark:light:colour":"green","seamark:light:height":"10","seamark:light:period":"3","seamark:light:range":"8","seamark:light:reference":"C 1480","seamark:light:sequence":"0.8+(2.2)","seamark:name":"Yderflak","seamark:type":"beacon_lateral","source":"Dansk Fyrliste 2020"}}},{"type":"Feature","geometry":{"type":"Point","coordinates":[11.5156195,56.71644]},"properties":{"osm_id":1118387359,"osm_type":"node","seamark_type":"landmark","display_class":"OTHER","min_zoom":12,"importance":1,"name":null,"ref":null,"common":{"type":"landmark"},"children":{"landmark":{"category":"mast","function":"television"}},"osm_tags":{"communication:mobile_phone":"yes","man_made":"mast","seamark:landmark:category":"mast","seamark:landmark:function":"television","seamark:type":"landmark","source":"Fugro (2005)","tower:construction":"lattice","tower:type":"communication"}}},{"type":"Feature","geometry":{"type":"Point","coordinates":[11.5154255,56.7146642]},"properties":{"osm_id":1125462965,"osm_type":"node","seamark_type":"small_craft_facility","display_class":"OTHER","min_zoom":12,"importance":1,"name":null,"ref":null,"common":{"type":"small_craft_facility"},"children":{"small_craft_facility":{"category":"toilets;showers"}},"osm_tags":{"amenity":"toilets","check_date":"2024-08-15","fee":"yes","female":"yes","male":"yes","seamark:small_craft_facility:category":"toilets;showers","seamark:type":"small_craft_facility","shower":"yes","wheelchair":"no"}}},{"type":"Feature","geometry":{"type":"Point","coordinates":[11.5106167,56.7158]},"properties":{"osm_id":1535671774,"osm_type":"node","seamark_type":"light_minor","display_class":"OTHER","min_zoom":12,"importance":1,"name":null,"ref":null,"common":{"type":"light_minor"},"children":{"light":{"1:character":"F","1:colour":"red","1:height":"6","1:sector_end":"99","1:sector_start":"254","reference":"C 0170"}},"osm_tags":{"seamark:light:1:character":"F","seamark:light:1:colour":"red","seamark:light:1:height":"6","seamark:light:1:sector_end":"99","seamark:light:1:sector_start":"254","seamark:light:reference":"C 0170","seamark:type":"light_minor","source":"US NGA Pub. 116. 2011-07-07."}}},{"type":"Feature","geometry":{"type":"Point","coordinates":[11.5096833,56.7155667]},"properties":{"osm_id":1535671943,"osm_type":"node","seamark_type":"light_minor","display_class":"OTHER","min_zoom":12,"importance":1,"name":null,"ref":null,"common":{"type":"light_minor"},"children":{"light":{"1:character":"F","1:colour":"green","1:height":"6","1:sector_end":"302","1:sector_start":"354","reference":"C 0172"}},"osm_tags":{"seamark:light:1:character":"F","seamark:light:1:colour":"green","seamark:light:1:height":"6","seamark:light:1:sector_end":"302","seamark:light:1:sector_start":"354","seamark:light:reference":"C 0172","seamark:type":"light_minor","source":"US NGA Pub. 116. 2011-07-07."}}},{"type":"Feature","geometry":{"type":"Point","coordinates":[11.5082643,56.7141101]},"properties":{"osm_id":1535672072,"osm_type":"node","seamark_type":"light_minor","display_class":"OTHER","min_zoom":12,"importance":1,"name":null,"ref":null,"common":{"type":"light_minor"},"children":{"light":{"1:character":"F","1:colour":"green","1:height":"8","1:range":"4","1:sector_end":"260","1:sector_start":"345","reference":"C 0168"}},"osm_tags":{"seamark:light:1:character":"F","seamark:light:1:colour":"green","seamark:light:1:height":"8","seamark:light:1:range":"4","seamark:light:1:sector_end":"260","seamark:light:1:sector_start":"345","seamark:light:reference":"C 0168","seamark:type":"light_minor","source":"US NGA Pub. 116. 2011-07-07."}}},{"type":"Feature","geometry":{"type":"Point","coordinates":[11.1837592,56.5079441]},"properties":{"osm_id":2075935614,"osm_type":"node","seamark_type":"landmark","display_class":"OTHER","min_zoom":12,"importance":1,"name":null,"ref":null,"common":{"type":"landmark"},"children":{"landmark":{"category":"windmotor"},"light":{"character":"Fl","colour":"yellow","group":"3","period":"10"},"radar_transponder":{"category":"racon","group":"U","period":"3"}},"osm_tags":{"frequency":"50","generator:method":"wind_turbine","generator:output:electricity":"3.6 MW","generator:source":"wind","generator:type":"horizontal_axis","height":"141.6","height:hub":"81.6","manufacturer":"Siemens","manufacturer:wikidata":"Q820588","model":"SWT-3.6-120","note":"windpark","offshore":"yes","operator":"Ørsted","operator:wikidata":"Q1241260","power":"generator","rotor:diameter":"120","rotor:swept_area":"11300","seamark:landmark:category":"windmotor","seamark:light:character":"Fl","seamark:light:colour":"yellow","seamark:light:group":"3","seamark:light:period":"10","seamark:radar_transponder:category":"racon","seamark:radar_transponder:group":"U","seamark:radar_transponder:period":"3","seamark:type":"landmark","voltage":"690"}}},{"type":"Feature","geometry":{"type":"Point","coordinates":[11.1867768,56.5357859]},"properties":{"osm_id":2075935624,"osm_type":"node","seamark_type":"landmark","display_class":"OTHER","min_zoom":12,"importance":1,"name":null,"ref":null,"common":{"type":"landmark"},"children":{"landmark":{"category":"windmotor"}},"osm_tags":{"frequency":"50","generator:method":"wind_turbine","generator:output:electricity":"3.6 MW","generator:source":"wind","generator:type":"horizontal_axis","height":"141.6","height:hub":"81.6","manufacturer":"Siemens","manufacturer:wikidata":"Q820588","model":"SWT-3.6-120","note":"windpark","offshore":"yes","operator":"Ørsted","operator:wikidata":"Q1241260","power":"generator","rotor:diameter":"120","rotor:swept_area":"11300","seamark:landmark:category":"windmotor","seamark:type":"landmark","voltage":"690"}}},{"type":"Feature","geometry":{"type":"Point","coordinates":[11.1870125,56.5469432]},"properties":{"osm_id":2075935629,"osm_type":"node","seamark_type":"landmark","display_class":"OTHER","min_zoom":12,"importance":1,"name":null,"ref":null,"common":{"type":"landmark"},"children":{"landmark":{"category":"windmotor"}},"osm_tags":{"frequency":"50","generator:method":"wind_turbine","generator:output:electricity":"3.6 MW","generator:source":"wind","generator:type":"horizontal_axis","height":"141.6","height:hub":"81.6","manufacturer":"Siemens","manufacturer:wikidata":"Q820588","model":"SWT-3.6-120","note":"windpark","offshore":"yes","operator":"Ørsted","operator:wikidata":"Q1241260","power":"generator","rotor:diameter":"120","rotor:swept_area":"11300","seamark:landmark:category":"windmotor","seamark:type":"landmark","voltage":"690"}}},{"type":"Feature","geometry":{"type":"Point","coordinates":[11.1870308,56.5524855]},"properties":{"osm_id":2075935638,"osm_type":"node","seamark_type":"landmark","display_class":"OTHER","min_zoom":12,"importance":1,"name":null,"ref":null,"common":{"type":"landmark"},"children":{"landmark":{"category":"windmotor"},"light":{"character":"Fl","colour":"yellow","group":"3","period":"10"}},"osm_tags":{"frequency":"50","generator:method":"wind_turbine","generator:output:electricity":"3.6 MW","generator:source":"wind","generator:type":"horizontal_axis","height":"141.6","height:hub":"81.6","manufacturer":"Siemens","manufacturer:wikidata":"Q820588","model":"SWT-3.6-120","note":"windpark","offshore":"yes","operator":"Ørsted","operator:wikidata":"Q1241260","power":"generator","rotor:diameter":"120","rotor:swept_area":"11300","seamark:landmark:category":"windmotor","seamark:light:character":"Fl","seamark:light:colour":"yellow","seamark:light:group":"3","seamark:light:period":"10","seamark:type":"landmark","voltage":"690"}}},{"type":"Feature","geometry":{"type":"Point","coordinates":[11.1845723,56.5134796]},"properties":{"osm_id":2639962092,"osm_type":"node","seamark_type":"landmark","display_class":"OTHER","min_zoom":12,"importance":1,"name":null,"ref":null,"common":{"type":"landmark"},"children":{"landmark":{"category":"windmotor"}},"osm_tags":{"frequency":"50","generator:method":"wind_turbine","generator:output:electricity":"3.6 MW","generator:source":"wind","generator:type":"horizontal_axis","height":"141.6","height:hub":"81.6","manufacturer":"Siemens","manufacturer:wikidata":"Q820588","model":"SWT-3.6-120","note":"position only approximate","offshore":"yes","operator":"Ørsted","operator:wikidata":"Q1241260","power":"generator","rotor:diameter":"120","rotor:swept_area":"11300","seamark:landmark:category":"windmotor","seamark:type":"landmark","voltage":"690"}}},{"type":"Feature","geometry":{"type":"Point","coordinates":[11.2037719,56.5172771]},"properties":{"osm_id":2639962100,"osm_type":"node","seamark_type":"landmark","display_class":"OTHER","min_zoom":12,"importance":1,"name":null,"ref":null,"common":{"type":"landmark"},"children":{"landmark":{"category":"windmotor"}},"osm_tags":{"frequency":"50","generator:method":"wind_turbine","generator:output:electricity":"3.6 MW","generator:source":"wind","generator:type":"horizontal_axis","height":"141.6","height:hub":"81.6","manufacturer":"Siemens","manufacturer:wikidata":"Q820588","model":"SWT-3.6-120","note":"position only approximate","offshore":"yes","operator":"Ørsted","operator:wikidata":"Q1241260","power":"generator","rotor:diameter":"120","rotor:swept_area":"11300","seamark:landmark:category":"windmotor","seamark:type":"landmark","voltage":"690"}}},{"type":"Feature","geometry":{"type":"Point","coordinates":[11.1854605,56.5189573]},"properties":{"osm_id":2639962106,"osm_type":"node","seamark_type":"landmark","display_class":"OTHER","min_zoom":12,"importance":1,"name":null,"ref":null,"common":{"type":"landmark"},"children":{"landmark":{"category":"windmotor"}},"osm_tags":{"frequency":"50","generator:method":"wind_turbine","generator:output:electricity":"3.6 MW","generator:source":"wind","generator:type":"horizontal_axis","height":"141.6","height:hub":"81.6","manufacturer":"Siemens","manufacturer:wikidata":"Q820588","model":"SWT-3.6-120","note":"position only approximate","offshore":"yes","operator":"Ørsted","operator:wikidata":"Q1241260","power":"generator","rotor:diameter":"120","rotor:swept_area":"11300","seamark:landmark:category":"windmotor","seamark:type":"landmark","voltage":"690"}}},{"type":"Feature","geometry":{"type":"Point","coordinates":[11.2134883,56.5218141]},"properties":{"osm_id":2639962116,"osm_type":"node","seamark_type":"landmark","display_class":"OTHER","min_zoom":12,"importance":1,"name":null,"ref":null,"common":{"type":"landmark"},"children":{"landmark":{"category":"windmotor"}},"osm_tags":{"frequency":"50","generator:method":"wind_turbine","generator:output:electricity":"3.6 MW","generator:source":"wind","generator:type":"horizontal_axis","height":"141.6","height:hub":"81.6","manufacturer":"Siemens","manufacturer:wikidata":"Q820588","model":"SWT-3.6-120","note":"position only approximate","offshore":"yes","operator":"Ørsted","operator:wikidata":"Q1241260","power":"generator","rotor:diameter":"120","rotor:swept_area":"11300","seamark:landmark:category":"windmotor","seamark:type":"landmark","voltage":"690"}}},{"type":"Feature","geometry":{"type":"Point","coordinates":[11.1860348,56.5246072]},"properties":{"osm_id":2639962127,"osm_type":"node","seamark_type":"landmark","display_class":"OTHER","min_zoom":12,"importance":1,"name":null,"ref":null,"common":{"type":"landmark"},"children":{"landmark":{"category":"windmotor"}},"osm_tags":{"frequency":"50","generator:method":"wind_turbine","generator:output:electricity":"3.6 MW","generator:source":"wind","generator:type":"horizontal_axis","height":"141.6","height:hub":"81.6","manufacturer":"Siemens","manufacturer:wikidata":"Q820588","model":"SWT-3.6-120","note":"position only approximate","offshore":"yes","operator":"Ørsted","operator:wikidata":"Q1241260","power":"generator","rotor:diameter":"120","rotor:swept_area":"11300","seamark:landmark:category":"windmotor","seamark:type":"landmark","voltage":"690"}}},{"type":"Feature","geometry":{"type":"Point","coordinates":[11.2235886,56.5265934]},"properties":{"osm_id":2639962133,"osm_type":"node","seamark_type":"landmark","display_class":"OTHER","min_zoom":12,"importance":1,"name":null,"ref":null,"common":{"type":"landmark"},"children":{"landmark":{"category":"windmotor"},"light":{"character":"Fl","colour":"yellow","group":"3","period":"10"}},"osm_tags":{"frequency":"50","generator:method":"wind_turbine","generator:output:electricity":"3.6 MW","generator:source":"wind","generator:type":"horizontal_axis","height":"141.6","height:hub":"81.6","manufacturer":"Siemens","manufacturer:wikidata":"Q820588","model":"SWT-3.6-120","note":"position only approximate","offshore":"yes","operator":"Ørsted","operator:wikidata":"Q1241260","power":"generator","rotor:diameter":"120","rotor:swept_area":"11300","seamark:landmark:category":"windmotor","seamark:light:character":"Fl","seamark:light:colour":"yellow","seamark:light:group":"3","seamark:light:period":"10","seamark:type":"landmark","voltage":"690"}}},{"type":"Feature","geometry":{"type":"Point","coordinates":[11.2139873,56.5298862]},"properties":{"osm_id":2639962138,"osm_type":"node","seamark_type":"landmark","display_class":"OTHER","min_zoom":12,"importance":1,"name":null,"ref":null,"common":{"type":"landmark"},"children":{"landmark":{"category":"windmotor"}},"osm_tags":{"frequency":"50","generator:method":"wind_turbine","generator:output:electricity":"3.6 MW","generator:source":"wind","generator:type":"horizontal_axis","height":"141.6","height:hub":"81.6","manufacturer":"Siemens","manufacturer:wikidata":"Q820588","model":"SWT-3.6-120","note":"position only approximate","offshore":"yes","operator":"Ørsted","operator:wikidata":"Q1241260","power":"generator","rotor:diameter":"120","rotor:swept_area":"11300","seamark:landmark:category":"windmotor","seamark:type":"landmark","voltage":"690"}}},{"type":"Feature","geometry":{"type":"Point","coordinates":[11.1864884,56.5301631]},"properties":{"osm_id":2639962141,"osm_type":"node","seamark_type":"landmark","display_class":"OTHER","min_zoom":12,"importance":1,"name":null,"ref":null,"common":{"type":"landmark"},"children":{"landmark":{"category":"windmotor"},"light":{"character":"Fl","colour":"yellow","group":"3","period":"10"}},"osm_tags":{"frequency":"50","generator:method":"wind_turbine","generator:output:electricity":"3.6 MW","generator:source":"wind","generator:type":"horizontal_axis","height":"141.6","height:hub":"81.6","manufacturer":"Siemens","manufacturer:wikidata":"Q820588","model":"SWT-3.6-120","note":"position only approximate","offshore":"yes","operator":"Ørsted","operator:wikidata":"Q1241260","power":"generator","rotor:diameter":"120","rotor:swept_area":"11300","seamark:landmark:category":"windmotor","seamark:light:character":"Fl","seamark:light:colour":"yellow","seamark:light:group":"3","seamark:light:period":"10","seamark:type":"landmark","voltage":"690"}}},{"type":"Feature","geometry":{"type":"Point","coordinates":[11.2336539,56.5313395]},"properties":{"osm_id":2639962142,"osm_type":"node","seamark_type":"landmark","display_class":"OTHER","min_zoom":12,"importance":1,"name":null,"ref":null,"common":{"type":"landmark"},"children":{"landmark":{"category":"windmotor"}},"osm_tags":{"frequency":"50","generator:method":"wind_turbine","generator:output:electricity":"3.6 MW","generator:source":"wind","generator:type":"horizontal_axis","height":"141.6","height:hub":"81.6","manufacturer":"Siemens","manufacturer:wikidata":"Q820588","model":"SWT-3.6-120","note":"position only approximate","offshore":"yes","operator":"Ørsted","operator:wikidata":"Q1241260","power":"generator","rotor:diameter":"120","rotor:swept_area":"11300","seamark:landmark:category":"windmotor","seamark:type":"landmark","voltage":"690"}}},{"type":"Feature","geometry":{"type":"Point","coordinates":[11.2435531,56.5359326]},"properties":{"osm_id":2639962143,"osm_type":"node","seamark_type":"landmark","display_class":"OTHER","min_zoom":12,"importance":1,"name":null,"ref":null,"common":{"type":"landmark"},"children":{"landmark":{"category":"windmotor"}},"osm_tags":{"frequency":"50","generator:method":"wind_turbine","generator:output:electricity":"3.6 MW","generator:source":"wind","generator:type":"horizontal_axis","height":"141.6","height:hub":"81.6","manufacturer":"Siemens","manufacturer:wikidata":"Q820588","model":"SWT-3.6-120","note":"position only approximate","offshore":"yes","operator":"Ørsted","operator:wikidata":"Q1241260","power":"generator","rotor:diameter":"120","rotor:swept_area":"11300","seamark:landmark:category":"windmotor","seamark:type":"landmark","voltage":"690"}}},{"type":"Feature","geometry":{"type":"Point","coordinates":[11.2140627,56.5377422]},"properties":{"osm_id":2639962144,"osm_type":"node","seamark_type":"landmark","display_class":"OTHER","min_zoom":12,"importance":1,"name":null,"ref":null,"common":{"type":"landmark"},"children":{"landmark":{"category":"windmotor"}},"osm_tags":{"frequency":"50","generator:method":"wind_turbine","generator:output:electricity":"3.6 MW","generator:source":"wind","generator:type":"horizontal_axis","height":"141.6","height:hub":"81.6","manufacturer":"Siemens","manufacturer:wikidata":"Q820588","model":"SWT-3.6-120","note":"position only approximate","offshore":"yes","operator":"Ørsted","operator:wikidata":"Q1241260","power":"generator","rotor:diameter":"120","rotor:swept_area":"11300","seamark:landmark:category":"windmotor","seamark:type":"landmark","voltage":"690"}}},{"type":"Feature","geometry":{"type":"Point","coordinates":[11.253519,56.5406878]},"properties":{"osm_id":2639962145,"osm_type":"node","seamark_type":"landmark","display_class":"OTHER","min_zoom":12,"importance":1,"name":null,"ref":null,"common":{"type":"landmark"},"children":{"landmark":{"category":"windmotor"},"light":{"character":"Fl","colour":"yellow","group":"3","period":"10"}},"osm_tags":{"frequency":"50","generator:method":"wind_turbine","generator:output:electricity":"3.6 MW","generator:source":"wind","generator:type":"horizontal_axis","height":"141.6","height:hub":"81.6","manufacturer":"Siemens","manufacturer:wikidata":"Q820588","model":"SWT-3.6-120","note":"position only approximate","offshore":"yes","operator":"Ørsted","operator:wikidata":"Q1241260","power":"generator","rotor:diameter":"120","rotor:swept_area":"11300","seamark:landmark:category":"windmotor","seamark:light:character":"Fl","seamark:light:colour":"yellow","seamark:light:group":"3","seamark:light:period":"10","seamark:type":"landmark","voltage":"690"}}},{"type":"Feature","geometry":{"type":"Point","coordinates":[11.1869794,56.541364]},"properties":{"osm_id":2639962146,"osm_type":"node","seamark_type":"landmark","display_class":"OTHER","min_zoom":12,"importance":1,"name":null,"ref":null,"common":{"type":"landmark"},"children":{"landmark":{"category":"windmotor"}},"osm_tags":{"frequency":"50","generator:method":"wind_turbine","generator:output:electricity":"3.6 MW","generator:source":"wind","generator:type":"horizontal_axis","height":"141.6","height:hub":"81.6","manufacturer":"Siemens","manufacturer:wikidata":"Q820588","model":"SWT-3.6-120","note":"position only approximate","offshore":"yes","operator":"Ørsted","operator:wikidata":"Q1241260","power":"generator","rotor:diameter":"120","rotor:swept_area":"11300","seamark:landmark:category":"windmotor","seamark:type":"landmark","voltage":"690"}}},{"type":"Feature","geometry":{"type":"Point","coordinates":[11.2409663,56.5444602]},"properties":{"osm_id":2639962147,"osm_type":"node","seamark_type":"landmark","display_class":"OTHER","min_zoom":12,"importance":1,"name":null,"ref":null,"common":{"type":"landmark"},"children":{"landmark":{"category":"windmotor"}},"osm_tags":{"frequency":"50","generator:method":"wind_turbine","generator:output:electricity":"3.6 MW","generator:source":"wind","generator:type":"horizontal_axis","height":"141.6","height:hub":"81.6","manufacturer":"Siemens","manufacturer:wikidata":"Q820588","model":"SWT-3.6-120","note":"position only approximate","offshore":"yes","operator":"Ørsted","operator:wikidata":"Q1241260","power":"generator","rotor:diameter":"120","rotor:swept_area":"11300","seamark:landmark:category":"windmotor","seamark:type":"landmark","voltage":"690"}}},{"type":"Feature","geometry":{"type":"Point","coordinates":[11.2635065,56.5453952]},"properties":{"osm_id":2639962148,"osm_type":"node","seamark_type":"landmark","display_class":"OTHER","min_zoom":12,"importance":1,"name":null,"ref":null,"common":{"type":"landmark"},"children":{"landmark":{"category":"windmotor"}},"osm_tags":{"frequency":"50","generator:method":"wind_turbine","generator:output:electricity":"3.6 MW","generator:source":"wind","generator:type":"horizontal_axis","height":"141.6","height:hub":"81.6","manufacturer":"Siemens","manufacturer:wikidata":"Q820588","model":"SWT-3.6-120","note":"position only approximate","offshore":"yes","operator":"Ørsted","operator:wikidata":"Q1241260","power":"generator","rotor:diameter":"120","rotor:swept_area":"11300","seamark:landmark:category":"windmotor","seamark:type":"landmark","voltage":"690"}}},{"type":"Feature","geometry":{"type":"Point","coordinates":[11.2136146,56.5456392]},"properties":{"osm_id":2639962149,"osm_type":"node","seamark_type":"landmark","display_class":"OTHER","min_zoom":12,"importance":1,"name":null,"ref":null,"common":{"type":"landmark"},"children":{"landmark":{"category":"windmotor"}},"osm_tags":{"frequency":"50","generator:method":"wind_turbine","generator:output:electricity":"3.6 MW","generator:source":"wind","generator:type":"horizontal_axis","height":"141.6","height:hub":"81.6","manufacturer":"Siemens","manufacturer:wikidata":"Q820588","model":"SWT-3.6-120","note":"position only approximate","offshore":"yes","operator":"Ørsted","operator:wikidata":"Q1241260","power":"generator","rotor:diameter":"120","rotor:swept_area":"11300","seamark:landmark:category":"windmotor","seamark:type":"landmark","voltage":"690"}}},{"type":"Feature","geometry":{"type":"Point","coordinates":[11.273388,56.5500618]},"properties":{"osm_id":2639962150,"osm_type":"node","seamark_type":"landmark","display_class":"OTHER","min_zoom":12,"importance":1,"name":null,"ref":null,"common":{"type":"landmark"},"children":{"landmark":{"category":"windmotor"}},"osm_tags":{"frequency":"50","generator:method":"wind_turbine","generator:output:electricity":"3.6 MW","generator:source":"wind","generator:type":"horizontal_axis","height":"141.6","height:hub":"81.6","manufacturer":"Siemens","manufacturer:wikidata":"Q820588","model":"SWT-3.6-120","note":"position only approximate","offshore":"yes","operator":"Ørsted","operator:wikidata":"Q1241260","power":"generator","rotor:diameter":"120","rotor:swept_area":"11300","seamark:landmark:category":"windmotor","seamark:type":"landmark","voltage":"690"}}},{"type":"Feature","geometry":{"type":"Point","coordinates":[11.2382534,56.5528308]},"properties":{"osm_id":2639962151,"osm_type":"node","seamark_type":"landmark","display_class":"OTHER","min_zoom":12,"importance":1,"name":null,"ref":null,"common":{"type":"landmark"},"children":{"landmark":{"category":"windmotor"}},"osm_tags":{"frequency":"50","generator:method":"wind_turbine","generator:output:electricity":"3.6 MW","generator:source":"wind","generator:type":"horizontal_axis","height":"141.6","height:hub":"81.6","manufacturer":"Siemens","manufacturer:wikidata":"Q820588","model":"SWT-3.6-120","note":"position only approximate","offshore":"yes","operator":"Ørsted","operator:wikidata":"Q1241260","power":"generator","rotor:diameter":"120","rotor:swept_area":"11300","seamark:landmark:category":"windmotor","seamark:type":"landmark","voltage":"690"}}},{"type":"Feature","geometry":{"type":"Point","coordinates":[11.2128821,56.5534446]},"properties":{"osm_id":2639962152,"osm_type":"node","seamark_type":"landmark","display_class":"OTHER","min_zoom":12,"importance":1,"name":null,"ref":null,"common":{"type":"landmark"},"children":{"landmark":{"category":"windmotor"}},"osm_tags":{"frequency":"50","generator:method":"wind_turbine","generator:output:electricity":"3.6 MW","generator:source":"wind","generator:type":"horizontal_axis","height":"141.6","height:hub":"81.6","manufacturer":"Siemens","manufacturer:wikidata":"Q820588","model":"SWT-3.6-120","note":"position only approximate","offshore":"yes","operator":"Ørsted","operator:wikidata":"Q1241260","power":"generator","rotor:diameter":"120","rotor:swept_area":"11300","seamark:landmark:category":"windmotor","seamark:type":"landmark","voltage":"690"}}},{"type":"Feature","geometry":{"type":"Point","coordinates":[11.2833648,56.5547563]},"properties":{"osm_id":2639962153,"osm_type":"node","seamark_type":"landmark","display_class":"OTHER","min_zoom":12,"importance":1,"name":null,"ref":null,"common":{"type":"landmark"},"children":{"landmark":{"category":"windmotor"},"light":{"character":"Fl","colour":"yellow","group":"3","period":"10"}},"osm_tags":{"frequency":"50","generator:method":"wind_turbine","generator:output:electricity":"3.6 MW","generator:source":"wind","generator:type":"horizontal_axis","height":"141.6","height:hub":"81.6","manufacturer":"Siemens","manufacturer:wikidata":"Q820588","model":"SWT-3.6-120","note":"position only approximate","offshore":"yes","operator":"Ørsted","operator:wikidata":"Q1241260","power":"generator","rotor:diameter":"120","rotor:swept_area":"11300","seamark:landmark:category":"windmotor","seamark:light:character":"Fl","seamark:light:colour":"yellow","seamark:light:group":"3","seamark:light:period":"10","seamark:type":"landmark","voltage":"690"}}},{"type":"Feature","geometry":{"type":"Point","coordinates":[11.2684526,56.5574694]},"properties":{"osm_id":2639962154,"osm_type":"node","seamark_type":"landmark","display_class":"OTHER","min_zoom":12,"importance":1,"name":null,"ref":null,"common":{"type":"landmark"},"children":{"landmark":{"category":"windmotor"}},"osm_tags":{"frequency":"50","generator:method":"wind_turbine","generator:output:electricity":"3.6 MW","generator:source":"wind","generator:type":"horizontal_axis","height":"141.6","height:hub":"81.6","manufacturer":"Siemens","manufacturer:wikidata":"Q820588","model":"SWT-3.6-120","note":"position only approximate","offshore":"yes","operator":"Ørsted","operator:wikidata":"Q1241260","power":"generator","rotor:diameter":"120","rotor:swept_area":"11300","seamark:landmark:category":"windmotor","seamark:type":"landmark","voltage":"690"}}},{"type":"Feature","geometry":{"type":"Point","coordinates":[11.186817,56.558061]},"properties":{"osm_id":2639962155,"osm_type":"node","seamark_type":"landmark","display_class":"OTHER","min_zoom":12,"importance":1,"name":null,"ref":null,"common":{"type":"landmark"},"children":{"landmark":{"category":"windmotor"}},"osm_tags":{"frequency":"50","generator:method":"wind_turbine","generator:output:electricity":"3.6 MW","generator:source":"wind","generator:type":"horizontal_axis","height":"141.6","height:hub":"81.6","manufacturer":"Siemens","manufacturer:wikidata":"Q820588","model":"SWT-3.6-120","note":"position only approximate","offshore":"yes","operator":"Ørsted","operator:wikidata":"Q1241260","power":"generator","rotor:diameter":"120","rotor:swept_area":"11300","seamark:landmark:category":"windmotor","seamark:type":"landmark","voltage":"690"}}},{"type":"Feature","geometry":{"type":"Point","coordinates":[11.2934008,56.5593785]},"properties":{"osm_id":2639962156,"osm_type":"node","seamark_type":"landmark","display_class":"OTHER","min_zoom":12,"importance":1,"name":null,"ref":null,"common":{"type":"landmark"},"children":{"landmark":{"category":"windmotor"}},"osm_tags":{"frequency":"50","generator:method":"wind_turbine","generator:output:electricity":"3.6 MW","generator:source":"wind","generator:type":"horizontal_axis","height":"141.6","height:hub":"81.6","manufacturer":"Siemens","manufacturer:wikidata":"Q820588","model":"SWT-3.6-120","note":"position only approximate","offshore":"yes","operator":"Ørsted","operator:wikidata":"Q1241260","power":"generator","rotor:diameter":"120","rotor:swept_area":"11300","seamark:landmark:category":"windmotor","seamark:type":"landmark","voltage":"690"}}},{"type":"Feature","geometry":{"type":"Point","coordinates":[11.2352157,56.5611522]},"properties":{"osm_id":2639962157,"osm_type":"node","seamark_type":"landmark","display_class":"OTHER","min_zoom":12,"importance":1,"name":null,"ref":null,"common":{"type":"landmark"},"children":{"landmark":{"category":"windmotor"}},"osm_tags":{"frequency":"50","generator:method":"wind_turbine","generator:output:electricity":"3.6 MW","generator:source":"wind","generator:type":"horizontal_axis","height":"141.6","height:hub":"81.6","manufacturer":"Siemens","manufacturer:wikidata":"Q820588","model":"SWT-3.6-120","note":"position only approximate","offshore":"yes","operator":"Ørsted","operator:wikidata":"Q1241260","power":"generator","rotor:diameter":"120","rotor:swept_area":"11300","seamark:landmark:category":"windmotor","seamark:type":"landmark","voltage":"690"}}},{"type":"Feature","geometry":{"type":"Point","coordinates":[11.2116237,56.5613045]},"properties":{"osm_id":2639962158,"osm_type":"node","seamark_type":"landmark","display_class":"OTHER","min_zoom":12,"importance":1,"name":null,"ref":null,"common":{"type":"landmark"},"children":{"landmark":{"category":"windmotor"}},"osm_tags":{"frequency":"50","generator:method":"wind_turbine","generator:output:electricity":"3.6 MW","generator:source":"wind","generator:type":"horizontal_axis","height":"141.6","height:hub":"81.6","manufacturer":"Siemens","manufacturer:wikidata":"Q820588","model":"SWT-3.6-120","note":"position only approximate","offshore":"yes","operator":"Ørsted","operator:wikidata":"Q1241260","power":"generator","rotor:diameter":"120","rotor:swept_area":"11300","seamark:landmark:category":"windmotor","seamark:type":"landmark","voltage":"690"}}},{"type":"Feature","geometry":{"type":"Point","coordinates":[11.3033277,56.5640476]},"properties":{"osm_id":2639962159,"osm_type":"node","seamark_type":"landmark","display_class":"OTHER","min_zoom":12,"importance":1,"name":null,"ref":null,"common":{"type":"landmark"},"children":{"landmark":{"category":"windmotor"}},"osm_tags":{"frequency":"50","generator:method":"wind_turbine","generator:output:electricity":"3.6 MW","generator:source":"wind","generator:type":"horizontal_axis","height":"141.6","height:hub":"81.6","manufacturer":"Siemens","manufacturer:wikidata":"Q820588","model":"SWT-3.6-120","note":"position only approximate","offshore":"yes","operator":"Ørsted","operator:wikidata":"Q1241260","power":"generator","rotor:diameter":"120","rotor:swept_area":"11300","seamark:landmark:category":"windmotor","seamark:type":"landmark","voltage":"690"}}},{"type":"Feature","geometry":{"type":"Point","coordinates":[11.1864111,56.5646841]},"properties":{"osm_id":2639962160,"osm_type":"node","seamark_type":"landmark","display_class":"OTHER","min_zoom":12,"importance":1,"name":null,"ref":null,"common":{"type":"landmark"},"children":{"landmark":{"category":"windmotor"}},"osm_tags":{"frequency":"50","generator:method":"wind_turbine","generator:output:electricity":"3.6 MW","generator:source":"wind","generator:type":"horizontal_axis","height":"141.6","height:hub":"81.6","manufacturer":"Siemens","manufacturer:wikidata":"Q820588","model":"SWT-3.6-120","note":"position only approximate","offshore":"yes","operator":"Ørsted","operator:wikidata":"Q1241260","power":"generator","rotor:diameter":"120","rotor:swept_area":"11300","seamark:landmark:category":"windmotor","seamark:type":"landmark","voltage":"690"}}},{"type":"Feature","geometry":{"type":"Point","coordinates":[11.2635217,56.5648711]},"properties":{"osm_id":2639962161,"osm_type":"node","seamark_type":"landmark","display_class":"OTHER","min_zoom":12,"importance":1,"name":null,"ref":null,"common":{"type":"landmark"},"children":{"landmark":{"category":"windmotor"}},"osm_tags":{"frequency":"50","generator:method":"wind_turbine","generator:output:electricity":"3.6 MW","generator:source":"wind","generator:type":"horizontal_axis","height":"141.6","height:hub":"81.6","manufacturer":"Siemens","manufacturer:wikidata":"Q820588","model":"SWT-3.6-120","note":"position only approximate","offshore":"yes","operator":"Ørsted","operator:wikidata":"Q1241260","power":"generator","rotor:diameter":"120","rotor:swept_area":"11300","seamark:landmark:category":"windmotor","seamark:type":"landmark","voltage":"690"}}},{"type":"Feature","geometry":{"type":"Point","coordinates":[11.2900042,56.5675659]},"properties":{"osm_id":2639962162,"osm_type":"node","seamark_type":"landmark","display_class":"OTHER","min_zoom":12,"importance":1,"name":null,"ref":null,"common":{"type":"landmark"},"children":{"landmark":{"category":"windmotor"}},"osm_tags":{"frequency":"50","generator:method":"wind_turbine","generator:output:electricity":"3.6 MW","generator:source":"wind","generator:type":"horizontal_axis","height":"141.6","height:hub":"81.6","manufacturer":"Siemens","manufacturer:wikidata":"Q820588","model":"SWT-3.6-120","note":"position only approximate","offshore":"yes","operator":"Ørsted","operator:wikidata":"Q1241260","power":"generator","rotor:diameter":"120","rotor:swept_area":"11300","seamark:landmark:category":"windmotor","seamark:type":"landmark","voltage":"690"}}},{"type":"Feature","geometry":{"type":"Point","coordinates":[11.3130142,56.5686594]},"properties":{"osm_id":2639962163,"osm_type":"node","seamark_type":"landmark","display_class":"OTHER","min_zoom":12,"importance":1,"name":null,"ref":null,"common":{"type":"landmark"},"children":{"landmark":{"category":"windmotor"}},"osm_tags":{"frequency":"50","generator:method":"wind_turbine","generator:output:electricity":"3.6 MW","generator:source":"wind","generator:type":"horizontal_axis","height":"141.6","height:hub":"81.6","manufacturer":"Siemens","manufacturer:wikidata":"Q820588","model":"SWT-3.6-120","note":"position only approximate","offshore":"yes","operator":"Ørsted","operator:wikidata":"Q1241260","power":"generator","rotor:diameter":"120","rotor:swept_area":"11300","seamark:landmark:category":"windmotor","seamark:type":"landmark","voltage":"690"}}},{"type":"Feature","geometry":{"type":"Point","coordinates":[11.210105,56.5691412]},"properties":{"osm_id":2639962164,"osm_type":"node","seamark_type":"landmark","display_class":"OTHER","min_zoom":12,"importance":1,"name":null,"ref":null,"common":{"type":"landmark"},"children":{"landmark":{"category":"windmotor"}},"osm_tags":{"frequency":"50","generator:method":"wind_turbine","generator:output:electricity":"3.6 MW","generator:source":"wind","generator:type":"horizontal_axis","height":"141.6","height:hub":"81.6","manufacturer":"Siemens","manufacturer:wikidata":"Q820588","model":"SWT-3.6-120","note":"position only approximate","offshore":"yes","operator":"Ørsted","operator:wikidata":"Q1241260","power":"generator","rotor:diameter":"120","rotor:swept_area":"11300","seamark:landmark:category":"windmotor","seamark:type":"landmark","voltage":"690"}}},{"type":"Feature","geometry":{"type":"Point","coordinates":[11.2321136,56.5695416]},"properties":{"osm_id":2639962165,"osm_type":"node","seamark_type":"landmark","display_class":"OTHER","min_zoom":12,"importance":1,"name":null,"ref":null,"common":{"type":"landmark"},"children":{"landmark":{"category":"windmotor"}},"osm_tags":{"frequency":"50","generator:method":"wind_turbine","generator:output:electricity":"3.6 MW","generator:source":"wind","generator:type":"horizontal_axis","height":"141.6","height:hub":"81.6","manufacturer":"Siemens","manufacturer:wikidata":"Q820588","model":"SWT-3.6-120","note":"position only approximate","offshore":"yes","operator":"Ørsted","operator:wikidata":"Q1241260","power":"generator","rotor:diameter":"120","rotor:swept_area":"11300","seamark:landmark:category":"windmotor","seamark:type":"landmark","voltage":"690"}}},{"type":"Feature","geometry":{"type":"Point","coordinates":[11.1855778,56.5713162]},"properties":{"osm_id":2639962166,"osm_type":"node","seamark_type":"landmark","display_class":"OTHER","min_zoom":12,"importance":1,"name":null,"ref":null,"common":{"type":"landmark"},"children":{"landmark":{"category":"windmotor"}},"osm_tags":{"frequency":"50","generator:method":"wind_turbine","generator:output:electricity":"3.6 MW","generator:source":"wind","generator:type":"horizontal_axis","height":"141.6","height:hub":"81.6","manufacturer":"Siemens","manufacturer:wikidata":"Q820588","model":"SWT-3.6-120","note":"position only approximate","offshore":"yes","operator":"Ørsted","operator:wikidata":"Q1241260","power":"generator","rotor:diameter":"120","rotor:swept_area":"11300","seamark:landmark:category":"windmotor","seamark:type":"landmark","voltage":"690"}}},{"type":"Feature","geometry":{"type":"Point","coordinates":[11.258492,56.5722625]},"properties":{"osm_id":2639962167,"osm_type":"node","seamark_type":"landmark","display_class":"OTHER","min_zoom":12,"importance":1,"name":null,"ref":null,"common":{"type":"landmark"},"children":{"landmark":{"category":"windmotor"}},"osm_tags":{"frequency":"50","generator:method":"wind_turbine","generator:output:electricity":"3.6 MW","generator:source":"wind","generator:type":"horizontal_axis","height":"141.6","height:hub":"81.6","manufacturer":"Siemens","manufacturer:wikidata":"Q820588","model":"SWT-3.6-120","note":"position only approximate","offshore":"yes","operator":"Ørsted","operator:wikidata":"Q1241260","power":"generator","rotor:diameter":"120","rotor:swept_area":"11300","seamark:landmark:category":"windmotor","seamark:type":"landmark","voltage":"690"}}},{"type":"Feature","geometry":{"type":"Point","coordinates":[11.3231333,56.5733987]},"properties":{"osm_id":2639962168,"osm_type":"node","seamark_type":"landmark","display_class":"OTHER","min_zoom":12,"importance":1,"name":null,"ref":null,"common":{"type":"landmark"},"children":{"landmark":{"category":"windmotor"},"light":{"character":"Fl","colour":"yellow","group":"3","period":"10"}},"osm_tags":{"frequency":"50","generator:method":"wind_turbine","generator:output:electricity":"3.6 MW","generator:source":"wind","generator:type":"horizontal_axis","height":"141.6","height:hub":"81.6","manufacturer":"Siemens","manufacturer:wikidata":"Q820588","model":"SWT-3.6-120","note":"position only approximate","offshore":"yes","operator":"Ørsted","operator:wikidata":"Q1241260","power":"generator","rotor:diameter":"120","rotor:swept_area":"11300","seamark:landmark:category":"windmotor","seamark:light:character":"Fl","seamark:light:colour":"yellow","seamark:light:group":"3","seamark:light:period":"10","seamark:type":"landmark","voltage":"690"}}},{"type":"Feature","geometry":{"type":"Point","coordinates":[11.2818502,56.5736332]},"properties":{"osm_id":2639962169,"osm_type":"node","seamark_type":"landmark","display_class":"OTHER","min_zoom":12,"importance":1,"name":null,"ref":null,"common":{"type":"landmark"},"children":{"landmark":{"category":"windmotor"}},"osm_tags":{"frequency":"50","generator:method":"wind_turbine","generator:output:electricity":"3.6 MW","generator:source":"wind","generator:type":"horizontal_axis","height":"141.6","height:hub":"81.6","manufacturer":"Siemens","manufacturer:wikidata":"Q820588","model":"SWT-3.6-120","note":"position only approximate","offshore":"yes","operator":"Ørsted","operator:wikidata":"Q1241260","power":"generator","rotor:diameter":"120","rotor:swept_area":"11300","seamark:landmark:category":"windmotor","seamark:type":"landmark","voltage":"690"}}},{"type":"Feature","geometry":{"type":"Point","coordinates":[11.3142551,56.5771604]},"properties":{"osm_id":2639962170,"osm_type":"node","seamark_type":"landmark","display_class":"OTHER","min_zoom":12,"importance":1,"name":null,"ref":null,"common":{"type":"landmark"},"children":{"landmark":{"category":"windmotor"}},"osm_tags":{"frequency":"50","generator:method":"wind_turbine","generator:output:electricity":"3.6 MW","generator:source":"wind","generator:type":"horizontal_axis","height":"141.6","height:hub":"81.6","manufacturer":"Siemens","manufacturer:wikidata":"Q820588","model":"SWT-3.6-120","note":"position only approximate","offshore":"yes","operator":"Ørsted","operator:wikidata":"Q1241260","power":"generator","rotor:diameter":"120","rotor:swept_area":"11300","seamark:landmark:category":"windmotor","seamark:type":"landmark","voltage":"690"}}},{"type":"Feature","geometry":{"type":"Point","coordinates":[11.2286768,56.5778193]},"properties":{"osm_id":2639962171,"osm_type":"node","seamark_type":"landmark","display_class":"OTHER","min_zoom":12,"importance":1,"name":null,"ref":null,"common":{"type":"landmark"},"children":{"landmark":{"category":"windmotor"}},"osm_tags":{"frequency":"50","generator:method":"wind_turbine","generator:output:electricity":"3.6 MW","generator:source":"wind","generator:type":"horizontal_axis","height":"141.6","height:hub":"81.6","manufacturer":"Siemens","manufacturer:wikidata":"Q820588","model":"SWT-3.6-120","note":"position only approximate","offshore":"yes","operator":"Ørsted","operator:wikidata":"Q1241260","power":"generator","rotor:diameter":"120","rotor:swept_area":"11300","seamark:landmark:category":"windmotor","seamark:type":"landmark","voltage":"690"}}},{"type":"Feature","geometry":{"type":"Point","coordinates":[11.1848313,56.5778656]},"properties":{"osm_id":2639962172,"osm_type":"node","seamark_type":"landmark","display_class":"OTHER","min_zoom":12,"importance":1,"name":null,"ref":null,"common":{"type":"landmark"},"children":{"landmark":{"category":"windmotor"},"light":{"character":"Fl","colour":"yellow","group":"3","period":"10"}},"osm_tags":{"frequency":"50","generator:method":"wind_turbine","generator:output:electricity":"3.6 MW","generator:source":"wind","generator:type":"horizontal_axis","height":"141.6","height:hub":"81.6","manufacturer":"Siemens","manufacturer:wikidata":"Q820588","model":"SWT-3.6-120","note":"position only approximate","offshore":"yes","operator":"Ørsted","operator:wikidata":"Q1241260","power":"generator","rotor:diameter":"120","rotor:swept_area":"11300","seamark:landmark:category":"windmotor","seamark:light:character":"Fl","seamark:light:colour":"yellow","seamark:light:group":"3","seamark:light:period":"10","seamark:type":"landmark","voltage":"690"}}},{"type":"Feature","geometry":{"type":"Point","coordinates":[11.2534997,56.5796201]},"properties":{"osm_id":2639962173,"osm_type":"node","seamark_type":"landmark","display_class":"OTHER","min_zoom":12,"importance":1,"name":null,"ref":null,"common":{"type":"landmark"},"children":{"landmark":{"category":"windmotor"}},"osm_tags":{"frequency":"50","generator:method":"wind_turbine","generator:output:electricity":"3.6 MW","generator:source":"wind","generator:type":"horizontal_axis","height":"141.6","height:hub":"81.6","manufacturer":"Siemens","manufacturer:wikidata":"Q820588","model":"SWT-3.6-120","note":"position only approximate","offshore":"yes","operator":"Ørsted","operator:wikidata":"Q1241260","power":"generator","rotor:diameter":"120","rotor:swept_area":"11300","seamark:landmark:category":"windmotor","seamark:type":"landmark","voltage":"690"}}},{"type":"Feature","geometry":{"type":"Point","coordinates":[11.2744016,56.5798773]},"properties":{"osm_id":2639962174,"osm_type":"node","seamark_type":"landmark","display_class":"OTHER","min_zoom":12,"importance":1,"name":null,"ref":null,"common":{"type":"landmark"},"children":{"landmark":{"category":"windmotor"}},"osm_tags":{"frequency":"50","generator:method":"wind_turbine","generator:output:electricity":"3.6 MW","generator:source":"wind","generator:type":"horizontal_axis","height":"141.6","height:hub":"81.6","manufacturer":"Siemens","manufacturer:wikidata":"Q820588","model":"SWT-3.6-120","note":"position only approximate","offshore":"yes","operator":"Ørsted","operator:wikidata":"Q1241260","power":"generator","rotor:diameter":"120","rotor:swept_area":"11300","seamark:landmark:category":"windmotor","seamark:type":"landmark","voltage":"690"}}},{"type":"Feature","geometry":{"type":"Point","coordinates":[11.3052679,56.5810882]},"properties":{"osm_id":2639962175,"osm_type":"node","seamark_type":"landmark","display_class":"OTHER","min_zoom":12,"importance":1,"name":null,"ref":null,"common":{"type":"landmark"},"children":{"landmark":{"category":"windmotor"}},"osm_tags":{"frequency":"50","generator:method":"wind_turbine","generator:output:electricity":"3.6 MW","generator:source":"wind","generator:type":"horizontal_axis","height":"141.6","height:hub":"81.6","manufacturer":"Siemens","manufacturer:wikidata":"Q820588","model":"SWT-3.6-120","note":"position only approximate","offshore":"yes","operator":"Ørsted","operator:wikidata":"Q1241260","power":"generator","rotor:diameter":"120","rotor:swept_area":"11300","seamark:landmark:category":"windmotor","seamark:type":"landmark","voltage":"690"}}},{"type":"Feature","geometry":{"type":"Point","coordinates":[11.1839551,56.5838268]},"properties":{"osm_id":2639962176,"osm_type":"node","seamark_type":"landmark","display_class":"OTHER","min_zoom":12,"importance":1,"name":null,"ref":null,"common":{"type":"landmark"},"children":{"landmark":{"category":"windmotor"}},"osm_tags":{"frequency":"50","generator:method":"wind_turbine","generator:output:electricity":"3.6 MW","generator:source":"wind","generator:type":"horizontal_axis","height":"141.6","height:hub":"81.6","manufacturer":"Siemens","manufacturer:wikidata":"Q820588","model":"SWT-3.6-120","note":"position only approximate","offshore":"yes","operator":"Ørsted","operator:wikidata":"Q1241260","power":"generator","rotor:diameter":"120","rotor:swept_area":"11300","seamark:landmark:category":"windmotor","seamark:type":"landmark","voltage":"690"}}},{"type":"Feature","geometry":{"type":"Point","coordinates":[11.2967921,56.5851898]},"properties":{"osm_id":2639962177,"osm_type":"node","seamark_type":"landmark","display_class":"OTHER","min_zoom":12,"importance":1,"name":null,"ref":null,"common":{"type":"landmark"},"children":{"landmark":{"category":"windmotor"}},"osm_tags":{"frequency":"50","generator:method":"wind_turbine","generator:output:electricity":"3.6 MW","generator:source":"wind","generator:type":"horizontal_axis","height":"141.6","height:hub":"81.6","manufacturer":"Siemens","manufacturer:wikidata":"Q820588","model":"SWT-3.6-120","note":"position only approximate","offshore":"yes","operator":"Ørsted","operator:wikidata":"Q1241260","power":"generator","rotor:diameter":"120","rotor:swept_area":"11300","seamark:landmark:category":"windmotor","seamark:type":"landmark","voltage":"690"}}},{"type":"Feature","geometry":{"type":"Point","coordinates":[11.225113,56.5856723]},"properties":{"osm_id":2639962178,"osm_type":"node","seamark_type":"landmark","display_class":"OTHER","min_zoom":12,"importance":1,"name":null,"ref":null,"common":{"type":"landmark"},"children":{"landmark":{"category":"windmotor"}},"osm_tags":{"frequency":"50","generator:method":"wind_turbine","generator:output:electricity":"3.6 MW","generator:source":"wind","generator:type":"horizontal_axis","height":"141.6","height:hub":"81.6","manufacturer":"Siemens","manufacturer:wikidata":"Q820588","model":"SWT-3.6-120","note":"position only approximate","offshore":"yes","operator":"Ørsted","operator:wikidata":"Q1241260","power":"generator","rotor:diameter":"120","rotor:swept_area":"11300","seamark:landmark:category":"windmotor","seamark:type":"landmark","voltage":"690"}}},{"type":"Feature","geometry":{"type":"Point","coordinates":[11.2671847,56.5862483]},"properties":{"osm_id":2639962179,"osm_type":"node","seamark_type":"landmark","display_class":"OTHER","min_zoom":12,"importance":1,"name":null,"ref":null,"common":{"type":"landmark"},"children":{"landmark":{"category":"windmotor"}},"osm_tags":{"frequency":"50","generator:method":"wind_turbine","generator:output:electricity":"3.6 MW","generator:source":"wind","generator:type":"horizontal_axis","height":"141.6","height:hub":"81.6","manufacturer":"Siemens","manufacturer:wikidata":"Q820588","model":"SWT-3.6-120","note":"position only approximate","offshore":"yes","operator":"Ørsted","operator:wikidata":"Q1241260","power":"generator","rotor:diameter":"120","rotor:swept_area":"11300","seamark:landmark:category":"windmotor","seamark:type":"landmark","voltage":"690"}}},{"type":"Feature","geometry":{"type":"Point","coordinates":[11.2054514,56.5867185]},"properties":{"osm_id":2639962180,"osm_type":"node","seamark_type":"landmark","display_class":"OTHER","min_zoom":12,"importance":1,"name":null,"ref":null,"common":{"type":"landmark"},"children":{"landmark":{"category":"windmotor"}},"osm_tags":{"frequency":"50","generator:method":"wind_turbine","generator:output:electricity":"3.6 MW","generator:source":"wind","generator:type":"horizontal_axis","height":"141.6","height:hub":"81.6","manufacturer":"Siemens","manufacturer:wikidata":"Q820588","model":"SWT-3.6-120","note":"position only approximate","offshore":"yes","operator":"Ørsted","operator:wikidata":"Q1241260","power":"generator","rotor:diameter":"120","rotor:swept_area":"11300","seamark:landmark:category":"windmotor","seamark:type":"landmark","voltage":"690"}}},{"type":"Feature","geometry":{"type":"Point","coordinates":[11.1828026,56.5896695]},"properties":{"osm_id":2639962181,"osm_type":"node","seamark_type":"landmark","display_class":"OTHER","min_zoom":12,"importance":1,"name":null,"ref":null,"common":{"type":"landmark"},"children":{"landmark":{"category":"windmotor"}},"osm_tags":{"frequency":"50","generator:method":"wind_turbine","generator:output:electricity":"3.6 MW","generator:source":"wind","generator:type":"horizontal_axis","height":"141.6","height:hub":"81.6","manufacturer":"Siemens","manufacturer:wikidata":"Q820588","model":"SWT-3.6-120","note":"position only approximate","offshore":"yes","operator":"Ørsted","operator:wikidata":"Q1241260","power":"generator","rotor:diameter":"120","rotor:swept_area":"11300","seamark:landmark:category":"windmotor","seamark:type":"landmark","voltage":"690"}}},{"type":"Feature","geometry":{"type":"Point","coordinates":[11.2884664,56.5895041]},"properties":{"osm_id":2639962182,"osm_type":"node","seamark_type":"landmark","display_class":"OTHER","min_zoom":12,"importance":1,"name":null,"ref":null,"common":{"type":"landmark"},"children":{"landmark":{"category":"windmotor"},"light":{"character":"Fl","colour":"yellow","group":"3","period":"10"}},"osm_tags":{"frequency":"50","generator:method":"wind_turbine","generator:output:electricity":"3.6 MW","generator:source":"wind","generator:type":"horizontal_axis","height":"141.6","height:hub":"81.6","manufacturer":"Siemens","manufacturer:wikidata":"Q820588","model":"SWT-3.6-120","note":"position only approximate","offshore":"yes","operator":"Ørsted","operator:wikidata":"Q1241260","power":"generator","rotor:diameter":"120","rotor:swept_area":"11300","seamark:landmark:category":"windmotor","seamark:light:character":"Fl","seamark:light:colour":"yellow","seamark:light:group":"3","seamark:light:period":"10","seamark:type":"landmark","voltage":"690"}}},{"type":"Feature","geometry":{"type":"Point","coordinates":[11.2607178,56.5927591]},"properties":{"osm_id":2639962183,"osm_type":"node","seamark_type":"landmark","display_class":"OTHER","min_zoom":12,"importance":1,"name":null,"ref":null,"common":{"type":"landmark"},"children":{"landmark":{"category":"windmotor"}},"osm_tags":{"frequency":"50","generator:method":"wind_turbine","generator:output:electricity":"3.6 MW","generator:source":"wind","generator:type":"horizontal_axis","height":"141.6","height:hub":"81.6","manufacturer":"Siemens","manufacturer:wikidata":"Q820588","model":"SWT-3.6-120","note":"position only approximate","offshore":"yes","operator":"Ørsted","operator:wikidata":"Q1241260","power":"generator","rotor:diameter":"120","rotor:swept_area":"11300","seamark:landmark:category":"windmotor","seamark:type":"landmark","voltage":"690"}}},{"type":"Feature","geometry":{"type":"Point","coordinates":[11.2215036,56.5935359]},"properties":{"osm_id":2639962184,"osm_type":"node","seamark_type":"landmark","display_class":"OTHER","min_zoom":12,"importance":1,"name":null,"ref":null,"common":{"type":"landmark"},"children":{"landmark":{"category":"windmotor"}},"osm_tags":{"frequency":"50","generator:method":"wind_turbine","generator:output:electricity":"3.6 MW","generator:source":"wind","generator:type":"horizontal_axis","height":"141.6","height:hub":"81.6","manufacturer":"Siemens","manufacturer:wikidata":"Q820588","model":"SWT-3.6-120","note":"position only approximate","offshore":"yes","operator":"Ørsted","operator:wikidata":"Q1241260","power":"generator","rotor:diameter":"120","rotor:swept_area":"11300","seamark:landmark:category":"windmotor","seamark:type":"landmark","voltage":"690"}}},{"type":"Feature","geometry":{"type":"Point","coordinates":[11.2804617,56.5939947]},"properties":{"osm_id":2639962186,"osm_type":"node","seamark_type":"landmark","display_class":"OTHER","min_zoom":12,"importance":1,"name":null,"ref":null,"common":{"type":"landmark"},"children":{"landmark":{"category":"windmotor"}},"osm_tags":{"frequency":"50","generator:method":"wind_turbine","generator:output:electricity":"3.6 MW","generator:source":"wind","generator:type":"horizontal_axis","height":"141.6","height:hub":"81.6","manufacturer":"Siemens","manufacturer:wikidata":"Q820588","model":"SWT-3.6-120","note":"position only approximate","offshore":"yes","operator":"Ørsted","operator:wikidata":"Q1241260","power":"generator","rotor:diameter":"120","rotor:swept_area":"11300","seamark:landmark:category":"windmotor","seamark:type":"landmark","voltage":"690"}}},{"type":"Feature","geometry":{"type":"Point","coordinates":[11.2432163,56.5943501]},"properties":{"osm_id":2639962187,"osm_type":"node","seamark_type":"landmark","display_class":"OTHER","min_zoom":12,"importance":1,"name":null,"ref":null,"common":{"type":"landmark"},"children":{"landmark":{"category":"windmotor"}},"osm_tags":{"frequency":"50","generator:method":"wind_turbine","generator:output:electricity":"3.6 MW","generator:source":"wind","generator:type":"horizontal_axis","height":"141.6","height:hub":"81.6","manufacturer":"Siemens","manufacturer:wikidata":"Q820588","model":"SWT-3.6-120","note":"position only approximate","offshore":"yes","operator":"Ørsted","operator:wikidata":"Q1241260","power":"generator","rotor:diameter":"120","rotor:swept_area":"11300","seamark:landmark:category":"windmotor","seamark:type":"landmark","voltage":"690"}}},{"type":"Feature","geometry":{"type":"Point","coordinates":[11.2027423,56.5946163]},"properties":{"osm_id":2639962188,"osm_type":"node","seamark_type":"landmark","display_class":"OTHER","min_zoom":12,"importance":1,"name":null,"ref":null,"common":{"type":"landmark"},"children":{"landmark":{"category":"windmotor"}},"osm_tags":{"frequency":"50","generator:method":"wind_turbine","generator:output:electricity":"3.6 MW","generator:source":"wind","generator:type":"horizontal_axis","height":"141.6","height:hub":"81.6","manufacturer":"Siemens","manufacturer:wikidata":"Q820588","model":"SWT-3.6-120","note":"position only approximate","offshore":"yes","operator":"Ørsted","operator:wikidata":"Q1241260","power":"generator","rotor:diameter":"120","rotor:swept_area":"11300","seamark:landmark:category":"windmotor","seamark:type":"landmark","voltage":"690"}}},{"type":"Feature","geometry":{"type":"Point","coordinates":[11.1815428,56.5956166]},"properties":{"osm_id":2639962189,"osm_type":"node","seamark_type":"landmark","display_class":"OTHER","min_zoom":12,"importance":1,"name":null,"ref":null,"common":{"type":"landmark"},"children":{"landmark":{"category":"windmotor"}},"osm_tags":{"frequency":"50","generator:method":"wind_turbine","generator:output:electricity":"3.6 MW","generator:source":"wind","generator:type":"horizontal_axis","height":"141.6","height:hub":"81.6","manufacturer":"Siemens","manufacturer:wikidata":"Q820588","model":"SWT-3.6-120","note":"position only approximate","offshore":"yes","operator":"Ørsted","operator:wikidata":"Q1241260","power":"generator","rotor:diameter":"120","rotor:swept_area":"11300","seamark:landmark:category":"windmotor","seamark:type":"landmark","voltage":"690"}}},{"type":"Feature","geometry":{"type":"Point","coordinates":[11.2726931,56.5985782]},"properties":{"osm_id":2639962190,"osm_type":"node","seamark_type":"landmark","display_class":"OTHER","min_zoom":12,"importance":1,"name":null,"ref":null,"common":{"type":"landmark"},"children":{"landmark":{"category":"windmotor"}},"osm_tags":{"frequency":"50","generator:method":"wind_turbine","generator:output:electricity":"3.6 MW","generator:source":"wind","generator:type":"horizontal_axis","height":"141.6","height:hub":"81.6","manufacturer":"Siemens","manufacturer:wikidata":"Q820588","model":"SWT-3.6-120","note":"position only approximate","offshore":"yes","operator":"Ørsted","operator:wikidata":"Q1241260","power":"generator","rotor:diameter":"120","rotor:swept_area":"11300","seamark:landmark:category":"windmotor","seamark:type":"landmark","voltage":"690"}}},{"type":"Feature","geometry":{"type":"Point","coordinates":[11.2176618,56.600951]},"properties":{"osm_id":2639962191,"osm_type":"node","seamark_type":"landmark","display_class":"OTHER","min_zoom":12,"importance":1,"name":null,"ref":null,"common":{"type":"landmark"},"children":{"landmark":{"category":"windmotor"}},"osm_tags":{"frequency":"50","generator:method":"wind_turbine","generator:output:electricity":"3.6 MW","generator:source":"wind","generator:type":"horizontal_axis","height":"141.6","height:hub":"81.6","manufacturer":"Siemens","manufacturer:wikidata":"Q820588","model":"SWT-3.6-120","note":"position only approximate","offshore":"yes","operator":"Ørsted","operator:wikidata":"Q1241260","power":"generator","rotor:diameter":"120","rotor:swept_area":"11300","seamark:landmark:category":"windmotor","seamark:type":"landmark","voltage":"690"}}},{"type":"Feature","geometry":{"type":"Point","coordinates":[11.1801347,56.6015027]},"properties":{"osm_id":2639962192,"osm_type":"node","seamark_type":"landmark","display_class":"OTHER","min_zoom":12,"importance":1,"name":null,"ref":null,"common":{"type":"landmark"},"children":{"landmark":{"category":"windmotor"},"light":{"character":"Fl","colour":"yellow","group":"3","period":"10"}},"osm_tags":{"frequency":"50","generator:method":"wind_turbine","generator:output:electricity":"3.6 MW","generator:source":"wind","generator:type":"horizontal_axis","height":"141.6","height:hub":"81.6","manufacturer":"Siemens","manufacturer:wikidata":"Q820588","model":"SWT-3.6-120","note":"position only approximate","offshore":"yes","operator":"Ørsted","operator:wikidata":"Q1241260","power":"generator","rotor:diameter":"120","rotor:swept_area":"11300","seamark:landmark:category":"windmotor","seamark:light:character":"Fl","seamark:light:colour":"yellow","seamark:light:group":"3","seamark:light:period":"10","seamark:type":"landmark","voltage":"690"}}},{"type":"Feature","geometry":{"type":"Point","coordinates":[11.2380798,56.601705]},"properties":{"osm_id":2639962193,"osm_type":"node","seamark_type":"landmark","display_class":"OTHER","min_zoom":12,"importance":1,"name":null,"ref":null,"common":{"type":"landmark"},"children":{"landmark":{"category":"windmotor"}},"osm_tags":{"frequency":"50","generator:method":"wind_turbine","generator:output:electricity":"3.6 MW","generator:source":"wind","generator:type":"horizontal_axis","height":"141.6","height:hub":"81.6","manufacturer":"Siemens","manufacturer:wikidata":"Q820588","model":"SWT-3.6-120","note":"position only approximate","offshore":"yes","operator":"Ørsted","operator:wikidata":"Q1241260","power":"generator","rotor:diameter":"120","rotor:swept_area":"11300","seamark:landmark:category":"windmotor","seamark:type":"landmark","voltage":"690"}}},{"type":"Feature","geometry":{"type":"Point","coordinates":[11.2649441,56.6037375]},"properties":{"osm_id":2639962194,"osm_type":"node","seamark_type":"landmark","display_class":"OTHER","min_zoom":12,"importance":1,"name":null,"ref":null,"common":{"type":"landmark"},"children":{"landmark":{"category":"windmotor"}},"osm_tags":{"frequency":"50","generator:method":"wind_turbine","generator:output:electricity":"3.6 MW","generator:source":"wind","generator:type":"horizontal_axis","height":"141.6","height:hub":"81.6","manufacturer":"Siemens","manufacturer:wikidata":"Q820588","model":"SWT-3.6-120","note":"position only approximate","offshore":"yes","operator":"Ørsted","operator:wikidata":"Q1241260","power":"generator","rotor:diameter":"120","rotor:swept_area":"11300","seamark:landmark:category":"windmotor","seamark:type":"landmark","voltage":"690"}}},{"type":"Feature","geometry":{"type":"Point","coordinates":[11.1785111,56.6074135]},"properties":{"osm_id":2639962195,"osm_type":"node","seamark_type":"landmark","display_class":"OTHER","min_zoom":12,"importance":1,"name":null,"ref":null,"common":{"type":"landmark"},"children":{"landmark":{"category":"windmotor"}},"osm_tags":{"frequency":"50","generator:method":"wind_turbine","generator:output:electricity":"3.6 MW","generator:source":"wind","generator:type":"horizontal_axis","height":"141.6","height:hub":"81.6","manufacturer":"Siemens","manufacturer:wikidata":"Q820588","model":"SWT-3.6-120","note":"position only approximate","offshore":"yes","operator":"Ørsted","operator:wikidata":"Q1241260","power":"generator","rotor:diameter":"120","rotor:swept_area":"11300","seamark:landmark:category":"windmotor","seamark:type":"landmark","voltage":"690"}}},{"type":"Feature","geometry":{"type":"Point","coordinates":[11.2137332,56.6083523]},"properties":{"osm_id":2639962196,"osm_type":"node","seamark_type":"landmark","display_class":"OTHER","min_zoom":12,"importance":1,"name":null,"ref":null,"common":{"type":"landmark"},"children":{"landmark":{"category":"windmotor"}},"osm_tags":{"frequency":"50","generator:method":"wind_turbine","generator:output:electricity":"3.6 MW","generator:source":"wind","generator:type":"horizontal_axis","height":"141.6","height:hub":"81.6","manufacturer":"Siemens","manufacturer:wikidata":"Q820588","model":"SWT-3.6-120","note":"position only approximate","offshore":"yes","operator":"Ørsted","operator:wikidata":"Q1241260","power":"generator","rotor:diameter":"120","rotor:swept_area":"11300","seamark:landmark:category":"windmotor","seamark:type":"landmark","voltage":"690"}}},{"type":"Feature","geometry":{"type":"Point","coordinates":[11.2575582,56.6089409]},"properties":{"osm_id":2639962197,"osm_type":"node","seamark_type":"landmark","display_class":"OTHER","min_zoom":12,"importance":1,"name":null,"ref":null,"common":{"type":"landmark"},"children":{"landmark":{"category":"windmotor"}},"osm_tags":{"frequency":"50","generator:method":"wind_turbine","generator:output:electricity":"3.6 MW","generator:source":"wind","generator:type":"horizontal_axis","height":"141.6","height:hub":"81.6","manufacturer":"Siemens","manufacturer:wikidata":"Q820588","model":"SWT-3.6-120","note":"position only approximate","offshore":"yes","operator":"Ørsted","operator:wikidata":"Q1241260","power":"generator","rotor:diameter":"120","rotor:swept_area":"11300","seamark:landmark:category":"windmotor","seamark:type":"landmark","voltage":"690"}}},{"type":"Feature","geometry":{"type":"Point","coordinates":[11.1960582,56.6103388]},"properties":{"osm_id":2639962198,"osm_type":"node","seamark_type":"landmark","display_class":"OTHER","min_zoom":12,"importance":1,"name":null,"ref":null,"common":{"type":"landmark"},"children":{"landmark":{"category":"windmotor"}},"osm_tags":{"frequency":"50","generator:method":"wind_turbine","generator:output:electricity":"3.6 MW","generator:source":"wind","generator:type":"horizontal_axis","height":"141.6","height:hub":"81.6","manufacturer":"Siemens","manufacturer:wikidata":"Q820588","model":"SWT-3.6-120","note":"position only approximate","offshore":"yes","operator":"Ørsted","operator:wikidata":"Q1241260","power":"generator","rotor:diameter":"120","rotor:swept_area":"11300","seamark:landmark:category":"windmotor","seamark:type":"landmark","voltage":"690"}}},{"type":"Feature","geometry":{"type":"Point","coordinates":[11.2520283,56.613194]},"properties":{"osm_id":2639962199,"osm_type":"node","seamark_type":"landmark","display_class":"OTHER","min_zoom":12,"importance":1,"name":null,"ref":null,"common":{"type":"landmark"},"children":{"landmark":{"category":"windmotor"},"light":{"character":"Fl","colour":"yellow","group":"3","period":"10"}},"osm_tags":{"frequency":"50","generator:method":"wind_turbine","generator:output:electricity":"3.6 MW","generator:source":"wind","generator:type":"horizontal_axis","height":"141.6","height:hub":"81.6","manufacturer":"Siemens","manufacturer:wikidata":"Q820588","model":"SWT-3.6-120","note":"position only approximate","offshore":"yes","operator":"Ørsted","operator:wikidata":"Q1241260","power":"generator","rotor:diameter":"120","rotor:swept_area":"11300","seamark:landmark:category":"windmotor","seamark:light:character":"Fl","seamark:light:colour":"yellow","seamark:light:group":"3","seamark:light:period":"10","seamark:type":"landmark","voltage":"690"}}},{"type":"Feature","geometry":{"type":"Point","coordinates":[11.1768239,56.6132525]},"properties":{"osm_id":2639962200,"osm_type":"node","seamark_type":"landmark","display_class":"OTHER","min_zoom":12,"importance":1,"name":null,"ref":null,"common":{"type":"landmark"},"children":{"landmark":{"category":"windmotor"}},"osm_tags":{"frequency":"50","generator:method":"wind_turbine","generator:output:electricity":"3.6 MW","generator:source":"wind","generator:type":"horizontal_axis","height":"141.6","height:hub":"81.6","manufacturer":"Siemens","manufacturer:wikidata":"Q820588","model":"SWT-3.6-120","note":"position only approximate","offshore":"yes","operator":"Ørsted","operator:wikidata":"Q1241260","power":"generator","rotor:diameter":"120","rotor:swept_area":"11300","seamark:landmark:category":"windmotor","seamark:type":"landmark","voltage":"690"}}},{"type":"Feature","geometry":{"type":"Point","coordinates":[11.2095704,56.6161763]},"properties":{"osm_id":2639962201,"osm_type":"node","seamark_type":"landmark","display_class":"OTHER","min_zoom":12,"importance":1,"name":null,"ref":null,"common":{"type":"landmark"},"children":{"landmark":{"category":"windmotor"}},"osm_tags":{"frequency":"50","generator:method":"wind_turbine","generator:output:electricity":"3.6 MW","generator:source":"wind","generator:type":"horizontal_axis","height":"141.6","height:hub":"81.6","manufacturer":"Siemens","manufacturer:wikidata":"Q820588","model":"SWT-3.6-120","note":"position only approximate","offshore":"yes","operator":"Ørsted","operator:wikidata":"Q1241260","power":"generator","rotor:diameter":"120","rotor:swept_area":"11300","seamark:landmark:category":"windmotor","seamark:type":"landmark","voltage":"690"}}},{"type":"Feature","geometry":{"type":"Point","coordinates":[11.2275455,56.6163325]},"properties":{"osm_id":2639962202,"osm_type":"node","seamark_type":"landmark","display_class":"OTHER","min_zoom":12,"importance":1,"name":null,"ref":null,"common":{"type":"landmark"},"children":{"landmark":{"category":"windmotor"}},"osm_tags":{"frequency":"50","generator:method":"wind_turbine","generator:output:electricity":"3.6 MW","generator:source":"wind","generator:type":"horizontal_axis","height":"141.6","height:hub":"81.6","manufacturer":"Siemens","manufacturer:wikidata":"Q820588","model":"SWT-3.6-120","note":"position only approximate","offshore":"yes","operator":"Ørsted","operator:wikidata":"Q1241260","power":"generator","rotor:diameter":"120","rotor:swept_area":"11300","seamark:landmark:category":"windmotor","seamark:type":"landmark","voltage":"690"}}},{"type":"Feature","geometry":{"type":"Point","coordinates":[11.2466272,56.6176217]},"properties":{"osm_id":2639962203,"osm_type":"node","seamark_type":"landmark","display_class":"OTHER","min_zoom":12,"importance":1,"name":null,"ref":null,"common":{"type":"landmark"},"children":{"landmark":{"category":"windmotor"}},"osm_tags":{"frequency":"50","generator:method":"wind_turbine","generator:output:electricity":"3.6 MW","generator:source":"wind","generator:type":"horizontal_axis","height":"141.6","height:hub":"81.6","manufacturer":"Siemens","manufacturer:wikidata":"Q820588","model":"SWT-3.6-120","note":"position only approximate","offshore":"yes","operator":"Ørsted","operator:wikidata":"Q1241260","power":"generator","rotor:diameter":"120","rotor:swept_area":"11300","seamark:landmark:category":"windmotor","seamark:type":"landmark","voltage":"690"}}},{"type":"Feature","geometry":{"type":"Point","coordinates":[11.1749463,56.6190311]},"properties":{"osm_id":2639962204,"osm_type":"node","seamark_type":"landmark","display_class":"OTHER","min_zoom":12,"importance":1,"name":null,"ref":null,"common":{"type":"landmark"},"children":{"landmark":{"category":"windmotor"}},"osm_tags":{"frequency":"50","generator:method":"wind_turbine","generator:output:electricity":"3.6 MW","generator:source":"wind","generator:type":"horizontal_axis","height":"141.6","height:hub":"81.6","manufacturer":"Siemens","manufacturer:wikidata":"Q820588","model":"SWT-3.6-120","note":"position only approximate","offshore":"yes","operator":"Ørsted","operator:wikidata":"Q1241260","power":"generator","rotor:diameter":"120","rotor:swept_area":"11300","seamark:landmark:category":"windmotor","seamark:type":"landmark","voltage":"690"}}},{"type":"Feature","geometry":{"type":"Point","coordinates":[11.2416543,56.6220381]},"properties":{"osm_id":2639962205,"osm_type":"node","seamark_type":"landmark","display_class":"OTHER","min_zoom":12,"importance":1,"name":null,"ref":null,"common":{"type":"landmark"},"children":{"landmark":{"category":"windmotor"}},"osm_tags":{"frequency":"50","generator:method":"wind_turbine","generator:output:electricity":"3.6 MW","generator:source":"wind","generator:type":"horizontal_axis","height":"141.6","height:hub":"81.6","manufacturer":"Siemens","manufacturer:wikidata":"Q820588","model":"SWT-3.6-120","note":"position only approximate","offshore":"yes","operator":"Ørsted","operator:wikidata":"Q1241260","power":"generator","rotor:diameter":"120","rotor:swept_area":"11300","seamark:landmark:category":"windmotor","seamark:type":"landmark","voltage":"690"}}},{"type":"Feature","geometry":{"type":"Point","coordinates":[11.2057912,56.6231178]},"properties":{"osm_id":2639962206,"osm_type":"node","seamark_type":"landmark","display_class":"OTHER","min_zoom":12,"importance":1,"name":null,"ref":null,"common":{"type":"landmark"},"children":{"landmark":{"category":"windmotor"}},"osm_tags":{"frequency":"50","generator:method":"wind_turbine","generator:output:electricity":"3.6 MW","generator:source":"wind","generator:type":"horizontal_axis","height":"141.6","height:hub":"81.6","manufacturer":"Siemens","manufacturer:wikidata":"Q820588","model":"SWT-3.6-120","note":"position only approximate","offshore":"yes","operator":"Ørsted","operator:wikidata":"Q1241260","power":"generator","rotor:diameter":"120","rotor:swept_area":"11300","seamark:landmark:category":"windmotor","seamark:type":"landmark","voltage":"690"}}},{"type":"Feature","geometry":{"type":"Point","coordinates":[11.2373422,56.6268169]},"properties":{"osm_id":2639962207,"osm_type":"node","seamark_type":"landmark","display_class":"OTHER","min_zoom":12,"importance":1,"name":null,"ref":null,"common":{"type":"landmark"},"children":{"landmark":{"category":"windmotor"}},"osm_tags":{"frequency":"50","generator:method":"wind_turbine","generator:output:electricity":"3.6 MW","generator:source":"wind","generator:type":"horizontal_axis","height":"141.6","height:hub":"81.6","manufacturer":"Siemens","manufacturer:wikidata":"Q820588","model":"SWT-3.6-120","note":"position only approximate","offshore":"yes","operator":"Ørsted","operator:wikidata":"Q1241260","power":"generator","rotor:diameter":"120","rotor:swept_area":"11300","seamark:landmark:category":"windmotor","seamark:type":"landmark","voltage":"690"}}},{"type":"Feature","geometry":{"type":"Point","coordinates":[11.1712959,56.629659]},"properties":{"osm_id":2639962208,"osm_type":"node","seamark_type":"landmark","display_class":"OTHER","min_zoom":12,"importance":1,"name":null,"ref":null,"common":{"type":"landmark"},"children":{"landmark":{"category":"windmotor"},"light":{"character":"Fl","colour":"yellow","group":"3","period":"10"}},"osm_tags":{"frequency":"50","generator:method":"wind_turbine","generator:output:electricity":"3.6 MW","generator:source":"wind","generator:type":"horizontal_axis","height":"141.6","height:hub":"81.6","manufacturer":"Siemens","manufacturer:wikidata":"Q820588","model":"SWT-3.6-120","note":"position only approximate","offshore":"yes","operator":"Ørsted","operator:wikidata":"Q1241260","power":"generator","rotor:diameter":"120","rotor:swept_area":"11300","seamark:landmark:category":"windmotor","seamark:light:character":"Fl","seamark:light:colour":"yellow","seamark:light:group":"3","seamark:light:period":"10","seamark:type":"landmark","voltage":"690"}}},{"type":"Feature","geometry":{"type":"Point","coordinates":[11.2016301,56.6304803]},"properties":{"osm_id":2639962209,"osm_type":"node","seamark_type":"landmark","display_class":"OTHER","min_zoom":12,"importance":1,"name":null,"ref":null,"common":{"type":"landmark"},"children":{"landmark":{"category":"windmotor"}},"osm_tags":{"frequency":"50","generator:method":"wind_turbine","generator:output:electricity":"3.6 MW","generator:source":"wind","generator:type":"horizontal_axis","height":"141.6","height:hub":"81.6","manufacturer":"Siemens","manufacturer:wikidata":"Q820588","model":"SWT-3.6-120","note":"position only approximate","offshore":"yes","operator":"Ørsted","operator:wikidata":"Q1241260","power":"generator","rotor:diameter":"120","rotor:swept_area":"11300","seamark:landmark:category":"windmotor","seamark:type":"landmark","voltage":"690"}}},{"type":"Feature","geometry":{"type":"Point","coordinates":[11.1692242,56.634849]},"properties":{"osm_id":2639962210,"osm_type":"node","seamark_type":"landmark","display_class":"OTHER","min_zoom":12,"importance":1,"name":null,"ref":null,"common":{"type":"landmark"},"children":{"landmark":{"category":"windmotor"}},"osm_tags":{"frequency":"50","generator:method":"wind_turbine","generator:output:electricity":"3.6 MW","generator:source":"wind","generator:type":"horizontal_axis","height":"141.6","height:hub":"81.6","manufacturer":"Siemens","manufacturer:wikidata":"Q820588","model":"SWT-3.6-120","note":"position only approximate","offshore":"yes","operator":"Ørsted","operator:wikidata":"Q1241260","power":"generator","rotor:diameter":"120","rotor:swept_area":"11300","seamark:landmark:category":"windmotor","seamark:type":"landmark","voltage":"690"}}},{"type":"Feature","geometry":{"type":"Point","coordinates":[11.2291024,56.6366088]},"properties":{"osm_id":2639962211,"osm_type":"node","seamark_type":"landmark","display_class":"OTHER","min_zoom":12,"importance":1,"name":null,"ref":null,"common":{"type":"landmark"},"children":{"landmark":{"category":"windmotor"},"light":{"character":"Fl","colour":"yellow","group":"3","period":"10"}},"osm_tags":{"frequency":"50","generator:method":"wind_turbine","generator:output:electricity":"3.6 MW","generator:source":"wind","generator:type":"horizontal_axis","height":"141.6","height:hub":"81.6","manufacturer":"Siemens","manufacturer:wikidata":"Q820588","model":"SWT-3.6-120","note":"position only approximate","offshore":"yes","operator":"Ørsted","operator:wikidata":"Q1241260","power":"generator","rotor:diameter":"120","rotor:swept_area":"11300","seamark:landmark:category":"windmotor","seamark:light:character":"Fl","seamark:light:colour":"yellow","seamark:light:group":"3","seamark:light:period":"10","seamark:type":"landmark","voltage":"690"}}},{"type":"Feature","geometry":{"type":"Point","coordinates":[11.1974458,56.637901]},"properties":{"osm_id":2639962212,"osm_type":"node","seamark_type":"landmark","display_class":"OTHER","min_zoom":12,"importance":1,"name":null,"ref":null,"common":{"type":"landmark"},"children":{"landmark":{"category":"windmotor"}},"osm_tags":{"frequency":"50","generator:method":"wind_turbine","generator:output:electricity":"3.6 MW","generator:source":"wind","generator:type":"horizontal_axis","height":"141.6","height:hub":"81.6","manufacturer":"Siemens","manufacturer:wikidata":"Q820588","model":"SWT-3.6-120","note":"position only approximate","offshore":"yes","operator":"Ørsted","operator:wikidata":"Q1241260","power":"generator","rotor:diameter":"120","rotor:swept_area":"11300","seamark:landmark:category":"windmotor","seamark:type":"landmark","voltage":"690"}}},{"type":"Feature","geometry":{"type":"Point","coordinates":[11.1669399,56.6401307]},"properties":{"osm_id":2639962213,"osm_type":"node","seamark_type":"landmark","display_class":"OTHER","min_zoom":12,"importance":1,"name":null,"ref":null,"common":{"type":"landmark"},"children":{"landmark":{"category":"windmotor"}},"osm_tags":{"frequency":"50","generator:method":"wind_turbine","generator:output:electricity":"3.6 MW","generator:source":"wind","generator:type":"horizontal_axis","height":"141.6","height:hub":"81.6","manufacturer":"Siemens","manufacturer:wikidata":"Q820588","model":"SWT-3.6-120","note":"position only approximate","offshore":"yes","operator":"Ørsted","operator:wikidata":"Q1241260","power":"generator","rotor:diameter":"120","rotor:swept_area":"11300","seamark:landmark:category":"windmotor","seamark:type":"landmark","voltage":"690"}}},{"type":"Feature","geometry":{"type":"Point","coordinates":[11.2250665,56.6414925]},"properties":{"osm_id":2639962214,"osm_type":"node","seamark_type":"landmark","display_class":"OTHER","min_zoom":12,"importance":1,"name":null,"ref":null,"common":{"type":"landmark"},"children":{"landmark":{"category":"windmotor"}},"osm_tags":{"frequency":"50","generator:method":"wind_turbine","generator:output:electricity":"3.6 MW","generator:source":"wind","generator:type":"horizontal_axis","height":"141.6","height:hub":"81.6","manufacturer":"Siemens","manufacturer:wikidata":"Q820588","model":"SWT-3.6-120","note":"position only approximate","offshore":"yes","operator":"Ørsted","operator:wikidata":"Q1241260","power":"generator","rotor:diameter":"120","rotor:swept_area":"11300","seamark:landmark:category":"windmotor","seamark:type":"landmark","voltage":"690"}}},{"type":"Feature","geometry":{"type":"Point","coordinates":[11.1647002,56.6452248]},"properties":{"osm_id":2639962215,"osm_type":"node","seamark_type":"landmark","display_class":"OTHER","min_zoom":12,"importance":1,"name":null,"ref":null,"common":{"type":"landmark"},"children":{"landmark":{"category":"windmotor"}},"osm_tags":{"frequency":"50","generator:method":"wind_turbine","generator:output:electricity":"3.6 MW","generator:source":"wind","generator:type":"horizontal_axis","height":"141.6","height:hub":"81.6","manufacturer":"Siemens","manufacturer:wikidata":"Q820588","model":"SWT-3.6-120","note":"position only approximate","offshore":"yes","operator":"Ørsted","operator:wikidata":"Q1241260","power":"generator","rotor:diameter":"120","rotor:swept_area":"11300","seamark:landmark:category":"windmotor","seamark:type":"landmark","voltage":"690"}}},{"type":"Feature","geometry":{"type":"Point","coordinates":[11.2212675,56.6463873]},"properties":{"osm_id":2639962216,"osm_type":"node","seamark_type":"landmark","display_class":"OTHER","min_zoom":12,"importance":1,"name":null,"ref":null,"common":{"type":"landmark"},"children":{"landmark":{"category":"windmotor"}},"osm_tags":{"frequency":"50","generator:method":"wind_turbine","generator:output:electricity":"3.6 MW","generator:source":"wind","generator:type":"horizontal_axis","height":"141.6","height:hub":"81.6","manufacturer":"Siemens","manufacturer:wikidata":"Q820588","model":"SWT-3.6-120","note":"position only approximate","offshore":"yes","operator":"Ørsted","operator:wikidata":"Q1241260","power":"generator","rotor:diameter":"120","rotor:swept_area":"11300","seamark:landmark:category":"windmotor","seamark:type":"landmark","voltage":"690"}}},{"type":"Feature","geometry":{"type":"Point","coordinates":[11.1907661,56.6496021]},"properties":{"osm_id":2639962217,"osm_type":"node","seamark_type":"landmark","display_class":"OTHER","min_zoom":12,"importance":1,"name":null,"ref":null,"common":{"type":"landmark"},"children":{"landmark":{"category":"windmotor"}},"osm_tags":{"frequency":"50","generator:method":"wind_turbine","generator:output:electricity":"3.6 MW","generator:source":"wind","generator:type":"horizontal_axis","height":"141.6","height:hub":"81.6","manufacturer":"Siemens","manufacturer:wikidata":"Q820588","model":"SWT-3.6-120","note":"position only approximate","offshore":"yes","operator":"Ørsted","operator:wikidata":"Q1241260","power":"generator","rotor:diameter":"120","rotor:swept_area":"11300","seamark:landmark:category":"windmotor","seamark:type":"landmark","voltage":"690"}}},{"type":"Feature","geometry":{"type":"Point","coordinates":[11.1621592,56.6504711]},"properties":{"osm_id":2639962218,"osm_type":"node","seamark_type":"landmark","display_class":"OTHER","min_zoom":12,"importance":1,"name":null,"ref":null,"common":{"type":"landmark"},"children":{"landmark":{"category":"windmotor"},"light":{"character":"Fl","colour":"yellow","group":"3","period":"10"}},"osm_tags":{"frequency":"50","generator:method":"wind_turbine","generator:output:electricity":"3.6 MW","generator:source":"wind","generator:type":"horizontal_axis","height":"141.6","height:hub":"81.6","manufacturer":"Siemens","manufacturer:wikidata":"Q820588","model":"SWT-3.6-120","note":"position only approximate","offshore":"yes","operator":"Ørsted","operator:wikidata":"Q1241260","power":"generator","rotor:diameter":"120","rotor:swept_area":"11300","seamark:landmark:category":"windmotor","seamark:light:character":"Fl","seamark:light:colour":"yellow","seamark:light:group":"3","seamark:light:period":"10","seamark:type":"landmark","voltage":"690"}}},{"type":"Feature","geometry":{"type":"Point","coordinates":[11.1871764,56.6556346]},"properties":{"osm_id":2639962219,"osm_type":"node","seamark_type":"landmark","display_class":"OTHER","min_zoom":12,"importance":1,"name":null,"ref":null,"common":{"type":"landmark"},"children":{"landmark":{"category":"windmotor"}},"osm_tags":{"frequency":"50","generator:method":"wind_turbine","generator:output:electricity":"3.6 MW","generator:source":"wind","generator:type":"horizontal_axis","height":"141.6","height:hub":"81.6","manufacturer":"Siemens","manufacturer:wikidata":"Q820588","model":"SWT-3.6-120","note":"position only approximate","offshore":"yes","operator":"Ørsted","operator:wikidata":"Q1241260","power":"generator","rotor:diameter":"120","rotor:swept_area":"11300","seamark:landmark:category":"windmotor","seamark:type":"landmark","voltage":"690"}}},{"type":"Feature","geometry":{"type":"Point","coordinates":[11.1596621,56.6556454]},"properties":{"osm_id":2639962220,"osm_type":"node","seamark_type":"landmark","display_class":"OTHER","min_zoom":12,"importance":1,"name":null,"ref":null,"common":{"type":"landmark"},"children":{"landmark":{"category":"windmotor"}},"osm_tags":{"frequency":"50","generator:method":"wind_turbine","generator:output:electricity":"3.6 MW","generator:source":"wind","generator:type":"horizontal_axis","height":"141.6","height:hub":"81.6","manufacturer":"Siemens","manufacturer:wikidata":"Q820588","model":"SWT-3.6-120","note":"position only approximate","offshore":"yes","operator":"Ørsted","operator:wikidata":"Q1241260","power":"generator","rotor:diameter":"120","rotor:swept_area":"11300","seamark:landmark:category":"windmotor","seamark:type":"landmark","voltage":"690"}}},{"type":"Feature","geometry":{"type":"Point","coordinates":[11.2138834,56.6562803]},"properties":{"osm_id":2639962221,"osm_type":"node","seamark_type":"landmark","display_class":"OTHER","min_zoom":12,"importance":1,"name":null,"ref":null,"common":{"type":"landmark"},"children":{"landmark":{"category":"windmotor"},"light":{"character":"Fl","colour":"yellow","group":"3","period":"10"}},"osm_tags":{"frequency":"50","generator:method":"wind_turbine","generator:output:electricity":"3.6 MW","generator:source":"wind","generator:type":"horizontal_axis","height":"141.6","height:hub":"81.6","manufacturer":"Siemens","manufacturer:wikidata":"Q820588","model":"SWT-3.6-120","note":"position only approximate","offshore":"yes","operator":"Ørsted","operator:wikidata":"Q1241260","power":"generator","rotor:diameter":"120","rotor:swept_area":"11300","seamark:landmark:category":"windmotor","seamark:light:character":"Fl","seamark:light:colour":"yellow","seamark:light:group":"3","seamark:light:period":"10","seamark:type":"landmark","voltage":"690"}}},{"type":"Feature","geometry":{"type":"Point","coordinates":[11.156861,56.6608077]},"properties":{"osm_id":2639962222,"osm_type":"node","seamark_type":"landmark","display_class":"OTHER","min_zoom":12,"importance":1,"name":null,"ref":null,"common":{"type":"landmark"},"children":{"landmark":{"category":"windmotor"}},"osm_tags":{"frequency":"50","generator:method":"wind_turbine","generator:output:electricity":"3.6 MW","generator:source":"wind","generator:type":"horizontal_axis","height":"141.6","height:hub":"81.6","manufacturer":"Siemens","manufacturer:wikidata":"Q820588","model":"SWT-3.6-120","note":"position only approximate","offshore":"yes","operator":"Ørsted","operator:wikidata":"Q1241260","power":"generator","rotor:diameter":"120","rotor:swept_area":"11300","seamark:landmark:category":"windmotor","seamark:type":"landmark","voltage":"690"}}},{"type":"Feature","geometry":{"type":"Point","coordinates":[11.2102749,56.6611369]},"properties":{"osm_id":2639962223,"osm_type":"node","seamark_type":"landmark","display_class":"OTHER","min_zoom":12,"importance":1,"name":null,"ref":null,"common":{"type":"landmark"},"children":{"landmark":{"category":"windmotor"}},"osm_tags":{"frequency":"50","generator:method":"wind_turbine","generator:output:electricity":"3.6 MW","generator:source":"wind","generator:type":"horizontal_axis","height":"141.6","height:hub":"81.6","manufacturer":"Siemens","manufacturer:wikidata":"Q820588","model":"SWT-3.6-120","note":"position only approximate","offshore":"yes","operator":"Ørsted","operator:wikidata":"Q1241260","power":"generator","rotor:diameter":"120","rotor:swept_area":"11300","seamark:landmark:category":"windmotor","seamark:type":"landmark","voltage":"690"}}},{"type":"Feature","geometry":{"type":"Point","coordinates":[11.1540679,56.6658873]},"properties":{"osm_id":2639962224,"osm_type":"node","seamark_type":"landmark","display_class":"OTHER","min_zoom":12,"importance":1,"name":null,"ref":null,"common":{"type":"landmark"},"children":{"landmark":{"category":"windmotor"}},"osm_tags":{"frequency":"50","generator:method":"wind_turbine","generator:output:electricity":"3.6 MW","generator:source":"wind","generator:type":"horizontal_axis","height":"141.6","height:hub":"81.6","manufacturer":"Siemens","manufacturer:wikidata":"Q820588","model":"SWT-3.6-120","note":"position only approximate","offshore":"yes","operator":"Ørsted","operator:wikidata":"Q1241260","power":"generator","rotor:diameter":"120","rotor:swept_area":"11300","seamark:landmark:category":"windmotor","seamark:type":"landmark","voltage":"690"}}},{"type":"Feature","geometry":{"type":"Point","coordinates":[11.2067514,56.666157]},"properties":{"osm_id":2639962225,"osm_type":"node","seamark_type":"landmark","display_class":"OTHER","min_zoom":12,"importance":1,"name":null,"ref":null,"common":{"type":"landmark"},"children":{"landmark":{"category":"windmotor"}},"osm_tags":{"frequency":"50","generator:method":"wind_turbine","generator:output:electricity":"3.6 MW","generator:source":"wind","generator:type":"horizontal_axis","height":"141.6","height:hub":"81.6","manufacturer":"Siemens","manufacturer:wikidata":"Q820588","model":"SWT-3.6-120","note":"position only approximate","offshore":"yes","operator":"Ørsted","operator:wikidata":"Q1241260","power":"generator","rotor:diameter":"120","rotor:swept_area":"11300","seamark:landmark:category":"windmotor","seamark:type":"landmark","voltage":"690"}}},{"type":"Feature","geometry":{"type":"Point","coordinates":[11.20342,56.6712024]},"properties":{"osm_id":2639962226,"osm_type":"node","seamark_type":"landmark","display_class":"OTHER","min_zoom":12,"importance":1,"name":null,"ref":null,"common":{"type":"landmark"},"children":{"landmark":{"category":"windmotor"}},"osm_tags":{"frequency":"50","generator:method":"wind_turbine","generator:output:electricity":"3.6 MW","generator:source":"wind","generator:type":"horizontal_axis","height":"141.6","height:hub":"81.6","manufacturer":"Siemens","manufacturer:wikidata":"Q820588","model":"SWT-3.6-120","note":"position only approximate","offshore":"yes","operator":"Ørsted","operator:wikidata":"Q1241260","power":"generator","rotor:diameter":"120","rotor:swept_area":"11300","seamark:landmark:category":"windmotor","seamark:type":"landmark","voltage":"690"}}},{"type":"Feature","geometry":{"type":"Point","coordinates":[11.1511871,56.6710718]},"properties":{"osm_id":2639962227,"osm_type":"node","seamark_type":"landmark","display_class":"OTHER","min_zoom":12,"importance":1,"name":null,"ref":null,"common":{"type":"landmark"},"children":{"landmark":{"category":"windmotor"}},"osm_tags":{"frequency":"50","generator:method":"wind_turbine","generator:output:electricity":"3.6 MW","generator:source":"wind","generator:type":"horizontal_axis","height":"141.6","height:hub":"81.6","manufacturer":"Siemens","manufacturer:wikidata":"Q820588","model":"SWT-3.6-120","note":"position only approximate","offshore":"yes","operator":"Ørsted","operator:wikidata":"Q1241260","power":"generator","rotor:diameter":"120","rotor:swept_area":"11300","seamark:landmark:category":"windmotor","seamark:type":"landmark","voltage":"690"}}},{"type":"Feature","geometry":{"type":"Point","coordinates":[11.1480069,56.6761037]},"properties":{"osm_id":2639962228,"osm_type":"node","seamark_type":"landmark","display_class":"OTHER","min_zoom":12,"importance":1,"name":null,"ref":null,"common":{"type":"landmark"},"children":{"landmark":{"category":"windmotor"},"light":{"character":"Fl","colour":"yellow","group":"3","period":"10"}},"osm_tags":{"frequency":"50","generator:method":"wind_turbine","generator:output:electricity":"3.6 MW","generator:source":"wind","generator:type":"horizontal_axis","height":"141.6","height:hub":"81.6","manufacturer":"Siemens","manufacturer:wikidata":"Q820588","model":"SWT-3.6-120","note":"position only approximate","offshore":"yes","operator":"Ørsted","operator:wikidata":"Q1241260","power":"generator","rotor:diameter":"120","rotor:swept_area":"11300","seamark:landmark:category":"windmotor","seamark:light:character":"Fl","seamark:light:colour":"yellow","seamark:light:group":"3","seamark:light:period":"10","seamark:type":"landmark","voltage":"690"}}},{"type":"Feature","geometry":{"type":"Point","coordinates":[11.1613689,56.6762682]},"properties":{"osm_id":2639962229,"osm_type":"node","seamark_type":"landmark","display_class":"OTHER","min_zoom":12,"importance":1,"name":null,"ref":null,"common":{"type":"landmark"},"children":{"landmark":{"category":"windmotor"}},"osm_tags":{"frequency":"50","generator:method":"wind_turbine","generator:output:electricity":"3.6 MW","generator:source":"wind","generator:type":"horizontal_axis","height":"141.6","height:hub":"81.6","manufacturer":"Siemens","manufacturer:wikidata":"Q820588","model":"SWT-3.6-120","note":"position only approximate","offshore":"yes","operator":"Ørsted","operator:wikidata":"Q1241260","power":"generator","rotor:diameter":"120","rotor:swept_area":"11300","seamark:landmark:category":"windmotor","seamark:type":"landmark","voltage":"690"}}},{"type":"Feature","geometry":{"type":"Point","coordinates":[11.2000691,56.6762564]},"properties":{"osm_id":2639962230,"osm_type":"node","seamark_type":"landmark","display_class":"OTHER","min_zoom":12,"importance":1,"name":null,"ref":null,"common":{"type":"landmark"},"children":{"landmark":{"category":"windmotor"}},"osm_tags":{"frequency":"50","generator:method":"wind_turbine","generator:output:electricity":"3.6 MW","generator:source":"wind","generator:type":"horizontal_axis","height":"141.6","height:hub":"81.6","manufacturer":"Siemens","manufacturer:wikidata":"Q820588","model":"SWT-3.6-120","note":"position only approximate","offshore":"yes","operator":"Ørsted","operator:wikidata":"Q1241260","power":"generator","rotor:diameter":"120","rotor:swept_area":"11300","seamark:landmark:category":"windmotor","seamark:type":"landmark","voltage":"690"}}},{"type":"Feature","geometry":{"type":"Point","coordinates":[11.1735999,56.6782029]},"properties":{"osm_id":2639962231,"osm_type":"node","seamark_type":"landmark","display_class":"OTHER","min_zoom":12,"importance":1,"name":null,"ref":null,"common":{"type":"landmark"},"children":{"landmark":{"category":"windmotor"}},"osm_tags":{"frequency":"50","generator:method":"wind_turbine","generator:output:electricity":"3.6 MW","generator:source":"wind","generator:type":"horizontal_axis","height":"141.6","height:hub":"81.6","manufacturer":"Siemens","manufacturer:wikidata":"Q820588","model":"SWT-3.6-120","note":"position only approximate","offshore":"yes","operator":"Ørsted","operator:wikidata":"Q1241260","power":"generator","rotor:diameter":"120","rotor:swept_area":"11300","seamark:landmark:category":"windmotor","seamark:type":"landmark","voltage":"690"}}},{"type":"Feature","geometry":{"type":"Point","coordinates":[11.1969326,56.6812633]},"properties":{"osm_id":2639962232,"osm_type":"node","seamark_type":"landmark","display_class":"OTHER","min_zoom":12,"importance":1,"name":null,"ref":null,"common":{"type":"landmark"},"children":{"landmark":{"category":"windmotor"},"light":{"character":"Fl","colour":"yellow","group":"3","period":"10"}},"osm_tags":{"frequency":"50","generator:method":"wind_turbine","generator:output:electricity":"3.6 MW","generator:source":"wind","generator:type":"horizontal_axis","height":"141.6","height:hub":"81.6","manufacturer":"Siemens","manufacturer:wikidata":"Q820588","model":"SWT-3.6-120","note":"position only approximate","offshore":"yes","operator":"Ørsted","operator:wikidata":"Q1241260","power":"generator","rotor:diameter":"120","rotor:swept_area":"11300","seamark:landmark:category":"windmotor","seamark:light:character":"Fl","seamark:light:colour":"yellow","seamark:light:group":"3","seamark:light:period":"10","seamark:type":"landmark","voltage":"690"}}},{"type":"Feature","geometry":{"type":"Point","coordinates":[11.1940359,56.6863181]},"properties":{"osm_id":2639962233,"osm_type":"node","seamark_type":"landmark","display_class":"OTHER","min_zoom":12,"importance":1,"name":null,"ref":null,"common":{"type":"landmark"},"children":{"landmark":{"category":"windmotor"}},"osm_tags":{"frequency":"50","generator:method":"wind_turbine","generator:output:electricity":"3.6 MW","generator:source":"wind","generator:type":"horizontal_axis","height":"141.6","height:hub":"81.6","manufacturer":"Siemens","manufacturer:wikidata":"Q820588","model":"SWT-3.6-120","note":"position only approximate","offshore":"yes","operator":"Ørsted","operator:wikidata":"Q1241260","power":"generator","rotor:diameter":"120","rotor:swept_area":"11300","seamark:landmark:category":"windmotor","seamark:type":"landmark","voltage":"690"}}},{"type":"Feature","geometry":{"type":"Point","coordinates":[11.1685046,56.6866594]},"properties":{"osm_id":2639962234,"osm_type":"node","seamark_type":"landmark","display_class":"OTHER","min_zoom":12,"importance":1,"name":null,"ref":null,"common":{"type":"landmark"},"children":{"landmark":{"category":"windmotor"}},"osm_tags":{"frequency":"50","generator:method":"wind_turbine","generator:output:electricity":"3.6 MW","generator:source":"wind","generator:type":"horizontal_axis","height":"141.6","height:hub":"81.6","manufacturer":"Siemens","manufacturer:wikidata":"Q820588","model":"SWT-3.6-120","note":"position only approximate","offshore":"yes","operator":"Ørsted","operator:wikidata":"Q1241260","power":"generator","rotor:diameter":"120","rotor:swept_area":"11300","seamark:landmark:category":"windmotor","seamark:type":"landmark","voltage":"690"}}},{"type":"Feature","geometry":{"type":"Point","coordinates":[11.1909666,56.6914251]},"properties":{"osm_id":2639962235,"osm_type":"node","seamark_type":"landmark","display_class":"OTHER","min_zoom":12,"importance":1,"name":null,"ref":null,"common":{"type":"landmark"},"children":{"landmark":{"category":"windmotor"}},"osm_tags":{"frequency":"50","generator:method":"wind_turbine","generator:output:electricity":"3.6 MW","generator:source":"wind","generator:type":"horizontal_axis","height":"141.6","height:hub":"81.6","manufacturer":"Siemens","manufacturer:wikidata":"Q820588","model":"SWT-3.6-120","note":"position only approximate","offshore":"yes","operator":"Ørsted","operator:wikidata":"Q1241260","power":"generator","rotor:diameter":"120","rotor:swept_area":"11300","seamark:landmark:category":"windmotor","seamark:type":"landmark","voltage":"690"}}},{"type":"Feature","geometry":{"type":"Point","coordinates":[11.1652824,56.6919815]},"properties":{"osm_id":2639962236,"osm_type":"node","seamark_type":"landmark","display_class":"OTHER","min_zoom":12,"importance":1,"name":null,"ref":null,"common":{"type":"landmark"},"children":{"landmark":{"category":"windmotor"}},"osm_tags":{"frequency":"50","generator:method":"wind_turbine","generator:output:electricity":"3.6 MW","generator:source":"wind","generator:type":"horizontal_axis","height":"141.6","height:hub":"81.6","manufacturer":"Siemens","manufacturer:wikidata":"Q820588","model":"SWT-3.6-120","note":"position only approximate","offshore":"yes","operator":"Ørsted","operator:wikidata":"Q1241260","power":"generator","rotor:diameter":"120","rotor:swept_area":"11300","seamark:landmark:category":"windmotor","seamark:type":"landmark","voltage":"690"}}},{"type":"Feature","geometry":{"type":"Point","coordinates":[11.188143,56.6964937]},"properties":{"osm_id":2639962237,"osm_type":"node","seamark_type":"landmark","display_class":"OTHER","min_zoom":12,"importance":1,"name":null,"ref":null,"common":{"type":"landmark"},"children":{"landmark":{"category":"windmotor"}},"osm_tags":{"frequency":"50","generator:method":"wind_turbine","generator:output:electricity":"3.6 MW","generator:source":"wind","generator:type":"horizontal_axis","height":"141.6","height:hub":"81.6","manufacturer":"Siemens","manufacturer:wikidata":"Q820588","model":"SWT-3.6-120","note":"position only approximate","offshore":"yes","operator":"Ørsted","operator:wikidata":"Q1241260","power":"generator","rotor:diameter":"120","rotor:swept_area":"11300","seamark:landmark:category":"windmotor","seamark:type":"landmark","voltage":"690"}}},{"type":"Feature","geometry":{"type":"Point","coordinates":[11.1618858,56.6970568]},"properties":{"osm_id":2639962238,"osm_type":"node","seamark_type":"landmark","display_class":"OTHER","min_zoom":12,"importance":1,"name":null,"ref":null,"common":{"type":"landmark"},"children":{"landmark":{"category":"windmotor"}},"osm_tags":{"frequency":"50","generator:method":"wind_turbine","generator:output:electricity":"3.6 MW","generator:source":"wind","generator:type":"horizontal_axis","height":"141.6","height:hub":"81.6","manufacturer":"Siemens","manufacturer:wikidata":"Q820588","model":"SWT-3.6-120","note":"position only approximate","offshore":"yes","operator":"Ørsted","operator:wikidata":"Q1241260","power":"generator","rotor:diameter":"120","rotor:swept_area":"11300","seamark:landmark:category":"windmotor","seamark:type":"landmark","voltage":"690"}}},{"type":"Feature","geometry":{"type":"Point","coordinates":[11.1853902,56.7016171]},"properties":{"osm_id":2639962239,"osm_type":"node","seamark_type":"landmark","display_class":"OTHER","min_zoom":12,"importance":1,"name":null,"ref":null,"common":{"type":"landmark"},"children":{"landmark":{"category":"windmotor"},"light":{"character":"Fl","colour":"yellow","group":"3","period":"10"}},"osm_tags":{"frequency":"50","generator:method":"wind_turbine","generator:output:electricity":"3.6 MW","generator:source":"wind","generator:type":"horizontal_axis","height":"141.6","height:hub":"81.6","manufacturer":"Siemens","manufacturer:wikidata":"Q820588","model":"SWT-3.6-120","note":"position only approximate","offshore":"yes","operator":"Ørsted","operator:wikidata":"Q1241260","power":"generator","rotor:diameter":"120","rotor:swept_area":"11300","seamark:landmark:category":"windmotor","seamark:light:character":"Fl","seamark:light:colour":"yellow","seamark:light:group":"3","seamark:light:period":"10","seamark:type":"landmark","voltage":"690"}}},{"type":"Feature","geometry":{"type":"Point","coordinates":[11.1720898,56.7018983]},"properties":{"osm_id":2639962240,"osm_type":"node","seamark_type":"landmark","display_class":"OTHER","min_zoom":12,"importance":1,"name":null,"ref":null,"common":{"type":"landmark"},"children":{"landmark":{"category":"windmotor"}},"osm_tags":{"frequency":"50","generator:method":"wind_turbine","generator:output:electricity":"3.6 MW","generator:source":"wind","generator:type":"horizontal_axis","height":"141.6","height:hub":"81.6","manufacturer":"Siemens","manufacturer:wikidata":"Q820588","model":"SWT-3.6-120","note":"position only approximate","offshore":"yes","operator":"Ørsted","operator:wikidata":"Q1241260","power":"generator","rotor:diameter":"120","rotor:swept_area":"11300","seamark:landmark:category":"windmotor","seamark:type":"landmark","voltage":"690"}}},{"type":"Feature","geometry":{"type":"Point","coordinates":[11.1586822,56.7021447]},"properties":{"osm_id":2639962241,"osm_type":"node","seamark_type":"landmark","display_class":"OTHER","min_zoom":12,"importance":1,"name":null,"ref":null,"common":{"type":"landmark"},"children":{"landmark":{"category":"windmotor"},"light":{"character":"Fl","colour":"yellow","group":"3","period":"10"}},"osm_tags":{"frequency":"50","generator:method":"wind_turbine","generator:output:electricity":"3.6 MW","generator:source":"wind","generator:type":"horizontal_axis","height":"141.6","height:hub":"81.6","manufacturer":"Siemens","manufacturer:wikidata":"Q820588","model":"SWT-3.6-120","note":"position only approximate","offshore":"yes","operator":"Ørsted","operator:wikidata":"Q1241260","power":"generator","rotor:diameter":"120","rotor:swept_area":"11300","seamark:landmark:category":"windmotor","seamark:light:character":"Fl","seamark:light:colour":"yellow","seamark:light:group":"3","seamark:light:period":"10","seamark:type":"landmark","voltage":"690"}}},{"type":"Feature","geometry":{"type":"Point","coordinates":[11.5154035,56.7146502]},"properties":{"osm_id":4101472519,"osm_type":"node","seamark_type":"building","display_class":"OTHER","min_zoom":12,"importance":1,"name":null,"ref":null,"common":{"type":"building"},"children":{"building":{"function":"harbour_master"}},"osm_tags":{"seamark:building:function":"harbour_master","seamark:type":"building"}}},{"type":"Feature","geometry":{"type":"Point","coordinates":[11.5087473,56.7160564]},"properties":{"osm_id":4102265510,"osm_type":"node","seamark_type":"buoy_lateral","display_class":"OTHER","min_zoom":12,"importance":1,"name":null,"ref":null,"common":{"type":"buoy_lateral"},"children":{"buoy_lateral":{"category":"port","colour":"red","shape":"spar","system":"iala-a"}},"osm_tags":{"seamark:buoy_lateral:category":"port","seamark:buoy_lateral:colour":"red","seamark:buoy_lateral:shape":"spar","seamark:buoy_lateral:system":"iala-a","seamark:type":"buoy_lateral"}}},{"type":"Feature","geometry":{"type":"Point","coordinates":[11.5093323,56.7160801]},"properties":{"osm_id":4102265511,"osm_type":"node","seamark_type":"buoy_lateral","display_class":"OTHER","min_zoom":12,"importance":1,"name":null,"ref":null,"common":{"type":"buoy_lateral"},"children":{"buoy_lateral":{"category":"port","colour":"red","shape":"spar","system":"iala-a"}},"osm_tags":{"seamark:buoy_lateral:category":"port","seamark:buoy_lateral:colour":"red","seamark:buoy_lateral:shape":"spar","seamark:buoy_lateral:system":"iala-a","seamark:type":"buoy_lateral"}}},{"type":"Feature","geometry":{"type":"Point","coordinates":[11.5107083,56.7164378]},"properties":{"osm_id":4102265512,"osm_type":"node","seamark_type":"rescue_station","display_class":"OTHER","min_zoom":12,"importance":1,"name":null,"ref":null,"common":{"type":"rescue_station"},"children":{"rescue_station":{"category":"lifeboat"}},"osm_tags":{"seamark:rescue_station:category":"lifeboat","seamark:type":"rescue_station"}}},{"type":"Feature","geometry":{"type":"Point","coordinates":[11.8270167,56.7529667]},"properties":{"osm_id":4103906251,"osm_type":"node","seamark_type":"buoy_cardinal","display_class":"OTHER","min_zoom":12,"importance":1,"name":null,"ref":null,"common":{"type":"buoy_cardinal"},"children":{"buoy_cardinal":{"category":"east","colour":"black;yellow;black","colour_pattern":"horizontal","shape":"pillar"},"light":{"character":"Q","colour":"white","group":"3","period":"10"},"topmark":{"colour":"black","shape":"2 cones base together"}},"osm_tags":{"seamark:buoy_cardinal:category":"east","seamark:buoy_cardinal:colour":"black;yellow;black","seamark:buoy_cardinal:colour_pattern":"horizontal","seamark:buoy_cardinal:shape":"pillar","seamark:light:character":"Q","seamark:light:colour":"white","seamark:light:group":"3","seamark:light:period":"10","seamark:topmark:colour":"black","seamark:topmark:shape":"2 cones base together","seamark:type":"buoy_cardinal"}}},{"type":"Feature","geometry":{"type":"Point","coordinates":[11.9795167,56.9927167]},"properties":{"osm_id":4103909457,"osm_type":"node","seamark_type":"buoy_cardinal","display_class":"OTHER","min_zoom":12,"importance":1,"name":null,"ref":null,"common":{"type":"buoy_cardinal"},"children":{"buoy_cardinal":{"category":"east","colour":"black;yellow;black","colour_pattern":"horizontal","shape":"pillar"},"light":{"character":"Q","colour":"white","group":"3","period":"10","range":"5.8"},"topmark":{"colour":"black","shape":"2 cones base together"}},"osm_tags":{"seamark:buoy_cardinal:category":"east","seamark:buoy_cardinal:colour":"black;yellow;black","seamark:buoy_cardinal:colour_pattern":"horizontal","seamark:buoy_cardinal:shape":"pillar","seamark:light:character":"Q","seamark:light:colour":"white","seamark:light:group":"3","seamark:light:period":"10","seamark:light:range":"5.8","seamark:topmark:colour":"black","seamark:topmark:shape":"2 cones base together","seamark:type":"buoy_cardinal","source":"UfS 2020:810 Nr 15004"}}},{"type":"Feature","geometry":{"type":"Point","coordinates":[11.3336833,56.57255]},"properties":{"osm_id":4107790753,"osm_type":"node","seamark_type":"buoy_special_purpose","display_class":"OTHER","min_zoom":12,"importance":1,"name":null,"ref":null,"common":{"type":"buoy_special_purpose"},"children":{"buoy_special_purpose":{"colour":"yellow","shape":"spar"},"light":{"character":"Fl","colour":"yellow","group":"3","period":"10"}},"osm_tags":{"seamark:buoy_special_purpose:colour":"yellow","seamark:buoy_special_purpose:shape":"spar","seamark:light:character":"Fl","seamark:light:colour":"yellow","seamark:light:group":"3","seamark:light:period":"10","seamark:type":"buoy_special_purpose"}}},{"type":"Feature","geometry":{"type":"Point","coordinates":[11.43145,56.645]},"properties":{"osm_id":4107794339,"osm_type":"node","seamark_type":"buoy_cardinal","display_class":"OTHER","min_zoom":12,"importance":1,"name":null,"ref":null,"common":{"type":"buoy_cardinal"},"children":{"buoy_cardinal":{"category":"south","colour":"yellow;black","colour_pattern":"horizontal","shape":"pillar"},"light":{"character":"Q+LFl","colour":"white","group":"6","period":"15"},"topmark":{"colour":"black","shape":"2 cones down"}},"osm_tags":{"seamark:buoy_cardinal:category":"south","seamark:buoy_cardinal:colour":"yellow;black","seamark:buoy_cardinal:colour_pattern":"horizontal","seamark:buoy_cardinal:shape":"pillar","seamark:light:character":"Q+LFl","seamark:light:colour":"white","seamark:light:group":"6","seamark:light:period":"15","seamark:topmark:colour":"black","seamark:topmark:shape":"2 cones down","seamark:type":"buoy_cardinal"}}},{"type":"Feature","geometry":{"type":"Point","coordinates":[11.3743667,56.7837833]},"properties":{"osm_id":4107795695,"osm_type":"node","seamark_type":"buoy_cardinal","display_class":"OTHER","min_zoom":12,"importance":1,"name":null,"ref":null,"common":{"type":"buoy_cardinal"},"children":{"buoy_cardinal":{"category":"west","colour":"yellow;black;yellow","colour_pattern":"horizontal","shape":"pillar"},"topmark":{"colour":"black","shape":"2 cones point together"}},"osm_tags":{"seamark:buoy_cardinal:category":"west","seamark:buoy_cardinal:colour":"yellow;black;yellow","seamark:buoy_cardinal:colour_pattern":"horizontal","seamark:buoy_cardinal:shape":"pillar","seamark:topmark:colour":"black","seamark:topmark:shape":"2 cones point together","seamark:type":"buoy_cardinal"}}},{"type":"Feature","geometry":{"type":"Point","coordinates":[11.0996167,56.3976333]},"properties":{"osm_id":4107796982,"osm_type":"node","seamark_type":"buoy_safe_water","display_class":"OTHER","min_zoom":12,"importance":1,"name":null,"ref":null,"common":{"type":"buoy_safe_water"},"children":{"buoy_safe_water":{"colour":"red;white","colour_pattern":"vertical","shape":"pillar"},"light":{"character":"LFl","colour":"white","period":"10"},"topmark":{"colour":"red","shape":"sphere"}},"osm_tags":{"seamark:buoy_safe_water:colour":"red;white","seamark:buoy_safe_water:colour_pattern":"vertical","seamark:buoy_safe_water:shape":"pillar","seamark:light:character":"LFl","seamark:light:colour":"white","seamark:light:period":"10","seamark:topmark:colour":"red","seamark:topmark:shape":"sphere","seamark:type":"buoy_safe_water"}}},{"type":"Feature","geometry":{"type":"Point","coordinates":[11.1319,56.1200833]},"properties":{"osm_id":4107810058,"osm_type":"node","seamark_type":"buoy_cardinal","display_class":"OTHER","min_zoom":12,"importance":1,"name":null,"ref":null,"common":{"type":"buoy_cardinal"},"children":{"buoy_cardinal":{"category":"south","colour":"yellow;black","colour_pattern":"horizontal","shape":"pillar"},"light":{"character":"Q+LFl","colour":"white","group":"6","period":"15"},"topmark":{"colour":"black","shape":"2 cones down"}},"osm_tags":{"seamark:buoy_cardinal:category":"south","seamark:buoy_cardinal:colour":"yellow;black","seamark:buoy_cardinal:colour_pattern":"horizontal","seamark:buoy_cardinal:shape":"pillar","seamark:light:character":"Q+LFl","seamark:light:colour":"white","seamark:light:group":"6","seamark:light:period":"15","seamark:topmark:colour":"black","seamark:topmark:shape":"2 cones down","seamark:type":"buoy_cardinal"}}},{"type":"Feature","geometry":{"type":"Point","coordinates":[11.2948833,56.0022833]},"properties":{"osm_id":4107814167,"osm_type":"node","seamark_type":"buoy_lateral","display_class":"OTHER","min_zoom":12,"importance":1,"name":null,"ref":null,"common":{"type":"buoy_lateral"},"children":{"buoy_lateral":{"category":"port","colour":"red","shape":"spar","system":"iala-a"}},"osm_tags":{"seamark:buoy_lateral:category":"port","seamark:buoy_lateral:colour":"red","seamark:buoy_lateral:shape":"spar","seamark:buoy_lateral:system":"iala-a","seamark:type":"buoy_lateral"}}},{"type":"Feature","geometry":{"type":"Point","coordinates":[11.2905167,56.0042667]},"properties":{"osm_id":4107814168,"osm_type":"node","seamark_type":"buoy_special_purpose","display_class":"OTHER","min_zoom":12,"importance":1,"name":null,"ref":null,"common":{"type":"buoy_special_purpose"},"children":{"buoy_special_purpose":{"colour":"yellow","shape":"barrel"}},"osm_tags":{"seamark:buoy_special_purpose:colour":"yellow","seamark:buoy_special_purpose:shape":"barrel","seamark:type":"buoy_special_purpose"}}},{"type":"Feature","geometry":{"type":"Point","coordinates":[11.2893667,56.0072833]},"properties":{"osm_id":4107814169,"osm_type":"node","seamark_type":"buoy_special_purpose","display_class":"OTHER","min_zoom":12,"importance":1,"name":null,"ref":null,"common":{"type":"buoy_special_purpose"},"children":{"buoy_special_purpose":{"colour":"yellow","shape":"barrel"}},"osm_tags":{"seamark:buoy_special_purpose:colour":"yellow","seamark:buoy_special_purpose:shape":"barrel","seamark:type":"buoy_special_purpose"}}},{"type":"Feature","geometry":{"type":"Point","coordinates":[11.27055,56.02035]},"properties":{"osm_id":4107819028,"osm_type":"node","seamark_type":"rock","display_class":"OTHER","min_zoom":12,"importance":1,"name":null,"ref":null,"common":{"type":"rock"},"children":{"rock":{"water_level":"submerged"}},"osm_tags":{"seamark:rock:water_level":"submerged","seamark:type":"rock"}}},{"type":"Feature","geometry":{"type":"Point","coordinates":[11.26945,56.0272667]},"properties":{"osm_id":4107819029,"osm_type":"node","seamark_type":"rock","display_class":"OTHER","min_zoom":12,"importance":1,"name":null,"ref":null,"common":{"type":"rock"},"children":{"rock":{"water_level":"submerged"}},"osm_tags":{"seamark:rock:water_level":"submerged","seamark:type":"rock"}}},{"type":"Feature","geometry":{"type":"Point","coordinates":[11.2789222,56.0090404]},"properties":{"osm_id":4107819401,"osm_type":"node","seamark_type":"landmark","display_class":"OTHER","min_zoom":12,"importance":1,"name":null,"ref":null,"common":{"type":"landmark"},"children":{"landmark":{"category":"mast","function":"radio"},"light":{"character":"F","colour":"red"}},"osm_tags":{"description":"At skydning foregår fra land (Sjællands Odde), tilkendegives ved, at der fra en time før skydningens påbegyndelse og indtil dens ophør, vises følgende signaler: I dagslys tændes et hvidt, blinkende fyr (60 blink pr. min). I mørke tændes et fast, rødt fyr.","seamark:landmark:category":"mast","seamark:landmark:function":"radio","seamark:light:character":"F","seamark:light:colour":"red","seamark:type":"landmark"}}},{"type":"Feature","geometry":{"type":"Point","coordinates":[11.2598667,56.03955]},"properties":{"osm_id":4107829031,"osm_type":"node","seamark_type":"buoy_lateral","display_class":"OTHER","min_zoom":12,"importance":1,"name":null,"ref":null,"common":{"type":"buoy_lateral"},"children":{"buoy_lateral":{"category":"starboard","colour":"green","shape":"conical","system":"iala-a"},"light":{"character":"Fl","colour":"green","period":"3"}},"osm_tags":{"seamark:buoy_lateral:category":"starboard","seamark:buoy_lateral:colour":"green","seamark:buoy_lateral:shape":"conical","seamark:buoy_lateral:system":"iala-a","seamark:light:character":"Fl","seamark:light:colour":"green","seamark:light:period":"3","seamark:type":"buoy_lateral"}}},{"type":"Feature","geometry":{"type":"Point","coordinates":[11.2753667,56.0398833]},"properties":{"osm_id":4107829032,"osm_type":"node","seamark_type":"buoy_lateral","display_class":"OTHER","min_zoom":12,"importance":1,"name":null,"ref":null,"common":{"type":"buoy_lateral"},"children":{"buoy_lateral":{"category":"port","colour":"red","shape":"can","system":"iala-a"},"light":{"character":"Fl","colour":"red","period":"3"}},"osm_tags":{"seamark:buoy_lateral:category":"port","seamark:buoy_lateral:colour":"red","seamark:buoy_lateral:shape":"can","seamark:buoy_lateral:system":"iala-a","seamark:light:character":"Fl","seamark:light:colour":"red","seamark:light:period":"3","seamark:type":"buoy_lateral"}}},{"type":"Feature","geometry":{"type":"Point","coordinates":[11.2773167,56.0356833]},"properties":{"osm_id":4107831680,"osm_type":"node","seamark_type":"rock","display_class":"OTHER","min_zoom":12,"importance":1,"name":null,"ref":null,"common":{"type":"rock"},"children":{"rock":{"water_level":"submerged"}},"osm_tags":{"seamark:rock:water_level":"submerged","seamark:type":"rock"}}},{"type":"Feature","geometry":{"type":"Point","coordinates":[11.2703833,56.0445667]},"properties":{"osm_id":4107831681,"osm_type":"node","seamark_type":"rock","display_class":"OTHER","min_zoom":12,"importance":1,"name":null,"ref":null,"common":{"type":"rock"},"children":{"rock":{"water_level":"submerged"}},"osm_tags":{"seamark:rock:water_level":"submerged","seamark:type":"rock"}}},{"type":"Feature","geometry":{"type":"Point","coordinates":[11.2509833,56.04835]},"properties":{"osm_id":4107836001,"osm_type":"node","seamark_type":"rock","display_class":"OTHER","min_zoom":12,"importance":1,"name":null,"ref":null,"common":{"type":"rock"},"children":{"rock":{"water_level":"submerged"}},"osm_tags":{"seamark:rock:water_level":"submerged","seamark:type":"rock"}}},{"type":"Feature","geometry":{"type":"Point","coordinates":[11.2216167,56.0701667]},"properties":{"osm_id":4107836002,"osm_type":"node","seamark_type":"rock","display_class":"OTHER","min_zoom":12,"importance":1,"name":null,"ref":null,"common":{"type":"rock"},"children":{"rock":{"water_level":"awash"}},"osm_tags":{"seamark:rock:water_level":"awash","seamark:type":"rock"}}},{"type":"Feature","geometry":{"type":"Point","coordinates":[11.1867,56.1582833]},"properties":{"osm_id":4107846799,"osm_type":"node","seamark_type":"buoy_cardinal","display_class":"OTHER","min_zoom":12,"importance":1,"name":null,"ref":null,"common":{"type":"buoy_cardinal"},"children":{"buoy_cardinal":{"category":"south","colour":"yellow;black","colour_pattern":"horizontal","shape":"pillar"},"topmark":{"colour":"black","shape":"2 cones down"}},"osm_tags":{"seamark:buoy_cardinal:category":"south","seamark:buoy_cardinal:colour":"yellow;black","seamark:buoy_cardinal:colour_pattern":"horizontal","seamark:buoy_cardinal:shape":"pillar","seamark:topmark:colour":"black","seamark:topmark:shape":"2 cones down","seamark:type":"buoy_cardinal"}}},{"type":"Feature","geometry":{"type":"Point","coordinates":[11.8734167,56.08335]},"properties":{"osm_id":4108208646,"osm_type":"node","seamark_type":"obstruction","display_class":"OTHER","min_zoom":12,"importance":1,"name":null,"ref":null,"common":{"type":"obstruction"},"children":{"obstruction":{"water_level":"submerged"}},"osm_tags":{"depth":"10.9","seamark:obstruction:water_level":"submerged","seamark:type":"obstruction","source":"http://www.danskehavnelods.dk/soekortret/SORET2016/3_2016.pdf"}}},{"type":"Feature","geometry":{"type":"Point","coordinates":[11.154056,56.5959432]},"properties":{"osm_id":8654674282,"osm_type":"node","seamark_type":"light_minor","display_class":"OTHER","min_zoom":12,"importance":1,"name":null,"ref":null,"common":{"type":"light_minor"},"children":{"light":{"character":"Mo","colour":"white","group":"U","period":"15","range":"10"}},"osm_tags":{"seamark:light:character":"Mo","seamark:light:colour":"white","seamark:light:group":"U","seamark:light:period":"15","seamark:light:range":"10","seamark:type":"light_minor"}}},{"type":"Feature","geometry":{"type":"Point","coordinates":[11.1525542,56.5956536]},"properties":{"osm_id":8654674283,"osm_type":"node","seamark_type":"light_minor","display_class":"OTHER","min_zoom":12,"importance":1,"name":null,"ref":null,"common":{"type":"light_minor"},"children":{"light":{"character":"Mo","colour":"white","group":"U","period":"15","range":"10"}},"osm_tags":{"seamark:light:character":"Mo","seamark:light:colour":"white","seamark:light:group":"U","seamark:light:period":"15","seamark:light:range":"10","seamark:type":"light_minor"}}},{"type":"Feature","geometry":{"type":"Point","coordinates":[11.7977167,56.0143667]},"properties":{"osm_id":8665164221,"osm_type":"node","seamark_type":"buoy_cardinal","display_class":"OTHER","min_zoom":12,"importance":1,"name":null,"ref":null,"common":{"type":"buoy_cardinal"},"children":{"buoy_cardinal":{"category":"north","colour":"black;yellow","colour_pattern":"horizontal","shape":"pillar"},"topmark":{"colour":"black","shape":"2 cones up"}},"osm_tags":{"seamark:buoy_cardinal:category":"north","seamark:buoy_cardinal:colour":"black;yellow","seamark:buoy_cardinal:colour_pattern":"horizontal","seamark:buoy_cardinal:shape":"pillar","seamark:topmark:colour":"black","seamark:topmark:shape":"2 cones up","seamark:type":"buoy_cardinal"}}},{"type":"Feature","geometry":{"type":"Point","coordinates":[11.7431167,56.1794667]},"properties":{"osm_id":8665164222,"osm_type":"node","seamark_type":"buoy_cardinal","display_class":"OTHER","min_zoom":12,"importance":1,"name":null,"ref":null,"common":{"type":"buoy_cardinal"},"children":{"buoy_cardinal":{"category":"south","colour":"yellow;black","colour_pattern":"horizontal","shape":"pillar"},"topmark":{"colour":"black","shape":"2 cones down"}},"osm_tags":{"seamark:buoy_cardinal:category":"south","seamark:buoy_cardinal:colour":"yellow;black","seamark:buoy_cardinal:colour_pattern":"horizontal","seamark:buoy_cardinal:shape":"pillar","seamark:topmark:colour":"black","seamark:topmark:shape":"2 cones down","seamark:type":"buoy_cardinal"}}},{"type":"Feature","geometry":{"type":"Point","coordinates":[11.6580667,56.2149]},"properties":{"osm_id":8665164223,"osm_type":"node","seamark_type":"buoy_cardinal","display_class":"OTHER","min_zoom":12,"importance":1,"name":null,"ref":null,"common":{"type":"buoy_cardinal"},"children":{"buoy_cardinal":{"category":"north","colour":"black;yellow","colour_pattern":"horizontal","shape":"pillar"},"topmark":{"colour":"black","shape":"2 cones up"}},"osm_tags":{"seamark:buoy_cardinal:category":"north","seamark:buoy_cardinal:colour":"black;yellow","seamark:buoy_cardinal:colour_pattern":"horizontal","seamark:buoy_cardinal:shape":"pillar","seamark:topmark:colour":"black","seamark:topmark:shape":"2 cones up","seamark:type":"buoy_cardinal"}}},{"type":"Feature","geometry":{"type":"Point","coordinates":[11.4843667,56.3096333]},"properties":{"osm_id":8665539731,"osm_type":"node","seamark_type":"buoy_cardinal","display_class":"OTHER","min_zoom":12,"importance":1,"name":null,"ref":null,"common":{"type":"buoy_cardinal"},"children":{"buoy_cardinal":{"category":"west","colour":"yellow;black;yellow","colour_pattern":"horizontal","shape":"pillar"},"light":{"character":"Q","colour":"white","group":"9","period":"15"},"topmark":{"colour":"black","shape":"2 cones point together"}},"osm_tags":{"seamark:buoy_cardinal:category":"west","seamark:buoy_cardinal:colour":"yellow;black;yellow","seamark:buoy_cardinal:colour_pattern":"horizontal","seamark:buoy_cardinal:shape":"pillar","seamark:light:character":"Q","seamark:light:colour":"white","seamark:light:group":"9","seamark:light:period":"15","seamark:topmark:colour":"black","seamark:topmark:shape":"2 cones point together","seamark:type":"buoy_cardinal"}}},{"type":"Feature","geometry":{"type":"Point","coordinates":[11.36175,56.32985]},"properties":{"osm_id":8665539732,"osm_type":"node","seamark_type":"buoy_cardinal","display_class":"OTHER","min_zoom":12,"importance":1,"name":null,"ref":null,"common":{"type":"buoy_cardinal"},"children":{"buoy_cardinal":{"category":"east","colour":"black;yellow;black","colour_pattern":"horizontal","shape":"pillar"},"light":{"character":"Q","colour":"white","group":"3","period":"10"},"topmark":{"colour":"black","shape":"2 cones base together"}},"osm_tags":{"seamark:buoy_cardinal:category":"east","seamark:buoy_cardinal:colour":"black;yellow;black","seamark:buoy_cardinal:colour_pattern":"horizontal","seamark:buoy_cardinal:shape":"pillar","seamark:light:character":"Q","seamark:light:colour":"white","seamark:light:group":"3","seamark:light:period":"10","seamark:topmark:colour":"black","seamark:topmark:shape":"2 cones base together","seamark:type":"buoy_cardinal"}}},{"type":"Feature","geometry":{"type":"Point","coordinates":[11.2075167,56.2440333]},"properties":{"osm_id":8665539733,"osm_type":"node","seamark_type":"buoy_cardinal","display_class":"OTHER","min_zoom":12,"importance":1,"name":null,"ref":null,"common":{"type":"buoy_cardinal"},"children":{"buoy_cardinal":{"category":"north","colour":"black;yellow","colour_pattern":"horizontal","shape":"pillar"},"topmark":{"colour":"black","shape":"2 cones up"}},"osm_tags":{"seamark:buoy_cardinal:category":"north","seamark:buoy_cardinal:colour":"black;yellow","seamark:buoy_cardinal:colour_pattern":"horizontal","seamark:buoy_cardinal:shape":"pillar","seamark:topmark:colour":"black","seamark:topmark:shape":"2 cones up","seamark:type":"buoy_cardinal"}}},{"type":"Feature","geometry":{"type":"Point","coordinates":[11.7448667,56.26855]},"properties":{"osm_id":8665657569,"osm_type":"node","seamark_type":"buoy_cardinal","display_class":"OTHER","min_zoom":12,"importance":1,"name":null,"ref":null,"common":{"type":"buoy_cardinal"},"children":{"buoy_cardinal":{"category":"south","colour":"yellow;black","colour_pattern":"horizontal","shape":"pillar"},"topmark":{"colour":"black","shape":"2 cones down"}},"osm_tags":{"seamark:buoy_cardinal:category":"south","seamark:buoy_cardinal:colour":"yellow;black","seamark:buoy_cardinal:colour_pattern":"horizontal","seamark:buoy_cardinal:shape":"pillar","seamark:topmark:colour":"black","seamark:topmark:shape":"2 cones down","seamark:type":"buoy_cardinal"}}},{"type":"Feature","geometry":{"type":"Point","coordinates":[11.7387667,56.3174667]},"properties":{"osm_id":8665657570,"osm_type":"node","seamark_type":"buoy_cardinal","display_class":"OTHER","min_zoom":12,"importance":1,"name":null,"ref":null,"common":{"type":"buoy_cardinal"},"children":{"buoy_cardinal":{"category":"north","colour":"black;yellow","colour_pattern":"horizontal","shape":"pillar"},"topmark":{"colour":"black","shape":"2 cones up"}},"osm_tags":{"seamark:buoy_cardinal:category":"north","seamark:buoy_cardinal:colour":"black;yellow","seamark:buoy_cardinal:colour_pattern":"horizontal","seamark:buoy_cardinal:shape":"pillar","seamark:topmark:colour":"black","seamark:topmark:shape":"2 cones up","seamark:type":"buoy_cardinal"}}},{"type":"Feature","geometry":{"type":"Point","coordinates":[11.8352833,56.4639333]},"properties":{"osm_id":8680710845,"osm_type":"node","seamark_type":"buoy_special_purpose","display_class":"OTHER","min_zoom":12,"importance":1,"name":null,"ref":null,"common":{"type":"buoy_special_purpose"},"children":{"buoy_special_purpose":{"colour":"yellow","shape":"pillar"},"light":{"character":"Fl","colour":"yellow","group":"5","period":"20"},"topmark":{"colour":"yellow","shape":"x-shape"}},"osm_tags":{"seamark:buoy_special_purpose:colour":"yellow","seamark:buoy_special_purpose:shape":"pillar","seamark:light:character":"Fl","seamark:light:colour":"yellow","seamark:light:group":"5","seamark:light:period":"20","seamark:topmark:colour":"yellow","seamark:topmark:shape":"x-shape","seamark:type":"buoy_special_purpose","source":"Ufs 2021 march 18"}}},{"type":"Feature","geometry":{"type":"Point","coordinates":[11.9964667,56.7165]},"properties":{"osm_id":8688187288,"osm_type":"node","seamark_type":"buoy_special_purpose","display_class":"OTHER","min_zoom":12,"importance":1,"name":null,"ref":null,"common":{"type":"buoy_special_purpose"},"children":{"buoy_special_purpose":{"colour":"yellow","shape":"spar"},"light":{"character":"Fl","colour":"yellow","group":"5","period":"20"}},"osm_tags":{"seamark:buoy_special_purpose:colour":"yellow","seamark:buoy_special_purpose:shape":"spar","seamark:light:character":"Fl","seamark:light:colour":"yellow","seamark:light:group":"5","seamark:light:period":"20","seamark:type":"buoy_special_purpose","source":"Ufs 2020 dec 10"}}},{"type":"Feature","geometry":{"type":"Point","coordinates":[11.9780333,56.7972167]},"properties":{"osm_id":8688187290,"osm_type":"node","seamark_type":"buoy_special_purpose","display_class":"OTHER","min_zoom":12,"importance":1,"name":null,"ref":null,"common":{"type":"buoy_special_purpose"},"children":{"buoy_special_purpose":{"colour":"yellow","shape":"spar"},"light":{"character":"Fl","colour":"yellow","group":"5","period":"20"}},"osm_tags":{"seamark:buoy_special_purpose:colour":"yellow","seamark:buoy_special_purpose:shape":"spar","seamark:light:character":"Fl","seamark:light:colour":"yellow","seamark:light:group":"5","seamark:light:period":"20","seamark:type":"buoy_special_purpose","source":"Ufs 2020 dec 10"}}},{"type":"Feature","geometry":{"type":"Point","coordinates":[11.8678833,56.94935]},"properties":{"osm_id":8753694232,"osm_type":"node","seamark_type":"buoy_cardinal","display_class":"OTHER","min_zoom":12,"importance":1,"name":null,"ref":null,"common":{"type":"buoy_cardinal"},"children":{"buoy_cardinal":{"category":"west","colour":"yellow;black;yellow","colour_pattern":"horizontal","shape":"pillar"},"light":{"character":"Q","colour":"white","group":"9","period":"15"}},"osm_tags":{"seamark:buoy_cardinal:category":"west","seamark:buoy_cardinal:colour":"yellow;black;yellow","seamark:buoy_cardinal:colour_pattern":"horizontal","seamark:buoy_cardinal:shape":"pillar","seamark:light:character":"Q","seamark:light:colour":"white","seamark:light:group":"9","seamark:light:period":"15","seamark:type":"buoy_cardinal","source":"UfS 2020:810 Nr 15004"}}},{"type":"Feature","geometry":{"type":"Point","coordinates":[11.0401833,56.3542]},"properties":{"osm_id":10079344887,"osm_type":"node","seamark_type":"wreck","display_class":"OTHER","min_zoom":12,"importance":1,"name":null,"ref":null,"common":{"type":"wreck"},"children":{"wreck":{"water_level":"submerged"}},"osm_tags":{"seamark:type":"wreck","seamark:wreck:water_level":"submerged","source":"Ufs 2022:931"}}},{"type":"Feature","geometry":{"type":"Point","coordinates":[11.513788,56.7155868]},"properties":{"osm_id":11813368202,"osm_type":"node","seamark_type":"small_craft_facility","display_class":"OTHER","min_zoom":12,"importance":1,"name":null,"ref":null,"common":{"type":"small_craft_facility"},"children":{"small_craft_facility":{"category":"fuel_station"}},"osm_tags":{"seamark:small_craft_facility:category":"fuel_station","seamark:type":"small_craft_facility","waterway":"fuel"}}},{"type":"Feature","geometry":{"type":"Polygon","coordinates":[[[11.5190439,56.7166044],[11.5190238,56.7165978],[11.5190142,56.7165891],[11.519013,56.7165763],[11.5190177,56.7165696],[11.5190253,56.7165643],[11.5190439,56.7165585],[11.5190651,56.7165583],[11.5190812,56.7165624],[11.5190925,56.7165692],[11.5190987,56.7165818],[11.5190937,56.7165925],[11.5190823,56.7166001],[11.5190625,56.7166049],[11.5190439,56.7166044]]]},"properties":{"osm_id":127985260,"osm_type":"way","seamark_type":"landmark","display_class":"OTHER","min_zoom":12,"importance":1,"name":null,"ref":null,"common":{"type":"landmark"},"children":{"landmark":{"category":"tower","function":"radar"}},"osm_tags":{"building":"yes","communication:CRSD":"yes","communication:radio":"yes","loc_name":"Radartårnet","man_made":"tower","monitoring:weather":"yes","monitoring_station":"yes","ref:wmo":"6079","seamark:landmark:category":"tower","seamark:landmark:function":"radar","seamark:type":"landmark","tower:construction":"freestanding","tower:type":"radar"}}},{"type":"Feature","geometry":{"type":"LineString","coordinates":[[11.0996931,56.0225019],[11.1138834,56.3979578],[11.1137779,56.3983764],[11.1123411,56.4040748],[11.0306069,56.7268407],[10.8158622,56.8508367],[10.882569,56.9665021]]},"properties":{"osm_id":775566164,"osm_type":"way","seamark_type":"recommended_traffic_lane","display_class":"OTHER","min_zoom":12,"importance":1,"name":null,"ref":null,"common":{"type":"recommended_traffic_lane"},"children":{},"osm_tags":{"seamark:type":"recommended_traffic_lane"}}},{"type":"Feature","geometry":{"type":"LineString","coordinates":[[10.852767,56.9658313],[10.7841407,56.8468302],[11.0040622,56.7198263],[11.0857859,56.3970423],[11.0716428,56.0228314]]},"properties":{"osm_id":775566165,"osm_type":"way","seamark_type":"recommended_traffic_lane","display_class":"OTHER","min_zoom":12,"importance":1,"name":null,"ref":null,"common":{"type":"recommended_traffic_lane"},"children":{},"osm_tags":{"seamark:type":"recommended_traffic_lane"}}},{"type":"Feature","geometry":{"type":"LineString","coordinates":[[11.6954664,56.5559168],[11.5010913,56.5053703],[11.3067162,56.4547563],[11.1123411,56.4040748]]},"properties":{"osm_id":996617994,"osm_type":"way","seamark_type":"recommended_traffic_lane","display_class":"OTHER","min_zoom":12,"importance":1,"name":null,"ref":null,"common":{"type":"recommended_traffic_lane"},"children":{},"osm_tags":{"seamark:type":"recommended_traffic_lane"}}},{"type":"Feature","geometry":{"type":"LineString","coordinates":[[11.1137779,56.3983764],[11.309219,56.4493078],[11.5046601,56.5001709],[11.7001012,56.550966]]},"properties":{"osm_id":996617995,"osm_type":"way","seamark_type":"recommended_traffic_lane","display_class":"OTHER","min_zoom":12,"importance":1,"name":null,"ref":null,"common":{"type":"recommended_traffic_lane"},"children":{},"osm_tags":{"seamark:type":"recommended_traffic_lane"}}},{"type":"Feature","geometry":{"type":"LineString","coordinates":[[11.9095,56.6026667],[11.965125,56.540321]]},"properties":{"osm_id":1113440278,"osm_type":"way","seamark_type":"recommended_traffic_lane","display_class":"OTHER","min_zoom":12,"importance":1,"name":null,"ref":null,"common":{"type":"recommended_traffic_lane"},"children":{"recommended_traffic_lane":{"orientation":"south"}},"osm_tags":{"seamark:recommended_traffic_lane:orientation":"south","seamark:type":"recommended_traffic_lane"}}},{"type":"Feature","geometry":{"type":"Point","coordinates":[11.0856667,56.0226187]},"properties":{"osm_id":1907445593,"osm_type":"node","seamark_type":"buoy_safe_water","display_class":"OTHER","min_zoom":12,"importance":1,"name":"13","ref":null,"common":{"name":"13","type":"buoy_safe_water"},"children":{"buoy_safe_water":{"colour":"red;white","colour_pattern":"vertical","shape":"pillar"},"light":{"character":"LFl","colour":"white","period":"10"},"topmark":{"colour":"red","shape":"sphere"}},"osm_tags":{"seamark:buoy_safe_water:colour":"red;white","seamark:buoy_safe_water:colour_pattern":"vertical","seamark:buoy_safe_water:shape":"pillar","seamark:light:character":"LFl","seamark:light:colour":"white","seamark:light:period":"10","seamark:name":"13","seamark:topmark:colour":"red","seamark:topmark:shape":"sphere","seamark:type":"buoy_safe_water","waypoint":"WP643"}}},{"type":"Feature","geometry":{"type":"Point","coordinates":[11.6504509,56.7374244]},"properties":{"osm_id":1373998478,"osm_type":"node","seamark_type":"landmark","display_class":"OTHER","min_zoom":12,"importance":1,"name":"Anholt","ref":null,"common":{"name":"Anholt","type":"landmark"},"children":{"landmark":{"category":"tower","colour":"white","construction":"masonry"},"light":{"1:character":"Fl","1:colour":"white","1:height":"40","1:period":"15","1:range":"14","1:sector_end":"53","1:sector_start":"76","1:sequence":"0.2+(14.8)","reference":"C 0164"}},"osm_tags":{"note":"This is a landmark and not merely a light_major!","seamark:landmark:category":"tower","seamark:landmark:colour":"white","seamark:landmark:construction":"masonry","seamark:light:1:character":"Fl","seamark:light:1:colour":"white","seamark:light:1:height":"40","seamark:light:1:period":"15","seamark:light:1:range":"14","seamark:light:1:sector_end":"53","seamark:light:1:sector_start":"76","seamark:light:1:sequence":"0.2+(14.8)","seamark:light:reference":"C 0164","seamark:name":"Anholt","seamark:type":"landmark"}}},{"type":"Feature","geometry":{"type":"Polygon","coordinates":[[[11.1323333,56.7031],[11.1514115,56.6015869],[11.1704595,56.4999617],[11.3258617,56.571898],[11.2577638,56.637005],[11.1895426,56.7021174],[11.1323333,56.7031]]]},"properties":{"osm_id":197341634,"osm_type":"way","seamark_type":"production_area","display_class":"OTHER","min_zoom":12,"importance":1,"name":"Anholt Havmøllepark","ref":null,"common":{"type":"production_area"},"children":{"production_area":{"category":"wind_farm"}},"osm_tags":{"name":"Anholt Havmøllepark","name:etymology:wikidata":"Q216845","operator":"Ørsted;PensionDanmark;AIP","plant:method":"wind_turbine","plant:output:electricity":"400 MW","plant:source":"wind","power":"plant","ref:EU:ENTSOE_EIC":"45W000000000022W","seamark:production_area:category":"wind_farm","seamark:type":"production_area","source":"Dong Energy","start_date":"2013","wikidata":"Q1699945","wikipedia":"da:Anholt Havmøllepark"}}},{"type":"Feature","geometry":{"type":"Point","coordinates":[11.5077149,56.7145807]},"properties":{"osm_id":1535672182,"osm_type":"node","seamark_type":"light_minor","display_class":"OTHER","min_zoom":12,"importance":1,"name":"Anholt Havn","ref":null,"common":{"name":"Anholt Havn","type":"light_minor"},"children":{"light":{"1:character":"Fl","1:colour":"red","1:height":"8","1:period":"3","1:range":"4.5","1:sector_end":"360","1:sector_start":"0","reference":"C 0166"}},"osm_tags":{"seamark:light:1:character":"Fl","seamark:light:1:colour":"red","seamark:light:1:height":"8","seamark:light:1:period":"3","seamark:light:1:range":"4.5","seamark:light:1:sector_end":"360","seamark:light:1:sector_start":"0","seamark:light:reference":"C 0166","seamark:name":"Anholt Havn","seamark:type":"light_minor","source":"http://www.sjofartsverket.se/upload/Ufs/2013/Nr%20474.pdf"}}},{"type":"Feature","geometry":{"type":"Point","coordinates":[11.5108089,56.7157763]},"properties":{"osm_id":4101469488,"osm_type":"node","seamark_type":"harbour","display_class":"OTHER","min_zoom":12,"importance":1,"name":"Anholt Havn","ref":null,"common":{"type":"harbour"},"children":{"harbour":{"category":"ferry"}},"osm_tags":{"harbour":"yes","name":"Anholt Havn","port_of_entry":"no","seamark:harbour:category":"ferry","seamark:type":"harbour"}}},{"type":"Feature","geometry":{"type":"Polygon","coordinates":[[[11.5109052,56.7159519],[11.5132239,56.7156413],[11.5137183,56.7155747],[11.5137541,56.7155705],[11.513778,56.715568],[11.5140159,56.7155365],[11.5140279,56.7155258],[11.5140514,56.7155111],[11.5145215,56.7152785],[11.5145577,56.7152229],[11.5145838,56.7151644],[11.5145838,56.7150687],[11.5145543,56.7149775],[11.5144752,56.7147949],[11.5144484,56.7147191],[11.5143773,56.7146485],[11.5142727,56.7145771],[11.5134507,56.7143375],[11.5131301,56.714254],[11.5127103,56.7141487],[11.511968,56.7139581],[11.5119278,56.7139463],[11.5119137,56.7139562],[11.5118171,56.7139331],[11.5101381,56.7153433],[11.5099349,56.7155361],[11.5099483,56.7155714],[11.5105699,56.7157944],[11.5105904,56.7157946],[11.5107731,56.7158875],[11.5108703,56.7158732],[11.5109052,56.7159519]]]},"properties":{"osm_id":674059701,"osm_type":"way","seamark_type":"harbour","display_class":"OTHER","min_zoom":12,"importance":1,"name":"Anholt havn","ref":null,"common":{"type":"harbour"},"children":{"harbour":{"category":"marina"}},"osm_tags":{"leisure":"marina","name":"Anholt havn","name:da":"Anholt havn","name:de":"Hafen Anholt","seamark:harbour:category":"marina","seamark:type":"harbour","website":"https://www.anholthavn.dk/"}}},{"type":"Feature","geometry":{"type":"LineString","coordinates":[[10.9256382,56.4086507],[10.9275875,56.4106558],[10.9300272,56.4134751],[10.936315,56.4173822],[10.9506628,56.4233148],[10.9657859,56.4291915],[11.0179027,56.4475892],[11.0332719,56.453267],[11.0444623,56.4574422],[11.0558441,56.4616384],[11.0759672,56.4690935],[11.0947701,56.4760525],[11.1176111,56.4834726],[11.1375939,56.4898484],[11.1524781,56.4946645],[11.1699632,56.5003613],[11.1851107,56.5052621],[11.2022408,56.5128268],[11.2163676,56.5190581],[11.2296591,56.5249446],[11.2466093,56.5324625],[11.262152,56.5393657],[11.277595,56.547439],[11.2888326,56.5533425],[11.3012273,56.5598675],[11.3132421,56.566209],[11.3289108,56.5745555],[11.3501712,56.5912428],[11.3564274,56.5962922],[11.3622551,56.6021992],[11.3679057,56.6079871],[11.3788784,56.6191636],[11.3809686,56.6212207],[11.3837302,56.6241561],[11.3894103,56.630594],[11.4142201,56.6592022],[11.4184552,56.6648842],[11.4226973,56.670567],[11.4271911,56.676468],[11.4322221,56.6832541],[11.4364588,56.6888336],[11.4405568,56.6943666],[11.449721,56.6989221],[11.4601456,56.7039608],[11.4739731,56.7080373],[11.503784,56.7134641],[11.507228,56.7140599],[11.5088594,56.7147463],[11.5089669,56.7152766],[11.5090957,56.7154709],[11.5093019,56.7156766],[11.5094521,56.7157413],[11.5096267,56.71578],[11.5098625,56.7157796],[11.5100845,56.7157491],[11.5103298,56.7156825],[11.510578,56.7155886],[11.5108462,56.7155327],[11.5113183,56.715462],[11.5114926,56.7154502],[11.5116643,56.7154856],[11.5117501,56.7155739],[11.5118279,56.715674],[11.5117501,56.7157608],[11.5115892,56.7158079],[11.5108817,56.7159128]]},"properties":{"osm_id":57780910,"osm_type":"way","seamark_type":"ferry_route","display_class":"OTHER","min_zoom":12,"importance":1,"name":"Anholtfærgen","ref":null,"common":{"type":"ferry_route"},"children":{"ferry_route":{"category":"free"}},"osm_tags":{"bicycle":"yes","duration":"02:45","foot":"yes","hgv":"yes","maxlength":"6","motor_vehicle":"yes","name":"Anholtfærgen","operator":"Grenaa-Anholt Færgefart","route":"ferry","seamark:ferry_route:category":"free","seamark:type":"ferry_route","website":"https://www.anholtfergen.dk/"}}},{"type":"Feature","geometry":{"type":"Polygon","coordinates":[[[11.4856667,56.3683333],[11.402,56.2876667],[11.3836667,56.2933333],[11.4675,56.374],[11.4856667,56.3683333]]]},"properties":{"osm_id":775428556,"osm_type":"way","seamark_type":"fairway","display_class":"OTHER","min_zoom":12,"importance":1,"name":"DW Kattegat South","ref":null,"common":{"type":"fairway"},"children":{"fairway":{"information":"DW Kattegat South","minimum_depth":"19"}},"osm_tags":{"name":"DW Kattegat South","seamark:fairway:information":"DW Kattegat South","seamark:fairway:minimum_depth":"19","seamark:type":"fairway"}}},{"type":"Feature","geometry":{"type":"Point","coordinates":[11.1833333,56.1283333]},"properties":{"osm_id":6924995032,"osm_type":"node","seamark_type":"pilot_boarding","display_class":"OTHER","min_zoom":12,"importance":1,"name":"DW Route T10","ref":null,"common":{"name":"DW Route T10","type":"pilot_boarding"},"children":{"pilot_boarding":{"category":"from_shore","channel":"87"}},"osm_tags":{"operator":"DanPilot","seamark:name":"DW Route T10","seamark:pilot_boarding:category":"from_shore","seamark:pilot_boarding:channel":"87","seamark:type":"pilot_boarding","source":"https://danpilot.dk/media/1230/danpilot-information-folder-2019.pdf#page=2"}}},{"type":"Feature","geometry":{"type":"Polygon","coordinates":[[[11.2822167,56.0077833],[11.2215606,56.066171],[11.1738833,56.11195],[11.25445,56.1366667],[11.455,56.2934667],[11.6052833,56.2934667],[11.8183333,56.03945],[11.7933333,56.02],[11.6402833,55.9577833],[11.2822167,56.0077833]]]},"properties":{"osm_id":1108054789,"osm_type":"way","seamark_type":"military_area","display_class":"OTHER","min_zoom":12,"importance":1,"name":"EK R 19 MULTEX","ref":null,"common":{"name":"EK R 19 MULTEX","type":"military_area"},"children":{"military_area":{"category":"firing","restriction":"restricted_entry"}},"osm_tags":{"landuse":"military","military":"danger_area","name":"EK R 19 MULTEX","seamark:military_area:category":"firing","seamark:military_area:restriction":"restricted_entry","seamark:name":"EK R 19 MULTEX","seamark:type":"military_area"}}},{"type":"Feature","geometry":{"type":"Polygon","coordinates":[[[11.2215606,56.066171],[11.2488889,56.0772222],[11.3433333,56.0730556],[11.4044444,56.0272222],[11.3988889,55.9916667],[11.2822167,56.0077833],[11.2215606,56.066171]]]},"properties":{"osm_id":944138700,"osm_type":"way","seamark_type":"military_area","display_class":"OTHER","min_zoom":12,"importance":1,"name":"EK R 20 Gniben","ref":null,"common":{"name":"EK R 20 Gniben","type":"military_area"},"children":{"military_area":{"category":"firing","restriction":"restricted_entry"}},"osm_tags":{"landuse":"military","name":"EK R 12 Gniben","seamark:military_area:category":"firing","seamark:military_area:restriction":"restricted_entry","seamark:name":"EK R 20 Gniben","seamark:type":"military_area"}}},{"type":"Feature","geometry":{"type":"Polygon","coordinates":[[[12.0533333,56.2188833],[12.01,56.3036167],[11.9177833,56.3351333],[11.7063833,56.3233333],[11.6052833,56.2934667],[11.8183333,56.03945],[12.0533333,56.2188833]]]},"properties":{"osm_id":1108054790,"osm_type":"way","seamark_type":"military_area","display_class":"OTHER","min_zoom":12,"importance":1,"name":"EK R 22 Hesselø","ref":null,"common":{"name":"EK R 22 Hesselø","type":"military_area"},"children":{"military_area":{"category":"firing","restriction":"restricted_entry"}},"osm_tags":{"landuse":"military","military":"danger_area","name":"EK R 22 Hesselø","seamark:military_area:category":"firing","seamark:military_area:restriction":"restricted_entry","seamark:name":"EK R 22 Hesselø","seamark:type":"military_area"}}},{"type":"Feature","geometry":{"type":"Point","coordinates":[11.0833333,56.4]},"properties":{"osm_id":6924995033,"osm_type":"node","seamark_type":"pilot_boarding","display_class":"OTHER","min_zoom":12,"importance":1,"name":"Grenaa: Alfa 4","ref":null,"common":{"name":"Grenaa: Alfa 4","type":"pilot_boarding"},"children":{"pilot_boarding":{"category":"from_shore","channel":"87"}},"osm_tags":{"operator":"DanPilot","seamark:name":"Grenaa: Alfa 4","seamark:pilot_boarding:category":"from_shore","seamark:pilot_boarding:channel":"87","seamark:type":"pilot_boarding","source":"https://danpilot.dk/media/1230/danpilot-information-folder-2019.pdf#page=2"}}},{"type":"Feature","geometry":{"type":"Point","coordinates":[11.709714,56.1970578]},"properties":{"osm_id":1535649140,"osm_type":"node","seamark_type":"light_minor","display_class":"OTHER","min_zoom":12,"importance":1,"name":"Hesselo","ref":null,"common":{"information":"See Index for: Sjaellands Rev, other lights of Great Belt Hjaelm, other lights of Little Belt, Gilleleje Flak and other lights of the Sound","name":"Hesselo","type":"light_minor"},"children":{"light":{"character":"Fl","colour":"white","height":"40","period":"15","range":"14","reference":"C 0222","sequence":"0.2+(14.8)"}},"osm_tags":{"seamark:information":"See Index for: Sjaellands Rev, other lights of Great Belt Hjaelm, other lights of Little Belt, Gilleleje Flak and other lights of the Sound","seamark:light:character":"Fl","seamark:light:colour":"white","seamark:light:height":"40","seamark:light:period":"15","seamark:light:range":"14","seamark:light:reference":"C 0222","seamark:light:sequence":"0.2+(14.8)","seamark:name":"Hesselo","seamark:type":"light_minor","source":"US NGA Pub. 116. 2011-07-07."}}},{"type":"Feature","geometry":{"type":"Polygon","coordinates":[[[12.2863445,56.1291152],[12.2860937,56.1290554],[12.2859971,56.1290374],[12.2855036,56.1290404],[12.2853561,56.1290285],[12.2851791,56.1289672],[12.2850718,56.1289507],[12.2847767,56.1289343],[12.2845675,56.1289223],[12.2842618,56.1288797],[12.2839962,56.1288341],[12.2832613,56.128731],[12.2826964,56.1286869],[12.2825264,56.1286727],[12.2822447,56.1286368],[12.2820543,56.1286249],[12.2818397,56.1286099],[12.2816707,56.128595],[12.2814052,56.1285755],[12.2812283,56.1285558],[12.2810514,56.1285512],[12.2807883,56.1285127],[12.2805844,56.1285023],[12.2803001,56.1284993],[12.2800909,56.1284768],[12.2798965,56.1284612],[12.2795505,56.1284313],[12.2793748,56.128429],[12.2791105,56.12841],[12.2788015,56.1283397],[12.2786754,56.1283263],[12.2783992,56.1283337],[12.2782906,56.1283263],[12.2781068,56.128268],[12.2778922,56.1282381],[12.277605,56.1282299],[12.2770044,56.1281783],[12.2766423,56.1281514],[12.2761756,56.128123],[12.2758739,56.128105],[12.2757491,56.1280871],[12.2755775,56.1280482],[12.2751778,56.1279869],[12.2750142,56.1279809],[12.2749311,56.1279839],[12.2747862,56.127963],[12.2746843,56.1279189],[12.2743973,56.127824],[12.2711412,56.1270317],[12.2688746,56.1267237],[12.2670675,56.1264277],[12.2656004,56.1260928],[12.2646562,56.1258103],[12.2631274,56.1254291],[12.2607831,56.1247578],[12.2605149,56.1247294],[12.2602165,56.1247414],[12.2600126,56.1247085],[12.259739,56.1246098],[12.2594762,56.1244992],[12.2586071,56.1242988],[12.256633,56.1239191],[12.2552168,56.123632],[12.2532331,56.1232386],[12.2521108,56.1230161],[12.249478,56.1225403],[12.2480051,56.1221758],[12.247423,56.1221065],[12.2469,56.1220442],[12.2460578,56.1220113],[12.2444343,56.1222027],[12.2434795,56.1221908],[12.24231,56.1220413],[12.2398531,56.121509],[12.235565,56.120431],[12.2310126,56.1194576],[12.2297072,56.1191215],[12.2279227,56.1186621],[12.2241924,56.117732],[12.2227601,56.1172954],[12.2210247,56.1168079],[12.2195971,56.1164461],[12.2167037,56.1157806],[12.2150354,56.1155817],[12.2145231,56.11548],[12.2143933,56.1154402],[12.2141717,56.1153724],[12.2138518,56.1152647],[12.2134347,56.1151795],[12.2128862,56.1150793],[12.2125214,56.1150105],[12.21228,56.1149596],[12.211985,56.114861],[12.2113895,56.1146636],[12.2103453,56.1144497],[12.2090828,56.1141073],[12.2086411,56.1140361],[12.2057254,56.1135659],[12.2045553,56.1134792],[12.2041368,56.1135031],[12.2039008,56.1135659],[12.203536,56.1137424],[12.2028708,56.1138949],[12.202608,56.1138919],[12.20227,56.1138141],[12.2018462,56.1136317],[12.2013795,56.1135031],[12.2007787,56.1133984],[12.1998668,56.1133177],[12.1987939,56.1132548],[12.1970558,56.1131472],[12.1964657,56.1131561],[12.1960419,56.1131083],[12.1955538,56.1129887],[12.1934831,56.1121751],[12.1924585,56.111873],[12.191804,56.1116965],[12.1906668,56.1113615],[12.1898621,56.1111372],[12.1860695,56.1103116],[12.1830976,56.109516],[12.1825558,56.1093156],[12.1814185,56.108831],[12.1804315,56.1084481],[12.1797691,56.108237],[12.1797556,56.1082327],[12.179189,56.1079724],[12.1789026,56.1078408],[12.1779267,56.1073801],[12.1770892,56.1069847],[12.176672,56.1068104],[12.1762526,56.1066353],[12.1709955,56.1040656],[12.1681094,56.1025817],[12.1664277,56.1017873],[12.1649417,56.1010409],[12.1642869,56.1007503],[12.1639574,56.100604],[12.1623534,56.09988],[12.1611196,56.0994312],[12.1605229,56.0992385],[12.159699,56.0989889],[12.1583322,56.0986102],[12.1580388,56.0984994],[12.1569795,56.0979443],[12.1563725,56.0976598],[12.1548072,56.0968048],[12.1536902,56.096212],[12.1517202,56.0951385],[12.1508716,56.0947066],[12.1504669,56.0945441],[12.1492506,56.093921],[12.1481335,56.0934464],[12.1462772,56.0927564],[12.1456597,56.09253],[12.1443795,56.0920607],[12.1425928,56.0913268],[12.1411457,56.0905912],[12.1402861,56.0902312],[12.1386327,56.0895171],[12.1374142,56.0890385],[12.1364593,56.0886853],[12.1346208,56.0878801],[12.1336689,56.0873732],[12.1324754,56.0867822],[12.1317449,56.0864618],[12.13146,56.08634],[12.1309266,56.0861516],[12.130508,56.0859636],[12.13013,56.0858],[12.1294568,56.085581],[12.1287079,56.0853005],[12.1281376,56.0850713],[12.1275266,56.0848286],[12.1268842,56.0845504],[12.1263215,56.0842953],[12.1258768,56.0841249],[12.1255342,56.0839865],[12.1249678,56.0838199],[12.1242403,56.0835499],[12.1230567,56.0832487],[12.1225568,56.083069],[12.1219298,56.0828627],[12.121439,56.0827111],[12.1208328,56.0824777],[12.1202417,56.0822574],[12.1195257,56.0819613],[12.1186481,56.0815759],[12.117075,56.0808814],[12.1164004,56.0805978],[12.1155649,56.0802887],[12.1154295,56.0802064],[12.1152109,56.0801121],[12.1150513,56.0800462],[12.114889,56.0799864],[12.1146972,56.0798696],[12.1145095,56.079785],[12.1143311,56.0797125],[12.1141393,56.0796271],[12.113918,56.0795508],[12.1136847,56.0794445],[12.113509,56.0793697],[12.1133146,56.0792612],[12.1131912,56.0791818],[12.1129967,56.0790718],[12.1120633,56.0785712],[12.1118179,56.0784604],[12.1111017,56.0781401],[12.1108349,56.0779979],[12.1106189,56.0778901],[12.1103239,56.0777748],[12.1099015,56.0776371],[12.1097445,56.0775526],[12.1095642,56.0773763],[12.1091243,56.0771757],[12.1082835,56.0768206],[12.1075356,56.076549],[12.1073011,56.0764321],[12.1071133,56.0763543],[12.1069363,56.0762615],[12.1067753,56.0761762],[12.106544,56.076071],[12.1063442,56.0759557],[12.1060592,56.0757675],[12.1056622,56.0755864],[12.1053994,56.0754861],[12.1051955,56.0754022],[12.1050212,56.0753349],[12.1048871,56.075287],[12.104761,56.0752316],[12.1046028,56.0751597],[12.1044204,56.0750669],[12.1043158,56.075019],[12.1041656,56.0749636],[12.1039563,56.0749083],[12.1038705,56.0748693],[12.1038008,56.0748154],[12.1037069,56.0747339],[12.1036009,56.0746815],[12.1035071,56.0746418],[12.1034092,56.0746193],[12.103318,56.0745939],[12.1032402,56.0745729],[12.1031275,56.074537],[12.1030524,56.0744846],[12.1029559,56.0744247],[12.1028566,56.0743768],[12.1027306,56.0743349],[12.102583,56.0742915],[12.1024761,56.0742554],[12.1022347,56.0741207],[12.1020171,56.074022],[12.1016979,56.0738933],[12.1009298,56.0736169],[12.1007216,56.0735355],[12.1004748,56.0734008],[12.10011,56.0732451],[12.0996169,56.073084],[12.098946,56.0728409],[12.0984632,56.0726433],[12.0980119,56.0724786],[12.0978778,56.0724471],[12.0975915,56.0724112],[12.0974654,56.0723783],[12.0973903,56.0723394],[12.0973621,56.0722937],[12.0972602,56.0721927],[12.0970805,56.0721328],[12.0968833,56.0721201],[12.0967224,56.0720639],[12.0966339,56.0720055],[12.0965883,56.0719681],[12.0965025,56.0719007],[12.0964059,56.0718528],[12.0961565,56.0718057],[12.0959821,56.0717929],[12.0958829,56.071748],[12.0958212,56.0716964],[12.0957729,56.0716253],[12.0956629,56.0715579],[12.0955396,56.0715235],[12.0953599,56.071489],[12.0952338,56.0714546],[12.0951694,56.0714082],[12.0951292,56.0713573],[12.0950729,56.0712869],[12.0950139,56.0712383],[12.0948409,56.0711866],[12.0946839,56.0711657],[12.0945847,56.071135],[12.0944935,56.0710916],[12.0943353,56.0710219],[12.0942253,56.0709665],[12.0940402,56.0709112],[12.0938981,56.0708722],[12.0937639,56.0708108],[12.0936513,56.0707405],[12.093426,56.0706372],[12.093206,56.0705518],[12.0929942,56.070468],[12.0928171,56.0703797],[12.0924604,56.0702704],[12.092337,56.0702165],[12.0922109,56.0701491],[12.0921023,56.0700773],[12.0919762,56.0699927],[12.091696,56.0698811],[12.0915887,56.0698152],[12.0914867,56.0697209],[12.0913982,56.0696296],[12.0912534,56.0695637],[12.0911112,56.0695263],[12.0908403,56.0695008],[12.0907304,56.0694739],[12.0906123,56.0694245],[12.0904756,56.0693526],[12.0903039,56.0692448],[12.0900357,56.0690951],[12.0895207,56.0688915],[12.0892149,56.0687508],[12.0889145,56.068616],[12.0886141,56.0684872],[12.0883942,56.0683914],[12.0879918,56.0682537],[12.0877665,56.0682028],[12.0874447,56.0681399],[12.0872247,56.068089],[12.0869283,56.0679932],[12.0866789,56.0679086],[12.0864335,56.0678389],[12.0862041,56.0677506],[12.085952,56.0676391],[12.0856503,56.0675357],[12.0854008,56.0674332],[12.0851755,56.0673314],[12.084918,56.0672101],[12.0846659,56.0671008],[12.0844433,56.066996],[12.0840463,56.0668493],[12.0837593,56.0667444],[12.0835528,56.0666516],[12.0832363,56.0665154],[12.0828983,56.0663986],[12.0826408,56.0663027],[12.0821339,56.0661186],[12.0819676,56.0660407],[12.0814819,56.0658501],[12.0812649,56.0657592],[12.0810503,56.0656589],[12.0808437,56.0655451],[12.0805648,56.0653969],[12.0802644,56.0652426],[12.0799291,56.0650764],[12.0794758,56.0648983],[12.0789475,56.0646475],[12.0787711,56.0645876],[12.078561,56.0645386],[12.078419,56.064464],[12.0782822,56.0643877],[12.0780891,56.0643023],[12.0778876,56.0642109],[12.0775136,56.064055],[12.0772737,56.0639804],[12.0769814,56.0638741],[12.0767926,56.0638177],[12.0767148,56.0637975],[12.0766279,56.0637754],[12.0763686,56.0637042],[12.0763167,56.0636829],[12.0762444,56.0636355],[12.0760449,56.0635454],[12.0758203,56.0634803],[12.0756726,56.0634572],[12.075526,56.0634263],[12.075287,56.0633457],[12.0750049,56.0632015],[12.0740983,56.0629009],[12.0737043,56.0627422],[12.0735566,56.0626639],[12.0733662,56.0625655],[12.0731356,56.0624719],[12.0728397,56.0623565],[12.0724402,56.062176],[12.0722336,56.062079],[12.0719775,56.061984],[12.0716822,56.0618466],[12.0712602,56.0617275],[12.0709586,56.0616793],[12.0708523,56.0616536],[12.0706895,56.0615628],[12.0702093,56.0613609],[12.0696925,56.061243],[12.0692855,56.0610675],[12.0686998,56.0608751],[12.0678427,56.0606383],[12.0665891,56.0602875],[12.0660539,56.0600376],[12.0654352,56.0596741],[12.06489,56.0592349],[12.0645601,56.0590866],[12.0644098,56.0590222],[12.0641872,56.0589578],[12.0638493,56.058847],[12.0636079,56.0587916],[12.0633611,56.0587631],[12.0631304,56.0587586],[12.0629024,56.0587856],[12.062653,56.0588275],[12.0624143,56.0588889],[12.0622802,56.0589518],[12.0621561,56.0590484],[12.0623747,56.0592225],[12.0623962,56.0592431],[12.0624015,56.0592558],[12.0623901,56.0592656],[12.0623627,56.0592693],[12.0623412,56.0592667],[12.062309,56.0592584],[12.0622721,56.0592408],[12.0618966,56.05896],[12.0618403,56.0589054],[12.061792,56.0588492],[12.0617317,56.0587302],[12.0617115,56.0586912],[12.061666,56.0586291],[12.0615976,56.0585684],[12.0612314,56.0583063],[12.0609847,56.0581596],[12.0607057,56.0580053],[12.060003,56.0576324],[12.059496,56.0573509],[12.0587853,56.0570289],[12.0582166,56.0567503],[12.0578223,56.0565601],[12.0572618,56.0562725],[12.0561004,56.0556765],[12.0554244,56.0553305],[12.0551428,56.0551567],[12.0543703,56.054652],[12.0535335,56.0540859],[12.0530722,56.0537788],[12.0524874,56.0534014],[12.0519081,56.0530659],[12.0512858,56.0526989],[12.0509103,56.0524892],[12.0503095,56.0521851],[12.0500037,56.0520279],[12.0498213,56.0519185],[12.0490032,56.0513943],[12.0485339,56.0511142],[12.0480859,56.050855],[12.0474154,56.0504746],[12.0465115,56.0499937],[12.0458597,56.0496717],[12.0448458,56.0492268],[12.044194,56.0489571],[12.0432231,56.0485811],[12.0427376,56.0484149],[12.0422843,56.0483085],[12.0412651,56.0481198],[12.0410719,56.0480808],[12.0409673,56.0480449],[12.0408949,56.0479999],[12.0408198,56.0479205],[12.0405811,56.0476599],[12.0403933,56.0475011],[12.0401278,56.0473018],[12.0399159,56.0471595],[12.0396155,56.0469708],[12.0391944,56.0467071],[12.0387411,56.046427],[12.0383093,56.0461558],[12.0376763,56.0457663],[12.0339292,56.0436135],[12.0310914,56.0418067],[12.0286292,56.0403953],[12.0259952,56.0389539],[12.0240533,56.037932],[12.02166,56.03673],[12.0186793,56.0352854],[12.01768,56.03484],[12.0145744,56.0334785],[12.0088973,56.0309101],[12.007724,56.0304213],[12.0042962,56.0292643],[12.0009112,56.0279094],[12.0003065,56.0277081],[11.9998437,56.0273908],[11.998294,56.026764],[11.9944364,56.0253764],[11.9916415,56.0243751],[11.9891095,56.0235027],[11.9851077,56.0220187],[11.9823986,56.0209724],[11.9806445,56.0202108],[11.9793302,56.0197491],[11.977114,56.019079],[11.9763286,56.0188675],[11.9757695,56.0187046],[11.975356,56.0185612],[11.9748815,56.0183871],[11.97391,56.0181058],[11.9733228,56.0178992],[11.972411,56.017539],[11.9716968,56.0172615],[11.9712423,56.0173389],[11.9710627,56.0175536],[11.9706853,56.0173656],[11.9709071,56.0171125],[11.9707068,56.016878],[11.9698902,56.016577],[11.9692399,56.016313],[11.96864,56.0160946],[11.9679092,56.0158481],[11.9666962,56.0155661],[11.9659529,56.0154887],[11.9653612,56.0156048],[11.9648422,56.0157725],[11.9644732,56.015842],[11.9644002,56.0159768],[11.9647765,56.0161238],[11.9647034,56.0161891],[11.9641188,56.0159829],[11.9636183,56.0158195],[11.9636978,56.0157491],[11.9637681,56.0156868],[11.9638241,56.0155683],[11.9635381,56.0153438],[11.963083,56.0150865],[11.9624641,56.0148748],[11.9619165,56.0147173],[11.9616925,56.0146529],[11.960821,56.0143293],[11.9602154,56.0141928],[11.9598,56.013989],[11.9592683,56.0138405],[11.9581516,56.0134649],[11.9576463,56.0135367],[11.9574481,56.013471],[11.957458,56.013276],[11.9571017,56.0130826],[11.9566879,56.0129588],[11.9561955,56.013013],[11.9559086,56.0129077],[11.9558636,56.0128912],[11.9558736,56.0127687],[11.9551884,56.0125023],[11.9548372,56.0125384],[11.9543828,56.0124273],[11.9542878,56.0122669],[11.9532055,56.0117491],[11.9529667,56.0116936],[11.9526798,56.0116906],[11.9524464,56.0117806],[11.9521219,56.0116921],[11.952205,56.0115811],[11.9521621,56.0114657],[11.9520655,56.0113472],[11.9516632,56.0111448],[11.9509336,56.0108854],[11.9504857,56.0108404],[11.9501987,56.0108764],[11.950011,56.0109919],[11.9495523,56.0108584],[11.9496059,56.0107819],[11.9495603,56.0106635],[11.9492948,56.0104356],[11.9485116,56.0100472],[11.9480328,56.0098912],[11.9476332,56.009859],[11.9473395,56.0098688],[11.9471396,56.009928],[11.9470109,56.0100404],[11.9465804,56.009919],[11.9466756,56.009817],[11.9466797,56.0096731],[11.9465697,56.0094834],[11.9461502,56.0092447],[11.9452528,56.0088773],[11.9448987,56.0087846],[11.9442442,56.0086511],[11.9438419,56.0086616],[11.9436219,56.0087321],[11.94341,56.0088866],[11.9431794,56.0088041],[11.9434691,56.0086421],[11.9435681,56.0084803],[11.9434744,56.0083527],[11.9426407,56.0080043],[11.9424552,56.0079359],[11.9423264,56.0078789],[11.9421762,56.0078084],[11.9420609,56.0077559],[11.9415647,56.007621],[11.9413367,56.007585],[11.941224,56.00754],[11.9408998,56.0071997],[11.9400948,56.0067962],[11.9398883,56.0067332],[11.9393384,56.0065517],[11.9388221,56.006428],[11.9382954,56.0063859],[11.9379772,56.0064445],[11.9377025,56.0066418],[11.937424,56.0065224],[11.9377372,56.0062563],[11.9377238,56.0061078],[11.9376372,56.00599],[11.9371347,56.0056699],[11.9366644,56.0054859],[11.9365563,56.0054436],[11.9364378,56.0053999],[11.9358167,56.0051706],[11.9350469,56.0049606],[11.9348828,56.0049019],[11.9345311,56.0046895],[11.933278,56.0042902],[11.932873,56.0042528],[11.9325176,56.0043127],[11.9323217,56.0044702],[11.9319898,56.0043165],[11.9320482,56.0040803],[11.9319677,56.0038703],[11.9311791,56.0035029],[11.9297831,56.0027883],[11.9290092,56.0025815],[11.9277298,56.0023646],[11.9262171,56.0021546],[11.9257718,56.0020526],[11.9255304,56.0019146],[11.9251211,56.0016297],[11.9247365,56.0014527],[11.9240338,56.0012547],[11.9235885,56.0010657],[11.9233149,56.0008768],[11.9229126,56.0006473],[11.9226792,56.0005618],[11.922588,56.0005168],[11.9224647,56.0004433],[11.9220489,56.0001658],[11.9211572,55.9997404],[11.9200372,55.9992329],[11.9198817,55.9991534],[11.9197261,55.9990409],[11.919077,55.9985939],[11.9180089,55.9979479],[11.9165242,55.9971708],[11.9150056,55.9964671],[11.9145991,55.9963072],[11.9143309,55.9962907],[11.9141646,55.996239],[11.914064,55.996227],[11.9139869,55.9962292],[11.913891,55.9962484],[11.9137924,55.9962817],[11.9137447,55.9963113],[11.9136575,55.9962755],[11.9136791,55.9962082],[11.9136885,55.9961557],[11.9136804,55.9961227],[11.9136536,55.9960612],[11.9135436,55.9960155],[11.9134377,55.995972],[11.9132721,55.9959551],[11.9131574,55.9959577],[11.9131044,55.995966],[11.9130193,55.99599],[11.9129636,55.9960117],[11.9129328,55.9959994],[11.9129153,55.995969],[11.9128892,55.9959037],[11.9128329,55.9958062],[11.9127779,55.995756],[11.9126987,55.9957125],[11.9125975,55.9956802],[11.9125137,55.9956656],[11.9124332,55.9956645],[11.9123085,55.9956765],[11.9122448,55.9956802],[11.9122005,55.9956765],[11.912167,55.9956694],[11.9120963,55.9956478],[11.9120537,55.9956401],[11.9120041,55.9956217],[11.9120141,55.9955775],[11.9120188,55.99554],[11.9120188,55.9954552],[11.9120067,55.99539],[11.9119866,55.9953472],[11.9110412,55.9948866],[11.9105812,55.994661],[11.9090828,55.9941961],[11.9088444,55.9941567],[11.9085149,55.9941369],[11.9083662,55.9941632],[11.9082085,55.9942348],[11.9079809,55.9941531],[11.9080414,55.9940674],[11.9080552,55.9940122],[11.9079624,55.9939564],[11.9077699,55.993899],[11.9075748,55.9939024],[11.907434,55.9939719],[11.9071291,55.9938624],[11.9072245,55.9937622],[11.9071919,55.9936832],[11.9070956,55.9936049],[11.9066262,55.9935074],[11.9059503,55.9932778],[11.9055694,55.9929988],[11.9047433,55.9926583],[11.9044161,55.9924978],[11.9039118,55.9922502],[11.9032735,55.9919367],[11.9025883,55.9916694],[11.9019627,55.9914742],[11.901587,55.9913322],[11.9012513,55.9913161],[11.9004261,55.9910073],[11.9003824,55.9909835],[11.8999931,55.9908953],[11.8997026,55.9907585],[11.899036,55.9904815],[11.8989855,55.9904873],[11.8987008,55.990375],[11.8982035,55.9901788],[11.8972993,55.9898358],[11.897328,55.9898144],[11.8972737,55.9897872],[11.8968791,55.9896353],[11.8964177,55.9893983],[11.8958969,55.9891188],[11.895479,55.9889977],[11.8951759,55.9889407],[11.894913,55.9888762],[11.8947494,55.9888102],[11.8939984,55.9884411],[11.8936492,55.9883042],[11.8934418,55.9882543],[11.8932889,55.9882641],[11.8931508,55.9883433],[11.8929613,55.9882739],[11.8929845,55.988105],[11.8929349,55.9880345],[11.8927418,55.9879435],[11.8924172,55.9878627],[11.8922174,55.987847],[11.8918754,55.9879477],[11.8915578,55.987832],[11.8914449,55.9876714],[11.8909353,55.9873669],[11.8903828,55.9871178],[11.8884056,55.98643],[11.8876406,55.9862057],[11.8867716,55.9858816],[11.8865358,55.9858832],[11.8863645,55.9858267],[11.8860741,55.9857614],[11.8858787,55.9857097],[11.885695,55.9856347],[11.885267,55.9854844],[11.8848688,55.9854059],[11.8846545,55.9853272],[11.8845326,55.9852229],[11.8838348,55.9849763],[11.8834645,55.9848653],[11.8833178,55.9848312],[11.8829727,55.984757],[11.8825806,55.9846096],[11.8824756,55.9844951],[11.8822825,55.984381],[11.8819606,55.984303],[11.88173,55.9843],[11.8815321,55.9844368],[11.881335,55.9843947],[11.8814108,55.9842565],[11.8813813,55.9841965],[11.8812633,55.9840929],[11.880589,55.9839364],[11.8798792,55.9838529],[11.879037,55.9837148],[11.8785884,55.9836823],[11.8778703,55.9836578],[11.8770683,55.9836218],[11.8764085,55.9835197],[11.8751425,55.9831761],[11.8747618,55.9830956],[11.8742408,55.982963],[11.8735398,55.9826614],[11.8733113,55.9825476],[11.8731189,55.9824736],[11.8729465,55.9824414],[11.8728277,55.9824048],[11.872694,55.9823517],[11.8725283,55.982265],[11.8723332,55.982185],[11.8718648,55.9820515],[11.8717387,55.9820177],[11.8716291,55.9819675],[11.8715088,55.9818771],[11.8712667,55.9817581],[11.8711326,55.9817258],[11.8707664,55.9816786],[11.8706605,55.9816591],[11.870484,55.9815676],[11.870183,55.981455],[11.869829,55.981395],[11.8696091,55.9813664],[11.8693998,55.9812884],[11.8691289,55.9811098],[11.8688339,55.9810303],[11.8684852,55.9810123],[11.868335,55.9810438],[11.8682733,55.9811189],[11.8682442,55.9813035],[11.8679117,55.9811961],[11.8681794,55.9809448],[11.8681929,55.9808465],[11.8681526,55.9807865],[11.868052,55.9807414],[11.8677288,55.9806417],[11.8673077,55.9805441],[11.8670221,55.9804338],[11.8668003,55.9803416],[11.866444,55.980241],[11.8661973,55.9801299],[11.8659679,55.9800339],[11.8655599,55.9799337],[11.8653754,55.9799296],[11.8652553,55.9800088],[11.8651938,55.9799921],[11.8651405,55.9798163],[11.8650413,55.9797518],[11.8648481,55.9797098],[11.8646443,55.9797038],[11.8644338,55.9797835],[11.8642851,55.9797449],[11.8642688,55.9796197],[11.8641722,55.9795567],[11.8639308,55.9794922],[11.8636939,55.9794894],[11.8635616,55.9795696],[11.8634238,55.9795345],[11.8634427,55.9794231],[11.8633997,55.9793181],[11.8625897,55.979105],[11.8612272,55.9787838],[11.8604064,55.9784042],[11.8596742,55.978116],[11.8584886,55.9777063],[11.8573557,55.9773057],[11.8570704,55.9772264],[11.8569463,55.9772111],[11.8566191,55.9771931],[11.8565467,55.9771871],[11.8565011,55.9771571],[11.8564421,55.977079],[11.8563938,55.977007],[11.8562597,55.9769139],[11.8552941,55.9765898],[11.8551466,55.9765312],[11.8548784,55.9763631],[11.8544929,55.9761225],[11.8541408,55.9759759],[11.8539155,55.9758934],[11.8538216,55.9758304],[11.8537518,55.9757328],[11.8536606,55.9756428],[11.853143,55.9753486],[11.8527755,55.9752285],[11.8526521,55.9751895],[11.8525124,55.975108],[11.8521801,55.9747599],[11.7778171,55.9769424],[11.7775996,55.9769778],[11.777274,55.976989],[11.7767751,55.9769139],[11.7757076,55.9765898],[11.7752302,55.9764337],[11.7746884,55.976241],[11.7737067,55.9759654],[11.7730951,55.9757673],[11.7708716,55.9747528],[11.7702976,55.9745531],[11.7695653,55.9743745],[11.7670333,55.9736301],[11.7633582,55.9725961],[11.7617977,55.9722373],[11.7611861,55.9720661],[11.7589867,55.9713907],[11.7582895,55.9711661],[11.7579406,55.9710815],[11.7575812,55.9710004],[11.7572414,55.9709197],[11.756916,55.9708053],[11.7564708,55.9706642],[11.7555481,55.9702725],[11.755414,55.9702349],[11.7549108,55.9701803],[11.7543442,55.9701863],[11.7542934,55.9702126],[11.7536792,55.9705305],[11.7535233,55.9705477],[11.7533083,55.9704741],[11.7531302,55.97028],[11.7531535,55.9701935],[11.7531655,55.9701488],[11.7530301,55.9699767],[11.752257,55.9695598],[11.751735,55.969353],[11.7510692,55.968884],[11.7507221,55.9687198],[11.7503864,55.9686282],[11.7502001,55.9686203],[11.7499089,55.9686708],[11.74979,55.9686914],[11.7494107,55.9685514],[11.7490934,55.9684502],[11.749021,55.9684532],[11.748962,55.9684689],[11.7488868,55.9685192],[11.7487731,55.9685821],[11.748462,55.9684811],[11.7485972,55.9684126],[11.7486683,55.9683473],[11.7486656,55.9683098],[11.7486508,55.9682723],[11.7485891,55.96824],[11.7484188,55.9681785],[11.7482297,55.9681635],[11.74816,55.968174],[11.7480708,55.9682608],[11.7479802,55.9683184],[11.7476565,55.9682101],[11.7477389,55.9681364],[11.7477281,55.9680704],[11.7476718,55.9680284],[11.7475981,55.9680058],[11.7475069,55.9680156],[11.7474444,55.9680522],[11.7473427,55.9680985],[11.7469924,55.9679725],[11.7470463,55.9679025],[11.746965,55.9677672],[11.7467987,55.9676681],[11.7464367,55.967512],[11.7461711,55.9674279],[11.7458605,55.9673788],[11.7457361,55.9674233],[11.7456513,55.9674536],[11.7453018,55.9673357],[11.7453448,55.9672877],[11.7453641,55.9672227],[11.7453557,55.9671712],[11.7451733,55.9670781],[11.7449376,55.967001],[11.7446423,55.9669085],[11.7444582,55.9668717],[11.7443134,55.9668863],[11.7442243,55.9669528],[11.7438451,55.9668282],[11.7438901,55.966737],[11.7439507,55.9666543],[11.7437643,55.9665635],[11.7436052,55.9664859],[11.7421264,55.9657704],[11.7393219,55.9647976],[11.7388959,55.9646065],[11.73676,55.9635248],[11.7361946,55.96315],[11.7358092,55.9627857],[11.7341116,55.9615657],[11.7309265,55.9596299],[11.7263067,55.9572699],[11.7223583,55.9554091],[11.7175197,55.9533567],[11.7131853,55.9517589],[11.7070752,55.9499928],[11.7029893,55.948874],[11.6978688,55.9477707],[11.6927208,55.9469463],[11.6878357,55.94615],[11.6863213,55.9460119],[11.6835405,55.9457582],[11.6801402,55.9455168],[11.674633,55.944961],[11.6698243,55.9439134],[11.6670357,55.9430943],[11.6620819,55.9416391],[11.6582509,55.9406662],[11.6577967,55.940579],[11.6541554,55.9398802],[11.6530386,55.9397279],[11.6511815,55.9394746],[11.6486754,55.9391267],[11.6485829,55.9391139],[11.6449912,55.9388834],[11.6410351,55.938722],[11.6401157,55.938719],[11.6377723,55.9387076],[11.6349656,55.9388371],[11.6338102,55.9388398],[11.631146,55.9392012],[11.6303275,55.9393218],[11.629213,55.9395441],[11.6273538,55.9401851],[11.6265598,55.9405678],[11.6262049,55.9408414],[11.6261315,55.9410579],[11.6260813,55.9413354],[11.6260044,55.9415783],[11.6260039,55.9420857],[11.6259009,55.9422352],[11.6257617,55.9422876],[11.6255919,55.942315],[11.6252204,55.9423154],[11.6239529,55.9423865],[11.6203559,55.9428227],[11.6195168,55.9429329],[11.6185784,55.9430418],[11.6166794,55.9433542],[11.6143002,55.9438161],[11.6127149,55.9442461],[11.6115296,55.9445812],[11.6103324,55.9451067],[11.6101253,55.9453408],[11.6090354,55.9457184],[11.6088207,55.945837],[11.6083315,55.9461268],[11.6073588,55.9467225],[11.6069891,55.9468419],[11.606608,55.947041],[11.6063378,55.9472305],[11.6058258,55.9476988],[11.6056466,55.9479488],[11.6052314,55.9482577],[11.6046301,55.9485886],[11.6045744,55.9486193],[11.6043052,55.9489342],[11.603881,55.9493715],[11.6031216,55.9497634],[11.6017963,55.950702],[11.6014738,55.9509359],[11.6003792,55.9520109],[11.5999384,55.9523757],[11.5989976,55.9531123],[11.5971529,55.9547202],[11.5967533,55.9550896],[11.5966031,55.9553058],[11.5964487,55.9556929],[11.5960962,55.9568089],[11.596013,55.9569771],[11.5958682,55.9572864],[11.5956697,55.9576633],[11.5956571,55.9579454],[11.5957019,55.9580582],[11.5962677,55.958668],[11.5962397,55.9587181],[11.596178,55.9587594],[11.5960774,55.9587909],[11.5959191,55.9588345],[11.5955607,55.9589053],[11.5953191,55.9590947],[11.5953726,55.9591184],[11.5952432,55.959216],[11.5952336,55.959209],[11.5949667,55.959428],[11.5948851,55.9595286],[11.5948564,55.9595235],[11.5947943,55.959621],[11.5948344,55.9596594],[11.5948976,55.9596638],[11.5949528,55.959687],[11.5956058,55.9597116],[11.5956311,55.9596918],[11.5956268,55.9596352],[11.5956508,55.9595678],[11.5956388,55.959484],[11.5956307,55.9594607],[11.5956433,55.9594006],[11.5957105,55.9592619],[11.5959205,55.9591317],[11.595954,55.9590995],[11.5959728,55.9590649],[11.5959741,55.9590356],[11.5959795,55.9589313],[11.5959969,55.9588832],[11.5960452,55.9588532],[11.5961471,55.9588277],[11.596245,55.9588202],[11.5963013,55.9588442],[11.5963255,55.9588878],[11.5963644,55.9590837],[11.5962946,55.959354],[11.5962517,55.9595311],[11.5961551,55.9597093],[11.5960547,55.9597752],[11.5958781,55.959815],[11.5957011,55.9598232],[11.5948438,55.9600717],[11.5946622,55.9601727],[11.5943313,55.960483],[11.5940143,55.9606696],[11.5935482,55.9608569],[11.5932883,55.9610273],[11.5925717,55.9613719],[11.5919109,55.9616945],[11.5916231,55.9617785],[11.5911381,55.9618197],[11.5898228,55.961847],[11.5881306,55.9617927],[11.5872084,55.9618818],[11.586334,55.9619851],[11.5856221,55.9619398],[11.5842622,55.9618012],[11.5834791,55.9617116],[11.5825596,55.9614771],[11.5817051,55.9611239],[11.5807866,55.9607978],[11.5799622,55.9605522],[11.5782327,55.9600664],[11.5763873,55.9596482],[11.5757489,55.9594681],[11.5752017,55.9592879],[11.5740787,55.9588865],[11.5730262,55.9585901],[11.5722795,55.9583745],[11.5711211,55.9581085],[11.5699253,55.9578526],[11.568493,55.9574784],[11.5664416,55.9569816],[11.564378,55.956537],[11.5621973,55.9560721],[11.5597629,55.9555611],[11.5572417,55.9550866],[11.5549216,55.9547344],[11.5521369,55.9542942],[11.5485192,55.9538013],[11.545168,55.9532989],[11.5408373,55.952756],[11.5376508,55.9523776],[11.5347326,55.9520893],[11.5316319,55.95184],[11.5309721,55.9517649],[11.5261721,55.9514677],[11.5233772,55.9513583],[11.5211193,55.9513929],[11.5185739,55.951548],[11.5163863,55.9517469],[11.5143553,55.9519828],[11.5130475,55.9522846],[11.5110433,55.9528882],[11.5101147,55.9531577],[11.509096,55.9534475],[11.5080548,55.9536046],[11.5068666,55.9537374],[11.5048651,55.9540545],[11.5029908,55.9543732],[11.5018643,55.9546314],[11.5012474,55.9548429],[11.5006203,55.9550579],[11.4997855,55.9552272],[11.4990967,55.9553299],[11.4981623,55.9554847],[11.4971495,55.9556452],[11.4964789,55.9558494],[11.4961061,55.9559425],[11.4954156,55.956086],[11.4947741,55.9562243],[11.4934802,55.9566002],[11.4927077,55.9568284],[11.4919347,55.9570541],[11.4911735,55.9572789],[11.4897171,55.9576043],[11.4887649,55.9578868],[11.4877057,55.9583645],[11.4871371,55.9587849],[11.4866033,55.9592053],[11.4856511,55.9596993],[11.4845487,55.9600791],[11.4839184,55.9602383],[11.4821616,55.9604815],[11.4806577,55.9604742],[11.479102,55.9603691],[11.475996,55.9601078],[11.4728873,55.9598001],[11.4721516,55.9597503],[11.4712101,55.9597819],[11.4706385,55.9598796],[11.4699138,55.9600682],[11.4696215,55.9601032],[11.4691097,55.9600676],[11.4685956,55.9600468],[11.4680293,55.9600677],[11.4672011,55.9601993],[11.4649844,55.960426],[11.4643155,55.960494],[11.4634073,55.960492],[11.4616156,55.9605761],[11.4612776,55.9606182],[11.4609235,55.9606152],[11.4598936,55.9605551],[11.4589921,55.9605591],[11.4577907,55.960471],[11.45703,55.9604075],[11.4561063,55.9603811],[11.455594,55.9604307],[11.4549154,55.9606902],[11.4546096,55.9607593],[11.4536923,55.9608073],[11.4523563,55.9608108],[11.4497602,55.9606962],[11.4493116,55.9606907],[11.4489716,55.9607323],[11.4486176,55.9608764],[11.4483333,55.9609485],[11.4480972,55.9609455],[11.447644,55.9608811],[11.4472556,55.9608573],[11.4460639,55.9608716],[11.4438212,55.9607921],[11.4429688,55.9607803],[11.4422704,55.9607848],[11.4405354,55.9608711],[11.4376224,55.9610353],[11.4362204,55.9611707],[11.435496,55.9612176],[11.4346145,55.9612356],[11.4333251,55.9612084],[11.4320082,55.9612646],[11.4293786,55.9616513],[11.428633,55.9616933],[11.4278626,55.9616811],[11.4268981,55.9617119],[11.4248591,55.9616813],[11.4228255,55.9615971],[11.4224017,55.9616166],[11.4219484,55.9617457],[11.421774,55.9617922],[11.4215648,55.9618193],[11.419934,55.9618133],[11.4190757,55.9618733],[11.4182416,55.9620065],[11.4172663,55.9621383],[11.4162755,55.9623958],[11.4151275,55.962696],[11.4143148,55.9628535],[11.4136051,55.962925],[11.4127382,55.9629685],[11.4118112,55.9630823],[11.4109567,55.9633222],[11.4095239,55.96369],[11.4087074,55.9638477],[11.4083093,55.9639166],[11.4077246,55.9639947],[11.4058685,55.9642874],[11.4047549,55.964444],[11.4035329,55.9647028],[11.401282,55.9650928],[11.3998878,55.9654732],[11.3989592,55.9656926],[11.397058,55.965883],[11.3958516,55.9659647],[11.3944101,55.9661249],[11.392848,55.9662205],[11.3916099,55.966296],[11.3908964,55.9664161],[11.3901132,55.9666233],[11.3897324,55.9666833],[11.3894776,55.9667021],[11.3887072,55.9665952],[11.3875196,55.9665964],[11.3862804,55.9666901],[11.3849795,55.9668875],[11.3842714,55.9669866],[11.3830086,55.9671347],[11.3816364,55.967392],[11.3807969,55.9677045],[11.3802105,55.9678853],[11.3794123,55.9680405],[11.3789628,55.9682068],[11.3783383,55.9685447],[11.377308,55.9689727],[11.3769426,55.9690686],[11.3767074,55.9691478],[11.3764995,55.9692879],[11.3762132,55.969496],[11.375816,55.9697011],[11.3746839,55.9701377],[11.374375,55.9702803],[11.3737947,55.9704901],[11.3727832,55.9707287],[11.3723972,55.9708507],[11.3723127,55.9708742],[11.372215,55.9709517],[11.3720851,55.9709446],[11.3719112,55.9709616],[11.3715796,55.9710343],[11.3710809,55.9711633],[11.3707252,55.9712904],[11.3705512,55.9713921],[11.3705316,55.9713655],[11.3704025,55.9713399],[11.3703801,55.9713446],[11.3699421,55.971436],[11.3700471,55.9715977],[11.3700117,55.9716386],[11.3691382,55.9717625],[11.3686086,55.9718814],[11.3686329,55.9719641],[11.3688541,55.9724232],[11.3688354,55.9724428],[11.3688545,55.9725424],[11.368703,55.9725498],[11.368467,55.9720147],[11.3681379,55.9720764],[11.3679949,55.9720995],[11.3678128,55.9721274],[11.3671307,55.9723005],[11.367266,55.9724476],[11.36777,55.9723125],[11.3678058,55.9723595],[11.3666292,55.9726802],[11.3668581,55.9728484],[11.3670558,55.9729923],[11.3674215,55.9730062],[11.3688473,55.9726702],[11.3689046,55.9726668],[11.3693293,55.972721],[11.3693509,55.9727594],[11.3709701,55.9723703],[11.3713134,55.972391],[11.3713495,55.9723845],[11.3718814,55.9722304],[11.3718884,55.9722168],[11.3719418,55.9721882],[11.3720034,55.9721839],[11.3720591,55.9721992],[11.3720859,55.9722265],[11.3720839,55.9722599],[11.3720638,55.9722811],[11.3720289,55.9722961],[11.3719221,55.9723338],[11.3715239,55.9724454],[11.3712566,55.9725759],[11.3708158,55.9725821],[11.3694376,55.9729129],[11.3692198,55.9729365],[11.3689441,55.972929],[11.3687196,55.9729477],[11.3677616,55.9731604],[11.3674793,55.9731952],[11.3672081,55.9731903],[11.3669836,55.9731505],[11.3668124,55.9730547],[11.3666546,55.9729999],[11.3665134,55.973007],[11.3662651,55.9730228],[11.366078,55.9730207],[11.3660055,55.9730102],[11.3656461,55.9730748],[11.3654476,55.9731018],[11.3649648,55.9731588],[11.364069,55.9732669],[11.3619983,55.9736691],[11.3606679,55.9740113],[11.3592854,55.9744458],[11.3583083,55.9747336],[11.3575774,55.975047],[11.3567734,55.9753831],[11.3558829,55.9756953],[11.3552303,55.9760204],[11.3547349,55.9762356],[11.3529646,55.976962],[11.3515162,55.9774962],[11.3511622,55.9776763],[11.350615,55.9780965],[11.3502717,55.9782856],[11.3497889,55.9784387],[11.3489038,55.9785948],[11.3474339,55.9787988],[11.3454455,55.9790694],[11.3446498,55.979195],[11.3438773,55.9793661],[11.3432068,55.9795432],[11.341635,55.9798133],[11.3407391,55.9800504],[11.3401866,55.9802335],[11.3389682,55.9804189],[11.3378906,55.9806176],[11.3373917,55.9807437],[11.3370699,55.9808818],[11.336748,55.9809778],[11.3362652,55.9810558],[11.3359702,55.9811279],[11.3356858,55.9812329],[11.3353801,55.9812989],[11.3347846,55.9813559],[11.334216,55.981428],[11.3338888,55.981458],[11.3333791,55.981482],[11.3328052,55.981542],[11.3324726,55.981605],[11.3321024,55.9817011],[11.3316518,55.9818361],[11.3313568,55.9820012],[11.331017,55.9821148],[11.3305575,55.9821963],[11.3293558,55.9823313],[11.3285994,55.9825444],[11.3278323,55.9828205],[11.3264438,55.9831264],[11.3258153,55.9832196],[11.324898,55.9833127],[11.3244259,55.9833577],[11.3225216,55.9837358],[11.3214557,55.9840115],[11.3211523,55.9840877],[11.3203651,55.984222],[11.3191795,55.984429],[11.3171488,55.9848429],[11.3164115,55.9849932],[11.3154459,55.9851973],[11.314373,55.9854839],[11.3132867,55.9857674],[11.3130507,55.985874],[11.3127744,55.986072],[11.3125813,55.9861951],[11.312396,55.9862667],[11.3120985,55.9863916],[11.3112938,55.9867097],[11.3086867,55.9872401],[11.3068166,55.9876973],[11.3053985,55.9881719],[11.3039463,55.9887919],[11.3026464,55.9894223],[11.3017881,55.9898484],[11.3008562,55.9902432],[11.3004259,55.9904701],[11.2999057,55.9908424],[11.2992369,55.9911784],[11.2981377,55.9918624],[11.2973505,55.992493],[11.2961097,55.9935405],[11.2955117,55.9942139],[11.2954259,55.9944194],[11.2954339,55.9947089],[11.2954205,55.9948694],[11.2952864,55.9951485],[11.294876,55.9956105],[11.2944388,55.996152],[11.2938246,55.9966515],[11.2927705,55.997451],[11.2923789,55.997784],[11.2914911,55.998351],[11.2904638,55.9990259],[11.2895673,55.9996304],[11.2887901,56.0001793],[11.2873203,56.0011227],[11.287052,56.0013507],[11.2869769,56.0014347],[11.2868611,56.001644],[11.286762,56.0017652],[11.2864246,56.0020128],[11.2861461,56.0023718],[11.2857248,56.0028853],[11.2851891,56.0032991],[11.284508,56.0040695],[11.2839478,56.0046304],[11.2839134,56.0046923],[11.283894,56.0047271],[11.2834807,56.004941],[11.2830117,56.0051837],[11.2824753,56.0057162],[11.2822979,56.0061654],[11.282287,56.0062303],[11.2824419,56.0063203],[11.2823932,56.0063671],[11.282254,56.0064148],[11.2819203,56.0067954],[11.2813096,56.0072842],[11.2805805,56.0080302],[11.2803068,56.0084691],[11.2796569,56.0092101],[11.279178,56.0095412],[11.2787179,56.0098792],[11.2782663,56.010354],[11.2778328,56.0105743],[11.5438829,56.1333077],[12.0039354,56.1952457],[12.2863445,56.1291152]]]},"properties":{"osm_id":654649283,"osm_type":"way","seamark_type":"sea_area","display_class":"OTHER","min_zoom":12,"importance":1,"name":"Hesselø Bugt","ref":null,"common":{"name":"Hesselø Bugt","type":"sea_area"},"children":{"sea_area":{"category":"bay"}},"osm_tags":{"name":"Hesselø Bugt","name:etymology:wikidata":"Q1615765","natural":"bay","seamark:name":"Hesselø Bugt","seamark:sea_area:category":"bay","seamark:type":"sea_area","wikidata":"Q23753352","wikipedia":"da:Hesselø Bugt"}}},{"type":"Feature","geometry":{"type":"Point","coordinates":[11.5139838,56.7157759]},"properties":{"osm_id":3070133717,"osm_type":"node","seamark_type":"small_craft_facility","display_class":"OTHER","min_zoom":12,"importance":1,"name":"Købmanden ved havnen","ref":null,"common":{"type":"small_craft_facility"},"children":{"small_craft_facility":{"category":"provisions"}},"osm_tags":{"fvst:navnelbnr":"1395948","name":"Købmanden ved havnen","opening_hours":"Mo-Su 07:30-12:00,15:00-19:00","ref:DK:cvr":"44362937","ref:DK:cvr:pnummer":"1029730918","seamark:small_craft_facility:category":"provisions","seamark:type":"small_craft_facility","shop":"convenience","source":"letkøb.dk"}}},{"type":"Feature","geometry":{"type":"Point","coordinates":[11.9355675,56.950649]},"properties":{"osm_id":3696868877,"osm_type":"node","seamark_type":"sea_area","display_class":"OTHER","min_zoom":12,"importance":1,"name":"Lilla Middelgrund","ref":null,"common":{"name":"Lilla Middelgrund","type":"sea_area"},"children":{"sea_area":{"category":"shoal"}},"osm_tags":{"name":"Lilla Middelgrund","place":"locality","seamark:name":"Lilla Middelgrund","seamark:sea_area:category":"shoal","seamark:type":"sea_area"}}},{"type":"Feature","geometry":{"type":"Point","coordinates":[11.7956,56.3027333]},"properties":{"osm_id":1535649278,"osm_type":"node","seamark_type":"light_minor","display_class":"OTHER","min_zoom":12,"importance":1,"name":"Lysegrund","ref":null,"common":{"name":"Lysegrund","type":"light_minor"},"children":{"light":{"character":"Q","colour":"white","group":"2","height":"10","period":"5","range":"5","reference":"C 0220"}},"osm_tags":{"seamark:light:character":"Q","seamark:light:colour":"white","seamark:light:group":"2","seamark:light:height":"10","seamark:light:period":"5","seamark:light:range":"5","seamark:light:reference":"C 0220","seamark:name":"Lysegrund","seamark:type":"light_minor","source":"US NGA Pub. 116. 2011-07-07."}}},{"type":"Feature","geometry":{"type":"Point","coordinates":[11.2608167,56.1531833]},"properties":{"osm_id":4107842593,"osm_type":"node","seamark_type":"buoy_lateral","display_class":"OTHER","min_zoom":12,"importance":1,"name":"No 10","ref":null,"common":{"name":"No 10","type":"buoy_lateral"},"children":{"buoy_lateral":{"category":"port","colour":"red","shape":"can","system":"iala-a"},"light":{"character":"Fl","colour":"red","group":"2","period":"5"}},"osm_tags":{"seamark:buoy_lateral:category":"port","seamark:buoy_lateral:colour":"red","seamark:buoy_lateral:shape":"can","seamark:buoy_lateral:system":"iala-a","seamark:light:character":"Fl","seamark:light:colour":"red","seamark:light:group":"2","seamark:light:period":"5","seamark:name":"No 10","seamark:type":"buoy_lateral"}}},{"type":"Feature","geometry":{"type":"Point","coordinates":[11.2615833,56.1748167]},"properties":{"osm_id":4107843634,"osm_type":"node","seamark_type":"buoy_lateral","display_class":"OTHER","min_zoom":12,"importance":1,"name":"No 11","ref":null,"common":{"name":"No 11","type":"buoy_lateral"},"children":{"buoy_lateral":{"category":"starboard","colour":"green","shape":"conical","system":"iala-a"},"light":{"character":"Fl","colour":"green","group":"2","period":"5"}},"osm_tags":{"seamark:buoy_lateral:category":"starboard","seamark:buoy_lateral:colour":"green","seamark:buoy_lateral:shape":"conical","seamark:buoy_lateral:system":"iala-a","seamark:light:character":"Fl","seamark:light:colour":"green","seamark:light:group":"2","seamark:light:period":"5","seamark:name":"No 11","seamark:type":"buoy_lateral"}}},{"type":"Feature","geometry":{"type":"Point","coordinates":[11.9768167,56.52775]},"properties":{"osm_id":4103912013,"osm_type":"node","seamark_type":"buoy_safe_water","display_class":"OTHER","min_zoom":12,"importance":1,"name":"No 2","ref":null,"common":{"name":"No 2","type":"buoy_safe_water"},"children":{"buoy_safe_water":{"colour":"red;white","colour_pattern":"vertical","shape":"pillar"},"light":{"character":"LFl","colour":"white","period":"10"},"topmark":{"colour":"red","shape":"sphere"}},"osm_tags":{"seamark:buoy_safe_water:colour":"red;white","seamark:buoy_safe_water:colour_pattern":"vertical","seamark:buoy_safe_water:shape":"pillar","seamark:light:character":"LFl","seamark:light:colour":"white","seamark:light:period":"10","seamark:name":"No 2","seamark:topmark:colour":"red","seamark:topmark:shape":"sphere","seamark:type":"buoy_safe_water"}}},{"type":"Feature","geometry":{"type":"Point","coordinates":[11.0924167,56.2122333]},"properties":{"osm_id":4107798141,"osm_type":"node","seamark_type":"buoy_safe_water","display_class":"OTHER","min_zoom":12,"importance":1,"name":"No 5","ref":null,"common":{"name":"No 5","type":"buoy_safe_water"},"children":{"buoy_safe_water":{"colour":"red;white","colour_pattern":"vertical","shape":"pillar"},"light":{"character":"LFl","colour":"white","period":"10"},"topmark":{"colour":"red","shape":"sphere"}},"osm_tags":{"seamark:buoy_safe_water:colour":"red;white","seamark:buoy_safe_water:colour_pattern":"vertical","seamark:buoy_safe_water:shape":"pillar","seamark:light:character":"LFl","seamark:light:colour":"white","seamark:light:period":"10","seamark:name":"No 5","seamark:topmark:colour":"red","seamark:topmark:shape":"sphere","seamark:type":"buoy_safe_water"}}},{"type":"Feature","geometry":{"type":"Point","coordinates":[11.8816167,56.756317]},"properties":{"osm_id":1535671820,"osm_type":"node","seamark_type":"buoy_safe_water","display_class":"OTHER","min_zoom":12,"importance":1,"name":"No.6","ref":null,"common":{"name":"No.6","type":"buoy_safe_water"},"children":{"buoy_safe_water":{"colour":"red;white","colour_pattern":"vertical","shape":"pillar"},"light":{"character":"Iso","colour":"white","period":"8"},"radar_transponder":{"category":"racon","group":"T","period":"60"},"topmark":{"colour":"red","shape":"sphere"}},"osm_tags":{"seamark:buoy_safe_water:colour":"red;white","seamark:buoy_safe_water:colour_pattern":"vertical","seamark:buoy_safe_water:shape":"pillar","seamark:light:character":"Iso","seamark:light:colour":"white","seamark:light:period":"8","seamark:name":"No.6","seamark:radar_transponder:category":"racon","seamark:radar_transponder:group":"T","seamark:radar_transponder:period":"60","seamark:topmark:colour":"red","seamark:topmark:shape":"sphere","seamark:type":"buoy_safe_water","source":"US NGA Pub. 116. 2011-07-07."}}},{"type":"Feature","geometry":{"type":"Point","coordinates":[11.1,56.4]},"properties":{"osm_id":4101719999,"osm_type":"node","seamark_type":"pilot_boarding","display_class":"OTHER","min_zoom":12,"importance":1,"name":"Route A l/b no. 4","ref":null,"common":{"name":"Route A l/b no. 4","type":"pilot_boarding"},"children":{},"osm_tags":{"contact:website":"http://limfjordpilot.com/stations.html","seamark:name":"Route A l/b no. 4","seamark:type":"pilot_boarding"}}},{"type":"Feature","geometry":{"type":"LineString","coordinates":[[11.0998333,56.3975],[11.2992222,56.4495712],[11.4986111,56.5015712],[11.698,56.5535]]},"properties":{"osm_id":996313336,"osm_type":"way","seamark_type":"navigation_line","display_class":"OTHER","min_zoom":12,"importance":1,"name":"Route D","ref":null,"common":{"name":"Route D","type":"navigation_line"},"children":{},"osm_tags":{"seamark:name":"Route D","seamark:type":"navigation_line"}}},{"type":"Feature","geometry":{"type":"LineString","coordinates":[[11.8101667,56.888],[11.8438889,56.8348533],[11.86075,56.8082517],[11.8776111,56.7816311],[11.9113333,56.7283333]]},"properties":{"osm_id":996313337,"osm_type":"way","seamark_type":"navigation_line","display_class":"OTHER","min_zoom":12,"importance":1,"name":"Route T","ref":null,"common":{"name":"Route T","type":"navigation_line"},"children":{},"osm_tags":{"seamark:name":"Route T","seamark:type":"navigation_line"}}},{"type":"Feature","geometry":{"type":"LineString","coordinates":[[11.9113333,56.7283333],[11.8388611,56.6690395],[11.7663889,56.6096521],[11.6939167,56.5501713],[11.6214444,56.4905968],[11.5489722,56.4309286],[11.4765,56.3711667]]},"properties":{"osm_id":1113440279,"osm_type":"way","seamark_type":"recommended_track","display_class":"OTHER","min_zoom":12,"importance":1,"name":"Route T","ref":null,"common":{"name":"Route T","type":"recommended_track"},"children":{"recommended_track":{"traffic_flow":"two-way"}},"osm_tags":{"seamark:name":"Route T","seamark:recommended_track:traffic_flow":"two-way","seamark:type":"recommended_track"}}},{"type":"Feature","geometry":{"type":"LineString","coordinates":[[11.8101667,56.888],[11.8438889,56.8348533],[11.8776111,56.7816311],[11.9113333,56.7283333]]},"properties":{"osm_id":1113440280,"osm_type":"way","seamark_type":"recommended_track","display_class":"OTHER","min_zoom":12,"importance":1,"name":"Route T","ref":null,"common":{"name":"Route T","type":"recommended_track"},"children":{"recommended_track":{"traffic_flow":"two-way"}},"osm_tags":{"seamark:name":"Route T","seamark:recommended_track:traffic_flow":"two-way","seamark:type":"recommended_track"}}},{"type":"Feature","geometry":{"type":"LineString","coordinates":[[11.392,56.2908333],[11.2728333,56.1746667]]},"properties":{"osm_id":1113440281,"osm_type":"way","seamark_type":"recommended_track","display_class":"OTHER","min_zoom":12,"importance":1,"name":"Route T","ref":null,"common":{"name":"Route T","type":"recommended_track"},"children":{"recommended_track":{"category":"no_fixed_marks","traffic_flow":"two-way"}},"osm_tags":{"seamark:name":"Route T","seamark:recommended_track:category":"no_fixed_marks","seamark:recommended_track:traffic_flow":"two-way","seamark:type":"recommended_track"}}},{"type":"Feature","geometry":{"type":"Polygon","coordinates":[[[11.2723159,56.044048],[11.2818431,56.0475476],[11.2753667,56.0398833],[11.2704061,56.0369041],[11.2645019,56.0350397],[11.2553214,56.0317731],[11.2605142,56.0393495],[11.2671446,56.0418547],[11.2723159,56.044048]]]},"properties":{"osm_id":934455527,"osm_type":"way","seamark_type":"sea_area","display_class":"OTHER","min_zoom":12,"importance":1,"name":"Snekkeløbet","ref":null,"common":{"name":"Snekkeløbet","type":"sea_area"},"children":{"sea_area":{"category":"narrows"}},"osm_tags":{"seamark:name":"Snekkeløbet","seamark:sea_area:category":"narrows","seamark:type":"sea_area"}}}],"type":"FeatureCollection"}