{"type":"FeatureCollection","features":[{"type":"Feature","geometry":{"type":"Point","coordinates":[14.8460736,56.0137242]},"properties":{"osm_id":1356630103,"osm_type":"node","seamark_type":"light_major","display_class":"LIGHTHOUSE","min_zoom":7,"importance":5,"name":"Hano","ref":null,"common":{"information":"Shown by day during poor visibility Nov. 1 to Mar. 31.","name":"Hano","type":"light_major"},"children":{"light":{"character":"Fl","colour":"white","group":"3","height":"70","period":"12","range":"24","reference":"C 7538"}},"osm_tags":{"man_made":"lighthouse","name":"Hanö fyr","seamark:information":"Shown by day during poor visibility Nov. 1 to Mar. 31.","seamark:light:character":"Fl","seamark:light:colour":"white","seamark:light:group":"3","seamark:light:height":"70","seamark:light:period":"12","seamark:light:range":"24","seamark:light:reference":"C 7538","seamark:name":"Hano","seamark:type":"light_major","source":"US NGA Pub. 116. 2011-07-07.","wikidata":"Q28376046"}}},{"type":"Feature","geometry":{"type":"Point","coordinates":[14.992862,56.141485]},"properties":{"osm_id":2165248605,"osm_type":"node","seamark_type":"beacon_isolated_danger","display_class":"BEACON","min_zoom":9,"importance":4,"name":null,"ref":null,"common":{"type":"beacon_isolated_danger"},"children":{"beacon_isolated_danger":{"colour":"black","shape":"pile"}},"osm_tags":{"seamark:beacon_isolated_danger:colour":"black","seamark:beacon_isolated_danger:shape":"pile","seamark:type":"beacon_isolated_danger"}}},{"type":"Feature","geometry":{"type":"Point","coordinates":[14.781901,56.143798]},"properties":{"osm_id":2165248707,"osm_type":"node","seamark_type":"beacon_isolated_danger","display_class":"BEACON","min_zoom":9,"importance":4,"name":null,"ref":null,"common":{"type":"beacon_isolated_danger"},"children":{"beacon_isolated_danger":{"colour":"black","shape":"pile"}},"osm_tags":{"seamark:beacon_isolated_danger:colour":"black","seamark:beacon_isolated_danger:shape":"pile","seamark:type":"beacon_isolated_danger"}}},{"type":"Feature","geometry":{"type":"Point","coordinates":[14.511631,56.021353]},"properties":{"osm_id":2176028736,"osm_type":"node","seamark_type":"beacon_isolated_danger","display_class":"BEACON","min_zoom":9,"importance":4,"name":null,"ref":null,"common":{"type":"beacon_isolated_danger"},"children":{"beacon_isolated_danger":{"colour":"black","shape":"pile"}},"osm_tags":{"seamark:beacon_isolated_danger:colour":"black","seamark:beacon_isolated_danger:shape":"pile","seamark:type":"beacon_isolated_danger"}}},{"type":"Feature","geometry":{"type":"Point","coordinates":[14.480785,56.035897]},"properties":{"osm_id":2176029348,"osm_type":"node","seamark_type":"beacon_isolated_danger","display_class":"BEACON","min_zoom":9,"importance":4,"name":null,"ref":null,"common":{"type":"beacon_isolated_danger"},"children":{"beacon_isolated_danger":{"colour":"black","shape":"pile"}},"osm_tags":{"seamark:beacon_isolated_danger:colour":"black","seamark:beacon_isolated_danger:shape":"pile","seamark:type":"beacon_isolated_danger"}}},{"type":"Feature","geometry":{"type":"Point","coordinates":[14.480098,56.037965]},"properties":{"osm_id":2176029438,"osm_type":"node","seamark_type":"beacon_isolated_danger","display_class":"BEACON","min_zoom":9,"importance":4,"name":null,"ref":null,"common":{"fixme":"please_fix_position","type":"beacon_isolated_danger"},"children":{"beacon_isolated_danger":{"colour":"black","shape":"pile"}},"osm_tags":{"seamark:beacon_isolated_danger:colour":"black","seamark:beacon_isolated_danger:shape":"pile","seamark:fixme":"please_fix_position","seamark:type":"beacon_isolated_danger"}}},{"type":"Feature","geometry":{"type":"Point","coordinates":[14.600704,56.0383194]},"properties":{"osm_id":2176029517,"osm_type":"node","seamark_type":"beacon_isolated_danger","display_class":"BEACON","min_zoom":9,"importance":4,"name":null,"ref":null,"common":{"type":"beacon_isolated_danger"},"children":{"beacon_isolated_danger":{"colour":"black","shape":"pile"}},"osm_tags":{"seamark:beacon_isolated_danger:colour":"black","seamark:beacon_isolated_danger:shape":"pile","seamark:type":"beacon_isolated_danger"}}},{"type":"Feature","geometry":{"type":"Point","coordinates":[14.556992,56.042825]},"properties":{"osm_id":2176029642,"osm_type":"node","seamark_type":"beacon_isolated_danger","display_class":"BEACON","min_zoom":9,"importance":4,"name":null,"ref":null,"common":{"type":"beacon_isolated_danger"},"children":{"beacon_isolated_danger":{"colour":"black","shape":"pile"}},"osm_tags":{"seamark:beacon_isolated_danger:colour":"black","seamark:beacon_isolated_danger:shape":"pile","seamark:type":"beacon_isolated_danger"}}},{"type":"Feature","geometry":{"type":"Point","coordinates":[14.532262,56.043605]},"properties":{"osm_id":2176029652,"osm_type":"node","seamark_type":"beacon_isolated_danger","display_class":"BEACON","min_zoom":9,"importance":4,"name":null,"ref":null,"common":{"type":"beacon_isolated_danger"},"children":{"beacon_isolated_danger":{"colour":"black","shape":"pile"}},"osm_tags":{"seamark:beacon_isolated_danger:colour":"black","seamark:beacon_isolated_danger:shape":"pile","seamark:type":"beacon_isolated_danger"}}},{"type":"Feature","geometry":{"type":"Point","coordinates":[14.875778,56.161528]},"properties":{"osm_id":9293387391,"osm_type":"node","seamark_type":"beacon_isolated_danger","display_class":"BEACON","min_zoom":9,"importance":4,"name":null,"ref":null,"common":{"type":"beacon_isolated_danger"},"children":{"beacon_isolated_danger":{"colour":"black","shape":"pile"}},"osm_tags":{"seamark:beacon_isolated_danger:colour":"black","seamark:beacon_isolated_danger:shape":"pile","seamark:type":"beacon_isolated_danger"}}},{"type":"Feature","geometry":{"type":"Point","coordinates":[14.837143,56.137037]},"properties":{"osm_id":9849074097,"osm_type":"node","seamark_type":"beacon_isolated_danger","display_class":"BEACON","min_zoom":9,"importance":4,"name":null,"ref":null,"common":{"type":"beacon_isolated_danger"},"children":{"beacon_isolated_danger":{"colour":"black","shape":"pile"}},"osm_tags":{"seamark:beacon_isolated_danger:colour":"black","seamark:beacon_isolated_danger:shape":"pile","seamark:type":"beacon_isolated_danger"}}},{"type":"Feature","geometry":{"type":"Point","coordinates":[14.858322,56.155673]},"properties":{"osm_id":9849074099,"osm_type":"node","seamark_type":"beacon_isolated_danger","display_class":"BEACON","min_zoom":9,"importance":4,"name":null,"ref":null,"common":{"type":"beacon_isolated_danger"},"children":{"beacon_isolated_danger":{"colour":"black","shape":"pile"}},"osm_tags":{"seamark:beacon_isolated_danger:colour":"black","seamark:beacon_isolated_danger:shape":"pile","seamark:type":"beacon_isolated_danger"}}},{"type":"Feature","geometry":{"type":"Point","coordinates":[14.857335,56.155852]},"properties":{"osm_id":9849074100,"osm_type":"node","seamark_type":"beacon_isolated_danger","display_class":"BEACON","min_zoom":9,"importance":4,"name":null,"ref":null,"common":{"type":"beacon_isolated_danger"},"children":{"beacon_isolated_danger":{"colour":"black","shape":"pile"}},"osm_tags":{"seamark:beacon_isolated_danger:colour":"black","seamark:beacon_isolated_danger:shape":"pile","seamark:type":"beacon_isolated_danger"}}},{"type":"Feature","geometry":{"type":"Point","coordinates":[14.865221,56.161116]},"properties":{"osm_id":9849074101,"osm_type":"node","seamark_type":"beacon_isolated_danger","display_class":"BEACON","min_zoom":9,"importance":4,"name":null,"ref":null,"common":{"type":"beacon_isolated_danger"},"children":{"beacon_isolated_danger":{"colour":"black","shape":"pile"}},"osm_tags":{"seamark:beacon_isolated_danger:colour":"black","seamark:beacon_isolated_danger:shape":"pile","seamark:type":"beacon_isolated_danger"}}},{"type":"Feature","geometry":{"type":"Point","coordinates":[14.867527,56.159252]},"properties":{"osm_id":9849074102,"osm_type":"node","seamark_type":"beacon_isolated_danger","display_class":"BEACON","min_zoom":9,"importance":4,"name":null,"ref":null,"common":{"type":"beacon_isolated_danger"},"children":{"beacon_isolated_danger":{"colour":"black","shape":"pile"}},"osm_tags":{"seamark:beacon_isolated_danger:colour":"black","seamark:beacon_isolated_danger:shape":"pile","seamark:type":"beacon_isolated_danger"}}},{"type":"Feature","geometry":{"type":"Point","coordinates":[14.866176,56.159551]},"properties":{"osm_id":9849074103,"osm_type":"node","seamark_type":"beacon_isolated_danger","display_class":"BEACON","min_zoom":9,"importance":4,"name":null,"ref":null,"common":{"type":"beacon_isolated_danger"},"children":{"beacon_isolated_danger":{"colour":"black","shape":"pile"}},"osm_tags":{"seamark:beacon_isolated_danger:colour":"black","seamark:beacon_isolated_danger:shape":"pile","seamark:type":"beacon_isolated_danger"}}},{"type":"Feature","geometry":{"type":"Point","coordinates":[14.872409,56.163309]},"properties":{"osm_id":9849074106,"osm_type":"node","seamark_type":"beacon_isolated_danger","display_class":"BEACON","min_zoom":9,"importance":4,"name":null,"ref":null,"common":{"type":"beacon_isolated_danger"},"children":{"beacon_isolated_danger":{"colour":"black","shape":"pile"}},"osm_tags":{"seamark:beacon_isolated_danger:colour":"black","seamark:beacon_isolated_danger:shape":"pile","seamark:type":"beacon_isolated_danger"}}},{"type":"Feature","geometry":{"type":"Point","coordinates":[14.872409,56.162968]},"properties":{"osm_id":9849074107,"osm_type":"node","seamark_type":"beacon_isolated_danger","display_class":"BEACON","min_zoom":9,"importance":4,"name":null,"ref":null,"common":{"type":"beacon_isolated_danger"},"children":{"beacon_isolated_danger":{"colour":"black","shape":"pile"}},"osm_tags":{"seamark:beacon_isolated_danger:colour":"black","seamark:beacon_isolated_danger:shape":"pile","seamark:type":"beacon_isolated_danger"}}},{"type":"Feature","geometry":{"type":"Point","coordinates":[14.876808,56.161917]},"properties":{"osm_id":9849074108,"osm_type":"node","seamark_type":"beacon_isolated_danger","display_class":"BEACON","min_zoom":9,"importance":4,"name":null,"ref":null,"common":{"type":"beacon_isolated_danger"},"children":{"beacon_isolated_danger":{"colour":"black","shape":"pile"}},"osm_tags":{"seamark:beacon_isolated_danger:colour":"black","seamark:beacon_isolated_danger:shape":"pile","seamark:type":"beacon_isolated_danger"}}},{"type":"Feature","geometry":{"type":"Point","coordinates":[14.87625,56.161893]},"properties":{"osm_id":9849074109,"osm_type":"node","seamark_type":"beacon_isolated_danger","display_class":"BEACON","min_zoom":9,"importance":4,"name":null,"ref":null,"common":{"type":"beacon_isolated_danger"},"children":{"beacon_isolated_danger":{"colour":"black","shape":"pile"}},"osm_tags":{"seamark:beacon_isolated_danger:colour":"black","seamark:beacon_isolated_danger:shape":"pile","seamark:type":"beacon_isolated_danger"}}},{"type":"Feature","geometry":{"type":"Point","coordinates":[14.876078,56.161546]},"properties":{"osm_id":9849074110,"osm_type":"node","seamark_type":"beacon_isolated_danger","display_class":"BEACON","min_zoom":9,"importance":4,"name":null,"ref":null,"common":{"type":"beacon_isolated_danger"},"children":{"beacon_isolated_danger":{"colour":"black","shape":"pile"}},"osm_tags":{"seamark:beacon_isolated_danger:colour":"black","seamark:beacon_isolated_danger:shape":"pile","seamark:type":"beacon_isolated_danger"}}},{"type":"Feature","geometry":{"type":"Point","coordinates":[14.532992,56.043622]},"properties":{"osm_id":9867502431,"osm_type":"node","seamark_type":"beacon_isolated_danger","display_class":"BEACON","min_zoom":9,"importance":4,"name":null,"ref":null,"common":{"type":"beacon_isolated_danger"},"children":{"beacon_isolated_danger":{"colour":"black","shape":"pile"}},"osm_tags":{"seamark:beacon_isolated_danger:colour":"black","seamark:beacon_isolated_danger:shape":"pile","seamark:type":"beacon_isolated_danger"}}},{"type":"Feature","geometry":{"type":"Point","coordinates":[14.8591833,56.1610833]},"properties":{"osm_id":10550713255,"osm_type":"node","seamark_type":"beacon_isolated_danger","display_class":"BEACON","min_zoom":9,"importance":4,"name":null,"ref":null,"common":{"type":"beacon_isolated_danger"},"children":{},"osm_tags":{"seamark:type":"beacon_isolated_danger"}}},{"type":"Feature","geometry":{"type":"Point","coordinates":[14.8586333,56.1614333]},"properties":{"osm_id":10550713256,"osm_type":"node","seamark_type":"beacon_isolated_danger","display_class":"BEACON","min_zoom":9,"importance":4,"name":null,"ref":null,"common":{"type":"beacon_isolated_danger"},"children":{},"osm_tags":{"seamark:type":"beacon_isolated_danger"}}},{"type":"Feature","geometry":{"type":"Point","coordinates":[14.8573667,56.1614333]},"properties":{"osm_id":10550713257,"osm_type":"node","seamark_type":"beacon_isolated_danger","display_class":"BEACON","min_zoom":9,"importance":4,"name":null,"ref":null,"common":{"type":"beacon_isolated_danger"},"children":{},"osm_tags":{"seamark:type":"beacon_isolated_danger"}}},{"type":"Feature","geometry":{"type":"Point","coordinates":[14.895701,56.14335]},"properties":{"osm_id":2767771015,"osm_type":"node","seamark_type":"beacon_isolated_danger","display_class":"BEACON","min_zoom":9,"importance":4,"name":"Eneskärv","ref":null,"common":{"name":"Eneskärv","radar_reflector":"yes","type":"beacon_isolated_danger"},"children":{"beacon_isolated_danger":{"colour":"black","shape":"pile"}},"osm_tags":{"seamark:beacon_isolated_danger:colour":"black","seamark:beacon_isolated_danger:shape":"pile","seamark:name":"Eneskärv","seamark:radar_reflector":"yes","seamark:type":"beacon_isolated_danger"}}},{"type":"Feature","geometry":{"type":"Point","coordinates":[14.983034,56.160202]},"properties":{"osm_id":2165250489,"osm_type":"node","seamark_type":"beacon_isolated_danger","display_class":"BEACON","min_zoom":9,"importance":4,"name":"Furö","ref":null,"common":{"name":"Furö","type":"beacon_isolated_danger"},"children":{"beacon_isolated_danger":{"colour":"black","shape":"pile"}},"osm_tags":{"seamark:beacon_isolated_danger:colour":"black","seamark:beacon_isolated_danger:shape":"pile","seamark:name":"Furö","seamark:type":"beacon_isolated_danger"}}},{"type":"Feature","geometry":{"type":"Point","coordinates":[14.960976,56.171504]},"properties":{"osm_id":9849074096,"osm_type":"node","seamark_type":"beacon_isolated_danger","display_class":"BEACON","min_zoom":9,"importance":4,"name":"Matvikshög","ref":null,"common":{"name":"Matvikshög","type":"beacon_isolated_danger"},"children":{"beacon_isolated_danger":{"colour":"black","shape":"pile"}},"osm_tags":{"seamark:beacon_isolated_danger:colour":"black","seamark:beacon_isolated_danger:shape":"pile","seamark:name":"Matvikshög","seamark:type":"beacon_isolated_danger"}}},{"type":"Feature","geometry":{"type":"Point","coordinates":[14.584057,56.0333312]},"properties":{"osm_id":2176029249,"osm_type":"node","seamark_type":"beacon_isolated_danger","display_class":"BEACON","min_zoom":9,"importance":4,"name":"Ö-kumlet","ref":null,"common":{"name":"Ö-kumlet","type":"beacon_isolated_danger"},"children":{"beacon_isolated_danger":{"colour":"black","shape":"pile"}},"osm_tags":{"seamark:beacon_isolated_danger:colour":"black","seamark:beacon_isolated_danger:shape":"pile","seamark:name":"Ö-kumlet","seamark:type":"beacon_isolated_danger"}}},{"type":"Feature","geometry":{"type":"Point","coordinates":[14.8561617,56.1606067]},"properties":{"osm_id":1534552771,"osm_type":"node","seamark_type":"light_minor","display_class":"OTHER","min_zoom":12,"importance":1,"name":null,"ref":null,"common":{"type":"light_minor"},"children":{"light":{"category":"upper;leading","character":"Q","colour":"green","height":"37","range":"8","reference":"C 7524.1"}},"osm_tags":{"seamark:light:category":"upper;leading","seamark:light:character":"Q","seamark:light:colour":"green","seamark:light:height":"37","seamark:light:range":"8","seamark:light:reference":"C 7524.1","seamark:type":"light_minor","source":"US NGA Pub. 116. 2011-07-07."}}},{"type":"Feature","geometry":{"type":"Point","coordinates":[14.8604555,56.1577957]},"properties":{"osm_id":1534553024,"osm_type":"node","seamark_type":"light_minor","display_class":"OTHER","min_zoom":12,"importance":1,"name":null,"ref":null,"common":{"information":"Visible on range line only.","type":"light_minor"},"children":{"light":{"category":"lower;leading","character":"Iso","colour":"green","height":"18","period":"3","range":"8","reference":"C 7524"}},"osm_tags":{"seamark:information":"Visible on range line only.","seamark:light:category":"lower;leading","seamark:light:character":"Iso","seamark:light:colour":"green","seamark:light:height":"18","seamark:light:period":"3","seamark:light:range":"8","seamark:light:reference":"C 7524","seamark:type":"light_minor","source":"US NGA Pub. 116. 2011-07-07."}}},{"type":"Feature","geometry":{"type":"Point","coordinates":[14.8670972,56.1635892]},"properties":{"osm_id":1534553088,"osm_type":"node","seamark_type":"light_minor","display_class":"OTHER","min_zoom":12,"importance":1,"name":null,"ref":null,"common":{"information":"Visible on range line only.","type":"light_minor"},"children":{"light":{"category":"lower;leading","character":"Iso","colour":"red","height":"10","period":"2","range":"10","reference":"C 7520"}},"osm_tags":{"seamark:information":"Visible on range line only.","seamark:light:category":"lower;leading","seamark:light:character":"Iso","seamark:light:colour":"red","seamark:light:height":"10","seamark:light:period":"2","seamark:light:range":"10","seamark:light:reference":"C 7520","seamark:type":"light_minor","source":"US NGA Pub. 116. 2011-07-07."}}},{"type":"Feature","geometry":{"type":"Point","coordinates":[14.8248,56.1585333]},"properties":{"osm_id":1534553654,"osm_type":"node","seamark_type":"light_minor","display_class":"OTHER","min_zoom":12,"importance":1,"name":null,"ref":null,"common":{"information":"Shown 24 hours from Nov. 1 to Mar. 31.","type":"light_minor"},"children":{"light":{"category":"upper;leading","character":"Q","colour":"white","height":"17","range":"13","reference":"C 7527.21"}},"osm_tags":{"seamark:information":"Shown 24 hours from Nov. 1 to Mar. 31.","seamark:light:category":"upper;leading","seamark:light:character":"Q","seamark:light:colour":"white","seamark:light:height":"17","seamark:light:range":"13","seamark:light:reference":"C 7527.21","seamark:type":"light_minor","source":"US NGA Pub. 116. 2011-07-07."}}},{"type":"Feature","geometry":{"type":"Point","coordinates":[14.8124667,56.16117]},"properties":{"osm_id":1534553776,"osm_type":"node","seamark_type":"light_minor","display_class":"OTHER","min_zoom":12,"importance":1,"name":null,"ref":null,"common":{"type":"light_minor"},"children":{"light":{"category":"upper","character":"F","colour":"green","height":"15","range":"7","reference":"C 7527.31"}},"osm_tags":{"seamark:light:category":"upper","seamark:light:character":"F","seamark:light:colour":"green","seamark:light:height":"15","seamark:light:range":"7","seamark:light:reference":"C 7527.31","seamark:type":"light_minor","source":"US NGA Pub. 116. 2011-07-07."}}},{"type":"Feature","geometry":{"type":"Point","coordinates":[14.81295,56.1600333]},"properties":{"osm_id":1534553814,"osm_type":"node","seamark_type":"light_minor","display_class":"OTHER","min_zoom":12,"importance":1,"name":null,"ref":null,"common":{"type":"light_minor"},"children":{"light":{"category":"lower","character":"F","colour":"green","height":"8","range":"7","reference":"C 7527.3"}},"osm_tags":{"seamark:light:category":"lower","seamark:light:character":"F","seamark:light:colour":"green","seamark:light:height":"8","seamark:light:range":"7","seamark:light:reference":"C 7527.3","seamark:type":"light_minor","source":"US NGA Pub. 116. 2011-07-07."}}},{"type":"Feature","geometry":{"type":"Point","coordinates":[14.7304337,56.15565]},"properties":{"osm_id":1534554061,"osm_type":"node","seamark_type":"light_minor","display_class":"OTHER","min_zoom":12,"importance":1,"name":null,"ref":null,"common":{"type":"light_minor"},"children":{"light":{"category":"upper","character":"F","colour":"green","height":"11","range":"6","reference":"C 7527.81"}},"osm_tags":{"seamark:light:category":"upper","seamark:light:character":"F","seamark:light:colour":"green","seamark:light:height":"11","seamark:light:range":"6","seamark:light:reference":"C 7527.81","seamark:type":"light_minor","source":"US NGA Pub. 116. 2011-07-07."}}},{"type":"Feature","geometry":{"type":"Point","coordinates":[14.7302,56.15485]},"properties":{"osm_id":1534554119,"osm_type":"node","seamark_type":"light_minor","display_class":"OTHER","min_zoom":12,"importance":1,"name":null,"ref":null,"common":{"type":"light_minor"},"children":{"light":{"category":"lower","character":"F","colour":"green","height":"6","range":"6","reference":"C 7527.8"}},"osm_tags":{"seamark:light:category":"lower","seamark:light:character":"F","seamark:light:colour":"green","seamark:light:height":"6","seamark:light:range":"6","seamark:light:reference":"C 7527.8","seamark:type":"light_minor","source":"US NGA Pub. 116. 2011-07-07."}}},{"type":"Feature","geometry":{"type":"Point","coordinates":[14.69555,56.1194667]},"properties":{"osm_id":1534554196,"osm_type":"node","seamark_type":"light_minor","display_class":"OTHER","min_zoom":12,"importance":1,"name":null,"ref":null,"common":{"type":"light_minor"},"children":{"light":{"category":"upper;leading","character":"F","colour":"red","height":"14","range":"8","reference":"C 7527.71"}},"osm_tags":{"seamark:light:category":"upper;leading","seamark:light:character":"F","seamark:light:colour":"red","seamark:light:height":"14","seamark:light:range":"8","seamark:light:reference":"C 7527.71","seamark:type":"light_minor","source":"US NGA Pub. 116. 2011-07-07."}}},{"type":"Feature","geometry":{"type":"Point","coordinates":[14.7034667,56.1193337]},"properties":{"osm_id":1534554249,"osm_type":"node","seamark_type":"light_minor","display_class":"OTHER","min_zoom":12,"importance":1,"name":null,"ref":null,"common":{"type":"light_minor"},"children":{"light":{"category":"lower;leading","character":"F","colour":"red","height":"7","range":"8","reference":"C 7527.7"}},"osm_tags":{"seamark:light:category":"lower;leading","seamark:light:character":"F","seamark:light:colour":"red","seamark:light:height":"7","seamark:light:range":"8","seamark:light:reference":"C 7527.7","seamark:type":"light_minor","source":"US NGA Pub. 116. 2011-07-07."}}},{"type":"Feature","geometry":{"type":"Point","coordinates":[14.75615,56.0497833]},"properties":{"osm_id":1534554388,"osm_type":"node","seamark_type":"light_minor","display_class":"OTHER","min_zoom":12,"importance":1,"name":null,"ref":null,"common":{"information":"Fishing light.","type":"light_minor"},"children":{"light":{"category":"lower","character":"F","colour":"red","height":"9","reference":"C 7530"}},"osm_tags":{"seamark:information":"Fishing light.","seamark:light:category":"lower","seamark:light:character":"F","seamark:light:colour":"red","seamark:light:height":"9","seamark:light:reference":"C 7530","seamark:type":"light_minor","source":"US NGA Pub. 116. 2011-07-07."}}},{"type":"Feature","geometry":{"type":"Point","coordinates":[14.7547167,56.0496]},"properties":{"osm_id":1534554413,"osm_type":"node","seamark_type":"light_minor","display_class":"OTHER","min_zoom":12,"importance":1,"name":null,"ref":null,"common":{"information":"Fishing light.","type":"light_minor"},"children":{"light":{"category":"upper","character":"F","colour":"red","height":"14","reference":"C 7530.1"}},"osm_tags":{"seamark:information":"Fishing light.","seamark:light:category":"upper","seamark:light:character":"F","seamark:light:colour":"red","seamark:light:height":"14","seamark:light:reference":"C 7530.1","seamark:type":"light_minor","source":"US NGA Pub. 116. 2011-07-07."}}},{"type":"Feature","geometry":{"type":"Point","coordinates":[14.7798183,56.033398]},"properties":{"osm_id":1534554622,"osm_type":"node","seamark_type":"light_minor","display_class":"OTHER","min_zoom":12,"importance":1,"name":null,"ref":null,"common":{"information":"Lights mark power cable.","type":"light_minor"},"children":{"light":{"category":"lower","character":"F","colour":"green","height":"19","range":"7","reference":"C 7535"}},"osm_tags":{"seamark:information":"Lights mark power cable.","seamark:light:category":"lower","seamark:light:character":"F","seamark:light:colour":"green","seamark:light:height":"19","seamark:light:range":"7","seamark:light:reference":"C 7535","seamark:type":"light_minor","source":"US NGA Pub. 116. 2011-07-07."}}},{"type":"Feature","geometry":{"type":"Point","coordinates":[14.8369167,56.0093333]},"properties":{"osm_id":1534559245,"osm_type":"node","seamark_type":"light_minor","display_class":"OTHER","min_zoom":12,"importance":1,"name":null,"ref":null,"common":{"type":"light_minor"},"children":{"light":{"category":"upper","character":"F","colour":"red","height":"9","range":"3","reference":"C 7540.1"}},"osm_tags":{"seamark:light:category":"upper","seamark:light:character":"F","seamark:light:colour":"red","seamark:light:height":"9","seamark:light:range":"3","seamark:light:reference":"C 7540.1","seamark:type":"light_minor","source":"US NGA Pub. 116. 2011-07-07."}}},{"type":"Feature","geometry":{"type":"Point","coordinates":[14.8361138,56.0096658]},"properties":{"osm_id":1534559366,"osm_type":"node","seamark_type":"light_minor","display_class":"OTHER","min_zoom":12,"importance":1,"name":null,"ref":null,"common":{"information":"Fishing lights.","type":"light_minor"},"children":{"light":{"category":"lower","character":"F","colour":"red","height":"6","range":"3","reference":"C 7540"}},"osm_tags":{"seamark:information":"Fishing lights.","seamark:light:category":"lower","seamark:light:character":"F","seamark:light:colour":"red","seamark:light:height":"6","seamark:light:range":"3","seamark:light:reference":"C 7540","seamark:type":"light_minor","source":"US NGA Pub. 116. 2011-07-07."}}},{"type":"Feature","geometry":{"type":"Point","coordinates":[14.8340833,56.0103333]},"properties":{"osm_id":1534559439,"osm_type":"node","seamark_type":"light_minor","display_class":"OTHER","min_zoom":12,"importance":1,"name":null,"ref":null,"common":{"type":"light_minor"},"children":{"light":{"character":"F","colour":"green","height":"4","range":"2","reference":"C 7540.4"}},"osm_tags":{"seamark:light:character":"F","seamark:light:colour":"green","seamark:light:height":"4","seamark:light:range":"2","seamark:light:reference":"C 7540.4","seamark:type":"light_minor","source":"US NGA Pub. 116. 2011-07-07."}}},{"type":"Feature","geometry":{"type":"Point","coordinates":[14.7358984,56.0044451]},"properties":{"osm_id":1534580318,"osm_type":"node","seamark_type":"light_minor","display_class":"OTHER","min_zoom":12,"importance":1,"name":null,"ref":null,"common":{"information":"Fishing light.","type":"light_minor"},"children":{"light":{"category":"upper","character":"F","colour":"red","height":"12","range":"10","reference":"C 7546.1"}},"osm_tags":{"seamark:information":"Fishing light.","seamark:light:category":"upper","seamark:light:character":"F","seamark:light:colour":"red","seamark:light:height":"12","seamark:light:range":"10","seamark:light:reference":"C 7546.1","seamark:type":"light_minor","source":"US NGA Pub. 116. 2011-07-07."}}},{"type":"Feature","geometry":{"type":"Point","coordinates":[14.7356885,56.0036895]},"properties":{"osm_id":1534580587,"osm_type":"node","seamark_type":"light_minor","display_class":"OTHER","min_zoom":12,"importance":1,"name":null,"ref":null,"common":{"information":"Visible on range line only. Fishing lights.Horn: 2 bl. ev. 60s.","type":"light_minor"},"children":{"fog_signal":{"category":"horn"},"light":{"category":"lower","character":"F","colour":"red","height":"7","range":"8","reference":"C 7546"}},"osm_tags":{"seamark:fog_signal:category":"horn","seamark:information":"Visible on range line only. Fishing lights.Horn: 2 bl. ev. 60s.","seamark:light:category":"lower","seamark:light:character":"F","seamark:light:colour":"red","seamark:light:height":"7","seamark:light:range":"8","seamark:light:reference":"C 7546","seamark:type":"light_minor","source":"US NGA Pub. 116. 2011-07-07."}}},{"type":"Feature","geometry":{"type":"Point","coordinates":[14.7356474,56.0016541]},"properties":{"osm_id":1534580746,"osm_type":"node","seamark_type":"light_minor","display_class":"OTHER","min_zoom":12,"importance":1,"name":null,"ref":null,"common":{"type":"light_minor"},"children":{"light":{"character":"F","colour":"green","height":"5","range":"2","reference":"C 7544"}},"osm_tags":{"seamark:light:character":"F","seamark:light:colour":"green","seamark:light:height":"5","seamark:light:range":"2","seamark:light:reference":"C 7544","seamark:type":"light_minor","source":"US NGA Pub. 116. 2011-07-07."}}},{"type":"Feature","geometry":{"type":"Point","coordinates":[14.58995,56.0457167]},"properties":{"osm_id":1534607764,"osm_type":"node","seamark_type":"light_minor","display_class":"OTHER","min_zoom":12,"importance":1,"name":null,"ref":null,"common":{"type":"light_minor"},"children":{"light":{"category":"upper;leading","character":"Q","colour":"green","height":"7","range":"5","reference":"C 7556.1"}},"osm_tags":{"seamark:light:category":"upper;leading","seamark:light:character":"Q","seamark:light:colour":"green","seamark:light:height":"7","seamark:light:range":"5","seamark:light:reference":"C 7556.1","seamark:type":"light_minor","source":"US NGA Pub. 116. 2011-07-07."}}},{"type":"Feature","geometry":{"type":"Point","coordinates":[14.589,56.0442333]},"properties":{"osm_id":1534607880,"osm_type":"node","seamark_type":"light_minor","display_class":"OTHER","min_zoom":12,"importance":1,"name":null,"ref":null,"common":{"type":"light_minor"},"children":{"light":{"category":"lower;leading","character":"Iso","colour":"green","height":"4","period":"4","range":"6","reference":"C 7556"}},"osm_tags":{"seamark:light:category":"lower;leading","seamark:light:character":"Iso","seamark:light:colour":"green","seamark:light:height":"4","seamark:light:period":"4","seamark:light:range":"6","seamark:light:reference":"C 7556","seamark:type":"light_minor","source":"US NGA Pub. 116. 2011-07-07."}}},{"type":"Feature","geometry":{"type":"Point","coordinates":[14.5951667,56.0427]},"properties":{"osm_id":1534608007,"osm_type":"node","seamark_type":"light_minor","display_class":"OTHER","min_zoom":12,"importance":1,"name":null,"ref":null,"common":{"information":"Visible on range line only.","type":"light_minor"},"children":{"light":{"category":"upper;leading","character":"Q","colour":"white","height":"17","range":"14","reference":"C 7553.1"}},"osm_tags":{"seamark:information":"Visible on range line only.","seamark:light:category":"upper;leading","seamark:light:character":"Q","seamark:light:colour":"white","seamark:light:height":"17","seamark:light:range":"14","seamark:light:reference":"C 7553.1","seamark:type":"light_minor","source":"US NGA Pub. 116. 2011-07-07."}}},{"type":"Feature","geometry":{"type":"Point","coordinates":[14.5870833,56.0333333]},"properties":{"osm_id":1534608144,"osm_type":"node","seamark_type":"light_minor","display_class":"OTHER","min_zoom":12,"importance":1,"name":null,"ref":null,"common":{"information":"Visible on range line only.","type":"light_minor"},"children":{"light":{"category":"lower;leading","character":"Oc","colour":"white","height":"7","period":"6","range":"10","reference":"C 7553","sequence":"4.5+(1.5)"}},"osm_tags":{"seamark:information":"Visible on range line only.","seamark:light:category":"lower;leading","seamark:light:character":"Oc","seamark:light:colour":"white","seamark:light:height":"7","seamark:light:period":"6","seamark:light:range":"10","seamark:light:reference":"C 7553","seamark:light:sequence":"4.5+(1.5)","seamark:type":"light_minor","source":"US NGA Pub. 116. 2011-07-07."}}},{"type":"Feature","geometry":{"type":"Point","coordinates":[14.5546405,56.0364489]},"properties":{"osm_id":1534608604,"osm_type":"node","seamark_type":"light_minor","display_class":"OTHER","min_zoom":12,"importance":1,"name":null,"ref":null,"common":{"type":"light_minor"},"children":{"light":{"category":"upper","character":"F","colour":"green","height":"8","reference":"C 7559.61"}},"osm_tags":{"seamark:light:category":"upper","seamark:light:character":"F","seamark:light:colour":"green","seamark:light:height":"8","seamark:light:reference":"C 7559.61","seamark:type":"light_minor","source":"US NGA Pub. 116. 2011-07-07."}}},{"type":"Feature","geometry":{"type":"Point","coordinates":[14.5525809,56.0369762]},"properties":{"osm_id":1534608649,"osm_type":"node","seamark_type":"light_minor","display_class":"OTHER","min_zoom":12,"importance":1,"name":null,"ref":null,"common":{"type":"light_minor"},"children":{"light":{"category":"lower","character":"F","colour":"green","height":"5","range":"2","reference":"C 7559.6"}},"osm_tags":{"seamark:light:category":"lower","seamark:light:character":"F","seamark:light:colour":"green","seamark:light:height":"5","seamark:light:range":"2","seamark:light:reference":"C 7559.6","seamark:type":"light_minor","source":"US NGA Pub. 116. 2011-07-07."}}},{"type":"Feature","geometry":{"type":"Point","coordinates":[14.4656428,56.0807268]},"properties":{"osm_id":2100687467,"osm_type":"node","seamark_type":"small_craft_facility","display_class":"OTHER","min_zoom":12,"importance":1,"name":null,"ref":null,"common":{"information":"by car","type":"small_craft_facility"},"children":{"small_craft_facility":{"category":"slipway"}},"osm_tags":{"leisure":"slipway","seamark:information":"by car","seamark:small_craft_facility:category":"slipway","seamark:type":"small_craft_facility"}}},{"type":"Feature","geometry":{"type":"Point","coordinates":[14.4662186,56.081134]},"properties":{"osm_id":2100687484,"osm_type":"node","seamark_type":"small_craft_facility","display_class":"OTHER","min_zoom":12,"importance":1,"name":null,"ref":null,"common":{"information":"by car","type":"small_craft_facility"},"children":{"small_craft_facility":{"category":"slipway"}},"osm_tags":{"leisure":"slipway","seamark:information":"by car","seamark:small_craft_facility:category":"slipway","seamark:type":"small_craft_facility"}}},{"type":"Feature","geometry":{"type":"Point","coordinates":[14.7947381,56.1029502]},"properties":{"osm_id":2165248291,"osm_type":"node","seamark_type":"buoy_cardinal","display_class":"OTHER","min_zoom":12,"importance":1,"name":null,"ref":null,"common":{"type":"buoy_cardinal"},"children":{"buoy_cardinal":{"category":"east","colour":"black;yellow;black","colour_pattern":"horizontal","shape":"spar"},"topmark":{"colour":"black","shape":"2 cones base together"}},"osm_tags":{"seamark:buoy_cardinal:category":"east","seamark:buoy_cardinal:colour":"black;yellow;black","seamark:buoy_cardinal:colour_pattern":"horizontal","seamark:buoy_cardinal:shape":"spar","seamark:topmark:colour":"black","seamark:topmark:shape":"2 cones base together","seamark:type":"buoy_cardinal"}}},{"type":"Feature","geometry":{"type":"Point","coordinates":[14.797979,56.1127252]},"properties":{"osm_id":2165248299,"osm_type":"node","seamark_type":"buoy_special_purpose","display_class":"OTHER","min_zoom":12,"importance":1,"name":null,"ref":null,"common":{"type":"buoy_special_purpose"},"children":{"buoy_special_purpose":{"colour":"yellow","shape":"spar"},"light":{"character":"Fl","colour":"yellow","period":"5"},"topmark":{"colour":"yellow","shape":"x-shape"}},"osm_tags":{"seamark:buoy_special_purpose:colour":"yellow","seamark:buoy_special_purpose:shape":"spar","seamark:light:character":"Fl","seamark:light:colour":"yellow","seamark:light:period":"5","seamark:topmark:colour":"yellow","seamark:topmark:shape":"x-shape","seamark:type":"buoy_special_purpose"}}},{"type":"Feature","geometry":{"type":"Point","coordinates":[14.7408416,56.1191944]},"properties":{"osm_id":2165248305,"osm_type":"node","seamark_type":"buoy_lateral","display_class":"OTHER","min_zoom":12,"importance":1,"name":null,"ref":null,"common":{"type":"buoy_lateral"},"children":{"buoy_lateral":{"category":"starboard","colour":"green","shape":"spar","system":"iala-a"},"light":{"character":"Fl","colour":"green","period":"2"}},"osm_tags":{"seamark:buoy_lateral:category":"starboard","seamark:buoy_lateral:colour":"green","seamark:buoy_lateral:shape":"spar","seamark:buoy_lateral:system":"iala-a","seamark:light:character":"Fl","seamark:light:colour":"green","seamark:light:period":"2","seamark:type":"buoy_lateral"}}},{"type":"Feature","geometry":{"type":"Point","coordinates":[14.799233,56.1193665]},"properties":{"osm_id":2165248306,"osm_type":"node","seamark_type":"buoy_special_purpose","display_class":"OTHER","min_zoom":12,"importance":1,"name":null,"ref":null,"common":{"type":"buoy_special_purpose"},"children":{"buoy_special_purpose":{"colour":"yellow","shape":"spar"},"light":{"character":"Fl","colour":"yellow","period":"5"},"topmark":{"colour":"yellow","shape":"x-shape"}},"osm_tags":{"seamark:buoy_special_purpose:colour":"yellow","seamark:buoy_special_purpose:shape":"spar","seamark:light:character":"Fl","seamark:light:colour":"yellow","seamark:light:period":"5","seamark:topmark:colour":"yellow","seamark:topmark:shape":"x-shape","seamark:type":"buoy_special_purpose"}}},{"type":"Feature","geometry":{"type":"Point","coordinates":[14.787016,56.1209766]},"properties":{"osm_id":2165248310,"osm_type":"node","seamark_type":"buoy_lateral","display_class":"OTHER","min_zoom":12,"importance":1,"name":null,"ref":null,"common":{"type":"buoy_lateral"},"children":{"buoy_lateral":{"category":"starboard","colour":"green","shape":"spar","system":"iala-a"},"topmark":{"colour":"green","shape":"cone, point up"}},"osm_tags":{"seamark:buoy_lateral:category":"starboard","seamark:buoy_lateral:colour":"green","seamark:buoy_lateral:shape":"spar","seamark:buoy_lateral:system":"iala-a","seamark:topmark:colour":"green","seamark:topmark:shape":"cone, point up","seamark:type":"buoy_lateral"}}},{"type":"Feature","geometry":{"type":"Point","coordinates":[14.9647686,56.1234705]},"properties":{"osm_id":2165248319,"osm_type":"node","seamark_type":"buoy_cardinal","display_class":"OTHER","min_zoom":12,"importance":1,"name":null,"ref":null,"common":{"type":"buoy_cardinal"},"children":{"buoy_cardinal":{"category":"north","colour":"black;yellow","colour_pattern":"horizontal","shape":"spar"},"topmark":{"colour":"black","shape":"2 cones up"}},"osm_tags":{"seamark:buoy_cardinal:category":"north","seamark:buoy_cardinal:colour":"black;yellow","seamark:buoy_cardinal:colour_pattern":"horizontal","seamark:buoy_cardinal:shape":"spar","seamark:topmark:colour":"black","seamark:topmark:shape":"2 cones up","seamark:type":"buoy_cardinal"}}},{"type":"Feature","geometry":{"type":"Point","coordinates":[14.796546,56.12386]},"properties":{"osm_id":2165248320,"osm_type":"node","seamark_type":"buoy_special_purpose","display_class":"OTHER","min_zoom":12,"importance":1,"name":null,"ref":null,"common":{"type":"buoy_special_purpose"},"children":{"buoy_special_purpose":{"colour":"yellow","shape":"spar"},"light":{"character":"Fl","colour":"yellow","period":"5"},"topmark":{"colour":"yellow","shape":"x-shape"}},"osm_tags":{"seamark:buoy_special_purpose:colour":"yellow","seamark:buoy_special_purpose:shape":"spar","seamark:light:character":"Fl","seamark:light:colour":"yellow","seamark:light:period":"5","seamark:topmark:colour":"yellow","seamark:topmark:shape":"x-shape","seamark:type":"buoy_special_purpose"}}},{"type":"Feature","geometry":{"type":"Point","coordinates":[14.9850142,56.1246883]},"properties":{"osm_id":2165248323,"osm_type":"node","seamark_type":"buoy_lateral","display_class":"OTHER","min_zoom":12,"importance":1,"name":null,"ref":null,"common":{"type":"buoy_lateral"},"children":{"buoy_lateral":{"category":"starboard","colour":"green","shape":"spar","system":"iala-a"}},"osm_tags":{"seamark:buoy_lateral:category":"starboard","seamark:buoy_lateral:colour":"green","seamark:buoy_lateral:shape":"spar","seamark:buoy_lateral:system":"iala-a","seamark:type":"buoy_lateral"}}},{"type":"Feature","geometry":{"type":"Point","coordinates":[14.9821009,56.1251649]},"properties":{"osm_id":2165248324,"osm_type":"node","seamark_type":"buoy_lateral","display_class":"OTHER","min_zoom":12,"importance":1,"name":null,"ref":null,"common":{"type":"buoy_lateral"},"children":{"buoy_lateral":{"category":"port","colour":"red","shape":"spar","system":"iala-a"}},"osm_tags":{"seamark:buoy_lateral:category":"port","seamark:buoy_lateral:colour":"red","seamark:buoy_lateral:shape":"spar","seamark:buoy_lateral:system":"iala-a","seamark:type":"buoy_lateral"}}},{"type":"Feature","geometry":{"type":"Point","coordinates":[14.8581082,56.1260835]},"properties":{"osm_id":2165248328,"osm_type":"node","seamark_type":"buoy_special_purpose","display_class":"OTHER","min_zoom":12,"importance":1,"name":null,"ref":null,"common":{"type":"buoy_special_purpose"},"children":{"buoy_special_purpose":{"colour":"yellow","shape":"spar"},"topmark":{"colour":"yellow","shape":"x-shape"}},"osm_tags":{"seamark:buoy_special_purpose:colour":"yellow","seamark:buoy_special_purpose:shape":"spar","seamark:topmark:colour":"yellow","seamark:topmark:shape":"x-shape","seamark:type":"buoy_special_purpose"}}},{"type":"Feature","geometry":{"type":"Point","coordinates":[14.9718092,56.1276711]},"properties":{"osm_id":2165248339,"osm_type":"node","seamark_type":"buoy_lateral","display_class":"OTHER","min_zoom":12,"importance":1,"name":null,"ref":null,"common":{"type":"buoy_lateral"},"children":{"buoy_lateral":{"category":"port","colour":"red","shape":"spar","system":"iala-a"}},"osm_tags":{"seamark:buoy_lateral:category":"port","seamark:buoy_lateral:colour":"red","seamark:buoy_lateral:shape":"spar","seamark:buoy_lateral:system":"iala-a","seamark:type":"buoy_lateral"}}},{"type":"Feature","geometry":{"type":"Point","coordinates":[14.9458895,56.127912]},"properties":{"osm_id":2165248344,"osm_type":"node","seamark_type":"buoy_lateral","display_class":"OTHER","min_zoom":12,"importance":1,"name":null,"ref":null,"common":{"type":"buoy_lateral"},"children":{"buoy_lateral":{"category":"starboard","colour":"green","shape":"spar","system":"iala-a"},"topmark":{"colour":"green","shape":"cone, point up"}},"osm_tags":{"seamark:buoy_lateral:category":"starboard","seamark:buoy_lateral:colour":"green","seamark:buoy_lateral:shape":"spar","seamark:buoy_lateral:system":"iala-a","seamark:topmark:colour":"green","seamark:topmark:shape":"cone, point up","seamark:type":"buoy_lateral"}}},{"type":"Feature","geometry":{"type":"Point","coordinates":[14.9687903,56.1287126]},"properties":{"osm_id":2165248366,"osm_type":"node","seamark_type":"buoy_cardinal","display_class":"OTHER","min_zoom":12,"importance":1,"name":null,"ref":null,"common":{"type":"buoy_cardinal"},"children":{"buoy_cardinal":{"category":"south","colour":"yellow;black","colour_pattern":"horizontal","shape":"spar"}},"osm_tags":{"seamark:buoy_cardinal:category":"south","seamark:buoy_cardinal:colour":"yellow;black","seamark:buoy_cardinal:colour_pattern":"horizontal","seamark:buoy_cardinal:shape":"spar","seamark:type":"buoy_cardinal"}}},{"type":"Feature","geometry":{"type":"Point","coordinates":[14.7942172,56.128902]},"properties":{"osm_id":2165248375,"osm_type":"node","seamark_type":"buoy_special_purpose","display_class":"OTHER","min_zoom":12,"importance":1,"name":null,"ref":null,"common":{"type":"buoy_special_purpose"},"children":{"buoy_special_purpose":{"colour":"yellow","shape":"spar"},"light":{"character":"Fl","colour":"yellow","period":"5"},"topmark":{"colour":"yellow","shape":"x-shape"}},"osm_tags":{"seamark:buoy_special_purpose:colour":"yellow","seamark:buoy_special_purpose:shape":"spar","seamark:light:character":"Fl","seamark:light:colour":"yellow","seamark:light:period":"5","seamark:topmark:colour":"yellow","seamark:topmark:shape":"x-shape","seamark:type":"buoy_special_purpose"}}},{"type":"Feature","geometry":{"type":"Point","coordinates":[14.7280484,56.1292554]},"properties":{"osm_id":2165248393,"osm_type":"node","seamark_type":"buoy_lateral","display_class":"OTHER","min_zoom":12,"importance":1,"name":null,"ref":null,"common":{"type":"buoy_lateral"},"children":{"buoy_lateral":{"category":"starboard","colour":"green","shape":"spar","system":"iala-a"},"light":{"character":"Fl","colour":"green","period":"4"}},"osm_tags":{"seamark:buoy_lateral:category":"starboard","seamark:buoy_lateral:colour":"green","seamark:buoy_lateral:shape":"spar","seamark:buoy_lateral:system":"iala-a","seamark:light:character":"Fl","seamark:light:colour":"green","seamark:light:period":"4","seamark:type":"buoy_lateral"}}},{"type":"Feature","geometry":{"type":"Point","coordinates":[14.875145,56.1294734]},"properties":{"osm_id":2165248417,"osm_type":"node","seamark_type":"buoy_cardinal","display_class":"OTHER","min_zoom":12,"importance":1,"name":null,"ref":null,"common":{"type":"buoy_cardinal"},"children":{"buoy_cardinal":{"category":"east","colour":"black;yellow;black","colour_pattern":"horizontal","shape":"pillar"},"light":{"character":"Q","colour":"white","group":"3","period":"5"},"topmark":{"colour":"black","shape":"2 cones base together"}},"osm_tags":{"seamark:buoy_cardinal:category":"east","seamark:buoy_cardinal:colour":"black;yellow;black","seamark:buoy_cardinal:colour_pattern":"horizontal","seamark:buoy_cardinal:shape":"pillar","seamark:light:character":"Q","seamark:light:colour":"white","seamark:light:group":"3","seamark:light:period":"5","seamark:topmark:colour":"black","seamark:topmark:shape":"2 cones base together","seamark:type":"buoy_cardinal"}}},{"type":"Feature","geometry":{"type":"Point","coordinates":[14.7796082,56.1316367]},"properties":{"osm_id":2165248423,"osm_type":"node","seamark_type":"buoy_special_purpose","display_class":"OTHER","min_zoom":12,"importance":1,"name":null,"ref":null,"common":{"type":"buoy_special_purpose"},"children":{"buoy_special_purpose":{"colour":"yellow","shape":"spar"},"topmark":{"colour":"yellow","shape":"x-shape"}},"osm_tags":{"seamark:buoy_special_purpose:colour":"yellow","seamark:buoy_special_purpose:shape":"spar","seamark:topmark:colour":"yellow","seamark:topmark:shape":"x-shape","seamark:type":"buoy_special_purpose"}}},{"type":"Feature","geometry":{"type":"Point","coordinates":[14.9357146,56.1319539]},"properties":{"osm_id":2165248424,"osm_type":"node","seamark_type":"buoy_cardinal","display_class":"OTHER","min_zoom":12,"importance":1,"name":null,"ref":null,"common":{"type":"buoy_cardinal"},"children":{"buoy_cardinal":{"category":"west","colour":"yellow;black;yellow","colour_pattern":"horizontal","shape":"spar"},"topmark":{"colour":"black","shape":"2 cones point together"}},"osm_tags":{"seamark:buoy_cardinal:category":"west","seamark:buoy_cardinal:colour":"yellow;black;yellow","seamark:buoy_cardinal:colour_pattern":"horizontal","seamark:buoy_cardinal:shape":"spar","seamark:topmark:colour":"black","seamark:topmark:shape":"2 cones point together","seamark:type":"buoy_cardinal"}}},{"type":"Feature","geometry":{"type":"Point","coordinates":[14.9600841,56.1322833]},"properties":{"osm_id":2165248426,"osm_type":"node","seamark_type":"buoy_lateral","display_class":"OTHER","min_zoom":12,"importance":1,"name":null,"ref":null,"common":{"type":"buoy_lateral"},"children":{"buoy_lateral":{"category":"starboard","colour":"green","shape":"spar","system":"iala-a"}},"osm_tags":{"seamark:buoy_lateral:category":"starboard","seamark:buoy_lateral:colour":"green","seamark:buoy_lateral:shape":"spar","seamark:buoy_lateral:system":"iala-a","seamark:type":"buoy_lateral"}}},{"type":"Feature","geometry":{"type":"Point","coordinates":[14.8943669,56.1334515]},"properties":{"osm_id":2165248429,"osm_type":"node","seamark_type":"buoy_cardinal","display_class":"OTHER","min_zoom":12,"importance":1,"name":null,"ref":null,"common":{"type":"buoy_cardinal"},"children":{"buoy_cardinal":{"category":"west","colour":"yellow;black;yellow","colour_pattern":"horizontal","shape":"spar"},"topmark":{"colour":"black","shape":"2 cones point together"}},"osm_tags":{"seamark:buoy_cardinal:category":"west","seamark:buoy_cardinal:colour":"yellow;black;yellow","seamark:buoy_cardinal:colour_pattern":"horizontal","seamark:buoy_cardinal:shape":"spar","seamark:topmark:colour":"black","seamark:topmark:shape":"2 cones point together","seamark:type":"buoy_cardinal"}}},{"type":"Feature","geometry":{"type":"Point","coordinates":[14.6950518,56.1335613]},"properties":{"osm_id":2165248430,"osm_type":"node","seamark_type":"buoy_lateral","display_class":"OTHER","min_zoom":12,"importance":1,"name":null,"ref":null,"common":{"type":"buoy_lateral"},"children":{"buoy_lateral":{"category":"starboard","colour":"green","shape":"spar","system":"iala-a"}},"osm_tags":{"seamark:buoy_lateral:category":"starboard","seamark:buoy_lateral:colour":"green","seamark:buoy_lateral:shape":"spar","seamark:buoy_lateral:system":"iala-a","seamark:type":"buoy_lateral"}}},{"type":"Feature","geometry":{"type":"Point","coordinates":[14.9832709,56.1340301]},"properties":{"osm_id":2165248474,"osm_type":"node","seamark_type":"buoy_cardinal","display_class":"OTHER","min_zoom":12,"importance":1,"name":null,"ref":null,"common":{"type":"buoy_cardinal"},"children":{"buoy_cardinal":{"category":"north","colour":"black;yellow","colour_pattern":"horizontal","shape":"spar"}},"osm_tags":{"seamark:buoy_cardinal:category":"north","seamark:buoy_cardinal:colour":"black;yellow","seamark:buoy_cardinal:colour_pattern":"horizontal","seamark:buoy_cardinal:shape":"spar","seamark:type":"buoy_cardinal"}}},{"type":"Feature","geometry":{"type":"Point","coordinates":[14.9790276,56.1341272]},"properties":{"osm_id":2165248488,"osm_type":"node","seamark_type":"buoy_cardinal","display_class":"OTHER","min_zoom":12,"importance":1,"name":null,"ref":null,"common":{"type":"buoy_cardinal"},"children":{"buoy_cardinal":{"category":"east","colour":"black;yellow;black","colour_pattern":"horizontal","shape":"spar"},"topmark":{"colour":"black","shape":"2 cones base together"}},"osm_tags":{"seamark:buoy_cardinal:category":"east","seamark:buoy_cardinal:colour":"black;yellow;black","seamark:buoy_cardinal:colour_pattern":"horizontal","seamark:buoy_cardinal:shape":"spar","seamark:topmark:colour":"black","seamark:topmark:shape":"2 cones base together","seamark:type":"buoy_cardinal"}}},{"type":"Feature","geometry":{"type":"Point","coordinates":[14.7661732,56.1344318]},"properties":{"osm_id":2165248519,"osm_type":"node","seamark_type":"buoy_special_purpose","display_class":"OTHER","min_zoom":12,"importance":1,"name":null,"ref":null,"common":{"type":"buoy_special_purpose"},"children":{"buoy_special_purpose":{"colour":"yellow","shape":"spar"},"topmark":{"colour":"yellow","shape":"x-shape"}},"osm_tags":{"seamark:buoy_special_purpose:colour":"yellow","seamark:buoy_special_purpose:shape":"spar","seamark:topmark:colour":"yellow","seamark:topmark:shape":"x-shape","seamark:type":"buoy_special_purpose"}}},{"type":"Feature","geometry":{"type":"Point","coordinates":[14.82296,56.134527]},"properties":{"osm_id":2165248529,"osm_type":"node","seamark_type":"buoy_lateral","display_class":"OTHER","min_zoom":12,"importance":1,"name":null,"ref":null,"common":{"type":"buoy_lateral"},"children":{"buoy_lateral":{"category":"starboard","colour":"green","shape":"spar","system":"iala-a"},"light":{"character":"Q","colour":"green"}},"osm_tags":{"seamark:buoy_lateral:category":"starboard","seamark:buoy_lateral:colour":"green","seamark:buoy_lateral:shape":"spar","seamark:buoy_lateral:system":"iala-a","seamark:light:character":"Q","seamark:light:colour":"green","seamark:type":"buoy_lateral"}}},{"type":"Feature","geometry":{"type":"Point","coordinates":[14.9676973,56.134704]},"properties":{"osm_id":2165248538,"osm_type":"node","seamark_type":"buoy_cardinal","display_class":"OTHER","min_zoom":12,"importance":1,"name":null,"ref":null,"common":{"type":"buoy_cardinal"},"children":{"buoy_cardinal":{"category":"east","colour":"black;yellow;black","colour_pattern":"horizontal","shape":"spar"},"topmark":{"colour":"black","shape":"2 cones base together"}},"osm_tags":{"seamark:buoy_cardinal:category":"east","seamark:buoy_cardinal:colour":"black;yellow;black","seamark:buoy_cardinal:colour_pattern":"horizontal","seamark:buoy_cardinal:shape":"spar","seamark:topmark:colour":"black","seamark:topmark:shape":"2 cones base together","seamark:type":"buoy_cardinal"}}},{"type":"Feature","geometry":{"type":"Point","coordinates":[14.816909,56.137492]},"properties":{"osm_id":2165248545,"osm_type":"node","seamark_type":"buoy_lateral","display_class":"OTHER","min_zoom":12,"importance":1,"name":null,"ref":null,"common":{"type":"buoy_lateral"},"children":{"buoy_lateral":{"category":"port","colour":"red","shape":"spar","system":"iala-a"},"light":{"character":"Q","colour":"red"}},"osm_tags":{"seamark:buoy_lateral:category":"port","seamark:buoy_lateral:colour":"red","seamark:buoy_lateral:shape":"spar","seamark:buoy_lateral:system":"iala-a","seamark:light:character":"Q","seamark:light:colour":"red","seamark:type":"buoy_lateral"}}},{"type":"Feature","geometry":{"type":"Point","coordinates":[14.7712785,56.1380252]},"properties":{"osm_id":2165248550,"osm_type":"node","seamark_type":"buoy_cardinal","display_class":"OTHER","min_zoom":12,"importance":1,"name":null,"ref":null,"common":{"type":"buoy_cardinal"},"children":{"buoy_cardinal":{"category":"south","colour":"yellow;black","colour_pattern":"horizontal","shape":"spar"}},"osm_tags":{"seamark:buoy_cardinal:category":"south","seamark:buoy_cardinal:colour":"yellow;black","seamark:buoy_cardinal:colour_pattern":"horizontal","seamark:buoy_cardinal:shape":"spar","seamark:type":"buoy_cardinal"}}},{"type":"Feature","geometry":{"type":"Point","coordinates":[14.818,56.1421667]},"properties":{"osm_id":2165248622,"osm_type":"node","seamark_type":"buoy_lateral","display_class":"OTHER","min_zoom":12,"importance":1,"name":null,"ref":null,"common":{"type":"buoy_lateral"},"children":{"buoy_lateral":{"category":"port","colour":"red","shape":"can","system":"iala-a"},"light":{"character":"Q","colour":"red"}},"osm_tags":{"seamark:buoy_lateral:category":"port","seamark:buoy_lateral:colour":"red","seamark:buoy_lateral:shape":"can","seamark:buoy_lateral:system":"iala-a","seamark:light:character":"Q","seamark:light:colour":"red","seamark:type":"buoy_lateral"}}},{"type":"Feature","geometry":{"type":"Point","coordinates":[14.9853496,56.1424535]},"properties":{"osm_id":2165248661,"osm_type":"node","seamark_type":"buoy_cardinal","display_class":"OTHER","min_zoom":12,"importance":1,"name":null,"ref":null,"common":{"type":"buoy_cardinal"},"children":{"buoy_cardinal":{"category":"west","colour":"yellow;black;yellow","colour_pattern":"horizontal","shape":"spar"},"topmark":{"colour":"black","shape":"2 cones point together"}},"osm_tags":{"seamark:buoy_cardinal:category":"west","seamark:buoy_cardinal:colour":"yellow;black;yellow","seamark:buoy_cardinal:colour_pattern":"horizontal","seamark:buoy_cardinal:shape":"spar","seamark:topmark:colour":"black","seamark:topmark:shape":"2 cones point together","seamark:type":"buoy_cardinal"}}},{"type":"Feature","geometry":{"type":"Point","coordinates":[14.8551466,56.1475223]},"properties":{"osm_id":2165248891,"osm_type":"node","seamark_type":"buoy_lateral","display_class":"OTHER","min_zoom":12,"importance":1,"name":null,"ref":null,"common":{"type":"buoy_lateral"},"children":{"buoy_lateral":{"category":"port","colour":"red","shape":"spar","system":"iala-a"}},"osm_tags":{"seamark:buoy_lateral:category":"port","seamark:buoy_lateral:colour":"red","seamark:buoy_lateral:shape":"spar","seamark:buoy_lateral:system":"iala-a","seamark:type":"buoy_lateral"}}},{"type":"Feature","geometry":{"type":"Point","coordinates":[14.824827,56.148119]},"properties":{"osm_id":2165248936,"osm_type":"node","seamark_type":"buoy_lateral","display_class":"OTHER","min_zoom":12,"importance":1,"name":null,"ref":null,"common":{"type":"buoy_lateral"},"children":{"buoy_lateral":{"category":"starboard","colour":"green","shape":"spar","system":"iala-a"},"light":{"character":"Q","colour":"green"}},"osm_tags":{"seamark:buoy_lateral:category":"starboard","seamark:buoy_lateral:colour":"green","seamark:buoy_lateral:shape":"spar","seamark:buoy_lateral:system":"iala-a","seamark:light:character":"Q","seamark:light:colour":"green","seamark:type":"buoy_lateral"}}},{"type":"Feature","geometry":{"type":"Point","coordinates":[14.8552416,56.148757]},"properties":{"osm_id":2165249166,"osm_type":"node","seamark_type":"buoy_lateral","display_class":"OTHER","min_zoom":12,"importance":1,"name":null,"ref":null,"common":{"type":"buoy_lateral"},"children":{"buoy_lateral":{"category":"port","colour":"red","shape":"spar","system":"iala-a"}},"osm_tags":{"seamark:buoy_lateral:category":"port","seamark:buoy_lateral:colour":"red","seamark:buoy_lateral:shape":"spar","seamark:buoy_lateral:system":"iala-a","seamark:type":"buoy_lateral"}}},{"type":"Feature","geometry":{"type":"Point","coordinates":[14.8548141,56.1489731]},"properties":{"osm_id":2165249181,"osm_type":"node","seamark_type":"buoy_lateral","display_class":"OTHER","min_zoom":12,"importance":1,"name":null,"ref":null,"common":{"type":"buoy_lateral"},"children":{"buoy_lateral":{"category":"starboard","colour":"green","shape":"spar","system":"iala-a"}},"osm_tags":{"seamark:buoy_lateral:category":"starboard","seamark:buoy_lateral:colour":"green","seamark:buoy_lateral:shape":"spar","seamark:buoy_lateral:system":"iala-a","seamark:type":"buoy_lateral"}}},{"type":"Feature","geometry":{"type":"Point","coordinates":[14.7281862,56.1490726]},"properties":{"osm_id":2165249198,"osm_type":"node","seamark_type":"buoy_lateral","display_class":"OTHER","min_zoom":12,"importance":1,"name":null,"ref":null,"common":{"type":"buoy_lateral"},"children":{"buoy_lateral":{"category":"port","colour":"red","shape":"spar","system":"iala-a"}},"osm_tags":{"seamark:buoy_lateral:category":"port","seamark:buoy_lateral:colour":"red","seamark:buoy_lateral:shape":"spar","seamark:buoy_lateral:system":"iala-a","seamark:type":"buoy_lateral"}}},{"type":"Feature","geometry":{"type":"Point","coordinates":[14.8731117,56.1493514]},"properties":{"osm_id":2165249214,"osm_type":"node","seamark_type":"buoy_lateral","display_class":"OTHER","min_zoom":12,"importance":1,"name":null,"ref":null,"common":{"type":"buoy_lateral"},"children":{"buoy_lateral":{"category":"port","colour":"red","shape":"spar","system":"iala-a"},"light":{"character":"Fl","colour":"red","period":"6"},"topmark":{"colour":"red","shape":"cylinder"}},"osm_tags":{"seamark:buoy_lateral:category":"port","seamark:buoy_lateral:colour":"red","seamark:buoy_lateral:shape":"spar","seamark:buoy_lateral:system":"iala-a","seamark:light:character":"Fl","seamark:light:colour":"red","seamark:light:period":"6","seamark:topmark:colour":"red","seamark:topmark:shape":"cylinder","seamark:type":"buoy_lateral"}}},{"type":"Feature","geometry":{"type":"Point","coordinates":[14.9596825,56.1500043]},"properties":{"osm_id":2165249312,"osm_type":"node","seamark_type":"buoy_cardinal","display_class":"OTHER","min_zoom":12,"importance":1,"name":null,"ref":null,"common":{"type":"buoy_cardinal"},"children":{"buoy_cardinal":{"category":"west","colour":"yellow;black;yellow","colour_pattern":"horizontal","shape":"spar"},"topmark":{"colour":"black","shape":"2 cones point together"}},"osm_tags":{"seamark:buoy_cardinal:category":"west","seamark:buoy_cardinal:colour":"yellow;black;yellow","seamark:buoy_cardinal:colour_pattern":"horizontal","seamark:buoy_cardinal:shape":"spar","seamark:topmark:colour":"black","seamark:topmark:shape":"2 cones point together","seamark:type":"buoy_cardinal"}}},{"type":"Feature","geometry":{"type":"Point","coordinates":[14.908812,56.150701]},"properties":{"osm_id":2165249356,"osm_type":"node","seamark_type":"buoy_isolated_danger","display_class":"OTHER","min_zoom":12,"importance":1,"name":null,"ref":null,"common":{"type":"buoy_isolated_danger"},"children":{"buoy_isolated_danger":{"colour":"black;red;black","colour_pattern":"horizontal","shape":"spar"},"topmark":{"colour":"black","shape":"2 spheres"}},"osm_tags":{"seamark:buoy_isolated_danger:colour":"black;red;black","seamark:buoy_isolated_danger:colour_pattern":"horizontal","seamark:buoy_isolated_danger:shape":"spar","seamark:topmark:colour":"black","seamark:topmark:shape":"2 spheres","seamark:type":"buoy_isolated_danger"}}},{"type":"Feature","geometry":{"type":"Point","coordinates":[14.8156389,56.1504444]},"properties":{"osm_id":2165249372,"osm_type":"node","seamark_type":"buoy_lateral","display_class":"OTHER","min_zoom":12,"importance":1,"name":null,"ref":null,"common":{"type":"buoy_lateral"},"children":{"buoy_lateral":{"category":"port","colour":"red","shape":"spar","system":"iala-a"},"light":{"character":"Fl","colour":"red","period":"3"}},"osm_tags":{"seamark:buoy_lateral:category":"port","seamark:buoy_lateral:colour":"red","seamark:buoy_lateral:shape":"spar","seamark:buoy_lateral:system":"iala-a","seamark:light:character":"Fl","seamark:light:colour":"red","seamark:light:period":"3","seamark:type":"buoy_lateral"}}},{"type":"Feature","geometry":{"type":"Point","coordinates":[14.9514574,56.1511559]},"properties":{"osm_id":2165249389,"osm_type":"node","seamark_type":"buoy_lateral","display_class":"OTHER","min_zoom":12,"importance":1,"name":null,"ref":null,"common":{"type":"buoy_lateral"},"children":{"buoy_lateral":{"category":"starboard","colour":"green","shape":"spar","system":"iala-a"}},"osm_tags":{"seamark:buoy_lateral:category":"starboard","seamark:buoy_lateral:colour":"green","seamark:buoy_lateral:shape":"spar","seamark:buoy_lateral:system":"iala-a","seamark:type":"buoy_lateral"}}},{"type":"Feature","geometry":{"type":"Point","coordinates":[14.9513624,56.1514205]},"properties":{"osm_id":2165249400,"osm_type":"node","seamark_type":"buoy_lateral","display_class":"OTHER","min_zoom":12,"importance":1,"name":null,"ref":null,"common":{"type":"buoy_lateral"},"children":{"buoy_lateral":{"category":"port","colour":"red","shape":"spar","system":"iala-a"}},"osm_tags":{"seamark:buoy_lateral:category":"port","seamark:buoy_lateral:colour":"red","seamark:buoy_lateral:shape":"spar","seamark:buoy_lateral:system":"iala-a","seamark:type":"buoy_lateral"}}},{"type":"Feature","geometry":{"type":"Point","coordinates":[14.8576166,56.1516674]},"properties":{"osm_id":2165249428,"osm_type":"node","seamark_type":"buoy_lateral","display_class":"OTHER","min_zoom":12,"importance":1,"name":null,"ref":null,"common":{"type":"buoy_lateral"},"children":{"buoy_lateral":{"category":"port","colour":"red","shape":"spar","system":"iala-a"}},"osm_tags":{"seamark:buoy_lateral:category":"port","seamark:buoy_lateral:colour":"red","seamark:buoy_lateral:shape":"spar","seamark:buoy_lateral:system":"iala-a","seamark:type":"buoy_lateral"}}},{"type":"Feature","geometry":{"type":"Point","coordinates":[14.8571099,56.1516807]},"properties":{"osm_id":2165249429,"osm_type":"node","seamark_type":"buoy_lateral","display_class":"OTHER","min_zoom":12,"importance":1,"name":null,"ref":null,"common":{"type":"buoy_lateral"},"children":{"buoy_lateral":{"category":"starboard","colour":"green","shape":"spar","system":"iala-a"}},"osm_tags":{"seamark:buoy_lateral:category":"starboard","seamark:buoy_lateral:colour":"green","seamark:buoy_lateral:shape":"spar","seamark:buoy_lateral:system":"iala-a","seamark:type":"buoy_lateral"}}},{"type":"Feature","geometry":{"type":"Point","coordinates":[14.8189735,56.1517189]},"properties":{"osm_id":2165249430,"osm_type":"node","seamark_type":"buoy_special_purpose","display_class":"OTHER","min_zoom":12,"importance":1,"name":null,"ref":null,"common":{"type":"buoy_special_purpose"},"children":{"buoy_special_purpose":{"colour":"yellow","shape":"spar"},"light":{"character":"VQ+LFl","period":"10"}},"osm_tags":{"seamark:buoy_special_purpose:colour":"yellow","seamark:buoy_special_purpose:shape":"spar","seamark:light:character":"VQ+LFl","seamark:light:period":"10","seamark:type":"buoy_special_purpose"}}},{"type":"Feature","geometry":{"type":"Point","coordinates":[14.7283762,56.1520359]},"properties":{"osm_id":2165249643,"osm_type":"node","seamark_type":"buoy_lateral","display_class":"OTHER","min_zoom":12,"importance":1,"name":null,"ref":null,"common":{"type":"buoy_lateral"},"children":{"buoy_lateral":{"category":"port","colour":"red","shape":"spar","system":"iala-a"},"light":{"character":"Fl","colour":"red","period":"2"}},"osm_tags":{"seamark:buoy_lateral:category":"port","seamark:buoy_lateral:colour":"red","seamark:buoy_lateral:shape":"spar","seamark:buoy_lateral:system":"iala-a","seamark:light:character":"Fl","seamark:light:colour":"red","seamark:light:period":"2","seamark:type":"buoy_lateral"}}},{"type":"Feature","geometry":{"type":"Point","coordinates":[14.858804,56.1528954]},"properties":{"osm_id":2165249819,"osm_type":"node","seamark_type":"buoy_lateral","display_class":"OTHER","min_zoom":12,"importance":1,"name":null,"ref":null,"common":{"type":"buoy_lateral"},"children":{"buoy_lateral":{"category":"port","colour":"red","shape":"spar","system":"iala-a"}},"osm_tags":{"seamark:buoy_lateral:category":"port","seamark:buoy_lateral:colour":"red","seamark:buoy_lateral:shape":"spar","seamark:buoy_lateral:system":"iala-a","seamark:type":"buoy_lateral"}}},{"type":"Feature","geometry":{"type":"Point","coordinates":[14.9445382,56.1532725]},"properties":{"osm_id":2165249846,"osm_type":"node","seamark_type":"buoy_lateral","display_class":"OTHER","min_zoom":12,"importance":1,"name":null,"ref":null,"common":{"type":"buoy_lateral"},"children":{"buoy_lateral":{"category":"starboard","colour":"green","shape":"spar","system":"iala-a"}},"osm_tags":{"seamark:buoy_lateral:category":"starboard","seamark:buoy_lateral:colour":"green","seamark:buoy_lateral:shape":"spar","seamark:buoy_lateral:system":"iala-a","seamark:type":"buoy_lateral"}}},{"type":"Feature","geometry":{"type":"Point","coordinates":[14.8699964,56.1534194]},"properties":{"osm_id":2165249861,"osm_type":"node","seamark_type":"buoy_cardinal","display_class":"OTHER","min_zoom":12,"importance":1,"name":null,"ref":null,"common":{"type":"buoy_cardinal"},"children":{"buoy_cardinal":{"category":"south","colour":"yellow;black","colour_pattern":"horizontal","shape":"spar"},"topmark":{"colour":"black","shape":"2 cones down"}},"osm_tags":{"seamark:buoy_cardinal:category":"south","seamark:buoy_cardinal:colour":"yellow;black","seamark:buoy_cardinal:colour_pattern":"horizontal","seamark:buoy_cardinal:shape":"spar","seamark:topmark:colour":"black","seamark:topmark:shape":"2 cones down","seamark:type":"buoy_cardinal"}}},{"type":"Feature","geometry":{"type":"Point","coordinates":[14.8142937,56.1535397]},"properties":{"osm_id":2165249863,"osm_type":"node","seamark_type":"buoy_lateral","display_class":"OTHER","min_zoom":12,"importance":1,"name":null,"ref":null,"common":{"type":"buoy_lateral"},"children":{"buoy_lateral":{"category":"port","colour":"red","shape":"spar","system":"iala-a"},"light":{"character":"Fl","colour":"red","period":"3"},"topmark":{"colour":"red","shape":"cylinder"}},"osm_tags":{"seamark:buoy_lateral:category":"port","seamark:buoy_lateral:colour":"red","seamark:buoy_lateral:shape":"spar","seamark:buoy_lateral:system":"iala-a","seamark:light:character":"Fl","seamark:light:colour":"red","seamark:light:period":"3","seamark:topmark:colour":"red","seamark:topmark:shape":"cylinder","seamark:type":"buoy_lateral"}}},{"type":"Feature","geometry":{"type":"Point","coordinates":[14.8951312,56.1535965]},"properties":{"osm_id":2165249875,"osm_type":"node","seamark_type":"buoy_cardinal","display_class":"OTHER","min_zoom":12,"importance":1,"name":null,"ref":null,"common":{"type":"buoy_cardinal"},"children":{"buoy_cardinal":{"category":"south","colour":"yellow;black","colour_pattern":"horizontal","shape":"spar"},"topmark":{"colour":"black","shape":"2 cones down"}},"osm_tags":{"seamark:buoy_cardinal:category":"south","seamark:buoy_cardinal:colour":"yellow;black","seamark:buoy_cardinal:colour_pattern":"horizontal","seamark:buoy_cardinal:shape":"spar","seamark:topmark:colour":"black","seamark:topmark:shape":"2 cones down","seamark:type":"buoy_cardinal"}}},{"type":"Feature","geometry":{"type":"Point","coordinates":[14.8630078,56.1536626]},"properties":{"osm_id":2165249886,"osm_type":"node","seamark_type":"buoy_lateral","display_class":"OTHER","min_zoom":12,"importance":1,"name":null,"ref":null,"common":{"type":"buoy_lateral"},"children":{"buoy_lateral":{"category":"port","colour":"red","shape":"spar","system":"iala-a"},"light":{"character":"Q","colour":"red"}},"osm_tags":{"seamark:buoy_lateral:category":"port","seamark:buoy_lateral:colour":"red","seamark:buoy_lateral:shape":"spar","seamark:buoy_lateral:system":"iala-a","seamark:light:character":"Q","seamark:light:colour":"red","seamark:type":"buoy_lateral"}}},{"type":"Feature","geometry":{"type":"Point","coordinates":[14.8944345,56.1546063]},"properties":{"osm_id":2165249978,"osm_type":"node","seamark_type":"buoy_cardinal","display_class":"OTHER","min_zoom":12,"importance":1,"name":null,"ref":null,"common":{"type":"buoy_cardinal"},"children":{"buoy_cardinal":{"category":"west","colour":"yellow;black;yellow","colour_pattern":"horizontal","shape":"spar"},"topmark":{"colour":"black","shape":"2 cones point together"}},"osm_tags":{"seamark:buoy_cardinal:category":"west","seamark:buoy_cardinal:colour":"yellow;black;yellow","seamark:buoy_cardinal:colour_pattern":"horizontal","seamark:buoy_cardinal:shape":"spar","seamark:topmark:colour":"black","seamark:topmark:shape":"2 cones point together","seamark:type":"buoy_cardinal"}}},{"type":"Feature","geometry":{"type":"Point","coordinates":[14.893234,56.154914]},"properties":{"osm_id":2165249979,"osm_type":"node","seamark_type":"buoy_isolated_danger","display_class":"OTHER","min_zoom":12,"importance":1,"name":null,"ref":null,"common":{"type":"buoy_isolated_danger"},"children":{"buoy_isolated_danger":{"colour":"black;red;black","colour_pattern":"horizontal","shape":"spar"},"topmark":{"colour":"black","shape":"2 spheres"}},"osm_tags":{"seamark:buoy_isolated_danger:colour":"black;red;black","seamark:buoy_isolated_danger:colour_pattern":"horizontal","seamark:buoy_isolated_danger:shape":"spar","seamark:topmark:colour":"black","seamark:topmark:shape":"2 spheres","seamark:type":"buoy_isolated_danger"}}},{"type":"Feature","geometry":{"type":"Point","coordinates":[14.811995,56.155016]},"properties":{"osm_id":2165250001,"osm_type":"node","seamark_type":"buoy_lateral","display_class":"OTHER","min_zoom":12,"importance":1,"name":null,"ref":null,"common":{"type":"buoy_lateral"},"children":{"buoy_lateral":{"category":"port","colour":"red","shape":"spar","system":"iala-a"},"light":{"character":"Q","colour":"red"}},"osm_tags":{"seamark:buoy_lateral:category":"port","seamark:buoy_lateral:colour":"red","seamark:buoy_lateral:shape":"spar","seamark:buoy_lateral:system":"iala-a","seamark:light:character":"Q","seamark:light:colour":"red","seamark:type":"buoy_lateral"}}},{"type":"Feature","geometry":{"type":"Point","coordinates":[14.8930254,56.1551203]},"properties":{"osm_id":2165250014,"osm_type":"node","seamark_type":"buoy_cardinal","display_class":"OTHER","min_zoom":12,"importance":1,"name":null,"ref":null,"common":{"type":"buoy_cardinal"},"children":{"buoy_cardinal":{"category":"south","colour":"yellow;black","colour_pattern":"horizontal","shape":"spar"}},"osm_tags":{"seamark:buoy_cardinal:category":"south","seamark:buoy_cardinal:colour":"yellow;black","seamark:buoy_cardinal:colour_pattern":"horizontal","seamark:buoy_cardinal:shape":"spar","seamark:type":"buoy_cardinal"}}},{"type":"Feature","geometry":{"type":"Point","coordinates":[14.8656757,56.15525]},"properties":{"osm_id":2165250032,"osm_type":"node","seamark_type":"buoy_lateral","display_class":"OTHER","min_zoom":12,"importance":1,"name":null,"ref":null,"common":{"type":"buoy_lateral"},"children":{"buoy_lateral":{"category":"starboard","colour":"green","shape":"spar","system":"iala-a"},"light":{"character":"Q","colour":"green"}},"osm_tags":{"seamark:buoy_lateral:category":"starboard","seamark:buoy_lateral:colour":"green","seamark:buoy_lateral:shape":"spar","seamark:buoy_lateral:system":"iala-a","seamark:light:character":"Q","seamark:light:colour":"green","seamark:type":"buoy_lateral"}}},{"type":"Feature","geometry":{"type":"Point","coordinates":[14.8705189,56.1558268]},"properties":{"osm_id":2165250094,"osm_type":"node","seamark_type":"buoy_lateral","display_class":"OTHER","min_zoom":12,"importance":1,"name":null,"ref":null,"common":{"type":"buoy_lateral"},"children":{"buoy_lateral":{"category":"port","colour":"red","shape":"spar","system":"iala-a"}},"osm_tags":{"seamark:buoy_lateral:category":"port","seamark:buoy_lateral:colour":"red","seamark:buoy_lateral:shape":"spar","seamark:buoy_lateral:system":"iala-a","seamark:type":"buoy_lateral"}}},{"type":"Feature","geometry":{"type":"Point","coordinates":[14.86435,56.1564333]},"properties":{"osm_id":2165250149,"osm_type":"node","seamark_type":"buoy_lateral","display_class":"OTHER","min_zoom":12,"importance":1,"name":null,"ref":null,"common":{"type":"buoy_lateral"},"children":{"buoy_lateral":{"category":"starboard","colour":"green","shape":"spar","system":"iala-a"},"light":{"character":"Fl","colour":"green","period":"3"}},"osm_tags":{"seamark:buoy_lateral:category":"starboard","seamark:buoy_lateral:colour":"green","seamark:buoy_lateral:shape":"spar","seamark:buoy_lateral:system":"iala-a","seamark:light:character":"Fl","seamark:light:colour":"green","seamark:light:period":"3","seamark:type":"buoy_lateral"}}},{"type":"Feature","geometry":{"type":"Point","coordinates":[14.8138011,56.1580042]},"properties":{"osm_id":2165250353,"osm_type":"node","seamark_type":"buoy_lateral","display_class":"OTHER","min_zoom":12,"importance":1,"name":null,"ref":null,"common":{"type":"buoy_lateral"},"children":{"buoy_lateral":{"category":"port","colour":"red","shape":"spar","system":"iala-a"},"light":{"character":"Q","colour":"red"}},"osm_tags":{"seamark:buoy_lateral:category":"port","seamark:buoy_lateral:colour":"red","seamark:buoy_lateral:shape":"spar","seamark:buoy_lateral:system":"iala-a","seamark:light:character":"Q","seamark:light:colour":"red","seamark:type":"buoy_lateral"}}},{"type":"Feature","geometry":{"type":"Point","coordinates":[14.9790801,56.1586188]},"properties":{"osm_id":2165250375,"osm_type":"node","seamark_type":"buoy_lateral","display_class":"OTHER","min_zoom":12,"importance":1,"name":null,"ref":null,"common":{"type":"buoy_lateral"},"children":{"buoy_lateral":{"category":"port","colour":"red","shape":"spar","system":"iala-a"}},"osm_tags":{"seamark:buoy_lateral:category":"port","seamark:buoy_lateral:colour":"red","seamark:buoy_lateral:shape":"spar","seamark:buoy_lateral:system":"iala-a","seamark:type":"buoy_lateral"}}},{"type":"Feature","geometry":{"type":"Point","coordinates":[14.8145848,56.1590392]},"properties":{"osm_id":2165250399,"osm_type":"node","seamark_type":"buoy_lateral","display_class":"OTHER","min_zoom":12,"importance":1,"name":null,"ref":null,"common":{"type":"buoy_lateral"},"children":{"buoy_lateral":{"category":"port","colour":"red","shape":"spar","system":"iala-a"}},"osm_tags":{"seamark:buoy_lateral:category":"port","seamark:buoy_lateral:colour":"red","seamark:buoy_lateral:shape":"spar","seamark:buoy_lateral:system":"iala-a","seamark:type":"buoy_lateral"}}},{"type":"Feature","geometry":{"type":"Point","coordinates":[14.8720685,56.1591977]},"properties":{"osm_id":2165250414,"osm_type":"node","seamark_type":"buoy_special_purpose","display_class":"OTHER","min_zoom":12,"importance":1,"name":null,"ref":null,"common":{"type":"buoy_special_purpose"},"children":{"buoy_special_purpose":{"colour":"yellow","shape":"spar"},"topmark":{"colour":"yellow","shape":"x-shape"}},"osm_tags":{"seamark:buoy_special_purpose:colour":"yellow","seamark:buoy_special_purpose:shape":"spar","seamark:topmark:colour":"yellow","seamark:topmark:shape":"x-shape","seamark:type":"buoy_special_purpose"}}},{"type":"Feature","geometry":{"type":"Point","coordinates":[14.8229833,56.1591167]},"properties":{"osm_id":2165250432,"osm_type":"node","seamark_type":"buoy_lateral","display_class":"OTHER","min_zoom":12,"importance":1,"name":null,"ref":null,"common":{"type":"buoy_lateral"},"children":{"buoy_lateral":{"category":"starboard","colour":"green","shape":"spar","system":"iala-a"}},"osm_tags":{"seamark:buoy_lateral:category":"starboard","seamark:buoy_lateral:colour":"green","seamark:buoy_lateral:shape":"spar","seamark:buoy_lateral:system":"iala-a","seamark:type":"buoy_lateral","source":"Ufs 2015:562"}}},{"type":"Feature","geometry":{"type":"Point","coordinates":[14.8157491,56.1601116]},"properties":{"osm_id":2165250476,"osm_type":"node","seamark_type":"buoy_lateral","display_class":"OTHER","min_zoom":12,"importance":1,"name":null,"ref":null,"common":{"type":"buoy_lateral"},"children":{"buoy_lateral":{"category":"port","colour":"red","shape":"spar","system":"iala-a"}},"osm_tags":{"seamark:buoy_lateral:category":"port","seamark:buoy_lateral:colour":"red","seamark:buoy_lateral:shape":"spar","seamark:buoy_lateral:system":"iala-a","seamark:type":"buoy_lateral"}}},{"type":"Feature","geometry":{"type":"Point","coordinates":[14.8695352,56.1623542]},"properties":{"osm_id":2165250562,"osm_type":"node","seamark_type":"buoy_lateral","display_class":"OTHER","min_zoom":12,"importance":1,"name":null,"ref":null,"common":{"type":"buoy_lateral"},"children":{"buoy_lateral":{"category":"starboard","colour":"green","shape":"spar","system":"iala-a"}},"osm_tags":{"seamark:buoy_lateral:category":"starboard","seamark:buoy_lateral:colour":"green","seamark:buoy_lateral:shape":"spar","seamark:buoy_lateral:system":"iala-a","seamark:type":"buoy_lateral"}}},{"type":"Feature","geometry":{"type":"Point","coordinates":[14.9355127,56.1538007]},"properties":{"osm_id":2165284203,"osm_type":"node","seamark_type":"buoy_lateral","display_class":"OTHER","min_zoom":12,"importance":1,"name":null,"ref":null,"common":{"type":"buoy_lateral"},"children":{"buoy_lateral":{"category":"port","colour":"red","shape":"spar","system":"iala-a"}},"osm_tags":{"seamark:buoy_lateral:category":"port","seamark:buoy_lateral:colour":"red","seamark:buoy_lateral:shape":"spar","seamark:buoy_lateral:system":"iala-a","seamark:type":"buoy_lateral"}}},{"type":"Feature","geometry":{"type":"Point","coordinates":[14.9521113,56.1469754]},"properties":{"osm_id":2165294121,"osm_type":"node","seamark_type":"buoy_cardinal","display_class":"OTHER","min_zoom":12,"importance":1,"name":null,"ref":null,"common":{"type":"buoy_cardinal"},"children":{"buoy_cardinal":{"category":"south","colour":"yellow;black","colour_pattern":"horizontal","shape":"spar"}},"osm_tags":{"seamark:buoy_cardinal:category":"south","seamark:buoy_cardinal:colour":"yellow;black","seamark:buoy_cardinal:colour_pattern":"horizontal","seamark:buoy_cardinal:shape":"spar","seamark:type":"buoy_cardinal"}}},{"type":"Feature","geometry":{"type":"Point","coordinates":[14.733444,56.0018515]},"properties":{"osm_id":2166005335,"osm_type":"node","seamark_type":"buoy_lateral","display_class":"OTHER","min_zoom":12,"importance":1,"name":null,"ref":null,"common":{"type":"buoy_lateral"},"children":{"buoy_lateral":{"category":"port","colour":"red","shape":"spar","system":"iala-a"}},"osm_tags":{"seamark:buoy_lateral:category":"port","seamark:buoy_lateral:colour":"red","seamark:buoy_lateral:shape":"spar","seamark:buoy_lateral:system":"iala-a","seamark:type":"buoy_lateral"}}},{"type":"Feature","geometry":{"type":"Point","coordinates":[14.7331606,56.0019911]},"properties":{"osm_id":2166005336,"osm_type":"node","seamark_type":"buoy_lateral","display_class":"OTHER","min_zoom":12,"importance":1,"name":null,"ref":null,"common":{"type":"buoy_lateral"},"children":{"buoy_lateral":{"category":"starboard","colour":"green","shape":"spar","system":"iala-a"}},"osm_tags":{"seamark:buoy_lateral:category":"starboard","seamark:buoy_lateral:colour":"green","seamark:buoy_lateral:shape":"spar","seamark:buoy_lateral:system":"iala-a","seamark:type":"buoy_lateral"}}},{"type":"Feature","geometry":{"type":"Point","coordinates":[14.7345978,56.002293]},"properties":{"osm_id":2166005337,"osm_type":"node","seamark_type":"buoy_lateral","display_class":"OTHER","min_zoom":12,"importance":1,"name":null,"ref":null,"common":{"type":"buoy_lateral"},"children":{"buoy_lateral":{"category":"port","colour":"red","shape":"spar","system":"iala-a"}},"osm_tags":{"seamark:buoy_lateral:category":"port","seamark:buoy_lateral:colour":"red","seamark:buoy_lateral:shape":"spar","seamark:buoy_lateral:system":"iala-a","seamark:type":"buoy_lateral"}}},{"type":"Feature","geometry":{"type":"Point","coordinates":[14.7348339,56.0029507]},"properties":{"osm_id":2166005339,"osm_type":"node","seamark_type":"buoy_isolated_danger","display_class":"OTHER","min_zoom":12,"importance":1,"name":null,"ref":null,"common":{"type":"buoy_isolated_danger"},"children":{"buoy_isolated_danger":{"colour":"black;red;black","colour_pattern":"horizontal","shape":"spar"}},"osm_tags":{"seamark:buoy_isolated_danger:colour":"black;red;black","seamark:buoy_isolated_danger:colour_pattern":"horizontal","seamark:buoy_isolated_danger:shape":"spar","seamark:type":"buoy_isolated_danger"}}},{"type":"Feature","geometry":{"type":"Point","coordinates":[14.788316,56.010684]},"properties":{"osm_id":2166005348,"osm_type":"node","seamark_type":"buoy_cardinal","display_class":"OTHER","min_zoom":12,"importance":1,"name":null,"ref":null,"common":{"type":"buoy_cardinal"},"children":{"buoy_cardinal":{"category":"east","colour":"black;yellow;black","colour_pattern":"horizontal","shape":"spar"},"topmark":{"colour":"black","shape":"2 cones base together"}},"osm_tags":{"seamark:buoy_cardinal:category":"east","seamark:buoy_cardinal:colour":"black;yellow;black","seamark:buoy_cardinal:colour_pattern":"horizontal","seamark:buoy_cardinal:shape":"spar","seamark:topmark:colour":"black","seamark:topmark:shape":"2 cones base together","seamark:type":"buoy_cardinal"}}},{"type":"Feature","geometry":{"type":"Point","coordinates":[14.8016359,56.0439536]},"properties":{"osm_id":2166005349,"osm_type":"node","seamark_type":"buoy_cardinal","display_class":"OTHER","min_zoom":12,"importance":1,"name":null,"ref":null,"common":{"type":"buoy_cardinal"},"children":{"buoy_cardinal":{"category":"east","colour":"black;yellow;black","colour_pattern":"horizontal","shape":"spar"},"topmark":{"colour":"black","shape":"2 cones base together"}},"osm_tags":{"seamark:buoy_cardinal:category":"east","seamark:buoy_cardinal:colour":"black;yellow;black","seamark:buoy_cardinal:colour_pattern":"horizontal","seamark:buoy_cardinal:shape":"spar","seamark:topmark:colour":"black","seamark:topmark:shape":"2 cones base together","seamark:type":"buoy_cardinal"}}},{"type":"Feature","geometry":{"type":"Point","coordinates":[14.758914,56.049978]},"properties":{"osm_id":2166005350,"osm_type":"node","seamark_type":"buoy_lateral","display_class":"OTHER","min_zoom":12,"importance":1,"name":null,"ref":null,"common":{"type":"buoy_lateral"},"children":{"buoy_lateral":{"category":"port","colour":"red","shape":"spar","system":"iala-a"}},"osm_tags":{"seamark:buoy_lateral:category":"port","seamark:buoy_lateral:colour":"red","seamark:buoy_lateral:shape":"spar","seamark:buoy_lateral:system":"iala-a","seamark:type":"buoy_lateral"}}},{"type":"Feature","geometry":{"type":"Point","coordinates":[14.7578794,56.0505115]},"properties":{"osm_id":2166005352,"osm_type":"node","seamark_type":"buoy_lateral","display_class":"OTHER","min_zoom":12,"importance":1,"name":null,"ref":null,"common":{"type":"buoy_lateral"},"children":{"buoy_lateral":{"category":"starboard","colour":"green","shape":"spar","system":"iala-a"}},"osm_tags":{"seamark:buoy_lateral:category":"starboard","seamark:buoy_lateral:colour":"green","seamark:buoy_lateral:shape":"spar","seamark:buoy_lateral:system":"iala-a","seamark:type":"buoy_lateral"}}},{"type":"Feature","geometry":{"type":"Point","coordinates":[14.7609178,56.0506388]},"properties":{"osm_id":2166005353,"osm_type":"node","seamark_type":"buoy_lateral","display_class":"OTHER","min_zoom":12,"importance":1,"name":null,"ref":null,"common":{"type":"buoy_lateral"},"children":{"buoy_lateral":{"category":"starboard","colour":"green","shape":"spar","system":"iala-a"},"topmark":{"colour":"green","shape":"cone, point up"}},"osm_tags":{"seamark:buoy_lateral:category":"starboard","seamark:buoy_lateral:colour":"green","seamark:buoy_lateral:shape":"spar","seamark:buoy_lateral:system":"iala-a","seamark:topmark:colour":"green","seamark:topmark:shape":"cone, point up","seamark:type":"buoy_lateral"}}},{"type":"Feature","geometry":{"type":"Point","coordinates":[14.7960355,56.0507294]},"properties":{"osm_id":2166005354,"osm_type":"node","seamark_type":"buoy_cardinal","display_class":"OTHER","min_zoom":12,"importance":1,"name":null,"ref":null,"common":{"type":"buoy_cardinal"},"children":{"buoy_cardinal":{"category":"north","colour":"black;yellow","colour_pattern":"horizontal","shape":"spar"},"topmark":{"colour":"black","shape":"2 cones up"}},"osm_tags":{"seamark:buoy_cardinal:category":"north","seamark:buoy_cardinal:colour":"black;yellow","seamark:buoy_cardinal:colour_pattern":"horizontal","seamark:buoy_cardinal:shape":"spar","seamark:topmark:colour":"black","seamark:topmark:shape":"2 cones up","seamark:type":"buoy_cardinal"}}},{"type":"Feature","geometry":{"type":"Point","coordinates":[14.7812991,56.0556729]},"properties":{"osm_id":2166005355,"osm_type":"node","seamark_type":"buoy_cardinal","display_class":"OTHER","min_zoom":12,"importance":1,"name":null,"ref":null,"common":{"type":"buoy_cardinal"},"children":{"buoy_cardinal":{"category":"west","colour":"yellow;black;yellow","colour_pattern":"horizontal","shape":"spar"},"topmark":{"colour":"black","shape":"2 cones point together"}},"osm_tags":{"seamark:buoy_cardinal:category":"west","seamark:buoy_cardinal:colour":"yellow;black;yellow","seamark:buoy_cardinal:colour_pattern":"horizontal","seamark:buoy_cardinal:shape":"spar","seamark:topmark:colour":"black","seamark:topmark:shape":"2 cones point together","seamark:type":"buoy_cardinal"}}},{"type":"Feature","geometry":{"type":"Point","coordinates":[14.5626153,56.0035959]},"properties":{"osm_id":2176028346,"osm_type":"node","seamark_type":"buoy_lateral","display_class":"OTHER","min_zoom":12,"importance":1,"name":null,"ref":null,"common":{"type":"buoy_lateral"},"children":{"buoy_lateral":{"category":"starboard","colour":"green","shape":"spar","system":"iala-a"}},"osm_tags":{"seamark:buoy_lateral:category":"starboard","seamark:buoy_lateral:colour":"green","seamark:buoy_lateral:shape":"spar","seamark:buoy_lateral:system":"iala-a","seamark:type":"buoy_lateral"}}},{"type":"Feature","geometry":{"type":"Point","coordinates":[14.5612671,56.0041487]},"properties":{"osm_id":2176028373,"osm_type":"node","seamark_type":"buoy_lateral","display_class":"OTHER","min_zoom":12,"importance":1,"name":null,"ref":null,"common":{"type":"buoy_lateral"},"children":{"buoy_lateral":{"category":"port","colour":"red","shape":"spar","system":"iala-a"}},"osm_tags":{"seamark:buoy_lateral:category":"port","seamark:buoy_lateral:colour":"red","seamark:buoy_lateral:shape":"spar","seamark:buoy_lateral:system":"iala-a","seamark:type":"buoy_lateral"}}},{"type":"Feature","geometry":{"type":"Point","coordinates":[14.5057763,56.0062694]},"properties":{"osm_id":2176028384,"osm_type":"node","seamark_type":"buoy_special_purpose","display_class":"OTHER","min_zoom":12,"importance":1,"name":null,"ref":null,"common":{"type":"buoy_special_purpose"},"children":{"buoy_special_purpose":{"colour":"yellow","shape":"spar"},"topmark":{"colour":"yellow","shape":"x-shape"}},"osm_tags":{"seamark:buoy_special_purpose:colour":"yellow","seamark:buoy_special_purpose:shape":"spar","seamark:topmark:colour":"yellow","seamark:topmark:shape":"x-shape","seamark:type":"buoy_special_purpose"}}},{"type":"Feature","geometry":{"type":"Point","coordinates":[14.566026,56.009659]},"properties":{"osm_id":2176028432,"osm_type":"node","seamark_type":"buoy_lateral","display_class":"OTHER","min_zoom":12,"importance":1,"name":null,"ref":null,"common":{"type":"buoy_lateral"},"children":{"buoy_lateral":{"category":"port","colour":"red","shape":"spar","system":"iala-a"},"topmark":{"colour":"red","shape":"cylinder"}},"osm_tags":{"seamark:buoy_lateral:category":"port","seamark:buoy_lateral:colour":"red","seamark:buoy_lateral:shape":"spar","seamark:buoy_lateral:system":"iala-a","seamark:topmark:colour":"red","seamark:topmark:shape":"cylinder","seamark:type":"buoy_lateral"}}},{"type":"Feature","geometry":{"type":"Point","coordinates":[14.5703135,56.0144796]},"properties":{"osm_id":2176028533,"osm_type":"node","seamark_type":"buoy_lateral","display_class":"OTHER","min_zoom":12,"importance":1,"name":null,"ref":null,"common":{"type":"buoy_lateral"},"children":{"buoy_lateral":{"category":"port","colour":"red","shape":"spar","system":"iala-a"}},"osm_tags":{"seamark:buoy_lateral:category":"port","seamark:buoy_lateral:colour":"red","seamark:buoy_lateral:shape":"spar","seamark:buoy_lateral:system":"iala-a","seamark:type":"buoy_lateral"}}},{"type":"Feature","geometry":{"type":"Point","coordinates":[14.5719182,56.014877]},"properties":{"osm_id":2176028552,"osm_type":"node","seamark_type":"buoy_lateral","display_class":"OTHER","min_zoom":12,"importance":1,"name":null,"ref":null,"common":{"type":"buoy_lateral"},"children":{"buoy_lateral":{"category":"starboard","colour":"green","shape":"spar","system":"iala-a"},"topmark":{"colour":"green","shape":"cone, point up"}},"osm_tags":{"seamark:buoy_lateral:category":"starboard","seamark:buoy_lateral:colour":"green","seamark:buoy_lateral:shape":"spar","seamark:buoy_lateral:system":"iala-a","seamark:topmark:colour":"green","seamark:topmark:shape":"cone, point up","seamark:type":"buoy_lateral"}}},{"type":"Feature","geometry":{"type":"Point","coordinates":[14.5050782,56.0160722]},"properties":{"osm_id":2176028579,"osm_type":"node","seamark_type":"buoy_lateral","display_class":"OTHER","min_zoom":12,"importance":1,"name":null,"ref":null,"common":{"type":"buoy_lateral"},"children":{"buoy_lateral":{"category":"starboard","colour":"green","shape":"spar","system":"iala-a"},"topmark":{"colour":"green","shape":"cone, point up"}},"osm_tags":{"seamark:buoy_lateral:category":"starboard","seamark:buoy_lateral:colour":"green","seamark:buoy_lateral:shape":"spar","seamark:buoy_lateral:system":"iala-a","seamark:topmark:colour":"green","seamark:topmark:shape":"cone, point up","seamark:type":"buoy_lateral"}}},{"type":"Feature","geometry":{"type":"Point","coordinates":[14.5768757,56.021025]},"properties":{"osm_id":2176028700,"osm_type":"node","seamark_type":"buoy_lateral","display_class":"OTHER","min_zoom":12,"importance":1,"name":null,"ref":null,"common":{"type":"buoy_lateral"},"children":{"buoy_lateral":{"category":"starboard","colour":"green","shape":"spar","system":"iala-a"},"topmark":{"colour":"green","shape":"cone, point up"}},"osm_tags":{"seamark:buoy_lateral:category":"starboard","seamark:buoy_lateral:colour":"green","seamark:buoy_lateral:shape":"spar","seamark:buoy_lateral:system":"iala-a","seamark:topmark:colour":"green","seamark:topmark:shape":"cone, point up","seamark:type":"buoy_lateral"}}},{"type":"Feature","geometry":{"type":"Point","coordinates":[14.4915022,56.0234897]},"properties":{"osm_id":2176028767,"osm_type":"node","seamark_type":"buoy_special_purpose","display_class":"OTHER","min_zoom":12,"importance":1,"name":null,"ref":null,"common":{"type":"buoy_special_purpose"},"children":{"buoy_special_purpose":{"colour":"yellow","shape":"spar"},"topmark":{"colour":"yellow","shape":"x-shape"}},"osm_tags":{"seamark:buoy_special_purpose:colour":"yellow","seamark:buoy_special_purpose:shape":"spar","seamark:topmark:colour":"yellow","seamark:topmark:shape":"x-shape","seamark:type":"buoy_special_purpose"}}},{"type":"Feature","geometry":{"type":"Point","coordinates":[14.5103327,56.0259008]},"properties":{"osm_id":2176028882,"osm_type":"node","seamark_type":"buoy_lateral","display_class":"OTHER","min_zoom":12,"importance":1,"name":null,"ref":null,"common":{"type":"buoy_lateral"},"children":{"buoy_lateral":{"category":"starboard","colour":"green","shape":"spar","system":"iala-a"}},"osm_tags":{"seamark:buoy_lateral:category":"starboard","seamark:buoy_lateral:colour":"green","seamark:buoy_lateral:shape":"spar","seamark:buoy_lateral:system":"iala-a","seamark:type":"buoy_lateral"}}},{"type":"Feature","geometry":{"type":"Point","coordinates":[14.5044004,56.0276085]},"properties":{"osm_id":2176029034,"osm_type":"node","seamark_type":"buoy_lateral","display_class":"OTHER","min_zoom":12,"importance":1,"name":null,"ref":null,"common":{"type":"buoy_lateral"},"children":{"buoy_lateral":{"category":"port","colour":"red","shape":"spar","system":"iala-a"}},"osm_tags":{"seamark:buoy_lateral:category":"port","seamark:buoy_lateral:colour":"red","seamark:buoy_lateral:shape":"spar","seamark:buoy_lateral:system":"iala-a","seamark:type":"buoy_lateral"}}},{"type":"Feature","geometry":{"type":"Point","coordinates":[14.5765854,56.0301171]},"properties":{"osm_id":2176029128,"osm_type":"node","seamark_type":"buoy_lateral","display_class":"OTHER","min_zoom":12,"importance":1,"name":null,"ref":null,"common":{"type":"buoy_lateral"},"children":{"buoy_lateral":{"category":"port","colour":"red","shape":"spar","system":"iala-a"}},"osm_tags":{"seamark:buoy_lateral:category":"port","seamark:buoy_lateral:colour":"red","seamark:buoy_lateral:shape":"spar","seamark:buoy_lateral:system":"iala-a","seamark:type":"buoy_lateral"}}},{"type":"Feature","geometry":{"type":"Point","coordinates":[14.5235488,56.033359]},"properties":{"osm_id":2176029259,"osm_type":"node","seamark_type":"buoy_lateral","display_class":"OTHER","min_zoom":12,"importance":1,"name":null,"ref":null,"common":{"type":"buoy_lateral"},"children":{"buoy_lateral":{"category":"starboard","colour":"green","shape":"spar","system":"iala-a"},"topmark":{"colour":"green","shape":"cone, point up"}},"osm_tags":{"seamark:buoy_lateral:category":"starboard","seamark:buoy_lateral:colour":"green","seamark:buoy_lateral:shape":"spar","seamark:buoy_lateral:system":"iala-a","seamark:topmark:colour":"green","seamark:topmark:shape":"cone, point up","seamark:type":"buoy_lateral"}}},{"type":"Feature","geometry":{"type":"Point","coordinates":[14.5821694,56.0341849]},"properties":{"osm_id":2176029283,"osm_type":"node","seamark_type":"buoy_special_purpose","display_class":"OTHER","min_zoom":12,"importance":1,"name":null,"ref":null,"common":{"type":"buoy_special_purpose"},"children":{"buoy_special_purpose":{"colour":"yellow","shape":"spar"},"topmark":{"colour":"yellow","shape":"x-shape"}},"osm_tags":{"seamark:buoy_special_purpose:colour":"yellow","seamark:buoy_special_purpose:shape":"spar","seamark:topmark:colour":"yellow","seamark:topmark:shape":"x-shape","seamark:type":"buoy_special_purpose"}}},{"type":"Feature","geometry":{"type":"Point","coordinates":[14.5822815,56.0368273]},"properties":{"osm_id":2176029299,"osm_type":"node","seamark_type":"buoy_special_purpose","display_class":"OTHER","min_zoom":12,"importance":1,"name":null,"ref":null,"common":{"type":"buoy_special_purpose"},"children":{"buoy_special_purpose":{"colour":"yellow","shape":"spar"},"topmark":{"colour":"yellow","shape":"x-shape"}},"osm_tags":{"seamark:buoy_special_purpose:colour":"yellow","seamark:buoy_special_purpose:shape":"spar","seamark:topmark:colour":"yellow","seamark:topmark:shape":"x-shape","seamark:type":"buoy_special_purpose"}}},{"type":"Feature","geometry":{"type":"Point","coordinates":[14.5837873,56.0352269]},"properties":{"osm_id":2176029311,"osm_type":"node","seamark_type":"buoy_lateral","display_class":"OTHER","min_zoom":12,"importance":1,"name":null,"ref":null,"common":{"type":"buoy_lateral"},"children":{"buoy_lateral":{"category":"starboard","colour":"green","shape":"spar","system":"iala-a"},"topmark":{"colour":"green","shape":"cone, point up"}},"osm_tags":{"seamark:buoy_lateral:category":"starboard","seamark:buoy_lateral:colour":"green","seamark:buoy_lateral:shape":"spar","seamark:buoy_lateral:system":"iala-a","seamark:topmark:colour":"green","seamark:topmark:shape":"cone, point up","seamark:type":"buoy_lateral"}}},{"type":"Feature","geometry":{"type":"Point","coordinates":[14.5204029,56.0353175]},"properties":{"osm_id":2176029316,"osm_type":"node","seamark_type":"buoy_lateral","display_class":"OTHER","min_zoom":12,"importance":1,"name":null,"ref":null,"common":{"type":"buoy_lateral"},"children":{"buoy_lateral":{"category":"port","colour":"red","shape":"spar","system":"iala-a"}},"osm_tags":{"seamark:buoy_lateral:category":"port","seamark:buoy_lateral:colour":"red","seamark:buoy_lateral:shape":"spar","seamark:buoy_lateral:system":"iala-a","seamark:type":"buoy_lateral"}}},{"type":"Feature","geometry":{"type":"Point","coordinates":[14.5832817,56.0360806]},"properties":{"osm_id":2176029327,"osm_type":"node","seamark_type":"buoy_lateral","display_class":"OTHER","min_zoom":12,"importance":1,"name":null,"ref":null,"common":{"type":"buoy_lateral"},"children":{"buoy_lateral":{"category":"port","colour":"red","shape":"spar","system":"iala-a"}},"osm_tags":{"seamark:buoy_lateral:category":"port","seamark:buoy_lateral:colour":"red","seamark:buoy_lateral:shape":"spar","seamark:buoy_lateral:system":"iala-a","seamark:type":"buoy_lateral"}}},{"type":"Feature","geometry":{"type":"Point","coordinates":[14.5492515,56.0363071]},"properties":{"osm_id":2176029368,"osm_type":"node","seamark_type":"buoy_lateral","display_class":"OTHER","min_zoom":12,"importance":1,"name":null,"ref":null,"common":{"type":"buoy_lateral"},"children":{"buoy_lateral":{"category":"starboard","colour":"green","shape":"spar","system":"iala-a"}},"osm_tags":{"seamark:buoy_lateral:category":"starboard","seamark:buoy_lateral:colour":"green","seamark:buoy_lateral:shape":"spar","seamark:buoy_lateral:system":"iala-a","seamark:type":"buoy_lateral"}}},{"type":"Feature","geometry":{"type":"Point","coordinates":[14.5476786,56.0372988]},"properties":{"osm_id":2176029398,"osm_type":"node","seamark_type":"buoy_lateral","display_class":"OTHER","min_zoom":12,"importance":1,"name":null,"ref":null,"common":{"type":"buoy_lateral"},"children":{"buoy_lateral":{"category":"starboard","colour":"green","shape":"spar","system":"iala-a"}},"osm_tags":{"seamark:buoy_lateral:category":"starboard","seamark:buoy_lateral:colour":"green","seamark:buoy_lateral:shape":"spar","seamark:buoy_lateral:system":"iala-a","seamark:type":"buoy_lateral"}}},{"type":"Feature","geometry":{"type":"Point","coordinates":[14.5288519,56.0374516]},"properties":{"osm_id":2176029400,"osm_type":"node","seamark_type":"buoy_lateral","display_class":"OTHER","min_zoom":12,"importance":1,"name":null,"ref":null,"common":{"type":"buoy_lateral"},"children":{"buoy_lateral":{"category":"port","colour":"red","shape":"spar","system":"iala-a"}},"osm_tags":{"seamark:buoy_lateral:category":"port","seamark:buoy_lateral:colour":"red","seamark:buoy_lateral:shape":"spar","seamark:buoy_lateral:system":"iala-a","seamark:type":"buoy_lateral"}}},{"type":"Feature","geometry":{"type":"Point","coordinates":[14.5499256,56.0377508]},"properties":{"osm_id":2176029412,"osm_type":"node","seamark_type":"buoy_lateral","display_class":"OTHER","min_zoom":12,"importance":1,"name":null,"ref":null,"common":{"type":"buoy_lateral"},"children":{"buoy_lateral":{"category":"port","colour":"red","shape":"spar","system":"iala-a"}},"osm_tags":{"seamark:buoy_lateral:category":"port","seamark:buoy_lateral:colour":"red","seamark:buoy_lateral:shape":"spar","seamark:buoy_lateral:system":"iala-a","seamark:type":"buoy_lateral"}}},{"type":"Feature","geometry":{"type":"Point","coordinates":[14.5487571,56.0379391]},"properties":{"osm_id":2176029425,"osm_type":"node","seamark_type":"buoy_lateral","display_class":"OTHER","min_zoom":12,"importance":1,"name":null,"ref":null,"common":{"type":"buoy_lateral"},"children":{"buoy_lateral":{"category":"port","colour":"red","shape":"spar","system":"iala-a"}},"osm_tags":{"seamark:buoy_lateral:category":"port","seamark:buoy_lateral:colour":"red","seamark:buoy_lateral:shape":"spar","seamark:buoy_lateral:system":"iala-a","seamark:type":"buoy_lateral"}}},{"type":"Feature","geometry":{"type":"Point","coordinates":[14.546218,56.0382152]},"properties":{"osm_id":2176029505,"osm_type":"node","seamark_type":"buoy_lateral","display_class":"OTHER","min_zoom":12,"importance":1,"name":null,"ref":null,"common":{"type":"buoy_lateral"},"children":{"buoy_lateral":{"category":"starboard","colour":"green","shape":"spar","system":"iala-a"}},"osm_tags":{"seamark:buoy_lateral:category":"starboard","seamark:buoy_lateral:colour":"green","seamark:buoy_lateral:shape":"spar","seamark:buoy_lateral:system":"iala-a","seamark:type":"buoy_lateral"}}},{"type":"Feature","geometry":{"type":"Point","coordinates":[14.5483302,56.0382905]},"properties":{"osm_id":2176029528,"osm_type":"node","seamark_type":"buoy_lateral","display_class":"OTHER","min_zoom":12,"importance":1,"name":null,"ref":null,"common":{"type":"buoy_lateral"},"children":{"buoy_lateral":{"category":"port","colour":"red","shape":"spar","system":"iala-a"}},"osm_tags":{"seamark:buoy_lateral:category":"port","seamark:buoy_lateral:colour":"red","seamark:buoy_lateral:shape":"spar","seamark:buoy_lateral:system":"iala-a","seamark:type":"buoy_lateral"}}},{"type":"Feature","geometry":{"type":"Point","coordinates":[14.5523749,56.0386295]},"properties":{"osm_id":2176029535,"osm_type":"node","seamark_type":"buoy_lateral","display_class":"OTHER","min_zoom":12,"importance":1,"name":null,"ref":null,"common":{"type":"buoy_lateral"},"children":{"buoy_lateral":{"category":"port","colour":"red","shape":"spar","system":"iala-a"}},"osm_tags":{"seamark:buoy_lateral:category":"port","seamark:buoy_lateral:colour":"red","seamark:buoy_lateral:shape":"spar","seamark:buoy_lateral:system":"iala-a","seamark:type":"buoy_lateral"}}},{"type":"Feature","geometry":{"type":"Point","coordinates":[14.5513862,56.0388052]},"properties":{"osm_id":2176029547,"osm_type":"node","seamark_type":"buoy_lateral","display_class":"OTHER","min_zoom":12,"importance":1,"name":null,"ref":null,"common":{"type":"buoy_lateral"},"children":{"buoy_lateral":{"category":"starboard","colour":"green","shape":"spar","system":"iala-a"}},"osm_tags":{"seamark:buoy_lateral:category":"starboard","seamark:buoy_lateral:colour":"green","seamark:buoy_lateral:shape":"spar","seamark:buoy_lateral:system":"iala-a","seamark:type":"buoy_lateral"}}},{"type":"Feature","geometry":{"type":"Point","coordinates":[14.543836,56.0388931]},"properties":{"osm_id":2176029568,"osm_type":"node","seamark_type":"buoy_lateral","display_class":"OTHER","min_zoom":12,"importance":1,"name":null,"ref":null,"common":{"type":"buoy_lateral"},"children":{"buoy_lateral":{"category":"starboard","colour":"green","shape":"spar","system":"iala-a"}},"osm_tags":{"seamark:buoy_lateral:category":"starboard","seamark:buoy_lateral:colour":"green","seamark:buoy_lateral:shape":"spar","seamark:buoy_lateral:system":"iala-a","seamark:type":"buoy_lateral"}}},{"type":"Feature","geometry":{"type":"Point","coordinates":[14.5470269,56.0390563]},"properties":{"osm_id":2176029590,"osm_type":"node","seamark_type":"buoy_lateral","display_class":"OTHER","min_zoom":12,"importance":1,"name":null,"ref":null,"common":{"type":"buoy_lateral"},"children":{"buoy_lateral":{"category":"port","colour":"red","shape":"spar","system":"iala-a"}},"osm_tags":{"seamark:buoy_lateral:category":"port","seamark:buoy_lateral:colour":"red","seamark:buoy_lateral:shape":"spar","seamark:buoy_lateral:system":"iala-a","seamark:type":"buoy_lateral"}}},{"type":"Feature","geometry":{"type":"Point","coordinates":[14.5413867,56.0394956]},"properties":{"osm_id":2176029609,"osm_type":"node","seamark_type":"buoy_lateral","display_class":"OTHER","min_zoom":12,"importance":1,"name":null,"ref":null,"common":{"type":"buoy_lateral"},"children":{"buoy_lateral":{"category":"starboard","colour":"green","shape":"spar","system":"iala-a"}},"osm_tags":{"seamark:buoy_lateral:category":"starboard","seamark:buoy_lateral:colour":"green","seamark:buoy_lateral:shape":"spar","seamark:buoy_lateral:system":"iala-a","seamark:type":"buoy_lateral"}}},{"type":"Feature","geometry":{"type":"Point","coordinates":[14.5851425,56.0407075]},"properties":{"osm_id":2176029617,"osm_type":"node","seamark_type":"buoy_lateral","display_class":"OTHER","min_zoom":12,"importance":1,"name":null,"ref":null,"common":{"type":"buoy_lateral"},"children":{"buoy_lateral":{"category":"starboard","colour":"green","shape":"spar","system":"iala-a"},"topmark":{"colour":"green","shape":"cone, point up"}},"osm_tags":{"seamark:buoy_lateral:category":"starboard","seamark:buoy_lateral:colour":"green","seamark:buoy_lateral:shape":"spar","seamark:buoy_lateral:system":"iala-a","seamark:topmark:colour":"green","seamark:topmark:shape":"cone, point up","seamark:type":"buoy_lateral"}}},{"type":"Feature","geometry":{"type":"Point","coordinates":[14.5516341,56.0426882]},"properties":{"osm_id":2176029625,"osm_type":"node","seamark_type":"buoy_lateral","display_class":"OTHER","min_zoom":12,"importance":1,"name":null,"ref":null,"common":{"type":"buoy_lateral"},"children":{"buoy_lateral":{"category":"starboard","colour":"green","shape":"spar","system":"iala-a"}},"osm_tags":{"seamark:buoy_lateral:category":"starboard","seamark:buoy_lateral:colour":"green","seamark:buoy_lateral:shape":"spar","seamark:buoy_lateral:system":"iala-a","seamark:type":"buoy_lateral"}}},{"type":"Feature","geometry":{"type":"Point","coordinates":[14.5833721,56.0454122]},"properties":{"osm_id":2176029683,"osm_type":"node","seamark_type":"buoy_lateral","display_class":"OTHER","min_zoom":12,"importance":1,"name":null,"ref":null,"common":{"type":"buoy_lateral"},"children":{"buoy_lateral":{"category":"port","colour":"red","shape":"spar","system":"iala-a"}},"osm_tags":{"seamark:buoy_lateral:category":"port","seamark:buoy_lateral:colour":"red","seamark:buoy_lateral:shape":"spar","seamark:buoy_lateral:system":"iala-a","seamark:type":"buoy_lateral"}}},{"type":"Feature","geometry":{"type":"Point","coordinates":[14.5858776,56.0468555]},"properties":{"osm_id":2176029717,"osm_type":"node","seamark_type":"buoy_lateral","display_class":"OTHER","min_zoom":12,"importance":1,"name":null,"ref":null,"common":{"type":"buoy_lateral"},"children":{"buoy_lateral":{"category":"starboard","colour":"green","shape":"spar","system":"iala-a"},"topmark":{"colour":"green","shape":"cone, point up"}},"osm_tags":{"seamark:buoy_lateral:category":"starboard","seamark:buoy_lateral:colour":"green","seamark:buoy_lateral:shape":"spar","seamark:buoy_lateral:system":"iala-a","seamark:topmark:colour":"green","seamark:topmark:shape":"cone, point up","seamark:type":"buoy_lateral"}}},{"type":"Feature","geometry":{"type":"Point","coordinates":[14.5868214,56.0473073]},"properties":{"osm_id":2176029738,"osm_type":"node","seamark_type":"buoy_lateral","display_class":"OTHER","min_zoom":12,"importance":1,"name":null,"ref":null,"common":{"type":"buoy_lateral"},"children":{"buoy_lateral":{"category":"starboard","colour":"green","shape":"spar","system":"iala-a"},"topmark":{"colour":"green","shape":"cone, point up"}},"osm_tags":{"seamark:buoy_lateral:category":"starboard","seamark:buoy_lateral:colour":"green","seamark:buoy_lateral:shape":"spar","seamark:buoy_lateral:system":"iala-a","seamark:topmark:colour":"green","seamark:topmark:shape":"cone, point up","seamark:type":"buoy_lateral"}}},{"type":"Feature","geometry":{"type":"Point","coordinates":[14.5872814,56.0485951]},"properties":{"osm_id":2176029750,"osm_type":"node","seamark_type":"buoy_lateral","display_class":"OTHER","min_zoom":12,"importance":1,"name":null,"ref":null,"common":{"type":"buoy_lateral"},"children":{"buoy_lateral":{"category":"starboard","colour":"green","shape":"spar","system":"iala-a"}},"osm_tags":{"seamark:buoy_lateral:category":"starboard","seamark:buoy_lateral:colour":"green","seamark:buoy_lateral:shape":"spar","seamark:buoy_lateral:system":"iala-a","seamark:type":"buoy_lateral"}}},{"type":"Feature","geometry":{"type":"Point","coordinates":[14.5463329,56.0490035]},"properties":{"osm_id":2176029753,"osm_type":"node","seamark_type":"buoy_cardinal","display_class":"OTHER","min_zoom":12,"importance":1,"name":null,"ref":null,"common":{"type":"buoy_cardinal"},"children":{"buoy_cardinal":{"category":"north","colour":"black;yellow","colour_pattern":"horizontal","shape":"spar"}},"osm_tags":{"seamark:buoy_cardinal:category":"north","seamark:buoy_cardinal:colour":"black;yellow","seamark:buoy_cardinal:colour_pattern":"horizontal","seamark:buoy_cardinal:shape":"spar","seamark:type":"buoy_cardinal"}}},{"type":"Feature","geometry":{"type":"Point","coordinates":[14.5878375,56.0498818]},"properties":{"osm_id":2176029762,"osm_type":"node","seamark_type":"buoy_lateral","display_class":"OTHER","min_zoom":12,"importance":1,"name":null,"ref":null,"common":{"type":"buoy_lateral"},"children":{"buoy_lateral":{"category":"starboard","colour":"green","shape":"spar","system":"iala-a"},"topmark":{"colour":"green","shape":"cone, point up"}},"osm_tags":{"seamark:buoy_lateral:category":"starboard","seamark:buoy_lateral:colour":"green","seamark:buoy_lateral:shape":"spar","seamark:buoy_lateral:system":"iala-a","seamark:topmark:colour":"green","seamark:topmark:shape":"cone, point up","seamark:type":"buoy_lateral"}}},{"type":"Feature","geometry":{"type":"Point","coordinates":[14.548748,56.0504943]},"properties":{"osm_id":2176029783,"osm_type":"node","seamark_type":"buoy_cardinal","display_class":"OTHER","min_zoom":12,"importance":1,"name":null,"ref":null,"common":{"type":"buoy_cardinal"},"children":{"buoy_cardinal":{"category":"south","colour":"yellow;black","colour_pattern":"horizontal","shape":"spar"}},"osm_tags":{"seamark:buoy_cardinal:category":"south","seamark:buoy_cardinal:colour":"yellow;black","seamark:buoy_cardinal:colour_pattern":"horizontal","seamark:buoy_cardinal:shape":"spar","seamark:type":"buoy_cardinal"}}},{"type":"Feature","geometry":{"type":"Point","coordinates":[14.680474,56.0757153]},"properties":{"osm_id":2629936428,"osm_type":"node","seamark_type":"landmark","display_class":"OTHER","min_zoom":12,"importance":1,"name":null,"ref":"1083-V-017-003","common":{"type":"landmark"},"children":{"landmark":{"category":"windmotor"},"light":{"category":"air_obstruction","character":"F","colour":"red"}},"osm_tags":{"generator:method":"wind_turbine","generator:output:electricity":"2.0 MW","generator:source":"wind","generator:type":"horizontal_axis","height":"139","height:hub":"98","manufacturer":"Enercon","model":"E82","operator":"Erikahuset AB","power":"generator","ref":"1083-V-017-003","rotor:diameter":"82","seamark:landmark:category":"windmotor","seamark:light:category":"air_obstruction","seamark:light:character":"F","seamark:light:colour":"red","seamark:type":"landmark","start_date":"2011-05-01"}}},{"type":"Feature","geometry":{"type":"Point","coordinates":[14.6745273,56.075689]},"properties":{"osm_id":2629936435,"osm_type":"node","seamark_type":"landmark","display_class":"OTHER","min_zoom":12,"importance":1,"name":null,"ref":"1083-V-017-002","common":{"type":"landmark"},"children":{"landmark":{"category":"windmotor"},"light":{"category":"air_obstruction","character":"F","colour":"red"}},"osm_tags":{"generator:method":"wind_turbine","generator:output:electricity":"2.0 MW","generator:source":"wind","generator:type":"horizontal_axis","height":"139","height:hub":"98","manufacturer":"Enercon","model":"E82","operator":"Erikahuset AB","power":"generator","ref":"1083-V-017-002","rotor:diameter":"82","seamark:landmark:category":"windmotor","seamark:light:category":"air_obstruction","seamark:light:character":"F","seamark:light:colour":"red","seamark:type":"landmark","start_date":"2011-05-01"}}},{"type":"Feature","geometry":{"type":"Point","coordinates":[14.6685738,56.0756636]},"properties":{"osm_id":2629936436,"osm_type":"node","seamark_type":"landmark","display_class":"OTHER","min_zoom":12,"importance":1,"name":null,"ref":"1083-V-017-001","common":{"type":"landmark"},"children":{"landmark":{"category":"windmotor"},"light":{"category":"air_obstruction","character":"F","colour":"red"}},"osm_tags":{"generator:method":"wind_turbine","generator:output:electricity":"2.0 MW","generator:source":"wind","generator:type":"horizontal_axis","height":"139","height:hub":"98","manufacturer":"Enercon","model":"E82","operator":"Eolus Vind AB","power":"generator","ref":"1083-V-017-001","rotor:diameter":"82","seamark:landmark:category":"windmotor","seamark:light:category":"air_obstruction","seamark:light:character":"F","seamark:light:colour":"red","seamark:type":"landmark","start_date":"2011-05-01"}}},{"type":"Feature","geometry":{"type":"Point","coordinates":[14.8947563,56.141846]},"properties":{"osm_id":2767770720,"osm_type":"node","seamark_type":"rock","display_class":"OTHER","min_zoom":12,"importance":1,"name":null,"ref":null,"common":{"type":"rock"},"children":{"rock":{"water_level":"awash"}},"osm_tags":{"seamark:rock:water_level":"awash","seamark:type":"rock"}}},{"type":"Feature","geometry":{"type":"Point","coordinates":[14.8952848,56.141915]},"properties":{"osm_id":2767770737,"osm_type":"node","seamark_type":"rock","display_class":"OTHER","min_zoom":12,"importance":1,"name":null,"ref":null,"common":{"type":"rock"},"children":{"rock":{"water_level":"awash"}},"osm_tags":{"seamark:rock:water_level":"awash","seamark:type":"rock"}}},{"type":"Feature","geometry":{"type":"Point","coordinates":[14.8964904,56.141961]},"properties":{"osm_id":2767770743,"osm_type":"node","seamark_type":"rock","display_class":"OTHER","min_zoom":12,"importance":1,"name":null,"ref":null,"common":{"type":"rock"},"children":{"rock":{"water_level":"awash"}},"osm_tags":{"seamark:rock:water_level":"awash","seamark:type":"rock"}}},{"type":"Feature","geometry":{"type":"Point","coordinates":[14.8969281,56.1419978]},"properties":{"osm_id":2767770749,"osm_type":"node","seamark_type":"rock","display_class":"OTHER","min_zoom":12,"importance":1,"name":null,"ref":null,"common":{"type":"rock"},"children":{"rock":{"water_level":"awash"}},"osm_tags":{"seamark:rock:water_level":"awash","seamark:type":"rock"}}},{"type":"Feature","geometry":{"type":"Point","coordinates":[14.8964161,56.1420714]},"properties":{"osm_id":2767770757,"osm_type":"node","seamark_type":"rock","display_class":"OTHER","min_zoom":12,"importance":1,"name":null,"ref":null,"common":{"type":"rock"},"children":{"rock":{"water_level":"awash"}},"osm_tags":{"seamark:rock:water_level":"awash","seamark:type":"rock"}}},{"type":"Feature","geometry":{"type":"Point","coordinates":[14.8976713,56.1422048]},"properties":{"osm_id":2767770776,"osm_type":"node","seamark_type":"rock","display_class":"OTHER","min_zoom":12,"importance":1,"name":null,"ref":null,"common":{"type":"rock"},"children":{"rock":{"water_level":"awash"}},"osm_tags":{"seamark:rock:water_level":"awash","seamark:type":"rock"}}},{"type":"Feature","geometry":{"type":"Point","coordinates":[14.8942526,56.1422324]},"properties":{"osm_id":2767770779,"osm_type":"node","seamark_type":"rock","display_class":"OTHER","min_zoom":12,"importance":1,"name":null,"ref":null,"common":{"type":"rock"},"children":{"rock":{"water_level":"awash"}},"osm_tags":{"seamark:rock:water_level":"awash","seamark:type":"rock"}}},{"type":"Feature","geometry":{"type":"Point","coordinates":[14.8954995,56.1422462]},"properties":{"osm_id":2767770781,"osm_type":"node","seamark_type":"rock","display_class":"OTHER","min_zoom":12,"importance":1,"name":null,"ref":null,"common":{"type":"rock"},"children":{"rock":{"water_level":"awash"}},"osm_tags":{"seamark:rock:water_level":"awash","seamark:type":"rock"}}},{"type":"Feature","geometry":{"type":"Point","coordinates":[14.8981832,56.1423566]},"properties":{"osm_id":2767770800,"osm_type":"node","seamark_type":"rock","display_class":"OTHER","min_zoom":12,"importance":1,"name":null,"ref":null,"common":{"type":"rock"},"children":{"rock":{"water_level":"awash"}},"osm_tags":{"seamark:rock:water_level":"awash","seamark:type":"rock"}}},{"type":"Feature","geometry":{"type":"Point","coordinates":[14.8950453,56.1424808]},"properties":{"osm_id":2767770819,"osm_type":"node","seamark_type":"rock","display_class":"OTHER","min_zoom":12,"importance":1,"name":null,"ref":null,"common":{"type":"rock"},"children":{"rock":{"water_level":"awash"}},"osm_tags":{"seamark:rock:water_level":"awash","seamark:type":"rock"}}},{"type":"Feature","geometry":{"type":"Point","coordinates":[14.8937654,56.1424992]},"properties":{"osm_id":2767770821,"osm_type":"node","seamark_type":"rock","display_class":"OTHER","min_zoom":12,"importance":1,"name":null,"ref":null,"common":{"type":"rock"},"children":{"rock":{"water_level":"awash"}},"osm_tags":{"seamark:rock:water_level":"awash","seamark:type":"rock"}}},{"type":"Feature","geometry":{"type":"Point","coordinates":[14.899554,56.1426557]},"properties":{"osm_id":2767770833,"osm_type":"node","seamark_type":"rock","display_class":"OTHER","min_zoom":12,"importance":1,"name":null,"ref":null,"common":{"type":"rock"},"children":{"rock":{"water_level":"awash"}},"osm_tags":{"seamark:rock:water_level":"awash","seamark:type":"rock"}}},{"type":"Feature","geometry":{"type":"Point","coordinates":[14.8983566,56.1430145]},"properties":{"osm_id":2767770913,"osm_type":"node","seamark_type":"rock","display_class":"OTHER","min_zoom":12,"importance":1,"name":null,"ref":null,"common":{"type":"rock"},"children":{"rock":{"water_level":"awash"}},"osm_tags":{"seamark:rock:water_level":"awash","seamark:type":"rock"}}},{"type":"Feature","geometry":{"type":"Point","coordinates":[14.8982575,56.1432399]},"properties":{"osm_id":2767770986,"osm_type":"node","seamark_type":"rock","display_class":"OTHER","min_zoom":12,"importance":1,"name":null,"ref":null,"common":{"type":"rock"},"children":{"rock":{"water_level":"awash"}},"osm_tags":{"seamark:rock:water_level":"awash","seamark:type":"rock"}}},{"type":"Feature","geometry":{"type":"Point","coordinates":[14.894517,56.1433757]},"properties":{"osm_id":2767771032,"osm_type":"node","seamark_type":"wreck","display_class":"OTHER","min_zoom":12,"importance":1,"name":null,"ref":null,"common":{"type":"wreck"},"children":{"wreck":{"category":"dangerous"}},"osm_tags":{"seamark:type":"wreck","seamark:wreck:category":"dangerous"}}},{"type":"Feature","geometry":{"type":"Point","coordinates":[14.8977291,56.1438426]},"properties":{"osm_id":2767771153,"osm_type":"node","seamark_type":"rock","display_class":"OTHER","min_zoom":12,"importance":1,"name":null,"ref":null,"common":{"type":"rock"},"children":{"rock":{"water_level":"awash"}},"osm_tags":{"seamark:rock:water_level":"awash","seamark:type":"rock"}}},{"type":"Feature","geometry":{"type":"Point","coordinates":[14.8348783,56.0101608]},"properties":{"osm_id":3818761011,"osm_type":"node","seamark_type":"light_minor","display_class":"OTHER","min_zoom":12,"importance":1,"name":null,"ref":null,"common":{"type":"light_minor"},"children":{"light":{"category":"floodlight","character":"F","colour":"white","visibility":"low"}},"osm_tags":{"seamark:light:category":"floodlight","seamark:light:character":"F","seamark:light:colour":"white","seamark:light:visibility":"low","seamark:type":"light_minor"}}},{"type":"Feature","geometry":{"type":"Point","coordinates":[14.7293333,56.1458333]},"properties":{"osm_id":3874308935,"osm_type":"node","seamark_type":"buoy_lateral","display_class":"OTHER","min_zoom":12,"importance":1,"name":null,"ref":null,"common":{"type":"buoy_lateral"},"children":{"buoy_lateral":{"category":"starboard","colour":"green","shape":"spar","system":"iala-a"},"light":{"character":"Fl","colour":"green","period":"3"}},"osm_tags":{"seamark:buoy_lateral:category":"starboard","seamark:buoy_lateral:colour":"green","seamark:buoy_lateral:shape":"spar","seamark:buoy_lateral:system":"iala-a","seamark:light:character":"Fl","seamark:light:colour":"green","seamark:light:period":"3","seamark:type":"buoy_lateral","source":"http://www.sjofartsverket.se/UfsPdf/575SV.pdf"}}},{"type":"Feature","geometry":{"type":"Point","coordinates":[14.987,56.135333]},"properties":{"osm_id":4348605640,"osm_type":"node","seamark_type":"buoy_cardinal","display_class":"OTHER","min_zoom":12,"importance":1,"name":null,"ref":null,"common":{"source":"https://www.admiralty.co.uk/WeeklyNMs/Year%20-%202016/33wknm16_week33_2016.pdf (4251)","type":"buoy_cardinal"},"children":{"buoy_cardinal":{"category":"north","colour":"black;yellow","colour_pattern":"horizontal","shape":"spar"},"topmark":{"colour":"black","shape":"2 cones up"}},"osm_tags":{"seamark:buoy_cardinal:category":"north","seamark:buoy_cardinal:colour":"black;yellow","seamark:buoy_cardinal:colour_pattern":"horizontal","seamark:buoy_cardinal:shape":"spar","seamark:source":"https://www.admiralty.co.uk/WeeklyNMs/Year%20-%202016/33wknm16_week33_2016.pdf (4251)","seamark:topmark:colour":"black","seamark:topmark:shape":"2 cones up","seamark:type":"buoy_cardinal"}}},{"type":"Feature","geometry":{"type":"Point","coordinates":[14.967167,56.1535]},"properties":{"osm_id":4348605641,"osm_type":"node","seamark_type":"buoy_isolated_danger","display_class":"OTHER","min_zoom":12,"importance":1,"name":null,"ref":null,"common":{"source":"https://www.admiralty.co.uk/WeeklyNMs/Year%20-%202016/33wknm16_week33_2016.pdf (4251)","type":"buoy_isolated_danger"},"children":{"buoy_isolated_danger":{"colour":"black;red;black","colour_pattern":"horizontal","shape":"spar"},"topmark":{"colour":"black","shape":"2 spheres"}},"osm_tags":{"seamark:buoy_isolated_danger:colour":"black;red;black","seamark:buoy_isolated_danger:colour_pattern":"horizontal","seamark:buoy_isolated_danger:shape":"spar","seamark:source":"https://www.admiralty.co.uk/WeeklyNMs/Year%20-%202016/33wknm16_week33_2016.pdf (4251)","seamark:topmark:colour":"black","seamark:topmark:shape":"2 spheres","seamark:type":"buoy_isolated_danger"}}},{"type":"Feature","geometry":{"type":"Point","coordinates":[14.8359187,56.0096297]},"properties":{"osm_id":4448464497,"osm_type":"node","seamark_type":"small_craft_facility","display_class":"OTHER","min_zoom":12,"importance":1,"name":null,"ref":null,"common":{"type":"small_craft_facility"},"children":{"small_craft_facility":{"category":"pump-out"}},"osm_tags":{"access":"yes","addr:place":"Hanö Hamn","boat":"yes","fee":"no","opening_hours":"24/7","sanitary_dump_station:accepted":"black_water","sanitary_dump_station:pump-out":"yes","seamark:small_craft_facility:category":"pump-out","seamark:type":"small_craft_facility","vehicle":"no","waterway":"sanitary_dump_station","website":"https://hamnkartan.azurewebsites.net"}}},{"type":"Feature","geometry":{"type":"Point","coordinates":[14.69985,56.01217]},"properties":{"osm_id":4448464498,"osm_type":"node","seamark_type":"small_craft_facility","display_class":"OTHER","min_zoom":12,"importance":1,"name":null,"ref":null,"common":{"type":"small_craft_facility"},"children":{"small_craft_facility":{"category":"pump-out"}},"osm_tags":{"access":"yes","addr:place":"Hällevik Gästhamn","boat":"yes","fee":"no","opening_hours":"24/7","sanitary_dump_station:accepted":"black_water","sanitary_dump_station:pump-out":"yes","seamark:small_craft_facility:category":"pump-out","seamark:type":"small_craft_facility","vehicle":"no","waterway":"sanitary_dump_station","website":"https://hamnkartan.azurewebsites.net"}}},{"type":"Feature","geometry":{"type":"Point","coordinates":[14.85619,56.14493]},"properties":{"osm_id":4448464503,"osm_type":"node","seamark_type":"small_craft_facility","display_class":"OTHER","min_zoom":12,"importance":1,"name":null,"ref":null,"common":{"type":"small_craft_facility"},"children":{"small_craft_facility":{"category":"pump-out"}},"osm_tags":{"access":"yes","addr:place":"Stärnö Vindhamn","boat":"yes","fee":"no","opening_hours":"24/7","sanitary_dump_station:accepted":"black_water","sanitary_dump_station:pump-out":"yes","seamark:small_craft_facility:category":"pump-out","seamark:type":"small_craft_facility","vehicle":"no","waterway":"sanitary_dump_station","website":"https://hamnkartan.azurewebsites.net"}}},{"type":"Feature","geometry":{"type":"Point","coordinates":[14.8850616,56.155894]},"properties":{"osm_id":4448464505,"osm_type":"node","seamark_type":"small_craft_facility","display_class":"OTHER","min_zoom":12,"importance":1,"name":null,"ref":null,"common":{"type":"small_craft_facility"},"children":{"small_craft_facility":{"category":"pump-out"}},"osm_tags":{"access":"yes","boat":"yes","fee":"no","opening_hours":"24/7","sanitary_dump_station:accepted":"black_water","sanitary_dump_station:pump-out":"yes","seamark:small_craft_facility:category":"pump-out","seamark:type":"small_craft_facility","vehicle":"no","waterway":"sanitary_dump_station","website":"https://hamnkartan.azurewebsites.net"}}},{"type":"Feature","geometry":{"type":"Point","coordinates":[14.8895478,56.1559766]},"properties":{"osm_id":4448464506,"osm_type":"node","seamark_type":"small_craft_facility","display_class":"OTHER","min_zoom":12,"importance":1,"name":null,"ref":null,"common":{"type":"small_craft_facility"},"children":{"small_craft_facility":{"category":"pump-out"}},"osm_tags":{"access":"yes","addr:place":"Svanevik","boat":"yes","fee":"no","opening_hours":"24/7","sanitary_dump_station:accepted":"black_water","sanitary_dump_station:pump-out":"yes","seamark:small_craft_facility:category":"pump-out","seamark:type":"small_craft_facility","vehicle":"no","waterway":"sanitary_dump_station","website":"https://hamnkartan.azurewebsites.net"}}},{"type":"Feature","geometry":{"type":"Point","coordinates":[14.68689,56.1635]},"properties":{"osm_id":4448464507,"osm_type":"node","seamark_type":"small_craft_facility","display_class":"OTHER","min_zoom":12,"importance":1,"name":null,"ref":null,"common":{"type":"small_craft_facility"},"children":{"small_craft_facility":{"category":"pump-out"}},"osm_tags":{"access":"yes","addr:place":"Pukaviks Båtklubb","boat":"yes","fee":"no","opening_hours":"24/7","sanitary_dump_station:accepted":"black_water","sanitary_dump_station:pump-out":"yes","seamark:small_craft_facility:category":"pump-out","seamark:type":"small_craft_facility","vehicle":"no","waterway":"sanitary_dump_station","website":"https://hamnkartan.azurewebsites.net"}}},{"type":"Feature","geometry":{"type":"Point","coordinates":[14.9694707,56.1668342]},"properties":{"osm_id":4448464508,"osm_type":"node","seamark_type":"small_craft_facility","display_class":"OTHER","min_zoom":12,"importance":1,"name":null,"ref":null,"common":{"type":"small_craft_facility"},"children":{"small_craft_facility":{"category":"pump-out"}},"osm_tags":{"access":"yes","addr:place":"Matvik","boat":"yes","fee":"no","opening_hours":"24/7","sanitary_dump_station:accepted":"black_water","sanitary_dump_station:pump-out":"yes","seamark:small_craft_facility:category":"pump-out","seamark:type":"small_craft_facility","vehicle":"no","waterway":"sanitary_dump_station","website":"https://hamnkartan.azurewebsites.net"}}},{"type":"Feature","geometry":{"type":"Point","coordinates":[14.4768906,56.1220472]},"properties":{"osm_id":5043108722,"osm_type":"node","seamark_type":"notice","display_class":"OTHER","min_zoom":12,"importance":1,"name":null,"ref":null,"common":{"type":"notice"},"children":{"notice":{"1:category":"limited_headroom","1:function":"restriction","1:information":"7","1:system":"cevni","2:category":"overhead_cable","2:function":"information","2:system":"cevni","orientation":"90"}},"osm_tags":{"fixme":"position and orientation estimated","seamark:notice:1:category":"limited_headroom","seamark:notice:1:function":"restriction","seamark:notice:1:information":"7","seamark:notice:1:system":"cevni","seamark:notice:2:category":"overhead_cable","seamark:notice:2:function":"information","seamark:notice:2:system":"cevni","seamark:notice:orientation":"90","seamark:type":"notice"}}},{"type":"Feature","geometry":{"type":"Point","coordinates":[14.4778293,56.1221339]},"properties":{"osm_id":5043108723,"osm_type":"node","seamark_type":"notice","display_class":"OTHER","min_zoom":12,"importance":1,"name":null,"ref":null,"common":{"type":"notice"},"children":{"notice":{"1:category":"limited_headroom","1:function":"restriction","1:information":"7","1:system":"cevni","2:category":"overhead_cable","2:function":"information","2:system":"cevni","orientation":"270"}},"osm_tags":{"fixme":"position and orientation estimated","seamark:notice:1:category":"limited_headroom","seamark:notice:1:function":"restriction","seamark:notice:1:information":"7","seamark:notice:1:system":"cevni","seamark:notice:2:category":"overhead_cable","seamark:notice:2:function":"information","seamark:notice:2:system":"cevni","seamark:notice:orientation":"270","seamark:type":"notice"}}},{"type":"Feature","geometry":{"type":"Point","coordinates":[14.4775611,56.1253872]},"properties":{"osm_id":5043108724,"osm_type":"node","seamark_type":"notice","display_class":"OTHER","min_zoom":12,"importance":1,"name":null,"ref":null,"common":{"type":"notice"},"children":{"notice":{"1:category":"limited_headroom","1:function":"restriction","1:information":"7","1:system":"cevni","2:category":"overhead_cable","2:function":"information","2:system":"cevni","orientation":"90"}},"osm_tags":{"fixme":"position and orientation estimated","seamark:notice:1:category":"limited_headroom","seamark:notice:1:function":"restriction","seamark:notice:1:information":"7","seamark:notice:1:system":"cevni","seamark:notice:2:category":"overhead_cable","seamark:notice:2:function":"information","seamark:notice:2:system":"cevni","seamark:notice:orientation":"90","seamark:type":"notice"}}},{"type":"Feature","geometry":{"type":"Point","coordinates":[14.4780868,56.1253872]},"properties":{"osm_id":5043108725,"osm_type":"node","seamark_type":"notice","display_class":"OTHER","min_zoom":12,"importance":1,"name":null,"ref":null,"common":{"type":"notice"},"children":{"notice":{"1:category":"limited_headroom","1:function":"restriction","1:information":"7","1:system":"cevni","2:category":"overhead_cable","2:function":"information","2:system":"cevni","orientation":"270"}},"osm_tags":{"fixme":"position and orientation estimated","seamark:notice:1:category":"limited_headroom","seamark:notice:1:function":"restriction","seamark:notice:1:information":"7","seamark:notice:1:system":"cevni","seamark:notice:2:category":"overhead_cable","seamark:notice:2:function":"information","seamark:notice:2:system":"cevni","seamark:notice:orientation":"270","seamark:type":"notice"}}},{"type":"Feature","geometry":{"type":"Point","coordinates":[14.5196128,56.1440403]},"properties":{"osm_id":5043747865,"osm_type":"node","seamark_type":"shoreline_construction","display_class":"OTHER","min_zoom":12,"importance":1,"name":null,"ref":null,"common":{"type":"shoreline_construction"},"children":{"shoreline_construction":{"category":"slipway"}},"osm_tags":{"leisure":"slipway","seamark:shoreline_construction:category":"slipway","seamark:type":"shoreline_construction"}}},{"type":"Feature","geometry":{"type":"Point","coordinates":[14.4902292,56.1317472]},"properties":{"osm_id":5044683814,"osm_type":"node","seamark_type":"buoy_cardinal","display_class":"OTHER","min_zoom":12,"importance":1,"name":null,"ref":null,"common":{"type":"buoy_cardinal"},"children":{"beacon_cardinal":{"category":"east","colour":"black;yellow;black","colour_pattern":"horizontal","shape":"pile"},"buoy_cardinal":{"category":"south","colour":"yellow;black","colour_pattern":"horizontal","shape":"spar"},"topmark":{"colour":"black","shape":"2 cones down"}},"osm_tags":{"fixme":"doublecheck position and direction","seamark:beacon_cardinal:category":"east","seamark:beacon_cardinal:colour":"black;yellow;black","seamark:beacon_cardinal:colour_pattern":"horizontal","seamark:beacon_cardinal:shape":"pile","seamark:buoy_cardinal:category":"south","seamark:buoy_cardinal:colour":"yellow;black","seamark:buoy_cardinal:colour_pattern":"horizontal","seamark:buoy_cardinal:shape":"spar","seamark:topmark:colour":"black","seamark:topmark:shape":"2 cones down","seamark:type":"buoy_cardinal"}}},{"type":"Feature","geometry":{"type":"Point","coordinates":[14.7140273,56.0769052]},"properties":{"osm_id":6872833177,"osm_type":"node","seamark_type":"landmark","display_class":"OTHER","min_zoom":12,"importance":1,"name":null,"ref":null,"common":{"type":"landmark"},"children":{"landmark":{"category":"mast","function":"radio"},"light":{"category":"air_obstruction","character":"F","colour":"red"}},"osm_tags":{"man_made":"mast","seamark:landmark:category":"mast","seamark:landmark:function":"radio","seamark:light:category":"air_obstruction","seamark:light:character":"F","seamark:light:colour":"red","seamark:type":"landmark","tower:type":"communication"}}},{"type":"Feature","geometry":{"type":"Point","coordinates":[14.8629433,56.1660745]},"properties":{"osm_id":7468255191,"osm_type":"node","seamark_type":"light_minor","display_class":"OTHER","min_zoom":12,"importance":1,"name":null,"ref":null,"common":{"type":"light_minor"},"children":{"light":{"category":"floodlight","character":"F","colour":"white","visibility":"low"}},"osm_tags":{"seamark:light:category":"floodlight","seamark:light:character":"F","seamark:light:colour":"white","seamark:light:visibility":"low","seamark:type":"light_minor"}}},{"type":"Feature","geometry":{"type":"Point","coordinates":[14.9668442,56.1488024]},"properties":{"osm_id":8607325867,"osm_type":"node","seamark_type":"mooring","display_class":"OTHER","min_zoom":12,"importance":1,"name":null,"ref":null,"common":{"type":"mooring"},"children":{},"osm_tags":{"seamark:type":"mooring"}}},{"type":"Feature","geometry":{"type":"Point","coordinates":[14.8650624,56.1663789]},"properties":{"osm_id":8644314420,"osm_type":"node","seamark_type":"light_minor","display_class":"OTHER","min_zoom":12,"importance":1,"name":null,"ref":null,"common":{"type":"light_minor"},"children":{"light":{"category":"lower","character":"Iso","colour":"red","height":"15","period":"4","range":"10","reference":"C 7520.1"}},"osm_tags":{"seamark:light:category":"lower","seamark:light:character":"Iso","seamark:light:colour":"red","seamark:light:height":"15","seamark:light:period":"4","seamark:light:range":"10","seamark:light:reference":"C 7520.1","seamark:type":"light_minor","source":"US NGA Pub. 116. 2021-03-27."}}},{"type":"Feature","geometry":{"type":"Point","coordinates":[14.8608735,56.1643825]},"properties":{"osm_id":8644347225,"osm_type":"node","seamark_type":"landmark","display_class":"OTHER","min_zoom":12,"importance":1,"name":null,"ref":null,"common":{"type":"landmark"},"children":{"landmark":{"category":"chimney"},"light":{"category":"air_obstruction","character":"F","colour":"red"}},"osm_tags":{"height":"80.0 m","man_made":"chimney","seamark:landmark:category":"chimney","seamark:light:category":"air_obstruction","seamark:light:character":"F","seamark:light:colour":"red","seamark:type":"landmark"}}},{"type":"Feature","geometry":{"type":"Point","coordinates":[14.86355,56.1581167]},"properties":{"osm_id":8644347226,"osm_type":"node","seamark_type":"light_minor","display_class":"OTHER","min_zoom":12,"importance":1,"name":null,"ref":null,"common":{"type":"light_minor"},"children":{"light":{"character":"F","colour":"green","height":"6","range":"3","reference":"C 7527"}},"osm_tags":{"seamark:light:character":"F","seamark:light:colour":"green","seamark:light:height":"6","seamark:light:range":"3","seamark:light:reference":"C 7527","seamark:type":"light_minor","source":"US NGA Pub. 116. 2021-03-27."}}},{"type":"Feature","geometry":{"type":"Point","coordinates":[14.8617985,56.1580455]},"properties":{"osm_id":8644347227,"osm_type":"node","seamark_type":"light_minor","display_class":"OTHER","min_zoom":12,"importance":1,"name":null,"ref":null,"common":{"type":"light_minor"},"children":{"light":{"character":"F","colour":"red","height":"6","range":"3","reference":"C 7525"}},"osm_tags":{"seamark:light:character":"F","seamark:light:colour":"red","seamark:light:height":"6","seamark:light:range":"3","seamark:light:reference":"C 7525","seamark:type":"light_minor","source":"US NGA Pub. 116. 2021-03-27."}}},{"type":"Feature","geometry":{"type":"Point","coordinates":[14.6998706,56.0089203]},"properties":{"osm_id":8652592754,"osm_type":"node","seamark_type":"light_minor","display_class":"OTHER","min_zoom":12,"importance":1,"name":null,"ref":null,"common":{"type":"light_minor"},"children":{"light":{"1:category":"front","1:character":"Fl","1:colour":"green","1:group":"3","1:height":"9","1:period":"6","1:range":"6","1:sector_end":"013","1:sector_start":"000","2:category":"front","2:character":"Fl","2:colour":"white","2:group":"3","2:height":"9","2:period":"6","2:range":"9","2:sector_end":"024","2:sector_start":"013","3:category":"front","3:character":"Fl","3:colour":"red","3:group":"3","3:height":"9","3:period":"6","3:range":"6","3:sector_end":"043","3:sector_start":"024","reference":"C 7550"}},"osm_tags":{"man_made":"lighthouse","seamark:light:1:category":"front","seamark:light:1:character":"Fl","seamark:light:1:colour":"green","seamark:light:1:group":"3","seamark:light:1:height":"9","seamark:light:1:period":"6","seamark:light:1:range":"6","seamark:light:1:sector_end":"013","seamark:light:1:sector_start":"000","seamark:light:2:category":"front","seamark:light:2:character":"Fl","seamark:light:2:colour":"white","seamark:light:2:group":"3","seamark:light:2:height":"9","seamark:light:2:period":"6","seamark:light:2:range":"9","seamark:light:2:sector_end":"024","seamark:light:2:sector_start":"013","seamark:light:3:category":"front","seamark:light:3:character":"Fl","seamark:light:3:colour":"red","seamark:light:3:group":"3","seamark:light:3:height":"9","seamark:light:3:period":"6","seamark:light:3:range":"6","seamark:light:3:sector_end":"043","seamark:light:3:sector_start":"024","seamark:light:reference":"C 7550","seamark:type":"light_minor","source":"US NGA Pub. 116. 2021-03-27."}}},{"type":"Feature","geometry":{"type":"Point","coordinates":[14.7658691,56.0328326]},"properties":{"osm_id":8652592759,"osm_type":"node","seamark_type":"landmark","display_class":"OTHER","min_zoom":12,"importance":1,"name":null,"ref":null,"common":{"type":"landmark"},"children":{"landmark":{"category":"mast","function":"radio"},"light":{"category":"air_obstruction","character":"F","colour":"red"}},"osm_tags":{"man_made":"mast","seamark:landmark:category":"mast","seamark:landmark:function":"radio","seamark:light:category":"air_obstruction","seamark:light:character":"F","seamark:light:colour":"red","seamark:type":"landmark"}}},{"type":"Feature","geometry":{"type":"Point","coordinates":[14.7651533,56.0329292]},"properties":{"osm_id":8652592760,"osm_type":"node","seamark_type":"landmark","display_class":"OTHER","min_zoom":12,"importance":1,"name":null,"ref":null,"common":{"type":"landmark"},"children":{"landmark":{"category":"mast","function":"radio"},"light":{"category":"air_obstruction","character":"F","colour":"red"}},"osm_tags":{"man_made":"mast","seamark:landmark:category":"mast","seamark:landmark:function":"radio","seamark:light:category":"air_obstruction","seamark:light:character":"F","seamark:light:colour":"red","seamark:type":"landmark"}}},{"type":"Feature","geometry":{"type":"Point","coordinates":[14.6512046,56.1260524]},"properties":{"osm_id":8687631193,"osm_type":"node","seamark_type":"landmark","display_class":"OTHER","min_zoom":12,"importance":1,"name":null,"ref":null,"common":{"type":"landmark"},"children":{"landmark":{"category":"mast","function":"radio"},"light":{"category":"air_obstruction","character":"F","colour":"red"}},"osm_tags":{"man_made":"mast","seamark:landmark:category":"mast","seamark:landmark:function":"radio","seamark:light:category":"air_obstruction","seamark:light:character":"F","seamark:light:colour":"red","seamark:type":"landmark","tower:type":"communication"}}},{"type":"Feature","geometry":{"type":"Point","coordinates":[14.733181,56.1944311]},"properties":{"osm_id":8687631194,"osm_type":"node","seamark_type":"landmark","display_class":"OTHER","min_zoom":12,"importance":1,"name":null,"ref":null,"common":{"type":"landmark"},"children":{"landmark":{"category":"mast","function":"radio"},"light":{"category":"air_obstruction","character":"F","colour":"red"}},"osm_tags":{"man_made":"mast","seamark:landmark:category":"mast","seamark:landmark:function":"radio","seamark:light:category":"air_obstruction","seamark:light:character":"F","seamark:light:colour":"red","seamark:type":"landmark","tower:type":"communication"}}},{"type":"Feature","geometry":{"type":"Point","coordinates":[14.8360607,56.1853517]},"properties":{"osm_id":8687631195,"osm_type":"node","seamark_type":"landmark","display_class":"OTHER","min_zoom":12,"importance":1,"name":null,"ref":null,"common":{"type":"landmark"},"children":{"landmark":{"category":"mast","function":"radio"},"light":{"category":"air_obstruction","character":"F","colour":"red"}},"osm_tags":{"man_made":"mast","seamark:landmark:category":"mast","seamark:landmark:function":"radio","seamark:light:category":"air_obstruction","seamark:light:character":"F","seamark:light:colour":"red","seamark:type":"landmark","tower:type":"communication"}}},{"type":"Feature","geometry":{"type":"Point","coordinates":[14.7911176,56.1768544]},"properties":{"osm_id":8687631196,"osm_type":"node","seamark_type":"landmark","display_class":"OTHER","min_zoom":12,"importance":1,"name":null,"ref":null,"common":{"type":"landmark"},"children":{"landmark":{"category":"mast","function":"radio"},"light":{"category":"air_obstruction","character":"F","colour":"red"}},"osm_tags":{"man_made":"mast","seamark:landmark:category":"mast","seamark:landmark:function":"radio","seamark:light:category":"air_obstruction","seamark:light:character":"F","seamark:light:colour":"red","seamark:type":"landmark","tower:type":"communication"}}},{"type":"Feature","geometry":{"type":"Point","coordinates":[14.8192333,56.1657833]},"properties":{"osm_id":8687631197,"osm_type":"node","seamark_type":"landmark","display_class":"OTHER","min_zoom":12,"importance":1,"name":null,"ref":null,"common":{"type":"landmark"},"children":{"landmark":{"category":"chimney"},"light":{"category":"air_obstruction","character":"F","colour":"red"}},"osm_tags":{"man_made":"chimney","seamark:landmark:category":"chimney","seamark:light:category":"air_obstruction","seamark:light:character":"F","seamark:light:colour":"red","seamark:type":"landmark"}}},{"type":"Feature","geometry":{"type":"Point","coordinates":[14.9475922,56.1647423]},"properties":{"osm_id":8687631198,"osm_type":"node","seamark_type":"landmark","display_class":"OTHER","min_zoom":12,"importance":1,"name":null,"ref":null,"common":{"type":"landmark"},"children":{"landmark":{"category":"mast","function":"radio"},"light":{"category":"air_obstruction","character":"F","colour":"red"}},"osm_tags":{"man_made":"mast","seamark:landmark:category":"mast","seamark:landmark:function":"radio","seamark:light:category":"air_obstruction","seamark:light:character":"F","seamark:light:colour":"red","seamark:type":"landmark","tower:type":"communication"}}},{"type":"Feature","geometry":{"type":"Point","coordinates":[14.9771013,56.1876105]},"properties":{"osm_id":8687631199,"osm_type":"node","seamark_type":"landmark","display_class":"OTHER","min_zoom":12,"importance":1,"name":null,"ref":null,"common":{"type":"landmark"},"children":{"landmark":{"category":"mast","function":"radio"},"light":{"category":"air_obstruction","character":"F","colour":"red"}},"osm_tags":{"man_made":"mast","seamark:landmark:category":"mast","seamark:landmark:function":"radio","seamark:light:category":"air_obstruction","seamark:light:character":"F","seamark:light:colour":"red","seamark:type":"landmark","tower:type":"communication"}}},{"type":"Feature","geometry":{"type":"Point","coordinates":[14.8132222,56.1445556]},"properties":{"osm_id":9293387389,"osm_type":"node","seamark_type":"buoy_lateral","display_class":"OTHER","min_zoom":12,"importance":1,"name":null,"ref":null,"common":{"type":"buoy_lateral"},"children":{"buoy_lateral":{"category":"port","colour":"red","shape":"spar","system":"iala-a"},"light":{"character":"Fl","colour":"red","period":"3"}},"osm_tags":{"seamark:buoy_lateral:category":"port","seamark:buoy_lateral:colour":"red","seamark:buoy_lateral:shape":"spar","seamark:buoy_lateral:system":"iala-a","seamark:light:character":"Fl","seamark:light:colour":"red","seamark:light:period":"3","seamark:type":"buoy_lateral"}}},{"type":"Feature","geometry":{"type":"Point","coordinates":[14.8132222,56.1470278]},"properties":{"osm_id":9293387390,"osm_type":"node","seamark_type":"buoy_lateral","display_class":"OTHER","min_zoom":12,"importance":1,"name":null,"ref":null,"common":{"type":"buoy_lateral"},"children":{"buoy_lateral":{"category":"port","colour":"red","shape":"spar","system":"iala-a"},"light":{"character":"Fl","colour":"red","period":"3"}},"osm_tags":{"seamark:buoy_lateral:category":"port","seamark:buoy_lateral:colour":"red","seamark:buoy_lateral:shape":"spar","seamark:buoy_lateral:system":"iala-a","seamark:light:character":"Fl","seamark:light:colour":"red","seamark:light:period":"3","seamark:type":"buoy_lateral"}}},{"type":"Feature","geometry":{"type":"Point","coordinates":[14.859009,56.149817]},"properties":{"osm_id":9849074098,"osm_type":"node","seamark_type":"wreck","display_class":"OTHER","min_zoom":12,"importance":1,"name":null,"ref":null,"common":{"type":"wreck"},"children":{},"osm_tags":{"seamark:type":"wreck"}}},{"type":"Feature","geometry":{"type":"Point","coordinates":[14.825706,56.109576]},"properties":{"osm_id":9861374327,"osm_type":"node","seamark_type":"pilot_boarding","display_class":"OTHER","min_zoom":12,"importance":1,"name":null,"ref":null,"common":{"type":"pilot_boarding"},"children":{"pilot_boarding":{"category":"from_shore"}},"osm_tags":{"seamark:pilot_boarding:category":"from_shore","seamark:type":"pilot_boarding"}}},{"type":"Feature","geometry":{"type":"Point","coordinates":[14.889908,56.118955]},"properties":{"osm_id":9861374328,"osm_type":"node","seamark_type":"pilot_boarding","display_class":"OTHER","min_zoom":12,"importance":1,"name":null,"ref":null,"common":{"type":"pilot_boarding"},"children":{"pilot_boarding":{"category":"from_shore"}},"osm_tags":{"seamark:pilot_boarding:category":"from_shore","seamark:type":"pilot_boarding"}}},{"type":"Feature","geometry":{"type":"Point","coordinates":[14.7281316,56.156126]},"properties":{"osm_id":10135328723,"osm_type":"node","seamark_type":"mooring","display_class":"OTHER","min_zoom":12,"importance":1,"name":null,"ref":null,"common":{"type":"mooring"},"children":{"mooring":{"category":"bollard"}},"osm_tags":{"seamark:mooring:category":"bollard","seamark:type":"mooring"}}},{"type":"Feature","geometry":{"type":"Point","coordinates":[14.7282146,56.1566404]},"properties":{"osm_id":10135328724,"osm_type":"node","seamark_type":"mooring","display_class":"OTHER","min_zoom":12,"importance":1,"name":null,"ref":null,"common":{"type":"mooring"},"children":{"mooring":{"category":"bollard"}},"osm_tags":{"seamark:mooring:category":"bollard","seamark:type":"mooring"}}},{"type":"Feature","geometry":{"type":"Point","coordinates":[14.9828333,56.1529333]},"properties":{"osm_id":10583635950,"osm_type":"node","seamark_type":"buoy_special_purpose","display_class":"OTHER","min_zoom":12,"importance":1,"name":null,"ref":null,"common":{"type":"buoy_special_purpose"},"children":{"buoy_special_purpose":{"colour":"yellow","shape":"spar"},"topmark":{"colour":"yellow","shape":"x-shape"}},"osm_tags":{"seamark:buoy_special_purpose:colour":"yellow","seamark:buoy_special_purpose:shape":"spar","seamark:topmark:colour":"yellow","seamark:topmark:shape":"x-shape","seamark:type":"buoy_special_purpose"}}},{"type":"Feature","geometry":{"type":"Point","coordinates":[14.9827833,56.1523167]},"properties":{"osm_id":10583635951,"osm_type":"node","seamark_type":"buoy_special_purpose","display_class":"OTHER","min_zoom":12,"importance":1,"name":null,"ref":null,"common":{"type":"buoy_special_purpose"},"children":{"buoy_special_purpose":{"colour":"yellow","shape":"spar"},"topmark":{"colour":"yellow","shape":"x-shape"}},"osm_tags":{"seamark:buoy_special_purpose:colour":"yellow","seamark:buoy_special_purpose:shape":"spar","seamark:topmark:colour":"yellow","seamark:topmark:shape":"x-shape","seamark:type":"buoy_special_purpose"}}},{"type":"Feature","geometry":{"type":"Point","coordinates":[14.98605,56.1528167]},"properties":{"osm_id":10583635952,"osm_type":"node","seamark_type":"buoy_special_purpose","display_class":"OTHER","min_zoom":12,"importance":1,"name":null,"ref":null,"common":{"type":"buoy_special_purpose"},"children":{"buoy_special_purpose":{"colour":"yellow","shape":"spar"},"topmark":{"colour":"yellow","shape":"x-shape"}},"osm_tags":{"seamark:buoy_special_purpose:colour":"yellow","seamark:buoy_special_purpose:shape":"spar","seamark:topmark:colour":"yellow","seamark:topmark:shape":"x-shape","seamark:type":"buoy_special_purpose"}}},{"type":"Feature","geometry":{"type":"Point","coordinates":[14.9858,56.15325]},"properties":{"osm_id":10583635953,"osm_type":"node","seamark_type":"buoy_special_purpose","display_class":"OTHER","min_zoom":12,"importance":1,"name":null,"ref":null,"common":{"type":"buoy_special_purpose"},"children":{"buoy_special_purpose":{"colour":"yellow","shape":"spar"},"topmark":{"colour":"yellow","shape":"x-shape"}},"osm_tags":{"seamark:buoy_special_purpose:colour":"yellow","seamark:buoy_special_purpose:shape":"spar","seamark:topmark:colour":"yellow","seamark:topmark:shape":"x-shape","seamark:type":"buoy_special_purpose"}}},{"type":"Feature","geometry":{"type":"Point","coordinates":[14.9908167,56.1607333]},"properties":{"osm_id":10583635954,"osm_type":"node","seamark_type":"buoy_special_purpose","display_class":"OTHER","min_zoom":12,"importance":1,"name":null,"ref":null,"common":{"type":"buoy_special_purpose"},"children":{"buoy_special_purpose":{"colour":"yellow","shape":"spar"},"topmark":{"colour":"yellow","shape":"x-shape"}},"osm_tags":{"seamark:buoy_special_purpose:colour":"yellow","seamark:buoy_special_purpose:shape":"spar","seamark:topmark:colour":"yellow","seamark:topmark:shape":"x-shape","seamark:type":"buoy_special_purpose"}}},{"type":"Feature","geometry":{"type":"Point","coordinates":[14.9924,56.1609667]},"properties":{"osm_id":10583635955,"osm_type":"node","seamark_type":"buoy_special_purpose","display_class":"OTHER","min_zoom":12,"importance":1,"name":null,"ref":null,"common":{"type":"buoy_special_purpose"},"children":{"buoy_special_purpose":{"colour":"yellow","shape":"spar"},"topmark":{"colour":"yellow","shape":"x-shape"}},"osm_tags":{"seamark:buoy_special_purpose:colour":"yellow","seamark:buoy_special_purpose:shape":"spar","seamark:topmark:colour":"yellow","seamark:topmark:shape":"x-shape","seamark:type":"buoy_special_purpose"}}},{"type":"Feature","geometry":{"type":"Point","coordinates":[14.99265,56.1588667]},"properties":{"osm_id":10583635956,"osm_type":"node","seamark_type":"buoy_special_purpose","display_class":"OTHER","min_zoom":12,"importance":1,"name":null,"ref":null,"common":{"type":"buoy_special_purpose"},"children":{"buoy_special_purpose":{"colour":"yellow","shape":"spar"},"topmark":{"colour":"yellow","shape":"x-shape"}},"osm_tags":{"seamark:buoy_special_purpose:colour":"yellow","seamark:buoy_special_purpose:shape":"spar","seamark:topmark:colour":"yellow","seamark:topmark:shape":"x-shape","seamark:type":"buoy_special_purpose"}}},{"type":"Feature","geometry":{"type":"Point","coordinates":[14.99095,56.159]},"properties":{"osm_id":10583635957,"osm_type":"node","seamark_type":"buoy_special_purpose","display_class":"OTHER","min_zoom":12,"importance":1,"name":null,"ref":null,"common":{"type":"buoy_special_purpose"},"children":{"buoy_special_purpose":{"colour":"yellow","shape":"spar"},"topmark":{"colour":"yellow","shape":"x-shape"}},"osm_tags":{"seamark:buoy_special_purpose:colour":"yellow","seamark:buoy_special_purpose:shape":"spar","seamark:topmark:colour":"yellow","seamark:topmark:shape":"x-shape","seamark:type":"buoy_special_purpose"}}},{"type":"Feature","geometry":{"type":"Point","coordinates":[14.5779562,56.0203398]},"properties":{"osm_id":10893924774,"osm_type":"node","seamark_type":"rock","display_class":"OTHER","min_zoom":12,"importance":1,"name":null,"ref":null,"common":{"type":"rock"},"children":{"rock":{"water_level":"awash"}},"osm_tags":{"seamark:rock:water_level":"awash","seamark:type":"rock"}}},{"type":"Feature","geometry":{"type":"Point","coordinates":[14.5780903,56.0204807]},"properties":{"osm_id":10893924775,"osm_type":"node","seamark_type":"rock","display_class":"OTHER","min_zoom":12,"importance":1,"name":null,"ref":null,"common":{"type":"rock"},"children":{"rock":{"water_level":"awash"}},"osm_tags":{"seamark:rock:water_level":"awash","seamark:type":"rock"}}},{"type":"Feature","geometry":{"type":"Point","coordinates":[14.5780849,56.0205227]},"properties":{"osm_id":10893924776,"osm_type":"node","seamark_type":"rock","display_class":"OTHER","min_zoom":12,"importance":1,"name":null,"ref":null,"common":{"type":"rock"},"children":{"rock":{"water_level":"awash"}},"osm_tags":{"seamark:rock:water_level":"awash","seamark:type":"rock"}}},{"type":"Feature","geometry":{"type":"Point","coordinates":[14.8729167,56.1592]},"properties":{"osm_id":12398785413,"osm_type":"node","seamark_type":"buoy_special_purpose","display_class":"OTHER","min_zoom":12,"importance":1,"name":null,"ref":null,"common":{"type":"buoy_special_purpose"},"children":{"buoy_special_purpose":{"colour":"yellow","shape":"spar"},"topmark":{"colour":"yellow","shape":"x-shape"}},"osm_tags":{"seamark:buoy_special_purpose:colour":"yellow","seamark:buoy_special_purpose:shape":"spar","seamark:topmark:colour":"yellow","seamark:topmark:shape":"x-shape","seamark:type":"buoy_special_purpose"}}},{"type":"Feature","geometry":{"type":"Point","coordinates":[14.6318,56.5668]},"properties":{"osm_id":12999064277,"osm_type":"node","seamark_type":"rock","display_class":"OTHER","min_zoom":12,"importance":1,"name":null,"ref":null,"common":{"type":"rock"},"children":{"rock":{"water_level":"awash"}},"osm_tags":{"depth":"0","seamark:rock:water_level":"awash","seamark:type":"rock","source":"own Knowledge","survey:date":"2025-07-12"}}},{"type":"Feature","geometry":{"type":"Point","coordinates":[14.6340333,56.5669]},"properties":{"osm_id":12999064278,"osm_type":"node","seamark_type":"rock","display_class":"OTHER","min_zoom":12,"importance":1,"name":null,"ref":null,"common":{"type":"rock"},"children":{"rock":{"water_level":"submerged"}},"osm_tags":{"seamark:rock:water_level":"submerged","seamark:type":"rock","source":"own Knowledge","survey:date":"2025-07-12"}}},{"type":"Feature","geometry":{"type":"Point","coordinates":[14.6343667,56.5668833]},"properties":{"osm_id":12999064279,"osm_type":"node","seamark_type":"rock","display_class":"OTHER","min_zoom":12,"importance":1,"name":null,"ref":null,"common":{"type":"rock"},"children":{"rock":{"water_level":"submerged"}},"osm_tags":{"seamark:rock:water_level":"submerged","seamark:type":"rock","source":"own Knowledge","survey:date":"2025-07-12"}}},{"type":"Feature","geometry":{"type":"Point","coordinates":[14.6346333,56.5668]},"properties":{"osm_id":12999064280,"osm_type":"node","seamark_type":"rock","display_class":"OTHER","min_zoom":12,"importance":1,"name":null,"ref":null,"common":{"type":"rock"},"children":{"rock":{"water_level":"submerged"}},"osm_tags":{"seamark:rock:water_level":"submerged","seamark:type":"rock","source":"own Knowledge","survey:date":"2025-07-12"}}},{"type":"Feature","geometry":{"type":"Point","coordinates":[14.6792667,56.6009167]},"properties":{"osm_id":12999064281,"osm_type":"node","seamark_type":"rock","display_class":"OTHER","min_zoom":12,"importance":1,"name":null,"ref":null,"common":{"type":"rock"},"children":{"rock":{"water_level":"submerged"}},"osm_tags":{"seamark:rock:water_level":"submerged","seamark:type":"rock","source":"own Knowledge","survey:date":"2025-07-12"}}},{"type":"Feature","geometry":{"type":"Point","coordinates":[14.7445066,56.0077492]},"properties":{"osm_id":13098291200,"osm_type":"node","seamark_type":"notice","display_class":"OTHER","min_zoom":12,"importance":1,"name":null,"ref":"RÖR SE SJÖKORT","common":{"notice":"anchoring_prohibited","type":"notice"},"children":{},"osm_tags":{"ref":"RÖR SE SJÖKORT","seamark:notice":"anchoring_prohibited","seamark:type":"notice","sign":"regulatory","sign:message":"anchoring_prohibited"}}},{"type":"Feature","geometry":{"type":"Point","coordinates":[14.68505,56.1240333]},"properties":{"osm_id":13362371874,"osm_type":"node","seamark_type":"light_minor","display_class":"OTHER","min_zoom":12,"importance":1,"name":null,"ref":null,"common":{"type":"light_minor"},"children":{"light":{"character":"Fl","colour":"red","period":"3"}},"osm_tags":{"seamark:light:character":"Fl","seamark:light:colour":"red","seamark:light:period":"3","seamark:type":"light_minor"}}},{"type":"Feature","geometry":{"type":"Point","coordinates":[14.68445,56.1240667]},"properties":{"osm_id":13362371881,"osm_type":"node","seamark_type":"light_minor","display_class":"OTHER","min_zoom":12,"importance":1,"name":null,"ref":null,"common":{"type":"light_minor"},"children":{"light":{"character":"Fl","colour":"green","period":"3"}},"osm_tags":{"seamark:light:character":"Fl","seamark:light:colour":"green","seamark:light:period":"3","seamark:type":"light_minor"}}},{"type":"Feature","geometry":{"type":"Point","coordinates":[14.8635833,56.16175]},"properties":{"osm_id":13424094685,"osm_type":"node","seamark_type":"mooring","display_class":"OTHER","min_zoom":12,"importance":1,"name":null,"ref":null,"common":{"type":"mooring"},"children":{"mooring":{"category":"dolphin"}},"osm_tags":{"seamark:mooring:category":"dolphin","seamark:type":"mooring"}}},{"type":"Feature","geometry":{"type":"Point","coordinates":[14.8670833,56.1618333]},"properties":{"osm_id":13424094686,"osm_type":"node","seamark_type":"mooring","display_class":"OTHER","min_zoom":12,"importance":1,"name":null,"ref":null,"common":{"type":"mooring"},"children":{"mooring":{"category":"dolphin"}},"osm_tags":{"seamark:mooring:category":"dolphin","seamark:type":"mooring"}}},{"type":"Feature","geometry":{"type":"Point","coordinates":[14.8666333,56.1618167]},"properties":{"osm_id":13424094687,"osm_type":"node","seamark_type":"pile","display_class":"OTHER","min_zoom":12,"importance":1,"name":null,"ref":null,"common":{"type":"pile"},"children":{"pile":{"category":"post"}},"osm_tags":{"seamark:pile:category":"post","seamark:type":"pile"}}},{"type":"Feature","geometry":{"type":"Point","coordinates":[14.8657,56.1618]},"properties":{"osm_id":13424094688,"osm_type":"node","seamark_type":"pile","display_class":"OTHER","min_zoom":12,"importance":1,"name":null,"ref":null,"common":{"type":"pile"},"children":{"pile":{"category":"post"}},"osm_tags":{"seamark:pile:category":"post","seamark:type":"pile"}}},{"type":"Feature","geometry":{"type":"Point","coordinates":[14.8647167,56.1617667]},"properties":{"osm_id":13424094689,"osm_type":"node","seamark_type":"pile","display_class":"OTHER","min_zoom":12,"importance":1,"name":null,"ref":null,"common":{"type":"pile"},"children":{"pile":{"category":"post"}},"osm_tags":{"seamark:pile:category":"post","seamark:type":"pile"}}},{"type":"Feature","geometry":{"type":"Point","coordinates":[14.8638167,56.16175]},"properties":{"osm_id":13424094690,"osm_type":"node","seamark_type":"pile","display_class":"OTHER","min_zoom":12,"importance":1,"name":null,"ref":null,"common":{"type":"pile"},"children":{"pile":{"category":"post"}},"osm_tags":{"seamark:pile:category":"post","seamark:type":"pile"}}},{"type":"Feature","geometry":{"type":"Polygon","coordinates":[[[14.002006,56.3756195],[14.0023354,56.3756453],[14.002362,56.3755413],[14.0020326,56.3755155],[14.002006,56.3756195]]]},"properties":{"osm_id":289055768,"osm_type":"way","seamark_type":"harbour","display_class":"OTHER","min_zoom":12,"importance":1,"name":null,"ref":null,"common":{"type":"harbour"},"children":{"harbour":{"category":"marina"}},"osm_tags":{"leisure":"marina","seamark:harbour:category":"marina","seamark:type":"harbour"}}},{"type":"Feature","geometry":{"type":"LineString","coordinates":[[14.4774583,56.1220299],[14.4776791,56.1255517]]},"properties":{"osm_id":516634501,"osm_type":"way","seamark_type":"cable_overhead","display_class":"OTHER","min_zoom":12,"importance":1,"name":null,"ref":null,"common":{"type":"cable_overhead"},"children":{"cable_overhead":{"category":"power","clearance_height_safe":"7"}},"osm_tags":{"power":"minor_line","seamark:cable_overhead:category":"power","seamark:cable_overhead:clearance_height_safe":"7","seamark:type":"cable_overhead"}}},{"type":"Feature","geometry":{"type":"Polygon","coordinates":[[[14.8325072,56.1532018],[14.8325302,56.1532174],[14.8325407,56.1532367],[14.8325371,56.1532568],[14.83252,56.1532746],[14.8324919,56.1532874],[14.8324572,56.1532932],[14.8324212,56.1532912],[14.8323892,56.1532817],[14.8323662,56.1532661],[14.8323558,56.1532467],[14.8323593,56.1532266],[14.8323765,56.1532088],[14.8324045,56.1531961],[14.8324392,56.1531902],[14.8324753,56.1531922],[14.8325072,56.1532018]]]},"properties":{"osm_id":909636970,"osm_type":"way","seamark_type":"landmark","display_class":"OTHER","min_zoom":12,"importance":1,"name":null,"ref":null,"common":{"type":"landmark"},"children":{"landmark":{"category":"chimney"},"light":{"character":"F","colour":"red"}},"osm_tags":{"height":"140","man_made":"chimney","seamark:landmark:category":"chimney","seamark:light:character":"F","seamark:light:colour":"red","seamark:type":"landmark"}}},{"type":"Feature","geometry":{"type":"Polygon","coordinates":[[[14.8322175,56.1526311],[14.8322405,56.1526467],[14.832251,56.152666],[14.8322474,56.1526861],[14.8322303,56.1527039],[14.8322022,56.1527167],[14.8321675,56.1527225],[14.8321315,56.1527205],[14.8320995,56.152711],[14.8320766,56.1526954],[14.8320661,56.1526761],[14.8320697,56.152656],[14.8320868,56.1526382],[14.8321148,56.1526254],[14.8321495,56.1526195],[14.8321856,56.1526215],[14.8322175,56.1526311]]]},"properties":{"osm_id":909636971,"osm_type":"way","seamark_type":"landmark","display_class":"OTHER","min_zoom":12,"importance":1,"name":null,"ref":null,"common":{"type":"landmark"},"children":{"landmark":{"category":"chimney"},"light":{"character":"F","colour":"red"}},"osm_tags":{"height":"140","man_made":"chimney","seamark:landmark:category":"chimney","seamark:light:character":"F","seamark:light:colour":"red","seamark:type":"landmark"}}},{"type":"Feature","geometry":{"type":"Polygon","coordinates":[[[14.8319319,56.152069],[14.8319549,56.1520846],[14.8319653,56.1521039],[14.8319617,56.152124],[14.8319446,56.1521418],[14.8319166,56.1521546],[14.8318819,56.1521604],[14.8318458,56.1521584],[14.8318139,56.1521489],[14.8317909,56.1521333],[14.8317804,56.152114],[14.831784,56.1520939],[14.8318011,56.1520761],[14.8318292,56.1520633],[14.8318639,56.1520574],[14.8318999,56.1520594],[14.8319319,56.152069]]]},"properties":{"osm_id":909636972,"osm_type":"way","seamark_type":"landmark","display_class":"OTHER","min_zoom":12,"importance":1,"name":null,"ref":null,"common":{"type":"landmark"},"children":{"landmark":{"category":"chimney"},"light":{"category":"air_obstruction","character":"F","colour":"red"}},"osm_tags":{"height":"140","man_made":"chimney","seamark:landmark:category":"chimney","seamark:light:category":"air_obstruction","seamark:light:character":"F","seamark:light:colour":"red","seamark:type":"landmark"}}},{"type":"Feature","geometry":{"type":"LineString","coordinates":[[14.5951667,56.0427],[14.5870833,56.0333333],[14.5812515,56.0265742]]},"properties":{"osm_id":932351934,"osm_type":"way","seamark_type":"navigation_line","display_class":"OTHER","min_zoom":12,"importance":1,"name":null,"ref":null,"common":{"type":"navigation_line"},"children":{"navigation_line":{"category":"leading","orientation":"25.8"}},"osm_tags":{"seamark:navigation_line:category":"leading","seamark:navigation_line:orientation":"25.8","seamark:type":"navigation_line"}}},{"type":"Feature","geometry":{"type":"LineString","coordinates":[[14.58995,56.0457167],[14.589,56.0442333],[14.5827724,56.0345076]]},"properties":{"osm_id":932352538,"osm_type":"way","seamark_type":"navigation_line","display_class":"OTHER","min_zoom":12,"importance":1,"name":null,"ref":null,"common":{"type":"navigation_line"},"children":{"navigation_line":{"category":"leading","orientation":"19.5"}},"osm_tags":{"seamark:navigation_line:category":"leading","seamark:navigation_line:orientation":"19.5","seamark:type":"navigation_line"}}},{"type":"Feature","geometry":{"type":"LineString","coordinates":[[14.7358984,56.0044451],[14.7356885,56.0036895],[14.734,55.9976108]]},"properties":{"osm_id":932353613,"osm_type":"way","seamark_type":"navigation_line","display_class":"OTHER","min_zoom":12,"importance":1,"name":null,"ref":null,"common":{"type":"navigation_line"},"children":{"navigation_line":{"category":"leading","orientation":"8"}},"osm_tags":{"seamark:navigation_line:category":"leading","seamark:navigation_line:orientation":"8","seamark:type":"navigation_line"}}},{"type":"Feature","geometry":{"type":"LineString","coordinates":[[14.7547167,56.0496],[14.75615,56.0497833],[14.7614355,56.0504592]]},"properties":{"osm_id":932354976,"osm_type":"way","seamark_type":"navigation_line","display_class":"OTHER","min_zoom":12,"importance":1,"name":null,"ref":null,"common":{"type":"navigation_line"},"children":{"navigation_line":{"category":"leading","orientation":"256"}},"osm_tags":{"seamark:navigation_line:category":"leading","seamark:navigation_line:orientation":"256","seamark:type":"navigation_line"}}},{"type":"Feature","geometry":{"type":"LineString","coordinates":[[14.69555,56.1194667],[14.7034667,56.1193337],[14.7731766,56.1181626]]},"properties":{"osm_id":932355660,"osm_type":"way","seamark_type":"navigation_line","display_class":"OTHER","min_zoom":12,"importance":1,"name":null,"ref":null,"common":{"type":"navigation_line"},"children":{"navigation_line":{"category":"leading","orientation":"272"}},"osm_tags":{"seamark:navigation_line:category":"leading","seamark:navigation_line:orientation":"272","seamark:type":"navigation_line"}}},{"type":"Feature","geometry":{"type":"LineString","coordinates":[[14.7304337,56.15565],[14.7302,56.15485],[14.7279097,56.1470091]]},"properties":{"osm_id":932357942,"osm_type":"way","seamark_type":"navigation_line","display_class":"OTHER","min_zoom":12,"importance":1,"name":null,"ref":null,"common":{"type":"navigation_line"},"children":{"navigation_line":{"category":"leading","orientation":"9"}},"osm_tags":{"seamark:navigation_line:category":"leading","seamark:navigation_line:orientation":"9","seamark:type":"navigation_line"}}},{"type":"Feature","geometry":{"type":"LineString","coordinates":[[14.8124667,56.16117],[14.812966,56.1599989],[14.8162844,56.1522143]]},"properties":{"osm_id":932358664,"osm_type":"way","seamark_type":"navigation_line","display_class":"OTHER","min_zoom":12,"importance":1,"name":null,"ref":null,"common":{"type":"navigation_line"},"children":{"navigation_line":{"category":"leading","orientation":"346"}},"osm_tags":{"seamark:navigation_line:category":"leading","seamark:navigation_line:orientation":"346","seamark:type":"navigation_line"}}},{"type":"Feature","geometry":{"type":"LineString","coordinates":[[14.8248,56.1585333],[14.8241167,56.1557146],[14.8158458,56.1215796]]},"properties":{"osm_id":932359686,"osm_type":"way","seamark_type":"navigation_line","display_class":"OTHER","min_zoom":12,"importance":1,"name":null,"ref":null,"common":{"type":"navigation_line"},"children":{"navigation_line":{"category":"leading","orientation":"10"}},"osm_tags":{"seamark:navigation_line:category":"leading","seamark:navigation_line:orientation":"10","seamark:type":"navigation_line"}}},{"type":"Feature","geometry":{"type":"LineString","coordinates":[[14.8561617,56.1606067],[14.8604555,56.1577957],[14.8701444,56.151452]]},"properties":{"osm_id":932360506,"osm_type":"way","seamark_type":"navigation_line","display_class":"OTHER","min_zoom":12,"importance":1,"name":null,"ref":null,"common":{"type":"navigation_line"},"children":{"navigation_line":{"category":"leading","orientation":"318"}},"osm_tags":{"seamark:navigation_line:category":"leading","seamark:navigation_line:orientation":"318","seamark:type":"navigation_line"}}},{"type":"Feature","geometry":{"type":"LineString","coordinates":[[14.8369167,56.0093333],[14.8361138,56.0096658],[14.8321711,56.0113409]]},"properties":{"osm_id":932369366,"osm_type":"way","seamark_type":"navigation_line","display_class":"OTHER","min_zoom":12,"importance":1,"name":null,"ref":null,"common":{"type":"navigation_line"},"children":{"navigation_line":{"category":"leading","orientation":"129"}},"osm_tags":{"seamark:navigation_line:category":"leading","seamark:navigation_line:orientation":"129","seamark:type":"navigation_line"}}},{"type":"Feature","geometry":{"type":"LineString","coordinates":[[14.8650624,56.1663789],[14.8670972,56.1635892],[14.8738591,56.1543169],[14.8804131,56.1453275]]},"properties":{"osm_id":932522651,"osm_type":"way","seamark_type":"navigation_line","display_class":"OTHER","min_zoom":12,"importance":1,"name":null,"ref":null,"common":{"type":"navigation_line"},"children":{"navigation_line":{"category":"leading","orientation":"339"}},"osm_tags":{"seamark:navigation_line:category":"leading","seamark:navigation_line:orientation":"339","seamark:type":"navigation_line"}}},{"type":"Feature","geometry":{"type":"LineString","coordinates":[[14.9689924,56.1540358],[14.9745494,56.1429846],[14.979317,56.1335008]]},"properties":{"osm_id":932879137,"osm_type":"way","seamark_type":"navigation_line","display_class":"OTHER","min_zoom":12,"importance":1,"name":null,"ref":null,"common":{"type":"navigation_line"},"children":{"navigation_line":{"category":"leading","orientation":"343"}},"osm_tags":{"seamark:navigation_line:category":"leading","seamark:navigation_line:orientation":"343","seamark:type":"navigation_line"}}},{"type":"Feature","geometry":{"type":"Polygon","coordinates":[[[14.7281023,56.1564595],[14.7282243,56.1564587],[14.7282055,56.1563168],[14.7280827,56.1563224],[14.7281023,56.1564595]]]},"properties":{"osm_id":1107718215,"osm_type":"way","seamark_type":"shoreline_construction","display_class":"OTHER","min_zoom":12,"importance":1,"name":null,"ref":null,"common":{"type":"shoreline_construction"},"children":{"shoreline_construction":{"category":"wharf"}},"osm_tags":{"seamark:shoreline_construction:category":"wharf","seamark:type":"shoreline_construction"}}},{"type":"Feature","geometry":{"type":"LineString","coordinates":[[14.586968,56.051107],[14.586775,56.050657],[14.584244,56.0447552]]},"properties":{"osm_id":1172513723,"osm_type":"way","seamark_type":"navigation_line","display_class":"OTHER","min_zoom":12,"importance":1,"name":null,"ref":null,"common":{"type":"navigation_line"},"children":{"navigation_line":{"category":"leading","orientation":"12.5"}},"osm_tags":{"seamark:navigation_line:category":"leading","seamark:navigation_line:orientation":"12.5","seamark:type":"navigation_line"}}},{"type":"Feature","geometry":{"type":"LineString","coordinates":[[14.583492,56.047571],[14.583578,56.046966],[14.5846295,56.0395684]]},"properties":{"osm_id":1172513724,"osm_type":"way","seamark_type":"navigation_line","display_class":"OTHER","min_zoom":12,"importance":1,"name":null,"ref":null,"common":{"type":"navigation_line"},"children":{"navigation_line":{"category":"leading","orientation":"354.8"}},"osm_tags":{"seamark:navigation_line:category":"leading","seamark:navigation_line:orientation":"354.8","seamark:type":"navigation_line"}}},{"type":"Feature","geometry":{"type":"LineString","coordinates":[[14.5812515,56.0265742],[14.5781496,56.0229786]]},"properties":{"osm_id":1172513725,"osm_type":"way","seamark_type":"recommended_track","display_class":"OTHER","min_zoom":12,"importance":1,"name":null,"ref":null,"common":{"type":"recommended_track"},"children":{"recommended_track":{"orientation":"25.8"}},"osm_tags":{"seamark:recommended_track:orientation":"25.8","seamark:type":"recommended_track"}}},{"type":"Feature","geometry":{"type":"LineString","coordinates":[[14.5806864,56.0304557],[14.5812515,56.0265742]]},"properties":{"osm_id":1172513726,"osm_type":"way","seamark_type":"recommended_track","display_class":"OTHER","min_zoom":12,"importance":1,"name":null,"ref":null,"common":{"type":"recommended_track"},"children":{"recommended_track":{"orientation":"355.4"}},"osm_tags":{"seamark:recommended_track:orientation":"355.4","seamark:type":"recommended_track"}}},{"type":"Feature","geometry":{"type":"LineString","coordinates":[[14.5794826,56.038723],[14.5796039,56.03789],[14.5806864,56.0304557]]},"properties":{"osm_id":1172513727,"osm_type":"way","seamark_type":"navigation_line","display_class":"OTHER","min_zoom":12,"importance":1,"name":null,"ref":null,"common":{"type":"navigation_line"},"children":{"navigation_line":{"category":"leading","orientation":"355.4"}},"osm_tags":{"seamark:navigation_line:category":"leading","seamark:navigation_line:orientation":"355.4","seamark:type":"navigation_line"}}},{"type":"Feature","geometry":{"type":"LineString","coordinates":[[14.7454315,56.0076379],[14.8355364,56.0112187]]},"properties":{"osm_id":1389754472,"osm_type":"way","seamark_type":"pipeline_submarine","display_class":"OTHER","min_zoom":12,"importance":1,"name":null,"ref":null,"common":{"type":"pipeline_submarine"},"children":{},"osm_tags":{"seamark:type":"pipeline_submarine"}}},{"type":"Feature","geometry":{"type":"LineString","coordinates":[[14.7395,56.0045],[14.7401667,56.0023333]]},"properties":{"osm_id":1448469693,"osm_type":"way","seamark_type":"pipeline_submarine","display_class":"OTHER","min_zoom":12,"importance":1,"name":null,"ref":null,"common":{"type":"pipeline_submarine"},"children":{},"osm_tags":{"seamark:type":"pipeline_submarine"}}},{"type":"Feature","geometry":{"type":"Point","coordinates":[14.8167962,56.1595627]},"properties":{"osm_id":9898330104,"osm_type":"node","seamark_type":"berth","display_class":"OTHER","min_zoom":12,"importance":1,"name":"101","ref":null,"common":{"name":"101","type":"berth"},"children":{},"osm_tags":{"seamark:name":"101","seamark:type":"berth"}}},{"type":"Feature","geometry":{"type":"Point","coordinates":[14.8185316,56.157588]},"properties":{"osm_id":9898330103,"osm_type":"node","seamark_type":"berth","display_class":"OTHER","min_zoom":12,"importance":1,"name":"102","ref":null,"common":{"name":"102","type":"berth"},"children":{},"osm_tags":{"seamark:name":"102","seamark:type":"berth"}}},{"type":"Feature","geometry":{"type":"Point","coordinates":[14.8217582,56.1572863]},"properties":{"osm_id":9898330102,"osm_type":"node","seamark_type":"berth","display_class":"OTHER","min_zoom":12,"importance":1,"name":"104","ref":null,"common":{"name":"104","type":"berth"},"children":{},"osm_tags":{"seamark:name":"104","seamark:type":"berth"}}},{"type":"Feature","geometry":{"type":"Polygon","coordinates":[[[14.8358333,56.1166667],[14.8525,56.1033333],[14.8735,56.1033333],[14.8566667,56.1166667],[14.8358333,56.1166667]]]},"properties":{"osm_id":1318892579,"osm_type":"way","seamark_type":"anchorage","display_class":"OTHER","min_zoom":12,"importance":1,"name":"A","ref":null,"common":{"name":"A","type":"anchorage"},"children":{"anchorage":{"category":"unrestricted"}},"osm_tags":{"seamark:anchorage:category":"unrestricted","seamark:name":"A","seamark:type":"anchorage"}}},{"type":"Feature","geometry":{"type":"Polygon","coordinates":[[[14.851649,56.083519],[14.833624,56.083489],[14.833624,56.097633],[14.834504,56.097621],[14.851649,56.083519]]]},"properties":{"osm_id":1075904139,"osm_type":"way","seamark_type":"anchorage","display_class":"OTHER","min_zoom":12,"importance":1,"name":"B","ref":null,"common":{"name":"B","type":"anchorage"},"children":{"anchorage":{"category":"unrestricted"}},"osm_tags":{"seamark:anchorage:category":"unrestricted","seamark:name":"B","seamark:type":"anchorage"}}},{"type":"Feature","geometry":{"type":"Point","coordinates":[14.9689924,56.1540358]},"properties":{"osm_id":1534553373,"osm_type":"node","seamark_type":"light_minor","display_class":"OTHER","min_zoom":12,"importance":1,"name":"Baggahegna","ref":null,"common":{"information":"Occasional.","name":"Baggahegna","type":"light_minor"},"children":{"light":{"category":"upper;leading","character":"Fl","colour":"white","height":"8","period":"3","range":"3","reference":"C 7516.4"}},"osm_tags":{"note":"the C-number is wrong!","seamark:information":"Occasional.","seamark:light:category":"upper;leading","seamark:light:character":"Fl","seamark:light:colour":"white","seamark:light:height":"8","seamark:light:period":"3","seamark:light:range":"3","seamark:light:reference":"C 7516.4","seamark:name":"Baggahegna","seamark:type":"light_minor","source":"US NGA Pub. 116. 2011-07-07."}}},{"type":"Feature","geometry":{"type":"Point","coordinates":[14.675804,56.60685]},"properties":{"osm_id":12999064276,"osm_type":"node","seamark_type":"buoy_special_purpose","display_class":"OTHER","min_zoom":12,"importance":1,"name":"Bird Protection Notice","ref":null,"common":{"name":"Bird Protection Notice","type":"buoy_special_purpose"},"children":{"buoy_special_purpose":{"category":"notice","colour":"yellow","colour_pattern":"squared","shape":"spar"}},"osm_tags":{"seamark:buoy_special_purpose:category":"notice","seamark:buoy_special_purpose:colour":"yellow","seamark:buoy_special_purpose:colour_pattern":"squared","seamark:buoy_special_purpose:shape":"spar","seamark:name":"Bird Protection Notice","seamark:type":"buoy_special_purpose"}}},{"type":"Feature","geometry":{"type":"Polygon","coordinates":[[[14.667038,56.6318044],[14.6690679,56.6321825],[14.6693624,56.6319042],[14.6694106,56.6315174],[14.6695285,56.6314276],[14.6699213,56.6314763],[14.6700875,56.631576],[14.670805,56.6316591],[14.6712884,56.6314348],[14.6724213,56.6312728],[14.6723307,56.6310817],[14.6724371,56.6309316],[14.6722419,56.6306499],[14.6720135,56.6305665],[14.6719757,56.6304004],[14.67187,56.6302674],[14.67192,56.6299315],[14.6708352,56.6289629],[14.6682068,56.6294989],[14.667799,56.6300265],[14.6674735,56.6306457],[14.6678517,56.6311354],[14.6674236,56.6312104],[14.6672203,56.631423],[14.667038,56.6318044]]]},"properties":{"osm_id":952271360,"osm_type":"way","seamark_type":"restricted_area","display_class":"OTHER","min_zoom":12,"importance":1,"name":"Bird Protection Zone","ref":null,"common":{"name":"Bird Protection Zone","type":"restricted_area"},"children":{"restricted_area":{"category":"bird_sanctuary","restriction:conditional":"no_entry @ Apr 1-Jul 31"}},"osm_tags":{"name":"Fagelskyddsomrade","place":"locality","seamark:name":"Bird Protection Zone","seamark:restricted_area:category":"bird_sanctuary","seamark:restricted_area:restriction:conditional":"no_entry @ Apr 1-Jul 31","seamark:type":"restricted_area"}}},{"type":"Feature","geometry":{"type":"Polygon","coordinates":[[[14.681189,56.6319575],[14.6865749,56.6290187],[14.6877551,56.6272836],[14.6839351,56.6209248],[14.6797997,56.6209582],[14.6721983,56.6251825],[14.6785283,56.631214],[14.681189,56.6319575]]]},"properties":{"osm_id":1414626798,"osm_type":"way","seamark_type":"restricted_area","display_class":"OTHER","min_zoom":12,"importance":1,"name":"Bird Protection Zone","ref":null,"common":{"name":"Bird Protection Zone","type":"restricted_area"},"children":{"restricted_area":{"category":"bird_sanctuary","restriction:conditional":"no_entry @ Apr 1-Jul 31"}},"osm_tags":{"seamark:name":"Bird Protection Zone","seamark:restricted_area:category":"bird_sanctuary","seamark:restricted_area:restriction:conditional":"no_entry @ Apr 1-Jul 31","seamark:type":"restricted_area"}}},{"type":"Feature","geometry":{"type":"Polygon","coordinates":[[[14.6671986,56.5998659],[14.6676922,56.6005392],[14.668808,56.6009881],[14.677155,56.6000785],[14.6772308,56.5947988],[14.672606,56.5944556],[14.6705889,56.5950935],[14.6681213,56.5967947],[14.6671986,56.5998659]]]},"properties":{"osm_id":1414626799,"osm_type":"way","seamark_type":"restricted_area","display_class":"OTHER","min_zoom":12,"importance":1,"name":"Bird Protection Zone","ref":null,"common":{"name":"Bird Protection Zone","type":"restricted_area"},"children":{"restricted_area":{"category":"bird_sanctuary","restriction:conditional":"no_entry @ Apr 1-Jul 31"}},"osm_tags":{"seamark:name":"Bird Protection Zone","seamark:restricted_area:category":"bird_sanctuary","seamark:restricted_area:restriction:conditional":"no_entry @ Apr 1-Jul 31","seamark:type":"restricted_area"}}},{"type":"Feature","geometry":{"type":"Polygon","coordinates":[[[14.6425116,56.6455569],[14.644357,56.6451263],[14.645977,56.6446072],[14.646728,56.6437282],[14.6469641,56.6432209],[14.6465242,56.6420469],[14.6460199,56.6417814],[14.6441102,56.641746],[14.6436059,56.6415336],[14.6436167,56.6407372],[14.6433699,56.6398758],[14.6418035,56.6385779],[14.6407735,56.6385484],[14.639883,56.6389319],[14.6393895,56.6398345],[14.6389925,56.6404953],[14.6381771,56.6409791],[14.6379518,56.6415278],[14.6414709,56.6455864],[14.6425116,56.6455569]]]},"properties":{"osm_id":1414626800,"osm_type":"way","seamark_type":"restricted_area","display_class":"OTHER","min_zoom":12,"importance":1,"name":"Bird Protection Zone","ref":null,"common":{"name":"Bird Protection Zone","type":"restricted_area"},"children":{"restricted_area":{"category":"bird_sanctuary","restriction:conditional":"no_entry @ Apr 1-Jul 31"}},"osm_tags":{"seamark:name":"Bird Protection Zone","seamark:restricted_area:category":"bird_sanctuary","seamark:restricted_area:restriction:conditional":"no_entry @ Apr 1-Jul 31","seamark:type":"restricted_area"}}},{"type":"Feature","geometry":{"type":"Polygon","coordinates":[[[14.6493995,56.6335744],[14.6508908,56.633415],[14.6521783,56.6328368],[14.6526396,56.6318631],[14.6516096,56.6309543],[14.6491206,56.6308894],[14.6469211,56.6316625],[14.6465778,56.6330315],[14.6475541,56.6335862],[14.6493995,56.6335744]]]},"properties":{"osm_id":1414626801,"osm_type":"way","seamark_type":"restricted_area","display_class":"OTHER","min_zoom":12,"importance":1,"name":"Bird Protection Zone","ref":null,"common":{"name":"Bird Protection Zone","type":"restricted_area"},"children":{"restricted_area":{"category":"bird_sanctuary","restriction:conditional":"no_entry @ Apr 1-Jul 31"}},"osm_tags":{"seamark:name":"Bird Protection Zone","seamark:restricted_area:category":"bird_sanctuary","seamark:restricted_area:restriction:conditional":"no_entry @ Apr 1-Jul 31","seamark:type":"restricted_area"}}},{"type":"Feature","geometry":{"type":"Polygon","coordinates":[[[14.650054,56.6211807],[14.6532994,56.6217621],[14.6542758,56.6216706],[14.6548122,56.6214198],[14.6550322,56.6211659],[14.6553165,56.6216234],[14.6558797,56.6215968],[14.6560997,56.6209033],[14.6563035,56.6207085],[14.657591,56.6201831],[14.6586102,56.619705],[14.6592432,56.6188461],[14.6604395,56.6161099],[14.6553969,56.6160214],[14.652071,56.6151949],[14.6486592,56.6129042],[14.6460414,56.6168479],[14.642576,56.6183591],[14.639883,56.6211807],[14.6422648,56.6246572],[14.6485734,56.6222078],[14.6488738,56.621706],[14.6494853,56.621529],[14.650054,56.6211807]]]},"properties":{"osm_id":1414626802,"osm_type":"way","seamark_type":"restricted_area","display_class":"OTHER","min_zoom":12,"importance":1,"name":"Bird Protection Zone","ref":null,"common":{"name":"Bird Protection Zone","type":"restricted_area"},"children":{"restricted_area":{"category":"bird_sanctuary","restriction:conditional":"no_entry @ Apr 1-Jul 31"}},"osm_tags":{"seamark:name":"Bird Protection Zone","seamark:restricted_area:category":"bird_sanctuary","seamark:restricted_area:restriction:conditional":"no_entry @ Apr 1-Jul 31","seamark:type":"restricted_area"}}},{"type":"Feature","geometry":{"type":"LineString","coordinates":[[14.6621561,56.6199883],[14.6623141,56.6200186],[14.6645593,56.6204488],[14.6648812,56.6225619],[14.6609115,56.6255367],[14.6565127,56.6234591],[14.6623141,56.6200186]]},"properties":{"osm_id":1414626803,"osm_type":"way","seamark_type":"restricted_area","display_class":"OTHER","min_zoom":12,"importance":1,"name":"Bird Protection Zone","ref":null,"common":{"name":"Bird Protection Zone","type":"restricted_area"},"children":{"restricted_area":{"category":"bird_sanctuary","restriction:conditional":"no_entry @ Apr 1-Jul 31"}},"osm_tags":{"seamark:name":"Bird Protection Zone","seamark:restricted_area:category":"bird_sanctuary","seamark:restricted_area:restriction:conditional":"no_entry @ Apr 1-Jul 31","seamark:type":"restricted_area"}}},{"type":"Feature","geometry":{"type":"Polygon","coordinates":[[[14.688077,56.6138075],[14.683646,56.6128983],[14.686135,56.6080567],[14.687798,56.606303],[14.6962738,56.6082161],[14.6933341,56.6095624],[14.688077,56.6138075]]]},"properties":{"osm_id":1414626804,"osm_type":"way","seamark_type":"restricted_area","display_class":"OTHER","min_zoom":12,"importance":1,"name":"Bird Protection Zone","ref":null,"common":{"name":"Bird Protection Zone","type":"restricted_area"},"children":{"restricted_area":{"category":"bird_sanctuary","restriction:conditional":"no_entry @ Apr 1-Jul 31"}},"osm_tags":{"seamark:name":"Bird Protection Zone","seamark:restricted_area:category":"bird_sanctuary","seamark:restricted_area:restriction:conditional":"no_entry @ Apr 1-Jul 31","seamark:type":"restricted_area"}}},{"type":"Feature","geometry":{"type":"Polygon","coordinates":[[[14.6815163,56.6099846],[14.6817577,56.610082],[14.6820903,56.6101174],[14.6823853,56.6100554],[14.6825302,56.6099787],[14.6823746,56.6098635],[14.6820581,56.6098104],[14.6817791,56.6098015],[14.6816772,56.6096214],[14.6815753,56.6094886],[14.681291,56.6094502],[14.6810281,56.6095712],[14.6808886,56.6098015],[14.6810818,56.6099314],[14.6815163,56.6099846]]]},"properties":{"osm_id":1414626805,"osm_type":"way","seamark_type":"restricted_area","display_class":"OTHER","min_zoom":12,"importance":1,"name":"Bird Protection Zone","ref":null,"common":{"name":"Bird Protection Zone","type":"restricted_area"},"children":{"restricted_area":{"category":"bird_sanctuary","restriction:conditional":"no_entry @ Apr 1-Jul 31"}},"osm_tags":{"seamark:name":"Bird Protection Zone","seamark:restricted_area:category":"bird_sanctuary","seamark:restricted_area:restriction:conditional":"no_entry @ Apr 1-Jul 31","seamark:type":"restricted_area"}}},{"type":"Feature","geometry":{"type":"Polygon","coordinates":[[[14.6794188,56.6073732],[14.6795905,56.6073909],[14.6798077,56.6073289],[14.6800894,56.6072108],[14.6801779,56.6070676],[14.6800411,56.6069614],[14.6795931,56.6068743],[14.6791238,56.6069112],[14.678944,56.6070603],[14.6790352,56.6072182],[14.6794188,56.6073732]]]},"properties":{"osm_id":1414626806,"osm_type":"way","seamark_type":"restricted_area","display_class":"OTHER","min_zoom":12,"importance":1,"name":"Bird Protection Zone","ref":null,"common":{"name":"Bird Protection Zone","type":"restricted_area"},"children":{"restricted_area":{"category":"bird_sanctuary","restriction:conditional":"no_entry @ Apr 1-Jul 31"}},"osm_tags":{"seamark:name":"Bird Protection Zone","seamark:restricted_area:category":"bird_sanctuary","seamark:restricted_area:restriction:conditional":"no_entry @ Apr 1-Jul 31","seamark:type":"restricted_area"}}},{"type":"Feature","geometry":{"type":"Polygon","coordinates":[[[14.6762109,56.605181],[14.6766025,56.6051869],[14.6835923,56.6159269],[14.6834421,56.6161513],[14.6835923,56.6164937],[14.6816611,56.6195161],[14.6805668,56.61928],[14.6796441,56.6193981],[14.6768975,56.6218064],[14.6751594,56.6219599],[14.6707821,56.6150886],[14.6715545,56.6125027],[14.6729493,56.6110975],[14.6738505,56.6063266],[14.6750521,56.6054881],[14.6756959,56.6051692],[14.6762109,56.605181]]]},"properties":{"osm_id":1414626807,"osm_type":"way","seamark_type":"restricted_area","display_class":"OTHER","min_zoom":12,"importance":1,"name":"Bird Protection Zone","ref":null,"common":{"name":"Bird Protection Zone","type":"restricted_area"},"children":{"restricted_area":{"category":"bird_sanctuary","restriction:conditional":"no_entry @ Apr 1-Jul 31"}},"osm_tags":{"seamark:name":"Bird Protection Zone","seamark:restricted_area:category":"bird_sanctuary","seamark:restricted_area:restriction:conditional":"no_entry @ Apr 1-Jul 31","seamark:type":"restricted_area"}}},{"type":"Feature","geometry":{"type":"Point","coordinates":[14.8212058,56.9244221]},"properties":{"osm_id":2249303187,"osm_type":"node","seamark_type":"mooring","display_class":"OTHER","min_zoom":12,"importance":1,"name":"Boj 1","ref":null,"common":{"type":"mooring"},"children":{"mooring":{"category":"buoy"}},"osm_tags":{"name":"Boj 1","seamark:mooring:category":"buoy","seamark:type":"mooring"}}},{"type":"Feature","geometry":{"type":"Point","coordinates":[14.8218092,56.9240416]},"properties":{"osm_id":2249303193,"osm_type":"node","seamark_type":"mooring","display_class":"OTHER","min_zoom":12,"importance":1,"name":"Boj 11","ref":null,"common":{"type":"mooring"},"children":{"mooring":{"category":"buoy"}},"osm_tags":{"name":"Boj 11","seamark:mooring:category":"buoy","seamark:type":"mooring"}}},{"type":"Feature","geometry":{"type":"Point","coordinates":[14.8220124,56.9241507]},"properties":{"osm_id":2249303196,"osm_type":"node","seamark_type":"mooring","display_class":"OTHER","min_zoom":12,"importance":1,"name":"Boj 12","ref":null,"common":{"type":"mooring"},"children":{"mooring":{"category":"buoy"}},"osm_tags":{"name":"Boj 12","seamark:mooring:category":"buoy","seamark:type":"mooring"}}},{"type":"Feature","geometry":{"type":"Point","coordinates":[14.8210111,56.9238441]},"properties":{"osm_id":2249303200,"osm_type":"node","seamark_type":"mooring","display_class":"OTHER","min_zoom":12,"importance":1,"name":"Boj 13","ref":null,"common":{"type":"mooring"},"children":{"mooring":{"category":"buoy"}},"osm_tags":{"name":"Boj 13","seamark:mooring:category":"buoy","seamark:type":"mooring"}}},{"type":"Feature","geometry":{"type":"Point","coordinates":[14.8212193,56.9238532]},"properties":{"osm_id":2249303203,"osm_type":"node","seamark_type":"mooring","display_class":"OTHER","min_zoom":12,"importance":1,"name":"Boj 14","ref":null,"common":{"type":"mooring"},"children":{"mooring":{"category":"buoy"}},"osm_tags":{"name":"Boj 14","seamark:mooring:category":"buoy","seamark:type":"mooring"}}},{"type":"Feature","geometry":{"type":"Point","coordinates":[14.8226998,56.9240155]},"properties":{"osm_id":2249303207,"osm_type":"node","seamark_type":"mooring","display_class":"OTHER","min_zoom":12,"importance":1,"name":"Boj 16","ref":null,"common":{"type":"mooring"},"children":{"mooring":{"category":"buoy"}},"osm_tags":{"name":"Boj 16","seamark:mooring:category":"buoy","seamark:type":"mooring"}}},{"type":"Feature","geometry":{"type":"Point","coordinates":[14.8210607,56.9236494]},"properties":{"osm_id":2249303214,"osm_type":"node","seamark_type":"mooring","display_class":"OTHER","min_zoom":12,"importance":1,"name":"Boj 17","ref":null,"common":{"type":"mooring"},"children":{"mooring":{"category":"buoy"}},"osm_tags":{"name":"Boj 17","seamark:mooring:category":"buoy","seamark:type":"mooring"}}},{"type":"Feature","geometry":{"type":"Point","coordinates":[14.8217183,56.9236638]},"properties":{"osm_id":2249303218,"osm_type":"node","seamark_type":"mooring","display_class":"OTHER","min_zoom":12,"importance":1,"name":"Boj 19","ref":null,"common":{"type":"mooring"},"children":{"mooring":{"category":"buoy"}},"osm_tags":{"name":"Boj 19","seamark:mooring:category":"buoy","seamark:type":"mooring"}}},{"type":"Feature","geometry":{"type":"Point","coordinates":[14.8215067,56.9243815]},"properties":{"osm_id":2249303222,"osm_type":"node","seamark_type":"mooring","display_class":"OTHER","min_zoom":12,"importance":1,"name":"Boj 2","ref":null,"common":{"type":"mooring"},"children":{"mooring":{"category":"buoy"}},"osm_tags":{"name":"Boj 2","seamark:mooring:category":"buoy","seamark:type":"mooring"}}},{"type":"Feature","geometry":{"type":"Point","coordinates":[14.8222471,56.9236476]},"properties":{"osm_id":2249303225,"osm_type":"node","seamark_type":"mooring","display_class":"OTHER","min_zoom":12,"importance":1,"name":"Boj 20","ref":null,"common":{"type":"mooring"},"children":{"mooring":{"category":"buoy"}},"osm_tags":{"name":"Boj 20","seamark:mooring:category":"buoy","seamark:type":"mooring"}}},{"type":"Feature","geometry":{"type":"Point","coordinates":[14.8224421,56.9237567]},"properties":{"osm_id":2249303228,"osm_type":"node","seamark_type":"mooring","display_class":"OTHER","min_zoom":12,"importance":1,"name":"Boj 21","ref":null,"common":{"type":"mooring"},"children":{"mooring":{"category":"buoy"}},"osm_tags":{"name":"Boj 21","seamark:mooring:category":"buoy","seamark:type":"mooring"}}},{"type":"Feature","geometry":{"type":"Point","coordinates":[14.8211218,56.9234347]},"properties":{"osm_id":2249303231,"osm_type":"node","seamark_type":"mooring","display_class":"OTHER","min_zoom":12,"importance":1,"name":"Boj 23","ref":null,"common":{"type":"mooring"},"children":{"mooring":{"category":"buoy"}},"osm_tags":{"name":"Boj 23","seamark:mooring:category":"buoy","seamark:type":"mooring"}}},{"type":"Feature","geometry":{"type":"Point","coordinates":[14.8215035,56.9235348]},"properties":{"osm_id":2249303232,"osm_type":"node","seamark_type":"mooring","display_class":"OTHER","min_zoom":12,"importance":1,"name":"Boj 24","ref":null,"common":{"type":"mooring"},"children":{"mooring":{"category":"buoy"}},"osm_tags":{"name":"Boj 24","seamark:mooring:category":"buoy","seamark:type":"mooring"}}},{"type":"Feature","geometry":{"type":"Point","coordinates":[14.8223925,56.9235078]},"properties":{"osm_id":2249303233,"osm_type":"node","seamark_type":"mooring","display_class":"OTHER","min_zoom":12,"importance":1,"name":"Boj 26","ref":null,"common":{"type":"mooring"},"children":{"mooring":{"category":"buoy"}},"osm_tags":{"name":"Boj 26","seamark:mooring:category":"buoy","seamark:type":"mooring"}}},{"type":"Feature","geometry":{"type":"Point","coordinates":[14.8220108,56.923882]},"properties":{"osm_id":2249303234,"osm_type":"node","seamark_type":"mooring","display_class":"OTHER","min_zoom":12,"importance":1,"name":"Boj 27","ref":null,"common":{"type":"mooring"},"children":{"mooring":{"category":"buoy"}},"osm_tags":{"name":"Boj 27","seamark:mooring:category":"buoy","seamark:type":"mooring"}}},{"type":"Feature","geometry":{"type":"Point","coordinates":[14.8228403,56.9236187]},"properties":{"osm_id":2249303235,"osm_type":"node","seamark_type":"mooring","display_class":"OTHER","min_zoom":12,"importance":1,"name":"Boj 28","ref":null,"common":{"type":"mooring"},"children":{"mooring":{"category":"buoy"}},"osm_tags":{"name":"Boj 28","seamark:mooring:category":"buoy","seamark:type":"mooring"}}},{"type":"Feature","geometry":{"type":"Point","coordinates":[14.8223941,56.9234086]},"properties":{"osm_id":2249303236,"osm_type":"node","seamark_type":"mooring","display_class":"OTHER","min_zoom":12,"importance":1,"name":"Boj 29","ref":null,"common":{"type":"mooring"},"children":{"mooring":{"category":"buoy"}},"osm_tags":{"name":"Boj 29","seamark:mooring:category":"buoy","seamark:type":"mooring"}}},{"type":"Feature","geometry":{"type":"Point","coordinates":[14.8223648,56.9244211]},"properties":{"osm_id":2249303237,"osm_type":"node","seamark_type":"mooring","display_class":"OTHER","min_zoom":12,"importance":1,"name":"Boj 3","ref":null,"common":{"type":"mooring"},"children":{"mooring":{"category":"buoy"}},"osm_tags":{"name":"Boj 3","seamark:mooring:category":"buoy","seamark:type":"mooring"}}},{"type":"Feature","geometry":{"type":"Point","coordinates":[14.8227147,56.9233094]},"properties":{"osm_id":2249303238,"osm_type":"node","seamark_type":"mooring","display_class":"OTHER","min_zoom":12,"importance":1,"name":"Boj 30","ref":null,"common":{"type":"mooring"},"children":{"mooring":{"category":"buoy"}},"osm_tags":{"name":"Boj 30","seamark:mooring:category":"buoy","seamark:type":"mooring"}}},{"type":"Feature","geometry":{"type":"Point","coordinates":[14.8230154,56.9229901]},"properties":{"osm_id":2249303241,"osm_type":"node","seamark_type":"mooring","display_class":"OTHER","min_zoom":12,"importance":1,"name":"Boj 33","ref":null,"common":{"type":"mooring"},"children":{"mooring":{"category":"buoy"}},"osm_tags":{"name":"Boj 33","seamark:mooring:category":"buoy","seamark:type":"mooring"}}},{"type":"Feature","geometry":{"type":"Point","coordinates":[14.8223842,56.9225897]},"properties":{"osm_id":2249303244,"osm_type":"node","seamark_type":"mooring","display_class":"OTHER","min_zoom":12,"importance":1,"name":"Boj 38","ref":null,"common":{"type":"mooring"},"children":{"mooring":{"category":"buoy"}},"osm_tags":{"name":"Boj 38","seamark:mooring:category":"buoy","seamark:type":"mooring"}}},{"type":"Feature","geometry":{"type":"Point","coordinates":[14.8231542,56.922422]},"properties":{"osm_id":2249303248,"osm_type":"node","seamark_type":"mooring","display_class":"OTHER","min_zoom":12,"importance":1,"name":"Boj 39","ref":null,"common":{"type":"mooring"},"children":{"mooring":{"category":"buoy"}},"osm_tags":{"name":"Boj 39","seamark:mooring:category":"buoy","seamark:type":"mooring"}}},{"type":"Feature","geometry":{"type":"Point","coordinates":[14.8206972,56.9242806]},"properties":{"osm_id":2249303251,"osm_type":"node","seamark_type":"mooring","display_class":"OTHER","min_zoom":12,"importance":1,"name":"Boj 4","ref":null,"common":{"type":"mooring"},"children":{"mooring":{"category":"buoy"}},"osm_tags":{"name":"Boj 4","seamark:mooring:category":"buoy","seamark:type":"mooring"}}},{"type":"Feature","geometry":{"type":"Point","coordinates":[14.8226552,56.9226944]},"properties":{"osm_id":2249303254,"osm_type":"node","seamark_type":"mooring","display_class":"OTHER","min_zoom":12,"importance":1,"name":"Boj 40","ref":null,"common":{"type":"mooring"},"children":{"mooring":{"category":"buoy"}},"osm_tags":{"name":"Boj 40","seamark:mooring:category":"buoy","seamark:type":"mooring"}}},{"type":"Feature","geometry":{"type":"Point","coordinates":[14.8230914,56.9226114]},"properties":{"osm_id":2249303257,"osm_type":"node","seamark_type":"mooring","display_class":"OTHER","min_zoom":12,"importance":1,"name":"Boj 42","ref":null,"common":{"type":"mooring"},"children":{"mooring":{"category":"buoy"}},"osm_tags":{"name":"Boj 42","seamark:mooring:category":"buoy","seamark:type":"mooring"}}},{"type":"Feature","geometry":{"type":"Point","coordinates":[14.8214787,56.9239379]},"properties":{"osm_id":2249303260,"osm_type":"node","seamark_type":"mooring","display_class":"OTHER","min_zoom":12,"importance":1,"name":"Boj 45","ref":null,"common":{"type":"mooring"},"children":{"mooring":{"category":"buoy"}},"osm_tags":{"name":"Boj 45","seamark:mooring:category":"buoy","seamark:type":"mooring"}}},{"type":"Feature","geometry":{"type":"Point","coordinates":[14.8230768,56.9237868]},"properties":{"osm_id":2249303263,"osm_type":"node","seamark_type":"mooring","display_class":"OTHER","min_zoom":12,"importance":1,"name":"Boj 48","ref":null,"common":{"type":"mooring"},"children":{"mooring":{"category":"buoy"}},"osm_tags":{"name":"Boj 48","seamark:mooring:category":"buoy","seamark:type":"mooring"}}},{"type":"Feature","geometry":{"type":"Point","coordinates":[14.8233558,56.9229613]},"properties":{"osm_id":2249303266,"osm_type":"node","seamark_type":"mooring","display_class":"OTHER","min_zoom":12,"importance":1,"name":"Boj 49","ref":null,"common":{"type":"mooring"},"children":{"mooring":{"category":"buoy"}},"osm_tags":{"name":"Boj 49","seamark:mooring:category":"buoy","seamark:type":"mooring"}}},{"type":"Feature","geometry":{"type":"Point","coordinates":[14.821135,56.9242157]},"properties":{"osm_id":2249303269,"osm_type":"node","seamark_type":"mooring","display_class":"OTHER","min_zoom":12,"importance":1,"name":"Boj 5","ref":null,"common":{"type":"mooring"},"children":{"mooring":{"category":"buoy"}},"osm_tags":{"name":"Boj 5","seamark:mooring:category":"buoy","seamark:type":"mooring"}}},{"type":"Feature","geometry":{"type":"Point","coordinates":[14.8234748,56.9228386]},"properties":{"osm_id":2249303276,"osm_type":"node","seamark_type":"mooring","display_class":"OTHER","min_zoom":12,"importance":1,"name":"Boj 50","ref":null,"common":{"type":"mooring"},"children":{"mooring":{"category":"buoy"}},"osm_tags":{"name":"Boj 50","seamark:mooring:category":"buoy","seamark:type":"mooring"}}},{"type":"Feature","geometry":{"type":"Point","coordinates":[14.8228535,56.9231615]},"properties":{"osm_id":2249303279,"osm_type":"node","seamark_type":"mooring","display_class":"OTHER","min_zoom":12,"importance":1,"name":"Boj 51","ref":null,"common":{"type":"mooring"},"children":{"mooring":{"category":"buoy"}},"osm_tags":{"name":"Boj 51","seamark:mooring:category":"buoy","seamark:type":"mooring"}}},{"type":"Feature","geometry":{"type":"Point","coordinates":[14.821482,56.9241823]},"properties":{"osm_id":2249303283,"osm_type":"node","seamark_type":"mooring","display_class":"OTHER","min_zoom":12,"importance":1,"name":"Boj 6","ref":null,"common":{"type":"mooring"},"children":{"mooring":{"category":"buoy"}},"osm_tags":{"name":"Boj 6","seamark:mooring:category":"buoy","seamark:type":"mooring"}}},{"type":"Feature","geometry":{"type":"Point","coordinates":[14.8219695,56.9242788]},"properties":{"osm_id":2249303286,"osm_type":"node","seamark_type":"mooring","display_class":"OTHER","min_zoom":12,"importance":1,"name":"Boj 7","ref":null,"common":{"type":"mooring"},"children":{"mooring":{"category":"buoy"}},"osm_tags":{"name":"Boj 7","seamark:mooring:category":"buoy","seamark:type":"mooring"}}},{"type":"Feature","geometry":{"type":"Point","coordinates":[14.8223363,56.9241958]},"properties":{"osm_id":2249303289,"osm_type":"node","seamark_type":"mooring","display_class":"OTHER","min_zoom":12,"importance":1,"name":"Boj 8","ref":null,"common":{"type":"mooring"},"children":{"mooring":{"category":"buoy"}},"osm_tags":{"name":"Boj 8","seamark:mooring:category":"buoy","seamark:type":"mooring"}}},{"type":"Feature","geometry":{"type":"Point","coordinates":[14.8207649,56.9240867]},"properties":{"osm_id":2249303292,"osm_type":"node","seamark_type":"mooring","display_class":"OTHER","min_zoom":12,"importance":1,"name":"Boj 9","ref":null,"common":{"type":"mooring"},"children":{"mooring":{"category":"buoy"}},"osm_tags":{"name":"Boj 9","seamark:mooring:category":"buoy","seamark:type":"mooring"}}},{"type":"Feature","geometry":{"type":"Point","coordinates":[14.8345992,56.0185347]},"properties":{"osm_id":1534559514,"osm_type":"node","seamark_type":"light_minor","display_class":"OTHER","min_zoom":12,"importance":1,"name":"Bönsäcken","ref":null,"common":{"name":"Bönsäcken","type":"light_minor"},"children":{"light":{"1:character":"Fl","1:colour":"green","1:group":"2","1:height":"11","1:period":"6","1:range":"5","1:sector_end":"20","1:sector_start":"0","2:character":"Fl","2:colour":"white","2:group":"2","2:height":"11","2:period":"6","2:range":"9","2:sector_end":"54","2:sector_start":"20","3:character":"Fl","3:colour":"red","3:group":"2","3:height":"11","3:period":"6","3:range":"6","3:sector_end":"134","3:sector_start":"54","4:character":"Fl","4:colour":"green","4:group":"2","4:height":"11","4:period":"6","4:range":"5","4:sector_end":"150","4:sector_start":"134","5:character":"Fl","5:colour":"white","5:group":"2","5:height":"11","5:period":"6","5:range":"9","5:sector_end":"239","5:sector_start":"150","6:character":"Fl","6:colour":"red","6:group":"2","6:height":"11","6:period":"6","6:range":"6","6:sector_end":"255","6:sector_start":"239","7:character":"Fl","7:colour":"green","7:group":"2","7:height":"11","7:period":"6","7:range":"5","7:sector_end":"268","7:sector_start":"255","reference":"C 7536"}},"osm_tags":{"seamark:light:1:character":"Fl","seamark:light:1:colour":"green","seamark:light:1:group":"2","seamark:light:1:height":"11","seamark:light:1:period":"6","seamark:light:1:range":"5","seamark:light:1:sector_end":"20","seamark:light:1:sector_start":"0","seamark:light:2:character":"Fl","seamark:light:2:colour":"white","seamark:light:2:group":"2","seamark:light:2:height":"11","seamark:light:2:period":"6","seamark:light:2:range":"9","seamark:light:2:sector_end":"54","seamark:light:2:sector_start":"20","seamark:light:3:character":"Fl","seamark:light:3:colour":"red","seamark:light:3:group":"2","seamark:light:3:height":"11","seamark:light:3:period":"6","seamark:light:3:range":"6","seamark:light:3:sector_end":"134","seamark:light:3:sector_start":"54","seamark:light:4:character":"Fl","seamark:light:4:colour":"green","seamark:light:4:group":"2","seamark:light:4:height":"11","seamark:light:4:period":"6","seamark:light:4:range":"5","seamark:light:4:sector_end":"150","seamark:light:4:sector_start":"134","seamark:light:5:character":"Fl","seamark:light:5:colour":"white","seamark:light:5:group":"2","seamark:light:5:height":"11","seamark:light:5:period":"6","seamark:light:5:range":"9","seamark:light:5:sector_end":"239","seamark:light:5:sector_start":"150","seamark:light:6:character":"Fl","seamark:light:6:colour":"red","seamark:light:6:group":"2","seamark:light:6:height":"11","seamark:light:6:period":"6","seamark:light:6:range":"6","seamark:light:6:sector_end":"255","seamark:light:6:sector_start":"239","seamark:light:7:character":"Fl","seamark:light:7:colour":"green","seamark:light:7:group":"2","seamark:light:7:height":"11","seamark:light:7:period":"6","seamark:light:7:range":"5","seamark:light:7:sector_end":"268","seamark:light:7:sector_start":"255","seamark:light:reference":"C 7536","seamark:name":"Bönsäcken","seamark:type":"light_minor","source":"US NGA Pub. 116. 2011-07-07."}}},{"type":"Feature","geometry":{"type":"Polygon","coordinates":[[[14.8034317,56.0617137],[14.8031981,56.0833198],[14.7796058,56.0832403],[14.7798394,56.0616342],[14.8034317,56.0617137]]]},"properties":{"osm_id":1075904140,"osm_type":"way","seamark_type":"anchorage","display_class":"OTHER","min_zoom":12,"importance":1,"name":"C","ref":null,"common":{"name":"C","type":"anchorage"},"children":{"anchorage":{"category":"unrestricted"}},"osm_tags":{"seamark:anchorage:category":"unrestricted","seamark:name":"C","seamark:type":"anchorage"}}},{"type":"Feature","geometry":{"type":"Polygon","coordinates":[[[14.862061,56.171266],[14.8620356,56.1713517],[14.8618102,56.171331],[14.8617769,56.1714436],[14.8619606,56.1714605],[14.86193,56.1715636],[14.8622181,56.17159],[14.8622432,56.1715054],[14.8624477,56.1715241],[14.8624555,56.171498],[14.8624854,56.1714982],[14.8625134,56.171496],[14.8625469,56.171483],[14.8625662,56.1714689],[14.8625774,56.1714513],[14.8625774,56.171431],[14.8625611,56.1714151],[14.8625428,56.1714095],[14.8624986,56.1714055],[14.8625049,56.1713841],[14.8622699,56.1713625],[14.8622922,56.1712872],[14.862061,56.171266]]]},"properties":{"osm_id":643553430,"osm_type":"way","seamark_type":"building","display_class":"OTHER","min_zoom":12,"importance":1,"name":"Carl Gustafs kyrka","ref":null,"common":{"type":"building"},"children":{"building":{"function":"church"}},"osm_tags":{"amenity":"place_of_worship","building":"church","check_date":"2023-09-22","denomination":"lutheran","name":"Carl Gustafs kyrka","religion":"christian","seamark:building:function":"church","seamark:type":"building","wikidata":"Q1036484"}}},{"type":"Feature","geometry":{"type":"Polygon","coordinates":[[[14.8228333,56.1468333],[14.8295,56.1468333],[14.8295,56.144],[14.8228333,56.144],[14.8228333,56.1468333]]]},"properties":{"osm_id":352415371,"osm_type":"way","seamark_type":"anchorage","display_class":"OTHER","min_zoom":12,"importance":1,"name":"D","ref":null,"common":{"name":"D","type":"anchorage"},"children":{},"osm_tags":{"seamark:name":"D","seamark:type":"anchorage","source":"http://www.sjofartsverket.se/UfsPdf/478SV.pdf"}}},{"type":"Feature","geometry":{"type":"Point","coordinates":[14.7848159,56.1576518]},"properties":{"osm_id":2343447619,"osm_type":"node","seamark_type":"sea_area","display_class":"OTHER","min_zoom":12,"importance":1,"name":"Drösaboviken","ref":null,"common":{"name":"Drösaboviken","type":"sea_area"},"children":{"sea_area":{"category":"bay"}},"osm_tags":{"name":"Drösaboviken","natural":"bay","seamark:name":"Drösaboviken","seamark:sea_area:category":"bay","seamark:type":"sea_area"}}},{"type":"Feature","geometry":{"type":"Point","coordinates":[14.7753253,56.2269659]},"properties":{"osm_id":2495348607,"osm_type":"node","seamark_type":"landmark","display_class":"OTHER","min_zoom":12,"importance":1,"name":"Gungvalamasten","ref":null,"common":{"type":"landmark"},"children":{"landmark":{"category":"mast","function":"radio;television"},"light":{"1:category":"air_obstruction","1:character":"F","1:colour":"red","1:height":"405","1:range":"6","2:category":"air_obstruction","2:character":"VQ","2:colour":"white","2:height":"405","2:range":"21","reference":"C 7516.6"}},"osm_tags":{"communication:radio":"yes","communication:television":"yes","ele":"69","height":"335","man_made":"mast","material":"metal","name":"Gungvalamasten","operator":"Teracom","operator:wikidata":"Q7476318","seamark:landmark:category":"mast","seamark:landmark:function":"radio;television","seamark:light:1:category":"air_obstruction","seamark:light:1:character":"F","seamark:light:1:colour":"red","seamark:light:1:height":"405","seamark:light:1:range":"6","seamark:light:2:category":"air_obstruction","seamark:light:2:character":"VQ","seamark:light:2:colour":"white","seamark:light:2:height":"405","seamark:light:2:range":"21","seamark:light:reference":"C 7516.6","seamark:type":"landmark","source":"LFV AIP","tower:construction":"guyed_lattice","tower:type":"communication","wikidata":"Q745280","wikipedia":"sv:Gungvalamasten"}}},{"type":"Feature","geometry":{"type":"Point","coordinates":[14.774612,56.1496258]},"properties":{"osm_id":1534553872,"osm_type":"node","seamark_type":"light_minor","display_class":"OTHER","min_zoom":12,"importance":1,"name":"Gunnon","ref":null,"common":{"name":"Gunnon","type":"light_minor"},"children":{"light":{"1:character":"Iso","1:colour":"green","1:height":"11","1:period":"4","1:range":"10","1:sector_end":"294.5","1:sector_start":"274","2:character":"Iso","2:colour":"red","2:height":"11","2:period":"4","2:range":"11","2:sector_end":"306","2:sector_start":"294.5","3:character":"Iso","3:colour":"green","3:height":"11","3:period":"4","3:range":"10","3:sector_end":"323","3:sector_start":"306","4:character":"Iso","4:colour":"white","4:height":"11","4:period":"4","4:range":"14","4:sector_end":"327","4:sector_start":"323","5:character":"Iso","5:colour":"red","5:height":"11","5:period":"4","5:range":"11","5:sector_end":"340","5:sector_start":"327","6:character":"Iso","6:colour":"green","6:height":"11","6:period":"4","6:range":"10","6:sector_end":"33","6:sector_start":"340","7:character":"Iso","7:colour":"red","7:height":"11","7:period":"4","7:range":"11","7:sector_end":"54","7:sector_start":"33","reference":"C 7527.1"}},"osm_tags":{"seamark:light:1:character":"Iso","seamark:light:1:colour":"green","seamark:light:1:height":"11","seamark:light:1:period":"4","seamark:light:1:range":"10","seamark:light:1:sector_end":"294.5","seamark:light:1:sector_start":"274","seamark:light:2:character":"Iso","seamark:light:2:colour":"red","seamark:light:2:height":"11","seamark:light:2:period":"4","seamark:light:2:range":"11","seamark:light:2:sector_end":"306","seamark:light:2:sector_start":"294.5","seamark:light:3:character":"Iso","seamark:light:3:colour":"green","seamark:light:3:height":"11","seamark:light:3:period":"4","seamark:light:3:range":"10","seamark:light:3:sector_end":"323","seamark:light:3:sector_start":"306","seamark:light:4:character":"Iso","seamark:light:4:colour":"white","seamark:light:4:height":"11","seamark:light:4:period":"4","seamark:light:4:range":"14","seamark:light:4:sector_end":"327","seamark:light:4:sector_start":"323","seamark:light:5:character":"Iso","seamark:light:5:colour":"red","seamark:light:5:height":"11","seamark:light:5:period":"4","seamark:light:5:range":"11","seamark:light:5:sector_end":"340","seamark:light:5:sector_start":"327","seamark:light:6:character":"Iso","seamark:light:6:colour":"green","seamark:light:6:height":"11","seamark:light:6:period":"4","seamark:light:6:range":"10","seamark:light:6:sector_end":"33","seamark:light:6:sector_start":"340","seamark:light:7:character":"Iso","seamark:light:7:colour":"red","seamark:light:7:height":"11","seamark:light:7:period":"4","seamark:light:7:range":"11","seamark:light:7:sector_end":"54","seamark:light:7:sector_start":"33","seamark:light:reference":"C 7527.1","seamark:name":"Gunnon","seamark:type":"light_minor","source":"US NGA Pub. 116. 2011-07-07."}}},{"type":"Feature","geometry":{"type":"Point","coordinates":[14.7037221,56.0131077]},"properties":{"osm_id":2904758702,"osm_type":"node","seamark_type":"light_minor","display_class":"OTHER","min_zoom":12,"importance":1,"name":"Hallevik","ref":null,"common":{"name":"Hallevik","type":"light_minor"},"children":{"light":{"1:category":"rear","1:character":"Iso","1:colour":"green","1:height":"8","1:period":"8","1:range":"3","1:sector_end":"016","1:sector_start":"290","2:category":"rear","2:character":"Iso","2:colour":"white","2:height":"8","2:period":"8","2:range":"6","2:sector_end":"024","2:sector_start":"016","3:category":"rear","3:character":"Iso","3:colour":"red","3:height":"8","3:period":"8","3:range":"4","3:sector_end":"042","3:sector_start":"024","reference":"C 7548"}},"osm_tags":{"man_made":"lighthouse","name":"Hälleviks första ledfyr","seamark:light:1:category":"rear","seamark:light:1:character":"Iso","seamark:light:1:colour":"green","seamark:light:1:height":"8","seamark:light:1:period":"8","seamark:light:1:range":"3","seamark:light:1:sector_end":"016","seamark:light:1:sector_start":"290","seamark:light:2:category":"rear","seamark:light:2:character":"Iso","seamark:light:2:colour":"white","seamark:light:2:height":"8","seamark:light:2:period":"8","seamark:light:2:range":"6","seamark:light:2:sector_end":"024","seamark:light:2:sector_start":"016","seamark:light:3:category":"rear","seamark:light:3:character":"Iso","seamark:light:3:colour":"red","seamark:light:3:height":"8","seamark:light:3:period":"8","seamark:light:3:range":"4","seamark:light:3:sector_end":"042","seamark:light:3:sector_start":"024","seamark:light:reference":"C 7548","seamark:name":"Hallevik","seamark:type":"light_minor","source":"US NGA Pub. 116. 2021-03-27."}}},{"type":"Feature","geometry":{"type":"Point","coordinates":[14.8845286,56.1563773]},"properties":{"osm_id":5099496459,"osm_type":"node","seamark_type":"small_craft_facility","display_class":"OTHER","min_zoom":12,"importance":1,"name":"Hamel Sails","ref":null,"common":{"type":"small_craft_facility"},"children":{"small_craft_facility":{"category":"sailmaker"}},"osm_tags":{"addr:city":"Karlshamn","addr:country":"SE","addr:housenumber":"42","addr:postcode":"374 30","addr:street":"Saltsjöbadsvägen","contact:website":"http://www.hamelsails.com/","craft":"sailmaker","name":"Hamel Sails","seamark:small_craft_facility:category":"sailmaker","seamark:type":"small_craft_facility","shop":"craft"}}},{"type":"Feature","geometry":{"type":"Point","coordinates":[14.8350996,56.0102421]},"properties":{"osm_id":976982106,"osm_type":"node","seamark_type":"light_minor","display_class":"OTHER","min_zoom":12,"importance":1,"name":"Hanö","ref":null,"common":{"type":"light_minor"},"children":{"light":{"category":"floodlight","character":"F","colour":"white","visibility":"low"}},"osm_tags":{"amenity":"ferry_terminal","ferry":"yes","name":"Hanö","public_transport":"stop_position","seamark:light:category":"floodlight","seamark:light:character":"F","seamark:light:colour":"white","seamark:light:visibility":"low","seamark:type":"light_minor"}}},{"type":"Feature","geometry":{"type":"Point","coordinates":[14.7682895,56.0430103]},"properties":{"osm_id":1534554325,"osm_type":"node","seamark_type":"light_minor","display_class":"OTHER","min_zoom":12,"importance":1,"name":"Horvik","ref":null,"common":{"name":"Horvik","type":"light_minor"},"children":{"fog_signal":{"category":"siren"},"light":{"1:character":"Fl","1:colour":"white","1:height":"6","1:period":"2","1:range":"5","1:sector_end":"101","1:sector_start":"304","2:character":"Fl","2:colour":"red","2:height":"6","2:period":"2","2:range":"3","2:sector_end":"167","2:sector_start":"101","3:character":"Fl","3:colour":"green","3:height":"6","3:period":"2","3:range":"2","3:sector_end":"194","3:sector_start":"167","4:character":"Fl","4:colour":"white","4:height":"6","4:period":"2","4:range":"5","4:sector_end":"203.5","4:sector_start":"194","5:character":"Fl","5:colour":"red","5:height":"6","5:period":"2","5:range":"3","5:sector_end":"281","5:sector_start":"203.5","reference":"C 7532"}},"osm_tags":{"seamark:fog_signal:category":"siren","seamark:light:1:character":"Fl","seamark:light:1:colour":"white","seamark:light:1:height":"6","seamark:light:1:period":"2","seamark:light:1:range":"5","seamark:light:1:sector_end":"101","seamark:light:1:sector_start":"304","seamark:light:2:character":"Fl","seamark:light:2:colour":"red","seamark:light:2:height":"6","seamark:light:2:period":"2","seamark:light:2:range":"3","seamark:light:2:sector_end":"167","seamark:light:2:sector_start":"101","seamark:light:3:character":"Fl","seamark:light:3:colour":"green","seamark:light:3:height":"6","seamark:light:3:period":"2","seamark:light:3:range":"2","seamark:light:3:sector_end":"194","seamark:light:3:sector_start":"167","seamark:light:4:character":"Fl","seamark:light:4:colour":"white","seamark:light:4:height":"6","seamark:light:4:period":"2","seamark:light:4:range":"5","seamark:light:4:sector_end":"203.5","seamark:light:4:sector_start":"194","seamark:light:5:character":"Fl","seamark:light:5:colour":"red","seamark:light:5:height":"6","seamark:light:5:period":"2","seamark:light:5:range":"3","seamark:light:5:sector_end":"281","seamark:light:5:sector_start":"203.5","seamark:light:reference":"C 7532","seamark:name":"Horvik","seamark:type":"light_minor","source":"US NGA Pub. 116. 2011-07-07."}}},{"type":"Feature","geometry":{"type":"Point","coordinates":[14.586775,56.050657]},"properties":{"osm_id":10893924770,"osm_type":"node","seamark_type":"light_minor","display_class":"OTHER","min_zoom":12,"importance":1,"name":"Innerhamnen nedre","ref":null,"common":{"name":"Innerhamnen nedre","type":"light_minor"},"children":{"light":{"category":"lower;leading","character":"F","colour":"green"}},"osm_tags":{"seamark:light:category":"lower;leading","seamark:light:character":"F","seamark:light:colour":"green","seamark:name":"Innerhamnen nedre","seamark:type":"light_minor"}}},{"type":"Feature","geometry":{"type":"Point","coordinates":[14.586968,56.051107]},"properties":{"osm_id":10893924769,"osm_type":"node","seamark_type":"light_minor","display_class":"OTHER","min_zoom":12,"importance":1,"name":"Innerhamnen övre","ref":null,"common":{"name":"Innerhamnen övre","type":"light_minor"},"children":{"light":{"category":"upper;leading","character":"F","colour":"green"}},"osm_tags":{"seamark:light:category":"upper;leading","seamark:light:character":"F","seamark:light:colour":"green","seamark:name":"Innerhamnen övre","seamark:type":"light_minor"}}},{"type":"Feature","geometry":{"type":"Point","coordinates":[14.5796039,56.03789]},"properties":{"osm_id":10893924780,"osm_type":"node","seamark_type":"light_minor","display_class":"OTHER","min_zoom":12,"importance":1,"name":"Inre Redden nedre","ref":null,"common":{"name":"Inre Redden nedre","type":"light_minor"},"children":{"light":{"category":"lower;leading","character":"Q","colour":"red"}},"osm_tags":{"seamark:light:category":"lower;leading","seamark:light:character":"Q","seamark:light:colour":"red","seamark:name":"Inre Redden nedre","seamark:type":"light_minor"}}},{"type":"Feature","geometry":{"type":"Point","coordinates":[14.5794826,56.038723]},"properties":{"osm_id":10893924779,"osm_type":"node","seamark_type":"light_minor","display_class":"OTHER","min_zoom":12,"importance":1,"name":"Inre Redden övre","ref":null,"common":{"name":"Inre Redden övre","type":"light_minor"},"children":{"light":{"category":"upper;leading","character":"Q","colour":"red"}},"osm_tags":{"seamark:light:category":"upper;leading","seamark:light:character":"Q","seamark:light:colour":"red","seamark:name":"Inre Redden övre","seamark:type":"light_minor"}}},{"type":"Feature","geometry":{"type":"Point","coordinates":[14.9745494,56.1429846]},"properties":{"osm_id":8647504702,"osm_type":"node","seamark_type":"light_minor","display_class":"OTHER","min_zoom":12,"importance":1,"name":"Joppö","ref":null,"common":{"type":"light_minor"},"children":{"light":{"category":"lower;leading","character":"Q","colour":"white","height":"4.4"}},"osm_tags":{"man_made":"lighthouse","name":"Joppö","seamark:light:category":"lower;leading","seamark:light:character":"Q","seamark:light:colour":"white","seamark:light:height":"4.4","seamark:type":"light_minor","wikidata":"Q64933074"}}},{"type":"Feature","geometry":{"type":"Point","coordinates":[14.8606667,56.0828333]},"properties":{"osm_id":3582208293,"osm_type":"node","seamark_type":"pilot_boarding","display_class":"OTHER","min_zoom":12,"importance":1,"name":"Karlshamn Outer","ref":null,"common":{"information":"Length > 180 m","name":"Karlshamn Outer","type":"pilot_boarding"},"children":{"pilot_boarding":{"category":"from_shore"}},"osm_tags":{"seamark:information":"Length > 180 m","seamark:name":"Karlshamn Outer","seamark:pilot_boarding:category":"from_shore","seamark:type":"pilot_boarding","source":"http://www.sjofartsverket.se/UfsPdf/487SV.pdf"}}},{"type":"Feature","geometry":{"type":"Point","coordinates":[14.8727223,56.1525261]},"properties":{"osm_id":2344346047,"osm_type":"node","seamark_type":"sea_area","display_class":"OTHER","min_zoom":12,"importance":1,"name":"Karlshamnsfjorden","ref":null,"common":{"name":"Karlshamnsfjorden","type":"sea_area"},"children":{"sea_area":{"category":"bay"}},"osm_tags":{"name":"Karlshamnsfjorden","natural":"bay","seamark:name":"Karlshamnsfjorden","seamark:sea_area:category":"bay","seamark:type":"sea_area"}}},{"type":"Feature","geometry":{"type":"Point","coordinates":[14.7759219,56.1561838]},"properties":{"osm_id":2343447621,"osm_type":"node","seamark_type":"sea_area","display_class":"OTHER","min_zoom":12,"importance":1,"name":"Klavaviken","ref":null,"common":{"name":"Klavaviken","type":"sea_area"},"children":{"sea_area":{"category":"bay"}},"osm_tags":{"name":"Klavaviken","natural":"bay","seamark:name":"Klavaviken","seamark:sea_area:category":"bay","seamark:type":"sea_area"}}},{"type":"Feature","geometry":{"type":"Point","coordinates":[14.8241167,56.1557146]},"properties":{"osm_id":1534553692,"osm_type":"node","seamark_type":"light_minor","display_class":"OTHER","min_zoom":12,"importance":1,"name":"Kolo","ref":null,"common":{"name":"Kolo","type":"light_minor"},"children":{"light":{"1:category":"lower","1:character":"Oc","1:colour":"red","1:height":"9","1:period":"6","1:range":"10","1:sector_end":"3","1:sector_start":"353","1:sequence":"4+(2)","2:category":"lower","2:character":"Oc","2:colour":"green","2:height":"9","2:period":"6","2:range":"9","2:sector_end":"9","2:sector_start":"3","2:sequence":"4+(2)","3:category":"lower","3:character":"Oc","3:colour":"white","3:height":"9","3:period":"6","3:range":"13","3:sector_end":"13","3:sector_start":"9","3:sequence":"4+(2)","4:category":"lower","4:character":"Oc","4:colour":"red","4:height":"9","4:period":"6","4:range":"10","4:sector_end":"16","4:sector_start":"13","4:sequence":"4+(2)","5:category":"lower","5:character":"Oc","5:colour":"green","5:height":"9","5:period":"6","5:range":"9","5:sector_end":"52","5:sector_start":"16","5:sequence":"4+(2)","6:category":"lower","6:character":"Oc","6:colour":"red","6:height":"9","6:period":"6","6:range":"10","6:sector_end":"103","6:sector_start":"52","6:sequence":"4+(2)","reference":"C 7527.2"}},"osm_tags":{"seamark:light:1:category":"lower","seamark:light:1:character":"Oc","seamark:light:1:colour":"red","seamark:light:1:height":"9","seamark:light:1:period":"6","seamark:light:1:range":"10","seamark:light:1:sector_end":"3","seamark:light:1:sector_start":"353","seamark:light:1:sequence":"4+(2)","seamark:light:2:category":"lower","seamark:light:2:character":"Oc","seamark:light:2:colour":"green","seamark:light:2:height":"9","seamark:light:2:period":"6","seamark:light:2:range":"9","seamark:light:2:sector_end":"9","seamark:light:2:sector_start":"3","seamark:light:2:sequence":"4+(2)","seamark:light:3:category":"lower","seamark:light:3:character":"Oc","seamark:light:3:colour":"white","seamark:light:3:height":"9","seamark:light:3:period":"6","seamark:light:3:range":"13","seamark:light:3:sector_end":"13","seamark:light:3:sector_start":"9","seamark:light:3:sequence":"4+(2)","seamark:light:4:category":"lower","seamark:light:4:character":"Oc","seamark:light:4:colour":"red","seamark:light:4:height":"9","seamark:light:4:period":"6","seamark:light:4:range":"10","seamark:light:4:sector_end":"16","seamark:light:4:sector_start":"13","seamark:light:4:sequence":"4+(2)","seamark:light:5:category":"lower","seamark:light:5:character":"Oc","seamark:light:5:colour":"green","seamark:light:5:height":"9","seamark:light:5:period":"6","seamark:light:5:range":"9","seamark:light:5:sector_end":"52","seamark:light:5:sector_start":"16","seamark:light:5:sequence":"4+(2)","seamark:light:6:category":"lower","seamark:light:6:character":"Oc","seamark:light:6:colour":"red","seamark:light:6:height":"9","seamark:light:6:period":"6","seamark:light:6:range":"10","seamark:light:6:sector_end":"103","seamark:light:6:sector_start":"52","seamark:light:6:sequence":"4+(2)","seamark:light:reference":"C 7527.2","seamark:name":"Kolo","seamark:type":"light_minor","source":"US NGA Pub. 116. 2011-07-07."}}},{"type":"Feature","geometry":{"type":"Point","coordinates":[14.8673333,56.1525]},"properties":{"osm_id":2165249770,"osm_type":"node","seamark_type":"buoy_lateral","display_class":"OTHER","min_zoom":12,"importance":1,"name":"Lassebådan","ref":null,"common":{"name":"Lassebådan","type":"buoy_lateral"},"children":{"buoy_lateral":{"category":"port","colour":"red","shape":"spar","system":"iala-a"},"light":{"character":"Q","colour":"red"}},"osm_tags":{"seamark:buoy_lateral:category":"port","seamark:buoy_lateral:colour":"red","seamark:buoy_lateral:shape":"spar","seamark:buoy_lateral:system":"iala-a","seamark:light:character":"Q","seamark:light:colour":"red","seamark:name":"Lassebådan","seamark:type":"buoy_lateral","source":"Ufs 2022:912"}}},{"type":"Feature","geometry":{"type":"Point","coordinates":[14.7805916,56.034885]},"properties":{"osm_id":1534554510,"osm_type":"node","seamark_type":"light_minor","display_class":"OTHER","min_zoom":12,"importance":1,"name":"Listershuvud","ref":null,"common":{"name":"Listershuvud","type":"light_minor"},"children":{"light":{"10:character":"Fl","10:colour":"green","10:group":"4","10:height":"12","10:period":"12","10:range":"5","10:sector_end":"17","10:sector_start":"4","1:character":"Fl","1:colour":"green","1:group":"4","1:height":"12","1:period":"12","1:range":"5","1:sector_end":"194.3","1:sector_start":"152","2:character":"Fl","2:colour":"white","2:group":"4","2:height":"12","2:period":"12","2:range":"9","2:sector_end":"207.7","2:sector_start":"194.3","3:character":"Fl","3:colour":"red","3:group":"4","3:height":"12","3:period":"12","3:range":"6","3:sector_end":"229","3:sector_start":"207.7","4:character":"Fl","4:colour":"green","4:group":"4","4:height":"12","4:period":"12","4:range":"5","4:sector_end":"246.9","4:sector_start":"229","5:character":"Fl","5:colour":"white","5:group":"4","5:height":"12","5:period":"12","5:range":"9","5:sector_end":"274.3","5:sector_start":"246.9","6:character":"Fl","6:colour":"red","6:group":"4","6:height":"12","6:period":"12","6:range":"6","6:sector_end":"286","6:sector_start":"274.3","7:character":"Fl","7:colour":"green","7:group":"4","7:height":"12","7:period":"12","7:range":"5","7:sector_end":"319","7:sector_start":"286","8:character":"Fl","8:colour":"white","8:group":"4","8:height":"12","8:period":"12","8:range":"9","8:sector_end":"349.5","8:sector_start":"319","9:character":"Fl","9:colour":"red","9:group":"4","9:height":"12","9:period":"12","9:range":"6","9:sector_end":"4","9:sector_start":"349.5","reference":"C 7534"}},"osm_tags":{"seamark:light:10:character":"Fl","seamark:light:10:colour":"green","seamark:light:10:group":"4","seamark:light:10:height":"12","seamark:light:10:period":"12","seamark:light:10:range":"5","seamark:light:10:sector_end":"17","seamark:light:10:sector_start":"4","seamark:light:1:character":"Fl","seamark:light:1:colour":"green","seamark:light:1:group":"4","seamark:light:1:height":"12","seamark:light:1:period":"12","seamark:light:1:range":"5","seamark:light:1:sector_end":"194.3","seamark:light:1:sector_start":"152","seamark:light:2:character":"Fl","seamark:light:2:colour":"white","seamark:light:2:group":"4","seamark:light:2:height":"12","seamark:light:2:period":"12","seamark:light:2:range":"9","seamark:light:2:sector_end":"207.7","seamark:light:2:sector_start":"194.3","seamark:light:3:character":"Fl","seamark:light:3:colour":"red","seamark:light:3:group":"4","seamark:light:3:height":"12","seamark:light:3:period":"12","seamark:light:3:range":"6","seamark:light:3:sector_end":"229","seamark:light:3:sector_start":"207.7","seamark:light:4:character":"Fl","seamark:light:4:colour":"green","seamark:light:4:group":"4","seamark:light:4:height":"12","seamark:light:4:period":"12","seamark:light:4:range":"5","seamark:light:4:sector_end":"246.9","seamark:light:4:sector_start":"229","seamark:light:5:character":"Fl","seamark:light:5:colour":"white","seamark:light:5:group":"4","seamark:light:5:height":"12","seamark:light:5:period":"12","seamark:light:5:range":"9","seamark:light:5:sector_end":"274.3","seamark:light:5:sector_start":"246.9","seamark:light:6:character":"Fl","seamark:light:6:colour":"red","seamark:light:6:group":"4","seamark:light:6:height":"12","seamark:light:6:period":"12","seamark:light:6:range":"6","seamark:light:6:sector_end":"286","seamark:light:6:sector_start":"274.3","seamark:light:7:character":"Fl","seamark:light:7:colour":"green","seamark:light:7:group":"4","seamark:light:7:height":"12","seamark:light:7:period":"12","seamark:light:7:range":"5","seamark:light:7:sector_end":"319","seamark:light:7:sector_start":"286","seamark:light:8:character":"Fl","seamark:light:8:colour":"white","seamark:light:8:group":"4","seamark:light:8:height":"12","seamark:light:8:period":"12","seamark:light:8:range":"9","seamark:light:8:sector_end":"349.5","seamark:light:8:sector_start":"319","seamark:light:9:character":"Fl","seamark:light:9:colour":"red","seamark:light:9:group":"4","seamark:light:9:height":"12","seamark:light:9:period":"12","seamark:light:9:range":"6","seamark:light:9:sector_end":"4","seamark:light:9:sector_start":"349.5","seamark:light:reference":"C 7534","seamark:name":"Listershuvud","seamark:type":"light_minor","source":"US NGA Pub. 116. 2011-07-07."}}},{"type":"Feature","geometry":{"type":"Point","coordinates":[14.7154367,56.1008937]},"properties":{"osm_id":1534554278,"osm_type":"node","seamark_type":"light_minor","display_class":"OTHER","min_zoom":12,"importance":1,"name":"Lorby Kladd","ref":null,"common":{"information":"Shown from April 1 to Sept. 30.Fishing light.","name":"Lorby Kladd","type":"light_minor"},"children":{"light":{"1:character":"Fl","1:colour":"white","1:height":"6","1:period":"4","1:range":"6","1:sector_end":"243","1:sector_start":"200","2:character":"Fl","2:colour":"red","2:height":"6","2:period":"4","2:range":"4","2:sector_end":"249","2:sector_start":"243","3:character":"Fl","3:colour":"green","3:height":"6","3:period":"4","3:range":"3","3:sector_end":"287","3:sector_start":"249","reference":"C 7528"}},"osm_tags":{"seamark:information":"Shown from April 1 to Sept. 30.Fishing light.","seamark:light:1:character":"Fl","seamark:light:1:colour":"white","seamark:light:1:height":"6","seamark:light:1:period":"4","seamark:light:1:range":"6","seamark:light:1:sector_end":"243","seamark:light:1:sector_start":"200","seamark:light:2:character":"Fl","seamark:light:2:colour":"red","seamark:light:2:height":"6","seamark:light:2:period":"4","seamark:light:2:range":"4","seamark:light:2:sector_end":"249","seamark:light:2:sector_start":"243","seamark:light:3:character":"Fl","seamark:light:3:colour":"green","seamark:light:3:height":"6","seamark:light:3:period":"4","seamark:light:3:range":"3","seamark:light:3:sector_end":"287","seamark:light:3:sector_start":"249","seamark:light:reference":"C 7528","seamark:name":"Lorby Kladd","seamark:type":"light_minor","source":"US NGA Pub. 116. 2011-07-07."}}},{"type":"Feature","geometry":{"type":"Point","coordinates":[14.6789447,56.0719695]},"properties":{"osm_id":2629936431,"osm_type":"node","seamark_type":"landmark","display_class":"OTHER","min_zoom":12,"importance":1,"name":"Lörby 1 Toke","ref":"1083-V-002-001","common":{"type":"landmark"},"children":{"landmark":{"category":"windmotor"},"light":{"category":"air_obstruction","character":"F","colour":"red"}},"osm_tags":{"generator:method":"wind_turbine","generator:output:electricity":"0.6 MW","generator:source":"wind","generator:type":"horizontal_axis","height":"87","height:hub":"65","manufacturer":"Enercon","model":"EC406","name":"Lörby 1 Toke","operator":"Eolus Vind AB","power":"generator","ref":"1083-V-002-001","rotor:diameter":"44","seamark:landmark:category":"windmotor","seamark:light:category":"air_obstruction","seamark:light:character":"F","seamark:light:colour":"red","seamark:type":"landmark","start_date":"2003-12-01"}}},{"type":"Feature","geometry":{"type":"Point","coordinates":[14.6751265,56.0726678]},"properties":{"osm_id":2629936437,"osm_type":"node","seamark_type":"landmark","display_class":"OTHER","min_zoom":12,"importance":1,"name":"Lörby 2 Krok","ref":"1083-V-006-001","common":{"type":"landmark"},"children":{"landmark":{"category":"windmotor"},"light":{"category":"air_obstruction","character":"F","colour":"red"}},"osm_tags":{"generator:method":"wind_turbine","generator:output:electricity":"0.6 MW","generator:source":"wind","generator:type":"horizontal_axis","height":"87","height:hub":"65","manufacturer":"Enercon","model":"EC406","name":"Lörby 2 Krok","operator":"Ekovind AB","power":"generator","ref":"1083-V-006-001","rotor:diameter":"44","seamark:landmark:category":"windmotor","seamark:light:category":"air_obstruction","seamark:light:character":"F","seamark:light:colour":"red","seamark:type":"landmark","start_date":"2003-12-01"}}},{"type":"Feature","geometry":{"type":"Point","coordinates":[14.6827685,56.0712716]},"properties":{"osm_id":2629936432,"osm_type":"node","seamark_type":"landmark","display_class":"OTHER","min_zoom":12,"importance":1,"name":"Lörby 3","ref":"1083-V-001-001","common":{"type":"landmark"},"children":{"landmark":{"category":"windmotor"},"light":{"category":"air_obstruction","character":"F","colour":"red"}},"osm_tags":{"generator:method":"wind_turbine","generator:output:electricity":"0.6 MW","generator:source":"wind","generator:type":"horizontal_axis","height":"87","height:hub":"65","manufacturer":"Enercon","model":"EC406","name":"Lörby 3","operator":"Projektör ej registrerad","power":"generator","ref":"1083-V-001-001","rotor:diameter":"44","seamark:landmark:category":"windmotor","seamark:light:category":"air_obstruction","seamark:light:character":"F","seamark:light:colour":"red","seamark:type":"landmark","start_date":"2003-01-01"}}},{"type":"Feature","geometry":{"type":"Point","coordinates":[14.6707184,56.070199]},"properties":{"osm_id":2629936422,"osm_type":"node","seamark_type":"landmark","display_class":"OTHER","min_zoom":12,"importance":1,"name":"Lörby 4 Lörby/Ysane","ref":"1083-V-005-001","common":{"type":"landmark"},"children":{"landmark":{"category":"windmotor"},"light":{"category":"air_obstruction","character":"F","colour":"red"}},"osm_tags":{"generator:method":"wind_turbine","generator:output:electricity":"0.8 MW","generator:source":"wind","generator:type":"horizontal_axis","height":"100","height:hub":"73","manufacturer":"Enercon","model":"EC53","name":"Lörby 4 Lörby/Ysane","operator":"Ekovind AB","power":"generator","ref":"1083-V-005-001","rotor:diameter":"53","seamark:landmark:category":"windmotor","seamark:light:category":"air_obstruction","seamark:light:character":"F","seamark:light:colour":"red","seamark:type":"landmark","start_date":"2010-01-01"}}},{"type":"Feature","geometry":{"type":"Point","coordinates":[14.6737,56.0687781]},"properties":{"osm_id":2629936438,"osm_type":"node","seamark_type":"landmark","display_class":"OTHER","min_zoom":12,"importance":1,"name":"Lörby 5 Lörby/Ysane","ref":"1083-V-004-001","common":{"type":"landmark"},"children":{"landmark":{"category":"windmotor"},"light":{"category":"air_obstruction","character":"F","colour":"red"}},"osm_tags":{"generator:method":"wind_turbine","generator:output:electricity":"0.8 MW","generator:source":"wind","generator:type":"horizontal_axis","height":"100","height:hub":"73","manufacturer":"Enercon","model":"EC53","name":"Lörby 5 Lörby/Ysane","operator":"Ekovind AB","power":"generator","ref":"1083-V-004-001","rotor:diameter":"53","seamark:landmark:category":"windmotor","seamark:light:category":"air_obstruction","seamark:light:character":"F","seamark:light:colour":"red","seamark:type":"landmark","start_date":"2010-01-01"}}},{"type":"Feature","geometry":{"type":"Point","coordinates":[14.6766717,56.0673515]},"properties":{"osm_id":2629936426,"osm_type":"node","seamark_type":"landmark","display_class":"OTHER","min_zoom":12,"importance":1,"name":"Lörby 6 Lörby/Ysane","ref":"1083-V-003-001","common":{"type":"landmark"},"children":{"landmark":{"category":"windmotor"},"light":{"category":"air_obstruction","character":"F","colour":"red"}},"osm_tags":{"generator:method":"wind_turbine","generator:output:electricity":"0.8 MW","generator:source":"wind","generator:type":"horizontal_axis","height":"100","height:hub":"73","manufacturer":"Enercon","model":"EC53","name":"Lörby 6 Lörby/Ysane","operator":"Blekinge Vindkraft Ekonomisk förening","power":"generator","ref":"1083-V-003-001","rotor:diameter":"53","seamark:landmark:category":"windmotor","seamark:light:category":"air_obstruction","seamark:light:character":"F","seamark:light:colour":"red","seamark:type":"landmark","start_date":"2010-01-01"}}},{"type":"Feature","geometry":{"type":"Point","coordinates":[14.6796632,56.0659278]},"properties":{"osm_id":2629936430,"osm_type":"node","seamark_type":"landmark","display_class":"OTHER","min_zoom":12,"importance":1,"name":"Lörby 7 Lörby/Ysane","ref":"1083-V-013-001","common":{"type":"landmark"},"children":{"landmark":{"category":"windmotor"},"light":{"category":"air_obstruction","character":"F","colour":"red"}},"osm_tags":{"generator:method":"wind_turbine","generator:output:electricity":"0.8 MW","generator:source":"wind","generator:type":"horizontal_axis","height":"100","height:hub":"73","manufacturer":"Enercon","model":"EC53","name":"Lörby 7 Lörby/Ysane","operator":"Ekovind AB","power":"generator","ref":"1083-V-013-001","rotor:diameter":"53","seamark:landmark:category":"windmotor","seamark:light:category":"air_obstruction","seamark:light:character":"F","seamark:light:colour":"red","seamark:type":"landmark","start_date":"2010-01-01"}}},{"type":"Feature","geometry":{"type":"Polygon","coordinates":[[[14.875924,56.1556553],[14.8759379,56.1556619],[14.8759382,56.1556721],[14.8759248,56.155679],[14.8759066,56.1556781],[14.8758961,56.1556708],[14.8758972,56.155662],[14.8759083,56.1556558],[14.875924,56.1556553]]]},"properties":{"osm_id":1210121949,"osm_type":"way","seamark_type":"light_minor","display_class":"OTHER","min_zoom":12,"importance":1,"name":"Ortholmen","ref":null,"common":{"name":"Ortholmen","type":"light_minor"},"children":{"light":{"1:character":"Fl","1:colour":"green","1:height":"6","1:period":"3","1:range":"7","1:sector_end":"336.5","1:sector_start":"323","2:character":"Fl","2:colour":"white","2:height":"6","2:period":"3","2:range":"11","2:sector_end":"359","2:sector_start":"336.5","3:character":"Fl","3:colour":"red","3:height":"6","3:period":"3","3:range":"8","3:sector_end":"13","3:sector_start":"359","4:character":"Fl","4:colour":"green","4:height":"6","4:period":"3","4:range":"7","4:sector_end":"143","4:sector_start":"13","5:character":"Fl","5:colour":"white","5:height":"6","5:period":"3","5:range":"11","5:sector_end":"149","5:sector_start":"143","6:character":"Fl","6:colour":"red","6:height":"6","6:period":"3","6:range":"8","6:sector_end":"163","6:sector_start":"149","reference":"C 7519"}},"osm_tags":{"man_made":"lighthouse","name":"Ortholmen","seamark:light:1:character":"Fl","seamark:light:1:colour":"green","seamark:light:1:height":"6","seamark:light:1:period":"3","seamark:light:1:range":"7","seamark:light:1:sector_end":"336.5","seamark:light:1:sector_start":"323","seamark:light:2:character":"Fl","seamark:light:2:colour":"white","seamark:light:2:height":"6","seamark:light:2:period":"3","seamark:light:2:range":"11","seamark:light:2:sector_end":"359","seamark:light:2:sector_start":"336.5","seamark:light:3:character":"Fl","seamark:light:3:colour":"red","seamark:light:3:height":"6","seamark:light:3:period":"3","seamark:light:3:range":"8","seamark:light:3:sector_end":"13","seamark:light:3:sector_start":"359","seamark:light:4:character":"Fl","seamark:light:4:colour":"green","seamark:light:4:height":"6","seamark:light:4:period":"3","seamark:light:4:range":"7","seamark:light:4:sector_end":"143","seamark:light:4:sector_start":"13","seamark:light:5:character":"Fl","seamark:light:5:colour":"white","seamark:light:5:height":"6","seamark:light:5:period":"3","seamark:light:5:range":"11","seamark:light:5:sector_end":"149","seamark:light:5:sector_start":"143","seamark:light:6:character":"Fl","seamark:light:6:colour":"red","seamark:light:6:height":"6","seamark:light:6:period":"3","seamark:light:6:range":"8","seamark:light:6:sector_end":"163","seamark:light:6:sector_start":"149","seamark:light:reference":"C 7519","seamark:name":"Ortholmen","seamark:type":"light_minor","source":"US NGA Pub. 116. 2011-07-07.","wikidata":"Q42792156"}}},{"type":"Feature","geometry":{"type":"Polygon","coordinates":[[[14.6989505,56.4693564],[14.6997877,56.4692622],[14.6994549,56.4683593],[14.6996293,56.4683397],[14.6994716,56.4679117],[14.6986646,56.4680025],[14.6988609,56.468535],[14.6986562,56.468558],[14.6989505,56.4693564]]]},"properties":{"osm_id":286342088,"osm_type":"way","seamark_type":"small_craft_facility","display_class":"OTHER","min_zoom":12,"importance":1,"name":"Ryds","ref":null,"common":{"name":"Ryds","type":"small_craft_facility"},"children":{"small_craft_facility":{"category":"boatyard"}},"osm_tags":{"building":"industrial","contact:website":"http://www.ryds.se","name":"Ryds","official_name":"Ryds Båtar AB","seamark:name":"Ryds","seamark:small_craft_facility:category":"boatyard","seamark:type":"small_craft_facility"}}},{"type":"Feature","geometry":{"type":"Point","coordinates":[14.907859,56.1575285]},"properties":{"osm_id":2344346054,"osm_type":"node","seamark_type":"sea_area","display_class":"OTHER","min_zoom":12,"importance":1,"name":"Sandviksfjorden","ref":null,"common":{"name":"Sandviksfjorden","type":"sea_area"},"children":{"sea_area":{"category":"bay"}},"osm_tags":{"name":"Sandviksfjorden","natural":"bay","seamark:name":"Sandviksfjorden","seamark:sea_area:category":"bay","seamark:type":"sea_area"}}},{"type":"Feature","geometry":{"type":"Point","coordinates":[14.58025,56.0299667]},"properties":{"osm_id":2176029075,"osm_type":"node","seamark_type":"buoy_lateral","display_class":"OTHER","min_zoom":12,"importance":1,"name":"Sbg 10","ref":null,"common":{"name":"Sbg 10","type":"buoy_lateral"},"children":{"buoy_lateral":{"category":"port","colour":"red","shape":"spar","system":"iala-a"},"light":{"character":"Fl","colour":"red","period":"2"}},"osm_tags":{"seamark:buoy_lateral:category":"port","seamark:buoy_lateral:colour":"red","seamark:buoy_lateral:shape":"spar","seamark:buoy_lateral:system":"iala-a","seamark:light:character":"Fl","seamark:light:colour":"red","seamark:light:period":"2","seamark:name":"Sbg 10","seamark:type":"buoy_lateral"}}},{"type":"Feature","geometry":{"type":"Point","coordinates":[14.5811628,56.0309527]},"properties":{"osm_id":2176029197,"osm_type":"node","seamark_type":"buoy_lateral","display_class":"OTHER","min_zoom":12,"importance":1,"name":"Sbg 11","ref":null,"common":{"name":"Sbg 11","type":"buoy_lateral"},"children":{"buoy_lateral":{"category":"starboard","colour":"green","shape":"spar","system":"iala-a"},"light":{"character":"Fl","colour":"green","period":"2"}},"osm_tags":{"seamark:buoy_lateral:category":"starboard","seamark:buoy_lateral:colour":"green","seamark:buoy_lateral:shape":"spar","seamark:buoy_lateral:system":"iala-a","seamark:light:character":"Fl","seamark:light:colour":"green","seamark:light:period":"2","seamark:name":"Sbg 11","seamark:type":"buoy_lateral"}}},{"type":"Feature","geometry":{"type":"Point","coordinates":[14.58155,56.0334833]},"properties":{"osm_id":10893924782,"osm_type":"node","seamark_type":"buoy_lateral","display_class":"OTHER","min_zoom":12,"importance":1,"name":"Sbg 12","ref":null,"common":{"name":"Sbg 12","type":"buoy_lateral"},"children":{"buoy_lateral":{"category":"port","colour":"red","shape":"spar","system":"iala-a"},"light":{"character":"Fl","colour":"red","period":"2"}},"osm_tags":{"seamark:buoy_lateral:category":"port","seamark:buoy_lateral:colour":"red","seamark:buoy_lateral:shape":"spar","seamark:buoy_lateral:system":"iala-a","seamark:light:character":"Fl","seamark:light:colour":"red","seamark:light:period":"2","seamark:name":"Sbg 12","seamark:type":"buoy_lateral"}}},{"type":"Feature","geometry":{"type":"Point","coordinates":[14.5824167,56.03305]},"properties":{"osm_id":2176029232,"osm_type":"node","seamark_type":"buoy_lateral","display_class":"OTHER","min_zoom":12,"importance":1,"name":"Sbg 13","ref":null,"common":{"name":"Sbg 13","type":"buoy_lateral"},"children":{"buoy_lateral":{"category":"starboard","colour":"green","shape":"spar","system":"iala-a"},"light":{"character":"Fl","colour":"green","period":"2"}},"osm_tags":{"seamark:buoy_lateral:category":"starboard","seamark:buoy_lateral:colour":"green","seamark:buoy_lateral:shape":"spar","seamark:buoy_lateral:system":"iala-a","seamark:light:character":"Fl","seamark:light:colour":"green","seamark:light:period":"2","seamark:name":"Sbg 13","seamark:type":"buoy_lateral"}}},{"type":"Feature","geometry":{"type":"Point","coordinates":[14.5843366,56.0380084]},"properties":{"osm_id":2176029482,"osm_type":"node","seamark_type":"buoy_lateral","display_class":"OTHER","min_zoom":12,"importance":1,"name":"Sbg 14","ref":null,"common":{"name":"Sbg 14","type":"buoy_lateral"},"children":{"buoy_lateral":{"category":"port","colour":"red","shape":"can","system":"iala-a"},"light":{"character":"Fl","colour":"red","period":"3"}},"osm_tags":{"seamark:buoy_lateral:category":"port","seamark:buoy_lateral:colour":"red","seamark:buoy_lateral:shape":"can","seamark:buoy_lateral:system":"iala-a","seamark:light:character":"Fl","seamark:light:colour":"red","seamark:light:period":"3","seamark:name":"Sbg 14","seamark:type":"buoy_lateral"}}},{"type":"Feature","geometry":{"type":"Point","coordinates":[14.5856554,56.0380039]},"properties":{"osm_id":2176029461,"osm_type":"node","seamark_type":"buoy_lateral","display_class":"OTHER","min_zoom":12,"importance":1,"name":"Sbg 15","ref":null,"common":{"name":"Sbg 15","type":"buoy_lateral"},"children":{"buoy_lateral":{"category":"starboard","colour":"green","shape":"conical","system":"iala-a"},"light":{"character":"Fl","colour":"green","period":"6"}},"osm_tags":{"seamark:buoy_lateral:category":"starboard","seamark:buoy_lateral:colour":"green","seamark:buoy_lateral:shape":"conical","seamark:buoy_lateral:system":"iala-a","seamark:light:character":"Fl","seamark:light:colour":"green","seamark:light:period":"6","seamark:name":"Sbg 15","seamark:type":"buoy_lateral"}}},{"type":"Feature","geometry":{"type":"Point","coordinates":[14.5847428,56.0467488]},"properties":{"osm_id":2176029697,"osm_type":"node","seamark_type":"light_minor","display_class":"OTHER","min_zoom":12,"importance":1,"name":"Sbg 16","ref":null,"common":{"name":"Sbg 16","type":"light_minor"},"children":{"light":{"character":"Fl","colour":"red","period":"3"}},"osm_tags":{"seamark:light:character":"Fl","seamark:light:colour":"red","seamark:light:period":"3","seamark:name":"Sbg 16","seamark:type":"light_minor"}}},{"type":"Feature","geometry":{"type":"Point","coordinates":[14.5847911,56.043917]},"properties":{"osm_id":2176029669,"osm_type":"node","seamark_type":"light_minor","display_class":"OTHER","min_zoom":12,"importance":1,"name":"Sbg 17","ref":null,"common":{"name":"Sbg 17","type":"light_minor"},"children":{"light":{"character":"Fl","colour":"green","period":"6"}},"osm_tags":{"seamark:light:character":"Fl","seamark:light:colour":"green","seamark:light:period":"6","seamark:name":"Sbg 17","seamark:type":"light_minor"}}},{"type":"Feature","geometry":{"type":"Point","coordinates":[14.5585,56.001]},"properties":{"osm_id":2176028280,"osm_type":"node","seamark_type":"buoy_lateral","display_class":"OTHER","min_zoom":12,"importance":1,"name":"Sbg 2","ref":null,"common":{"name":"Sbg 2","type":"buoy_lateral"},"children":{"buoy_lateral":{"category":"port","colour":"red","shape":"spar","system":"iala-a"},"light":{"character":"Fl","colour":"red","period":"2"}},"osm_tags":{"seamark:buoy_lateral:category":"port","seamark:buoy_lateral:colour":"red","seamark:buoy_lateral:shape":"spar","seamark:buoy_lateral:system":"iala-a","seamark:light:character":"Fl","seamark:light:colour":"red","seamark:light:period":"2","seamark:name":"Sbg 2","seamark:type":"buoy_lateral"}}},{"type":"Feature","geometry":{"type":"Point","coordinates":[14.5677694,56.0103808]},"properties":{"osm_id":2176028455,"osm_type":"node","seamark_type":"buoy_lateral","display_class":"OTHER","min_zoom":12,"importance":1,"name":"Sbg 3","ref":null,"common":{"name":"Sbg 3","type":"buoy_lateral"},"children":{"buoy_lateral":{"category":"starboard","colour":"green","shape":"spar","system":"iala-a"},"light":{"character":"Fl","colour":"green","period":"2"}},"osm_tags":{"seamark:buoy_lateral:category":"starboard","seamark:buoy_lateral:colour":"green","seamark:buoy_lateral:shape":"spar","seamark:buoy_lateral:system":"iala-a","seamark:light:character":"Fl","seamark:light:colour":"green","seamark:light:period":"2","seamark:name":"Sbg 3","seamark:type":"buoy_lateral"}}},{"type":"Feature","geometry":{"type":"Point","coordinates":[14.5730333,56.0178167]},"properties":{"osm_id":2176028647,"osm_type":"node","seamark_type":"buoy_lateral","display_class":"OTHER","min_zoom":12,"importance":1,"name":"Sbg 4","ref":null,"common":{"name":"Sbg 4","type":"buoy_lateral"},"children":{"buoy_lateral":{"category":"port","colour":"red","shape":"spar","system":"iala-a"},"light":{"character":"Fl","colour":"red","period":"2"}},"osm_tags":{"seamark:buoy_lateral:category":"port","seamark:buoy_lateral:colour":"red","seamark:buoy_lateral:shape":"spar","seamark:buoy_lateral:system":"iala-a","seamark:light:character":"Fl","seamark:light:colour":"red","seamark:light:period":"2","seamark:name":"Sbg 4","seamark:type":"buoy_lateral"}}},{"type":"Feature","geometry":{"type":"Point","coordinates":[14.57395,56.0176167]},"properties":{"osm_id":2176028615,"osm_type":"node","seamark_type":"buoy_lateral","display_class":"OTHER","min_zoom":12,"importance":1,"name":"Sbg 5","ref":null,"common":{"name":"Sbg 5","type":"buoy_lateral"},"children":{"buoy_lateral":{"category":"starboard","colour":"green","shape":"spar","system":"iala-a"},"light":{"character":"Fl","colour":"green","period":"2"}},"osm_tags":{"seamark:buoy_lateral:category":"starboard","seamark:buoy_lateral:colour":"green","seamark:buoy_lateral:shape":"spar","seamark:buoy_lateral:system":"iala-a","seamark:light:character":"Fl","seamark:light:colour":"green","seamark:light:period":"2","seamark:name":"Sbg 5","seamark:type":"buoy_lateral"}}},{"type":"Feature","geometry":{"type":"Point","coordinates":[14.5786871,56.0245059]},"properties":{"osm_id":2176028783,"osm_type":"node","seamark_type":"buoy_lateral","display_class":"OTHER","min_zoom":12,"importance":1,"name":"Sbg 6","ref":null,"common":{"name":"Sbg 6","type":"buoy_lateral"},"children":{"buoy_lateral":{"category":"port","colour":"red","shape":"spar","system":"iala-a"},"light":{"character":"Fl","colour":"red","period":"3"}},"osm_tags":{"seamark:buoy_lateral:category":"port","seamark:buoy_lateral:colour":"red","seamark:buoy_lateral:shape":"spar","seamark:buoy_lateral:system":"iala-a","seamark:light:character":"Fl","seamark:light:colour":"red","seamark:light:period":"3","seamark:name":"Sbg 6","seamark:type":"buoy_lateral"}}},{"type":"Feature","geometry":{"type":"Point","coordinates":[14.5797575,56.0241959]},"properties":{"osm_id":2176028857,"osm_type":"node","seamark_type":"buoy_lateral","display_class":"OTHER","min_zoom":12,"importance":1,"name":"Sbg 7","ref":null,"common":{"name":"Sbg 7","type":"buoy_lateral"},"children":{"buoy_lateral":{"category":"starboard","colour":"green","shape":"spar","system":"iala-a"},"light":{"character":"Fl","colour":"green","period":"2"}},"osm_tags":{"seamark:buoy_lateral:category":"starboard","seamark:buoy_lateral:colour":"green","seamark:buoy_lateral:shape":"spar","seamark:buoy_lateral:system":"iala-a","seamark:light:character":"Fl","seamark:light:colour":"green","seamark:light:period":"2","seamark:name":"Sbg 7","seamark:type":"buoy_lateral"}}},{"type":"Feature","geometry":{"type":"Point","coordinates":[14.580284,56.026474]},"properties":{"osm_id":2176028966,"osm_type":"node","seamark_type":"buoy_lateral","display_class":"OTHER","min_zoom":12,"importance":1,"name":"Sbg 8","ref":null,"common":{"name":"Sbg 8","type":"buoy_lateral"},"children":{"buoy_lateral":{"category":"port","colour":"red","shape":"spar","system":"iala-a"},"light":{"character":"Q","colour":"red"}},"osm_tags":{"seamark:buoy_lateral:category":"port","seamark:buoy_lateral:colour":"red","seamark:buoy_lateral:shape":"spar","seamark:buoy_lateral:system":"iala-a","seamark:light:character":"Q","seamark:light:colour":"red","seamark:name":"Sbg 8","seamark:type":"buoy_lateral"}}},{"type":"Feature","geometry":{"type":"Point","coordinates":[14.5816667,56.0263333]},"properties":{"osm_id":2176028913,"osm_type":"node","seamark_type":"buoy_lateral","display_class":"OTHER","min_zoom":12,"importance":1,"name":"Sbg 9","ref":null,"common":{"name":"Sbg 9","type":"buoy_lateral"},"children":{"buoy_lateral":{"category":"starboard","colour":"green","shape":"spar","system":"iala-a"},"light":{"character":"Fl","colour":"green","period":"2"}},"osm_tags":{"seamark:buoy_lateral:category":"starboard","seamark:buoy_lateral:colour":"green","seamark:buoy_lateral:shape":"spar","seamark:buoy_lateral:system":"iala-a","seamark:light:character":"Fl","seamark:light:colour":"green","seamark:light:period":"2","seamark:name":"Sbg 9","seamark:type":"buoy_lateral"}}},{"type":"Feature","geometry":{"type":"Point","coordinates":[14.825205,56.9205316]},"properties":{"osm_id":5126320497,"osm_type":"node","seamark_type":"rescue_station","display_class":"OTHER","min_zoom":12,"importance":1,"name":"Sjöräddningsstationen Kronoberg","ref":null,"common":{"type":"rescue_station"},"children":{"rescue_station":{"category":"lifeboat_on_mooring"}},"osm_tags":{"amenity":"lifeboat_station","branch":"Växjö","contact:email":"rs.kronoberg@ssrs.se","contact:facebook":"https://www.facebook.com/pg/SjoraddningssallskapetKronoberg/","contact:phone":"+46 76 631 77 26","contact:website":"https://www.sjoraddning.se/kronoberg","emergency":"water_rescue","lifeboat":"inshore","name":"Sjöräddningsstationen Kronoberg","opening_hours":"24/7","operator":"Sjöräddningssällskapet","operator:short":"SSRS","operator:wikidata":"Q1765275","operator:wikipedia":"sv:Sjöräddningssällskapet","seamark:rescue_station:category":"lifeboat_on_mooring","seamark:type":"rescue_station","website":"http://www.ssrs.se"}}},{"type":"Feature","geometry":{"type":"Point","coordinates":[14.7383413,56.1550901]},"properties":{"osm_id":1534554021,"osm_type":"node","seamark_type":"light_minor","display_class":"OTHER","min_zoom":12,"importance":1,"name":"Skapehale","ref":null,"common":{"information":"Fishing light.Shown from April 1 to October 15.","name":"Skapehale","type":"light_minor"},"children":{"light":{"character":"F","colour":"red","height":"6","range":"3","reference":"C 7527.6"}},"osm_tags":{"seamark:information":"Fishing light.Shown from April 1 to October 15.","seamark:light:character":"F","seamark:light:colour":"red","seamark:light:height":"6","seamark:light:range":"3","seamark:light:reference":"C 7527.6","seamark:name":"Skapehale","seamark:type":"light_minor","source":"US NGA Pub. 116. 2011-07-07."}}},{"type":"Feature","geometry":{"type":"Point","coordinates":[14.3826605,56.1116336]},"properties":{"osm_id":2083100650,"osm_type":"node","seamark_type":"harbour","display_class":"OTHER","min_zoom":12,"importance":1,"name":"Småbåtshamnen Ivön","ref":null,"common":{"type":"harbour"},"children":{"harbour":{"category":"marina"}},"osm_tags":{"leisure":"marina","name":"Småbåtshamnen Ivön","seamark:harbour:category":"marina","seamark:type":"harbour"}}},{"type":"Feature","geometry":{"type":"Point","coordinates":[14.8184002,56.122512]},"properties":{"osm_id":2165248313,"osm_type":"node","seamark_type":"buoy_cardinal","display_class":"OTHER","min_zoom":12,"importance":1,"name":"Stilleryd","ref":null,"common":{"name":"Stilleryd","type":"buoy_cardinal"},"children":{"buoy_cardinal":{"category":"west","colour":"yellow;black;yellow","colour_pattern":"horizontal","shape":"pillar"},"light":{"character":"Q","colour":"white","group":"9","period":"15"}},"osm_tags":{"seamark:buoy_cardinal:category":"west","seamark:buoy_cardinal:colour":"yellow;black;yellow","seamark:buoy_cardinal:colour_pattern":"horizontal","seamark:buoy_cardinal:shape":"pillar","seamark:light:character":"Q","seamark:light:colour":"white","seamark:light:group":"9","seamark:light:period":"15","seamark:name":"Stilleryd","seamark:type":"buoy_cardinal"}}},{"type":"Feature","geometry":{"type":"Point","coordinates":[14.8570157,56.1458679]},"properties":{"osm_id":1816477650,"osm_type":"node","seamark_type":"harbour","display_class":"OTHER","min_zoom":12,"importance":1,"name":"Stärnö Gästhamn","ref":null,"common":{"type":"harbour"},"children":{"harbour":{"category":"marina"}},"osm_tags":{"addr:city":"Karlshamn","addr:number":"14","addr:postcode":"374 31","addr:street":"Boövägen","leisure":"marina","mooring":"guests","name":"Stärnö Gästhamn","seamark:harbour:category":"marina","seamark:type":"harbour"}}},{"type":"Feature","geometry":{"type":"Point","coordinates":[14.8361983,56.1458651]},"properties":{"osm_id":2344194272,"osm_type":"node","seamark_type":"sea_area","display_class":"OTHER","min_zoom":12,"importance":1,"name":"Stärnö Sandvik","ref":null,"common":{"name":"Stärnö Sandvik","type":"sea_area"},"children":{"sea_area":{"category":"bay"}},"osm_tags":{"name":"Stärnö Sandvik","natural":"bay","seamark:name":"Stärnö Sandvik","seamark:sea_area:category":"bay","seamark:type":"sea_area","source":"ekonomiska kartan"}}},{"type":"Feature","geometry":{"type":"Point","coordinates":[14.5909756,56.0514679]},"properties":{"osm_id":1678950033,"osm_type":"node","seamark_type":"harbour","display_class":"OTHER","min_zoom":12,"importance":1,"name":"Sölvesborgs innerhamn","ref":null,"common":{"type":"harbour"},"children":{"harbour":{"category":"marina"}},"osm_tags":{"addr:city":"Sölvesborg","addr:housenumber":"2","addr:postcode":"294 31","addr:province":"Sölvesborg kommun","addr:street":"Hamngatan","leisure":"marina","mooring":"guest","name":"Sölvesborgs innerhamn","seamark:harbour:category":"marina","seamark:type":"harbour"}}},{"type":"Feature","geometry":{"type":"Point","coordinates":[14.9712833,56.1129837]},"properties":{"osm_id":1534553438,"osm_type":"node","seamark_type":"light_minor","display_class":"OTHER","min_zoom":12,"importance":1,"name":"Tarno","ref":null,"common":{"name":"Tarno","type":"light_minor"},"children":{"light":{"1:character":"Oc","1:colour":"green","1:height":"31","1:period":"10","1:range":"9","1:sector_end":"277","1:sector_start":"240","1:sequence":"8+(2)","2:character":"Oc","2:colour":"white","2:height":"31","2:period":"10","2:range":"13","2:sector_end":"354","2:sector_start":"277","2:sequence":"8+(2)","3:character":"Oc","3:colour":"red","3:height":"31","3:period":"10","3:range":"10","3:sector_end":"26.5","3:sector_start":"354","3:sequence":"8+(2)","4:character":"Oc","4:colour":"green","4:height":"31","4:period":"10","4:range":"9","4:sector_end":"41.5","4:sector_start":"26.5","4:sequence":"8+(2)","5:character":"Oc","5:colour":"white","5:height":"31","5:period":"10","5:range":"13","5:sector_end":"44","5:sector_start":"41.5","5:sequence":"8+(2)","6:character":"Oc","6:colour":"red","6:height":"31","6:period":"10","6:range":"10","6:sector_end":"98","6:sector_start":"44","6:sequence":"8+(2)","7:character":"Oc","7:colour":"green","7:height":"31","7:period":"10","7:range":"9","7:sector_end":"135","7:sector_start":"98","7:sequence":"8+(2)","reference":"C 7514"}},"osm_tags":{"man_made":"lighthouse","name":"Fyren","seamark:light:1:character":"Oc","seamark:light:1:colour":"green","seamark:light:1:height":"31","seamark:light:1:period":"10","seamark:light:1:range":"9","seamark:light:1:sector_end":"277","seamark:light:1:sector_start":"240","seamark:light:1:sequence":"8+(2)","seamark:light:2:character":"Oc","seamark:light:2:colour":"white","seamark:light:2:height":"31","seamark:light:2:period":"10","seamark:light:2:range":"13","seamark:light:2:sector_end":"354","seamark:light:2:sector_start":"277","seamark:light:2:sequence":"8+(2)","seamark:light:3:character":"Oc","seamark:light:3:colour":"red","seamark:light:3:height":"31","seamark:light:3:period":"10","seamark:light:3:range":"10","seamark:light:3:sector_end":"26.5","seamark:light:3:sector_start":"354","seamark:light:3:sequence":"8+(2)","seamark:light:4:character":"Oc","seamark:light:4:colour":"green","seamark:light:4:height":"31","seamark:light:4:period":"10","seamark:light:4:range":"9","seamark:light:4:sector_end":"41.5","seamark:light:4:sector_start":"26.5","seamark:light:4:sequence":"8+(2)","seamark:light:5:character":"Oc","seamark:light:5:colour":"white","seamark:light:5:height":"31","seamark:light:5:period":"10","seamark:light:5:range":"13","seamark:light:5:sector_end":"44","seamark:light:5:sector_start":"41.5","seamark:light:5:sequence":"8+(2)","seamark:light:6:character":"Oc","seamark:light:6:colour":"red","seamark:light:6:height":"31","seamark:light:6:period":"10","seamark:light:6:range":"10","seamark:light:6:sector_end":"98","seamark:light:6:sector_start":"44","seamark:light:6:sequence":"8+(2)","seamark:light:7:character":"Oc","seamark:light:7:colour":"green","seamark:light:7:height":"31","seamark:light:7:period":"10","seamark:light:7:range":"9","seamark:light:7:sector_end":"135","seamark:light:7:sector_start":"98","seamark:light:7:sequence":"8+(2)","seamark:light:reference":"C 7514","seamark:name":"Tarno","seamark:type":"light_minor","source":"US NGA Pub. 116. 2011-07-07.","wikidata":"Q39921092"}}},{"type":"Feature","geometry":{"type":"Point","coordinates":[14.9816333,56.1238834]},"properties":{"osm_id":1534553498,"osm_type":"node","seamark_type":"light_minor","display_class":"OTHER","min_zoom":12,"importance":1,"name":"Tarno Ostra","ref":null,"common":{"name":"Tarno Ostra","type":"light_minor"},"children":{"light":{"1:character":"F","1:colour":"red","1:height":"5","1:range":"5","1:sector_end":"99","1:sector_start":"85","1:visibility":"unintensified","2:character":"F","2:colour":"green","2:height":"5","2:range":"4","2:sector_end":"129","2:sector_start":"99","2:visibility":"unintensified","3:character":"F","3:colour":"red","3:height":"5","3:range":"5","3:sector_end":"142","3:sector_start":"129","3:visibility":"unintensified","4:character":"F","4:colour":"green","4:height":"5","4:range":"4","4:sector_end":"175","4:sector_start":"142","4:visibility":"unintensified","5:character":"F","5:colour":"red","5:height":"5","5:range":"5","5:sector_end":"179","5:sector_start":"175","5:visibility":"unintensified","6:character":"F","6:colour":"green","6:height":"5","6:range":"4","6:sector_end":"262","6:sector_start":"179","6:visibility":"unintensified","7:character":"F","7:colour":"green","7:height":"5","7:range":"4","7:sector_end":"291","7:sector_start":"262","8:character":"F","8:colour":"white","8:height":"5","8:range":"7","8:sector_end":"333","8:sector_start":"291","9:character":"F","9:colour":"red","9:height":"5","9:range":"5","9:sector_end":"352","9:sector_start":"333","reference":"C 7516"}},"osm_tags":{"man_made":"lighthouse","seamark:light:1:character":"F","seamark:light:1:colour":"red","seamark:light:1:height":"5","seamark:light:1:range":"5","seamark:light:1:sector_end":"99","seamark:light:1:sector_start":"85","seamark:light:1:visibility":"unintensified","seamark:light:2:character":"F","seamark:light:2:colour":"green","seamark:light:2:height":"5","seamark:light:2:range":"4","seamark:light:2:sector_end":"129","seamark:light:2:sector_start":"99","seamark:light:2:visibility":"unintensified","seamark:light:3:character":"F","seamark:light:3:colour":"red","seamark:light:3:height":"5","seamark:light:3:range":"5","seamark:light:3:sector_end":"142","seamark:light:3:sector_start":"129","seamark:light:3:visibility":"unintensified","seamark:light:4:character":"F","seamark:light:4:colour":"green","seamark:light:4:height":"5","seamark:light:4:range":"4","seamark:light:4:sector_end":"175","seamark:light:4:sector_start":"142","seamark:light:4:visibility":"unintensified","seamark:light:5:character":"F","seamark:light:5:colour":"red","seamark:light:5:height":"5","seamark:light:5:range":"5","seamark:light:5:sector_end":"179","seamark:light:5:sector_start":"175","seamark:light:5:visibility":"unintensified","seamark:light:6:character":"F","seamark:light:6:colour":"green","seamark:light:6:height":"5","seamark:light:6:range":"4","seamark:light:6:sector_end":"262","seamark:light:6:sector_start":"179","seamark:light:6:visibility":"unintensified","seamark:light:7:character":"F","seamark:light:7:colour":"green","seamark:light:7:height":"5","seamark:light:7:range":"4","seamark:light:7:sector_end":"291","seamark:light:7:sector_start":"262","seamark:light:8:character":"F","seamark:light:8:colour":"white","seamark:light:8:height":"5","seamark:light:8:range":"7","seamark:light:8:sector_end":"333","seamark:light:8:sector_start":"291","seamark:light:9:character":"F","seamark:light:9:colour":"red","seamark:light:9:height":"5","seamark:light:9:range":"5","seamark:light:9:sector_end":"352","seamark:light:9:sector_start":"333","seamark:light:reference":"C 7516","seamark:name":"Tarno Ostra","seamark:type":"light_minor","source":"US NGA Pub. 116. 2011-07-07.","wikidata":"Q39922475"}}},{"type":"Feature","geometry":{"type":"Point","coordinates":[14.9059692,56.1628078]},"properties":{"osm_id":2344346068,"osm_type":"node","seamark_type":"sea_area","display_class":"OTHER","min_zoom":12,"importance":1,"name":"Tegelbruksviken","ref":null,"common":{"name":"Tegelbruksviken","type":"sea_area"},"children":{"sea_area":{"category":"bay"}},"osm_tags":{"name":"Tegelbruksviken","natural":"bay","seamark:name":"Tegelbruksviken","seamark:sea_area:category":"bay","seamark:type":"sea_area","source":"ekonomiska kartan"}}},{"type":"Feature","geometry":{"type":"Point","coordinates":[14.5351905,56.0008978]},"properties":{"osm_id":1534608228,"osm_type":"node","seamark_type":"light_minor","display_class":"OTHER","min_zoom":12,"importance":1,"name":"Tunoren","ref":null,"common":{"name":"Tunoren","type":"light_minor"},"children":{"light":{"1:character":"Iso","1:colour":"green","1:height":"9","1:period":"4","1:range":"4","1:sector_end":"308.3","1:sector_start":"204","2:character":"Iso","2:colour":"white","2:height":"9","2:period":"4","2:range":"7","2:sector_end":"318.5","2:sector_start":"308.3","3:character":"Iso","3:colour":"red","3:height":"9","3:period":"4","3:range":"5","3:sector_end":"356","3:sector_start":"318.5","4:character":"Iso","4:colour":"green","4:height":"9","4:period":"4","4:range":"4","4:sector_end":"118.8","4:sector_start":"356","5:character":"Iso","5:colour":"white","5:height":"9","5:period":"4","5:range":"7","5:sector_end":"131","5:sector_start":"118.8","6:character":"Iso","6:colour":"red","6:height":"9","6:period":"4","6:range":"5","6:sector_end":"204","6:sector_start":"131","reference":"C 7552"}},"osm_tags":{"man_made":"lighthouse","seamark:light:1:character":"Iso","seamark:light:1:colour":"green","seamark:light:1:height":"9","seamark:light:1:period":"4","seamark:light:1:range":"4","seamark:light:1:sector_end":"308.3","seamark:light:1:sector_start":"204","seamark:light:2:character":"Iso","seamark:light:2:colour":"white","seamark:light:2:height":"9","seamark:light:2:period":"4","seamark:light:2:range":"7","seamark:light:2:sector_end":"318.5","seamark:light:2:sector_start":"308.3","seamark:light:3:character":"Iso","seamark:light:3:colour":"red","seamark:light:3:height":"9","seamark:light:3:period":"4","seamark:light:3:range":"5","seamark:light:3:sector_end":"356","seamark:light:3:sector_start":"318.5","seamark:light:4:character":"Iso","seamark:light:4:colour":"green","seamark:light:4:height":"9","seamark:light:4:period":"4","seamark:light:4:range":"4","seamark:light:4:sector_end":"118.8","seamark:light:4:sector_start":"356","seamark:light:5:character":"Iso","seamark:light:5:colour":"white","seamark:light:5:height":"9","seamark:light:5:period":"4","seamark:light:5:range":"7","seamark:light:5:sector_end":"131","seamark:light:5:sector_start":"118.8","seamark:light:6:character":"Iso","seamark:light:6:colour":"red","seamark:light:6:height":"9","seamark:light:6:period":"4","seamark:light:6:range":"5","seamark:light:6:sector_end":"204","seamark:light:6:sector_start":"131","seamark:light:reference":"C 7552","seamark:name":"Tunoren","seamark:type":"light_minor","source":"US NGA Pub. 116. 2011-07-07.","wikidata":"Q42706403"}}},{"type":"Feature","geometry":{"type":"Point","coordinates":[14.9745738,56.1217699]},"properties":{"osm_id":8610864392,"osm_type":"node","seamark_type":"harbour","display_class":"OTHER","min_zoom":12,"importance":1,"name":"Tärnö Naturhamn","ref":null,"common":{"type":"harbour"},"children":{"harbour":{"category":"marina"}},"osm_tags":{"addr:city":"Trensum","addr:postcode":"374 94","leisure":"marina","mooring":"guests","name":"Tärnö Naturhamn","seamark:harbour:category":"marina","seamark:type":"harbour"}}},{"type":"Feature","geometry":{"type":"Point","coordinates":[14.9641739,56.1214071]},"properties":{"osm_id":8610864391,"osm_type":"node","seamark_type":"harbour","display_class":"OTHER","min_zoom":12,"importance":1,"name":"Tärnö gästhamn","ref":null,"common":{"type":"harbour"},"children":{"harbour":{"category":"marina"}},"osm_tags":{"capacity":"12","leisure":"marina","name":"Tärnö gästhamn","seamark:harbour:category":"marina","seamark:type":"harbour"}}},{"type":"Feature","geometry":{"type":"Point","coordinates":[14.583578,56.046966]},"properties":{"osm_id":10893924773,"osm_type":"node","seamark_type":"light_minor","display_class":"OTHER","min_zoom":12,"importance":1,"name":"Varvsrännan nedre","ref":null,"common":{"name":"Varvsrännan nedre","type":"light_minor"},"children":{"light":{"category":"lower","character":"F","colour":"red"}},"osm_tags":{"seamark:light:category":"lower","seamark:light:character":"F","seamark:light:colour":"red","seamark:name":"Varvsrännan nedre","seamark:type":"light_minor"}}},{"type":"Feature","geometry":{"type":"Point","coordinates":[14.583492,56.047571]},"properties":{"osm_id":10893924772,"osm_type":"node","seamark_type":"light_minor","display_class":"OTHER","min_zoom":12,"importance":1,"name":"Varvsrännan övre","ref":null,"common":{"name":"Varvsrännan övre","type":"light_minor"},"children":{"light":{"category":"upper","character":"F","colour":"red"}},"osm_tags":{"seamark:light:category":"upper","seamark:light:character":"F","seamark:light:colour":"red","seamark:name":"Varvsrännan övre","seamark:type":"light_minor"}}},{"type":"Feature","geometry":{"type":"Point","coordinates":[14.8850937,56.1549448]},"properties":{"osm_id":1534553219,"osm_type":"node","seamark_type":"light_minor","display_class":"OTHER","min_zoom":12,"importance":1,"name":"Vägga","ref":null,"common":{"name":"Vägga","type":"light_minor"},"children":{"light":{"1:character":"Fl","1:colour":"green","1:group":"2","1:height":"3","1:period":"4","1:range":"5","1:sector_end":"344","1:sector_start":"338","2:character":"Fl","2:colour":"white","2:group":"2","2:height":"3","2:period":"4","2:range":"8","2:sector_end":"354","2:sector_start":"344","3:character":"Fl","3:colour":"red","3:group":"2","3:height":"3","3:period":"4","3:range":"6","3:sector_end":"0","3:sector_start":"354","4:character":"Fl","4:colour":"white","4:group":"2","4:height":"3","4:period":"4","4:range":"8","4:sector_start":"0","4:visibility":"unintensified","reference":"C 7518"}},"osm_tags":{"seamark:light:1:character":"Fl","seamark:light:1:colour":"green","seamark:light:1:group":"2","seamark:light:1:height":"3","seamark:light:1:period":"4","seamark:light:1:range":"5","seamark:light:1:sector_end":"344","seamark:light:1:sector_start":"338","seamark:light:2:character":"Fl","seamark:light:2:colour":"white","seamark:light:2:group":"2","seamark:light:2:height":"3","seamark:light:2:period":"4","seamark:light:2:range":"8","seamark:light:2:sector_end":"354","seamark:light:2:sector_start":"344","seamark:light:3:character":"Fl","seamark:light:3:colour":"red","seamark:light:3:group":"2","seamark:light:3:height":"3","seamark:light:3:period":"4","seamark:light:3:range":"6","seamark:light:3:sector_end":"0","seamark:light:3:sector_start":"354","seamark:light:4:character":"Fl","seamark:light:4:colour":"white","seamark:light:4:group":"2","seamark:light:4:height":"3","seamark:light:4:period":"4","seamark:light:4:range":"8","seamark:light:4:sector_start":"0","seamark:light:4:visibility":"unintensified","seamark:light:reference":"C 7518","seamark:name":"Vägga","seamark:type":"light_minor","source":"US NGA Pub. 116. 2011-07-07."}}},{"type":"Feature","geometry":{"type":"Point","coordinates":[14.8851683,56.1521343]},"properties":{"osm_id":1534553131,"osm_type":"node","seamark_type":"light_minor","display_class":"OTHER","min_zoom":12,"importance":1,"name":"Vägga Södra","ref":null,"common":{"name":"Vägga Södra","type":"light_minor"},"children":{"light":{"1:character":"Fl","1:colour":"red","1:group":"3","1:height":"5","1:period":"9","1:range":"4","1:sector_end":"120","1:sector_start":"9","2:character":"Fl","2:colour":"white","2:group":"3","2:height":"5","2:period":"9","2:range":"6","2:sector_end":"224","2:sector_start":"120","3:character":"Fl","3:colour":"red","3:group":"3","3:height":"5","3:period":"9","3:range":"4","3:sector_end":"309","3:sector_start":"224","4:character":"Fl","4:colour":"green","4:group":"3","4:height":"5","4:period":"9","4:range":"3","4:sector_end":"348","4:sector_start":"309","5:character":"Fl","5:colour":"white","5:group":"3","5:height":"5","5:period":"9","5:range":"6","5:sector_end":"9","5:sector_start":"348","reference":"C 7517"}},"osm_tags":{"seamark:light:1:character":"Fl","seamark:light:1:colour":"red","seamark:light:1:group":"3","seamark:light:1:height":"5","seamark:light:1:period":"9","seamark:light:1:range":"4","seamark:light:1:sector_end":"120","seamark:light:1:sector_start":"9","seamark:light:2:character":"Fl","seamark:light:2:colour":"white","seamark:light:2:group":"3","seamark:light:2:height":"5","seamark:light:2:period":"9","seamark:light:2:range":"6","seamark:light:2:sector_end":"224","seamark:light:2:sector_start":"120","seamark:light:3:character":"Fl","seamark:light:3:colour":"red","seamark:light:3:group":"3","seamark:light:3:height":"5","seamark:light:3:period":"9","seamark:light:3:range":"4","seamark:light:3:sector_end":"309","seamark:light:3:sector_start":"224","seamark:light:4:character":"Fl","seamark:light:4:colour":"green","seamark:light:4:group":"3","seamark:light:4:height":"5","seamark:light:4:period":"9","seamark:light:4:range":"3","seamark:light:4:sector_end":"348","seamark:light:4:sector_start":"309","seamark:light:5:character":"Fl","seamark:light:5:colour":"white","seamark:light:5:group":"3","seamark:light:5:height":"5","seamark:light:5:period":"9","seamark:light:5:range":"6","seamark:light:5:sector_end":"9","seamark:light:5:sector_start":"348","seamark:light:reference":"C 7517","seamark:name":"Vägga Södra","seamark:type":"light_minor","source":"US NGA Pub. 116. 2011-07-07."}}},{"type":"Feature","geometry":{"type":"Point","coordinates":[14.8376367,56.1351886]},"properties":{"osm_id":2344199106,"osm_type":"node","seamark_type":"sea_area","display_class":"OTHER","min_zoom":12,"importance":1,"name":"Östra Hålavik","ref":null,"common":{"name":"Östra Hålavik","type":"sea_area"},"children":{"sea_area":{"category":"bay"}},"osm_tags":{"name":"Östra Hålavik","natural":"bay","seamark:name":"Östra Hålavik","seamark:sea_area:category":"bay","seamark:type":"sea_area","source":"ekonomiska kartan"}}}],"type":"FeatureCollection"}