{"type":"FeatureCollection","features":[{"type":"Feature","geometry":{"type":"Point","coordinates":[31.2314512,62.645091]},"properties":{"osm_id":9208037855,"osm_type":"node","seamark_type":"beacon_special_purpose","display_class":"BEACON","min_zoom":9,"importance":4,"name":"Hautaniemi alempi","ref":null,"common":{"name":"Hautaniemi alempi","type":"beacon_special_purpose"},"children":{"beacon_special_purpose":{"category":"leading"}},"osm_tags":{"ref:vayla":"56913","seamark:beacon_special_purpose:category":"leading","seamark:name":"Hautaniemi alempi","seamark:type":"beacon_special_purpose"}}},{"type":"Feature","geometry":{"type":"Point","coordinates":[31.2338606,62.6439437]},"properties":{"osm_id":9208037875,"osm_type":"node","seamark_type":"beacon_special_purpose","display_class":"BEACON","min_zoom":9,"importance":4,"name":"Hautaniemi ylempi","ref":null,"common":{"name":"Hautaniemi ylempi","type":"beacon_special_purpose"},"children":{"beacon_special_purpose":{"category":"leading"}},"osm_tags":{"ref:vayla":"56914","seamark:beacon_special_purpose:category":"leading","seamark:name":"Hautaniemi ylempi","seamark:type":"beacon_special_purpose"}}},{"type":"Feature","geometry":{"type":"Point","coordinates":[31.1944191,62.6696992]},"properties":{"osm_id":9208037865,"osm_type":"node","seamark_type":"beacon_special_purpose","display_class":"BEACON","min_zoom":9,"importance":4,"name":"Hölkönranta alempi","ref":null,"common":{"name":"Hölkönranta alempi","type":"beacon_special_purpose"},"children":{"beacon_special_purpose":{"category":"leading"}},"osm_tags":{"ref:vayla":"56908","seamark:beacon_special_purpose:category":"leading","seamark:name":"Hölkönranta alempi","seamark:type":"beacon_special_purpose"}}},{"type":"Feature","geometry":{"type":"Point","coordinates":[31.1948376,62.6697199]},"properties":{"osm_id":9208037851,"osm_type":"node","seamark_type":"beacon_special_purpose","display_class":"BEACON","min_zoom":9,"importance":4,"name":"Hölkönranta ylempi","ref":null,"common":{"name":"Hölkönranta ylempi","type":"beacon_special_purpose"},"children":{"beacon_special_purpose":{"category":"leading"}},"osm_tags":{"ref:vayla":"56909","seamark:beacon_special_purpose:category":"leading","seamark:name":"Hölkönranta ylempi","seamark:type":"beacon_special_purpose"}}},{"type":"Feature","geometry":{"type":"Point","coordinates":[31.1957047,62.6609699]},"properties":{"osm_id":9208037894,"osm_type":"node","seamark_type":"beacon_special_purpose","display_class":"BEACON","min_zoom":9,"importance":4,"name":"Ihalansaari","ref":null,"common":{"name":"Ihalansaari","type":"beacon_special_purpose"},"children":{"beacon_special_purpose":{"shape":"cairn"}},"osm_tags":{"ref:vayla":"56915","seamark:beacon_special_purpose:shape":"cairn","seamark:name":"Ihalansaari","seamark:type":"beacon_special_purpose"}}},{"type":"Feature","geometry":{"type":"Point","coordinates":[31.0706759,62.685123]},"properties":{"osm_id":9208037892,"osm_type":"node","seamark_type":"beacon_special_purpose","display_class":"BEACON","min_zoom":9,"importance":4,"name":"Kaulasaari","ref":null,"common":{"name":"Kaulasaari","type":"beacon_special_purpose"},"children":{"beacon_special_purpose":{"shape":"cairn"}},"osm_tags":{"ref:vayla":"56959","seamark:beacon_special_purpose:shape":"cairn","seamark:name":"Kaulasaari","seamark:type":"beacon_special_purpose"}}},{"type":"Feature","geometry":{"type":"Point","coordinates":[31.1700434,62.6590758]},"properties":{"osm_id":9208041361,"osm_type":"node","seamark_type":"beacon_special_purpose","display_class":"BEACON","min_zoom":9,"importance":4,"name":"Kääntämänsaari","ref":null,"common":{"name":"Kääntämänsaari","type":"beacon_special_purpose"},"children":{"beacon_special_purpose":{"shape":"cairn"}},"osm_tags":{"ref:vayla":"56869","seamark:beacon_special_purpose:shape":"cairn","seamark:name":"Kääntämänsaari","seamark:type":"beacon_special_purpose"}}},{"type":"Feature","geometry":{"type":"Point","coordinates":[31.0632245,62.6530519]},"properties":{"osm_id":9208041325,"osm_type":"node","seamark_type":"beacon_special_purpose","display_class":"BEACON","min_zoom":9,"importance":4,"name":"Ruhkaranta","ref":null,"common":{"name":"Ruhkaranta","type":"beacon_special_purpose"},"children":{"beacon_special_purpose":{"shape":"cairn"}},"osm_tags":{"ref:vayla":"56971","seamark:beacon_special_purpose:shape":"cairn","seamark:name":"Ruhkaranta","seamark:type":"beacon_special_purpose"}}},{"type":"Feature","geometry":{"type":"Point","coordinates":[31.1954402,62.6257324]},"properties":{"osm_id":9208037908,"osm_type":"node","seamark_type":"beacon_special_purpose","display_class":"BEACON","min_zoom":9,"importance":4,"name":"Urtonsaari alempi","ref":null,"common":{"name":"Urtonsaari alempi","type":"beacon_special_purpose"},"children":{"beacon_special_purpose":{"category":"leading"}},"osm_tags":{"ref:vayla":"56876","seamark:beacon_special_purpose:category":"leading","seamark:name":"Urtonsaari alempi","seamark:type":"beacon_special_purpose"}}},{"type":"Feature","geometry":{"type":"Point","coordinates":[31.1955265,62.6256016]},"properties":{"osm_id":9208037858,"osm_type":"node","seamark_type":"beacon_special_purpose","display_class":"BEACON","min_zoom":9,"importance":4,"name":"Urtonsaari ylempi","ref":null,"common":{"name":"Urtonsaari ylempi","type":"beacon_special_purpose"},"children":{"beacon_special_purpose":{"category":"leading"}},"osm_tags":{"ref:vayla":"56877","seamark:beacon_special_purpose:category":"leading","seamark:name":"Urtonsaari ylempi","seamark:type":"beacon_special_purpose"}}},{"type":"Feature","geometry":{"type":"Point","coordinates":[31.2305264,62.6458798]},"properties":{"osm_id":9208037842,"osm_type":"node","seamark_type":"buoy_lateral","display_class":"OTHER","min_zoom":12,"importance":1,"name":null,"ref":null,"common":{"type":"buoy_lateral"},"children":{"buoy_lateral":{"category":"port","colour":"red","shape":"spar","system":"iala-a"},"topmark":{"colour":"red","shape":"cylinder"}},"osm_tags":{"ref:vayla":"56920","seamark:buoy_lateral:category":"port","seamark:buoy_lateral:colour":"red","seamark:buoy_lateral:shape":"spar","seamark:buoy_lateral:system":"iala-a","seamark:topmark:colour":"red","seamark:topmark:shape":"cylinder","seamark:type":"buoy_lateral"}}},{"type":"Feature","geometry":{"type":"Point","coordinates":[31.0323886,62.7188069]},"properties":{"osm_id":9208037844,"osm_type":"node","seamark_type":"buoy_lateral","display_class":"OTHER","min_zoom":12,"importance":1,"name":null,"ref":null,"common":{"type":"buoy_lateral"},"children":{"buoy_lateral":{"category":"starboard","colour":"green","shape":"spar","system":"iala-a"},"topmark":{"colour":"green","shape":"cone, point up"}},"osm_tags":{"ref:vayla":"56857","seamark:buoy_lateral:category":"starboard","seamark:buoy_lateral:colour":"green","seamark:buoy_lateral:shape":"spar","seamark:buoy_lateral:system":"iala-a","seamark:topmark:colour":"green","seamark:topmark:shape":"cone, point up","seamark:type":"buoy_lateral"}}},{"type":"Feature","geometry":{"type":"Point","coordinates":[31.1962691,62.6615169]},"properties":{"osm_id":9208037845,"osm_type":"node","seamark_type":"buoy_lateral","display_class":"OTHER","min_zoom":12,"importance":1,"name":null,"ref":null,"common":{"type":"buoy_lateral"},"children":{"buoy_lateral":{"category":"starboard","colour":"green","shape":"spar","system":"iala-a"},"topmark":{"colour":"green","shape":"cone, point up"}},"osm_tags":{"ref:vayla":"56912","seamark:buoy_lateral:category":"starboard","seamark:buoy_lateral:colour":"green","seamark:buoy_lateral:shape":"spar","seamark:buoy_lateral:system":"iala-a","seamark:topmark:colour":"green","seamark:topmark:shape":"cone, point up","seamark:type":"buoy_lateral"}}},{"type":"Feature","geometry":{"type":"Point","coordinates":[31.0514439,62.7122993]},"properties":{"osm_id":9208037847,"osm_type":"node","seamark_type":"buoy_cardinal","display_class":"OTHER","min_zoom":12,"importance":1,"name":null,"ref":null,"common":{"type":"buoy_cardinal"},"children":{"buoy_cardinal":{"category":"west","colour":"yellow;black;yellow","colour_pattern":"horizontal","shape":"spar"},"topmark":{"colour":"black","shape":"2 cones point together"}},"osm_tags":{"ref:vayla":"56862","seamark:buoy_cardinal:category":"west","seamark:buoy_cardinal:colour":"yellow;black;yellow","seamark:buoy_cardinal:colour_pattern":"horizontal","seamark:buoy_cardinal:shape":"spar","seamark:topmark:colour":"black","seamark:topmark:shape":"2 cones point together","seamark:type":"buoy_cardinal"}}},{"type":"Feature","geometry":{"type":"Point","coordinates":[31.2551837,62.6466627]},"properties":{"osm_id":9208037849,"osm_type":"node","seamark_type":"buoy_lateral","display_class":"OTHER","min_zoom":12,"importance":1,"name":null,"ref":null,"common":{"type":"buoy_lateral"},"children":{"buoy_lateral":{"category":"starboard","colour":"green","shape":"spar","system":"iala-a"},"topmark":{"colour":"green","shape":"cone, point up"}},"osm_tags":{"ref:vayla":"56933","seamark:buoy_lateral:category":"starboard","seamark:buoy_lateral:colour":"green","seamark:buoy_lateral:shape":"spar","seamark:buoy_lateral:system":"iala-a","seamark:topmark:colour":"green","seamark:topmark:shape":"cone, point up","seamark:type":"buoy_lateral"}}},{"type":"Feature","geometry":{"type":"Point","coordinates":[31.1936652,62.6079841]},"properties":{"osm_id":9208037852,"osm_type":"node","seamark_type":"buoy_lateral","display_class":"OTHER","min_zoom":12,"importance":1,"name":null,"ref":null,"common":{"type":"buoy_lateral"},"children":{"buoy_lateral":{"category":"starboard","colour":"green","shape":"spar","system":"iala-a"},"topmark":{"colour":"green","shape":"cone, point up"}},"osm_tags":{"ref:vayla":"56890","seamark:buoy_lateral:category":"starboard","seamark:buoy_lateral:colour":"green","seamark:buoy_lateral:shape":"spar","seamark:buoy_lateral:system":"iala-a","seamark:topmark:colour":"green","seamark:topmark:shape":"cone, point up","seamark:type":"buoy_lateral"}}},{"type":"Feature","geometry":{"type":"Point","coordinates":[31.0148209,62.7260054]},"properties":{"osm_id":9208037853,"osm_type":"node","seamark_type":"buoy_lateral","display_class":"OTHER","min_zoom":12,"importance":1,"name":null,"ref":null,"common":{"type":"buoy_lateral"},"children":{"buoy_lateral":{"category":"starboard","colour":"green","shape":"spar","system":"iala-a"},"topmark":{"colour":"green","shape":"cone, point up"}},"osm_tags":{"ref:vayla":"56848","seamark:buoy_lateral:category":"starboard","seamark:buoy_lateral:colour":"green","seamark:buoy_lateral:shape":"spar","seamark:buoy_lateral:system":"iala-a","seamark:topmark:colour":"green","seamark:topmark:shape":"cone, point up","seamark:type":"buoy_lateral"}}},{"type":"Feature","geometry":{"type":"Point","coordinates":[31.0620298,62.6945555]},"properties":{"osm_id":9208037857,"osm_type":"node","seamark_type":"buoy_lateral","display_class":"OTHER","min_zoom":12,"importance":1,"name":null,"ref":null,"common":{"type":"buoy_lateral"},"children":{"buoy_lateral":{"category":"starboard","colour":"green","shape":"spar","system":"iala-a"},"topmark":{"colour":"green","shape":"cone, point up"}},"osm_tags":{"ref:vayla":"56958","seamark:buoy_lateral:category":"starboard","seamark:buoy_lateral:colour":"green","seamark:buoy_lateral:shape":"spar","seamark:buoy_lateral:system":"iala-a","seamark:topmark:colour":"green","seamark:topmark:shape":"cone, point up","seamark:type":"buoy_lateral"}}},{"type":"Feature","geometry":{"type":"Point","coordinates":[31.1705169,62.6570331]},"properties":{"osm_id":9208037859,"osm_type":"node","seamark_type":"buoy_lateral","display_class":"OTHER","min_zoom":12,"importance":1,"name":null,"ref":null,"common":{"type":"buoy_lateral"},"children":{"buoy_lateral":{"category":"starboard","colour":"green","shape":"spar","system":"iala-a"},"topmark":{"colour":"green","shape":"cone, point up"}},"osm_tags":{"ref:vayla":"56871","seamark:buoy_lateral:category":"starboard","seamark:buoy_lateral:colour":"green","seamark:buoy_lateral:shape":"spar","seamark:buoy_lateral:system":"iala-a","seamark:topmark:colour":"green","seamark:topmark:shape":"cone, point up","seamark:type":"buoy_lateral"}}},{"type":"Feature","geometry":{"type":"Point","coordinates":[31.1973048,62.6207911]},"properties":{"osm_id":9208037861,"osm_type":"node","seamark_type":"buoy_lateral","display_class":"OTHER","min_zoom":12,"importance":1,"name":null,"ref":null,"common":{"type":"buoy_lateral"},"children":{"buoy_lateral":{"category":"port","colour":"red","shape":"spar","system":"iala-a"},"topmark":{"colour":"red","shape":"cylinder"}},"osm_tags":{"ref:vayla":"56883","seamark:buoy_lateral:category":"port","seamark:buoy_lateral:colour":"red","seamark:buoy_lateral:shape":"spar","seamark:buoy_lateral:system":"iala-a","seamark:topmark:colour":"red","seamark:topmark:shape":"cylinder","seamark:type":"buoy_lateral"}}},{"type":"Feature","geometry":{"type":"Point","coordinates":[31.0093303,62.759186]},"properties":{"osm_id":9208037862,"osm_type":"node","seamark_type":"buoy_lateral","display_class":"OTHER","min_zoom":12,"importance":1,"name":null,"ref":null,"common":{"type":"buoy_lateral"},"children":{"buoy_lateral":{"category":"starboard","colour":"green","shape":"spar","system":"iala-a"},"topmark":{"colour":"green","shape":"cone, point up"}},"osm_tags":{"ref:vayla":"56830","seamark:buoy_lateral:category":"starboard","seamark:buoy_lateral:colour":"green","seamark:buoy_lateral:shape":"spar","seamark:buoy_lateral:system":"iala-a","seamark:topmark:colour":"green","seamark:topmark:shape":"cone, point up","seamark:type":"buoy_lateral"}}},{"type":"Feature","geometry":{"type":"Point","coordinates":[31.0717197,62.6669537]},"properties":{"osm_id":9208037863,"osm_type":"node","seamark_type":"buoy_lateral","display_class":"OTHER","min_zoom":12,"importance":1,"name":null,"ref":null,"common":{"type":"buoy_lateral"},"children":{"buoy_lateral":{"category":"port","colour":"red","shape":"spar","system":"iala-a"},"topmark":{"colour":"red","shape":"cylinder"}},"osm_tags":{"ref:vayla":"56969","seamark:buoy_lateral:category":"port","seamark:buoy_lateral:colour":"red","seamark:buoy_lateral:shape":"spar","seamark:buoy_lateral:system":"iala-a","seamark:topmark:colour":"red","seamark:topmark:shape":"cylinder","seamark:type":"buoy_lateral"}}},{"type":"Feature","geometry":{"type":"Point","coordinates":[31.0151857,62.7519073]},"properties":{"osm_id":9208037866,"osm_type":"node","seamark_type":"buoy_lateral","display_class":"OTHER","min_zoom":12,"importance":1,"name":null,"ref":null,"common":{"type":"buoy_lateral"},"children":{"buoy_lateral":{"category":"starboard","colour":"green","shape":"spar","system":"iala-a"},"topmark":{"colour":"green","shape":"cone, point up"}},"osm_tags":{"ref:vayla":"56834","seamark:buoy_lateral:category":"starboard","seamark:buoy_lateral:colour":"green","seamark:buoy_lateral:shape":"spar","seamark:buoy_lateral:system":"iala-a","seamark:topmark:colour":"green","seamark:topmark:shape":"cone, point up","seamark:type":"buoy_lateral"}}},{"type":"Feature","geometry":{"type":"Point","coordinates":[31.2690238,62.6435527]},"properties":{"osm_id":9208037868,"osm_type":"node","seamark_type":"buoy_lateral","display_class":"OTHER","min_zoom":12,"importance":1,"name":null,"ref":null,"common":{"type":"buoy_lateral"},"children":{"buoy_lateral":{"category":"starboard","colour":"green","shape":"spar","system":"iala-a"},"topmark":{"colour":"green","shape":"cone, point up"}},"osm_tags":{"ref:vayla":"56942","seamark:buoy_lateral:category":"starboard","seamark:buoy_lateral:colour":"green","seamark:buoy_lateral:shape":"spar","seamark:buoy_lateral:system":"iala-a","seamark:topmark:colour":"green","seamark:topmark:shape":"cone, point up","seamark:type":"buoy_lateral"}}},{"type":"Feature","geometry":{"type":"Point","coordinates":[31.0771005,62.6729917]},"properties":{"osm_id":9208037870,"osm_type":"node","seamark_type":"buoy_lateral","display_class":"OTHER","min_zoom":12,"importance":1,"name":null,"ref":null,"common":{"type":"buoy_lateral"},"children":{"buoy_lateral":{"category":"port","colour":"red","shape":"spar","system":"iala-a"},"topmark":{"colour":"red","shape":"cylinder"}},"osm_tags":{"ref:vayla":"56965","seamark:buoy_lateral:category":"port","seamark:buoy_lateral:colour":"red","seamark:buoy_lateral:shape":"spar","seamark:buoy_lateral:system":"iala-a","seamark:topmark:colour":"red","seamark:topmark:shape":"cylinder","seamark:type":"buoy_lateral"}}},{"type":"Feature","geometry":{"type":"Point","coordinates":[31.1936453,62.6288839]},"properties":{"osm_id":9208037872,"osm_type":"node","seamark_type":"buoy_lateral","display_class":"OTHER","min_zoom":12,"importance":1,"name":null,"ref":null,"common":{"type":"buoy_lateral"},"children":{"buoy_lateral":{"category":"port","colour":"red","shape":"spar","system":"iala-a"},"topmark":{"colour":"red","shape":"cylinder"}},"osm_tags":{"ref:vayla":"56878","seamark:buoy_lateral:category":"port","seamark:buoy_lateral:colour":"red","seamark:buoy_lateral:shape":"spar","seamark:buoy_lateral:system":"iala-a","seamark:topmark:colour":"red","seamark:topmark:shape":"cylinder","seamark:type":"buoy_lateral"}}},{"type":"Feature","geometry":{"type":"Point","coordinates":[31.2335788,62.6459374]},"properties":{"osm_id":9208037873,"osm_type":"node","seamark_type":"buoy_lateral","display_class":"OTHER","min_zoom":12,"importance":1,"name":null,"ref":null,"common":{"type":"buoy_lateral"},"children":{"buoy_lateral":{"category":"port","colour":"red","shape":"spar","system":"iala-a"},"topmark":{"colour":"red","shape":"cylinder"}},"osm_tags":{"ref:vayla":"56922","seamark:buoy_lateral:category":"port","seamark:buoy_lateral:colour":"red","seamark:buoy_lateral:shape":"spar","seamark:buoy_lateral:system":"iala-a","seamark:topmark:colour":"red","seamark:topmark:shape":"cylinder","seamark:type":"buoy_lateral"}}},{"type":"Feature","geometry":{"type":"Point","coordinates":[31.0166914,62.719894]},"properties":{"osm_id":9208037877,"osm_type":"node","seamark_type":"buoy_lateral","display_class":"OTHER","min_zoom":12,"importance":1,"name":null,"ref":null,"common":{"type":"buoy_lateral"},"children":{"buoy_lateral":{"category":"starboard","colour":"green","shape":"spar","system":"iala-a"},"topmark":{"colour":"green","shape":"cone, point up"}},"osm_tags":{"ref:vayla":"56850","seamark:buoy_lateral:category":"starboard","seamark:buoy_lateral:colour":"green","seamark:buoy_lateral:shape":"spar","seamark:buoy_lateral:system":"iala-a","seamark:topmark:colour":"green","seamark:topmark:shape":"cone, point up","seamark:type":"buoy_lateral"}}},{"type":"Feature","geometry":{"type":"Point","coordinates":[31.1852453,62.6417357]},"properties":{"osm_id":9208037878,"osm_type":"node","seamark_type":"buoy_lateral","display_class":"OTHER","min_zoom":12,"importance":1,"name":null,"ref":null,"common":{"type":"buoy_lateral"},"children":{"buoy_lateral":{"category":"port","colour":"red","shape":"spar","system":"iala-a"},"topmark":{"colour":"red","shape":"cylinder"}},"osm_tags":{"ref:vayla":"56874","seamark:buoy_lateral:category":"port","seamark:buoy_lateral:colour":"red","seamark:buoy_lateral:shape":"spar","seamark:buoy_lateral:system":"iala-a","seamark:topmark:colour":"red","seamark:topmark:shape":"cylinder","seamark:type":"buoy_lateral"}}},{"type":"Feature","geometry":{"type":"Point","coordinates":[31.0097868,62.7482566]},"properties":{"osm_id":9208037879,"osm_type":"node","seamark_type":"buoy_lateral","display_class":"OTHER","min_zoom":12,"importance":1,"name":null,"ref":null,"common":{"type":"buoy_lateral"},"children":{"buoy_lateral":{"category":"port","colour":"red","shape":"spar","system":"iala-a"},"topmark":{"colour":"red","shape":"cylinder"}},"osm_tags":{"ref:vayla":"56837","seamark:buoy_lateral:category":"port","seamark:buoy_lateral:colour":"red","seamark:buoy_lateral:shape":"spar","seamark:buoy_lateral:system":"iala-a","seamark:topmark:colour":"red","seamark:topmark:shape":"cylinder","seamark:type":"buoy_lateral"}}},{"type":"Feature","geometry":{"type":"Point","coordinates":[31.059833,62.7027644]},"properties":{"osm_id":9208037881,"osm_type":"node","seamark_type":"buoy_lateral","display_class":"OTHER","min_zoom":12,"importance":1,"name":null,"ref":null,"common":{"type":"buoy_lateral"},"children":{"buoy_lateral":{"category":"port","colour":"red","shape":"spar","system":"iala-a"},"topmark":{"colour":"red","shape":"cylinder"}},"osm_tags":{"ref:vayla":"56955","seamark:buoy_lateral:category":"port","seamark:buoy_lateral:colour":"red","seamark:buoy_lateral:shape":"spar","seamark:buoy_lateral:system":"iala-a","seamark:topmark:colour":"red","seamark:topmark:shape":"cylinder","seamark:type":"buoy_lateral"}}},{"type":"Feature","geometry":{"type":"Point","coordinates":[31.0761781,62.6730679]},"properties":{"osm_id":9208037883,"osm_type":"node","seamark_type":"buoy_lateral","display_class":"OTHER","min_zoom":12,"importance":1,"name":null,"ref":null,"common":{"type":"buoy_lateral"},"children":{"buoy_lateral":{"category":"starboard","colour":"green","shape":"spar","system":"iala-a"},"topmark":{"colour":"green","shape":"cone, point up"}},"osm_tags":{"ref:vayla":"56966","seamark:buoy_lateral:category":"starboard","seamark:buoy_lateral:colour":"green","seamark:buoy_lateral:shape":"spar","seamark:buoy_lateral:system":"iala-a","seamark:topmark:colour":"green","seamark:topmark:shape":"cone, point up","seamark:type":"buoy_lateral"}}},{"type":"Feature","geometry":{"type":"Point","coordinates":[31.2360268,62.6476378]},"properties":{"osm_id":9208037885,"osm_type":"node","seamark_type":"buoy_lateral","display_class":"OTHER","min_zoom":12,"importance":1,"name":null,"ref":null,"common":{"type":"buoy_lateral"},"children":{"buoy_lateral":{"category":"starboard","colour":"green","shape":"spar","system":"iala-a"},"topmark":{"colour":"green","shape":"cone, point up"}},"osm_tags":{"ref:vayla":"56925","seamark:buoy_lateral:category":"starboard","seamark:buoy_lateral:colour":"green","seamark:buoy_lateral:shape":"spar","seamark:buoy_lateral:system":"iala-a","seamark:topmark:colour":"green","seamark:topmark:shape":"cone, point up","seamark:type":"buoy_lateral"}}},{"type":"Feature","geometry":{"type":"Point","coordinates":[31.2446927,62.649896]},"properties":{"osm_id":9208037886,"osm_type":"node","seamark_type":"buoy_lateral","display_class":"OTHER","min_zoom":12,"importance":1,"name":null,"ref":null,"common":{"type":"buoy_lateral"},"children":{"buoy_lateral":{"category":"starboard","colour":"green","shape":"spar","system":"iala-a"},"topmark":{"colour":"green","shape":"cone, point up"}},"osm_tags":{"ref:vayla":"56929","seamark:buoy_lateral:category":"starboard","seamark:buoy_lateral:colour":"green","seamark:buoy_lateral:shape":"spar","seamark:buoy_lateral:system":"iala-a","seamark:topmark:colour":"green","seamark:topmark:shape":"cone, point up","seamark:type":"buoy_lateral"}}},{"type":"Feature","geometry":{"type":"Point","coordinates":[31.1982733,62.6217124]},"properties":{"osm_id":9208037888,"osm_type":"node","seamark_type":"buoy_lateral","display_class":"OTHER","min_zoom":12,"importance":1,"name":null,"ref":null,"common":{"type":"buoy_lateral"},"children":{"buoy_lateral":{"category":"starboard","colour":"green","shape":"spar","system":"iala-a"},"topmark":{"colour":"green","shape":"cone, point up"}},"osm_tags":{"ref:vayla":"56882","seamark:buoy_lateral:category":"starboard","seamark:buoy_lateral:colour":"green","seamark:buoy_lateral:shape":"spar","seamark:buoy_lateral:system":"iala-a","seamark:topmark:colour":"green","seamark:topmark:shape":"cone, point up","seamark:type":"buoy_lateral"}}},{"type":"Feature","geometry":{"type":"Point","coordinates":[31.195096,62.6078211]},"properties":{"osm_id":9208037889,"osm_type":"node","seamark_type":"buoy_lateral","display_class":"OTHER","min_zoom":12,"importance":1,"name":null,"ref":null,"common":{"type":"buoy_lateral"},"children":{"buoy_lateral":{"category":"port","colour":"red","shape":"spar","system":"iala-a"},"topmark":{"colour":"red","shape":"cylinder"}},"osm_tags":{"ref:vayla":"56889","seamark:buoy_lateral:category":"port","seamark:buoy_lateral:colour":"red","seamark:buoy_lateral:shape":"spar","seamark:buoy_lateral:system":"iala-a","seamark:topmark:colour":"red","seamark:topmark:shape":"cylinder","seamark:type":"buoy_lateral"}}},{"type":"Feature","geometry":{"type":"Point","coordinates":[31.0117616,62.7360905]},"properties":{"osm_id":9208037890,"osm_type":"node","seamark_type":"buoy_lateral","display_class":"OTHER","min_zoom":12,"importance":1,"name":null,"ref":null,"common":{"type":"buoy_lateral"},"children":{"buoy_lateral":{"category":"starboard","colour":"green","shape":"spar","system":"iala-a"},"topmark":{"colour":"green","shape":"cone, point up"}},"osm_tags":{"ref:vayla":"56844","seamark:buoy_lateral:category":"starboard","seamark:buoy_lateral:colour":"green","seamark:buoy_lateral:shape":"spar","seamark:buoy_lateral:system":"iala-a","seamark:topmark:colour":"green","seamark:topmark:shape":"cone, point up","seamark:type":"buoy_lateral"}}},{"type":"Feature","geometry":{"type":"Point","coordinates":[31.1840666,62.641516]},"properties":{"osm_id":9208037893,"osm_type":"node","seamark_type":"buoy_lateral","display_class":"OTHER","min_zoom":12,"importance":1,"name":null,"ref":null,"common":{"type":"buoy_lateral"},"children":{"buoy_lateral":{"category":"starboard","colour":"green","shape":"spar","system":"iala-a"},"topmark":{"colour":"green","shape":"cone, point up"}},"osm_tags":{"ref:vayla":"56875","seamark:buoy_lateral:category":"starboard","seamark:buoy_lateral:colour":"green","seamark:buoy_lateral:shape":"spar","seamark:buoy_lateral:system":"iala-a","seamark:topmark:colour":"green","seamark:topmark:shape":"cone, point up","seamark:type":"buoy_lateral"}}},{"type":"Feature","geometry":{"type":"Point","coordinates":[31.0499949,62.7095222]},"properties":{"osm_id":9208037896,"osm_type":"node","seamark_type":"buoy_lateral","display_class":"OTHER","min_zoom":12,"importance":1,"name":null,"ref":null,"common":{"type":"buoy_lateral"},"children":{"buoy_lateral":{"category":"port","colour":"red","shape":"spar","system":"iala-a"},"topmark":{"colour":"red","shape":"cylinder"}},"osm_tags":{"ref:vayla":"56951","seamark:buoy_lateral:category":"port","seamark:buoy_lateral:colour":"red","seamark:buoy_lateral:shape":"spar","seamark:buoy_lateral:system":"iala-a","seamark:topmark:colour":"red","seamark:topmark:shape":"cylinder","seamark:type":"buoy_lateral"}}},{"type":"Feature","geometry":{"type":"Point","coordinates":[31.2611352,62.6466524]},"properties":{"osm_id":9208037898,"osm_type":"node","seamark_type":"buoy_lateral","display_class":"OTHER","min_zoom":12,"importance":1,"name":null,"ref":null,"common":{"type":"buoy_lateral"},"children":{"buoy_lateral":{"category":"port","colour":"red","shape":"spar","system":"iala-a"},"topmark":{"colour":"red","shape":"cylinder"}},"osm_tags":{"ref:vayla":"56934","seamark:buoy_lateral:category":"port","seamark:buoy_lateral:colour":"red","seamark:buoy_lateral:shape":"spar","seamark:buoy_lateral:system":"iala-a","seamark:topmark:colour":"red","seamark:topmark:shape":"cylinder","seamark:type":"buoy_lateral"}}},{"type":"Feature","geometry":{"type":"Point","coordinates":[31.0238012,62.7187584]},"properties":{"osm_id":9208037900,"osm_type":"node","seamark_type":"buoy_lateral","display_class":"OTHER","min_zoom":12,"importance":1,"name":null,"ref":null,"common":{"type":"buoy_lateral"},"children":{"buoy_lateral":{"category":"port","colour":"red","shape":"spar","system":"iala-a"},"topmark":{"colour":"red","shape":"cylinder"}},"osm_tags":{"ref:vayla":"56851","seamark:buoy_lateral:category":"port","seamark:buoy_lateral:colour":"red","seamark:buoy_lateral:shape":"spar","seamark:buoy_lateral:system":"iala-a","seamark:topmark:colour":"red","seamark:topmark:shape":"cylinder","seamark:type":"buoy_lateral"}}},{"type":"Feature","geometry":{"type":"Point","coordinates":[31.1763105,62.5759859]},"properties":{"osm_id":9208037901,"osm_type":"node","seamark_type":"buoy_lateral","display_class":"OTHER","min_zoom":12,"importance":1,"name":null,"ref":null,"common":{"type":"buoy_lateral"},"children":{"buoy_lateral":{"category":"starboard","colour":"green","shape":"spar","system":"iala-a"},"topmark":{"colour":"green","shape":"cone, point up"}},"osm_tags":{"ref:vayla":"56907","seamark:buoy_lateral:category":"starboard","seamark:buoy_lateral:colour":"green","seamark:buoy_lateral:shape":"spar","seamark:buoy_lateral:system":"iala-a","seamark:topmark:colour":"green","seamark:topmark:shape":"cone, point up","seamark:type":"buoy_lateral"}}},{"type":"Feature","geometry":{"type":"Point","coordinates":[31.0165226,62.7337044]},"properties":{"osm_id":9208037902,"osm_type":"node","seamark_type":"buoy_lateral","display_class":"OTHER","min_zoom":12,"importance":1,"name":null,"ref":null,"common":{"type":"buoy_lateral"},"children":{"buoy_lateral":{"category":"port","colour":"red","shape":"spar","system":"iala-a"},"topmark":{"colour":"red","shape":"cylinder"}},"osm_tags":{"ref:vayla":"56845","seamark:buoy_lateral:category":"port","seamark:buoy_lateral:colour":"red","seamark:buoy_lateral:shape":"spar","seamark:buoy_lateral:system":"iala-a","seamark:topmark:colour":"red","seamark:topmark:shape":"cylinder","seamark:type":"buoy_lateral"}}},{"type":"Feature","geometry":{"type":"Point","coordinates":[31.2719455,62.6437945]},"properties":{"osm_id":9208037904,"osm_type":"node","seamark_type":"buoy_lateral","display_class":"OTHER","min_zoom":12,"importance":1,"name":null,"ref":null,"common":{"type":"buoy_lateral"},"children":{"buoy_lateral":{"category":"starboard","colour":"green","shape":"spar","system":"iala-a"},"topmark":{"colour":"green","shape":"cone, point up"}},"osm_tags":{"ref:vayla":"56944","seamark:buoy_lateral:category":"starboard","seamark:buoy_lateral:colour":"green","seamark:buoy_lateral:shape":"spar","seamark:buoy_lateral:system":"iala-a","seamark:topmark:colour":"green","seamark:topmark:shape":"cone, point up","seamark:type":"buoy_lateral"}}},{"type":"Feature","geometry":{"type":"Point","coordinates":[31.0590666,62.6970132]},"properties":{"osm_id":9208037906,"osm_type":"node","seamark_type":"buoy_lateral","display_class":"OTHER","min_zoom":12,"importance":1,"name":null,"ref":null,"common":{"type":"buoy_lateral"},"children":{"buoy_lateral":{"category":"port","colour":"red","shape":"spar","system":"iala-a"},"topmark":{"colour":"red","shape":"cylinder"}},"osm_tags":{"ref:vayla":"56957","seamark:buoy_lateral:category":"port","seamark:buoy_lateral:colour":"red","seamark:buoy_lateral:shape":"spar","seamark:buoy_lateral:system":"iala-a","seamark:topmark:colour":"red","seamark:topmark:shape":"cylinder","seamark:type":"buoy_lateral"}}},{"type":"Feature","geometry":{"type":"Point","coordinates":[31.2649245,62.6453288]},"properties":{"osm_id":9208037909,"osm_type":"node","seamark_type":"buoy_lateral","display_class":"OTHER","min_zoom":12,"importance":1,"name":null,"ref":null,"common":{"type":"buoy_lateral"},"children":{"buoy_lateral":{"category":"starboard","colour":"green","shape":"spar","system":"iala-a"},"topmark":{"colour":"green","shape":"cone, point up"}},"osm_tags":{"ref:vayla":"56938","seamark:buoy_lateral:category":"starboard","seamark:buoy_lateral:colour":"green","seamark:buoy_lateral:shape":"spar","seamark:buoy_lateral:system":"iala-a","seamark:topmark:colour":"green","seamark:topmark:shape":"cone, point up","seamark:type":"buoy_lateral"}}},{"type":"Feature","geometry":{"type":"Point","coordinates":[31.1761478,62.6509506]},"properties":{"osm_id":9208037910,"osm_type":"node","seamark_type":"buoy_lateral","display_class":"OTHER","min_zoom":12,"importance":1,"name":null,"ref":null,"common":{"type":"buoy_lateral"},"children":{"buoy_lateral":{"category":"port","colour":"red","shape":"spar","system":"iala-a"},"topmark":{"colour":"red","shape":"cylinder"}},"osm_tags":{"ref:vayla":"56872","seamark:buoy_lateral:category":"port","seamark:buoy_lateral:colour":"red","seamark:buoy_lateral:shape":"spar","seamark:buoy_lateral:system":"iala-a","seamark:topmark:colour":"red","seamark:topmark:shape":"cylinder","seamark:type":"buoy_lateral"}}},{"type":"Feature","geometry":{"type":"Point","coordinates":[31.1952898,62.6032915]},"properties":{"osm_id":9208037912,"osm_type":"node","seamark_type":"buoy_lateral","display_class":"OTHER","min_zoom":12,"importance":1,"name":null,"ref":null,"common":{"type":"buoy_lateral"},"children":{"buoy_lateral":{"category":"port","colour":"red","shape":"spar","system":"iala-a"},"topmark":{"colour":"red","shape":"cylinder"}},"osm_tags":{"ref:vayla":"56891","seamark:buoy_lateral:category":"port","seamark:buoy_lateral:colour":"red","seamark:buoy_lateral:shape":"spar","seamark:buoy_lateral:system":"iala-a","seamark:topmark:colour":"red","seamark:topmark:shape":"cylinder","seamark:type":"buoy_lateral"}}},{"type":"Feature","geometry":{"type":"Point","coordinates":[31.0698818,62.6648519]},"properties":{"osm_id":9208037913,"osm_type":"node","seamark_type":"buoy_lateral","display_class":"OTHER","min_zoom":12,"importance":1,"name":null,"ref":null,"common":{"type":"buoy_lateral"},"children":{"buoy_lateral":{"category":"starboard","colour":"green","shape":"spar","system":"iala-a"},"topmark":{"colour":"green","shape":"cone, point up"}},"osm_tags":{"ref:vayla":"56970","seamark:buoy_lateral:category":"starboard","seamark:buoy_lateral:colour":"green","seamark:buoy_lateral:shape":"spar","seamark:buoy_lateral:system":"iala-a","seamark:topmark:colour":"green","seamark:topmark:shape":"cone, point up","seamark:type":"buoy_lateral"}}},{"type":"Feature","geometry":{"type":"Point","coordinates":[31.1793411,62.6680922]},"properties":{"osm_id":9208037915,"osm_type":"node","seamark_type":"buoy_lateral","display_class":"OTHER","min_zoom":12,"importance":1,"name":null,"ref":null,"common":{"type":"buoy_lateral"},"children":{"buoy_lateral":{"category":"starboard","colour":"green","shape":"spar","system":"iala-a"},"topmark":{"colour":"green","shape":"cone, point up"}},"osm_tags":{"ref:vayla":"56911","seamark:buoy_lateral:category":"starboard","seamark:buoy_lateral:colour":"green","seamark:buoy_lateral:shape":"spar","seamark:buoy_lateral:system":"iala-a","seamark:topmark:colour":"green","seamark:topmark:shape":"cone, point up","seamark:type":"buoy_lateral"}}},{"type":"Feature","geometry":{"type":"Point","coordinates":[31.0155293,62.7517702]},"properties":{"osm_id":9208037916,"osm_type":"node","seamark_type":"buoy_lateral","display_class":"OTHER","min_zoom":12,"importance":1,"name":null,"ref":null,"common":{"type":"buoy_lateral"},"children":{"buoy_lateral":{"category":"port","colour":"red","shape":"spar","system":"iala-a"},"topmark":{"colour":"red","shape":"cylinder"}},"osm_tags":{"ref:vayla":"56833","seamark:buoy_lateral:category":"port","seamark:buoy_lateral:colour":"red","seamark:buoy_lateral:shape":"spar","seamark:buoy_lateral:system":"iala-a","seamark:topmark:colour":"red","seamark:topmark:shape":"cylinder","seamark:type":"buoy_lateral"}}},{"type":"Feature","geometry":{"type":"Point","coordinates":[31.2767005,62.6434992]},"properties":{"osm_id":9208041318,"osm_type":"node","seamark_type":"buoy_lateral","display_class":"OTHER","min_zoom":12,"importance":1,"name":null,"ref":null,"common":{"type":"buoy_lateral"},"children":{"buoy_lateral":{"category":"port","colour":"red","shape":"spar","system":"iala-a"},"topmark":{"colour":"red","shape":"cylinder"}},"osm_tags":{"ref:vayla":"56945","seamark:buoy_lateral:category":"port","seamark:buoy_lateral:colour":"red","seamark:buoy_lateral:shape":"spar","seamark:buoy_lateral:system":"iala-a","seamark:topmark:colour":"red","seamark:topmark:shape":"cylinder","seamark:type":"buoy_lateral"}}},{"type":"Feature","geometry":{"type":"Point","coordinates":[31.162682,62.667727]},"properties":{"osm_id":9208041320,"osm_type":"node","seamark_type":"buoy_cardinal","display_class":"OTHER","min_zoom":12,"importance":1,"name":null,"ref":null,"common":{"type":"buoy_cardinal"},"children":{"buoy_cardinal":{"category":"east","colour":"black;yellow;black","colour_pattern":"horizontal","shape":"spar"},"topmark":{"colour":"black","shape":"2 cones base together"}},"osm_tags":{"ref:vayla":"56868","seamark:buoy_cardinal:category":"east","seamark:buoy_cardinal:colour":"black;yellow;black","seamark:buoy_cardinal:colour_pattern":"horizontal","seamark:buoy_cardinal:shape":"spar","seamark:topmark:colour":"black","seamark:topmark:shape":"2 cones base together","seamark:type":"buoy_cardinal"}}},{"type":"Feature","geometry":{"type":"Point","coordinates":[31.26719,62.6449036]},"properties":{"osm_id":9208041321,"osm_type":"node","seamark_type":"buoy_lateral","display_class":"OTHER","min_zoom":12,"importance":1,"name":null,"ref":null,"common":{"type":"buoy_lateral"},"children":{"buoy_lateral":{"category":"port","colour":"red","shape":"spar","system":"iala-a"},"topmark":{"colour":"red","shape":"cylinder"}},"osm_tags":{"ref:vayla":"56939","seamark:buoy_lateral:category":"port","seamark:buoy_lateral:colour":"red","seamark:buoy_lateral:shape":"spar","seamark:buoy_lateral:system":"iala-a","seamark:topmark:colour":"red","seamark:topmark:shape":"cylinder","seamark:type":"buoy_lateral"}}},{"type":"Feature","geometry":{"type":"Point","coordinates":[31.28163,62.6412844]},"properties":{"osm_id":9208041323,"osm_type":"node","seamark_type":"buoy_lateral","display_class":"OTHER","min_zoom":12,"importance":1,"name":null,"ref":null,"common":{"type":"buoy_lateral"},"children":{"buoy_lateral":{"category":"port","colour":"red","shape":"spar","system":"iala-a"},"topmark":{"colour":"red","shape":"cylinder"}},"osm_tags":{"ref:vayla":"56949","seamark:buoy_lateral:category":"port","seamark:buoy_lateral:colour":"red","seamark:buoy_lateral:shape":"spar","seamark:buoy_lateral:system":"iala-a","seamark:topmark:colour":"red","seamark:topmark:shape":"cylinder","seamark:type":"buoy_lateral"}}},{"type":"Feature","geometry":{"type":"Point","coordinates":[31.2305366,62.6456088]},"properties":{"osm_id":9208041324,"osm_type":"node","seamark_type":"buoy_lateral","display_class":"OTHER","min_zoom":12,"importance":1,"name":null,"ref":null,"common":{"type":"buoy_lateral"},"children":{"buoy_lateral":{"category":"starboard","colour":"green","shape":"spar","system":"iala-a"},"topmark":{"colour":"green","shape":"cone, point up"}},"osm_tags":{"ref:vayla":"56921","seamark:buoy_lateral:category":"starboard","seamark:buoy_lateral:colour":"green","seamark:buoy_lateral:shape":"spar","seamark:buoy_lateral:system":"iala-a","seamark:topmark:colour":"green","seamark:topmark:shape":"cone, point up","seamark:type":"buoy_lateral"}}},{"type":"Feature","geometry":{"type":"Point","coordinates":[31.0249848,62.718783]},"properties":{"osm_id":9208041327,"osm_type":"node","seamark_type":"buoy_lateral","display_class":"OTHER","min_zoom":12,"importance":1,"name":null,"ref":null,"common":{"type":"buoy_lateral"},"children":{"buoy_lateral":{"category":"port","colour":"red","shape":"spar","system":"iala-a"},"topmark":{"colour":"red","shape":"cylinder"}},"osm_tags":{"ref:vayla":"56853","seamark:buoy_lateral:category":"port","seamark:buoy_lateral:colour":"red","seamark:buoy_lateral:shape":"spar","seamark:buoy_lateral:system":"iala-a","seamark:topmark:colour":"red","seamark:topmark:shape":"cylinder","seamark:type":"buoy_lateral"}}},{"type":"Feature","geometry":{"type":"Point","coordinates":[31.1843501,62.5794294]},"properties":{"osm_id":9208041328,"osm_type":"node","seamark_type":"buoy_lateral","display_class":"OTHER","min_zoom":12,"importance":1,"name":null,"ref":null,"common":{"type":"buoy_lateral"},"children":{"buoy_lateral":{"category":"starboard","colour":"green","shape":"spar","system":"iala-a"},"topmark":{"colour":"green","shape":"cone, point up"}},"osm_tags":{"ref:vayla":"56902","seamark:buoy_lateral:category":"starboard","seamark:buoy_lateral:colour":"green","seamark:buoy_lateral:shape":"spar","seamark:buoy_lateral:system":"iala-a","seamark:topmark:colour":"green","seamark:topmark:shape":"cone, point up","seamark:type":"buoy_lateral"}}},{"type":"Feature","geometry":{"type":"Point","coordinates":[31.0594994,62.7027221]},"properties":{"osm_id":9208041330,"osm_type":"node","seamark_type":"buoy_lateral","display_class":"OTHER","min_zoom":12,"importance":1,"name":null,"ref":null,"common":{"type":"buoy_lateral"},"children":{"buoy_lateral":{"category":"starboard","colour":"green","shape":"spar","system":"iala-a"},"topmark":{"colour":"green","shape":"cone, point up"}},"osm_tags":{"ref:vayla":"56956","seamark:buoy_lateral:category":"starboard","seamark:buoy_lateral:colour":"green","seamark:buoy_lateral:shape":"spar","seamark:buoy_lateral:system":"iala-a","seamark:topmark:colour":"green","seamark:topmark:shape":"cone, point up","seamark:type":"buoy_lateral"}}},{"type":"Feature","geometry":{"type":"Point","coordinates":[31.0759788,62.6772042]},"properties":{"osm_id":9208041332,"osm_type":"node","seamark_type":"buoy_lateral","display_class":"OTHER","min_zoom":12,"importance":1,"name":null,"ref":null,"common":{"type":"buoy_lateral"},"children":{"buoy_lateral":{"category":"port","colour":"red","shape":"spar","system":"iala-a"},"topmark":{"colour":"red","shape":"cylinder"}},"osm_tags":{"ref:vayla":"56963","seamark:buoy_lateral:category":"port","seamark:buoy_lateral:colour":"red","seamark:buoy_lateral:shape":"spar","seamark:buoy_lateral:system":"iala-a","seamark:topmark:colour":"red","seamark:topmark:shape":"cylinder","seamark:type":"buoy_lateral"}}},{"type":"Feature","geometry":{"type":"Point","coordinates":[31.2496649,62.6473626]},"properties":{"osm_id":9208041334,"osm_type":"node","seamark_type":"buoy_lateral","display_class":"OTHER","min_zoom":12,"importance":1,"name":null,"ref":null,"common":{"type":"buoy_lateral"},"children":{"buoy_lateral":{"category":"port","colour":"red","shape":"spar","system":"iala-a"},"topmark":{"colour":"red","shape":"cylinder"}},"osm_tags":{"ref:vayla":"56930","seamark:buoy_lateral:category":"port","seamark:buoy_lateral:colour":"red","seamark:buoy_lateral:shape":"spar","seamark:buoy_lateral:system":"iala-a","seamark:topmark:colour":"red","seamark:topmark:shape":"cylinder","seamark:type":"buoy_lateral"}}},{"type":"Feature","geometry":{"type":"Point","coordinates":[31.2814356,62.6412072]},"properties":{"osm_id":9208041336,"osm_type":"node","seamark_type":"buoy_lateral","display_class":"OTHER","min_zoom":12,"importance":1,"name":null,"ref":null,"common":{"type":"buoy_lateral"},"children":{"buoy_lateral":{"category":"starboard","colour":"green","shape":"spar","system":"iala-a"},"topmark":{"colour":"green","shape":"cone, point up"}},"osm_tags":{"ref:vayla":"56950","seamark:buoy_lateral:category":"starboard","seamark:buoy_lateral:colour":"green","seamark:buoy_lateral:shape":"spar","seamark:buoy_lateral:system":"iala-a","seamark:topmark:colour":"green","seamark:topmark:shape":"cone, point up","seamark:type":"buoy_lateral"}}},{"type":"Feature","geometry":{"type":"Point","coordinates":[31.1903522,62.585938]},"properties":{"osm_id":9208041337,"osm_type":"node","seamark_type":"buoy_lateral","display_class":"OTHER","min_zoom":12,"importance":1,"name":null,"ref":null,"common":{"type":"buoy_lateral"},"children":{"buoy_lateral":{"category":"starboard","colour":"green","shape":"spar","system":"iala-a"},"topmark":{"colour":"green","shape":"cone, point up"}},"osm_tags":{"ref:vayla":"56897","seamark:buoy_lateral:category":"starboard","seamark:buoy_lateral:colour":"green","seamark:buoy_lateral:shape":"spar","seamark:buoy_lateral:system":"iala-a","seamark:topmark:colour":"green","seamark:topmark:shape":"cone, point up","seamark:type":"buoy_lateral"}}},{"type":"Feature","geometry":{"type":"Point","coordinates":[31.0081312,62.7429153]},"properties":{"osm_id":9208041338,"osm_type":"node","seamark_type":"buoy_lateral","display_class":"OTHER","min_zoom":12,"importance":1,"name":null,"ref":null,"common":{"type":"buoy_lateral"},"children":{"buoy_lateral":{"category":"port","colour":"red","shape":"spar","system":"iala-a"},"topmark":{"colour":"red","shape":"cylinder"}},"osm_tags":{"ref:vayla":"56841","seamark:buoy_lateral:category":"port","seamark:buoy_lateral:colour":"red","seamark:buoy_lateral:shape":"spar","seamark:buoy_lateral:system":"iala-a","seamark:topmark:colour":"red","seamark:topmark:shape":"cylinder","seamark:type":"buoy_lateral"}}},{"type":"Feature","geometry":{"type":"Point","coordinates":[31.0682821,62.6851269]},"properties":{"osm_id":9208041340,"osm_type":"node","seamark_type":"buoy_lateral","display_class":"OTHER","min_zoom":12,"importance":1,"name":null,"ref":null,"common":{"type":"buoy_lateral"},"children":{"buoy_lateral":{"category":"port","colour":"red","shape":"spar","system":"iala-a"},"topmark":{"colour":"red","shape":"cylinder"}},"osm_tags":{"ref:vayla":"56960","seamark:buoy_lateral:category":"port","seamark:buoy_lateral:colour":"red","seamark:buoy_lateral:shape":"spar","seamark:buoy_lateral:system":"iala-a","seamark:topmark:colour":"red","seamark:topmark:shape":"cylinder","seamark:type":"buoy_lateral"}}},{"type":"Feature","geometry":{"type":"Point","coordinates":[31.2244577,62.6485289]},"properties":{"osm_id":9208041341,"osm_type":"node","seamark_type":"buoy_lateral","display_class":"OTHER","min_zoom":12,"importance":1,"name":null,"ref":null,"common":{"type":"buoy_lateral"},"children":{"buoy_lateral":{"category":"port","colour":"red","shape":"spar","system":"iala-a"},"topmark":{"colour":"red","shape":"cylinder"}},"osm_tags":{"ref:vayla":"56916","seamark:buoy_lateral:category":"port","seamark:buoy_lateral:colour":"red","seamark:buoy_lateral:shape":"spar","seamark:buoy_lateral:system":"iala-a","seamark:topmark:colour":"red","seamark:topmark:shape":"cylinder","seamark:type":"buoy_lateral"}}},{"type":"Feature","geometry":{"type":"Point","coordinates":[31.2004067,62.6187626]},"properties":{"osm_id":9208041343,"osm_type":"node","seamark_type":"buoy_lateral","display_class":"OTHER","min_zoom":12,"importance":1,"name":null,"ref":null,"common":{"type":"buoy_lateral"},"children":{"buoy_lateral":{"category":"port","colour":"red","shape":"spar","system":"iala-a"},"topmark":{"colour":"red","shape":"cylinder"}},"osm_tags":{"ref:vayla":"56885","seamark:buoy_lateral:category":"port","seamark:buoy_lateral:colour":"red","seamark:buoy_lateral:shape":"spar","seamark:buoy_lateral:system":"iala-a","seamark:topmark:colour":"red","seamark:topmark:shape":"cylinder","seamark:type":"buoy_lateral"}}},{"type":"Feature","geometry":{"type":"Point","coordinates":[31.0162112,62.7543558]},"properties":{"osm_id":9208041344,"osm_type":"node","seamark_type":"buoy_lateral","display_class":"OTHER","min_zoom":12,"importance":1,"name":null,"ref":null,"common":{"type":"buoy_lateral"},"children":{"buoy_lateral":{"category":"port","colour":"red","shape":"spar","system":"iala-a"},"topmark":{"colour":"red","shape":"cylinder"}},"osm_tags":{"ref:vayla":"56831","seamark:buoy_lateral:category":"port","seamark:buoy_lateral:colour":"red","seamark:buoy_lateral:shape":"spar","seamark:buoy_lateral:system":"iala-a","seamark:topmark:colour":"red","seamark:topmark:shape":"cylinder","seamark:type":"buoy_lateral"}}},{"type":"Feature","geometry":{"type":"Point","coordinates":[31.2552112,62.6467612]},"properties":{"osm_id":9208041346,"osm_type":"node","seamark_type":"buoy_lateral","display_class":"OTHER","min_zoom":12,"importance":1,"name":null,"ref":null,"common":{"type":"buoy_lateral"},"children":{"buoy_lateral":{"category":"port","colour":"red","shape":"spar","system":"iala-a"},"topmark":{"colour":"red","shape":"cylinder"}},"osm_tags":{"ref:vayla":"56932","seamark:buoy_lateral:category":"port","seamark:buoy_lateral:colour":"red","seamark:buoy_lateral:shape":"spar","seamark:buoy_lateral:system":"iala-a","seamark:topmark:colour":"red","seamark:topmark:shape":"cylinder","seamark:type":"buoy_lateral"}}},{"type":"Feature","geometry":{"type":"Point","coordinates":[31.0246599,62.7186598]},"properties":{"osm_id":9208041348,"osm_type":"node","seamark_type":"buoy_lateral","display_class":"OTHER","min_zoom":12,"importance":1,"name":null,"ref":null,"common":{"type":"buoy_lateral"},"children":{"buoy_lateral":{"category":"starboard","colour":"green","shape":"spar","system":"iala-a"},"topmark":{"colour":"green","shape":"cone, point up"}},"osm_tags":{"ref:vayla":"56854","seamark:buoy_lateral:category":"starboard","seamark:buoy_lateral:colour":"green","seamark:buoy_lateral:shape":"spar","seamark:buoy_lateral:system":"iala-a","seamark:topmark:colour":"green","seamark:topmark:shape":"cone, point up","seamark:type":"buoy_lateral"}}},{"type":"Feature","geometry":{"type":"Point","coordinates":[31.1761231,62.5758726]},"properties":{"osm_id":9208041349,"osm_type":"node","seamark_type":"buoy_lateral","display_class":"OTHER","min_zoom":12,"importance":1,"name":null,"ref":null,"common":{"type":"buoy_lateral"},"children":{"buoy_lateral":{"category":"port","colour":"red","shape":"spar","system":"iala-a"},"topmark":{"colour":"red","shape":"cylinder"}},"osm_tags":{"ref:vayla":"56906","seamark:buoy_lateral:category":"port","seamark:buoy_lateral:colour":"red","seamark:buoy_lateral:shape":"spar","seamark:buoy_lateral:system":"iala-a","seamark:topmark:colour":"red","seamark:topmark:shape":"cylinder","seamark:type":"buoy_lateral"}}},{"type":"Feature","geometry":{"type":"Point","coordinates":[31.0158674,62.7335925]},"properties":{"osm_id":9208041350,"osm_type":"node","seamark_type":"buoy_lateral","display_class":"OTHER","min_zoom":12,"importance":1,"name":null,"ref":null,"common":{"type":"buoy_lateral"},"children":{"buoy_lateral":{"category":"starboard","colour":"green","shape":"spar","system":"iala-a"},"topmark":{"colour":"green","shape":"cone, point up"}},"osm_tags":{"ref:vayla":"56846","seamark:buoy_lateral:category":"starboard","seamark:buoy_lateral:colour":"green","seamark:buoy_lateral:shape":"spar","seamark:buoy_lateral:system":"iala-a","seamark:topmark:colour":"green","seamark:topmark:shape":"cone, point up","seamark:type":"buoy_lateral"}}},{"type":"Feature","geometry":{"type":"Point","coordinates":[31.049702,62.7128345]},"properties":{"osm_id":9208041352,"osm_type":"node","seamark_type":"buoy_cardinal","display_class":"OTHER","min_zoom":12,"importance":1,"name":null,"ref":null,"common":{"type":"buoy_cardinal"},"children":{"buoy_cardinal":{"category":"south","colour":"yellow;black","colour_pattern":"horizontal","shape":"spar"},"topmark":{"colour":"black","shape":"2 cones down"}},"osm_tags":{"ref:vayla":"56860","seamark:buoy_cardinal:category":"south","seamark:buoy_cardinal:colour":"yellow;black","seamark:buoy_cardinal:colour_pattern":"horizontal","seamark:buoy_cardinal:shape":"spar","seamark:topmark:colour":"black","seamark:topmark:shape":"2 cones down","seamark:type":"buoy_cardinal"}}},{"type":"Feature","geometry":{"type":"Point","coordinates":[31.0665345,62.7113367]},"properties":{"osm_id":9208041354,"osm_type":"node","seamark_type":"buoy_lateral","display_class":"OTHER","min_zoom":12,"importance":1,"name":null,"ref":null,"common":{"type":"buoy_lateral"},"children":{"buoy_lateral":{"category":"starboard","colour":"green","shape":"spar","system":"iala-a"},"topmark":{"colour":"green","shape":"cone, point up"}},"osm_tags":{"ref:vayla":"56864","seamark:buoy_lateral:category":"starboard","seamark:buoy_lateral:colour":"green","seamark:buoy_lateral:shape":"spar","seamark:buoy_lateral:system":"iala-a","seamark:topmark:colour":"green","seamark:topmark:shape":"cone, point up","seamark:type":"buoy_lateral"}}},{"type":"Feature","geometry":{"type":"Point","coordinates":[31.1854707,62.5802571]},"properties":{"osm_id":9208041356,"osm_type":"node","seamark_type":"buoy_lateral","display_class":"OTHER","min_zoom":12,"importance":1,"name":null,"ref":null,"common":{"type":"buoy_lateral"},"children":{"buoy_lateral":{"category":"starboard","colour":"green","shape":"spar","system":"iala-a"},"topmark":{"colour":"green","shape":"cone, point up"}},"osm_tags":{"ref:vayla":"56900","seamark:buoy_lateral:category":"starboard","seamark:buoy_lateral:colour":"green","seamark:buoy_lateral:shape":"spar","seamark:buoy_lateral:system":"iala-a","seamark:topmark:colour":"green","seamark:topmark:shape":"cone, point up","seamark:type":"buoy_lateral"}}},{"type":"Feature","geometry":{"type":"Point","coordinates":[31.2337474,62.6461477]},"properties":{"osm_id":9208041357,"osm_type":"node","seamark_type":"buoy_lateral","display_class":"OTHER","min_zoom":12,"importance":1,"name":null,"ref":null,"common":{"type":"buoy_lateral"},"children":{"buoy_lateral":{"category":"starboard","colour":"green","shape":"spar","system":"iala-a"},"topmark":{"colour":"green","shape":"cone, point up"}},"osm_tags":{"ref:vayla":"56923","seamark:buoy_lateral:category":"starboard","seamark:buoy_lateral:colour":"green","seamark:buoy_lateral:shape":"spar","seamark:buoy_lateral:system":"iala-a","seamark:topmark:colour":"green","seamark:topmark:shape":"cone, point up","seamark:type":"buoy_lateral"}}},{"type":"Feature","geometry":{"type":"Point","coordinates":[31.1750762,62.6506824]},"properties":{"osm_id":9208041358,"osm_type":"node","seamark_type":"buoy_lateral","display_class":"OTHER","min_zoom":12,"importance":1,"name":null,"ref":null,"common":{"type":"buoy_lateral"},"children":{"buoy_lateral":{"category":"starboard","colour":"green","shape":"spar","system":"iala-a"},"topmark":{"colour":"green","shape":"cone, point up"}},"osm_tags":{"ref:vayla":"56873","seamark:buoy_lateral:category":"starboard","seamark:buoy_lateral:colour":"green","seamark:buoy_lateral:shape":"spar","seamark:buoy_lateral:system":"iala-a","seamark:topmark:colour":"green","seamark:topmark:shape":"cone, point up","seamark:type":"buoy_lateral"}}},{"type":"Feature","geometry":{"type":"Point","coordinates":[31.1936471,62.5907429]},"properties":{"osm_id":9208041360,"osm_type":"node","seamark_type":"buoy_lateral","display_class":"OTHER","min_zoom":12,"importance":1,"name":null,"ref":null,"common":{"type":"buoy_lateral"},"children":{"buoy_lateral":{"category":"starboard","colour":"green","shape":"spar","system":"iala-a"},"topmark":{"colour":"green","shape":"cone, point up"}},"osm_tags":{"ref:vayla":"56895","seamark:buoy_lateral:category":"starboard","seamark:buoy_lateral:colour":"green","seamark:buoy_lateral:shape":"spar","seamark:buoy_lateral:system":"iala-a","seamark:topmark:colour":"green","seamark:topmark:shape":"cone, point up","seamark:type":"buoy_lateral"}}},{"type":"Feature","geometry":{"type":"Point","coordinates":[31.0359725,62.7189393]},"properties":{"osm_id":9208041363,"osm_type":"node","seamark_type":"buoy_lateral","display_class":"OTHER","min_zoom":12,"importance":1,"name":null,"ref":null,"common":{"type":"buoy_lateral"},"children":{"buoy_lateral":{"category":"port","colour":"red","shape":"spar","system":"iala-a"},"topmark":{"colour":"red","shape":"cylinder"}},"osm_tags":{"ref:vayla":"56858","seamark:buoy_lateral:category":"port","seamark:buoy_lateral:colour":"red","seamark:buoy_lateral:shape":"spar","seamark:buoy_lateral:system":"iala-a","seamark:topmark:colour":"red","seamark:topmark:shape":"cylinder","seamark:type":"buoy_lateral"}}},{"type":"Feature","geometry":{"type":"Point","coordinates":[31.0092213,62.7451632]},"properties":{"osm_id":9208041364,"osm_type":"node","seamark_type":"buoy_lateral","display_class":"OTHER","min_zoom":12,"importance":1,"name":null,"ref":null,"common":{"type":"buoy_lateral"},"children":{"buoy_lateral":{"category":"starboard","colour":"green","shape":"spar","system":"iala-a"},"topmark":{"colour":"green","shape":"cone, point up"}},"osm_tags":{"ref:vayla":"56840","seamark:buoy_lateral:category":"starboard","seamark:buoy_lateral:colour":"green","seamark:buoy_lateral:shape":"spar","seamark:buoy_lateral:system":"iala-a","seamark:topmark:colour":"green","seamark:topmark:shape":"cone, point up","seamark:type":"buoy_lateral"}}},{"type":"Feature","geometry":{"type":"Point","coordinates":[31.2691192,62.6436873]},"properties":{"osm_id":9208041366,"osm_type":"node","seamark_type":"buoy_lateral","display_class":"OTHER","min_zoom":12,"importance":1,"name":null,"ref":null,"common":{"type":"buoy_lateral"},"children":{"buoy_lateral":{"category":"port","colour":"red","shape":"spar","system":"iala-a"},"topmark":{"colour":"red","shape":"cylinder"}},"osm_tags":{"ref:vayla":"56941","seamark:buoy_lateral:category":"port","seamark:buoy_lateral:colour":"red","seamark:buoy_lateral:shape":"spar","seamark:buoy_lateral:system":"iala-a","seamark:topmark:colour":"red","seamark:topmark:shape":"cylinder","seamark:type":"buoy_lateral"}}},{"type":"Feature","geometry":{"type":"Point","coordinates":[31.1425631,62.6781458]},"properties":{"osm_id":9208041368,"osm_type":"node","seamark_type":"buoy_lateral","display_class":"OTHER","min_zoom":12,"importance":1,"name":null,"ref":null,"common":{"type":"buoy_lateral"},"children":{"buoy_lateral":{"category":"port","colour":"red","shape":"spar","system":"iala-a"},"topmark":{"colour":"red","shape":"cylinder"}},"osm_tags":{"ref:vayla":"56865","seamark:buoy_lateral:category":"port","seamark:buoy_lateral:colour":"red","seamark:buoy_lateral:shape":"spar","seamark:buoy_lateral:system":"iala-a","seamark:topmark:colour":"red","seamark:topmark:shape":"cylinder","seamark:type":"buoy_lateral"}}},{"type":"Feature","geometry":{"type":"Point","coordinates":[31.2272806,62.6463318]},"properties":{"osm_id":9208041370,"osm_type":"node","seamark_type":"buoy_lateral","display_class":"OTHER","min_zoom":12,"importance":1,"name":null,"ref":null,"common":{"type":"buoy_lateral"},"children":{"buoy_lateral":{"category":"port","colour":"red","shape":"spar","system":"iala-a"},"topmark":{"colour":"red","shape":"cylinder"}},"osm_tags":{"ref:vayla":"56918","seamark:buoy_lateral:category":"port","seamark:buoy_lateral:colour":"red","seamark:buoy_lateral:shape":"spar","seamark:buoy_lateral:system":"iala-a","seamark:topmark:colour":"red","seamark:topmark:shape":"cylinder","seamark:type":"buoy_lateral"}}},{"type":"Feature","geometry":{"type":"Point","coordinates":[31.2371433,62.6499538]},"properties":{"osm_id":9208041371,"osm_type":"node","seamark_type":"buoy_lateral","display_class":"OTHER","min_zoom":12,"importance":1,"name":null,"ref":null,"common":{"type":"buoy_lateral"},"children":{"buoy_lateral":{"category":"starboard","colour":"green","shape":"spar","system":"iala-a"},"topmark":{"colour":"green","shape":"cone, point up"}},"osm_tags":{"ref:vayla":"56927","seamark:buoy_lateral:category":"starboard","seamark:buoy_lateral:colour":"green","seamark:buoy_lateral:shape":"spar","seamark:buoy_lateral:system":"iala-a","seamark:topmark:colour":"green","seamark:topmark:shape":"cone, point up","seamark:type":"buoy_lateral"}}},{"type":"Feature","geometry":{"type":"Point","coordinates":[31.278951,62.6429618]},"properties":{"osm_id":9208041373,"osm_type":"node","seamark_type":"buoy_lateral","display_class":"OTHER","min_zoom":12,"importance":1,"name":null,"ref":null,"common":{"type":"buoy_lateral"},"children":{"buoy_lateral":{"category":"port","colour":"red","shape":"spar","system":"iala-a"},"topmark":{"colour":"red","shape":"cylinder"}},"osm_tags":{"ref:vayla":"56947","seamark:buoy_lateral:category":"port","seamark:buoy_lateral:colour":"red","seamark:buoy_lateral:shape":"spar","seamark:buoy_lateral:system":"iala-a","seamark:topmark:colour":"red","seamark:topmark:shape":"cylinder","seamark:type":"buoy_lateral"}}},{"type":"Feature","geometry":{"type":"Point","coordinates":[31.1944245,62.6033231]},"properties":{"osm_id":9208041374,"osm_type":"node","seamark_type":"buoy_lateral","display_class":"OTHER","min_zoom":12,"importance":1,"name":null,"ref":null,"common":{"type":"buoy_lateral"},"children":{"buoy_lateral":{"category":"starboard","colour":"green","shape":"spar","system":"iala-a"},"topmark":{"colour":"green","shape":"cone, point up"}},"osm_tags":{"ref:vayla":"56892","seamark:buoy_lateral:category":"starboard","seamark:buoy_lateral:colour":"green","seamark:buoy_lateral:shape":"spar","seamark:buoy_lateral:system":"iala-a","seamark:topmark:colour":"green","seamark:topmark:shape":"cone, point up","seamark:type":"buoy_lateral"}}},{"type":"Feature","geometry":{"type":"Point","coordinates":[31.0272253,62.7186778]},"properties":{"osm_id":9208041376,"osm_type":"node","seamark_type":"buoy_lateral","display_class":"OTHER","min_zoom":12,"importance":1,"name":null,"ref":null,"common":{"type":"buoy_lateral"},"children":{"buoy_lateral":{"category":"port","colour":"red","shape":"spar","system":"iala-a"},"topmark":{"colour":"red","shape":"cylinder"}},"osm_tags":{"ref:vayla":"56855","seamark:buoy_lateral:category":"port","seamark:buoy_lateral:colour":"red","seamark:buoy_lateral:shape":"spar","seamark:buoy_lateral:system":"iala-a","seamark:topmark:colour":"red","seamark:topmark:shape":"cylinder","seamark:type":"buoy_lateral"}}},{"type":"Feature","geometry":{"type":"Point","coordinates":[31.1825006,62.5778855]},"properties":{"osm_id":9208041377,"osm_type":"node","seamark_type":"buoy_lateral","display_class":"OTHER","min_zoom":12,"importance":1,"name":null,"ref":null,"common":{"type":"buoy_lateral"},"children":{"buoy_lateral":{"category":"port","colour":"red","shape":"spar","system":"iala-a"},"topmark":{"colour":"red","shape":"cylinder"}},"osm_tags":{"ref:vayla":"56903","seamark:buoy_lateral:category":"port","seamark:buoy_lateral:colour":"red","seamark:buoy_lateral:shape":"spar","seamark:buoy_lateral:system":"iala-a","seamark:topmark:colour":"red","seamark:topmark:shape":"cylinder","seamark:type":"buoy_lateral"}}},{"type":"Feature","geometry":{"type":"Point","coordinates":[31.0500222,62.7124391]},"properties":{"osm_id":9208041379,"osm_type":"node","seamark_type":"buoy_cardinal","display_class":"OTHER","min_zoom":12,"importance":1,"name":null,"ref":null,"common":{"type":"buoy_cardinal"},"children":{"buoy_cardinal":{"category":"north","colour":"black;yellow","colour_pattern":"horizontal","shape":"spar"},"topmark":{"colour":"black","shape":"2 cones up"}},"osm_tags":{"ref:vayla":"56861","seamark:buoy_cardinal:category":"north","seamark:buoy_cardinal:colour":"black;yellow","seamark:buoy_cardinal:colour_pattern":"horizontal","seamark:buoy_cardinal:shape":"spar","seamark:topmark:colour":"black","seamark:topmark:shape":"2 cones up","seamark:type":"buoy_cardinal"}}},{"type":"Feature","geometry":{"type":"Point","coordinates":[31.0043456,62.7608888]},"properties":{"osm_id":9208041380,"osm_type":"node","seamark_type":"buoy_lateral","display_class":"OTHER","min_zoom":12,"importance":1,"name":null,"ref":null,"common":{"type":"buoy_lateral"},"children":{"buoy_lateral":{"category":"port","colour":"red","shape":"spar","system":"iala-a"},"topmark":{"colour":"red","shape":"cylinder"}},"osm_tags":{"ref:vayla":"56827","seamark:buoy_lateral:category":"port","seamark:buoy_lateral:colour":"red","seamark:buoy_lateral:shape":"spar","seamark:buoy_lateral:system":"iala-a","seamark:topmark:colour":"red","seamark:topmark:shape":"cylinder","seamark:type":"buoy_lateral"}}},{"type":"Feature","geometry":{"type":"Point","coordinates":[31.2494191,62.6473136]},"properties":{"osm_id":9208041382,"osm_type":"node","seamark_type":"buoy_lateral","display_class":"OTHER","min_zoom":12,"importance":1,"name":null,"ref":null,"common":{"type":"buoy_lateral"},"children":{"buoy_lateral":{"category":"starboard","colour":"green","shape":"spar","system":"iala-a"},"topmark":{"colour":"green","shape":"cone, point up"}},"osm_tags":{"ref:vayla":"56931","seamark:buoy_lateral:category":"starboard","seamark:buoy_lateral:colour":"green","seamark:buoy_lateral:shape":"spar","seamark:buoy_lateral:system":"iala-a","seamark:topmark:colour":"green","seamark:topmark:shape":"cone, point up","seamark:type":"buoy_lateral"}}},{"type":"Feature","geometry":{"type":"Point","coordinates":[31.201833,62.6229104]},"properties":{"osm_id":9208041384,"osm_type":"node","seamark_type":"buoy_lateral","display_class":"OTHER","min_zoom":12,"importance":1,"name":null,"ref":null,"common":{"type":"buoy_lateral"},"children":{"buoy_lateral":{"category":"starboard","colour":"green","shape":"spar","system":"iala-a"},"topmark":{"colour":"green","shape":"cone, point up"}},"osm_tags":{"ref:vayla":"56879","seamark:buoy_lateral:category":"starboard","seamark:buoy_lateral:colour":"green","seamark:buoy_lateral:shape":"spar","seamark:buoy_lateral:system":"iala-a","seamark:topmark:colour":"green","seamark:topmark:shape":"cone, point up","seamark:type":"buoy_lateral"}}},{"type":"Feature","geometry":{"type":"Point","coordinates":[31.1917169,62.5962044]},"properties":{"osm_id":9208041385,"osm_type":"node","seamark_type":"buoy_lateral","display_class":"OTHER","min_zoom":12,"importance":1,"name":null,"ref":null,"common":{"type":"buoy_lateral"},"children":{"buoy_lateral":{"category":"starboard","colour":"green","shape":"spar","system":"iala-a"},"topmark":{"colour":"green","shape":"cone, point up"}},"osm_tags":{"ref:vayla":"56894","seamark:buoy_lateral:category":"starboard","seamark:buoy_lateral:colour":"green","seamark:buoy_lateral:shape":"spar","seamark:buoy_lateral:system":"iala-a","seamark:topmark:colour":"green","seamark:topmark:shape":"cone, point up","seamark:type":"buoy_lateral"}}},{"type":"Feature","geometry":{"type":"Point","coordinates":[31.0077077,62.7428896]},"properties":{"osm_id":9208041387,"osm_type":"node","seamark_type":"buoy_lateral","display_class":"OTHER","min_zoom":12,"importance":1,"name":null,"ref":null,"common":{"type":"buoy_lateral"},"children":{"buoy_lateral":{"category":"starboard","colour":"green","shape":"spar","system":"iala-a"},"topmark":{"colour":"green","shape":"cone, point up"}},"osm_tags":{"ref:vayla":"56842","seamark:buoy_lateral:category":"starboard","seamark:buoy_lateral:colour":"green","seamark:buoy_lateral:shape":"spar","seamark:buoy_lateral:system":"iala-a","seamark:topmark:colour":"green","seamark:topmark:shape":"cone, point up","seamark:type":"buoy_lateral"}}},{"type":"Feature","geometry":{"type":"Point","coordinates":[31.073365,62.6698717]},"properties":{"osm_id":9208041389,"osm_type":"node","seamark_type":"buoy_lateral","display_class":"OTHER","min_zoom":12,"importance":1,"name":null,"ref":null,"common":{"type":"buoy_lateral"},"children":{"buoy_lateral":{"category":"starboard","colour":"green","shape":"spar","system":"iala-a"},"topmark":{"colour":"green","shape":"cone, point up"}},"osm_tags":{"ref:vayla":"56967","seamark:buoy_lateral:category":"starboard","seamark:buoy_lateral:colour":"green","seamark:buoy_lateral:shape":"spar","seamark:buoy_lateral:system":"iala-a","seamark:topmark:colour":"green","seamark:topmark:shape":"cone, point up","seamark:type":"buoy_lateral"}}},{"type":"Feature","geometry":{"type":"Point","coordinates":[31.1900352,62.5888651]},"properties":{"osm_id":9208041390,"osm_type":"node","seamark_type":"buoy_lateral","display_class":"OTHER","min_zoom":12,"importance":1,"name":null,"ref":null,"common":{"type":"buoy_lateral"},"children":{"buoy_lateral":{"category":"port","colour":"red","shape":"spar","system":"iala-a"},"topmark":{"colour":"red","shape":"cylinder"}},"osm_tags":{"ref:vayla":"56896","seamark:buoy_lateral:category":"port","seamark:buoy_lateral:colour":"red","seamark:buoy_lateral:shape":"spar","seamark:buoy_lateral:system":"iala-a","seamark:topmark:colour":"red","seamark:topmark:shape":"cylinder","seamark:type":"buoy_lateral"}}},{"type":"Feature","geometry":{"type":"Point","coordinates":[31.2241175,62.6484144]},"properties":{"osm_id":9208041391,"osm_type":"node","seamark_type":"buoy_lateral","display_class":"OTHER","min_zoom":12,"importance":1,"name":null,"ref":null,"common":{"type":"buoy_lateral"},"children":{"buoy_lateral":{"category":"starboard","colour":"green","shape":"spar","system":"iala-a"},"topmark":{"colour":"green","shape":"cone, point up"}},"osm_tags":{"ref:vayla":"56917","seamark:buoy_lateral:category":"starboard","seamark:buoy_lateral:colour":"green","seamark:buoy_lateral:shape":"spar","seamark:buoy_lateral:system":"iala-a","seamark:topmark:colour":"green","seamark:topmark:shape":"cone, point up","seamark:type":"buoy_lateral"}}},{"type":"Feature","geometry":{"type":"Point","coordinates":[31.2001137,62.6186476]},"properties":{"osm_id":9208041393,"osm_type":"node","seamark_type":"buoy_lateral","display_class":"OTHER","min_zoom":12,"importance":1,"name":null,"ref":null,"common":{"type":"buoy_lateral"},"children":{"buoy_lateral":{"category":"starboard","colour":"green","shape":"spar","system":"iala-a"},"topmark":{"colour":"green","shape":"cone, point up"}},"osm_tags":{"ref:vayla":"56886","seamark:buoy_lateral:category":"starboard","seamark:buoy_lateral:colour":"green","seamark:buoy_lateral:shape":"spar","seamark:buoy_lateral:system":"iala-a","seamark:topmark:colour":"green","seamark:topmark:shape":"cone, point up","seamark:type":"buoy_lateral"}}},{"type":"Feature","geometry":{"type":"Point","coordinates":[31.0157965,62.7543067]},"properties":{"osm_id":9208041394,"osm_type":"node","seamark_type":"buoy_lateral","display_class":"OTHER","min_zoom":12,"importance":1,"name":null,"ref":null,"common":{"type":"buoy_lateral"},"children":{"buoy_lateral":{"category":"starboard","colour":"green","shape":"spar","system":"iala-a"},"topmark":{"colour":"green","shape":"cone, point up"}},"osm_tags":{"ref:vayla":"56832","seamark:buoy_lateral:category":"starboard","seamark:buoy_lateral:colour":"green","seamark:buoy_lateral:shape":"spar","seamark:buoy_lateral:system":"iala-a","seamark:topmark:colour":"green","seamark:topmark:shape":"cone, point up","seamark:type":"buoy_lateral"}}},{"type":"Feature","geometry":{"type":"Point","coordinates":[31.1760389,62.6702053]},"properties":{"osm_id":9208041396,"osm_type":"node","seamark_type":"buoy_lateral","display_class":"OTHER","min_zoom":12,"importance":1,"name":null,"ref":null,"common":{"type":"buoy_lateral"},"children":{"buoy_lateral":{"category":"port","colour":"red","shape":"spar","system":"iala-a"},"topmark":{"colour":"red","shape":"cylinder"}},"osm_tags":{"ref:vayla":"56910","seamark:buoy_lateral:category":"port","seamark:buoy_lateral:colour":"red","seamark:buoy_lateral:shape":"spar","seamark:buoy_lateral:system":"iala-a","seamark:topmark:colour":"red","seamark:topmark:shape":"cylinder","seamark:type":"buoy_lateral"}}},{"type":"Feature","geometry":{"type":"Point","coordinates":[31.010838,62.74907]},"properties":{"osm_id":9208041397,"osm_type":"node","seamark_type":"buoy_lateral","display_class":"OTHER","min_zoom":12,"importance":1,"name":null,"ref":null,"common":{"type":"buoy_lateral"},"children":{"buoy_lateral":{"category":"starboard","colour":"green","shape":"spar","system":"iala-a"},"topmark":{"colour":"green","shape":"cone, point up"}},"osm_tags":{"ref:vayla":"56836","seamark:buoy_lateral:category":"starboard","seamark:buoy_lateral:colour":"green","seamark:buoy_lateral:shape":"spar","seamark:buoy_lateral:system":"iala-a","seamark:topmark:colour":"green","seamark:topmark:shape":"cone, point up","seamark:type":"buoy_lateral"}}},{"type":"Feature","geometry":{"type":"Point","coordinates":[31.2722324,62.6439391]},"properties":{"osm_id":9208041399,"osm_type":"node","seamark_type":"buoy_lateral","display_class":"OTHER","min_zoom":12,"importance":1,"name":null,"ref":null,"common":{"type":"buoy_lateral"},"children":{"buoy_lateral":{"category":"port","colour":"red","shape":"spar","system":"iala-a"},"topmark":{"colour":"red","shape":"cylinder"}},"osm_tags":{"ref:vayla":"56943","seamark:buoy_lateral:category":"port","seamark:buoy_lateral:colour":"red","seamark:buoy_lateral:shape":"spar","seamark:buoy_lateral:system":"iala-a","seamark:topmark:colour":"red","seamark:topmark:shape":"cylinder","seamark:type":"buoy_lateral"}}},{"type":"Feature","geometry":{"type":"Point","coordinates":[31.0664871,62.7115927]},"properties":{"osm_id":9208041401,"osm_type":"node","seamark_type":"buoy_lateral","display_class":"OTHER","min_zoom":12,"importance":1,"name":null,"ref":null,"common":{"type":"buoy_lateral"},"children":{"buoy_lateral":{"category":"port","colour":"red","shape":"spar","system":"iala-a"},"topmark":{"colour":"red","shape":"cylinder"}},"osm_tags":{"ref:vayla":"56863","seamark:buoy_lateral:category":"port","seamark:buoy_lateral:colour":"red","seamark:buoy_lateral:shape":"spar","seamark:buoy_lateral:system":"iala-a","seamark:topmark:colour":"red","seamark:topmark:shape":"cylinder","seamark:type":"buoy_lateral"}}},{"type":"Feature","geometry":{"type":"Point","coordinates":[31.1845162,62.579349]},"properties":{"osm_id":9208041403,"osm_type":"node","seamark_type":"buoy_lateral","display_class":"OTHER","min_zoom":12,"importance":1,"name":null,"ref":null,"common":{"type":"buoy_lateral"},"children":{"buoy_lateral":{"category":"port","colour":"red","shape":"spar","system":"iala-a"},"topmark":{"colour":"red","shape":"cylinder"}},"osm_tags":{"ref:vayla":"56901","seamark:buoy_lateral:category":"port","seamark:buoy_lateral:colour":"red","seamark:buoy_lateral:shape":"spar","seamark:buoy_lateral:system":"iala-a","seamark:topmark:colour":"red","seamark:topmark:shape":"cylinder","seamark:type":"buoy_lateral"}}},{"type":"Feature","geometry":{"type":"Point","coordinates":[31.2627892,62.6460623]},"properties":{"osm_id":9208041404,"osm_type":"node","seamark_type":"buoy_isolated_danger","display_class":"OTHER","min_zoom":12,"importance":1,"name":null,"ref":null,"common":{"type":"buoy_isolated_danger"},"children":{"buoy_isolated_danger":{"colour":"black;red;black","colour_pattern":"horizontal","shape":"spar"},"topmark":{"colour":"black","shape":"2 spheres"}},"osm_tags":{"ref:vayla":"56936","seamark:buoy_isolated_danger:colour":"black;red;black","seamark:buoy_isolated_danger:colour_pattern":"horizontal","seamark:buoy_isolated_danger:shape":"spar","seamark:topmark:colour":"black","seamark:topmark:shape":"2 spheres","seamark:type":"buoy_isolated_danger"}}},{"type":"Feature","geometry":{"type":"Point","coordinates":[31.2018239,62.6163734]},"properties":{"osm_id":9208041406,"osm_type":"node","seamark_type":"buoy_lateral","display_class":"OTHER","min_zoom":12,"importance":1,"name":null,"ref":null,"common":{"type":"buoy_lateral"},"children":{"buoy_lateral":{"category":"starboard","colour":"green","shape":"spar","system":"iala-a"},"topmark":{"colour":"green","shape":"cone, point up"}},"osm_tags":{"ref:vayla":"56888","seamark:buoy_lateral:category":"starboard","seamark:buoy_lateral:colour":"green","seamark:buoy_lateral:shape":"spar","seamark:buoy_lateral:system":"iala-a","seamark:topmark:colour":"green","seamark:topmark:shape":"cone, point up","seamark:type":"buoy_lateral"}}},{"type":"Feature","geometry":{"type":"Point","coordinates":[31.0729242,62.6690146]},"properties":{"osm_id":9208041407,"osm_type":"node","seamark_type":"buoy_lateral","display_class":"OTHER","min_zoom":12,"importance":1,"name":null,"ref":null,"common":{"type":"buoy_lateral"},"children":{"buoy_lateral":{"category":"port","colour":"red","shape":"spar","system":"iala-a"},"topmark":{"colour":"red","shape":"cylinder"}},"osm_tags":{"ref:vayla":"56968","seamark:buoy_lateral:category":"port","seamark:buoy_lateral:colour":"red","seamark:buoy_lateral:shape":"spar","seamark:buoy_lateral:system":"iala-a","seamark:topmark:colour":"red","seamark:topmark:shape":"cylinder","seamark:type":"buoy_lateral"}}},{"type":"Feature","geometry":{"type":"Point","coordinates":[31.0323082,62.7189681]},"properties":{"osm_id":9208041409,"osm_type":"node","seamark_type":"buoy_lateral","display_class":"OTHER","min_zoom":12,"importance":1,"name":null,"ref":null,"common":{"type":"buoy_lateral"},"children":{"buoy_lateral":{"category":"port","colour":"red","shape":"spar","system":"iala-a"},"topmark":{"colour":"red","shape":"cylinder"}},"osm_tags":{"ref:vayla":"56856","seamark:buoy_lateral:category":"port","seamark:buoy_lateral:colour":"red","seamark:buoy_lateral:shape":"spar","seamark:buoy_lateral:system":"iala-a","seamark:topmark:colour":"red","seamark:topmark:shape":"cylinder","seamark:type":"buoy_lateral"}}},{"type":"Feature","geometry":{"type":"Point","coordinates":[31.0095789,62.745149]},"properties":{"osm_id":9208041410,"osm_type":"node","seamark_type":"buoy_lateral","display_class":"OTHER","min_zoom":12,"importance":1,"name":null,"ref":null,"common":{"type":"buoy_lateral"},"children":{"buoy_lateral":{"category":"port","colour":"red","shape":"spar","system":"iala-a"},"topmark":{"colour":"red","shape":"cylinder"}},"osm_tags":{"ref:vayla":"56839","seamark:buoy_lateral:category":"port","seamark:buoy_lateral:colour":"red","seamark:buoy_lateral:shape":"spar","seamark:buoy_lateral:system":"iala-a","seamark:topmark:colour":"red","seamark:topmark:shape":"cylinder","seamark:type":"buoy_lateral"}}},{"type":"Feature","geometry":{"type":"Point","coordinates":[31.0563161,62.70424]},"properties":{"osm_id":9208041412,"osm_type":"node","seamark_type":"buoy_lateral","display_class":"OTHER","min_zoom":12,"importance":1,"name":null,"ref":null,"common":{"type":"buoy_lateral"},"children":{"buoy_lateral":{"category":"port","colour":"red","shape":"spar","system":"iala-a"},"topmark":{"colour":"red","shape":"cylinder"}},"osm_tags":{"ref:vayla":"56953","seamark:buoy_lateral:category":"port","seamark:buoy_lateral:colour":"red","seamark:buoy_lateral:shape":"spar","seamark:buoy_lateral:system":"iala-a","seamark:topmark:colour":"red","seamark:topmark:shape":"cylinder","seamark:type":"buoy_lateral"}}},{"type":"Feature","geometry":{"type":"Point","coordinates":[31.0755876,62.6771291]},"properties":{"osm_id":9208041414,"osm_type":"node","seamark_type":"buoy_lateral","display_class":"OTHER","min_zoom":12,"importance":1,"name":null,"ref":null,"common":{"type":"buoy_lateral"},"children":{"buoy_lateral":{"category":"starboard","colour":"green","shape":"spar","system":"iala-a"},"topmark":{"colour":"green","shape":"cone, point up"}},"osm_tags":{"ref:vayla":"56964","seamark:buoy_lateral:category":"starboard","seamark:buoy_lateral:colour":"green","seamark:buoy_lateral:shape":"spar","seamark:buoy_lateral:system":"iala-a","seamark:topmark:colour":"green","seamark:topmark:shape":"cone, point up","seamark:type":"buoy_lateral"}}},{"type":"Feature","geometry":{"type":"Point","coordinates":[31.2270189,62.6461816]},"properties":{"osm_id":9208041416,"osm_type":"node","seamark_type":"buoy_lateral","display_class":"OTHER","min_zoom":12,"importance":1,"name":null,"ref":null,"common":{"type":"buoy_lateral"},"children":{"buoy_lateral":{"category":"starboard","colour":"green","shape":"spar","system":"iala-a"},"topmark":{"colour":"green","shape":"cone, point up"}},"osm_tags":{"ref:vayla":"56919","seamark:buoy_lateral:category":"starboard","seamark:buoy_lateral:colour":"green","seamark:buoy_lateral:shape":"spar","seamark:buoy_lateral:system":"iala-a","seamark:topmark:colour":"green","seamark:topmark:shape":"cone, point up","seamark:type":"buoy_lateral"}}},{"type":"Feature","geometry":{"type":"Point","coordinates":[31.23664,62.650092]},"properties":{"osm_id":9208041417,"osm_type":"node","seamark_type":"buoy_lateral","display_class":"OTHER","min_zoom":12,"importance":1,"name":null,"ref":null,"common":{"type":"buoy_lateral"},"children":{"buoy_lateral":{"category":"port","colour":"red","shape":"spar","system":"iala-a"},"topmark":{"colour":"red","shape":"cylinder"}},"osm_tags":{"ref:vayla":"56926","seamark:buoy_lateral:category":"port","seamark:buoy_lateral:colour":"red","seamark:buoy_lateral:shape":"spar","seamark:buoy_lateral:system":"iala-a","seamark:topmark:colour":"red","seamark:topmark:shape":"cylinder","seamark:type":"buoy_lateral"}}},{"type":"Feature","geometry":{"type":"Point","coordinates":[31.2787653,62.6428612]},"properties":{"osm_id":9208041419,"osm_type":"node","seamark_type":"buoy_lateral","display_class":"OTHER","min_zoom":12,"importance":1,"name":null,"ref":null,"common":{"type":"buoy_lateral"},"children":{"buoy_lateral":{"category":"starboard","colour":"green","shape":"spar","system":"iala-a"},"topmark":{"colour":"green","shape":"cone, point up"}},"osm_tags":{"ref:vayla":"56948","seamark:buoy_lateral:category":"starboard","seamark:buoy_lateral:colour":"green","seamark:buoy_lateral:shape":"spar","seamark:buoy_lateral:system":"iala-a","seamark:topmark:colour":"green","seamark:topmark:shape":"cone, point up","seamark:type":"buoy_lateral"}}},{"type":"Feature","geometry":{"type":"Point","coordinates":[31.1966743,62.6208108]},"properties":{"osm_id":9208041420,"osm_type":"node","seamark_type":"buoy_lateral","display_class":"OTHER","min_zoom":12,"importance":1,"name":null,"ref":null,"common":{"type":"buoy_lateral"},"children":{"buoy_lateral":{"category":"starboard","colour":"green","shape":"spar","system":"iala-a"},"topmark":{"colour":"green","shape":"cone, point up"}},"osm_tags":{"ref:vayla":"56884","seamark:buoy_lateral:category":"starboard","seamark:buoy_lateral:colour":"green","seamark:buoy_lateral:shape":"spar","seamark:buoy_lateral:system":"iala-a","seamark:topmark:colour":"green","seamark:topmark:shape":"cone, point up","seamark:type":"buoy_lateral"}}},{"type":"Feature","geometry":{"type":"Point","coordinates":[31.2670446,62.644834]},"properties":{"osm_id":9208041421,"osm_type":"node","seamark_type":"buoy_lateral","display_class":"OTHER","min_zoom":12,"importance":1,"name":null,"ref":null,"common":{"type":"buoy_lateral"},"children":{"buoy_lateral":{"category":"starboard","colour":"green","shape":"spar","system":"iala-a"},"topmark":{"colour":"green","shape":"cone, point up"}},"osm_tags":{"ref:vayla":"56940","seamark:buoy_lateral:category":"starboard","seamark:buoy_lateral:colour":"green","seamark:buoy_lateral:shape":"spar","seamark:buoy_lateral:system":"iala-a","seamark:topmark:colour":"green","seamark:topmark:shape":"cone, point up","seamark:type":"buoy_lateral"}}},{"type":"Feature","geometry":{"type":"Point","coordinates":[31.0355227,62.7188224]},"properties":{"osm_id":9208041423,"osm_type":"node","seamark_type":"buoy_lateral","display_class":"OTHER","min_zoom":12,"importance":1,"name":null,"ref":null,"common":{"type":"buoy_lateral"},"children":{"buoy_lateral":{"category":"starboard","colour":"green","shape":"spar","system":"iala-a"},"topmark":{"colour":"green","shape":"cone, point up"}},"osm_tags":{"ref:vayla":"56859","seamark:buoy_lateral:category":"starboard","seamark:buoy_lateral:colour":"green","seamark:buoy_lateral:shape":"spar","seamark:buoy_lateral:system":"iala-a","seamark:topmark:colour":"green","seamark:topmark:shape":"cone, point up","seamark:type":"buoy_lateral"}}},{"type":"Feature","geometry":{"type":"Point","coordinates":[31.0492799,62.7094719]},"properties":{"osm_id":9208041425,"osm_type":"node","seamark_type":"buoy_lateral","display_class":"OTHER","min_zoom":12,"importance":1,"name":null,"ref":null,"common":{"type":"buoy_lateral"},"children":{"buoy_lateral":{"category":"starboard","colour":"green","shape":"spar","system":"iala-a"},"topmark":{"colour":"green","shape":"cone, point up"}},"osm_tags":{"ref:vayla":"56952","seamark:buoy_lateral:category":"starboard","seamark:buoy_lateral:colour":"green","seamark:buoy_lateral:shape":"spar","seamark:buoy_lateral:system":"iala-a","seamark:topmark:colour":"green","seamark:topmark:shape":"cone, point up","seamark:type":"buoy_lateral"}}},{"type":"Feature","geometry":{"type":"Point","coordinates":[31.0040192,62.7607889]},"properties":{"osm_id":9208041426,"osm_type":"node","seamark_type":"buoy_lateral","display_class":"OTHER","min_zoom":12,"importance":1,"name":null,"ref":null,"common":{"type":"buoy_lateral"},"children":{"buoy_lateral":{"category":"starboard","colour":"green","shape":"spar","system":"iala-a"},"topmark":{"colour":"green","shape":"cone, point up"}},"osm_tags":{"ref:vayla":"56828","seamark:buoy_lateral:category":"starboard","seamark:buoy_lateral:colour":"green","seamark:buoy_lateral:shape":"spar","seamark:buoy_lateral:system":"iala-a","seamark:topmark:colour":"green","seamark:topmark:shape":"cone, point up","seamark:type":"buoy_lateral"}}},{"type":"Feature","geometry":{"type":"Point","coordinates":[31.2610248,62.646534]},"properties":{"osm_id":9208041428,"osm_type":"node","seamark_type":"buoy_lateral","display_class":"OTHER","min_zoom":12,"importance":1,"name":null,"ref":null,"common":{"type":"buoy_lateral"},"children":{"buoy_lateral":{"category":"starboard","colour":"green","shape":"spar","system":"iala-a"},"topmark":{"colour":"green","shape":"cone, point up"}},"osm_tags":{"ref:vayla":"56935","seamark:buoy_lateral:category":"starboard","seamark:buoy_lateral:colour":"green","seamark:buoy_lateral:shape":"spar","seamark:buoy_lateral:system":"iala-a","seamark:topmark:colour":"green","seamark:topmark:shape":"cone, point up","seamark:type":"buoy_lateral"}}},{"type":"Feature","geometry":{"type":"Point","coordinates":[31.023526,62.7186007]},"properties":{"osm_id":9208041430,"osm_type":"node","seamark_type":"buoy_lateral","display_class":"OTHER","min_zoom":12,"importance":1,"name":null,"ref":null,"common":{"type":"buoy_lateral"},"children":{"buoy_lateral":{"category":"starboard","colour":"green","shape":"spar","system":"iala-a"},"topmark":{"colour":"green","shape":"cone, point up"}},"osm_tags":{"ref:vayla":"56852","seamark:buoy_lateral:category":"starboard","seamark:buoy_lateral:colour":"green","seamark:buoy_lateral:shape":"spar","seamark:buoy_lateral:system":"iala-a","seamark:topmark:colour":"green","seamark:topmark:shape":"cone, point up","seamark:type":"buoy_lateral"}}},{"type":"Feature","geometry":{"type":"Point","coordinates":[31.1793923,62.5756953]},"properties":{"osm_id":9208041431,"osm_type":"node","seamark_type":"buoy_lateral","display_class":"OTHER","min_zoom":12,"importance":1,"name":null,"ref":null,"common":{"type":"buoy_lateral"},"children":{"buoy_lateral":{"category":"starboard","colour":"green","shape":"spar","system":"iala-a"},"topmark":{"colour":"green","shape":"cone, point up"}},"osm_tags":{"ref:vayla":"56905","seamark:buoy_lateral:category":"starboard","seamark:buoy_lateral:colour":"green","seamark:buoy_lateral:shape":"spar","seamark:buoy_lateral:system":"iala-a","seamark:topmark:colour":"green","seamark:topmark:shape":"cone, point up","seamark:type":"buoy_lateral"}}},{"type":"Feature","geometry":{"type":"Point","coordinates":[31.1921553,62.596215]},"properties":{"osm_id":9208041432,"osm_type":"node","seamark_type":"buoy_lateral","display_class":"OTHER","min_zoom":12,"importance":1,"name":null,"ref":null,"common":{"type":"buoy_lateral"},"children":{"buoy_lateral":{"category":"port","colour":"red","shape":"spar","system":"iala-a"},"topmark":{"colour":"red","shape":"cylinder"}},"osm_tags":{"ref:vayla":"56893","seamark:buoy_lateral:category":"port","seamark:buoy_lateral:colour":"red","seamark:buoy_lateral:shape":"spar","seamark:buoy_lateral:system":"iala-a","seamark:topmark:colour":"red","seamark:topmark:shape":"cylinder","seamark:type":"buoy_lateral"}}},{"type":"Feature","geometry":{"type":"Point","coordinates":[31.0155275,62.7260255]},"properties":{"osm_id":9208041434,"osm_type":"node","seamark_type":"buoy_lateral","display_class":"OTHER","min_zoom":12,"importance":1,"name":null,"ref":null,"common":{"type":"buoy_lateral"},"children":{"buoy_lateral":{"category":"port","colour":"red","shape":"spar","system":"iala-a"},"topmark":{"colour":"red","shape":"cylinder"}},"osm_tags":{"ref:vayla":"56847","seamark:buoy_lateral:category":"port","seamark:buoy_lateral:colour":"red","seamark:buoy_lateral:shape":"spar","seamark:buoy_lateral:system":"iala-a","seamark:topmark:colour":"red","seamark:topmark:shape":"cylinder","seamark:type":"buoy_lateral"}}},{"type":"Feature","geometry":{"type":"Point","coordinates":[31.0745514,62.6808016]},"properties":{"osm_id":9208041436,"osm_type":"node","seamark_type":"buoy_lateral","display_class":"OTHER","min_zoom":12,"importance":1,"name":null,"ref":null,"common":{"type":"buoy_lateral"},"children":{"buoy_lateral":{"category":"starboard","colour":"green","shape":"spar","system":"iala-a"},"topmark":{"colour":"green","shape":"cone, point up"}},"osm_tags":{"ref:vayla":"56962","seamark:buoy_lateral:category":"starboard","seamark:buoy_lateral:colour":"green","seamark:buoy_lateral:shape":"spar","seamark:buoy_lateral:system":"iala-a","seamark:topmark:colour":"green","seamark:topmark:shape":"cone, point up","seamark:type":"buoy_lateral"}}},{"type":"Feature","geometry":{"type":"Point","coordinates":[31.1878222,62.5835483]},"properties":{"osm_id":9208041437,"osm_type":"node","seamark_type":"buoy_lateral","display_class":"OTHER","min_zoom":12,"importance":1,"name":null,"ref":null,"common":{"type":"buoy_lateral"},"children":{"buoy_lateral":{"category":"port","colour":"red","shape":"spar","system":"iala-a"},"topmark":{"colour":"red","shape":"cylinder"}},"osm_tags":{"ref:vayla":"56898","seamark:buoy_lateral:category":"port","seamark:buoy_lateral:colour":"red","seamark:buoy_lateral:shape":"spar","seamark:buoy_lateral:system":"iala-a","seamark:topmark:colour":"red","seamark:topmark:shape":"cylinder","seamark:type":"buoy_lateral"}}},{"type":"Feature","geometry":{"type":"Point","coordinates":[31.1707709,62.657092]},"properties":{"osm_id":9208041438,"osm_type":"node","seamark_type":"buoy_lateral","display_class":"OTHER","min_zoom":12,"importance":1,"name":null,"ref":null,"common":{"type":"buoy_lateral"},"children":{"buoy_lateral":{"category":"port","colour":"red","shape":"spar","system":"iala-a"},"topmark":{"colour":"red","shape":"cylinder"}},"osm_tags":{"ref:vayla":"56870","seamark:buoy_lateral:category":"port","seamark:buoy_lateral:colour":"red","seamark:buoy_lateral:shape":"spar","seamark:buoy_lateral:system":"iala-a","seamark:topmark:colour":"red","seamark:topmark:shape":"cylinder","seamark:type":"buoy_lateral"}}},{"type":"Feature","geometry":{"type":"Point","coordinates":[31.1983854,62.6216406]},"properties":{"osm_id":9208041440,"osm_type":"node","seamark_type":"buoy_lateral","display_class":"OTHER","min_zoom":12,"importance":1,"name":null,"ref":null,"common":{"type":"buoy_lateral"},"children":{"buoy_lateral":{"category":"port","colour":"red","shape":"spar","system":"iala-a"},"topmark":{"colour":"red","shape":"cylinder"}},"osm_tags":{"ref:vayla":"56881","seamark:buoy_lateral:category":"port","seamark:buoy_lateral:colour":"red","seamark:buoy_lateral:shape":"spar","seamark:buoy_lateral:system":"iala-a","seamark:topmark:colour":"red","seamark:topmark:shape":"cylinder","seamark:type":"buoy_lateral"}}},{"type":"Feature","geometry":{"type":"Point","coordinates":[31.0095633,62.7593028]},"properties":{"osm_id":9208041441,"osm_type":"node","seamark_type":"buoy_lateral","display_class":"OTHER","min_zoom":12,"importance":1,"name":null,"ref":null,"common":{"type":"buoy_lateral"},"children":{"buoy_lateral":{"category":"port","colour":"red","shape":"spar","system":"iala-a"},"topmark":{"colour":"red","shape":"cylinder"}},"osm_tags":{"ref:vayla":"56829","seamark:buoy_lateral:category":"port","seamark:buoy_lateral:colour":"red","seamark:buoy_lateral:shape":"spar","seamark:buoy_lateral:system":"iala-a","seamark:topmark:colour":"red","seamark:topmark:shape":"cylinder","seamark:type":"buoy_lateral"}}},{"type":"Feature","geometry":{"type":"Point","coordinates":[31.1629189,62.6682957]},"properties":{"osm_id":9208041443,"osm_type":"node","seamark_type":"buoy_cardinal","display_class":"OTHER","min_zoom":12,"importance":1,"name":null,"ref":null,"common":{"type":"buoy_cardinal"},"children":{"buoy_cardinal":{"category":"west","colour":"yellow;black;yellow","colour_pattern":"horizontal","shape":"spar"},"topmark":{"colour":"black","shape":"2 cones point together"}},"osm_tags":{"ref:vayla":"56867","seamark:buoy_cardinal:category":"west","seamark:buoy_cardinal:colour":"yellow;black;yellow","seamark:buoy_cardinal:colour_pattern":"horizontal","seamark:buoy_cardinal:shape":"spar","seamark:topmark:colour":"black","seamark:topmark:shape":"2 cones point together","seamark:type":"buoy_cardinal"}}},{"type":"Feature","geometry":{"type":"Point","coordinates":[31.0110407,62.7489914]},"properties":{"osm_id":9208041444,"osm_type":"node","seamark_type":"buoy_lateral","display_class":"OTHER","min_zoom":12,"importance":1,"name":null,"ref":null,"common":{"type":"buoy_lateral"},"children":{"buoy_lateral":{"category":"port","colour":"red","shape":"spar","system":"iala-a"},"topmark":{"colour":"red","shape":"cylinder"}},"osm_tags":{"ref:vayla":"56835","seamark:buoy_lateral:category":"port","seamark:buoy_lateral:colour":"red","seamark:buoy_lateral:shape":"spar","seamark:buoy_lateral:system":"iala-a","seamark:topmark:colour":"red","seamark:topmark:shape":"cylinder","seamark:type":"buoy_lateral"}}},{"type":"Feature","geometry":{"type":"Point","coordinates":[31.2765542,62.6433623]},"properties":{"osm_id":9208041446,"osm_type":"node","seamark_type":"buoy_lateral","display_class":"OTHER","min_zoom":12,"importance":1,"name":null,"ref":null,"common":{"type":"buoy_lateral"},"children":{"buoy_lateral":{"category":"starboard","colour":"green","shape":"spar","system":"iala-a"},"topmark":{"colour":"green","shape":"cone, point up"}},"osm_tags":{"ref:vayla":"56946","seamark:buoy_lateral:category":"starboard","seamark:buoy_lateral:colour":"green","seamark:buoy_lateral:shape":"spar","seamark:buoy_lateral:system":"iala-a","seamark:topmark:colour":"green","seamark:topmark:shape":"cone, point up","seamark:type":"buoy_lateral"}}},{"type":"Feature","geometry":{"type":"Point","coordinates":[31.1416433,62.677885]},"properties":{"osm_id":9208041448,"osm_type":"node","seamark_type":"buoy_lateral","display_class":"OTHER","min_zoom":12,"importance":1,"name":null,"ref":null,"common":{"type":"buoy_lateral"},"children":{"buoy_lateral":{"category":"starboard","colour":"green","shape":"spar","system":"iala-a"},"topmark":{"colour":"green","shape":"cone, point up"}},"osm_tags":{"ref:vayla":"56866","seamark:buoy_lateral:category":"starboard","seamark:buoy_lateral:colour":"green","seamark:buoy_lateral:shape":"spar","seamark:buoy_lateral:system":"iala-a","seamark:topmark:colour":"green","seamark:topmark:shape":"cone, point up","seamark:type":"buoy_lateral"}}},{"type":"Feature","geometry":{"type":"Point","coordinates":[31.1876499,62.5835713]},"properties":{"osm_id":9208041450,"osm_type":"node","seamark_type":"buoy_lateral","display_class":"OTHER","min_zoom":12,"importance":1,"name":null,"ref":null,"common":{"type":"buoy_lateral"},"children":{"buoy_lateral":{"category":"starboard","colour":"green","shape":"spar","system":"iala-a"},"topmark":{"colour":"green","shape":"cone, point up"}},"osm_tags":{"ref:vayla":"56899","seamark:buoy_lateral:category":"starboard","seamark:buoy_lateral:colour":"green","seamark:buoy_lateral:shape":"spar","seamark:buoy_lateral:system":"iala-a","seamark:topmark:colour":"green","seamark:topmark:shape":"cone, point up","seamark:type":"buoy_lateral"}}},{"type":"Feature","geometry":{"type":"Point","coordinates":[31.2650134,62.6453998]},"properties":{"osm_id":9208041451,"osm_type":"node","seamark_type":"buoy_lateral","display_class":"OTHER","min_zoom":12,"importance":1,"name":null,"ref":null,"common":{"type":"buoy_lateral"},"children":{"buoy_lateral":{"category":"port","colour":"red","shape":"spar","system":"iala-a"},"topmark":{"colour":"red","shape":"cylinder"}},"osm_tags":{"ref:vayla":"56937","seamark:buoy_lateral:category":"port","seamark:buoy_lateral:colour":"red","seamark:buoy_lateral:shape":"spar","seamark:buoy_lateral:system":"iala-a","seamark:topmark:colour":"red","seamark:topmark:shape":"cylinder","seamark:type":"buoy_lateral"}}},{"type":"Feature","geometry":{"type":"Point","coordinates":[31.2023603,62.6163401]},"properties":{"osm_id":9208041453,"osm_type":"node","seamark_type":"buoy_lateral","display_class":"OTHER","min_zoom":12,"importance":1,"name":null,"ref":null,"common":{"type":"buoy_lateral"},"children":{"buoy_lateral":{"category":"port","colour":"red","shape":"spar","system":"iala-a"},"topmark":{"colour":"red","shape":"cylinder"}},"osm_tags":{"ref:vayla":"56887","seamark:buoy_lateral:category":"port","seamark:buoy_lateral:colour":"red","seamark:buoy_lateral:shape":"spar","seamark:buoy_lateral:system":"iala-a","seamark:topmark:colour":"red","seamark:topmark:shape":"cylinder","seamark:type":"buoy_lateral"}}},{"type":"Feature","geometry":{"type":"Point","coordinates":[31.0174607,62.7202079]},"properties":{"osm_id":9208041455,"osm_type":"node","seamark_type":"buoy_lateral","display_class":"OTHER","min_zoom":12,"importance":1,"name":null,"ref":null,"common":{"type":"buoy_lateral"},"children":{"buoy_lateral":{"category":"port","colour":"red","shape":"spar","system":"iala-a"},"topmark":{"colour":"red","shape":"cylinder"}},"osm_tags":{"ref:vayla":"56849","seamark:buoy_lateral:category":"port","seamark:buoy_lateral:colour":"red","seamark:buoy_lateral:shape":"spar","seamark:buoy_lateral:system":"iala-a","seamark:topmark:colour":"red","seamark:topmark:shape":"cylinder","seamark:type":"buoy_lateral"}}},{"type":"Feature","geometry":{"type":"Point","coordinates":[31.1822594,62.5779342]},"properties":{"osm_id":9208041456,"osm_type":"node","seamark_type":"buoy_lateral","display_class":"OTHER","min_zoom":12,"importance":1,"name":null,"ref":null,"common":{"type":"buoy_lateral"},"children":{"buoy_lateral":{"category":"starboard","colour":"green","shape":"spar","system":"iala-a"},"topmark":{"colour":"green","shape":"cone, point up"}},"osm_tags":{"ref:vayla":"56904","seamark:buoy_lateral:category":"starboard","seamark:buoy_lateral:colour":"green","seamark:buoy_lateral:shape":"spar","seamark:buoy_lateral:system":"iala-a","seamark:topmark:colour":"green","seamark:topmark:shape":"cone, point up","seamark:type":"buoy_lateral"}}},{"type":"Feature","geometry":{"type":"Point","coordinates":[31.0094469,62.7482752]},"properties":{"osm_id":9208041457,"osm_type":"node","seamark_type":"buoy_lateral","display_class":"OTHER","min_zoom":12,"importance":1,"name":null,"ref":null,"common":{"type":"buoy_lateral"},"children":{"buoy_lateral":{"category":"starboard","colour":"green","shape":"spar","system":"iala-a"},"topmark":{"colour":"green","shape":"cone, point up"}},"osm_tags":{"ref:vayla":"56838","seamark:buoy_lateral:category":"starboard","seamark:buoy_lateral:colour":"green","seamark:buoy_lateral:shape":"spar","seamark:buoy_lateral:system":"iala-a","seamark:topmark:colour":"green","seamark:topmark:shape":"cone, point up","seamark:type":"buoy_lateral"}}},{"type":"Feature","geometry":{"type":"Point","coordinates":[31.0559004,62.7040906]},"properties":{"osm_id":9208041459,"osm_type":"node","seamark_type":"buoy_lateral","display_class":"OTHER","min_zoom":12,"importance":1,"name":null,"ref":null,"common":{"type":"buoy_lateral"},"children":{"buoy_lateral":{"category":"starboard","colour":"green","shape":"spar","system":"iala-a"},"topmark":{"colour":"green","shape":"cone, point up"}},"osm_tags":{"ref:vayla":"56954","seamark:buoy_lateral:category":"starboard","seamark:buoy_lateral:colour":"green","seamark:buoy_lateral:shape":"spar","seamark:buoy_lateral:system":"iala-a","seamark:topmark:colour":"green","seamark:topmark:shape":"cone, point up","seamark:type":"buoy_lateral"}}},{"type":"Feature","geometry":{"type":"Point","coordinates":[31.0752389,62.680808]},"properties":{"osm_id":9208041461,"osm_type":"node","seamark_type":"buoy_lateral","display_class":"OTHER","min_zoom":12,"importance":1,"name":null,"ref":null,"common":{"type":"buoy_lateral"},"children":{"buoy_lateral":{"category":"port","colour":"red","shape":"spar","system":"iala-a"},"topmark":{"colour":"red","shape":"cylinder"}},"osm_tags":{"ref:vayla":"56961","seamark:buoy_lateral:category":"port","seamark:buoy_lateral:colour":"red","seamark:buoy_lateral:shape":"spar","seamark:buoy_lateral:system":"iala-a","seamark:topmark:colour":"red","seamark:topmark:shape":"cylinder","seamark:type":"buoy_lateral"}}},{"type":"Feature","geometry":{"type":"Point","coordinates":[31.2356179,62.6476549]},"properties":{"osm_id":9208041463,"osm_type":"node","seamark_type":"buoy_lateral","display_class":"OTHER","min_zoom":12,"importance":1,"name":null,"ref":null,"common":{"type":"buoy_lateral"},"children":{"buoy_lateral":{"category":"port","colour":"red","shape":"spar","system":"iala-a"},"topmark":{"colour":"red","shape":"cylinder"}},"osm_tags":{"ref:vayla":"56924","seamark:buoy_lateral:category":"port","seamark:buoy_lateral:colour":"red","seamark:buoy_lateral:shape":"spar","seamark:buoy_lateral:system":"iala-a","seamark:topmark:colour":"red","seamark:topmark:shape":"cylinder","seamark:type":"buoy_lateral"}}},{"type":"Feature","geometry":{"type":"Point","coordinates":[31.2447746,62.6499886]},"properties":{"osm_id":9208041464,"osm_type":"node","seamark_type":"buoy_lateral","display_class":"OTHER","min_zoom":12,"importance":1,"name":null,"ref":null,"common":{"type":"buoy_lateral"},"children":{"buoy_lateral":{"category":"port","colour":"red","shape":"spar","system":"iala-a"},"topmark":{"colour":"red","shape":"cylinder"}},"osm_tags":{"ref:vayla":"56928","seamark:buoy_lateral:category":"port","seamark:buoy_lateral:colour":"red","seamark:buoy_lateral:shape":"spar","seamark:buoy_lateral:system":"iala-a","seamark:topmark:colour":"red","seamark:topmark:shape":"cylinder","seamark:type":"buoy_lateral"}}},{"type":"Feature","geometry":{"type":"Point","coordinates":[31.1989705,62.6221381]},"properties":{"osm_id":9208041466,"osm_type":"node","seamark_type":"buoy_lateral","display_class":"OTHER","min_zoom":12,"importance":1,"name":null,"ref":null,"common":{"type":"buoy_lateral"},"children":{"buoy_lateral":{"category":"starboard","colour":"green","shape":"spar","system":"iala-a"},"topmark":{"colour":"green","shape":"cone, point up"}},"osm_tags":{"ref:vayla":"56880","seamark:buoy_lateral:category":"starboard","seamark:buoy_lateral:colour":"green","seamark:buoy_lateral:shape":"spar","seamark:buoy_lateral:system":"iala-a","seamark:topmark:colour":"green","seamark:topmark:shape":"cone, point up","seamark:type":"buoy_lateral"}}},{"type":"Feature","geometry":{"type":"Point","coordinates":[31.0126198,62.7362476]},"properties":{"osm_id":9208041467,"osm_type":"node","seamark_type":"buoy_lateral","display_class":"OTHER","min_zoom":12,"importance":1,"name":null,"ref":null,"common":{"type":"buoy_lateral"},"children":{"buoy_lateral":{"category":"port","colour":"red","shape":"spar","system":"iala-a"},"topmark":{"colour":"red","shape":"cylinder"}},"osm_tags":{"ref:vayla":"56843","seamark:buoy_lateral:category":"port","seamark:buoy_lateral:colour":"red","seamark:buoy_lateral:shape":"spar","seamark:buoy_lateral:system":"iala-a","seamark:topmark:colour":"red","seamark:topmark:shape":"cylinder","seamark:type":"buoy_lateral"}}},{"type":"Feature","geometry":{"type":"LineString","coordinates":[[31.2338606,62.6439437],[31.2314512,62.645091],[31.2243451,62.6485163]]},"properties":{"osm_id":997209544,"osm_type":"way","seamark_type":"navigation_line","display_class":"OTHER","min_zoom":12,"importance":1,"name":null,"ref":null,"common":{"type":"navigation_line"},"children":{},"osm_tags":{"seamark:type":"navigation_line"}}},{"type":"Feature","geometry":{"type":"LineString","coordinates":[[31.1955265,62.6256016],[31.1954402,62.6257324],[31.1934396,62.628728]]},"properties":{"osm_id":997209545,"osm_type":"way","seamark_type":"navigation_line","display_class":"OTHER","min_zoom":12,"importance":1,"name":null,"ref":null,"common":{"type":"navigation_line"},"children":{},"osm_tags":{"seamark:type":"navigation_line"}}},{"type":"Feature","geometry":{"type":"LineString","coordinates":[[31.1706648,62.6570681],[31.1756958,62.650758]]},"properties":{"osm_id":997209546,"osm_type":"way","seamark_type":"recommended_track","display_class":"OTHER","min_zoom":12,"importance":1,"name":null,"ref":null,"common":{"type":"recommended_track"},"children":{"recommended_track":{"minimum_depth":"1.2"}},"osm_tags":{"ref:vayla":"98050","seamark:recommended_track:minimum_depth":"1.2","seamark:type":"recommended_track"}}},{"type":"Feature","geometry":{"type":"LineString","coordinates":[[31.0750358,62.6808106],[31.0758036,62.6771159]]},"properties":{"osm_id":997209547,"osm_type":"way","seamark_type":"recommended_track","display_class":"OTHER","min_zoom":12,"importance":1,"name":null,"ref":null,"common":{"type":"recommended_track"},"children":{"recommended_track":{"minimum_depth":"0.9"}},"osm_tags":{"ref:vayla":"98052","seamark:recommended_track:minimum_depth":"0.9","seamark:type":"recommended_track"}}},{"type":"Feature","geometry":{"type":"LineString","coordinates":[[31.0499489,62.7126234],[31.0508537,62.7124525]]},"properties":{"osm_id":997209548,"osm_type":"way","seamark_type":"recommended_track","display_class":"OTHER","min_zoom":12,"importance":1,"name":null,"ref":null,"common":{"type":"recommended_track"},"children":{"recommended_track":{"minimum_depth":"1.2"}},"osm_tags":{"ref:vayla":"98046","seamark:recommended_track:minimum_depth":"1.2","seamark:type":"recommended_track"}}},{"type":"Feature","geometry":{"type":"LineString","coordinates":[[31.1983327,62.6216821],[31.1970495,62.6208205]]},"properties":{"osm_id":997209549,"osm_type":"way","seamark_type":"recommended_track","display_class":"OTHER","min_zoom":12,"importance":1,"name":null,"ref":null,"common":{"type":"recommended_track"},"children":{"recommended_track":{"minimum_depth":"1.2"}},"osm_tags":{"ref:vayla":"98050","seamark:recommended_track:minimum_depth":"1.2","seamark:type":"recommended_track"}}},{"type":"Feature","geometry":{"type":"LineString","coordinates":[[31.1824117,62.5779164],[31.179412,62.5756538]]},"properties":{"osm_id":997209550,"osm_type":"way","seamark_type":"recommended_track","display_class":"OTHER","min_zoom":12,"importance":1,"name":null,"ref":null,"common":{"type":"recommended_track"},"children":{"recommended_track":{"minimum_depth":"1.2"}},"osm_tags":{"ref:vayla":"98050","seamark:recommended_track:minimum_depth":"1.2","seamark:type":"recommended_track"}}},{"type":"Feature","geometry":{"type":"LineString","coordinates":[[31.2447854,62.6499735],[31.2496762,62.6473544]]},"properties":{"osm_id":997209551,"osm_type":"way","seamark_type":"recommended_track","display_class":"OTHER","min_zoom":12,"importance":1,"name":null,"ref":null,"common":{"type":"recommended_track"},"children":{"recommended_track":{"minimum_depth":"1.2"}},"osm_tags":{"ref:vayla":"98048","seamark:recommended_track:minimum_depth":"1.2","seamark:type":"recommended_track"}}},{"type":"Feature","geometry":{"type":"LineString","coordinates":[[31.0109318,62.7490578],[31.0096354,62.7482909]]},"properties":{"osm_id":997209552,"osm_type":"way","seamark_type":"recommended_track","display_class":"OTHER","min_zoom":12,"importance":1,"name":null,"ref":null,"common":{"type":"recommended_track"},"children":{"recommended_track":{"minimum_depth":"1.2"}},"osm_tags":{"ref:vayla":"98046","seamark:recommended_track:minimum_depth":"1.2","seamark:type":"recommended_track"}}},{"type":"Feature","geometry":{"type":"LineString","coordinates":[[31.2021887,62.6164136],[31.1946305,62.6079334]]},"properties":{"osm_id":997209553,"osm_type":"way","seamark_type":"recommended_track","display_class":"OTHER","min_zoom":12,"importance":1,"name":null,"ref":null,"common":{"type":"recommended_track"},"children":{"recommended_track":{"minimum_depth":"1.2"}},"osm_tags":{"ref:vayla":"98050","seamark:recommended_track:minimum_depth":"1.2","seamark:type":"recommended_track"}}},{"type":"Feature","geometry":{"type":"LineString","coordinates":[[31.1629087,62.6680453],[31.1640278,62.6679992]]},"properties":{"osm_id":997209554,"osm_type":"way","seamark_type":"recommended_track","display_class":"OTHER","min_zoom":12,"importance":1,"name":null,"ref":null,"common":{"type":"recommended_track"},"children":{"recommended_track":{"minimum_depth":"1.2"}},"osm_tags":{"ref:vayla":"98048","seamark:recommended_track:minimum_depth":"1.2","seamark:type":"recommended_track"}}},{"type":"Feature","geometry":{"type":"LineString","coordinates":[[31.189885,62.5888885],[31.1905269,62.5859319]]},"properties":{"osm_id":997209555,"osm_type":"way","seamark_type":"recommended_track","display_class":"OTHER","min_zoom":12,"importance":1,"name":null,"ref":null,"common":{"type":"recommended_track"},"children":{"recommended_track":{"minimum_depth":"1.2"}},"osm_tags":{"ref:vayla":"98050","seamark:recommended_track:minimum_depth":"1.2","seamark:type":"recommended_track"}}},{"type":"Feature","geometry":{"type":"LineString","coordinates":[[31.2611676,62.6466444],[31.2631254,62.6462171]]},"properties":{"osm_id":997209556,"osm_type":"way","seamark_type":"recommended_track","display_class":"OTHER","min_zoom":12,"importance":1,"name":null,"ref":null,"common":{"type":"recommended_track"},"children":{"recommended_track":{"minimum_depth":"1.2"}},"osm_tags":{"ref:vayla":"98048","seamark:recommended_track:minimum_depth":"1.2","seamark:type":"recommended_track"}}},{"type":"Feature","geometry":{"type":"LineString","coordinates":[[31.0079529,62.7428906],[31.0122872,62.7361963]]},"properties":{"osm_id":997209557,"osm_type":"way","seamark_type":"recommended_track","display_class":"OTHER","min_zoom":12,"importance":1,"name":null,"ref":null,"common":{"type":"recommended_track"},"children":{"recommended_track":{"minimum_depth":"1.2"}},"osm_tags":{"ref:vayla":"98046","seamark:recommended_track:minimum_depth":"1.2","seamark:type":"recommended_track"}}},{"type":"Feature","geometry":{"type":"LineString","coordinates":[[31.2722433,62.6438896],[31.2766651,62.6434506]]},"properties":{"osm_id":997209558,"osm_type":"way","seamark_type":"recommended_track","display_class":"OTHER","min_zoom":12,"importance":1,"name":null,"ref":null,"common":{"type":"recommended_track"},"children":{"recommended_track":{"minimum_depth":"1.2"}},"osm_tags":{"ref:vayla":"98048","seamark:recommended_track:minimum_depth":"1.2","seamark:type":"recommended_track"}}},{"type":"Feature","geometry":{"type":"LineString","coordinates":[[31.0042655,62.7608753],[31.0095543,62.7592702]]},"properties":{"osm_id":997209559,"osm_type":"way","seamark_type":"recommended_track","display_class":"OTHER","min_zoom":12,"importance":1,"name":null,"ref":null,"common":{"type":"recommended_track"},"children":{"recommended_track":{"minimum_depth":"1.2"}},"osm_tags":{"ref:vayla":"98046","seamark:recommended_track:minimum_depth":"1.2","seamark:type":"recommended_track"}}},{"type":"Feature","geometry":{"type":"LineString","coordinates":[[31.0597678,62.7027494],[31.0586918,62.6969497]]},"properties":{"osm_id":997209560,"osm_type":"way","seamark_type":"recommended_track","display_class":"OTHER","min_zoom":12,"importance":1,"name":null,"ref":null,"common":{"type":"recommended_track"},"children":{"recommended_track":{"minimum_depth":"0.9"}},"osm_tags":{"ref:vayla":"98052","seamark:recommended_track:minimum_depth":"0.9","seamark:type":"recommended_track"}}},{"type":"Feature","geometry":{"type":"LineString","coordinates":[[31.0249374,62.7187529],[31.0273068,62.7185863]]},"properties":{"osm_id":997209561,"osm_type":"way","seamark_type":"recommended_track","display_class":"OTHER","min_zoom":12,"importance":1,"name":null,"ref":null,"common":{"type":"recommended_track"},"children":{"recommended_track":{"minimum_depth":"1.2"}},"osm_tags":{"ref:vayla":"98046","seamark:recommended_track:minimum_depth":"1.2","seamark:type":"recommended_track"}}},{"type":"Feature","geometry":{"type":"LineString","coordinates":[[31.1856243,62.5802448],[31.1844757,62.5794086]]},"properties":{"osm_id":997209562,"osm_type":"way","seamark_type":"recommended_track","display_class":"OTHER","min_zoom":12,"importance":1,"name":null,"ref":null,"common":{"type":"recommended_track"},"children":{"recommended_track":{"minimum_depth":"1.2"}},"osm_tags":{"ref:vayla":"98050","seamark:recommended_track:minimum_depth":"1.2","seamark:type":"recommended_track"}}},{"type":"Feature","geometry":{"type":"LineString","coordinates":[[31.2358722,62.6476793],[31.2368524,62.6500806]]},"properties":{"osm_id":997209563,"osm_type":"way","seamark_type":"recommended_track","display_class":"OTHER","min_zoom":12,"importance":1,"name":null,"ref":null,"common":{"type":"recommended_track"},"children":{"recommended_track":{"minimum_depth":"1.2"}},"osm_tags":{"ref:vayla":"98048","seamark:recommended_track:minimum_depth":"1.2","seamark:type":"recommended_track"}}},{"type":"Feature","geometry":{"type":"LineString","coordinates":[[31.168091,62.6595736],[31.1706648,62.6570681]]},"properties":{"osm_id":997209564,"osm_type":"way","seamark_type":"recommended_track","display_class":"OTHER","min_zoom":12,"importance":1,"name":null,"ref":null,"common":{"type":"recommended_track"},"children":{"recommended_track":{"minimum_depth":"1.2"}},"osm_tags":{"ref:vayla":"98050","seamark:recommended_track:minimum_depth":"1.2","seamark:type":"recommended_track"}}},{"type":"Feature","geometry":{"type":"LineString","coordinates":[[31.1640278,62.6679992],[31.168091,62.6595736]]},"properties":{"osm_id":997209565,"osm_type":"way","seamark_type":"recommended_track","display_class":"OTHER","min_zoom":12,"importance":1,"name":null,"ref":null,"common":{"type":"recommended_track"},"children":{"recommended_track":{"minimum_depth":"1.2"}},"osm_tags":{"ref:vayla":"98050","seamark:recommended_track:minimum_depth":"1.2","seamark:type":"recommended_track"}}},{"type":"Feature","geometry":{"type":"LineString","coordinates":[[31.0679191,62.6851085],[31.0750358,62.6808106]]},"properties":{"osm_id":997209566,"osm_type":"way","seamark_type":"recommended_track","display_class":"OTHER","min_zoom":12,"importance":1,"name":null,"ref":null,"common":{"type":"recommended_track"},"children":{"recommended_track":{"minimum_depth":"0.9"}},"osm_tags":{"ref:vayla":"98052","seamark:recommended_track:minimum_depth":"0.9","seamark:type":"recommended_track"}}},{"type":"Feature","geometry":{"type":"LineString","coordinates":[[31.0358434,62.7189266],[31.0499489,62.7126234]]},"properties":{"osm_id":997209567,"osm_type":"way","seamark_type":"recommended_track","display_class":"OTHER","min_zoom":12,"importance":1,"name":null,"ref":null,"common":{"type":"recommended_track"},"children":{"recommended_track":{"minimum_depth":"1.2"}},"osm_tags":{"ref:vayla":"98046","seamark:recommended_track:minimum_depth":"1.2","seamark:type":"recommended_track"}}},{"type":"Feature","geometry":{"type":"LineString","coordinates":[[31.1991802,62.6220579],[31.1983327,62.6216821]]},"properties":{"osm_id":997209568,"osm_type":"way","seamark_type":"recommended_track","display_class":"OTHER","min_zoom":12,"importance":1,"name":null,"ref":null,"common":{"type":"recommended_track"},"children":{"recommended_track":{"minimum_depth":"1.2"}},"osm_tags":{"ref:vayla":"98050","seamark:recommended_track:minimum_depth":"1.2","seamark:type":"recommended_track"}}},{"type":"Feature","geometry":{"type":"LineString","coordinates":[[31.0713834,62.6669377],[31.0702353,62.6648384]]},"properties":{"osm_id":997209569,"osm_type":"way","seamark_type":"recommended_track","display_class":"OTHER","min_zoom":12,"importance":1,"name":null,"ref":null,"common":{"type":"recommended_track"},"children":{"recommended_track":{"minimum_depth":"0.9"}},"osm_tags":{"ref:vayla":"98052","seamark:recommended_track:minimum_depth":"0.9","seamark:type":"recommended_track"}}},{"type":"Feature","geometry":{"type":"LineString","coordinates":[[31.2368524,62.6500806],[31.2447854,62.6499735]]},"properties":{"osm_id":997209570,"osm_type":"way","seamark_type":"recommended_track","display_class":"OTHER","min_zoom":12,"importance":1,"name":null,"ref":null,"common":{"type":"recommended_track"},"children":{"recommended_track":{"minimum_depth":"1.2"}},"osm_tags":{"ref:vayla":"98048","seamark:recommended_track:minimum_depth":"1.2","seamark:type":"recommended_track"}}},{"type":"Feature","geometry":{"type":"LineString","coordinates":[[31.0153933,62.7518844],[31.0109318,62.7490578]]},"properties":{"osm_id":997209571,"osm_type":"way","seamark_type":"recommended_track","display_class":"OTHER","min_zoom":12,"importance":1,"name":null,"ref":null,"common":{"type":"recommended_track"},"children":{"recommended_track":{"minimum_depth":"1.2"}},"osm_tags":{"ref:vayla":"98046","seamark:recommended_track:minimum_depth":"1.2","seamark:type":"recommended_track"}}},{"type":"Feature","geometry":{"type":"LineString","coordinates":[[31.2003396,62.6187067],[31.2021887,62.6164136]]},"properties":{"osm_id":997209572,"osm_type":"way","seamark_type":"recommended_track","display_class":"OTHER","min_zoom":12,"importance":1,"name":null,"ref":null,"common":{"type":"recommended_track"},"children":{"recommended_track":{"minimum_depth":"1.2"}},"osm_tags":{"ref:vayla":"98050","seamark:recommended_track:minimum_depth":"1.2","seamark:type":"recommended_track"}}},{"type":"Feature","geometry":{"type":"LineString","coordinates":[[31.1423156,62.6780639],[31.1629087,62.6680453]]},"properties":{"osm_id":997209573,"osm_type":"way","seamark_type":"recommended_track","display_class":"OTHER","min_zoom":12,"importance":1,"name":null,"ref":null,"common":{"type":"recommended_track"},"children":{"recommended_track":{"minimum_depth":"1.2"}},"osm_tags":{"ref:vayla":"98048","seamark:recommended_track:minimum_depth":"1.2","seamark:type":"recommended_track"}}},{"type":"Feature","geometry":{"type":"LineString","coordinates":[[31.1938539,62.5907267],[31.189885,62.5888885]]},"properties":{"osm_id":997209574,"osm_type":"way","seamark_type":"recommended_track","display_class":"OTHER","min_zoom":12,"importance":1,"name":null,"ref":null,"common":{"type":"recommended_track"},"children":{"recommended_track":{"minimum_depth":"1.2"}},"osm_tags":{"ref:vayla":"98050","seamark:recommended_track:minimum_depth":"1.2","seamark:type":"recommended_track"}}},{"type":"Feature","geometry":{"type":"LineString","coordinates":[[31.2243451,62.6485163],[31.2271733,62.6462839]]},"properties":{"osm_id":997209575,"osm_type":"way","seamark_type":"recommended_track","display_class":"OTHER","min_zoom":12,"importance":1,"name":null,"ref":null,"common":{"type":"recommended_track"},"children":{"recommended_track":{"minimum_depth":"1.2"}},"osm_tags":{"ref:vayla":"98048","seamark:recommended_track:minimum_depth":"1.2","seamark:type":"recommended_track"}}},{"type":"Feature","geometry":{"type":"LineString","coordinates":[[31.0094322,62.7452026],[31.0079529,62.7428906]]},"properties":{"osm_id":997209576,"osm_type":"way","seamark_type":"recommended_track","display_class":"OTHER","min_zoom":12,"importance":1,"name":null,"ref":null,"common":{"type":"recommended_track"},"children":{"recommended_track":{"minimum_depth":"1.2"}},"osm_tags":{"ref:vayla":"98046","seamark:recommended_track:minimum_depth":"1.2","seamark:type":"recommended_track"}}},{"type":"Feature","geometry":{"type":"LineString","coordinates":[[31.2691049,62.643622],[31.2722433,62.6438896]]},"properties":{"osm_id":997209577,"osm_type":"way","seamark_type":"recommended_track","display_class":"OTHER","min_zoom":12,"importance":1,"name":null,"ref":null,"common":{"type":"recommended_track"},"children":{"recommended_track":{"minimum_depth":"1.2"}},"osm_tags":{"ref:vayla":"98048","seamark:recommended_track:minimum_depth":"1.2","seamark:type":"recommended_track"}}},{"type":"Feature","geometry":{"type":"LineString","coordinates":[[31.0562199,62.7041809],[31.0597678,62.7027494]]},"properties":{"osm_id":997209578,"osm_type":"way","seamark_type":"recommended_track","display_class":"OTHER","min_zoom":12,"importance":1,"name":null,"ref":null,"common":{"type":"recommended_track"},"children":{"recommended_track":{"minimum_depth":"0.9"}},"osm_tags":{"ref:vayla":"98052","seamark:recommended_track:minimum_depth":"0.9","seamark:type":"recommended_track"}}},{"type":"Feature","geometry":{"type":"LineString","coordinates":[[31.0237318,62.7187019],[31.0249374,62.7187529]]},"properties":{"osm_id":997209579,"osm_type":"way","seamark_type":"recommended_track","display_class":"OTHER","min_zoom":12,"importance":1,"name":null,"ref":null,"common":{"type":"recommended_track"},"children":{"recommended_track":{"minimum_depth":"1.2"}},"osm_tags":{"ref:vayla":"98046","seamark:recommended_track:minimum_depth":"1.2","seamark:type":"recommended_track"}}},{"type":"Feature","geometry":{"type":"LineString","coordinates":[[31.1877495,62.5835689],[31.1856243,62.5802448]]},"properties":{"osm_id":997209580,"osm_type":"way","seamark_type":"recommended_track","display_class":"OTHER","min_zoom":12,"importance":1,"name":null,"ref":null,"common":{"type":"recommended_track"},"children":{"recommended_track":{"minimum_depth":"1.2"}},"osm_tags":{"ref:vayla":"98050","seamark:recommended_track:minimum_depth":"1.2","seamark:type":"recommended_track"}}},{"type":"Feature","geometry":{"type":"LineString","coordinates":[[31.2339261,62.6460959],[31.2358722,62.6476793]]},"properties":{"osm_id":997209581,"osm_type":"way","seamark_type":"recommended_track","display_class":"OTHER","min_zoom":12,"importance":1,"name":null,"ref":null,"common":{"type":"recommended_track"},"children":{"recommended_track":{"minimum_depth":"1.2"}},"osm_tags":{"ref:vayla":"98048","seamark:recommended_track:minimum_depth":"1.2","seamark:type":"recommended_track"}}},{"type":"Feature","geometry":{"type":"LineString","coordinates":[[31.0508537,62.7124525],[31.0665809,62.7115088]]},"properties":{"osm_id":997209582,"osm_type":"way","seamark_type":"recommended_track","display_class":"OTHER","min_zoom":12,"importance":1,"name":null,"ref":null,"common":{"type":"recommended_track"},"children":{"recommended_track":{"minimum_depth":"1.2"}},"osm_tags":{"ref:vayla":"98048","seamark:recommended_track:minimum_depth":"1.2","seamark:type":"recommended_track"}}},{"type":"Feature","geometry":{"type":"LineString","coordinates":[[31.0625197,62.6945696],[31.0679191,62.6851085]]},"properties":{"osm_id":997209583,"osm_type":"way","seamark_type":"recommended_track","display_class":"OTHER","min_zoom":12,"importance":1,"name":null,"ref":null,"common":{"type":"recommended_track"},"children":{"recommended_track":{"minimum_depth":"0.9"}},"osm_tags":{"ref:vayla":"98052","seamark:recommended_track:minimum_depth":"0.9","seamark:type":"recommended_track"}}},{"type":"Feature","geometry":{"type":"LineString","coordinates":[[31.0323287,62.7189077],[31.0358434,62.7189266]]},"properties":{"osm_id":997209584,"osm_type":"way","seamark_type":"recommended_track","display_class":"OTHER","min_zoom":12,"importance":1,"name":null,"ref":null,"common":{"type":"recommended_track"},"children":{"recommended_track":{"minimum_depth":"1.2"}},"osm_tags":{"ref:vayla":"98046","seamark:recommended_track:minimum_depth":"1.2","seamark:type":"recommended_track"}}},{"type":"Feature","geometry":{"type":"LineString","coordinates":[[31.2024503,62.6228812],[31.1991802,62.6220579]]},"properties":{"osm_id":997209585,"osm_type":"way","seamark_type":"recommended_track","display_class":"OTHER","min_zoom":12,"importance":1,"name":null,"ref":null,"common":{"type":"recommended_track"},"children":{"recommended_track":{"minimum_depth":"1.2"}},"osm_tags":{"ref:vayla":"98050","seamark:recommended_track:minimum_depth":"1.2","seamark:type":"recommended_track"}}},{"type":"Feature","geometry":{"type":"LineString","coordinates":[[31.0726528,62.6690909],[31.0713834,62.6669377]]},"properties":{"osm_id":997209586,"osm_type":"way","seamark_type":"recommended_track","display_class":"OTHER","min_zoom":12,"importance":1,"name":null,"ref":null,"common":{"type":"recommended_track"},"children":{"recommended_track":{"minimum_depth":"0.9"}},"osm_tags":{"ref:vayla":"98052","seamark:recommended_track:minimum_depth":"0.9","seamark:type":"recommended_track"}}},{"type":"Feature","geometry":{"type":"LineString","coordinates":[[31.2671875,62.644872],[31.2691049,62.643622]]},"properties":{"osm_id":997209587,"osm_type":"way","seamark_type":"recommended_track","display_class":"OTHER","min_zoom":12,"importance":1,"name":null,"ref":null,"common":{"type":"recommended_track"},"children":{"recommended_track":{"minimum_depth":"1.2"}},"osm_tags":{"ref:vayla":"98048","seamark:recommended_track:minimum_depth":"1.2","seamark:type":"recommended_track"}}},{"type":"Feature","geometry":{"type":"LineString","coordinates":[[31.0160651,62.7543722],[31.0153933,62.7518844]]},"properties":{"osm_id":997209588,"osm_type":"way","seamark_type":"recommended_track","display_class":"OTHER","min_zoom":12,"importance":1,"name":null,"ref":null,"common":{"type":"recommended_track"},"children":{"recommended_track":{"minimum_depth":"1.2"}},"osm_tags":{"ref:vayla":"98046","seamark:recommended_track:minimum_depth":"1.2","seamark:type":"recommended_track"}}},{"type":"Feature","geometry":{"type":"LineString","coordinates":[[31.1970495,62.6208205],[31.2003396,62.6187067]]},"properties":{"osm_id":997209589,"osm_type":"way","seamark_type":"recommended_track","display_class":"OTHER","min_zoom":12,"importance":1,"name":null,"ref":null,"common":{"type":"recommended_track"},"children":{"recommended_track":{"minimum_depth":"1.2"}},"osm_tags":{"ref:vayla":"98050","seamark:recommended_track:minimum_depth":"1.2","seamark:type":"recommended_track"}}},{"type":"Feature","geometry":{"type":"LineString","coordinates":[[31.0665809,62.7115088],[31.1423156,62.6780639]]},"properties":{"osm_id":997209590,"osm_type":"way","seamark_type":"recommended_track","display_class":"OTHER","min_zoom":12,"importance":1,"name":null,"ref":null,"common":{"type":"recommended_track"},"children":{"recommended_track":{"minimum_depth":"1.2"}},"osm_tags":{"ref:vayla":"98048","seamark:recommended_track:minimum_depth":"1.2","seamark:type":"recommended_track"}}},{"type":"Feature","geometry":{"type":"LineString","coordinates":[[31.1920695,62.5961978],[31.1938539,62.5907267]]},"properties":{"osm_id":997209591,"osm_type":"way","seamark_type":"recommended_track","display_class":"OTHER","min_zoom":12,"importance":1,"name":null,"ref":null,"common":{"type":"recommended_track"},"children":{"recommended_track":{"minimum_depth":"1.2"}},"osm_tags":{"ref:vayla":"98050","seamark:recommended_track:minimum_depth":"1.2","seamark:type":"recommended_track"}}},{"type":"Feature","geometry":{"type":"LineString","coordinates":[[31.1969796,62.6618096],[31.2243451,62.6485163]]},"properties":{"osm_id":997209592,"osm_type":"way","seamark_type":"recommended_track","display_class":"OTHER","min_zoom":12,"importance":1,"name":null,"ref":null,"common":{"type":"recommended_track"},"children":{"recommended_track":{"minimum_depth":"1.2"}},"osm_tags":{"ref:vayla":"98048","seamark:recommended_track:minimum_depth":"1.2","seamark:type":"recommended_track"}}},{"type":"Feature","geometry":{"type":"LineString","coordinates":[[31.1848367,62.641713],[31.1934396,62.628728]]},"properties":{"osm_id":997209593,"osm_type":"way","seamark_type":"recommended_track","display_class":"OTHER","min_zoom":12,"importance":1,"name":null,"ref":null,"common":{"type":"recommended_track"},"children":{"recommended_track":{"minimum_depth":"1.2"}},"osm_tags":{"ref:vayla":"98050","seamark:recommended_track:minimum_depth":"1.2","seamark:type":"recommended_track"}}},{"type":"Feature","geometry":{"type":"LineString","coordinates":[[31.0496329,62.7095065],[31.0562199,62.7041809]]},"properties":{"osm_id":997209594,"osm_type":"way","seamark_type":"recommended_track","display_class":"OTHER","min_zoom":12,"importance":1,"name":null,"ref":null,"common":{"type":"recommended_track"},"children":{"recommended_track":{"minimum_depth":"0.9"}},"osm_tags":{"ref:vayla":"98052","seamark:recommended_track:minimum_depth":"0.9","seamark:type":"recommended_track"}}},{"type":"Feature","geometry":{"type":"LineString","coordinates":[[31.0172386,62.7200626],[31.0237318,62.7187019]]},"properties":{"osm_id":997209595,"osm_type":"way","seamark_type":"recommended_track","display_class":"OTHER","min_zoom":12,"importance":1,"name":null,"ref":null,"common":{"type":"recommended_track"},"children":{"recommended_track":{"minimum_depth":"1.2"}},"osm_tags":{"ref:vayla":"98046","seamark:recommended_track:minimum_depth":"1.2","seamark:type":"recommended_track"}}},{"type":"Feature","geometry":{"type":"LineString","coordinates":[[31.1905269,62.5859319],[31.1877495,62.5835689]]},"properties":{"osm_id":997209596,"osm_type":"way","seamark_type":"recommended_track","display_class":"OTHER","min_zoom":12,"importance":1,"name":null,"ref":null,"common":{"type":"recommended_track"},"children":{"recommended_track":{"minimum_depth":"1.2"}},"osm_tags":{"ref:vayla":"98050","seamark:recommended_track:minimum_depth":"1.2","seamark:type":"recommended_track"}}},{"type":"Feature","geometry":{"type":"LineString","coordinates":[[31.2305926,62.6457756],[31.2339261,62.6460959]]},"properties":{"osm_id":997209597,"osm_type":"way","seamark_type":"recommended_track","display_class":"OTHER","min_zoom":12,"importance":1,"name":null,"ref":null,"common":{"type":"recommended_track"},"children":{"recommended_track":{"minimum_depth":"1.2"}},"osm_tags":{"ref:vayla":"98048","seamark:recommended_track:minimum_depth":"1.2","seamark:type":"recommended_track"}}},{"type":"Feature","geometry":{"type":"LineString","coordinates":[[31.0116109,62.7584344],[31.0160651,62.7543722]]},"properties":{"osm_id":997209598,"osm_type":"way","seamark_type":"recommended_track","display_class":"OTHER","min_zoom":12,"importance":1,"name":null,"ref":null,"common":{"type":"recommended_track"},"children":{"recommended_track":{"minimum_depth":"1.2"}},"osm_tags":{"ref:vayla":"98046","seamark:recommended_track:minimum_depth":"1.2","seamark:type":"recommended_track"}}},{"type":"Feature","geometry":{"type":"LineString","coordinates":[[31.0508537,62.7124525],[31.0496329,62.7095065]]},"properties":{"osm_id":997209599,"osm_type":"way","seamark_type":"recommended_track","display_class":"OTHER","min_zoom":12,"importance":1,"name":null,"ref":null,"common":{"type":"recommended_track"},"children":{"recommended_track":{"minimum_depth":"0.9"}},"osm_tags":{"ref:vayla":"98052","seamark:recommended_track:minimum_depth":"0.9","seamark:type":"recommended_track"}}},{"type":"Feature","geometry":{"type":"LineString","coordinates":[[31.25525,62.6467159],[31.2611676,62.6466444]]},"properties":{"osm_id":997209600,"osm_type":"way","seamark_type":"recommended_track","display_class":"OTHER","min_zoom":12,"importance":1,"name":null,"ref":null,"common":{"type":"recommended_track"},"children":{"recommended_track":{"minimum_depth":"1.2"}},"osm_tags":{"ref:vayla":"98048","seamark:recommended_track:minimum_depth":"1.2","seamark:type":"recommended_track"}}},{"type":"Feature","geometry":{"type":"LineString","coordinates":[[31.0273068,62.7185863],[31.0323287,62.7189077]]},"properties":{"osm_id":997209601,"osm_type":"way","seamark_type":"recommended_track","display_class":"OTHER","min_zoom":12,"importance":1,"name":null,"ref":null,"common":{"type":"recommended_track"},"children":{"recommended_track":{"minimum_depth":"1.2"}},"osm_tags":{"ref:vayla":"98046","seamark:recommended_track:minimum_depth":"1.2","seamark:type":"recommended_track"}}},{"type":"Feature","geometry":{"type":"LineString","coordinates":[[31.1934396,62.628728],[31.2024503,62.6228812]]},"properties":{"osm_id":997209602,"osm_type":"way","seamark_type":"recommended_track","display_class":"OTHER","min_zoom":12,"importance":1,"name":null,"ref":null,"common":{"type":"recommended_track"},"children":{"recommended_track":{"minimum_depth":"1.2"}},"osm_tags":{"ref:vayla":"98050","seamark:recommended_track:minimum_depth":"1.2","seamark:type":"recommended_track"}}},{"type":"Feature","geometry":{"type":"LineString","coordinates":[[31.0738092,62.6697665],[31.0726528,62.6690909]]},"properties":{"osm_id":997209603,"osm_type":"way","seamark_type":"recommended_track","display_class":"OTHER","min_zoom":12,"importance":1,"name":null,"ref":null,"common":{"type":"recommended_track"},"children":{"recommended_track":{"minimum_depth":"0.9"}},"osm_tags":{"ref:vayla":"98052","seamark:recommended_track:minimum_depth":"0.9","seamark:type":"recommended_track"}}},{"type":"Feature","geometry":{"type":"LineString","coordinates":[[31.264988,62.6453631],[31.2671875,62.644872]]},"properties":{"osm_id":997209604,"osm_type":"way","seamark_type":"recommended_track","display_class":"OTHER","min_zoom":12,"importance":1,"name":null,"ref":null,"common":{"type":"recommended_track"},"children":{"recommended_track":{"minimum_depth":"1.2"}},"osm_tags":{"ref:vayla":"98048","seamark:recommended_track:minimum_depth":"1.2","seamark:type":"recommended_track"}}},{"type":"Feature","geometry":{"type":"LineString","coordinates":[[31.0163037,62.7337044],[31.0152943,62.7260558]]},"properties":{"osm_id":997209605,"osm_type":"way","seamark_type":"recommended_track","display_class":"OTHER","min_zoom":12,"importance":1,"name":null,"ref":null,"common":{"type":"recommended_track"},"children":{"recommended_track":{"minimum_depth":"1.2"}},"osm_tags":{"ref:vayla":"98046","seamark:recommended_track:minimum_depth":"1.2","seamark:type":"recommended_track"}}},{"type":"Feature","geometry":{"type":"LineString","coordinates":[[31.2789155,62.6429286],[31.2815502,62.641267]]},"properties":{"osm_id":997209606,"osm_type":"way","seamark_type":"recommended_track","display_class":"OTHER","min_zoom":12,"importance":1,"name":null,"ref":null,"common":{"type":"recommended_track"},"children":{"recommended_track":{"minimum_depth":"1.2"}},"osm_tags":{"ref:vayla":"98048","seamark:recommended_track:minimum_depth":"1.2","seamark:type":"recommended_track"}}},{"type":"Feature","geometry":{"type":"LineString","coordinates":[[31.0702353,62.6648384],[31.0638966,62.6544615]]},"properties":{"osm_id":997209607,"osm_type":"way","seamark_type":"recommended_track","display_class":"OTHER","min_zoom":12,"importance":1,"name":null,"ref":null,"common":{"type":"recommended_track"},"children":{"recommended_track":{"minimum_depth":"0.9"}},"osm_tags":{"ref:vayla":"98052","seamark:recommended_track:minimum_depth":"0.9","seamark:type":"recommended_track"}}},{"type":"Feature","geometry":{"type":"LineString","coordinates":[[31.1949551,62.6033497],[31.1920695,62.5961978]]},"properties":{"osm_id":997209608,"osm_type":"way","seamark_type":"recommended_track","display_class":"OTHER","min_zoom":12,"importance":1,"name":null,"ref":null,"common":{"type":"recommended_track"},"children":{"recommended_track":{"minimum_depth":"1.2"}},"osm_tags":{"ref:vayla":"98050","seamark:recommended_track:minimum_depth":"1.2","seamark:type":"recommended_track"}}},{"type":"Feature","geometry":{"type":"LineString","coordinates":[[31.1794493,62.6692318],[31.1969796,62.6618096]]},"properties":{"osm_id":997209609,"osm_type":"way","seamark_type":"recommended_track","display_class":"OTHER","min_zoom":12,"importance":1,"name":null,"ref":null,"common":{"type":"recommended_track"},"children":{"recommended_track":{"minimum_depth":"1.2"}},"osm_tags":{"ref:vayla":"98048","seamark:recommended_track:minimum_depth":"1.2","seamark:type":"recommended_track"}}},{"type":"Feature","geometry":{"type":"LineString","coordinates":[[31.1756958,62.650758],[31.1848367,62.641713]]},"properties":{"osm_id":997209610,"osm_type":"way","seamark_type":"recommended_track","display_class":"OTHER","min_zoom":12,"importance":1,"name":null,"ref":null,"common":{"type":"recommended_track"},"children":{"recommended_track":{"minimum_depth":"1.2"}},"osm_tags":{"ref:vayla":"98050","seamark:recommended_track:minimum_depth":"1.2","seamark:type":"recommended_track"}}},{"type":"Feature","geometry":{"type":"LineString","coordinates":[[31.0758036,62.6771159],[31.0767865,62.6730017]]},"properties":{"osm_id":997209611,"osm_type":"way","seamark_type":"recommended_track","display_class":"OTHER","min_zoom":12,"importance":1,"name":null,"ref":null,"common":{"type":"recommended_track"},"children":{"recommended_track":{"minimum_depth":"0.9"}},"osm_tags":{"ref:vayla":"98052","seamark:recommended_track:minimum_depth":"0.9","seamark:type":"recommended_track"}}},{"type":"Feature","geometry":{"type":"LineString","coordinates":[[31.0152943,62.7260558],[31.0172386,62.7200626]]},"properties":{"osm_id":997209612,"osm_type":"way","seamark_type":"recommended_track","display_class":"OTHER","min_zoom":12,"importance":1,"name":null,"ref":null,"common":{"type":"recommended_track"},"children":{"recommended_track":{"minimum_depth":"1.2"}},"osm_tags":{"ref:vayla":"98046","seamark:recommended_track:minimum_depth":"1.2","seamark:type":"recommended_track"}}},{"type":"Feature","geometry":{"type":"LineString","coordinates":[[31.2271733,62.6462839],[31.2305926,62.6457756]]},"properties":{"osm_id":997209613,"osm_type":"way","seamark_type":"recommended_track","display_class":"OTHER","min_zoom":12,"importance":1,"name":null,"ref":null,"common":{"type":"recommended_track"},"children":{"recommended_track":{"minimum_depth":"1.2"}},"osm_tags":{"ref:vayla":"98048","seamark:recommended_track:minimum_depth":"1.2","seamark:type":"recommended_track"}}},{"type":"Feature","geometry":{"type":"LineString","coordinates":[[31.0095543,62.7592702],[31.0116109,62.7584344]]},"properties":{"osm_id":997209614,"osm_type":"way","seamark_type":"recommended_track","display_class":"OTHER","min_zoom":12,"importance":1,"name":null,"ref":null,"common":{"type":"recommended_track"},"children":{"recommended_track":{"minimum_depth":"1.2"}},"osm_tags":{"ref:vayla":"98046","seamark:recommended_track:minimum_depth":"1.2","seamark:type":"recommended_track"}}},{"type":"Feature","geometry":{"type":"LineString","coordinates":[[31.179412,62.5756538],[31.1762197,62.5759605]]},"properties":{"osm_id":997209615,"osm_type":"way","seamark_type":"recommended_track","display_class":"OTHER","min_zoom":12,"importance":1,"name":null,"ref":null,"common":{"type":"recommended_track"},"children":{"recommended_track":{"minimum_depth":"1.2"}},"osm_tags":{"ref:vayla":"98050","seamark:recommended_track:minimum_depth":"1.2","seamark:type":"recommended_track"}}},{"type":"Feature","geometry":{"type":"LineString","coordinates":[[31.2496762,62.6473544],[31.25525,62.6467159]]},"properties":{"osm_id":997209616,"osm_type":"way","seamark_type":"recommended_track","display_class":"OTHER","min_zoom":12,"importance":1,"name":null,"ref":null,"common":{"type":"recommended_track"},"children":{"recommended_track":{"minimum_depth":"1.2"}},"osm_tags":{"ref:vayla":"98048","seamark:recommended_track:minimum_depth":"1.2","seamark:type":"recommended_track"}}},{"type":"Feature","geometry":{"type":"LineString","coordinates":[[31.0096354,62.7482909],[31.0094322,62.7452026]]},"properties":{"osm_id":997209617,"osm_type":"way","seamark_type":"recommended_track","display_class":"OTHER","min_zoom":12,"importance":1,"name":null,"ref":null,"common":{"type":"recommended_track"},"children":{"recommended_track":{"minimum_depth":"1.2"}},"osm_tags":{"ref:vayla":"98046","seamark:recommended_track:minimum_depth":"1.2","seamark:type":"recommended_track"}}},{"type":"Feature","geometry":{"type":"LineString","coordinates":[[31.1946305,62.6079334],[31.1949551,62.6033497]]},"properties":{"osm_id":997209618,"osm_type":"way","seamark_type":"recommended_track","display_class":"OTHER","min_zoom":12,"importance":1,"name":null,"ref":null,"common":{"type":"recommended_track"},"children":{"recommended_track":{"minimum_depth":"1.2"}},"osm_tags":{"ref:vayla":"98050","seamark:recommended_track:minimum_depth":"1.2","seamark:type":"recommended_track"}}},{"type":"Feature","geometry":{"type":"LineString","coordinates":[[31.0767865,62.6730017],[31.0738092,62.6697665]]},"properties":{"osm_id":997209619,"osm_type":"way","seamark_type":"recommended_track","display_class":"OTHER","min_zoom":12,"importance":1,"name":null,"ref":null,"common":{"type":"recommended_track"},"children":{"recommended_track":{"minimum_depth":"0.9"}},"osm_tags":{"ref:vayla":"98052","seamark:recommended_track:minimum_depth":"0.9","seamark:type":"recommended_track"}}},{"type":"Feature","geometry":{"type":"LineString","coordinates":[[31.2631254,62.6462171],[31.264988,62.6453631]]},"properties":{"osm_id":997209620,"osm_type":"way","seamark_type":"recommended_track","display_class":"OTHER","min_zoom":12,"importance":1,"name":null,"ref":null,"common":{"type":"recommended_track"},"children":{"recommended_track":{"minimum_depth":"1.2"}},"osm_tags":{"ref:vayla":"98048","seamark:recommended_track:minimum_depth":"1.2","seamark:type":"recommended_track"}}},{"type":"Feature","geometry":{"type":"LineString","coordinates":[[31.0122872,62.7361963],[31.0163037,62.7337044]]},"properties":{"osm_id":997209621,"osm_type":"way","seamark_type":"recommended_track","display_class":"OTHER","min_zoom":12,"importance":1,"name":null,"ref":null,"common":{"type":"recommended_track"},"children":{"recommended_track":{"minimum_depth":"1.2"}},"osm_tags":{"ref:vayla":"98046","seamark:recommended_track:minimum_depth":"1.2","seamark:type":"recommended_track"}}},{"type":"Feature","geometry":{"type":"LineString","coordinates":[[31.2766651,62.6434506],[31.2789155,62.6429286]]},"properties":{"osm_id":997209622,"osm_type":"way","seamark_type":"recommended_track","display_class":"OTHER","min_zoom":12,"importance":1,"name":null,"ref":null,"common":{"type":"recommended_track"},"children":{"recommended_track":{"minimum_depth":"1.2"}},"osm_tags":{"ref:vayla":"98048","seamark:recommended_track:minimum_depth":"1.2","seamark:type":"recommended_track"}}},{"type":"Feature","geometry":{"type":"LineString","coordinates":[[31.0586918,62.6969497],[31.0625197,62.6945696]]},"properties":{"osm_id":997209623,"osm_type":"way","seamark_type":"recommended_track","display_class":"OTHER","min_zoom":12,"importance":1,"name":null,"ref":null,"common":{"type":"recommended_track"},"children":{"recommended_track":{"minimum_depth":"0.9"}},"osm_tags":{"ref:vayla":"98052","seamark:recommended_track:minimum_depth":"0.9","seamark:type":"recommended_track"}}},{"type":"Feature","geometry":{"type":"LineString","coordinates":[[31.1844757,62.5794086],[31.1824117,62.5779164]]},"properties":{"osm_id":997209624,"osm_type":"way","seamark_type":"recommended_track","display_class":"OTHER","min_zoom":12,"importance":1,"name":null,"ref":null,"common":{"type":"recommended_track"},"children":{"recommended_track":{"minimum_depth":"1.2"}},"osm_tags":{"ref:vayla":"98050","seamark:recommended_track:minimum_depth":"1.2","seamark:type":"recommended_track"}}},{"type":"Feature","geometry":{"type":"LineString","coordinates":[[31.1640278,62.6679992],[31.1794493,62.6692318]]},"properties":{"osm_id":997209625,"osm_type":"way","seamark_type":"recommended_track","display_class":"OTHER","min_zoom":12,"importance":1,"name":null,"ref":null,"common":{"type":"recommended_track"},"children":{"recommended_track":{"minimum_depth":"1.2"}},"osm_tags":{"ref:vayla":"98048","seamark:recommended_track:minimum_depth":"1.2","seamark:type":"recommended_track"}}},{"type":"Feature","geometry":{"type":"LineString","coordinates":[[31.1948376,62.6697199],[31.1944191,62.6696992],[31.1794493,62.6692318]]},"properties":{"osm_id":997209834,"osm_type":"way","seamark_type":"navigation_line","display_class":"OTHER","min_zoom":12,"importance":1,"name":null,"ref":null,"common":{"type":"navigation_line"},"children":{},"osm_tags":{"seamark:type":"navigation_line"}}},{"type":"Feature","geometry":{"type":"Point","coordinates":[31.5841445,62.9084479]},"properties":{"osm_id":273187152,"osm_type":"node","seamark_type":"landmark","display_class":"OTHER","min_zoom":12,"importance":1,"name":"Itäpiste","ref":null,"common":{"type":"landmark"},"children":{},"osm_tags":{"alt_name":"Suomen itäisin piste","description":"Suomen sekä manner-EU:n itäisin piste","historic":"memorial","material":"wood","memorial":"stele","name":"Itäpiste","name:de":"Stele an der Ostgrenze","seamark:type":"landmark","source":"https://raja.fi/suomen-itaisin-piste","start_date":"1996","tourism":"viewpoint"}}}],"type":"FeatureCollection"}