{"type":"FeatureCollection","features":[{"type":"Feature","geometry":{"type":"Point","coordinates":[167.6712796,-46.9389889]},"properties":{"osm_id":973971051,"osm_type":"node","seamark_type":"rock","display_class":"OTHER","min_zoom":12,"importance":1,"name":null,"ref":null,"common":{"type":"rock"},"children":{"rock":{"water_level":"submerged"}},"osm_tags":{"natural":"rock","ref:linz:hydrographic_id":"3148836","seamark:rock:water_level":"submerged","seamark:type":"rock","source":"LINZ;Stewart Island/Rakiura Chart;Chart NZ69","source:date":"2016-07-01"}}},{"type":"Feature","geometry":{"type":"Point","coordinates":[167.8083092,-46.6722618]},"properties":{"osm_id":973971454,"osm_type":"node","seamark_type":"rock","display_class":"OTHER","min_zoom":12,"importance":1,"name":null,"ref":null,"common":{"type":"rock"},"children":{"rock":{"water_level":"covers"}},"osm_tags":{"depth:exposition":"shoaler","natural":"rock","ref:linz:hydrographic_id":"289264","seamark:rock:water_level":"covers","seamark:type":"rock","source":"LINZ;Approaches to Bluff and Riverton/Aparima Chart;Chart NZ681","source:date":"2016-06-01"}}},{"type":"Feature","geometry":{"type":"Point","coordinates":[167.9743132,-46.3757068]},"properties":{"osm_id":1043843312,"osm_type":"node","seamark_type":"rock","display_class":"OTHER","min_zoom":12,"importance":1,"name":null,"ref":null,"common":{"type":"rock"},"children":{"rock":{"water_level":"covers"}},"osm_tags":{"depth:exposition":"shoaler","natural":"rock","ref:linz:hydrographic_id":"291302","seamark:rock:water_level":"covers","seamark:type":"rock","source":"LINZ;Approaches to Bluff and Riverton/Aparima Chart;Chart NZ681","source:date":"2016-06-01"}}},{"type":"Feature","geometry":{"type":"Point","coordinates":[167.6930335,-46.8013557]},"properties":{"osm_id":1043843943,"osm_type":"node","seamark_type":"rock","display_class":"OTHER","min_zoom":12,"importance":1,"name":null,"ref":null,"common":{"type":"rock"},"children":{"rock":{"water_level":"submerged"}},"osm_tags":{"natural":"rock","ref:linz:hydrographic_id":"3149188","seamark:rock:water_level":"submerged","seamark:type":"rock","source":"LINZ;Stewart Island/Rakiura Chart;Chart NZ69","source:date":"2016-07-01"}}},{"type":"Feature","geometry":{"type":"Point","coordinates":[167.6797377,-46.3331956]},"properties":{"osm_id":1043843958,"osm_type":"node","seamark_type":"rock","display_class":"OTHER","min_zoom":12,"importance":1,"name":null,"ref":null,"common":{"type":"rock"},"children":{"rock":{"water_level":"submerged"}},"osm_tags":{"natural":"rock","ref:linz:hydrographic_id":"3149129","seamark:rock:water_level":"submerged","seamark:type":"rock","source":"LINZ;Stewart Island/Rakiura Chart;Chart NZ69","source:date":"2016-07-01"}}},{"type":"Feature","geometry":{"type":"Point","coordinates":[167.8378848,-46.4180108]},"properties":{"osm_id":1043844159,"osm_type":"node","seamark_type":"rock","display_class":"OTHER","min_zoom":12,"importance":1,"name":null,"ref":null,"common":{"type":"rock"},"children":{"rock":{"water_level":"covers"}},"osm_tags":{"depth:exposition":"shoaler","natural":"rock","ref:linz:hydrographic_id":"292777","seamark:rock:water_level":"covers","seamark:type":"rock","source":"LINZ;Approaches to Bluff and Riverton/Aparima Chart;Chart NZ681","source:date":"2016-06-01"}}},{"type":"Feature","geometry":{"type":"Point","coordinates":[167.6764092,-46.3308808]},"properties":{"osm_id":1043844430,"osm_type":"node","seamark_type":"rock","display_class":"OTHER","min_zoom":12,"importance":1,"name":null,"ref":null,"common":{"type":"rock"},"children":{"rock":{"water_level":"submerged"}},"osm_tags":{"natural":"rock","ref:linz:hydrographic_id":"3148893","seamark:rock:water_level":"submerged","seamark:type":"rock","source":"LINZ;Stewart Island/Rakiura Chart;Chart NZ69","source:date":"2016-07-01"}}},{"type":"Feature","geometry":{"type":"Point","coordinates":[167.8578429,-46.4575048]},"properties":{"osm_id":1043844604,"osm_type":"node","seamark_type":"rock","display_class":"OTHER","min_zoom":12,"importance":1,"name":null,"ref":null,"common":{"type":"rock"},"children":{"rock":{"water_level":"covers"}},"osm_tags":{"depth:exposition":"shoaler","natural":"rock","ref:linz:hydrographic_id":"291762","seamark:rock:water_level":"covers","seamark:type":"rock","source":"LINZ;Approaches to Bluff and Riverton/Aparima Chart;Chart NZ681","source:date":"2016-06-01"}}},{"type":"Feature","geometry":{"type":"Point","coordinates":[167.6823438,-46.324388]},"properties":{"osm_id":1043846086,"osm_type":"node","seamark_type":"rock","display_class":"OTHER","min_zoom":12,"importance":1,"name":null,"ref":null,"common":{"type":"rock"},"children":{"rock":{"water_level":"submerged"}},"osm_tags":{"natural":"rock","ref:linz:hydrographic_id":"3149256","seamark:rock:water_level":"submerged","seamark:type":"rock","source":"LINZ;Stewart Island/Rakiura Chart;Chart NZ69","source:date":"2016-07-01"}}},{"type":"Feature","geometry":{"type":"Point","coordinates":[167.9800905,-46.4079731]},"properties":{"osm_id":1043846221,"osm_type":"node","seamark_type":"rock","display_class":"OTHER","min_zoom":12,"importance":1,"name":null,"ref":null,"common":{"type":"rock"},"children":{"rock":{"water_level":"submerged"}},"osm_tags":{"depth":"2","depth:source_quality":"known","natural":"rock","ref:linz:hydrographic_id":"289886","seamark:rock:water_level":"submerged","seamark:type":"rock","source":"LINZ;Approaches to Bluff and Riverton/Aparima Chart;Chart NZ681","source:date":"2016-06-01"}}},{"type":"Feature","geometry":{"type":"Point","coordinates":[167.3263469,-46.2533467]},"properties":{"osm_id":1043846366,"osm_type":"node","seamark_type":"rock","display_class":"OTHER","min_zoom":12,"importance":1,"name":null,"ref":null,"common":{"type":"rock"},"children":{"rock":{"water_level":"submerged"}},"osm_tags":{"natural":"rock","ref:linz:hydrographic_id":"3149661","seamark:rock:water_level":"submerged","seamark:type":"rock","source":"LINZ;Stewart Island/Rakiura Chart;Chart NZ69","source:date":"2016-07-01"}}},{"type":"Feature","geometry":{"type":"Point","coordinates":[167.7942671,-46.389221]},"properties":{"osm_id":1043846414,"osm_type":"node","seamark_type":"rock","display_class":"OTHER","min_zoom":12,"importance":1,"name":null,"ref":null,"common":{"type":"rock"},"children":{"rock":{"water_level":"covers"}},"osm_tags":{"depth:exposition":"shoaler","natural":"rock","ref:linz:hydrographic_id":"289530","seamark:rock:water_level":"covers","seamark:type":"rock","source":"LINZ;Approaches to Bluff and Riverton/Aparima Chart;Chart NZ681","source:date":"2016-06-01"}}},{"type":"Feature","geometry":{"type":"Point","coordinates":[167.6829142,-46.3223009]},"properties":{"osm_id":1043846626,"osm_type":"node","seamark_type":"rock","display_class":"OTHER","min_zoom":12,"importance":1,"name":null,"ref":null,"common":{"type":"rock"},"children":{"rock":{"water_level":"submerged"}},"osm_tags":{"natural":"rock","ref:linz:hydrographic_id":"3150297","seamark:rock:water_level":"submerged","seamark:type":"rock","source":"LINZ;Stewart Island/Rakiura Chart;Chart NZ69","source:date":"2016-07-01"}}},{"type":"Feature","geometry":{"type":"Point","coordinates":[167.7562985,-46.3704527]},"properties":{"osm_id":1043847238,"osm_type":"node","seamark_type":"rock","display_class":"OTHER","min_zoom":12,"importance":1,"name":null,"ref":null,"common":{"type":"rock"},"children":{"rock":{"water_level":"covers"}},"osm_tags":{"depth:exposition":"shoaler","natural":"rock","ref:linz:hydrographic_id":"289849","seamark:rock:water_level":"covers","seamark:type":"rock","source":"LINZ;Approaches to Bluff and Riverton/Aparima Chart;Chart NZ681","source:date":"2016-06-01"}}},{"type":"Feature","geometry":{"type":"Point","coordinates":[167.814345,-46.383725]},"properties":{"osm_id":1043847375,"osm_type":"node","seamark_type":"rock","display_class":"OTHER","min_zoom":12,"importance":1,"name":null,"ref":null,"common":{"type":"rock"},"children":{"rock":{"water_level":"covers"}},"osm_tags":{"depth:exposition":"shoaler","natural":"rock","ref:linz:hydrographic_id":"288923","seamark:rock:water_level":"covers","seamark:type":"rock","source":"LINZ;Approaches to Bluff and Riverton/Aparima Chart;Chart NZ681","source:date":"2016-06-01"}}},{"type":"Feature","geometry":{"type":"Point","coordinates":[167.6949245,-46.7998962]},"properties":{"osm_id":1043847851,"osm_type":"node","seamark_type":"rock","display_class":"OTHER","min_zoom":12,"importance":1,"name":null,"ref":null,"common":{"type":"rock"},"children":{"rock":{"water_level":"submerged"}},"osm_tags":{"natural":"rock","ref:linz:hydrographic_id":"3148530","seamark:rock:water_level":"submerged","seamark:type":"rock","source":"LINZ;Stewart Island/Rakiura Chart;Chart NZ69","source:date":"2016-07-01"}}},{"type":"Feature","geometry":{"type":"Point","coordinates":[167.3132059,-46.2560123]},"properties":{"osm_id":1043848146,"osm_type":"node","seamark_type":"rock","display_class":"OTHER","min_zoom":12,"importance":1,"name":null,"ref":null,"common":{"type":"rock"},"children":{"rock":{"water_level":"submerged"}},"osm_tags":{"natural":"rock","ref:linz:hydrographic_id":"3150592","seamark:rock:water_level":"submerged","seamark:type":"rock","source":"LINZ;Stewart Island/Rakiura Chart;Chart NZ69","source:date":"2016-07-01"}}},{"type":"Feature","geometry":{"type":"Point","coordinates":[167.6854855,-46.3315181]},"properties":{"osm_id":1043848260,"osm_type":"node","seamark_type":"rock","display_class":"OTHER","min_zoom":12,"importance":1,"name":null,"ref":null,"common":{"type":"rock"},"children":{"rock":{"water_level":"submerged"}},"osm_tags":{"natural":"rock","ref:linz:hydrographic_id":"3149910","seamark:rock:water_level":"submerged","seamark:type":"rock","source":"LINZ;Stewart Island/Rakiura Chart;Chart NZ69","source:date":"2016-07-01"}}},{"type":"Feature","geometry":{"type":"Point","coordinates":[167.9922648,-46.7294759]},"properties":{"osm_id":9236597492,"osm_type":"node","seamark_type":"anchorage","display_class":"OTHER","min_zoom":12,"importance":1,"name":null,"ref":null,"common":{"type":"anchorage"},"children":{"anchorage":{"category":"unrestricted","status":"recommended"}},"osm_tags":{"ref:linz:hydrographic_id":"292045","seamark:anchorage:category":"unrestricted","seamark:anchorage:status":"recommended","seamark:type":"anchorage","source":"LINZ;Stewart Island/Rakiura Chart;Chart NZ681","source:date":"2016-06-01"}}},{"type":"Feature","geometry":{"type":"Point","coordinates":[167.9808312,-46.9279072]},"properties":{"osm_id":9236618596,"osm_type":"node","seamark_type":"weed","display_class":"OTHER","min_zoom":12,"importance":1,"name":null,"ref":null,"common":{"type":"weed"},"children":{"weed":{"category":"kelp"}},"osm_tags":{"ref:linz:hydrographic_id":"4102686","seamark:type":"weed","seamark:weed:category":"kelp","source":"LINZ;Paterson Inlet/Whaka A Te Wera Chart"}}},{"type":"Feature","geometry":{"type":"Point","coordinates":[167.901952,-46.6130067]},"properties":{"osm_id":9236643202,"osm_type":"node","seamark_type":"sand_waves","display_class":"OTHER","min_zoom":12,"importance":1,"name":null,"ref":null,"common":{"type":"sand_waves"},"children":{},"osm_tags":{"ref:linz:hydrographic_id":"292223","seamark:type":"sand_waves","source":"LINZ;Stewart Island/Rakiura Chart;Chart NZ681","source:date":"2016-06-01"}}},{"type":"Feature","geometry":{"type":"Point","coordinates":[167.8921386,-46.605962]},"properties":{"osm_id":9236643203,"osm_type":"node","seamark_type":"sand_waves","display_class":"OTHER","min_zoom":12,"importance":1,"name":null,"ref":null,"common":{"type":"sand_waves"},"children":{},"osm_tags":{"ref:linz:hydrographic_id":"291688","seamark:type":"sand_waves","source":"LINZ;Stewart Island/Rakiura Chart;Chart NZ681","source:date":"2016-06-01"}}},{"type":"Feature","geometry":{"type":"Point","coordinates":[167.8640067,-46.6048911]},"properties":{"osm_id":9236643204,"osm_type":"node","seamark_type":"sand_waves","display_class":"OTHER","min_zoom":12,"importance":1,"name":null,"ref":null,"common":{"type":"sand_waves"},"children":{},"osm_tags":{"ref:linz:hydrographic_id":"293304","seamark:type":"sand_waves","source":"LINZ;Stewart Island/Rakiura Chart;Chart NZ681","source:date":"2016-06-01"}}},{"type":"Feature","geometry":{"type":"Point","coordinates":[167.1072573,-46.2558893]},"properties":{"osm_id":9236705610,"osm_type":"node","seamark_type":"light_minor","display_class":"OTHER","min_zoom":12,"importance":1,"name":null,"ref":null,"common":{"type":"light_minor"},"children":{"light":{"character":"Fl","colour":"white","group":"4","height":"23","period":"15","range":"12","sequence":"1+(1)+1+(1)+1+(1)+1+(8)"}},"osm_tags":{"height":"23","ref:linz:hydrographic_id":"3161298","seamark:light:character":"Fl","seamark:light:colour":"white","seamark:light:group":"4","seamark:light:height":"23","seamark:light:period":"15","seamark:light:range":"12","seamark:light:sequence":"1+(1)+1+(1)+1+(1)+1+(8)","seamark:type":"light_minor","source":"LINZ;Stewart Island/Rakiura Chart;HITS 69/62","source:date":"2020-07-21"}}},{"type":"Feature","geometry":{"type":"Point","coordinates":[167.8442082,-46.4598811]},"properties":{"osm_id":9236705613,"osm_type":"node","seamark_type":"light_minor","display_class":"OTHER","min_zoom":12,"importance":1,"name":null,"ref":null,"common":{"type":"light_minor"},"children":{"light":{"1:category":"emergency","1:height":"81","1:range":"10","2:category":"emergency","2:height":"81","2:range":"7","3:character":"Fl","3:colour":"red","3:group":"1","3:height":"81","3:period":"15","3:range":"15","3:sector_end":"141","3:sector_start":"114","3:sequence":"0.1+(14.9)","4:character":"Fl","4:colour":"red","4:group":"1","4:height":"81","4:period":"15","4:range":"15","4:sector_end":"299","4:sector_start":"191","4:sequence":"0.1+(14.9)","5:character":"Fl","5:colour":"white","5:group":"1","5:height":"81","5:period":"15","5:range":"19","5:sector_end":"114","5:sector_start":"299","5:sequence":"0.1+(14.9)"}},"osm_tags":{"description":"Standby light","height":"81","ref:linz:hydrographic_id":"296407;296408;296409;296411;296412","seamark:light:1:category":"emergency","seamark:light:1:height":"81","seamark:light:1:range":"10","seamark:light:2:category":"emergency","seamark:light:2:height":"81","seamark:light:2:range":"7","seamark:light:3:character":"Fl","seamark:light:3:colour":"red","seamark:light:3:group":"1","seamark:light:3:height":"81","seamark:light:3:period":"15","seamark:light:3:range":"15","seamark:light:3:sector_end":"141","seamark:light:3:sector_start":"114","seamark:light:3:sequence":"0.1+(14.9)","seamark:light:4:character":"Fl","seamark:light:4:colour":"red","seamark:light:4:group":"1","seamark:light:4:height":"81","seamark:light:4:period":"15","seamark:light:4:range":"15","seamark:light:4:sector_end":"299","seamark:light:4:sector_start":"191","seamark:light:4:sequence":"0.1+(14.9)","seamark:light:5:character":"Fl","seamark:light:5:colour":"white","seamark:light:5:group":"1","seamark:light:5:height":"81","seamark:light:5:period":"15","seamark:light:5:range":"19","seamark:light:5:sector_end":"114","seamark:light:5:sector_start":"299","seamark:light:5:sequence":"0.1+(14.9)","seamark:type":"light_minor","source":"LINZ;Stewart Island/Rakiura Chart;Chart NZ681","source:date":"2016-06-01"}}},{"type":"Feature","geometry":{"type":"Point","coordinates":[167.9862964,-46.928981]},"properties":{"osm_id":9271417300,"osm_type":"node","seamark_type":"rock","display_class":"OTHER","min_zoom":12,"importance":1,"name":null,"ref":null,"common":{"type":"rock"},"children":{"rock":{"water_level":"submerged"}},"osm_tags":{"natural":"rock","ref:linz:hydrographic_id":"4101366","seamark:rock:water_level":"submerged","seamark:type":"rock","source":"LINZ;Paterson Inlet/Whaka A Te Wera Chart"}}},{"type":"Feature","geometry":{"type":"Point","coordinates":[167.9950226,-46.9281968]},"properties":{"osm_id":9271417301,"osm_type":"node","seamark_type":"rock","display_class":"OTHER","min_zoom":12,"importance":1,"name":null,"ref":null,"common":{"type":"rock"},"children":{"rock":{"water_level":"covers"}},"osm_tags":{"depth":"-1","depth:exposition":"shoaler","depth:source_quality":"known","natural":"rock","ref:linz:hydrographic_id":"4102415","seamark:rock:water_level":"covers","seamark:type":"rock","source":"LINZ;Paterson Inlet/Whaka A Te Wera Chart"}}},{"type":"Feature","geometry":{"type":"Point","coordinates":[167.9548501,-46.4764059]},"properties":{"osm_id":9271434909,"osm_type":"node","seamark_type":"rock","display_class":"OTHER","min_zoom":12,"importance":1,"name":null,"ref":null,"common":{"type":"rock"},"children":{"rock":{"water_level":"covers"}},"osm_tags":{"depth":"-1","depth:exposition":"shoaler","depth:source_quality":"known","natural":"rock","ref:linz:hydrographic_id":"291334","seamark:rock:water_level":"covers","seamark:type":"rock","source":"LINZ;Approaches to Bluff and Riverton/Aparima Chart;Chart NZ681","source:date":"2016-06-01"}}},{"type":"Feature","geometry":{"type":"Point","coordinates":[167.9440864,-46.4818467]},"properties":{"osm_id":9271434910,"osm_type":"node","seamark_type":"rock","display_class":"OTHER","min_zoom":12,"importance":1,"name":null,"ref":null,"common":{"type":"rock"},"children":{"rock":{"water_level":"covers"}},"osm_tags":{"depth:exposition":"shoaler","natural":"rock","ref:linz:hydrographic_id":"289746","seamark:rock:water_level":"covers","seamark:type":"rock","source":"LINZ;Approaches to Bluff and Riverton/Aparima Chart;Chart NZ681","source:date":"2016-06-01"}}},{"type":"Feature","geometry":{"type":"Point","coordinates":[167.9327486,-46.4748529]},"properties":{"osm_id":9271434911,"osm_type":"node","seamark_type":"rock","display_class":"OTHER","min_zoom":12,"importance":1,"name":null,"ref":null,"common":{"type":"rock"},"children":{"rock":{"water_level":"covers"}},"osm_tags":{"depth":"-1","depth:exposition":"shoaler","depth:source_quality":"known","natural":"rock","ref:linz:hydrographic_id":"292320","seamark:rock:water_level":"covers","seamark:type":"rock","source":"LINZ;Approaches to Bluff and Riverton/Aparima Chart;Chart NZ681","source:date":"2016-06-01"}}},{"type":"Feature","geometry":{"type":"Point","coordinates":[167.9250073,-46.4758245]},"properties":{"osm_id":9271434912,"osm_type":"node","seamark_type":"rock","display_class":"OTHER","min_zoom":12,"importance":1,"name":null,"ref":null,"common":{"type":"rock"},"children":{"rock":{"water_level":"covers"}},"osm_tags":{"depth:exposition":"shoaler","natural":"rock","ref:linz:hydrographic_id":"291480","seamark:rock:water_level":"covers","seamark:type":"rock","source":"LINZ;Approaches to Bluff and Riverton/Aparima Chart;Chart NZ681","source:date":"2016-06-01"}}},{"type":"Feature","geometry":{"type":"Point","coordinates":[167.9398587,-46.4696057]},"properties":{"osm_id":9271434913,"osm_type":"node","seamark_type":"rock","display_class":"OTHER","min_zoom":12,"importance":1,"name":null,"ref":null,"common":{"type":"rock"},"children":{"rock":{"water_level":"covers"}},"osm_tags":{"depth":"-1.6","depth:exposition":"shoaler","depth:source_quality":"known","natural":"rock","ref:linz:hydrographic_id":"290234","seamark:rock:water_level":"covers","seamark:type":"rock","source":"LINZ;Approaches to Bluff and Riverton/Aparima Chart;Chart NZ681","source:date":"2016-06-01"}}},{"type":"Feature","geometry":{"type":"Point","coordinates":[167.9424457,-46.4703978]},"properties":{"osm_id":9271434914,"osm_type":"node","seamark_type":"rock","display_class":"OTHER","min_zoom":12,"importance":1,"name":null,"ref":null,"common":{"type":"rock"},"children":{"rock":{"water_level":"covers"}},"osm_tags":{"depth":"-1.4","depth:exposition":"shoaler","depth:source_quality":"known","natural":"rock","ref:linz:hydrographic_id":"292816","seamark:rock:water_level":"covers","seamark:type":"rock","source":"LINZ;Approaches to Bluff and Riverton/Aparima Chart;Chart NZ681","source:date":"2016-06-01"}}},{"type":"Feature","geometry":{"type":"Point","coordinates":[167.8992382,-46.4265666]},"properties":{"osm_id":9271434915,"osm_type":"node","seamark_type":"rock","display_class":"OTHER","min_zoom":12,"importance":1,"name":null,"ref":null,"common":{"type":"rock"},"children":{"rock":{"water_level":"covers"}},"osm_tags":{"depth":"-1","depth:exposition":"shoaler","depth:source_quality":"known","natural":"rock","ref:linz:hydrographic_id":"290219","seamark:rock:water_level":"covers","seamark:type":"rock","source":"LINZ;Approaches to Bluff and Riverton/Aparima Chart;Chart NZ681","source:date":"2016-06-01"}}},{"type":"Feature","geometry":{"type":"Point","coordinates":[167.8810099,-46.3934244]},"properties":{"osm_id":9271434916,"osm_type":"node","seamark_type":"rock","display_class":"OTHER","min_zoom":12,"importance":1,"name":null,"ref":null,"common":{"type":"rock"},"children":{"rock":{"water_level":"covers"}},"osm_tags":{"depth:exposition":"shoaler","natural":"rock","ref:linz:hydrographic_id":"292373","seamark:rock:water_level":"covers","seamark:type":"rock","source":"LINZ;Approaches to Bluff and Riverton/Aparima Chart;Chart NZ681","source:date":"2016-06-01"}}},{"type":"Feature","geometry":{"type":"Point","coordinates":[167.8785803,-46.3913024]},"properties":{"osm_id":9271444917,"osm_type":"node","seamark_type":"rock","display_class":"OTHER","min_zoom":12,"importance":1,"name":null,"ref":null,"common":{"type":"rock"},"children":{"rock":{"water_level":"covers"}},"osm_tags":{"depth:exposition":"shoaler","natural":"rock","ref:linz:hydrographic_id":"290889","seamark:rock:water_level":"covers","seamark:type":"rock","source":"LINZ;Approaches to Bluff and Riverton/Aparima Chart;Chart NZ681","source:date":"2016-06-01"}}},{"type":"Feature","geometry":{"type":"Point","coordinates":[167.8765491,-46.3921934]},"properties":{"osm_id":9271444918,"osm_type":"node","seamark_type":"rock","display_class":"OTHER","min_zoom":12,"importance":1,"name":null,"ref":null,"common":{"type":"rock"},"children":{"rock":{"water_level":"submerged"}},"osm_tags":{"natural":"rock","ref:linz:hydrographic_id":"289137","seamark:rock:water_level":"submerged","seamark:type":"rock","source":"LINZ;Approaches to Bluff and Riverton/Aparima Chart;Chart NZ681","source:date":"2016-06-01"}}},{"type":"Feature","geometry":{"type":"Point","coordinates":[167.8747966,-46.3915688]},"properties":{"osm_id":9271444919,"osm_type":"node","seamark_type":"rock","display_class":"OTHER","min_zoom":12,"importance":1,"name":null,"ref":null,"common":{"type":"rock"},"children":{"rock":{"water_level":"submerged"}},"osm_tags":{"natural":"rock","ref:linz:hydrographic_id":"292281","seamark:rock:water_level":"submerged","seamark:type":"rock","source":"LINZ;Approaches to Bluff and Riverton/Aparima Chart;Chart NZ681","source:date":"2016-06-01"}}},{"type":"Feature","geometry":{"type":"Point","coordinates":[167.8725397,-46.3924139]},"properties":{"osm_id":9271444920,"osm_type":"node","seamark_type":"rock","display_class":"OTHER","min_zoom":12,"importance":1,"name":null,"ref":null,"common":{"type":"rock"},"children":{"rock":{"water_level":"covers"}},"osm_tags":{"depth:exposition":"shoaler","natural":"rock","ref:linz:hydrographic_id":"289818","seamark:rock:water_level":"covers","seamark:type":"rock","source":"LINZ;Approaches to Bluff and Riverton/Aparima Chart;Chart NZ681","source:date":"2016-06-01"}}},{"type":"Feature","geometry":{"type":"Point","coordinates":[167.8707606,-46.3905583]},"properties":{"osm_id":9271444921,"osm_type":"node","seamark_type":"rock","display_class":"OTHER","min_zoom":12,"importance":1,"name":null,"ref":null,"common":{"type":"rock"},"children":{"rock":{"water_level":"covers"}},"osm_tags":{"depth:exposition":"shoaler","natural":"rock","ref:linz:hydrographic_id":"292450","seamark:rock:water_level":"covers","seamark:type":"rock","source":"LINZ;Approaches to Bluff and Riverton/Aparima Chart;Chart NZ681","source:date":"2016-06-01"}}},{"type":"Feature","geometry":{"type":"Point","coordinates":[167.868039,-46.3900622]},"properties":{"osm_id":9271444922,"osm_type":"node","seamark_type":"rock","display_class":"OTHER","min_zoom":12,"importance":1,"name":null,"ref":null,"common":{"type":"rock"},"children":{"rock":{"water_level":"submerged"}},"osm_tags":{"natural":"rock","ref:linz:hydrographic_id":"291443","seamark:rock:water_level":"submerged","seamark:type":"rock","source":"LINZ;Approaches to Bluff and Riverton/Aparima Chart;Chart NZ681","source:date":"2016-06-01"}}},{"type":"Feature","geometry":{"type":"Point","coordinates":[167.8663662,-46.3911278]},"properties":{"osm_id":9271444923,"osm_type":"node","seamark_type":"rock","display_class":"OTHER","min_zoom":12,"importance":1,"name":null,"ref":null,"common":{"type":"rock"},"children":{"rock":{"water_level":"awash"}},"osm_tags":{"depth":"0","depth:exposition":"shoaler","depth:source_quality":"known","natural":"rock","ref:linz:hydrographic_id":"292229","seamark:rock:water_level":"awash","seamark:type":"rock","source":"LINZ;Approaches to Bluff and Riverton/Aparima Chart;Chart NZ681","source:date":"2016-06-01"}}},{"type":"Feature","geometry":{"type":"Point","coordinates":[167.8647863,-46.3896488]},"properties":{"osm_id":9271444924,"osm_type":"node","seamark_type":"rock","display_class":"OTHER","min_zoom":12,"importance":1,"name":null,"ref":null,"common":{"type":"rock"},"children":{"rock":{"water_level":"submerged"}},"osm_tags":{"natural":"rock","ref:linz:hydrographic_id":"290289","seamark:rock:water_level":"submerged","seamark:type":"rock","source":"LINZ;Approaches to Bluff and Riverton/Aparima Chart;Chart NZ681","source:date":"2016-06-01"}}},{"type":"Feature","geometry":{"type":"Point","coordinates":[167.8636844,-46.3908063]},"properties":{"osm_id":9271444925,"osm_type":"node","seamark_type":"rock","display_class":"OTHER","min_zoom":12,"importance":1,"name":null,"ref":null,"common":{"type":"rock"},"children":{"rock":{"water_level":"covers"}},"osm_tags":{"depth:exposition":"shoaler","natural":"rock","ref:linz:hydrographic_id":"289374","seamark:rock:water_level":"covers","seamark:type":"rock","source":"LINZ;Approaches to Bluff and Riverton/Aparima Chart;Chart NZ681","source:date":"2016-06-01"}}},{"type":"Feature","geometry":{"type":"Point","coordinates":[167.8637508,-46.3924874]},"properties":{"osm_id":9271444926,"osm_type":"node","seamark_type":"rock","display_class":"OTHER","min_zoom":12,"importance":1,"name":null,"ref":null,"common":{"type":"rock"},"children":{"rock":{"water_level":"covers"}},"osm_tags":{"depth:exposition":"shoaler","natural":"rock","ref:linz:hydrographic_id":"288961","seamark:rock:water_level":"covers","seamark:type":"rock","source":"LINZ;Approaches to Bluff and Riverton/Aparima Chart;Chart NZ681","source:date":"2016-06-01"}}},{"type":"Feature","geometry":{"type":"Point","coordinates":[167.8622476,-46.3888564]},"properties":{"osm_id":9271444927,"osm_type":"node","seamark_type":"rock","display_class":"OTHER","min_zoom":12,"importance":1,"name":null,"ref":null,"common":{"type":"rock"},"children":{"rock":{"water_level":"covers"}},"osm_tags":{"depth:exposition":"shoaler","natural":"rock","ref:linz:hydrographic_id":"289317","seamark:rock:water_level":"covers","seamark:type":"rock","source":"LINZ;Approaches to Bluff and Riverton/Aparima Chart;Chart NZ681","source:date":"2016-06-01"}}},{"type":"Feature","geometry":{"type":"Point","coordinates":[167.8605164,-46.38763]},"properties":{"osm_id":9271444928,"osm_type":"node","seamark_type":"rock","display_class":"OTHER","min_zoom":12,"importance":1,"name":null,"ref":null,"common":{"type":"rock"},"children":{"rock":{"water_level":"covers"}},"osm_tags":{"depth:exposition":"shoaler","natural":"rock","ref:linz:hydrographic_id":"291400","seamark:rock:water_level":"covers","seamark:type":"rock","source":"LINZ;Approaches to Bluff and Riverton/Aparima Chart;Chart NZ681","source:date":"2016-06-01"}}},{"type":"Feature","geometry":{"type":"Point","coordinates":[167.859486,-46.3855763]},"properties":{"osm_id":9271444929,"osm_type":"node","seamark_type":"rock","display_class":"OTHER","min_zoom":12,"importance":1,"name":null,"ref":null,"common":{"type":"rock"},"children":{"rock":{"water_level":"submerged"}},"osm_tags":{"natural":"rock","ref:linz:hydrographic_id":"288957","seamark:rock:water_level":"submerged","seamark:type":"rock","source":"LINZ;Approaches to Bluff and Riverton/Aparima Chart;Chart NZ681","source:date":"2016-06-01"}}},{"type":"Feature","geometry":{"type":"Point","coordinates":[167.8577754,-46.3864748]},"properties":{"osm_id":9271444930,"osm_type":"node","seamark_type":"rock","display_class":"OTHER","min_zoom":12,"importance":1,"name":null,"ref":null,"common":{"type":"rock"},"children":{"rock":{"water_level":"covers"}},"osm_tags":{"depth:exposition":"shoaler","natural":"rock","ref:linz:hydrographic_id":"289055","seamark:rock:water_level":"covers","seamark:type":"rock","source":"LINZ;Approaches to Bluff and Riverton/Aparima Chart;Chart NZ681","source:date":"2016-06-01"}}},{"type":"Feature","geometry":{"type":"Point","coordinates":[167.8556788,-46.3808197]},"properties":{"osm_id":9271444931,"osm_type":"node","seamark_type":"rock","display_class":"OTHER","min_zoom":12,"importance":1,"name":null,"ref":null,"common":{"type":"rock"},"children":{"rock":{"water_level":"submerged"}},"osm_tags":{"natural":"rock","ref:linz:hydrographic_id":"289458","seamark:rock:water_level":"submerged","seamark:type":"rock","source":"LINZ;Approaches to Bluff and Riverton/Aparima Chart;Chart NZ681","source:date":"2016-06-01"}}},{"type":"Feature","geometry":{"type":"Point","coordinates":[167.8519482,-46.3787707]},"properties":{"osm_id":9271444932,"osm_type":"node","seamark_type":"rock","display_class":"OTHER","min_zoom":12,"importance":1,"name":null,"ref":null,"common":{"type":"rock"},"children":{"rock":{"water_level":"covers"}},"osm_tags":{"depth:exposition":"shoaler","natural":"rock","ref:linz:hydrographic_id":"291003","seamark:rock:water_level":"covers","seamark:type":"rock","source":"LINZ;Approaches to Bluff and Riverton/Aparima Chart;Chart NZ681","source:date":"2016-06-01"}}},{"type":"Feature","geometry":{"type":"Point","coordinates":[167.8518818,-46.3766757]},"properties":{"osm_id":9271444933,"osm_type":"node","seamark_type":"rock","display_class":"OTHER","min_zoom":12,"importance":1,"name":null,"ref":null,"common":{"type":"rock"},"children":{"rock":{"water_level":"covers"}},"osm_tags":{"depth:exposition":"shoaler","natural":"rock","ref:linz:hydrographic_id":"291309","seamark:rock:water_level":"covers","seamark:type":"rock","source":"LINZ;Approaches to Bluff and Riverton/Aparima Chart;Chart NZ681","source:date":"2016-06-01"}}},{"type":"Feature","geometry":{"type":"Point","coordinates":[167.8504215,-46.3752238]},"properties":{"osm_id":9271444934,"osm_type":"node","seamark_type":"rock","display_class":"OTHER","min_zoom":12,"importance":1,"name":null,"ref":null,"common":{"type":"rock"},"children":{"rock":{"water_level":"submerged"}},"osm_tags":{"natural":"rock","ref:linz:hydrographic_id":"289452","seamark:rock:water_level":"submerged","seamark:type":"rock","source":"LINZ;Approaches to Bluff and Riverton/Aparima Chart;Chart NZ681","source:date":"2016-06-01"}}},{"type":"Feature","geometry":{"type":"Point","coordinates":[167.8816206,-46.3714929]},"properties":{"osm_id":9271444935,"osm_type":"node","seamark_type":"rock","display_class":"OTHER","min_zoom":12,"importance":1,"name":null,"ref":null,"common":{"type":"rock"},"children":{"rock":{"water_level":"covers"}},"osm_tags":{"depth:exposition":"shoaler","natural":"rock","ref:linz:hydrographic_id":"293282","seamark:rock:water_level":"covers","seamark:type":"rock","source":"LINZ;Approaches to Bluff and Riverton/Aparima Chart;Chart NZ681","source:date":"2016-06-01"}}},{"type":"Feature","geometry":{"type":"Point","coordinates":[167.8829748,-46.3728071]},"properties":{"osm_id":9271444936,"osm_type":"node","seamark_type":"rock","display_class":"OTHER","min_zoom":12,"importance":1,"name":null,"ref":null,"common":{"type":"rock"},"children":{"rock":{"water_level":"covers"}},"osm_tags":{"depth:exposition":"shoaler","natural":"rock","ref:linz:hydrographic_id":"290920","seamark:rock:water_level":"covers","seamark:type":"rock","source":"LINZ;Approaches to Bluff and Riverton/Aparima Chart;Chart NZ681","source:date":"2016-06-01"}}},{"type":"Feature","geometry":{"type":"Point","coordinates":[167.8842227,-46.3746082]},"properties":{"osm_id":9271444937,"osm_type":"node","seamark_type":"rock","display_class":"OTHER","min_zoom":12,"importance":1,"name":null,"ref":null,"common":{"type":"rock"},"children":{"rock":{"water_level":"submerged"}},"osm_tags":{"natural":"rock","ref:linz:hydrographic_id":"290680","seamark:rock:water_level":"submerged","seamark:type":"rock","source":"LINZ;Approaches to Bluff and Riverton/Aparima Chart;Chart NZ681","source:date":"2016-06-01"}}},{"type":"Feature","geometry":{"type":"Point","coordinates":[167.8858292,-46.3753709]},"properties":{"osm_id":9271444938,"osm_type":"node","seamark_type":"rock","display_class":"OTHER","min_zoom":12,"importance":1,"name":null,"ref":null,"common":{"type":"rock"},"children":{"rock":{"water_level":"submerged"}},"osm_tags":{"natural":"rock","ref:linz:hydrographic_id":"288929","seamark:rock:water_level":"submerged","seamark:type":"rock","source":"LINZ;Approaches to Bluff and Riverton/Aparima Chart;Chart NZ681","source:date":"2016-06-01"}}},{"type":"Feature","geometry":{"type":"Point","coordinates":[167.8864399,-46.3767584]},"properties":{"osm_id":9271444939,"osm_type":"node","seamark_type":"rock","display_class":"OTHER","min_zoom":12,"importance":1,"name":null,"ref":null,"common":{"type":"rock"},"children":{"rock":{"water_level":"covers"}},"osm_tags":{"depth:exposition":"shoaler","natural":"rock","ref:linz:hydrographic_id":"289652","seamark:rock:water_level":"covers","seamark:type":"rock","source":"LINZ;Approaches to Bluff and Riverton/Aparima Chart;Chart NZ681","source:date":"2016-06-01"}}},{"type":"Feature","geometry":{"type":"Point","coordinates":[167.8894536,-46.3815364]},"properties":{"osm_id":9271444940,"osm_type":"node","seamark_type":"rock","display_class":"OTHER","min_zoom":12,"importance":1,"name":null,"ref":null,"common":{"type":"rock"},"children":{"rock":{"water_level":"covers"}},"osm_tags":{"depth:exposition":"shoaler","natural":"rock","ref:linz:hydrographic_id":"291144","seamark:rock:water_level":"covers","seamark:type":"rock","source":"LINZ;Approaches to Bluff and Riverton/Aparima Chart;Chart NZ681","source:date":"2016-06-01"}}},{"type":"Feature","geometry":{"type":"Point","coordinates":[167.8905953,-46.3828778]},"properties":{"osm_id":9271444941,"osm_type":"node","seamark_type":"rock","display_class":"OTHER","min_zoom":12,"importance":1,"name":null,"ref":null,"common":{"type":"rock"},"children":{"rock":{"water_level":"covers"}},"osm_tags":{"depth:exposition":"shoaler","natural":"rock","ref:linz:hydrographic_id":"291646","seamark:rock:water_level":"covers","seamark:type":"rock","source":"LINZ;Approaches to Bluff and Riverton/Aparima Chart;Chart NZ681","source:date":"2016-06-01"}}},{"type":"Feature","geometry":{"type":"Point","coordinates":[167.8921276,-46.3869362]},"properties":{"osm_id":9271444942,"osm_type":"node","seamark_type":"rock","display_class":"OTHER","min_zoom":12,"importance":1,"name":null,"ref":null,"common":{"type":"rock"},"children":{"rock":{"water_level":"submerged"}},"osm_tags":{"depth":"3","depth:source_quality":"known","natural":"rock","ref:linz:hydrographic_id":"290192","seamark:rock:water_level":"submerged","seamark:type":"rock","source":"LINZ;Approaches to Bluff and Riverton/Aparima Chart;Chart NZ681","source:date":"2016-06-01"}}},{"type":"Feature","geometry":{"type":"Point","coordinates":[167.8869842,-46.3899428]},"properties":{"osm_id":9271444943,"osm_type":"node","seamark_type":"rock","display_class":"OTHER","min_zoom":12,"importance":1,"name":null,"ref":null,"common":{"type":"rock"},"children":{"rock":{"water_level":"covers"}},"osm_tags":{"depth:exposition":"shoaler","natural":"rock","ref:linz:hydrographic_id":"290148","seamark:rock:water_level":"covers","seamark:type":"rock","source":"LINZ;Approaches to Bluff and Riverton/Aparima Chart;Chart NZ681","source:date":"2016-06-01"}}},{"type":"Feature","geometry":{"type":"Point","coordinates":[167.8861213,-46.3922394]},"properties":{"osm_id":9271444944,"osm_type":"node","seamark_type":"rock","display_class":"OTHER","min_zoom":12,"importance":1,"name":null,"ref":null,"common":{"type":"rock"},"children":{"rock":{"water_level":"covers"}},"osm_tags":{"depth:exposition":"shoaler","natural":"rock","ref:linz:hydrographic_id":"289507","seamark:rock:water_level":"covers","seamark:type":"rock","source":"LINZ;Approaches to Bluff and Riverton/Aparima Chart;Chart NZ681","source:date":"2016-06-01"}}},{"type":"Feature","geometry":{"type":"Point","coordinates":[167.8411679,-46.3997348]},"properties":{"osm_id":9271444945,"osm_type":"node","seamark_type":"rock","display_class":"OTHER","min_zoom":12,"importance":1,"name":null,"ref":null,"common":{"type":"rock"},"children":{"rock":{"water_level":"awash"}},"osm_tags":{"depth":"0","depth:exposition":"shoaler","depth:source_quality":"known","natural":"rock","ref:linz:hydrographic_id":"289038","seamark:rock:water_level":"awash","seamark:type":"rock","source":"LINZ;Approaches to Bluff and Riverton/Aparima Chart;Chart NZ681","source:date":"2016-06-01"}}},{"type":"Feature","geometry":{"type":"Point","coordinates":[167.8400086,-46.4189174]},"properties":{"osm_id":9271444946,"osm_type":"node","seamark_type":"rock","display_class":"OTHER","min_zoom":12,"importance":1,"name":null,"ref":null,"common":{"type":"rock"},"children":{"rock":{"water_level":"covers"}},"osm_tags":{"depth:exposition":"shoaler","natural":"rock","ref:linz:hydrographic_id":"292951","seamark:rock:water_level":"covers","seamark:type":"rock","source":"LINZ;Approaches to Bluff and Riverton/Aparima Chart;Chart NZ681","source:date":"2016-06-01"}}},{"type":"Feature","geometry":{"type":"Point","coordinates":[167.8397872,-46.4204613]},"properties":{"osm_id":9271444947,"osm_type":"node","seamark_type":"rock","display_class":"OTHER","min_zoom":12,"importance":1,"name":null,"ref":null,"common":{"type":"rock"},"children":{"rock":{"water_level":"covers"}},"osm_tags":{"depth:exposition":"shoaler","natural":"rock","ref:linz:hydrographic_id":"292238","seamark:rock:water_level":"covers","seamark:type":"rock","source":"LINZ;Approaches to Bluff and Riverton/Aparima Chart;Chart NZ681","source:date":"2016-06-01"}}},{"type":"Feature","geometry":{"type":"Point","coordinates":[167.850448,-46.4506873]},"properties":{"osm_id":9271444948,"osm_type":"node","seamark_type":"rock","display_class":"OTHER","min_zoom":12,"importance":1,"name":null,"ref":null,"common":{"type":"rock"},"children":{"rock":{"water_level":"submerged"}},"osm_tags":{"natural":"rock","ref:linz:hydrographic_id":"290964","seamark:rock:water_level":"submerged","seamark:type":"rock","source":"LINZ;Approaches to Bluff and Riverton/Aparima Chart;Chart NZ681","source:date":"2016-06-01"}}},{"type":"Feature","geometry":{"type":"Point","coordinates":[167.8416326,-46.458193]},"properties":{"osm_id":9271444949,"osm_type":"node","seamark_type":"rock","display_class":"OTHER","min_zoom":12,"importance":1,"name":null,"ref":null,"common":{"type":"rock"},"children":{"rock":{"water_level":"covers"}},"osm_tags":{"depth:exposition":"shoaler","natural":"rock","ref:linz:hydrographic_id":"290159","seamark:rock:water_level":"covers","seamark:type":"rock","source":"LINZ;Approaches to Bluff and Riverton/Aparima Chart;Chart NZ681","source:date":"2016-06-01"}}},{"type":"Feature","geometry":{"type":"Point","coordinates":[167.8447259,-46.4615417]},"properties":{"osm_id":9271444950,"osm_type":"node","seamark_type":"rock","display_class":"OTHER","min_zoom":12,"importance":1,"name":null,"ref":null,"common":{"type":"rock"},"children":{"rock":{"water_level":"covers"}},"osm_tags":{"depth:exposition":"shoaler","natural":"rock","ref:linz:hydrographic_id":"292967","seamark:rock:water_level":"covers","seamark:type":"rock","source":"LINZ;Approaches to Bluff and Riverton/Aparima Chart;Chart NZ681","source:date":"2016-06-01"}}},{"type":"Feature","geometry":{"type":"Point","coordinates":[167.8535015,-46.4609729]},"properties":{"osm_id":9271444951,"osm_type":"node","seamark_type":"rock","display_class":"OTHER","min_zoom":12,"importance":1,"name":null,"ref":null,"common":{"type":"rock"},"children":{"rock":{"water_level":"submerged"}},"osm_tags":{"natural":"rock","ref:linz:hydrographic_id":"290520","seamark:rock:water_level":"submerged","seamark:type":"rock","source":"LINZ;Approaches to Bluff and Riverton/Aparima Chart;Chart NZ681","source:date":"2016-06-01"}}},{"type":"Feature","geometry":{"type":"Point","coordinates":[167.857126,-46.4598536]},"properties":{"osm_id":9271444952,"osm_type":"node","seamark_type":"rock","display_class":"OTHER","min_zoom":12,"importance":1,"name":null,"ref":null,"common":{"type":"rock"},"children":{"rock":{"water_level":"covers"}},"osm_tags":{"depth:exposition":"shoaler","natural":"rock","ref:linz:hydrographic_id":"289807","seamark:rock:water_level":"covers","seamark:type":"rock","source":"LINZ;Approaches to Bluff and Riverton/Aparima Chart;Chart NZ681","source:date":"2016-06-01"}}},{"type":"Feature","geometry":{"type":"Point","coordinates":[167.8566392,-46.4586073]},"properties":{"osm_id":9271444953,"osm_type":"node","seamark_type":"rock","display_class":"OTHER","min_zoom":12,"importance":1,"name":null,"ref":null,"common":{"type":"rock"},"children":{"rock":{"water_level":"submerged"}},"osm_tags":{"natural":"rock","ref:linz:hydrographic_id":"291535","seamark:rock:water_level":"submerged","seamark:type":"rock","source":"LINZ;Approaches to Bluff and Riverton/Aparima Chart;Chart NZ681","source:date":"2016-06-01"}}},{"type":"Feature","geometry":{"type":"Point","coordinates":[167.8643881,-46.4552752]},"properties":{"osm_id":9271444954,"osm_type":"node","seamark_type":"rock","display_class":"OTHER","min_zoom":12,"importance":1,"name":null,"ref":null,"common":{"type":"rock"},"children":{"rock":{"water_level":"submerged"}},"osm_tags":{"depth":"7.4","depth:exposition":"shoaler","depth:source_quality":"known","natural":"rock","ref:linz:hydrographic_id":"291358","seamark:rock:water_level":"submerged","seamark:type":"rock","source":"LINZ;Approaches to Bluff and Riverton/Aparima Chart;Chart NZ681","source:date":"2016-06-01"}}},{"type":"Feature","geometry":{"type":"Point","coordinates":[167.9822943,-46.4069629]},"properties":{"osm_id":9271444955,"osm_type":"node","seamark_type":"rock","display_class":"OTHER","min_zoom":12,"importance":1,"name":null,"ref":null,"common":{"type":"rock"},"children":{"rock":{"water_level":"covers"}},"osm_tags":{"depth:exposition":"shoaler","natural":"rock","ref:linz:hydrographic_id":"289570","seamark:rock:water_level":"covers","seamark:type":"rock","source":"LINZ;Approaches to Bluff and Riverton/Aparima Chart;Chart NZ681","source:date":"2016-06-01"}}},{"type":"Feature","geometry":{"type":"Point","coordinates":[167.9847637,-46.406421]},"properties":{"osm_id":9271444956,"osm_type":"node","seamark_type":"rock","display_class":"OTHER","min_zoom":12,"importance":1,"name":null,"ref":null,"common":{"type":"rock"},"children":{"rock":{"water_level":"submerged"}},"osm_tags":{"natural":"rock","ref:linz:hydrographic_id":"291777","seamark:rock:water_level":"submerged","seamark:type":"rock","source":"LINZ;Approaches to Bluff and Riverton/Aparima Chart;Chart NZ681","source:date":"2016-06-01"}}},{"type":"Feature","geometry":{"type":"Point","coordinates":[167.9797054,-46.4059343]},"properties":{"osm_id":9271444957,"osm_type":"node","seamark_type":"rock","display_class":"OTHER","min_zoom":12,"importance":1,"name":null,"ref":null,"common":{"type":"rock"},"children":{"rock":{"water_level":"covers"}},"osm_tags":{"depth:exposition":"shoaler","natural":"rock","ref:linz:hydrographic_id":"291369","seamark:rock:water_level":"covers","seamark:type":"rock","source":"LINZ;Approaches to Bluff and Riverton/Aparima Chart;Chart NZ681","source:date":"2016-06-01"}}},{"type":"Feature","geometry":{"type":"Point","coordinates":[167.9830776,-46.4092404]},"properties":{"osm_id":9271444958,"osm_type":"node","seamark_type":"rock","display_class":"OTHER","min_zoom":12,"importance":1,"name":null,"ref":null,"common":{"type":"rock"},"children":{"rock":{"water_level":"covers"}},"osm_tags":{"depth:exposition":"shoaler","natural":"rock","ref:linz:hydrographic_id":"289888","seamark:rock:water_level":"covers","seamark:type":"rock","source":"LINZ;Approaches to Bluff and Riverton/Aparima Chart;Chart NZ681","source:date":"2016-06-01"}}},{"type":"Feature","geometry":{"type":"Point","coordinates":[167.9871932,-46.4091118]},"properties":{"osm_id":9271444959,"osm_type":"node","seamark_type":"rock","display_class":"OTHER","min_zoom":12,"importance":1,"name":null,"ref":null,"common":{"type":"rock"},"children":{"rock":{"water_level":"covers"}},"osm_tags":{"depth:exposition":"shoaler","natural":"rock","ref:linz:hydrographic_id":"292438","seamark:rock:water_level":"covers","seamark:type":"rock","source":"LINZ;Approaches to Bluff and Riverton/Aparima Chart;Chart NZ681","source:date":"2016-06-01"}}},{"type":"Feature","geometry":{"type":"Point","coordinates":[167.9875517,-46.4074588]},"properties":{"osm_id":9271444960,"osm_type":"node","seamark_type":"rock","display_class":"OTHER","min_zoom":12,"importance":1,"name":null,"ref":null,"common":{"type":"rock"},"children":{"rock":{"water_level":"submerged"}},"osm_tags":{"natural":"rock","ref:linz:hydrographic_id":"291293","seamark:rock:water_level":"submerged","seamark:type":"rock","source":"LINZ;Approaches to Bluff and Riverton/Aparima Chart;Chart NZ681","source:date":"2016-06-01"}}},{"type":"Feature","geometry":{"type":"Point","coordinates":[167.9867286,-46.4035281]},"properties":{"osm_id":9271444961,"osm_type":"node","seamark_type":"rock","display_class":"OTHER","min_zoom":12,"importance":1,"name":null,"ref":null,"common":{"type":"rock"},"children":{"rock":{"water_level":"covers"}},"osm_tags":{"depth:exposition":"shoaler","natural":"rock","ref:linz:hydrographic_id":"290634","seamark:rock:water_level":"covers","seamark:type":"rock","source":"LINZ;Approaches to Bluff and Riverton/Aparima Chart;Chart NZ681","source:date":"2016-06-01"}}},{"type":"Feature","geometry":{"type":"Point","coordinates":[167.991986,-46.4104342]},"properties":{"osm_id":9271444962,"osm_type":"node","seamark_type":"rock","display_class":"OTHER","min_zoom":12,"importance":1,"name":null,"ref":null,"common":{"type":"rock"},"children":{"rock":{"water_level":"covers"}},"osm_tags":{"depth:exposition":"shoaler","natural":"rock","ref:linz:hydrographic_id":"291099","seamark:rock:water_level":"covers","seamark:type":"rock","source":"LINZ;Approaches to Bluff and Riverton/Aparima Chart;Chart NZ681","source:date":"2016-06-01"}}},{"type":"Feature","geometry":{"type":"Point","coordinates":[167.994774,-46.402977]},"properties":{"osm_id":9271444963,"osm_type":"node","seamark_type":"rock","display_class":"OTHER","min_zoom":12,"importance":1,"name":null,"ref":null,"common":{"type":"rock"},"children":{"rock":{"water_level":"submerged"}},"osm_tags":{"natural":"rock","ref:linz:hydrographic_id":"291933","seamark:rock:water_level":"submerged","seamark:type":"rock","source":"LINZ;Approaches to Bluff and Riverton/Aparima Chart;Chart NZ681","source:date":"2016-06-01"}}},{"type":"Feature","geometry":{"type":"Point","coordinates":[167.9937915,-46.40857]},"properties":{"osm_id":9271444964,"osm_type":"node","seamark_type":"rock","display_class":"OTHER","min_zoom":12,"importance":1,"name":null,"ref":null,"common":{"type":"rock"},"children":{"rock":{"water_level":"submerged"}},"osm_tags":{"natural":"rock","ref:linz:hydrographic_id":"290717","seamark:rock:water_level":"submerged","seamark:type":"rock","source":"LINZ;Approaches to Bluff and Riverton/Aparima Chart;Chart NZ681","source:date":"2016-06-01"}}},{"type":"Feature","geometry":{"type":"Point","coordinates":[167.9973147,-46.4158645]},"properties":{"osm_id":9271444965,"osm_type":"node","seamark_type":"rock","display_class":"OTHER","min_zoom":12,"importance":1,"name":null,"ref":null,"common":{"type":"rock"},"children":{"rock":{"water_level":"covers"}},"osm_tags":{"depth":"-1.6","depth:exposition":"shoaler","depth:source_quality":"known","natural":"rock","ref:linz:hydrographic_id":"291531","seamark:rock:water_level":"covers","seamark:type":"rock","source":"LINZ;Approaches to Bluff and Riverton/Aparima Chart;Chart NZ681","source:date":"2016-06-01"}}},{"type":"Feature","geometry":{"type":"Point","coordinates":[167.9971956,-46.4009541]},"properties":{"osm_id":9271444967,"osm_type":"node","seamark_type":"rock","display_class":"OTHER","min_zoom":12,"importance":1,"name":null,"ref":null,"common":{"type":"rock"},"children":{"rock":{"water_level":"submerged"}},"osm_tags":{"depth":"3.4","depth:source_quality":"known","natural":"rock","ref:linz:hydrographic_id":"291716","seamark:rock:water_level":"submerged","seamark:type":"rock","source":"LINZ;Approaches to Bluff and Riverton/Aparima Chart;Chart NZ681","source:date":"2016-06-01"}}},{"type":"Feature","geometry":{"type":"Point","coordinates":[167.9954627,-46.3908832]},"properties":{"osm_id":9271444986,"osm_type":"node","seamark_type":"rock","display_class":"OTHER","min_zoom":12,"importance":1,"name":null,"ref":null,"common":{"type":"rock"},"children":{"rock":{"water_level":"submerged"}},"osm_tags":{"depth":"2.2","depth:source_quality":"known","natural":"rock","ref:linz:hydrographic_id":"292355","seamark:rock:water_level":"submerged","seamark:type":"rock","source":"LINZ;Approaches to Bluff and Riverton/Aparima Chart;Chart NZ681","source:date":"2016-06-01"}}},{"type":"Feature","geometry":{"type":"Point","coordinates":[167.9916992,-46.3788741]},"properties":{"osm_id":9271444987,"osm_type":"node","seamark_type":"rock","display_class":"OTHER","min_zoom":12,"importance":1,"name":null,"ref":null,"common":{"type":"rock"},"children":{"rock":{"water_level":"covers"}},"osm_tags":{"depth:exposition":"shoaler","natural":"rock","ref:linz:hydrographic_id":"289934","seamark:rock:water_level":"covers","seamark:type":"rock","source":"LINZ;Approaches to Bluff and Riverton/Aparima Chart;Chart NZ681","source:date":"2016-06-01"}}},{"type":"Feature","geometry":{"type":"Point","coordinates":[167.9545337,-46.3668887]},"properties":{"osm_id":9271444988,"osm_type":"node","seamark_type":"rock","display_class":"OTHER","min_zoom":12,"importance":1,"name":null,"ref":null,"common":{"type":"rock"},"children":{"rock":{"water_level":"covers"}},"osm_tags":{"depth:exposition":"shoaler","natural":"rock","ref:linz:hydrographic_id":"289111","seamark:rock:water_level":"covers","seamark:type":"rock","source":"LINZ;Approaches to Bluff and Riverton/Aparima Chart;Chart NZ681","source:date":"2016-06-01"}}},{"type":"Feature","geometry":{"type":"Point","coordinates":[167.9817936,-46.742623]},"properties":{"osm_id":9271466578,"osm_type":"node","seamark_type":"rock","display_class":"OTHER","min_zoom":12,"importance":1,"name":null,"ref":null,"common":{"type":"rock"},"children":{"rock":{"water_level":"covers"}},"osm_tags":{"depth:exposition":"shoaler","natural":"rock","ref:linz:hydrographic_id":"290026","seamark:rock:water_level":"covers","seamark:type":"rock","source":"LINZ;Approaches to Bluff and Riverton/Aparima Chart;Chart NZ681","source:date":"2016-06-01"}}},{"type":"Feature","geometry":{"type":"Point","coordinates":[167.974063,-46.719771]},"properties":{"osm_id":9271466579,"osm_type":"node","seamark_type":"rock","display_class":"OTHER","min_zoom":12,"importance":1,"name":null,"ref":null,"common":{"type":"rock"},"children":{"rock":{"water_level":"covers"}},"osm_tags":{"depth:exposition":"shoaler","natural":"rock","ref:linz:hydrographic_id":"292269","seamark:rock:water_level":"covers","seamark:type":"rock","source":"LINZ;Approaches to Bluff and Riverton/Aparima Chart;Chart NZ681","source:date":"2016-06-01"}}},{"type":"Feature","geometry":{"type":"Point","coordinates":[167.9765773,-46.7188771]},"properties":{"osm_id":9271466580,"osm_type":"node","seamark_type":"rock","display_class":"OTHER","min_zoom":12,"importance":1,"name":null,"ref":null,"common":{"type":"rock"},"children":{"rock":{"water_level":"covers"}},"osm_tags":{"depth:exposition":"shoaler","natural":"rock","ref:linz:hydrographic_id":"289369","seamark:rock:water_level":"covers","seamark:type":"rock","source":"LINZ;Approaches to Bluff and Riverton/Aparima Chart;Chart NZ681","source:date":"2016-06-01"}}},{"type":"Feature","geometry":{"type":"Point","coordinates":[167.968826,-46.7199164]},"properties":{"osm_id":9271466581,"osm_type":"node","seamark_type":"rock","display_class":"OTHER","min_zoom":12,"importance":1,"name":null,"ref":null,"common":{"type":"rock"},"children":{"rock":{"water_level":"covers"}},"osm_tags":{"depth:exposition":"shoaler","natural":"rock","ref:linz:hydrographic_id":"292101","seamark:rock:water_level":"covers","seamark:type":"rock","source":"LINZ;Approaches to Bluff and Riverton/Aparima Chart;Chart NZ681","source:date":"2016-06-01"}}},{"type":"Feature","geometry":{"type":"Point","coordinates":[167.959466,-46.7182736]},"properties":{"osm_id":9271466582,"osm_type":"node","seamark_type":"rock","display_class":"OTHER","min_zoom":12,"importance":1,"name":null,"ref":null,"common":{"type":"rock"},"children":{"rock":{"water_level":"covers"}},"osm_tags":{"depth:exposition":"shoaler","natural":"rock","ref:linz:hydrographic_id":"291344","seamark:rock:water_level":"covers","seamark:type":"rock","source":"LINZ;Approaches to Bluff and Riverton/Aparima Chart;Chart NZ681","source:date":"2016-06-01"}}},{"type":"Feature","geometry":{"type":"Point","coordinates":[167.9572288,-46.7169496]},"properties":{"osm_id":9271466583,"osm_type":"node","seamark_type":"rock","display_class":"OTHER","min_zoom":12,"importance":1,"name":null,"ref":null,"common":{"type":"rock"},"children":{"rock":{"water_level":"covers"}},"osm_tags":{"depth:exposition":"shoaler","natural":"rock","ref:linz:hydrographic_id":"290608","seamark:rock:water_level":"covers","seamark:type":"rock","source":"LINZ;Approaches to Bluff and Riverton/Aparima Chart;Chart NZ681","source:date":"2016-06-01"}}},{"type":"Feature","geometry":{"type":"Point","coordinates":[167.9447434,-46.7060544]},"properties":{"osm_id":9271466584,"osm_type":"node","seamark_type":"rock","display_class":"OTHER","min_zoom":12,"importance":1,"name":null,"ref":null,"common":{"type":"rock"},"children":{"rock":{"water_level":"covers"}},"osm_tags":{"depth:exposition":"shoaler","natural":"rock","ref:linz:hydrographic_id":"290646","seamark:rock:water_level":"covers","seamark:type":"rock","source":"LINZ;Approaches to Bluff and Riverton/Aparima Chart;Chart NZ681","source:date":"2016-06-01"}}},{"type":"Feature","geometry":{"type":"Point","coordinates":[167.9388677,-46.7080826]},"properties":{"osm_id":9271466585,"osm_type":"node","seamark_type":"rock","display_class":"OTHER","min_zoom":12,"importance":1,"name":null,"ref":null,"common":{"type":"rock"},"children":{"rock":{"water_level":"covers"}},"osm_tags":{"depth:exposition":"shoaler","natural":"rock","ref:linz:hydrographic_id":"289100","seamark:rock:water_level":"covers","seamark:type":"rock","source":"LINZ;Approaches to Bluff and Riverton/Aparima Chart;Chart NZ681","source:date":"2016-06-01"}}},{"type":"Feature","geometry":{"type":"Point","coordinates":[167.9220745,-46.6976027]},"properties":{"osm_id":9271466586,"osm_type":"node","seamark_type":"rock","display_class":"OTHER","min_zoom":12,"importance":1,"name":null,"ref":null,"common":{"type":"rock"},"children":{"rock":{"water_level":"covers"}},"osm_tags":{"depth:exposition":"shoaler","natural":"rock","ref:linz:hydrographic_id":"293116","seamark:rock:water_level":"covers","seamark:type":"rock","source":"LINZ;Approaches to Bluff and Riverton/Aparima Chart;Chart NZ681","source:date":"2016-06-01"}}},{"type":"Feature","geometry":{"type":"Point","coordinates":[167.9179975,-46.6976613]},"properties":{"osm_id":9271466587,"osm_type":"node","seamark_type":"rock","display_class":"OTHER","min_zoom":12,"importance":1,"name":null,"ref":null,"common":{"type":"rock"},"children":{"rock":{"water_level":"covers"}},"osm_tags":{"depth:exposition":"shoaler","natural":"rock","ref:linz:hydrographic_id":"293094","seamark:rock:water_level":"covers","seamark:type":"rock","source":"LINZ;Approaches to Bluff and Riverton/Aparima Chart;Chart NZ681","source:date":"2016-06-01"}}},{"type":"Feature","geometry":{"type":"Point","coordinates":[167.9130189,-46.696556]},"properties":{"osm_id":9271466588,"osm_type":"node","seamark_type":"rock","display_class":"OTHER","min_zoom":12,"importance":1,"name":null,"ref":null,"common":{"type":"rock"},"children":{"rock":{"water_level":"covers"}},"osm_tags":{"depth:exposition":"shoaler","natural":"rock","ref:linz:hydrographic_id":"290353","seamark:rock:water_level":"covers","seamark:type":"rock","source":"LINZ;Approaches to Bluff and Riverton/Aparima Chart;Chart NZ681","source:date":"2016-06-01"}}},{"type":"Feature","geometry":{"type":"Point","coordinates":[167.9074163,-46.6984377]},"properties":{"osm_id":9271466589,"osm_type":"node","seamark_type":"rock","display_class":"OTHER","min_zoom":12,"importance":1,"name":null,"ref":null,"common":{"type":"rock"},"children":{"rock":{"water_level":"covers"}},"osm_tags":{"depth:exposition":"shoaler","natural":"rock","ref:linz:hydrographic_id":"292979","seamark:rock:water_level":"covers","seamark:type":"rock","source":"LINZ;Approaches to Bluff and Riverton/Aparima Chart;Chart NZ681","source:date":"2016-06-01"}}},{"type":"Feature","geometry":{"type":"Point","coordinates":[167.8991619,-46.6930274]},"properties":{"osm_id":9271466590,"osm_type":"node","seamark_type":"rock","display_class":"OTHER","min_zoom":12,"importance":1,"name":null,"ref":null,"common":{"type":"rock"},"children":{"rock":{"water_level":"covers"}},"osm_tags":{"depth:exposition":"shoaler","natural":"rock","ref:linz:hydrographic_id":"292874","seamark:rock:water_level":"covers","seamark:type":"rock","source":"LINZ;Approaches to Bluff and Riverton/Aparima Chart;Chart NZ681","source:date":"2016-06-01"}}},{"type":"Feature","geometry":{"type":"Point","coordinates":[167.8833181,-46.689371]},"properties":{"osm_id":9271466591,"osm_type":"node","seamark_type":"rock","display_class":"OTHER","min_zoom":12,"importance":1,"name":null,"ref":null,"common":{"type":"rock"},"children":{"rock":{"water_level":"covers"}},"osm_tags":{"depth:exposition":"shoaler","natural":"rock","ref:linz:hydrographic_id":"291980","seamark:rock:water_level":"covers","seamark:type":"rock","source":"LINZ;Approaches to Bluff and Riverton/Aparima Chart;Chart NZ681","source:date":"2016-06-01"}}},{"type":"Feature","geometry":{"type":"Point","coordinates":[167.882148,-46.6878278]},"properties":{"osm_id":9271466592,"osm_type":"node","seamark_type":"rock","display_class":"OTHER","min_zoom":12,"importance":1,"name":null,"ref":null,"common":{"type":"rock"},"children":{"rock":{"water_level":"covers"}},"osm_tags":{"depth:exposition":"shoaler","natural":"rock","ref:linz:hydrographic_id":"288949","seamark:rock:water_level":"covers","seamark:type":"rock","source":"LINZ;Approaches to Bluff and Riverton/Aparima Chart;Chart NZ681","source:date":"2016-06-01"}}},{"type":"Feature","geometry":{"type":"Point","coordinates":[167.8631268,-46.6808423]},"properties":{"osm_id":9271466593,"osm_type":"node","seamark_type":"rock","display_class":"OTHER","min_zoom":12,"importance":1,"name":null,"ref":null,"common":{"type":"rock"},"children":{"rock":{"water_level":"submerged"}},"osm_tags":{"natural":"rock","ref:linz:hydrographic_id":"288933","seamark:rock:water_level":"submerged","seamark:type":"rock","source":"LINZ;Approaches to Bluff and Riverton/Aparima Chart;Chart NZ681","source:date":"2016-06-01"}}},{"type":"Feature","geometry":{"type":"Point","coordinates":[167.8628917,-46.677964]},"properties":{"osm_id":9271466594,"osm_type":"node","seamark_type":"rock","display_class":"OTHER","min_zoom":12,"importance":1,"name":null,"ref":null,"common":{"type":"rock"},"children":{"rock":{"water_level":"covers"}},"osm_tags":{"depth":"-2","depth:exposition":"shoaler","depth:source_quality":"known","natural":"rock","ref:linz:hydrographic_id":"291333","seamark:rock:water_level":"covers","seamark:type":"rock","source":"LINZ;Approaches to Bluff and Riverton/Aparima Chart;Chart NZ681","source:date":"2016-06-01"}}},{"type":"Feature","geometry":{"type":"Point","coordinates":[167.8527029,-46.6845736]},"properties":{"osm_id":9271466595,"osm_type":"node","seamark_type":"rock","display_class":"OTHER","min_zoom":12,"importance":1,"name":null,"ref":null,"common":{"type":"rock"},"children":{"rock":{"water_level":"covers"}},"osm_tags":{"depth":"-1","depth:exposition":"shoaler","depth:source_quality":"known","natural":"rock","ref:linz:hydrographic_id":"290066","seamark:rock:water_level":"covers","seamark:type":"rock","source":"LINZ;Approaches to Bluff and Riverton/Aparima Chart;Chart NZ681","source:date":"2016-06-01"}}},{"type":"Feature","geometry":{"type":"Point","coordinates":[167.8572189,-46.6880876]},"properties":{"osm_id":9271466596,"osm_type":"node","seamark_type":"rock","display_class":"OTHER","min_zoom":12,"importance":1,"name":null,"ref":null,"common":{"type":"rock"},"children":{"rock":{"water_level":"covers"}},"osm_tags":{"depth:exposition":"shoaler","natural":"rock","ref:linz:hydrographic_id":"292689","seamark:rock:water_level":"covers","seamark:type":"rock","source":"LINZ;Approaches to Bluff and Riverton/Aparima Chart;Chart NZ681","source:date":"2016-06-01"}}},{"type":"Feature","geometry":{"type":"Point","coordinates":[167.8585465,-46.6928473]},"properties":{"osm_id":9271466597,"osm_type":"node","seamark_type":"rock","display_class":"OTHER","min_zoom":12,"importance":1,"name":null,"ref":null,"common":{"type":"rock"},"children":{"rock":{"water_level":"covers"}},"osm_tags":{"depth:exposition":"shoaler","natural":"rock","ref:linz:hydrographic_id":"293012","seamark:rock:water_level":"covers","seamark:type":"rock","source":"LINZ;Approaches to Bluff and Riverton/Aparima Chart;Chart NZ681","source:date":"2016-06-01"}}},{"type":"Feature","geometry":{"type":"Point","coordinates":[167.8562129,-46.6929268]},"properties":{"osm_id":9271466598,"osm_type":"node","seamark_type":"rock","display_class":"OTHER","min_zoom":12,"importance":1,"name":null,"ref":null,"common":{"type":"rock"},"children":{"rock":{"water_level":"covers"}},"osm_tags":{"depth:exposition":"shoaler","natural":"rock","ref:linz:hydrographic_id":"291592","seamark:rock:water_level":"covers","seamark:type":"rock","source":"LINZ;Approaches to Bluff and Riverton/Aparima Chart;Chart NZ681","source:date":"2016-06-01"}}},{"type":"Feature","geometry":{"type":"Point","coordinates":[167.8550814,-46.694519]},"properties":{"osm_id":9271466599,"osm_type":"node","seamark_type":"rock","display_class":"OTHER","min_zoom":12,"importance":1,"name":null,"ref":null,"common":{"type":"rock"},"children":{"rock":{"water_level":"covers"}},"osm_tags":{"depth:exposition":"shoaler","natural":"rock","ref:linz:hydrographic_id":"289522","seamark:rock:water_level":"covers","seamark:type":"rock","source":"LINZ;Approaches to Bluff and Riverton/Aparima Chart;Chart NZ681","source:date":"2016-06-01"}}},{"type":"Feature","geometry":{"type":"Point","coordinates":[167.8326047,-46.701114]},"properties":{"osm_id":9271466600,"osm_type":"node","seamark_type":"rock","display_class":"OTHER","min_zoom":12,"importance":1,"name":null,"ref":null,"common":{"type":"rock"},"children":{"rock":{"water_level":"covers"}},"osm_tags":{"depth:exposition":"shoaler","natural":"rock","ref:linz:hydrographic_id":"292879","seamark:rock:water_level":"covers","seamark:type":"rock","source":"LINZ;Approaches to Bluff and Riverton/Aparima Chart;Chart NZ681","source:date":"2016-06-01"}}},{"type":"Feature","geometry":{"type":"Point","coordinates":[167.8279713,-46.6996708]},"properties":{"osm_id":9271466601,"osm_type":"node","seamark_type":"rock","display_class":"OTHER","min_zoom":12,"importance":1,"name":null,"ref":null,"common":{"type":"rock"},"children":{"rock":{"water_level":"submerged"}},"osm_tags":{"natural":"rock","ref:linz:hydrographic_id":"291971","seamark:rock:water_level":"submerged","seamark:type":"rock","source":"LINZ;Approaches to Bluff and Riverton/Aparima Chart;Chart NZ681","source:date":"2016-06-01"}}},{"type":"Feature","geometry":{"type":"Point","coordinates":[167.8252565,-46.6967172]},"properties":{"osm_id":9271466602,"osm_type":"node","seamark_type":"rock","display_class":"OTHER","min_zoom":12,"importance":1,"name":null,"ref":null,"common":{"type":"rock"},"children":{"rock":{"water_level":"covers"}},"osm_tags":{"depth:exposition":"shoaler","natural":"rock","ref:linz:hydrographic_id":"293174","seamark:rock:water_level":"covers","seamark:type":"rock","source":"LINZ;Approaches to Bluff and Riverton/Aparima Chart;Chart NZ681","source:date":"2016-06-01"}}},{"type":"Feature","geometry":{"type":"Point","coordinates":[167.8183827,-46.6920211]},"properties":{"osm_id":9271466603,"osm_type":"node","seamark_type":"rock","display_class":"OTHER","min_zoom":12,"importance":1,"name":null,"ref":null,"common":{"type":"rock"},"children":{"rock":{"water_level":"covers"}},"osm_tags":{"depth:exposition":"shoaler","natural":"rock","ref:linz:hydrographic_id":"290544","seamark:rock:water_level":"covers","seamark:type":"rock","source":"LINZ;Approaches to Bluff and Riverton/Aparima Chart;Chart NZ681","source:date":"2016-06-01"}}},{"type":"Feature","geometry":{"type":"Point","coordinates":[167.8046583,-46.6924636]},"properties":{"osm_id":9271466604,"osm_type":"node","seamark_type":"rock","display_class":"OTHER","min_zoom":12,"importance":1,"name":null,"ref":null,"common":{"type":"rock"},"children":{"rock":{"water_level":"submerged"}},"osm_tags":{"natural":"rock","ref:linz:hydrographic_id":"289098","seamark:rock:water_level":"submerged","seamark:type":"rock","source":"LINZ;Approaches to Bluff and Riverton/Aparima Chart;Chart NZ681","source:date":"2016-06-01"}}},{"type":"Feature","geometry":{"type":"Point","coordinates":[167.7995071,-46.6916688]},"properties":{"osm_id":9271466605,"osm_type":"node","seamark_type":"rock","display_class":"OTHER","min_zoom":12,"importance":1,"name":null,"ref":null,"common":{"type":"rock"},"children":{"rock":{"water_level":"covers"}},"osm_tags":{"depth:exposition":"shoaler","natural":"rock","ref:linz:hydrographic_id":"290232","seamark:rock:water_level":"covers","seamark:type":"rock","source":"LINZ;Approaches to Bluff and Riverton/Aparima Chart;Chart NZ681","source:date":"2016-06-01"}}},{"type":"Feature","geometry":{"type":"Point","coordinates":[167.7836818,-46.6852828]},"properties":{"osm_id":9271466606,"osm_type":"node","seamark_type":"rock","display_class":"OTHER","min_zoom":12,"importance":1,"name":null,"ref":null,"common":{"type":"rock"},"children":{"rock":{"water_level":"submerged"}},"osm_tags":{"natural":"rock","ref:linz:hydrographic_id":"293208","seamark:rock:water_level":"submerged","seamark:type":"rock","source":"LINZ;Approaches to Bluff and Riverton/Aparima Chart;Chart NZ681","source:date":"2016-06-01"}}},{"type":"Feature","geometry":{"type":"Point","coordinates":[167.7784562,-46.6882304]},"properties":{"osm_id":9271466607,"osm_type":"node","seamark_type":"rock","display_class":"OTHER","min_zoom":12,"importance":1,"name":null,"ref":null,"common":{"type":"rock"},"children":{"rock":{"water_level":"covers"}},"osm_tags":{"depth":"-2","depth:exposition":"shoaler","depth:source_quality":"known","natural":"rock","ref:linz:hydrographic_id":"290500","seamark:rock:water_level":"covers","seamark:type":"rock","source":"LINZ;Approaches to Bluff and Riverton/Aparima Chart;Chart NZ681","source:date":"2016-06-01"}}},{"type":"Feature","geometry":{"type":"Point","coordinates":[167.7718129,-46.6923266]},"properties":{"osm_id":9271466608,"osm_type":"node","seamark_type":"rock","display_class":"OTHER","min_zoom":12,"importance":1,"name":null,"ref":null,"common":{"type":"rock"},"children":{"rock":{"water_level":"covers"}},"osm_tags":{"depth:exposition":"shoaler","natural":"rock","ref:linz:hydrographic_id":"288895","seamark:rock:water_level":"covers","seamark:type":"rock","source":"LINZ;Approaches to Bluff and Riverton/Aparima Chart;Chart NZ681","source:date":"2016-06-01"}}},{"type":"Feature","geometry":{"type":"Point","coordinates":[167.7671794,-46.6939709]},"properties":{"osm_id":9271466609,"osm_type":"node","seamark_type":"rock","display_class":"OTHER","min_zoom":12,"importance":1,"name":null,"ref":null,"common":{"type":"rock"},"children":{"rock":{"water_level":"covers"}},"osm_tags":{"depth:exposition":"shoaler","natural":"rock","ref:linz:hydrographic_id":"292930","seamark:rock:water_level":"covers","seamark:type":"rock","source":"LINZ;Approaches to Bluff and Riverton/Aparima Chart;Chart NZ681","source:date":"2016-06-01"}}},{"type":"Feature","geometry":{"type":"Point","coordinates":[167.7639135,-46.6949209]},"properties":{"osm_id":9271466610,"osm_type":"node","seamark_type":"rock","display_class":"OTHER","min_zoom":12,"importance":1,"name":null,"ref":null,"common":{"type":"rock"},"children":{"rock":{"water_level":"covers"}},"osm_tags":{"depth:exposition":"shoaler","natural":"rock","ref:linz:hydrographic_id":"290628","seamark:rock:water_level":"covers","seamark:type":"rock","source":"LINZ;Approaches to Bluff and Riverton/Aparima Chart;Chart NZ681","source:date":"2016-06-01"}}},{"type":"Feature","geometry":{"type":"Point","coordinates":[167.76163,-46.6944276]},"properties":{"osm_id":9271466611,"osm_type":"node","seamark_type":"rock","display_class":"OTHER","min_zoom":12,"importance":1,"name":null,"ref":null,"common":{"type":"rock"},"children":{"rock":{"water_level":"covers"}},"osm_tags":{"depth:exposition":"shoaler","natural":"rock","ref:linz:hydrographic_id":"292736","seamark:rock:water_level":"covers","seamark:type":"rock","source":"LINZ;Approaches to Bluff and Riverton/Aparima Chart;Chart NZ681","source:date":"2016-06-01"}}},{"type":"Feature","geometry":{"type":"Point","coordinates":[167.7600501,-46.6931305]},"properties":{"osm_id":9271466612,"osm_type":"node","seamark_type":"rock","display_class":"OTHER","min_zoom":12,"importance":1,"name":null,"ref":null,"common":{"type":"rock"},"children":{"rock":{"water_level":"submerged"}},"osm_tags":{"natural":"rock","ref:linz:hydrographic_id":"289229","seamark:rock:water_level":"submerged","seamark:type":"rock","source":"LINZ;Approaches to Bluff and Riverton/Aparima Chart;Chart NZ681","source:date":"2016-06-01"}}},{"type":"Feature","geometry":{"type":"Point","coordinates":[167.7587124,-46.6940472]},"properties":{"osm_id":9271466613,"osm_type":"node","seamark_type":"rock","display_class":"OTHER","min_zoom":12,"importance":1,"name":null,"ref":null,"common":{"type":"rock"},"children":{"rock":{"water_level":"covers"}},"osm_tags":{"depth:exposition":"shoaler","natural":"rock","ref:linz:hydrographic_id":"291678","seamark:rock:water_level":"covers","seamark:type":"rock","source":"LINZ;Approaches to Bluff and Riverton/Aparima Chart;Chart NZ681","source:date":"2016-06-01"}}},{"type":"Feature","geometry":{"type":"Point","coordinates":[167.7566161,-46.693175]},"properties":{"osm_id":9271466614,"osm_type":"node","seamark_type":"rock","display_class":"OTHER","min_zoom":12,"importance":1,"name":null,"ref":null,"common":{"type":"rock"},"children":{"rock":{"water_level":"covers"}},"osm_tags":{"depth:exposition":"shoaler","natural":"rock","ref:linz:hydrographic_id":"292519","seamark:rock:water_level":"covers","seamark:type":"rock","source":"LINZ;Approaches to Bluff and Riverton/Aparima Chart;Chart NZ681","source:date":"2016-06-01"}}},{"type":"Feature","geometry":{"type":"Point","coordinates":[167.7516923,-46.6943491]},"properties":{"osm_id":9271466615,"osm_type":"node","seamark_type":"rock","display_class":"OTHER","min_zoom":12,"importance":1,"name":null,"ref":null,"common":{"type":"rock"},"children":{"rock":{"water_level":"covers"}},"osm_tags":{"depth:exposition":"shoaler","natural":"rock","ref:linz:hydrographic_id":"292790","seamark:rock:water_level":"covers","seamark:type":"rock","source":"LINZ;Approaches to Bluff and Riverton/Aparima Chart;Chart NZ681","source:date":"2016-06-01"}}},{"type":"Feature","geometry":{"type":"Point","coordinates":[167.7337046,-46.6807401]},"properties":{"osm_id":9271466616,"osm_type":"node","seamark_type":"rock","display_class":"OTHER","min_zoom":12,"importance":1,"name":null,"ref":null,"common":{"type":"rock"},"children":{"rock":{"water_level":"submerged"}},"osm_tags":{"depth":"24.5","depth:source_quality":"known","natural":"rock","ref:linz:hydrographic_id":"3149295","seamark:rock:water_level":"submerged","seamark:type":"rock","source":"LINZ;Stewart Island/Rakiura Chart;Chart NZ69","source:date":"2016-07-01"}}},{"type":"Feature","geometry":{"type":"Point","coordinates":[167.7213886,-46.7255051]},"properties":{"osm_id":9271466617,"osm_type":"node","seamark_type":"rock","display_class":"OTHER","min_zoom":12,"importance":1,"name":null,"ref":null,"common":{"type":"rock"},"children":{"rock":{"water_level":"submerged"}},"osm_tags":{"natural":"rock","ref:linz:hydrographic_id":"3148892","seamark:rock:water_level":"submerged","seamark:type":"rock","source":"LINZ;Stewart Island/Rakiura Chart;Chart NZ69","source:date":"2016-07-01"}}},{"type":"Feature","geometry":{"type":"Point","coordinates":[167.6800538,-46.7671627]},"properties":{"osm_id":9271466618,"osm_type":"node","seamark_type":"rock","display_class":"OTHER","min_zoom":12,"importance":1,"name":null,"ref":null,"common":{"type":"rock"},"children":{"rock":{"water_level":"submerged"}},"osm_tags":{"depth":"11.8","depth:source_quality":"known","natural":"rock","ref:linz:hydrographic_id":"3149401","seamark:rock:water_level":"submerged","seamark:type":"rock","source":"LINZ;Stewart Island/Rakiura Chart;Chart NZ69","source:date":"2016-07-01"}}},{"type":"Feature","geometry":{"type":"Point","coordinates":[167.7093079,-46.7758148]},"properties":{"osm_id":9271466619,"osm_type":"node","seamark_type":"rock","display_class":"OTHER","min_zoom":12,"importance":1,"name":null,"ref":null,"common":{"type":"rock"},"children":{"rock":{"water_level":"submerged"}},"osm_tags":{"natural":"rock","ref:linz:hydrographic_id":"3148569","seamark:rock:water_level":"submerged","seamark:type":"rock","source":"LINZ;Stewart Island/Rakiura Chart;Chart NZ69","source:date":"2016-07-01"}}},{"type":"Feature","geometry":{"type":"Point","coordinates":[167.7010918,-46.8015442]},"properties":{"osm_id":9271466620,"osm_type":"node","seamark_type":"rock","display_class":"OTHER","min_zoom":12,"importance":1,"name":null,"ref":null,"common":{"type":"rock"},"children":{"rock":{"water_level":"submerged"}},"osm_tags":{"natural":"rock","ref:linz:hydrographic_id":"3148326","seamark:rock:water_level":"submerged","seamark:type":"rock","source":"LINZ;Stewart Island/Rakiura Chart;Chart NZ69","source:date":"2016-07-01"}}},{"type":"Feature","geometry":{"type":"Point","coordinates":[167.6840593,-46.8015676]},"properties":{"osm_id":9271466621,"osm_type":"node","seamark_type":"rock","display_class":"OTHER","min_zoom":12,"importance":1,"name":null,"ref":null,"common":{"type":"rock"},"children":{"rock":{"water_level":"covers"}},"osm_tags":{"depth":"-0.3","depth:exposition":"shoaler","depth:source_quality":"known","natural":"rock","ref:linz:hydrographic_id":"3148435","seamark:rock:water_level":"covers","seamark:type":"rock","source":"LINZ;Stewart Island/Rakiura Chart;Chart NZ69","source:date":"2016-07-01"}}},{"type":"Feature","geometry":{"type":"Point","coordinates":[167.7122651,-46.8074855]},"properties":{"osm_id":9271466622,"osm_type":"node","seamark_type":"rock","display_class":"OTHER","min_zoom":12,"importance":1,"name":null,"ref":null,"common":{"type":"rock"},"children":{"rock":{"water_level":"submerged"}},"osm_tags":{"natural":"rock","ref:linz:hydrographic_id":"3148409","seamark:rock:water_level":"submerged","seamark:type":"rock","source":"LINZ;Stewart Island/Rakiura Chart;Chart NZ69","source:date":"2016-07-01"}}},{"type":"Feature","geometry":{"type":"Point","coordinates":[167.7204077,-46.8143269]},"properties":{"osm_id":9271466623,"osm_type":"node","seamark_type":"rock","display_class":"OTHER","min_zoom":12,"importance":1,"name":null,"ref":null,"common":{"type":"rock"},"children":{"rock":{"water_level":"submerged"}},"osm_tags":{"natural":"rock","ref:linz:hydrographic_id":"3149481","seamark:rock:water_level":"submerged","seamark:type":"rock","source":"LINZ;Stewart Island/Rakiura Chart;Chart NZ69","source:date":"2016-07-01"}}},{"type":"Feature","geometry":{"type":"Point","coordinates":[167.7219682,-46.8172195]},"properties":{"osm_id":9271466624,"osm_type":"node","seamark_type":"rock","display_class":"OTHER","min_zoom":12,"importance":1,"name":null,"ref":null,"common":{"type":"rock"},"children":{"rock":{"water_level":"submerged"}},"osm_tags":{"natural":"rock","ref:linz:hydrographic_id":"3149344","seamark:rock:water_level":"submerged","seamark:type":"rock","source":"LINZ;Stewart Island/Rakiura Chart;Chart NZ69","source:date":"2016-07-01"}}},{"type":"Feature","geometry":{"type":"Point","coordinates":[167.7230606,-46.8211831]},"properties":{"osm_id":9271466625,"osm_type":"node","seamark_type":"rock","display_class":"OTHER","min_zoom":12,"importance":1,"name":null,"ref":null,"common":{"type":"rock"},"children":{"rock":{"water_level":"submerged"}},"osm_tags":{"natural":"rock","ref:linz:hydrographic_id":"3149114","seamark:rock:water_level":"submerged","seamark:type":"rock","source":"LINZ;Stewart Island/Rakiura Chart;Chart NZ69","source:date":"2016-07-01"}}},{"type":"Feature","geometry":{"type":"Point","coordinates":[167.7257916,-46.8265925]},"properties":{"osm_id":9271466626,"osm_type":"node","seamark_type":"rock","display_class":"OTHER","min_zoom":12,"importance":1,"name":null,"ref":null,"common":{"type":"rock"},"children":{"rock":{"water_level":"submerged"}},"osm_tags":{"natural":"rock","ref:linz:hydrographic_id":"3148185","seamark:rock:water_level":"submerged","seamark:type":"rock","source":"LINZ;Stewart Island/Rakiura Chart;Chart NZ69","source:date":"2016-07-01"}}},{"type":"Feature","geometry":{"type":"Point","coordinates":[167.7298973,-46.8346226]},"properties":{"osm_id":9271466627,"osm_type":"node","seamark_type":"rock","display_class":"OTHER","min_zoom":12,"importance":1,"name":null,"ref":null,"common":{"type":"rock"},"children":{"rock":{"water_level":"submerged"}},"osm_tags":{"natural":"rock","ref:linz:hydrographic_id":"3150001","seamark:rock:water_level":"submerged","seamark:type":"rock","source":"LINZ;Stewart Island/Rakiura Chart;Chart NZ69","source:date":"2016-07-01"}}},{"type":"Feature","geometry":{"type":"Point","coordinates":[167.7422197,-46.8457899]},"properties":{"osm_id":9271466628,"osm_type":"node","seamark_type":"rock","display_class":"OTHER","min_zoom":12,"importance":1,"name":null,"ref":null,"common":{"type":"rock"},"children":{"rock":{"water_level":"submerged"}},"osm_tags":{"natural":"rock","ref:linz:hydrographic_id":"3148989","seamark:rock:water_level":"submerged","seamark:type":"rock","source":"LINZ;Stewart Island/Rakiura Chart;Chart NZ69","source:date":"2016-07-01"}}},{"type":"Feature","geometry":{"type":"Point","coordinates":[167.74348,-46.875337]},"properties":{"osm_id":9271466629,"osm_type":"node","seamark_type":"rock","display_class":"OTHER","min_zoom":12,"importance":1,"name":null,"ref":null,"common":{"type":"rock"},"children":{"rock":{"water_level":"covers"}},"osm_tags":{"depth":"-1.5","depth:exposition":"shoaler","depth:source_quality":"known","natural":"rock","ref:linz:hydrographic_id":"3148953","seamark:rock:water_level":"covers","seamark:type":"rock","source":"LINZ;Stewart Island/Rakiura Chart;Chart NZ69","source:date":"2016-07-01"}}},{"type":"Feature","geometry":{"type":"Point","coordinates":[167.6706471,-46.8841245]},"properties":{"osm_id":9271466630,"osm_type":"node","seamark_type":"rock","display_class":"OTHER","min_zoom":12,"importance":1,"name":null,"ref":null,"common":{"type":"rock"},"children":{"rock":{"water_level":"submerged"}},"osm_tags":{"depth":"27.5","depth:source_quality":"known","natural":"rock","ref:linz:hydrographic_id":"3149646","seamark:rock:water_level":"submerged","seamark:type":"rock","source":"LINZ;Stewart Island/Rakiura Chart;Chart NZ69","source:date":"2016-07-01"}}},{"type":"Feature","geometry":{"type":"Point","coordinates":[167.6524798,-46.862448]},"properties":{"osm_id":9271466632,"osm_type":"node","seamark_type":"rock","display_class":"OTHER","min_zoom":12,"importance":1,"name":null,"ref":null,"common":{"type":"rock"},"children":{"rock":{"water_level":"submerged"}},"osm_tags":{"depth":"24.5","depth:source_quality":"known","natural":"rock","ref:linz:hydrographic_id":"3148477","seamark:rock:water_level":"submerged","seamark:type":"rock","source":"LINZ;Stewart Island/Rakiura Chart;Chart NZ69","source:date":"2016-07-01"}}},{"type":"Feature","geometry":{"type":"Point","coordinates":[167.669888,-46.8572032]},"properties":{"osm_id":9271466633,"osm_type":"node","seamark_type":"rock","display_class":"OTHER","min_zoom":12,"importance":1,"name":null,"ref":null,"common":{"type":"rock"},"children":{"rock":{"water_level":"submerged"}},"osm_tags":{"depth":"12.6","depth:source_quality":"known","natural":"rock","ref:linz:hydrographic_id":"3148827","seamark:rock:water_level":"submerged","seamark:type":"rock","source":"LINZ;Stewart Island/Rakiura Chart;Chart NZ69","source:date":"2016-07-01"}}},{"type":"Feature","geometry":{"type":"Point","coordinates":[167.71557,-46.8187193]},"properties":{"osm_id":9271466634,"osm_type":"node","seamark_type":"rock","display_class":"OTHER","min_zoom":12,"importance":1,"name":null,"ref":null,"common":{"type":"rock"},"children":{"rock":{"water_level":"covers"}},"osm_tags":{"depth":"-1","depth:exposition":"shoaler","depth:source_quality":"known","natural":"rock","ref:linz:hydrographic_id":"3148726","seamark:rock:water_level":"covers","seamark:type":"rock","source":"LINZ;Stewart Island/Rakiura Chart;Chart NZ69","source:date":"2016-07-01"}}},{"type":"Feature","geometry":{"type":"Point","coordinates":[167.6205997,-46.7968185]},"properties":{"osm_id":9271466635,"osm_type":"node","seamark_type":"rock","display_class":"OTHER","min_zoom":12,"importance":1,"name":null,"ref":null,"common":{"type":"rock"},"children":{"rock":{"water_level":"covers"}},"osm_tags":{"depth":"-0.5","depth:exposition":"shoaler","depth:source_quality":"known","natural":"rock","ref:linz:hydrographic_id":"3148732","seamark:rock:water_level":"covers","seamark:type":"rock","source":"LINZ;Stewart Island/Rakiura Chart;Chart NZ69","source:date":"2016-07-01"}}},{"type":"Feature","geometry":{"type":"Point","coordinates":[167.5981671,-46.8033354]},"properties":{"osm_id":9271466636,"osm_type":"node","seamark_type":"rock","display_class":"OTHER","min_zoom":12,"importance":1,"name":null,"ref":null,"common":{"type":"rock"},"children":{"rock":{"water_level":"submerged"}},"osm_tags":{"depth":"29.5","depth:exposition":"shoaler","depth:source_quality":"known","natural":"rock","ref:linz:hydrographic_id":"3148171","seamark:rock:water_level":"submerged","seamark:type":"rock","source":"LINZ;Stewart Island/Rakiura Chart;Chart NZ69","source:date":"2016-07-01"}}},{"type":"Feature","geometry":{"type":"Point","coordinates":[167.5964167,-46.7406407]},"properties":{"osm_id":9271466637,"osm_type":"node","seamark_type":"rock","display_class":"OTHER","min_zoom":12,"importance":1,"name":null,"ref":null,"common":{"type":"rock"},"children":{"rock":{"water_level":"submerged"}},"osm_tags":{"depth":"16.1","depth:exposition":"shoaler","depth:source_quality":"known","natural":"rock","ref:linz:hydrographic_id":"3148426","seamark:rock:water_level":"submerged","seamark:type":"rock","source":"LINZ;Stewart Island/Rakiura Chart;Chart NZ69","source:date":"2016-07-01"}}},{"type":"Feature","geometry":{"type":"Point","coordinates":[167.8052201,-46.6752796]},"properties":{"osm_id":9271466638,"osm_type":"node","seamark_type":"rock","display_class":"OTHER","min_zoom":12,"importance":1,"name":null,"ref":null,"common":{"type":"rock"},"children":{"rock":{"water_level":"covers"}},"osm_tags":{"depth:exposition":"shoaler","natural":"rock","ref:linz:hydrographic_id":"290367","seamark:rock:water_level":"covers","seamark:type":"rock","source":"LINZ;Approaches to Bluff and Riverton/Aparima Chart;Chart NZ681","source:date":"2016-06-01"}}},{"type":"Feature","geometry":{"type":"Point","coordinates":[167.8069285,-46.6702604]},"properties":{"osm_id":9271466639,"osm_type":"node","seamark_type":"rock","display_class":"OTHER","min_zoom":12,"importance":1,"name":null,"ref":null,"common":{"type":"rock"},"children":{"rock":{"water_level":"covers"}},"osm_tags":{"depth:exposition":"shoaler","natural":"rock","ref:linz:hydrographic_id":"290829","seamark:rock:water_level":"covers","seamark:type":"rock","source":"LINZ;Approaches to Bluff and Riverton/Aparima Chart;Chart NZ681","source:date":"2016-06-01"}}},{"type":"Feature","geometry":{"type":"Point","coordinates":[167.8081632,-46.6682041]},"properties":{"osm_id":9271466640,"osm_type":"node","seamark_type":"rock","display_class":"OTHER","min_zoom":12,"importance":1,"name":null,"ref":null,"common":{"type":"rock"},"children":{"rock":{"water_level":"covers"}},"osm_tags":{"depth:exposition":"shoaler","natural":"rock","ref:linz:hydrographic_id":"292109","seamark:rock:water_level":"covers","seamark:type":"rock","source":"LINZ;Approaches to Bluff and Riverton/Aparima Chart;Chart NZ681","source:date":"2016-06-01"}}},{"type":"Feature","geometry":{"type":"Point","coordinates":[167.8064373,-46.66676]},"properties":{"osm_id":9271466641,"osm_type":"node","seamark_type":"rock","display_class":"OTHER","min_zoom":12,"importance":1,"name":null,"ref":null,"common":{"type":"rock"},"children":{"rock":{"water_level":"covers"}},"osm_tags":{"depth":"-0.8","depth:exposition":"shoaler","depth:source_quality":"known","natural":"rock","ref:linz:hydrographic_id":"290369","seamark:rock:water_level":"covers","seamark:type":"rock","source":"LINZ;Approaches to Bluff and Riverton/Aparima Chart;Chart NZ681","source:date":"2016-06-01"}}},{"type":"Feature","geometry":{"type":"Point","coordinates":[167.6668062,-46.9494711]},"properties":{"osm_id":9271466777,"osm_type":"node","seamark_type":"rock","display_class":"OTHER","min_zoom":12,"importance":1,"name":null,"ref":null,"common":{"type":"rock"},"children":{"rock":{"water_level":"submerged"}},"osm_tags":{"natural":"rock","ref:linz:hydrographic_id":"3150256","seamark:rock:water_level":"submerged","seamark:type":"rock","source":"LINZ;Stewart Island/Rakiura Chart;Chart NZ69","source:date":"2016-07-01"}}},{"type":"Feature","geometry":{"type":"Point","coordinates":[167.6580044,-46.9437908]},"properties":{"osm_id":9271466778,"osm_type":"node","seamark_type":"rock","display_class":"OTHER","min_zoom":12,"importance":1,"name":null,"ref":null,"common":{"type":"rock"},"children":{"rock":{"water_level":"covers"}},"osm_tags":{"depth":"-1.5","depth:exposition":"shoaler","depth:source_quality":"known","natural":"rock","ref:linz:hydrographic_id":"3149583","seamark:rock:water_level":"covers","seamark:type":"rock","source":"LINZ;Stewart Island/Rakiura Chart;Chart NZ69","source:date":"2016-07-01"}}},{"type":"Feature","geometry":{"type":"Point","coordinates":[167.1802434,-46.2662753]},"properties":{"osm_id":9273996567,"osm_type":"node","seamark_type":"rock","display_class":"OTHER","min_zoom":12,"importance":1,"name":null,"ref":null,"common":{"type":"rock"},"children":{"rock":{"water_level":"covers"}},"osm_tags":{"depth":"-0.4","depth:exposition":"shoaler","depth:source_quality":"known","natural":"rock","ref:linz:hydrographic_id":"3149215","seamark:rock:water_level":"covers","seamark:type":"rock","source":"LINZ;Stewart Island/Rakiura Chart;Chart NZ69","source:date":"2016-07-01"}}},{"type":"Feature","geometry":{"type":"Point","coordinates":[167.3169899,-46.2589718]},"properties":{"osm_id":9273996568,"osm_type":"node","seamark_type":"rock","display_class":"OTHER","min_zoom":12,"importance":1,"name":null,"ref":null,"common":{"type":"rock"},"children":{"rock":{"water_level":"submerged"}},"osm_tags":{"natural":"rock","ref:linz:hydrographic_id":"3149834","seamark:rock:water_level":"submerged","seamark:type":"rock","source":"LINZ;Stewart Island/Rakiura Chart;Chart NZ69","source:date":"2016-07-01"}}},{"type":"Feature","geometry":{"type":"Point","coordinates":[167.3192843,-46.2569112]},"properties":{"osm_id":9273996569,"osm_type":"node","seamark_type":"rock","display_class":"OTHER","min_zoom":12,"importance":1,"name":null,"ref":null,"common":{"type":"rock"},"children":{"rock":{"water_level":"submerged"}},"osm_tags":{"natural":"rock","ref:linz:hydrographic_id":"3149501","seamark:rock:water_level":"submerged","seamark:type":"rock","source":"LINZ;Stewart Island/Rakiura Chart;Chart NZ69","source:date":"2016-07-01"}}},{"type":"Feature","geometry":{"type":"Point","coordinates":[167.3293555,-46.2534936]},"properties":{"osm_id":9273996570,"osm_type":"node","seamark_type":"rock","display_class":"OTHER","min_zoom":12,"importance":1,"name":null,"ref":null,"common":{"type":"rock"},"children":{"rock":{"water_level":"submerged"}},"osm_tags":{"natural":"rock","ref:linz:hydrographic_id":"3149154","seamark:rock:water_level":"submerged","seamark:type":"rock","source":"LINZ;Stewart Island/Rakiura Chart;Chart NZ69","source:date":"2016-07-01"}}},{"type":"Feature","geometry":{"type":"Point","coordinates":[167.334733,-46.2517214]},"properties":{"osm_id":9273996571,"osm_type":"node","seamark_type":"rock","display_class":"OTHER","min_zoom":12,"importance":1,"name":null,"ref":null,"common":{"type":"rock"},"children":{"rock":{"water_level":"submerged"}},"osm_tags":{"natural":"rock","ref:linz:hydrographic_id":"3149748","seamark:rock:water_level":"submerged","seamark:type":"rock","source":"LINZ;Stewart Island/Rakiura Chart;Chart NZ69","source:date":"2016-07-01"}}},{"type":"Feature","geometry":{"type":"Point","coordinates":[167.3395475,-46.2515166]},"properties":{"osm_id":9273996572,"osm_type":"node","seamark_type":"rock","display_class":"OTHER","min_zoom":12,"importance":1,"name":null,"ref":null,"common":{"type":"rock"},"children":{"rock":{"water_level":"submerged"}},"osm_tags":{"natural":"rock","ref:linz:hydrographic_id":"3150543","seamark:rock:water_level":"submerged","seamark:type":"rock","source":"LINZ;Stewart Island/Rakiura Chart;Chart NZ69","source:date":"2016-07-01"}}},{"type":"Feature","geometry":{"type":"Point","coordinates":[167.3357798,-46.2607308]},"properties":{"osm_id":9273996573,"osm_type":"node","seamark_type":"rock","display_class":"OTHER","min_zoom":12,"importance":1,"name":null,"ref":null,"common":{"type":"rock"},"children":{"rock":{"water_level":"submerged"}},"osm_tags":{"natural":"rock","ref:linz:hydrographic_id":"3148698","seamark:rock:water_level":"submerged","seamark:type":"rock","source":"LINZ;Stewart Island/Rakiura Chart;Chart NZ69","source:date":"2016-07-01"}}},{"type":"Feature","geometry":{"type":"Point","coordinates":[167.332785,-46.2614343]},"properties":{"osm_id":9273996574,"osm_type":"node","seamark_type":"rock","display_class":"OTHER","min_zoom":12,"importance":1,"name":null,"ref":null,"common":{"type":"rock"},"children":{"rock":{"water_level":"submerged"}},"osm_tags":{"natural":"rock","ref:linz:hydrographic_id":"3148494","seamark:rock:water_level":"submerged","seamark:type":"rock","source":"LINZ;Stewart Island/Rakiura Chart;Chart NZ69","source:date":"2016-07-01"}}},{"type":"Feature","geometry":{"type":"Point","coordinates":[167.329597,-46.2616688]},"properties":{"osm_id":9273996575,"osm_type":"node","seamark_type":"rock","display_class":"OTHER","min_zoom":12,"importance":1,"name":null,"ref":null,"common":{"type":"rock"},"children":{"rock":{"water_level":"submerged"}},"osm_tags":{"natural":"rock","ref:linz:hydrographic_id":"3150309","seamark:rock:water_level":"submerged","seamark:type":"rock","source":"LINZ;Stewart Island/Rakiura Chart;Chart NZ69","source:date":"2016-07-01"}}},{"type":"Feature","geometry":{"type":"Point","coordinates":[167.3370357,-46.2626237]},"properties":{"osm_id":9273996576,"osm_type":"node","seamark_type":"rock","display_class":"OTHER","min_zoom":12,"importance":1,"name":null,"ref":null,"common":{"type":"rock"},"children":{"rock":{"water_level":"submerged"}},"osm_tags":{"natural":"rock","ref:linz:hydrographic_id":"3148796","seamark:rock:water_level":"submerged","seamark:type":"rock","source":"LINZ;Stewart Island/Rakiura Chart;Chart NZ69","source:date":"2016-07-01"}}},{"type":"Feature","geometry":{"type":"Point","coordinates":[167.4409038,-46.2666386]},"properties":{"osm_id":9273996577,"osm_type":"node","seamark_type":"rock","display_class":"OTHER","min_zoom":12,"importance":1,"name":null,"ref":null,"common":{"type":"rock"},"children":{"rock":{"water_level":"submerged"}},"osm_tags":{"depth":"5.1","depth:source_quality":"known","natural":"rock","ref:linz:hydrographic_id":"3150070","seamark:rock:water_level":"submerged","seamark:type":"rock","source":"LINZ;Stewart Island/Rakiura Chart;Chart NZ69","source:date":"2016-07-01"}}},{"type":"Feature","geometry":{"type":"Point","coordinates":[167.4449204,-46.2575462]},"properties":{"osm_id":9273996578,"osm_type":"node","seamark_type":"rock","display_class":"OTHER","min_zoom":12,"importance":1,"name":null,"ref":null,"common":{"type":"rock"},"children":{"rock":{"water_level":"submerged"}},"osm_tags":{"depth":"1.3","depth:source_quality":"known","natural":"rock","ref:linz:hydrographic_id":"3149204","seamark:rock:water_level":"submerged","seamark:type":"rock","source":"LINZ;Stewart Island/Rakiura Chart;Chart NZ69","source:date":"2016-07-01"}}},{"type":"Feature","geometry":{"type":"Point","coordinates":[167.6787326,-46.3223421]},"properties":{"osm_id":9273996579,"osm_type":"node","seamark_type":"rock","display_class":"OTHER","min_zoom":12,"importance":1,"name":null,"ref":null,"common":{"type":"rock"},"children":{"rock":{"water_level":"submerged"}},"osm_tags":{"natural":"rock","ref:linz:hydrographic_id":"3150533","seamark:rock:water_level":"submerged","seamark:type":"rock","source":"LINZ;Stewart Island/Rakiura Chart;Chart NZ69","source:date":"2016-07-01"}}},{"type":"Feature","geometry":{"type":"Point","coordinates":[167.6819931,-46.3171212]},"properties":{"osm_id":9273996580,"osm_type":"node","seamark_type":"rock","display_class":"OTHER","min_zoom":12,"importance":1,"name":null,"ref":null,"common":{"type":"rock"},"children":{"rock":{"water_level":"submerged"}},"osm_tags":{"natural":"rock","ref:linz:hydrographic_id":"3148866","seamark:rock:water_level":"submerged","seamark:type":"rock","source":"LINZ;Stewart Island/Rakiura Chart;Chart NZ69","source:date":"2016-07-01"}}},{"type":"Feature","geometry":{"type":"Point","coordinates":[167.6858815,-46.3117157]},"properties":{"osm_id":9273996581,"osm_type":"node","seamark_type":"rock","display_class":"OTHER","min_zoom":12,"importance":1,"name":null,"ref":null,"common":{"type":"rock"},"children":{"rock":{"water_level":"submerged"}},"osm_tags":{"natural":"rock","ref:linz:hydrographic_id":"3148972","seamark:rock:water_level":"submerged","seamark:type":"rock","source":"LINZ;Stewart Island/Rakiura Chart;Chart NZ69","source:date":"2016-07-01"}}},{"type":"Feature","geometry":{"type":"Point","coordinates":[167.6908567,-46.3078831]},"properties":{"osm_id":9273996582,"osm_type":"node","seamark_type":"rock","display_class":"OTHER","min_zoom":12,"importance":1,"name":null,"ref":null,"common":{"type":"rock"},"children":{"rock":{"water_level":"submerged"}},"osm_tags":{"natural":"rock","ref:linz:hydrographic_id":"3150270","seamark:rock:water_level":"submerged","seamark:type":"rock","source":"LINZ;Stewart Island/Rakiura Chart;Chart NZ69","source:date":"2016-07-01"}}},{"type":"Feature","geometry":{"type":"Point","coordinates":[167.6946002,-46.304954]},"properties":{"osm_id":9273996583,"osm_type":"node","seamark_type":"rock","display_class":"OTHER","min_zoom":12,"importance":1,"name":null,"ref":null,"common":{"type":"rock"},"children":{"rock":{"water_level":"submerged"}},"osm_tags":{"natural":"rock","ref:linz:hydrographic_id":"3148742","seamark:rock:water_level":"submerged","seamark:type":"rock","source":"LINZ;Stewart Island/Rakiura Chart;Chart NZ69","source:date":"2016-07-01"}}},{"type":"Feature","geometry":{"type":"Point","coordinates":[167.6997928,-46.3034977]},"properties":{"osm_id":9273996584,"osm_type":"node","seamark_type":"rock","display_class":"OTHER","min_zoom":12,"importance":1,"name":null,"ref":null,"common":{"type":"rock"},"children":{"rock":{"water_level":"submerged"}},"osm_tags":{"natural":"rock","ref:linz:hydrographic_id":"3149212","seamark:rock:water_level":"submerged","seamark:type":"rock","source":"LINZ;Stewart Island/Rakiura Chart;Chart NZ69","source:date":"2016-07-01"}}},{"type":"Feature","geometry":{"type":"Point","coordinates":[167.7055651,-46.302711]},"properties":{"osm_id":9273996585,"osm_type":"node","seamark_type":"rock","display_class":"OTHER","min_zoom":12,"importance":1,"name":null,"ref":null,"common":{"type":"rock"},"children":{"rock":{"water_level":"submerged"}},"osm_tags":{"natural":"rock","ref:linz:hydrographic_id":"3148524","seamark:rock:water_level":"submerged","seamark:type":"rock","source":"LINZ;Stewart Island/Rakiura Chart;Chart NZ69","source:date":"2016-07-01"}}},{"type":"Feature","geometry":{"type":"Point","coordinates":[167.7122309,-46.3018071]},"properties":{"osm_id":9273996586,"osm_type":"node","seamark_type":"rock","display_class":"OTHER","min_zoom":12,"importance":1,"name":null,"ref":null,"common":{"type":"rock"},"children":{"rock":{"water_level":"submerged"}},"osm_tags":{"natural":"rock","ref:linz:hydrographic_id":"3148769","seamark:rock:water_level":"submerged","seamark:type":"rock","source":"LINZ;Stewart Island/Rakiura Chart;Chart NZ69","source:date":"2016-07-01"}}},{"type":"Feature","geometry":{"type":"Point","coordinates":[167.7174477,-46.2994971]},"properties":{"osm_id":9273996587,"osm_type":"node","seamark_type":"rock","display_class":"OTHER","min_zoom":12,"importance":1,"name":null,"ref":null,"common":{"type":"rock"},"children":{"rock":{"water_level":"submerged"}},"osm_tags":{"natural":"rock","ref:linz:hydrographic_id":"3148705","seamark:rock:water_level":"submerged","seamark:type":"rock","source":"LINZ;Stewart Island/Rakiura Chart;Chart NZ69","source:date":"2016-07-01"}}},{"type":"Feature","geometry":{"type":"Point","coordinates":[167.7582047,-46.3792485]},"properties":{"osm_id":9273996588,"osm_type":"node","seamark_type":"rock","display_class":"OTHER","min_zoom":12,"importance":1,"name":null,"ref":null,"common":{"type":"rock"},"children":{"rock":{"water_level":"submerged"}},"osm_tags":{"natural":"rock","ref:linz:hydrographic_id":"290105","seamark:rock:water_level":"submerged","seamark:type":"rock","source":"LINZ;Approaches to Bluff and Riverton/Aparima Chart;Chart NZ681","source:date":"2016-06-01"}}},{"type":"Feature","geometry":{"type":"Point","coordinates":[167.762161,-46.3826022]},"properties":{"osm_id":9273996589,"osm_type":"node","seamark_type":"rock","display_class":"OTHER","min_zoom":12,"importance":1,"name":null,"ref":null,"common":{"type":"rock"},"children":{"rock":{"water_level":"submerged"}},"osm_tags":{"depth":"1.8","depth:exposition":"shoaler","depth:source_quality":"known","natural":"rock","ref:linz:hydrographic_id":"292323","seamark:rock:water_level":"submerged","seamark:type":"rock","source":"LINZ;Approaches to Bluff and Riverton/Aparima Chart;Chart NZ681","source:date":"2016-06-01"}}},{"type":"Feature","geometry":{"type":"Point","coordinates":[167.7677902,-46.3812148]},"properties":{"osm_id":9273996590,"osm_type":"node","seamark_type":"rock","display_class":"OTHER","min_zoom":12,"importance":1,"name":null,"ref":null,"common":{"type":"rock"},"children":{"rock":{"water_level":"submerged"}},"osm_tags":{"natural":"rock","ref:linz:hydrographic_id":"291975","seamark:rock:water_level":"submerged","seamark:type":"rock","source":"LINZ;Approaches to Bluff and Riverton/Aparima Chart;Chart NZ681","source:date":"2016-06-01"}}},{"type":"Feature","geometry":{"type":"Point","coordinates":[167.7704321,-46.3894191]},"properties":{"osm_id":9273996591,"osm_type":"node","seamark_type":"rock","display_class":"OTHER","min_zoom":12,"importance":1,"name":null,"ref":null,"common":{"type":"rock"},"children":{"rock":{"water_level":"submerged"}},"osm_tags":{"depth":"3","depth:exposition":"shoaler","depth:source_quality":"known","natural":"rock","ref:linz:hydrographic_id":"289480","seamark:rock:water_level":"submerged","seamark:type":"rock","source":"LINZ;Approaches to Bluff and Riverton/Aparima Chart;Chart NZ681","source:date":"2016-06-01"}}},{"type":"Feature","geometry":{"type":"Point","coordinates":[167.7863636,-46.3908982]},"properties":{"osm_id":9273996592,"osm_type":"node","seamark_type":"rock","display_class":"OTHER","min_zoom":12,"importance":1,"name":null,"ref":null,"common":{"type":"rock"},"children":{"rock":{"water_level":"covers"}},"osm_tags":{"depth:exposition":"shoaler","natural":"rock","ref:linz:hydrographic_id":"293277","seamark:rock:water_level":"covers","seamark:type":"rock","source":"LINZ;Approaches to Bluff and Riverton/Aparima Chart;Chart NZ681","source:date":"2016-06-01"}}},{"type":"Feature","geometry":{"type":"Point","coordinates":[167.7967722,-46.388822]},"properties":{"osm_id":9273996593,"osm_type":"node","seamark_type":"rock","display_class":"OTHER","min_zoom":12,"importance":1,"name":null,"ref":null,"common":{"type":"rock"},"children":{"rock":{"water_level":"covers"}},"osm_tags":{"depth:exposition":"shoaler","natural":"rock","ref:linz:hydrographic_id":"289602","seamark:rock:water_level":"covers","seamark:type":"rock","source":"LINZ;Approaches to Bluff and Riverton/Aparima Chart;Chart NZ681","source:date":"2016-06-01"}}},{"type":"Feature","geometry":{"type":"Point","coordinates":[167.8022287,-46.3892997]},"properties":{"osm_id":9273996594,"osm_type":"node","seamark_type":"rock","display_class":"OTHER","min_zoom":12,"importance":1,"name":null,"ref":null,"common":{"type":"rock"},"children":{"rock":{"water_level":"covers"}},"osm_tags":{"depth:exposition":"shoaler","natural":"rock","ref:linz:hydrographic_id":"290600","seamark:rock:water_level":"covers","seamark:type":"rock","source":"LINZ;Approaches to Bluff and Riverton/Aparima Chart;Chart NZ681","source:date":"2016-06-01"}}},{"type":"Feature","geometry":{"type":"Point","coordinates":[167.8062514,-46.3910635]},"properties":{"osm_id":9273996595,"osm_type":"node","seamark_type":"rock","display_class":"OTHER","min_zoom":12,"importance":1,"name":null,"ref":null,"common":{"type":"rock"},"children":{"rock":{"water_level":"submerged"}},"osm_tags":{"depth":"2.2","depth:exposition":"shoaler","depth:source_quality":"known","natural":"rock","ref:linz:hydrographic_id":"293301","seamark:rock:water_level":"submerged","seamark:type":"rock","source":"LINZ;Approaches to Bluff and Riverton/Aparima Chart;Chart NZ681","source:date":"2016-06-01"}}},{"type":"Feature","geometry":{"type":"Point","coordinates":[167.8070878,-46.3870673]},"properties":{"osm_id":9273996596,"osm_type":"node","seamark_type":"rock","display_class":"OTHER","min_zoom":12,"importance":1,"name":null,"ref":null,"common":{"type":"rock"},"children":{"rock":{"water_level":"covers"}},"osm_tags":{"depth:exposition":"shoaler","natural":"rock","ref:linz:hydrographic_id":"288894","seamark:rock:water_level":"covers","seamark:type":"rock","source":"LINZ;Approaches to Bluff and Riverton/Aparima Chart;Chart NZ681","source:date":"2016-06-01"}}},{"type":"Feature","geometry":{"type":"Point","coordinates":[167.8199691,-46.3864866]},"properties":{"osm_id":9273996597,"osm_type":"node","seamark_type":"rock","display_class":"OTHER","min_zoom":12,"importance":1,"name":null,"ref":null,"common":{"type":"rock"},"children":{"rock":{"water_level":"submerged"}},"osm_tags":{"depth":"4.2","depth:exposition":"shoaler","depth:source_quality":"known","natural":"rock","ref:linz:hydrographic_id":"291410","seamark:rock:water_level":"submerged","seamark:type":"rock","source":"LINZ;Approaches to Bluff and Riverton/Aparima Chart;Chart NZ681","source:date":"2016-06-01"}}},{"type":"Feature","geometry":{"type":"Point","coordinates":[167.8221431,-46.3797447]},"properties":{"osm_id":9273996598,"osm_type":"node","seamark_type":"rock","display_class":"OTHER","min_zoom":12,"importance":1,"name":null,"ref":null,"common":{"type":"rock"},"children":{"rock":{"water_level":"awash"}},"osm_tags":{"depth":"0","depth:exposition":"shoaler","depth:source_quality":"known","natural":"rock","ref:linz:hydrographic_id":"292881","seamark:rock:water_level":"awash","seamark:type":"rock","source":"LINZ;Approaches to Bluff and Riverton/Aparima Chart;Chart NZ681","source:date":"2016-06-01"}}},{"type":"Feature","geometry":{"type":"Point","coordinates":[167.8215058,-46.3782562]},"properties":{"osm_id":9273996599,"osm_type":"node","seamark_type":"rock","display_class":"OTHER","min_zoom":12,"importance":1,"name":null,"ref":null,"common":{"type":"rock"},"children":{"rock":{"water_level":"covers"}},"osm_tags":{"depth:exposition":"shoaler","natural":"rock","ref:linz:hydrographic_id":"293239","seamark:rock:water_level":"covers","seamark:type":"rock","source":"LINZ;Approaches to Bluff and Riverton/Aparima Chart;Chart NZ681","source:date":"2016-06-01"}}},{"type":"Feature","geometry":{"type":"Point","coordinates":[167.8243469,-46.3776589]},"properties":{"osm_id":9273996600,"osm_type":"node","seamark_type":"rock","display_class":"OTHER","min_zoom":12,"importance":1,"name":null,"ref":null,"common":{"type":"rock"},"children":{"rock":{"water_level":"covers"}},"osm_tags":{"depth:exposition":"shoaler","natural":"rock","ref:linz:hydrographic_id":"290480","seamark:rock:water_level":"covers","seamark:type":"rock","source":"LINZ;Approaches to Bluff and Riverton/Aparima Chart;Chart NZ681","source:date":"2016-06-01"}}},{"type":"Feature","geometry":{"type":"Point","coordinates":[167.8189966,-46.3796069]},"properties":{"osm_id":9273996601,"osm_type":"node","seamark_type":"rock","display_class":"OTHER","min_zoom":12,"importance":1,"name":null,"ref":null,"common":{"type":"rock"},"children":{"rock":{"water_level":"covers"}},"osm_tags":{"depth:exposition":"shoaler","natural":"rock","ref:linz:hydrographic_id":"293022","seamark:rock:water_level":"covers","seamark:type":"rock","source":"LINZ;Approaches to Bluff and Riverton/Aparima Chart;Chart NZ681","source:date":"2016-06-01"}}},{"type":"Feature","geometry":{"type":"Point","coordinates":[167.8357813,-46.3882353]},"properties":{"osm_id":9273996602,"osm_type":"node","seamark_type":"rock","display_class":"OTHER","min_zoom":12,"importance":1,"name":null,"ref":null,"common":{"type":"rock"},"children":{"rock":{"water_level":"submerged"}},"osm_tags":{"depth":"5.6","depth:source_quality":"known","natural":"rock","ref:linz:hydrographic_id":"290511","seamark:rock:water_level":"submerged","seamark:type":"rock","source":"LINZ;Approaches to Bluff and Riverton/Aparima Chart;Chart NZ681","source:date":"2016-06-01"}}},{"type":"Feature","geometry":{"type":"Point","coordinates":[167.8113049,-46.3939307]},"properties":{"osm_id":9273996603,"osm_type":"node","seamark_type":"rock","display_class":"OTHER","min_zoom":12,"importance":1,"name":null,"ref":null,"common":{"type":"rock"},"children":{"rock":{"water_level":"submerged"}},"osm_tags":{"depth":"5.8","depth:source_quality":"known","natural":"rock","ref:linz:hydrographic_id":"292918","seamark:rock:water_level":"submerged","seamark:type":"rock","source":"LINZ;Approaches to Bluff and Riverton/Aparima Chart;Chart NZ681","source:date":"2016-06-01"}}},{"type":"Feature","geometry":{"type":"Point","coordinates":[167.8226518,-46.4193526]},"properties":{"osm_id":9273996604,"osm_type":"node","seamark_type":"rock","display_class":"OTHER","min_zoom":12,"importance":1,"name":null,"ref":null,"common":{"type":"rock"},"children":{"rock":{"water_level":"covers"}},"osm_tags":{"depth:exposition":"shoaler","natural":"rock","ref:linz:hydrographic_id":"290162","seamark:rock:water_level":"covers","seamark:type":"rock","source":"LINZ;Approaches to Bluff and Riverton/Aparima Chart;Chart NZ681","source:date":"2016-06-01"}}},{"type":"Feature","geometry":{"type":"Point","coordinates":[167.8207903,-46.4202048]},"properties":{"osm_id":9273996605,"osm_type":"node","seamark_type":"rock","display_class":"OTHER","min_zoom":12,"importance":1,"name":null,"ref":null,"common":{"type":"rock"},"children":{"rock":{"water_level":"covers"}},"osm_tags":{"depth:exposition":"shoaler","natural":"rock","ref:linz:hydrographic_id":"291918","seamark:rock:water_level":"covers","seamark:type":"rock","source":"LINZ;Approaches to Bluff and Riverton/Aparima Chart;Chart NZ681","source:date":"2016-06-01"}}},{"type":"Feature","geometry":{"type":"Point","coordinates":[167.8221032,-46.4217558]},"properties":{"osm_id":9273996606,"osm_type":"node","seamark_type":"rock","display_class":"OTHER","min_zoom":12,"importance":1,"name":null,"ref":null,"common":{"type":"rock"},"children":{"rock":{"water_level":"submerged"}},"osm_tags":{"natural":"rock","ref:linz:hydrographic_id":"288986","seamark:rock:water_level":"submerged","seamark:type":"rock","source":"LINZ;Approaches to Bluff and Riverton/Aparima Chart;Chart NZ681","source:date":"2016-06-01"}}},{"type":"Feature","geometry":{"type":"Point","coordinates":[167.822678,-46.4237586]},"properties":{"osm_id":9273996607,"osm_type":"node","seamark_type":"rock","display_class":"OTHER","min_zoom":12,"importance":1,"name":null,"ref":null,"common":{"type":"rock"},"children":{"rock":{"water_level":"covers"}},"osm_tags":{"depth:exposition":"shoaler","natural":"rock","ref:linz:hydrographic_id":"290573","seamark:rock:water_level":"covers","seamark:type":"rock","source":"LINZ;Approaches to Bluff and Riverton/Aparima Chart;Chart NZ681","source:date":"2016-06-01"}}},{"type":"Feature","geometry":{"type":"Point","coordinates":[167.8207378,-46.4247739]},"properties":{"osm_id":9273996608,"osm_type":"node","seamark_type":"rock","display_class":"OTHER","min_zoom":12,"importance":1,"name":null,"ref":null,"common":{"type":"rock"},"children":{"rock":{"water_level":"covers"}},"osm_tags":{"depth:exposition":"shoaler","natural":"rock","ref:linz:hydrographic_id":"290957","seamark:rock:water_level":"covers","seamark:type":"rock","source":"LINZ;Approaches to Bluff and Riverton/Aparima Chart;Chart NZ681","source:date":"2016-06-01"}}},{"type":"Feature","geometry":{"type":"Point","coordinates":[167.8263224,-46.4234504]},"properties":{"osm_id":9273996609,"osm_type":"node","seamark_type":"rock","display_class":"OTHER","min_zoom":12,"importance":1,"name":null,"ref":null,"common":{"type":"rock"},"children":{"rock":{"water_level":"covers"}},"osm_tags":{"depth:exposition":"shoaler","natural":"rock","ref:linz:hydrographic_id":"289900","seamark:rock:water_level":"covers","seamark:type":"rock","source":"LINZ;Approaches to Bluff and Riverton/Aparima Chart;Chart NZ681","source:date":"2016-06-01"}}},{"type":"Feature","geometry":{"type":"Point","coordinates":[167.8271084,-46.4220772]},"properties":{"osm_id":9273996610,"osm_type":"node","seamark_type":"rock","display_class":"OTHER","min_zoom":12,"importance":1,"name":null,"ref":null,"common":{"type":"rock"},"children":{"rock":{"water_level":"covers"}},"osm_tags":{"depth:exposition":"shoaler","natural":"rock","ref:linz:hydrographic_id":"291992","seamark:rock:water_level":"covers","seamark:type":"rock","source":"LINZ;Approaches to Bluff and Riverton/Aparima Chart;Chart NZ681","source:date":"2016-06-01"}}},{"type":"Feature","geometry":{"type":"Point","coordinates":[167.8291795,-46.4223985]},"properties":{"osm_id":9273996611,"osm_type":"node","seamark_type":"rock","display_class":"OTHER","min_zoom":12,"importance":1,"name":null,"ref":null,"common":{"type":"rock"},"children":{"rock":{"water_level":"covers"}},"osm_tags":{"depth:exposition":"shoaler","natural":"rock","ref:linz:hydrographic_id":"291218","seamark:rock:water_level":"covers","seamark:type":"rock","source":"LINZ;Approaches to Bluff and Riverton/Aparima Chart;Chart NZ681","source:date":"2016-06-01"}}},{"type":"Feature","geometry":{"type":"Point","coordinates":[167.8305204,-46.4241062]},"properties":{"osm_id":9273996612,"osm_type":"node","seamark_type":"rock","display_class":"OTHER","min_zoom":12,"importance":1,"name":null,"ref":null,"common":{"type":"rock"},"children":{"rock":{"water_level":"covers"}},"osm_tags":{"depth:exposition":"shoaler","natural":"rock","ref:linz:hydrographic_id":"293004","seamark:rock:water_level":"covers","seamark:type":"rock","source":"LINZ;Approaches to Bluff and Riverton/Aparima Chart;Chart NZ681","source:date":"2016-06-01"}}},{"type":"Feature","geometry":{"type":"Point","coordinates":[167.8360084,-46.4212144]},"properties":{"osm_id":9273996613,"osm_type":"node","seamark_type":"rock","display_class":"OTHER","min_zoom":12,"importance":1,"name":null,"ref":null,"common":{"type":"rock"},"children":{"rock":{"water_level":"covers"}},"osm_tags":{"depth:exposition":"shoaler","natural":"rock","ref:linz:hydrographic_id":"291863","seamark:rock:water_level":"covers","seamark:type":"rock","source":"LINZ;Approaches to Bluff and Riverton/Aparima Chart;Chart NZ681","source:date":"2016-06-01"}}},{"type":"Feature","geometry":{"type":"Point","coordinates":[167.8346009,-46.4199738]},"properties":{"osm_id":9273996614,"osm_type":"node","seamark_type":"rock","display_class":"OTHER","min_zoom":12,"importance":1,"name":null,"ref":null,"common":{"type":"rock"},"children":{"rock":{"water_level":"covers"}},"osm_tags":{"depth:exposition":"shoaler","natural":"rock","ref:linz:hydrographic_id":"290688","seamark:rock:water_level":"covers","seamark:type":"rock","source":"LINZ;Approaches to Bluff and Riverton/Aparima Chart;Chart NZ681","source:date":"2016-06-01"}}},{"type":"Feature","geometry":{"type":"Point","coordinates":[167.8348435,-46.425898]},"properties":{"osm_id":9274151976,"osm_type":"node","seamark_type":"rock","display_class":"OTHER","min_zoom":12,"importance":1,"name":null,"ref":null,"common":{"type":"rock"},"children":{"rock":{"water_level":"covers"}},"osm_tags":{"depth:exposition":"shoaler","natural":"rock","ref:linz:hydrographic_id":"290344","seamark:rock:water_level":"covers","seamark:type":"rock","source":"LINZ;Approaches to Bluff and Riverton/Aparima Chart;Chart NZ681","source:date":"2016-06-01"}}},{"type":"Feature","geometry":{"type":"Point","coordinates":[167.8334544,-46.4358196]},"properties":{"osm_id":9274151977,"osm_type":"node","seamark_type":"rock","display_class":"OTHER","min_zoom":12,"importance":1,"name":null,"ref":null,"common":{"type":"rock"},"children":{"rock":{"water_level":"submerged"}},"osm_tags":{"depth":"9.8","depth:exposition":"shoaler","depth:source_quality":"known","natural":"rock","ref:linz:hydrographic_id":"291060","seamark:rock:water_level":"submerged","seamark:type":"rock","source":"LINZ;Approaches to Bluff and Riverton/Aparima Chart;Chart NZ681","source:date":"2016-06-01"}}},{"type":"Feature","geometry":{"type":"Point","coordinates":[167.8364681,-46.4500174]},"properties":{"osm_id":9274151978,"osm_type":"node","seamark_type":"rock","display_class":"OTHER","min_zoom":12,"importance":1,"name":null,"ref":null,"common":{"type":"rock"},"children":{"rock":{"water_level":"submerged"}},"osm_tags":{"natural":"rock","ref:linz:hydrographic_id":"290397","seamark:rock:water_level":"submerged","seamark:type":"rock","source":"LINZ;Approaches to Bluff and Riverton/Aparima Chart;Chart NZ681","source:date":"2016-06-01"}}},{"type":"Feature","geometry":{"type":"Point","coordinates":[167.8335208,-46.4526785]},"properties":{"osm_id":9274151979,"osm_type":"node","seamark_type":"rock","display_class":"OTHER","min_zoom":12,"importance":1,"name":null,"ref":null,"common":{"type":"rock"},"children":{"rock":{"water_level":"submerged"}},"osm_tags":{"natural":"rock","ref:linz:hydrographic_id":"292259","seamark:rock:water_level":"submerged","seamark:type":"rock","source":"LINZ;Approaches to Bluff and Riverton/Aparima Chart;Chart NZ681","source:date":"2016-06-01"}}},{"type":"Feature","geometry":{"type":"Point","coordinates":[167.8324454,-46.4542751]},"properties":{"osm_id":9274151980,"osm_type":"node","seamark_type":"rock","display_class":"OTHER","min_zoom":12,"importance":1,"name":null,"ref":null,"common":{"type":"rock"},"children":{"rock":{"water_level":"submerged"}},"osm_tags":{"natural":"rock","ref:linz:hydrographic_id":"293089","seamark:rock:water_level":"submerged","seamark:type":"rock","source":"LINZ;Approaches to Bluff and Riverton/Aparima Chart;Chart NZ681","source:date":"2016-06-01"}}},{"type":"Feature","geometry":{"type":"Point","coordinates":[167.8309319,-46.455055]},"properties":{"osm_id":9274151981,"osm_type":"node","seamark_type":"rock","display_class":"OTHER","min_zoom":12,"importance":1,"name":null,"ref":null,"common":{"type":"rock"},"children":{"rock":{"water_level":"submerged"}},"osm_tags":{"natural":"rock","ref:linz:hydrographic_id":"293203","seamark:rock:water_level":"submerged","seamark:type":"rock","source":"LINZ;Approaches to Bluff and Riverton/Aparima Chart;Chart NZ681","source:date":"2016-06-01"}}},{"type":"Feature","geometry":{"type":"Point","coordinates":[167.8282103,-46.4567249]},"properties":{"osm_id":9274151982,"osm_type":"node","seamark_type":"rock","display_class":"OTHER","min_zoom":12,"importance":1,"name":null,"ref":null,"common":{"type":"rock"},"children":{"rock":{"water_level":"covers"}},"osm_tags":{"depth:exposition":"shoaler","natural":"rock","ref:linz:hydrographic_id":"291083","seamark:rock:water_level":"covers","seamark:type":"rock","source":"LINZ;Approaches to Bluff and Riverton/Aparima Chart;Chart NZ681","source:date":"2016-06-01"}}},{"type":"Feature","geometry":{"type":"Point","coordinates":[167.8262587,-46.4577709]},"properties":{"osm_id":9274151983,"osm_type":"node","seamark_type":"rock","display_class":"OTHER","min_zoom":12,"importance":1,"name":null,"ref":null,"common":{"type":"rock"},"children":{"rock":{"water_level":"submerged"}},"osm_tags":{"natural":"rock","ref:linz:hydrographic_id":"293231","seamark:rock:water_level":"submerged","seamark:type":"rock","source":"LINZ;Approaches to Bluff and Riverton/Aparima Chart;Chart NZ681","source:date":"2016-06-01"}}},{"type":"Feature","geometry":{"type":"Point","coordinates":[167.8306531,-46.4582388]},"properties":{"osm_id":9274151984,"osm_type":"node","seamark_type":"rock","display_class":"OTHER","min_zoom":12,"importance":1,"name":null,"ref":null,"common":{"type":"rock"},"children":{"rock":{"water_level":"covers"}},"osm_tags":{"depth:exposition":"shoaler","natural":"rock","ref:linz:hydrographic_id":"293241","seamark:rock:water_level":"covers","seamark:type":"rock","source":"LINZ;Approaches to Bluff and Riverton/Aparima Chart;Chart NZ681","source:date":"2016-06-01"}}},{"type":"Feature","geometry":{"type":"Point","coordinates":[167.8333165,-46.4578669]},"properties":{"osm_id":9274151985,"osm_type":"node","seamark_type":"rock","display_class":"OTHER","min_zoom":12,"importance":1,"name":null,"ref":null,"common":{"type":"rock"},"children":{"rock":{"water_level":"covers"}},"osm_tags":{"depth:exposition":"shoaler","natural":"rock","ref:linz:hydrographic_id":"290581","seamark:rock:water_level":"covers","seamark:type":"rock","source":"LINZ;Approaches to Bluff and Riverton/Aparima Chart;Chart NZ681","source:date":"2016-06-01"}}},{"type":"Feature","geometry":{"type":"Point","coordinates":[167.8364017,-46.4575507]},"properties":{"osm_id":9274151986,"osm_type":"node","seamark_type":"rock","display_class":"OTHER","min_zoom":12,"importance":1,"name":null,"ref":null,"common":{"type":"rock"},"children":{"rock":{"water_level":"submerged"}},"osm_tags":{"natural":"rock","ref:linz:hydrographic_id":"291468","seamark:rock:water_level":"submerged","seamark:type":"rock","source":"LINZ;Approaches to Bluff and Riverton/Aparima Chart;Chart NZ681","source:date":"2016-06-01"}}},{"type":"Feature","geometry":{"type":"Point","coordinates":[167.8388446,-46.456936]},"properties":{"osm_id":9274151987,"osm_type":"node","seamark_type":"rock","display_class":"OTHER","min_zoom":12,"importance":1,"name":null,"ref":null,"common":{"type":"rock"},"children":{"rock":{"water_level":"submerged"}},"osm_tags":{"natural":"rock","ref:linz:hydrographic_id":"290185","seamark:rock:water_level":"submerged","seamark:type":"rock","source":"LINZ;Approaches to Bluff and Riverton/Aparima Chart;Chart NZ681","source:date":"2016-06-01"}}},{"type":"Feature","geometry":{"type":"Point","coordinates":[167.8229927,-46.4526693]},"properties":{"osm_id":9274151988,"osm_type":"node","seamark_type":"rock","display_class":"OTHER","min_zoom":12,"importance":1,"name":null,"ref":null,"common":{"type":"rock"},"children":{"rock":{"water_level":"submerged"}},"osm_tags":{"depth":"9.8","depth:exposition":"shoaler","depth:source_quality":"known","natural":"rock","ref:linz:hydrographic_id":"291826","seamark:rock:water_level":"submerged","seamark:type":"rock","source":"LINZ;Approaches to Bluff and Riverton/Aparima Chart;Chart NZ681","source:date":"2016-06-01"}}},{"type":"Feature","geometry":{"type":"Point","coordinates":[167.6707385,-46.896491]},"properties":{"osm_id":9662649546,"osm_type":"node","seamark_type":"water_turbulence","display_class":"OTHER","min_zoom":12,"importance":1,"name":null,"ref":null,"common":{"type":"water_turbulence"},"children":{"water_turbulence":{"category":"breakers"}},"osm_tags":{"ref:linz:hydrographic_id":"3150601","seamark:type":"water_turbulence","seamark:water_turbulence:category":"breakers","source":"LINZ;Stewart Island/Rakiura Chart;Chart NZ69","source:date":"2016-07-01"}}},{"type":"Feature","geometry":{"type":"Point","coordinates":[167.6931511,-46.684396]},"properties":{"osm_id":9662649623,"osm_type":"node","seamark_type":"water_turbulence","display_class":"OTHER","min_zoom":12,"importance":1,"name":null,"ref":null,"common":{"type":"water_turbulence"},"children":{"water_turbulence":{"category":"tide_rips"}},"osm_tags":{"ref:linz:hydrographic_id":"3148997","seamark:type":"water_turbulence","seamark:water_turbulence:category":"tide_rips","source":"LINZ;Stewart Island/Rakiura Chart;Chart NZ69","source:date":"2016-07-01"}}},{"type":"Feature","geometry":{"type":"Point","coordinates":[167.7228818,-46.6876703]},"properties":{"osm_id":9662649624,"osm_type":"node","seamark_type":"water_turbulence","display_class":"OTHER","min_zoom":12,"importance":1,"name":null,"ref":null,"common":{"type":"water_turbulence"},"children":{"water_turbulence":{"category":"tide_rips"}},"osm_tags":{"ref:linz:hydrographic_id":"3149428","seamark:type":"water_turbulence","seamark:water_turbulence:category":"tide_rips","source":"LINZ;Stewart Island/Rakiura Chart;Chart NZ69","source:date":"2016-07-01"}}},{"type":"Feature","geometry":{"type":"Point","coordinates":[167.796042,-46.6843875]},"properties":{"osm_id":9662649625,"osm_type":"node","seamark_type":"water_turbulence","display_class":"OTHER","min_zoom":12,"importance":1,"name":null,"ref":null,"common":{"type":"water_turbulence"},"children":{"water_turbulence":{"category":"tide_rips"}},"osm_tags":{"ref:linz:hydrographic_id":"289450","seamark:type":"water_turbulence","seamark:water_turbulence:category":"tide_rips","source":"LINZ;Approaches to Bluff and Riverton/Aparima Chart;Chart NZ681","source:date":"2016-06-01"}}},{"type":"Feature","geometry":{"type":"Point","coordinates":[167.7953782,-46.6684874]},"properties":{"osm_id":9662649626,"osm_type":"node","seamark_type":"water_turbulence","display_class":"OTHER","min_zoom":12,"importance":1,"name":null,"ref":null,"common":{"type":"water_turbulence"},"children":{"water_turbulence":{"category":"tide_rips"}},"osm_tags":{"ref:linz:hydrographic_id":"292341","seamark:type":"water_turbulence","seamark:water_turbulence:category":"tide_rips","source":"LINZ;Approaches to Bluff and Riverton/Aparima Chart;Chart NZ681","source:date":"2016-06-01"}}},{"type":"Feature","geometry":{"type":"Point","coordinates":[167.8002904,-46.6673541]},"properties":{"osm_id":9662649627,"osm_type":"node","seamark_type":"water_turbulence","display_class":"OTHER","min_zoom":12,"importance":1,"name":null,"ref":null,"common":{"type":"water_turbulence"},"children":{"water_turbulence":{"category":"tide_rips"}},"osm_tags":{"ref:linz:hydrographic_id":"292159","seamark:type":"water_turbulence","seamark:water_turbulence:category":"tide_rips","source":"LINZ;Approaches to Bluff and Riverton/Aparima Chart;Chart NZ681","source:date":"2016-06-01"}}},{"type":"Feature","geometry":{"type":"Point","coordinates":[167.8045919,-46.6589268]},"properties":{"osm_id":9662649628,"osm_type":"node","seamark_type":"water_turbulence","display_class":"OTHER","min_zoom":12,"importance":1,"name":null,"ref":null,"common":{"type":"water_turbulence"},"children":{"water_turbulence":{"category":"eddies"}},"osm_tags":{"ref:linz:hydrographic_id":"293214","seamark:type":"water_turbulence","seamark:water_turbulence:category":"eddies","source":"LINZ;Approaches to Bluff and Riverton/Aparima Chart;Chart NZ681","source:date":"2016-06-01"}}},{"type":"Feature","geometry":{"type":"Point","coordinates":[167.7932141,-46.6553892]},"properties":{"osm_id":9662649629,"osm_type":"node","seamark_type":"water_turbulence","display_class":"OTHER","min_zoom":12,"importance":1,"name":null,"ref":null,"common":{"type":"water_turbulence"},"children":{"water_turbulence":{"category":"tide_rips"}},"osm_tags":{"ref:linz:hydrographic_id":"289856","seamark:type":"water_turbulence","seamark:water_turbulence:category":"tide_rips","source":"LINZ;Approaches to Bluff and Riverton/Aparima Chart;Chart NZ681","source:date":"2016-06-01"}}},{"type":"Feature","geometry":{"type":"Point","coordinates":[167.8224617,-46.6905086]},"properties":{"osm_id":9662649630,"osm_type":"node","seamark_type":"water_turbulence","display_class":"OTHER","min_zoom":12,"importance":1,"name":null,"ref":null,"common":{"type":"water_turbulence"},"children":{"water_turbulence":{"category":"eddies"}},"osm_tags":{"ref:linz:hydrographic_id":"290074","seamark:type":"water_turbulence","seamark:water_turbulence:category":"eddies","source":"LINZ;Approaches to Bluff and Riverton/Aparima Chart;Chart NZ681","source:date":"2016-06-01"}}},{"type":"Feature","geometry":{"type":"Point","coordinates":[167.8481247,-46.6701873]},"properties":{"osm_id":9662649631,"osm_type":"node","seamark_type":"water_turbulence","display_class":"OTHER","min_zoom":12,"importance":1,"name":null,"ref":null,"common":{"type":"water_turbulence"},"children":{"water_turbulence":{"category":"tide_rips"}},"osm_tags":{"ref:linz:hydrographic_id":"292385","seamark:type":"water_turbulence","seamark:water_turbulence:category":"tide_rips","source":"LINZ;Approaches to Bluff and Riverton/Aparima Chart;Chart NZ681","source:date":"2016-06-01"}}},{"type":"Feature","geometry":{"type":"Point","coordinates":[167.8591439,-46.672673]},"properties":{"osm_id":9662649632,"osm_type":"node","seamark_type":"water_turbulence","display_class":"OTHER","min_zoom":12,"importance":1,"name":null,"ref":null,"common":{"type":"water_turbulence"},"children":{"water_turbulence":{"category":"eddies"}},"osm_tags":{"ref:linz:hydrographic_id":"289092","seamark:type":"water_turbulence","seamark:water_turbulence:category":"eddies","source":"LINZ;Approaches to Bluff and Riverton/Aparima Chart;Chart NZ681","source:date":"2016-06-01"}}},{"type":"Feature","geometry":{"type":"Point","coordinates":[167.8682913,-46.6735229]},"properties":{"osm_id":9662649633,"osm_type":"node","seamark_type":"water_turbulence","display_class":"OTHER","min_zoom":12,"importance":1,"name":null,"ref":null,"common":{"type":"water_turbulence"},"children":{"water_turbulence":{"category":"eddies"}},"osm_tags":{"ref:linz:hydrographic_id":"290753","seamark:type":"water_turbulence","seamark:water_turbulence:category":"eddies","source":"LINZ;Approaches to Bluff and Riverton/Aparima Chart;Chart NZ681","source:date":"2016-06-01"}}},{"type":"Feature","geometry":{"type":"Point","coordinates":[167.918887,-46.6947474]},"properties":{"osm_id":9662649634,"osm_type":"node","seamark_type":"water_turbulence","display_class":"OTHER","min_zoom":12,"importance":1,"name":null,"ref":null,"common":{"type":"water_turbulence"},"children":{"water_turbulence":{"category":"eddies"}},"osm_tags":{"ref:linz:hydrographic_id":"289024","seamark:type":"water_turbulence","seamark:water_turbulence:category":"eddies","source":"LINZ;Approaches to Bluff and Riverton/Aparima Chart;Chart NZ681","source:date":"2016-06-01"}}},{"type":"Feature","geometry":{"type":"Point","coordinates":[167.9291363,-46.6939983]},"properties":{"osm_id":9662649635,"osm_type":"node","seamark_type":"water_turbulence","display_class":"OTHER","min_zoom":12,"importance":1,"name":null,"ref":null,"common":{"type":"water_turbulence"},"children":{"water_turbulence":{"category":"eddies"}},"osm_tags":{"ref:linz:hydrographic_id":"290085","seamark:type":"water_turbulence","seamark:water_turbulence:category":"eddies","source":"LINZ;Approaches to Bluff and Riverton/Aparima Chart;Chart NZ681","source:date":"2016-06-01"}}},{"type":"Feature","geometry":{"type":"Point","coordinates":[167.8267898,-46.4695872]},"properties":{"osm_id":9662649636,"osm_type":"node","seamark_type":"water_turbulence","display_class":"OTHER","min_zoom":12,"importance":1,"name":null,"ref":null,"common":{"type":"water_turbulence"},"children":{"water_turbulence":{"category":"eddies"}},"osm_tags":{"ref:linz:hydrographic_id":"291191","seamark:type":"water_turbulence","seamark:water_turbulence:category":"eddies","source":"LINZ;Approaches to Bluff and Riverton/Aparima Chart;Chart NZ681","source:date":"2016-06-01"}}},{"type":"Feature","geometry":{"type":"Point","coordinates":[167.8248514,-46.4646885]},"properties":{"osm_id":9662649637,"osm_type":"node","seamark_type":"water_turbulence","display_class":"OTHER","min_zoom":12,"importance":1,"name":null,"ref":null,"common":{"type":"water_turbulence"},"children":{"water_turbulence":{"category":"eddies"}},"osm_tags":{"ref:linz:hydrographic_id":"291356","seamark:type":"water_turbulence","seamark:water_turbulence:category":"eddies","source":"LINZ;Approaches to Bluff and Riverton/Aparima Chart;Chart NZ681","source:date":"2016-06-01"}}},{"type":"Feature","geometry":{"type":"Point","coordinates":[167.8264711,-46.4611289]},"properties":{"osm_id":9662649638,"osm_type":"node","seamark_type":"water_turbulence","display_class":"OTHER","min_zoom":12,"importance":1,"name":null,"ref":null,"common":{"type":"water_turbulence"},"children":{"water_turbulence":{"category":"tide_rips"}},"osm_tags":{"ref:linz:hydrographic_id":"290758","seamark:type":"water_turbulence","seamark:water_turbulence:category":"tide_rips","source":"LINZ;Approaches to Bluff and Riverton/Aparima Chart;Chart NZ681","source:date":"2016-06-01"}}},{"type":"Feature","geometry":{"type":"Point","coordinates":[167.8312373,-46.4597435]},"properties":{"osm_id":9662649639,"osm_type":"node","seamark_type":"water_turbulence","display_class":"OTHER","min_zoom":12,"importance":1,"name":null,"ref":null,"common":{"type":"water_turbulence"},"children":{"water_turbulence":{"category":"tide_rips"}},"osm_tags":{"ref:linz:hydrographic_id":"290855","seamark:type":"water_turbulence","seamark:water_turbulence:category":"tide_rips","source":"LINZ;Approaches to Bluff and Riverton/Aparima Chart;Chart NZ681","source:date":"2016-06-01"}}},{"type":"Feature","geometry":{"type":"Point","coordinates":[167.8299362,-46.4402161]},"properties":{"osm_id":9662649640,"osm_type":"node","seamark_type":"water_turbulence","display_class":"OTHER","min_zoom":12,"importance":1,"name":null,"ref":null,"common":{"type":"water_turbulence"},"children":{"water_turbulence":{"category":"eddies"}},"osm_tags":{"ref:linz:hydrographic_id":"292197","seamark:type":"water_turbulence","seamark:water_turbulence:category":"eddies","source":"LINZ;Approaches to Bluff and Riverton/Aparima Chart;Chart NZ681","source:date":"2016-06-01"}}},{"type":"Feature","geometry":{"type":"Point","coordinates":[167.8384728,-46.4311933]},"properties":{"osm_id":9662649641,"osm_type":"node","seamark_type":"water_turbulence","display_class":"OTHER","min_zoom":12,"importance":1,"name":null,"ref":null,"common":{"type":"water_turbulence"},"children":{"water_turbulence":{"category":"eddies"}},"osm_tags":{"ref:linz:hydrographic_id":"290827","seamark:type":"water_turbulence","seamark:water_turbulence:category":"eddies","source":"LINZ;Approaches to Bluff and Riverton/Aparima Chart;Chart NZ681","source:date":"2016-06-01"}}},{"type":"Feature","geometry":{"type":"Point","coordinates":[167.3429528,-46.2590388]},"properties":{"osm_id":9662650511,"osm_type":"node","seamark_type":"water_turbulence","display_class":"OTHER","min_zoom":12,"importance":1,"name":null,"ref":null,"common":{"type":"water_turbulence"},"children":{"water_turbulence":{"category":"breakers"}},"osm_tags":{"ref:linz:hydrographic_id":"3150358","seamark:type":"water_turbulence","seamark:water_turbulence:category":"breakers","source":"LINZ;Stewart Island/Rakiura Chart;Chart NZ69","source:date":"2016-07-01"}}},{"type":"Feature","geometry":{"type":"Point","coordinates":[167.308247,-46.2618699]},"properties":{"osm_id":9662650512,"osm_type":"node","seamark_type":"water_turbulence","display_class":"OTHER","min_zoom":12,"importance":1,"name":null,"ref":null,"common":{"type":"water_turbulence"},"children":{"water_turbulence":{"category":"breakers"}},"osm_tags":{"ref:linz:hydrographic_id":"3150460","seamark:type":"water_turbulence","seamark:water_turbulence:category":"breakers","source":"LINZ;Stewart Island/Rakiura Chart;Chart NZ69","source:date":"2016-07-01"}}},{"type":"Feature","geometry":{"type":"Point","coordinates":[167.6659081,-46.3258558]},"properties":{"osm_id":9662650557,"osm_type":"node","seamark_type":"water_turbulence","display_class":"OTHER","min_zoom":12,"importance":1,"name":null,"ref":null,"common":{"type":"water_turbulence"},"children":{"water_turbulence":{"category":"breakers"}},"osm_tags":{"ref:linz:hydrographic_id":"3149959","seamark:type":"water_turbulence","seamark:water_turbulence:category":"breakers","source":"LINZ;Stewart Island/Rakiura Chart;Chart NZ69","source:date":"2016-07-01"}}},{"type":"Feature","geometry":{"type":"Point","coordinates":[167.6796504,-46.3067784]},"properties":{"osm_id":9662650558,"osm_type":"node","seamark_type":"water_turbulence","display_class":"OTHER","min_zoom":12,"importance":1,"name":null,"ref":null,"common":{"type":"water_turbulence"},"children":{"water_turbulence":{"category":"breakers"}},"osm_tags":{"ref:linz:hydrographic_id":"3150106","seamark:type":"water_turbulence","seamark:water_turbulence:category":"breakers","source":"LINZ;Stewart Island/Rakiura Chart;Chart NZ69","source:date":"2016-07-01"}}},{"type":"Feature","geometry":{"type":"Polygon","coordinates":[[[167.9448686,-46.4708255],[167.9441384,-46.4712383],[167.943302,-46.471486],[167.9420408,-46.4715869],[167.9407928,-46.4713942],[167.9397838,-46.4709906],[167.9392129,-46.470587],[167.9386951,-46.4699724],[167.9383898,-46.4694679],[167.9383898,-46.4691468],[167.9386951,-46.4687616],[167.9391996,-46.4684405],[167.9395979,-46.4683029],[167.9397307,-46.468202],[167.9406999,-46.4681103],[167.9416425,-46.4681561],[167.9425851,-46.4683579],[167.9435941,-46.4686882],[167.9448553,-46.4693028],[167.9451474,-46.4696147],[167.9452536,-46.47011],[167.945081,-46.4706421],[167.9448686,-46.4708255]]]},"properties":{"osm_id":1000662989,"osm_type":"way","seamark_type":"obstruction","display_class":"OTHER","min_zoom":12,"importance":1,"name":null,"ref":null,"common":{"type":"obstruction"},"children":{"obstruction":{"category":"foul_area","water_level":"covers"}},"osm_tags":{"depth:exposition":"shoaler","ref:linz:hydrographic_id":"290564","seamark:obstruction:category":"foul_area","seamark:obstruction:water_level":"covers","seamark:type":"obstruction","source":"LINZ;Stewart Island/Rakiura Chart;Chart NZ681","source:date":"2016-06-01"}}},{"type":"Feature","geometry":{"type":"Polygon","coordinates":[[[167.9318446,-46.4732838],[167.9324155,-46.4733572],[167.9328934,-46.4734856],[167.9334776,-46.4737608],[167.9339688,-46.474146],[167.9343007,-46.4746046],[167.9344335,-46.4749348],[167.9344733,-46.475265],[167.9344468,-46.4755769],[167.9343538,-46.4758428],[167.9341945,-46.4760813],[167.9337431,-46.476439],[167.9332519,-46.4766592],[167.9326677,-46.4766592],[167.9323889,-46.4765674],[167.9321234,-46.4764207],[167.9318844,-46.4762006],[167.9312472,-46.4753109],[167.931048,-46.4748431],[167.9309153,-46.4741919],[167.9309418,-46.473669],[167.9310082,-46.4735223],[167.9312472,-46.4733663],[167.9318446,-46.4732838]]]},"properties":{"osm_id":1000662990,"osm_type":"way","seamark_type":"obstruction","display_class":"OTHER","min_zoom":12,"importance":1,"name":null,"ref":null,"common":{"type":"obstruction"},"children":{"obstruction":{"category":"foul_area","water_level":"covers"}},"osm_tags":{"depth:exposition":"shoaler","ref:linz:hydrographic_id":"292264","seamark:obstruction:category":"foul_area","seamark:obstruction:water_level":"covers","seamark:type":"obstruction","source":"LINZ;Stewart Island/Rakiura Chart;Chart NZ681","source:date":"2016-06-01"}}},{"type":"Feature","geometry":{"type":"Polygon","coordinates":[[[167.4482538,-46.2579164],[167.4476742,-46.2587875],[167.4470463,-46.2593739],[167.4467081,-46.2596084],[167.445887,-46.2600439],[167.4436892,-46.260915],[167.4425541,-46.2612501],[167.4415638,-46.2614678],[167.4409118,-46.2615348],[167.4402838,-46.2614846],[167.4396559,-46.2613171],[167.4393419,-46.2610658],[167.4391487,-46.2606973],[167.4390521,-46.260245],[167.4391004,-46.2597089],[167.4395834,-46.2586703],[167.4401148,-46.2579164],[167.4408151,-46.2572463],[167.4425541,-46.2560401],[167.443496,-46.2555878],[167.4439307,-46.255437],[167.4443654,-46.2553365],[167.4451383,-46.2552527],[167.4457904,-46.2552694],[167.4464183,-46.2553867],[167.4476501,-46.2558558],[167.4479399,-46.2560233],[167.4481089,-46.2562244],[167.4484229,-46.2567437],[167.4485437,-46.2570788],[167.4485437,-46.2573636],[167.4482538,-46.2579164]]]},"properties":{"osm_id":1000662996,"osm_type":"way","seamark_type":"obstruction","display_class":"OTHER","min_zoom":12,"importance":1,"name":null,"ref":null,"common":{"type":"obstruction"},"children":{"obstruction":{"category":"foul_area","water_level":"submerged"}},"osm_tags":{"ref:linz:hydrographic_id":"3149923","seamark:obstruction:category":"foul_area","seamark:obstruction:water_level":"submerged","seamark:type":"obstruction","source":"LINZ;Stewart Island/Rakiura Chart;Chart NZ69","source:date":"2016-07-01"}}},{"type":"Feature","geometry":{"type":"Polygon","coordinates":[[[167.4327727,-46.2695582],[167.4329176,-46.2691562],[167.4331832,-46.2688212],[167.4335697,-46.2684695],[167.4358158,-46.2668448],[167.4367577,-46.2662753],[167.4375788,-46.265622],[167.4385449,-46.264751],[167.4391004,-46.2643658],[167.4396559,-46.2641145],[167.4402355,-46.2639637],[167.441274,-46.2639135],[167.4422884,-46.2641312],[167.4428439,-46.2643993],[167.4433994,-46.2648683],[167.4436167,-46.2651865],[167.4437858,-46.265555],[167.4439066,-46.2659738],[167.4439307,-46.2669118],[167.4438824,-46.2673305],[167.4437616,-46.2679503],[167.4433511,-46.268905],[167.4432062,-46.2691227],[167.4429888,-46.2693237],[167.4424092,-46.2696754],[167.4401631,-46.2706469],[167.438883,-46.2710153],[167.4381343,-46.2711493],[167.4372496,-46.2714415],[167.4358488,-46.2715755],[167.4343272,-46.271475],[167.4337959,-46.2713578],[167.4335544,-46.2712573],[167.4331438,-46.2709725],[167.4329747,-46.2707716],[167.4327727,-46.2695582]]]},"properties":{"osm_id":1000662997,"osm_type":"way","seamark_type":"obstruction","display_class":"OTHER","min_zoom":12,"importance":1,"name":null,"ref":null,"common":{"type":"obstruction"},"children":{"obstruction":{"category":"foul_area","water_level":"submerged"}},"osm_tags":{"ref:linz:hydrographic_id":"3148268","seamark:obstruction:category":"foul_area","seamark:obstruction:water_level":"submerged","seamark:type":"obstruction","source":"LINZ;Stewart Island/Rakiura Chart;Chart NZ69","source:date":"2016-07-01"}}},{"type":"Feature","geometry":{"type":"Polygon","coordinates":[[[167.3301283,-46.2637125],[167.3291623,-46.2636957],[167.3285343,-46.263612],[167.3281237,-46.263478],[167.3277132,-46.263277],[167.327206,-46.2628917],[167.3269403,-46.2625902],[167.3267471,-46.2622719],[167.3266988,-46.2619536],[167.326723,-46.2616186],[167.3269162,-46.2610993],[167.3270852,-46.260915],[167.3276407,-46.2604962],[167.3283411,-46.2601109],[167.3290898,-46.2598429],[167.3298868,-46.2596921],[167.3316016,-46.2596754],[167.3329299,-46.2595246],[167.3332439,-46.2594576],[167.3352968,-46.2587708],[167.3359247,-46.2587373],[167.3365527,-46.2587875],[167.3371081,-46.2589048],[167.3376153,-46.2591058],[167.338364,-46.2595749],[167.3385572,-46.2597759],[167.3388471,-46.2602115],[167.3390161,-46.2607475],[167.3391369,-46.2614008],[167.3391852,-46.2625399],[167.3390886,-46.2633775],[167.338992,-46.263746],[167.3388229,-46.2640475],[167.3386055,-46.264282],[167.338364,-46.264416],[167.337567,-46.264483],[167.3369874,-46.2643993],[167.3363353,-46.2641647],[167.3350794,-46.263612],[167.3345239,-46.263411],[167.3339443,-46.2632937],[167.3330265,-46.2632267],[167.3317706,-46.263478],[167.3301283,-46.2637125]]]},"properties":{"osm_id":1000662998,"osm_type":"way","seamark_type":"obstruction","display_class":"OTHER","min_zoom":12,"importance":1,"name":null,"ref":null,"common":{"type":"obstruction"},"children":{"obstruction":{"category":"foul_area","water_level":"submerged"}},"osm_tags":{"ref:linz:hydrographic_id":"3149065","seamark:obstruction:category":"foul_area","seamark:obstruction:water_level":"submerged","seamark:type":"obstruction","source":"LINZ;Stewart Island/Rakiura Chart;Chart NZ69","source:date":"2016-07-01"}}},{"type":"Feature","geometry":{"type":"LineString","coordinates":[[167.7204183,-46.2690557],[167.7191383,-46.2690222],[167.7181722,-46.2688882],[167.7171095,-46.26857],[167.7165541,-46.2682852],[167.7157087,-46.2676488],[167.7150325,-46.2672803],[167.7141389,-46.267163],[167.7123758,-46.267096],[167.7116754,-46.2669788],[167.7113856,-46.2668783],[167.7108301,-46.2665098],[167.7103712,-46.2659738],[167.7102022,-46.2656723],[167.7100573,-46.2650358],[167.7099607,-46.2627744],[167.7098641,-46.2624562],[167.7096708,-46.2622049],[167.7094293,-46.2620541],[167.7088738,-46.2618196],[167.7081976,-46.2616186],[167.7070383,-46.2614678],[167.7060481,-46.2612668],[167.7054202,-46.260848],[167.7048405,-46.260178],[167.7046473,-46.2598597],[167.7045024,-46.2592901],[167.7044541,-46.2587875],[167.7043333,-46.258285],[167.7040677,-46.2579667],[167.7035605,-46.2577824],[167.7026186,-46.2576986],[167.7017733,-46.2575311],[167.7011453,-46.2572463],[167.6998653,-46.2563752],[167.69902,-46.2562076],[167.696629,-46.2560736],[167.6961942,-46.2559731],[167.6956388,-46.255705],[167.6953248,-46.2554537],[167.6949384,-46.2549679],[167.6945761,-46.2541805],[167.6943346,-46.2533595],[167.6942138,-46.2521197],[167.6940206,-46.2515668],[167.6937549,-46.2511647],[167.6932719,-46.2508129],[167.6928613,-46.2505951],[167.6923783,-46.2504108],[167.6913398,-46.2501762],[167.690253,-46.2500757],[167.6897941,-46.2499584],[167.6892627,-46.2496735],[167.6889246,-46.2492547],[167.6887797,-46.2489531],[167.6886831,-46.2486515],[167.6886589,-46.2483164],[167.6887314,-46.2478472],[167.6889246,-46.2471435],[167.6892386,-46.2462554],[167.68692,-46.2445965],[167.6806165,-46.2415467],[167.6792157,-46.2410105],[167.6777183,-46.2405748],[167.6769696,-46.2402899],[167.6761243,-46.2397704],[167.6753031,-46.2391671],[167.674965,-46.2389827],[167.6720909,-46.2379772],[167.6712698,-46.2374912],[167.6696758,-46.2360332],[167.669072,-46.2355472],[167.6662946,-46.2339885],[167.6658598,-46.2338042],[167.6647489,-46.2334857],[167.6618507,-46.2328153],[167.6610295,-46.2324298],[167.6604499,-46.2318935],[167.6602325,-46.2315583],[167.6597736,-46.2302007],[167.6595321,-46.2297649],[167.6589042,-46.2290609],[167.6580347,-46.2285748],[167.6575275,-46.2283904],[167.6559094,-46.2279882],[167.6548225,-46.2275859],[167.6543154,-46.2273344],[167.6539048,-46.227016],[167.6535667,-46.2266807],[167.6533493,-46.2262784],[167.6530836,-46.2254403],[167.6530353,-46.225038],[167.6530353,-46.2242669],[167.6529629,-46.2239317],[167.6528421,-46.2236635],[167.6526247,-46.2234455],[167.6523349,-46.2232779],[167.6515379,-46.2230767],[167.6481809,-46.2229594],[167.6475771,-46.2228421],[167.646925,-46.2225403],[167.6463453,-46.2220374],[167.6461521,-46.2217357],[167.6454034,-46.2199084],[167.6450411,-46.2192881],[167.6446789,-46.2189361],[167.6441958,-46.2187684],[167.643109,-46.2186678],[167.6419256,-46.2184834],[167.6411286,-46.2182152],[167.6407422,-46.2179972],[167.6395829,-46.2170919],[167.6388825,-46.2164046],[167.6375783,-46.2148957],[167.6373368,-46.2146945],[167.6368779,-46.2144597],[167.6358152,-46.2143424],[167.6331344,-46.2142921],[167.6324099,-46.2141244],[167.63212,-46.2139735],[167.6317095,-46.2136047],[167.6316128,-46.2134538],[167.6314196,-46.2130514],[167.6310091,-46.2119113],[167.6306709,-46.2113412],[167.6301879,-46.210922],[167.6298981,-46.2107544],[167.6291977,-46.2105029],[167.6288113,-46.2104358],[167.627024,-46.2103016],[167.6259131,-46.2100669],[167.6253334,-46.209916],[167.6246572,-46.2096477],[167.6243191,-46.2094297],[167.6237394,-46.2088261],[167.6233047,-46.2082895],[167.6229424,-46.2077362],[167.6228217,-46.2074344],[167.6226768,-46.206814],[167.6225318,-46.2065289],[167.6223628,-46.2062774],[167.6218798,-46.2058749],[167.6215899,-46.2057408],[167.6209137,-46.2056402],[167.6202133,-46.2056737],[167.6192472,-46.2058246],[167.6183778,-46.2058917],[167.6173392,-46.2058582],[167.6169528,-46.2057743],[167.6163249,-46.2055396],[167.6154071,-46.2049023],[167.614586,-46.2040136],[167.6138373,-46.2029571],[167.613475,-46.2025547],[167.6130886,-46.2022696],[167.6127021,-46.2020851],[167.6122191,-46.2019677],[167.6116395,-46.2018671],[167.6089586,-46.2015988],[167.6078718,-46.2012969],[167.6074612,-46.2010622],[167.6071473,-46.2007938],[167.6069058,-46.200492],[167.6067608,-46.2001733],[167.6066884,-46.1998212],[167.6065676,-46.198513],[167.6064952,-46.1982447],[167.6063261,-46.1979932],[167.6061571,-46.1978925],[167.6058914,-46.1977919],[167.6050944,-46.1976913],[167.6025826,-46.1975739],[167.601206,-46.1974565],[167.5997569,-46.1973223],[167.5967138,-46.1969366],[167.592922,-46.1966011],[167.5918835,-46.196467],[167.5910381,-46.1962657],[167.5906759,-46.1961483],[167.5903378,-46.1959638],[167.5897098,-46.1954271],[167.589106,-46.194773],[167.58814,-46.1934816],[167.5877535,-46.1931461],[167.587198,-46.1929784],[167.5842757,-46.1927604],[167.5838651,-46.1926933],[167.5834062,-46.1925423],[167.5823919,-46.1920391],[167.5796627,-46.1905296],[167.5772717,-46.1893387],[167.57604,-46.18902],[167.5728761,-46.1886342],[167.5694949,-46.1883658],[167.5691085,-46.1882987],[167.5682873,-46.1880303],[167.5673937,-46.1875774],[167.5666692,-46.1870071],[167.5661137,-46.1863529],[167.5652925,-46.1849102],[167.5648578,-46.1845747],[167.5643023,-46.1843567],[167.5635778,-46.1842225],[167.5612351,-46.1839541],[167.5600516,-46.1837192],[167.5593512,-46.1834843],[167.5579746,-46.1826456],[167.5574916,-46.182243],[167.5569119,-46.1818739],[167.5560908,-46.1815216],[167.5555836,-46.1813706],[167.5545451,-46.1812028],[167.5494008,-46.1811022],[167.5485313,-46.1810351],[167.5478792,-46.1808841],[167.5472754,-46.1806492],[167.5466233,-46.1802298],[167.5454882,-46.1787703],[167.5449327,-46.1782334],[167.5442082,-46.1778811],[167.5433387,-46.1776965],[167.5423727,-46.1776126],[167.5402232,-46.1775287],[167.5396918,-46.1774449],[167.5391846,-46.1772939],[167.5387499,-46.1770758],[167.5383393,-46.176757],[167.5375906,-46.1761027],[167.5369868,-46.1754987],[167.5366729,-46.175247],[167.5363348,-46.1750624],[167.5354653,-46.174945],[167.5338954,-46.1749282],[167.5321565,-46.174794],[167.5303693,-46.1748611],[167.5292583,-46.1748108],[167.5287753,-46.1747437],[167.5278575,-46.1745255],[167.5270605,-46.17419],[167.5263843,-46.173737],[167.5246212,-46.1719081],[167.5242831,-46.1716564],[167.5239208,-46.1714718],[167.5234619,-46.1713376],[167.5229789,-46.1712705],[167.5202015,-46.171153],[167.5196218,-46.1710691],[167.5190422,-46.1709349],[167.5165304,-46.1699114],[167.5157093,-46.1696261],[167.5133666,-46.1690724],[167.5130526,-46.1689381],[167.5127145,-46.16872],[167.5102027,-46.1665385],[167.5097921,-46.1662868],[167.5086087,-46.1658505],[167.5069906,-46.1654814],[167.5055656,-46.16528],[167.5024259,-46.1652129],[167.5019187,-46.1651625],[167.5011459,-46.1649947],[167.5008802,-46.1648772],[167.5001073,-46.1646759],[167.4996968,-46.1646255],[167.4992862,-46.1646255],[167.4967261,-46.1648605],[167.4956876,-46.164894],[167.4947698,-46.1648437],[167.4943351,-46.164743],[167.4935623,-46.1644242],[167.492886,-46.1639207],[167.4925962,-46.1636186],[167.4918716,-46.1626621],[167.4914369,-46.1622593],[167.4910988,-46.1621419],[167.4905433,-46.1620412],[167.4897705,-46.1619908],[167.486824,-46.1619237],[167.4861236,-46.1618566],[167.4851092,-46.1616384],[167.4823318,-46.1606482],[167.4818246,-46.1605308],[167.4813898,-46.1604804],[167.4804238,-46.1604804],[167.4756176,-46.160665],[167.4741685,-46.160514],[167.4737821,-46.1603629],[167.47313,-46.1599434],[167.4725504,-46.1593895],[167.4717051,-46.1583658],[167.4712945,-46.1580469],[167.470739,-46.1578287],[167.4700144,-46.1577112],[167.4692174,-46.1576944],[167.4670438,-46.1579126],[167.4666091,-46.1578958],[167.4656672,-46.1577448],[167.4647494,-46.1574763],[167.4638799,-46.157107],[167.4636384,-46.1569392],[167.4634211,-46.1566539],[167.4632761,-46.1562846],[167.4632278,-46.1558315],[167.4632761,-46.1551769]]},"properties":{"osm_id":1051471335,"osm_type":"way","seamark_type":"water_turbulence","display_class":"OTHER","min_zoom":12,"importance":1,"name":null,"ref":null,"common":{"type":"water_turbulence"},"children":{"water_turbulence":{"category":"breakers"}},"osm_tags":{"ref:linz:hydrographic_id":"3148663","seamark:type":"water_turbulence","seamark:water_turbulence:category":"breakers","source":"LINZ;Stewart Island/Rakiura Chart;Chart NZ69","source:date":"2016-07-01"}}},{"type":"Feature","geometry":{"type":"LineString","coordinates":[[167.2901406,-46.2463625],[167.2898835,-46.2472899],[167.2891124,-46.2481816],[167.2882384,-46.2489663],[167.2873644,-46.2493586],[167.2864389,-46.249858],[167.2858734,-46.2503216],[167.2852051,-46.251035],[167.2846909,-46.2517839],[167.2837141,-46.2521763],[167.282326,-46.2521406],[167.281452,-46.2520693],[167.2801153,-46.2518553],[167.2791899,-46.2514629],[167.2781617,-46.2513203],[167.2773905,-46.2517839],[167.2766193,-46.2521763],[167.2755397,-46.2531035],[167.2734832,-46.2539238],[167.2722493,-46.2542091],[167.2715295,-46.2540308],[167.2709126,-46.2538168],[167.2692674,-46.2537455],[167.2681364,-46.2540665],[167.2672109,-46.2544944],[167.2662855,-46.2551007],[167.2649488,-46.2551007],[167.2623782,-46.2546728],[167.2612986,-46.2545658],[167.2596534,-46.255279],[167.2581625,-46.2563489],[167.2557461,-46.2570621],[167.2503479,-46.2576327],[167.2487541,-46.2576684],[167.2478287,-46.2575971],[167.2467577,-46.2572308],[167.2449809,-46.257354],[167.244359,-46.2574773],[167.2422269,-46.2588329],[167.2406278,-46.2593875],[167.2386733,-46.2595108],[167.237163,-46.2589562],[167.2350309,-46.2576621],[167.2324616,-46.2563508]]},"properties":{"osm_id":1051471337,"osm_type":"way","seamark_type":"water_turbulence","display_class":"OTHER","min_zoom":12,"importance":1,"name":null,"ref":null,"common":{"type":"water_turbulence"},"children":{"water_turbulence":{"category":"breakers"}},"osm_tags":{"ref:linz:hydrographic_id":"3252810","seamark:type":"water_turbulence","seamark:water_turbulence:category":"breakers","source":"LINZ;Stewart Island/Rakiura Chart;Chart NZ69","source:date":"2016-07-01"}}},{"type":"Feature","geometry":{"type":"Point","coordinates":[167.6661887,-46.8912694]},"properties":{"osm_id":9271466631,"osm_type":"node","seamark_type":"rock","display_class":"OTHER","min_zoom":12,"importance":1,"name":"Look-out-for-Reef","ref":null,"common":{"type":"rock"},"children":{"rock":{"water_level":"covers"}},"osm_tags":{"depth":"-1.3","depth:exposition":"shoaler","depth:source_quality":"known","name":"Look-out-for-Reef","natural":"rock","ref:linz:hydrographic_id":"3149888","ref:linz:place_id":"14563","seamark:rock:water_level":"covers","seamark:type":"rock","source":"LINZ;Stewart Island/Rakiura Chart;Chart NZ69","source:date":"2016-07-01","wikidata":"Q32248594"}}},{"type":"Feature","geometry":{"type":"Point","coordinates":[167.320173,-46.915813]},"properties":{"osm_id":11052525427,"osm_type":"node","seamark_type":"sea_area","display_class":"OTHER","min_zoom":12,"importance":1,"name":"Mason Canyon","ref":null,"common":{"type":"sea_area"},"children":{"sea_area":{"category":"canyon"}},"osm_tags":{"name":"Mason Canyon","ref:linz:place_id":"14585","seamark:sea_area:category":"canyon","seamark:type":"sea_area","wikidata":"Q125845399"}}},{"type":"Feature","geometry":{"type":"Polygon","coordinates":[[[167.6641934,-46.8558159],[167.6654427,-46.855539],[167.6670609,-46.8550585],[167.6718912,-46.8542467],[167.6739023,-46.8537449],[167.6755205,-46.8535461],[167.6766556,-46.8534798],[167.6773077,-46.8535461],[167.6776941,-46.8537118],[167.6779598,-46.853894],[167.678153,-46.854126],[167.6782496,-46.854358],[167.6782496,-46.8549047],[167.678153,-46.855468],[167.6780081,-46.8557828],[167.6776217,-46.856313],[167.6774284,-46.8564952],[167.6769696,-46.8569094],[167.6759552,-46.8576715],[167.675931,-46.8583176],[167.6758344,-46.8587649],[167.6756171,-46.8591791],[167.675448,-46.8593448],[167.6751745,-46.8597658],[167.6745466,-46.860064],[167.6725178,-46.8608592],[167.6715759,-46.8611739],[167.6703442,-46.8614721],[167.6696679,-46.861704],[167.6689434,-46.86182],[167.6679369,-46.8617303],[167.6659806,-46.8617469],[167.6620197,-46.8622439],[167.6606914,-46.862774],[167.6575517,-46.8644802],[167.6564407,-46.8650268],[167.6538565,-46.8661864],[167.6516345,-46.8670477],[167.6478669,-46.8682238],[167.6461395,-46.8686533],[167.6451734,-46.868703],[167.6448111,-46.8686698],[167.6445213,-46.868587],[167.6437968,-46.8682061],[167.6434345,-46.8678416],[167.6433138,-46.8676263],[167.6431447,-46.8670466],[167.6430964,-46.8665662],[167.6431447,-46.8659864],[167.6436277,-46.86486],[167.6439843,-46.8642643],[167.6446847,-46.8632869],[167.6457474,-46.8620279],[167.6462304,-46.8615309],[167.6467559,-46.8612499],[167.6475288,-46.8605541],[167.6508617,-46.8580857],[167.6513044,-46.8574454],[167.6513768,-46.8571637],[167.6514251,-46.8563519],[167.6513768,-46.8556727],[167.6514025,-46.8550079],[167.6514508,-46.8547594],[167.6516923,-46.8541629],[167.6519821,-46.8537322],[167.6532044,-46.8528999],[167.6547359,-46.8530284],[167.6551223,-46.8531444],[167.6556536,-46.8533764],[167.6562816,-46.8537243],[167.6578031,-46.8546687],[167.6585277,-46.8550498],[167.6591798,-46.8553314],[167.6598077,-46.8555137],[167.6614983,-46.8557953],[167.6626477,-46.8557],[167.6641934,-46.8558159]]]},"properties":{"osm_id":1051471332,"osm_type":"way","seamark_type":"water_turbulence","display_class":"OTHER","min_zoom":12,"importance":1,"name":"Mason Shallows","ref":null,"common":{"type":"water_turbulence"},"children":{"sea_area":{"category":"shoal"},"water_turbulence":{"category":"breakers"}},"osm_tags":{"description":"May break","name":"Mason Shallows","natural":"shoal","ref:linz:hydrographic_id":"3148411","ref:linz:place_id":"14586","seamark:sea_area:category":"shoal","seamark:type":"water_turbulence","seamark:water_turbulence:category":"breakers","source":"LINZ;Stewart Island/Rakiura Chart;Chart NZ69","source:date":"2016-07-01"}}},{"type":"Feature","geometry":{"type":"Polygon","coordinates":[[[167.4482538,-46.2579164],[167.4485678,-46.258888],[167.4486403,-46.2592901],[167.4486403,-46.2594911],[167.448592,-46.2596084],[167.4483021,-46.2600104],[167.4463459,-46.2623054],[167.4456213,-46.2632435],[167.4452349,-46.2638967],[167.4450175,-46.2646003],[167.4448485,-46.266627],[167.4447277,-46.2671798],[167.4436892,-46.2680843],[167.4433511,-46.268905],[167.4432062,-46.2691227],[167.4429888,-46.2693237],[167.4424092,-46.2696754],[167.4401631,-46.2706469],[167.438883,-46.2710153],[167.4381343,-46.2711493],[167.4372496,-46.2714415],[167.4358488,-46.2715755],[167.4343272,-46.271475],[167.4337959,-46.2713578],[167.4335544,-46.2712573],[167.4331438,-46.2709725],[167.4329747,-46.2707716],[167.4327727,-46.2695582],[167.4325794,-46.2688715],[167.4336663,-46.2673305],[167.4350671,-46.265622],[167.4354776,-46.265019],[167.436178,-46.2638967],[167.4382551,-46.2600774],[167.4384241,-46.2598597],[167.4395834,-46.2586703],[167.4401148,-46.2579164],[167.4408151,-46.2572463],[167.4425541,-46.2560401],[167.443496,-46.2555878],[167.4439307,-46.255437],[167.4443654,-46.2553365],[167.4451383,-46.2552527],[167.4457904,-46.2552694],[167.4464183,-46.2553867],[167.4476501,-46.2558558],[167.4479399,-46.2560233],[167.4481089,-46.2562244],[167.4484229,-46.2567437],[167.4485437,-46.2570788],[167.4485437,-46.2573636],[167.4482538,-46.2579164]]]},"properties":{"osm_id":1051471336,"osm_type":"way","seamark_type":"water_turbulence","display_class":"OTHER","min_zoom":12,"importance":1,"name":"Mid Bay Reef","ref":null,"common":{"type":"water_turbulence"},"children":{"water_turbulence":{"category":"breakers"}},"osm_tags":{"name":"Mid Bay Reef","natural":"reef","ref:linz:hydrographic_id":"3148763","ref:linz:place_id":"14605","seamark:type":"water_turbulence","seamark:water_turbulence:category":"breakers","source":"LINZ;Stewart Island/Rakiura Chart;Chart NZ69","source:date":"2016-07-01","wikidata":"Q32277233"}}},{"type":"Feature","geometry":{"type":"Point","coordinates":[167.7365,-46.345]},"properties":{"osm_id":9270833128,"osm_type":"node","seamark_type":"signal_station_warning","display_class":"OTHER","min_zoom":12,"importance":1,"name":"Ruahine Road","ref":null,"common":{"type":"signal_station_warning"},"children":{"signal_station_warning":{"category":"tide_gauge"}},"osm_tags":{"man_made":"monitoring_station","monitoring:tide_gauge":"yes","name":"Ruahine Road","ref:linz:hydrographic_id":"tg1220","seamark:signal_station_warning:category":"tide_gauge","seamark:type":"signal_station_warning","source":"LINZ","website":"https://data.linz.govt.nz/layer/52101"}}}],"type":"FeatureCollection"}